{
    "title": "Large Language Models for Information Retrieval: A Survey",
    "sections": [
        {
            "section title": "Introduction",
            "description": "Introduce the topic of large language models (LLMs) and their significance in information retrieval. Discuss the purpose and scope of the survey, highlighting the focus on transformer-based models and their role in enhancing semantic search capabilities.",
            "subsections": [
                {
                    "subsection title": "Purpose and Scope of the Survey",
                    "description": "Outline the objectives and coverage of the survey, explaining its focus on LLMs and information retrieval."
                },
                {
                    "subsection title": "Structure of the Survey",
                    "description": "Provide an overview of the organization and sections of the survey paper."
                }
            ]
        },
        {
            "section title": "Background",
            "description": "Provide an overview of information retrieval systems and the evolution of search technologies, discussing traditional methods and their limitations in understanding semantic nuances.",
            "subsections": [
                {
                    "subsection title": "Evolution of Information Retrieval Systems",
                    "description": "Trace the development of information retrieval systems from statistical to neural language models."
                },
                {
                    "subsection title": "Limitations of Traditional Search Technologies",
                    "description": "Discuss the challenges faced by traditional search technologies in capturing semantic meaning."
                }
            ]
        },
        {
            "section title": "Definitions and Core Concepts",
            "description": "Define key terms and explain the fundamental principles of transformer models and their application in NLP tasks.",
            "subsections": [
                {
                    "subsection title": "Large Language Models and Their Operational Principles",
                    "description": "Define LLMs and outline their operational principles in the context of information retrieval."
                },
                {
                    "subsection title": "Semantic Search and Transformer Models",
                    "description": "Explain the concept of semantic search and how transformer models facilitate it."
                },
                {
                    "subsection title": "Natural Language Processing and Its Applications",
                    "description": "Discuss the role of NLP in information retrieval and other related applications."
                }
            ]
        },
        {
            "section title": "Large Language Models in Information Retrieval",
            "description": "Examine the application of LLMs in information retrieval, highlighting their ability to improve semantic search.",
            "subsections": [
                {
                    "subsection title": "Enhancements in Query Rewriting and Reformulation",
                    "description": "Discuss how LLMs enhance query rewriting and reformulation processes."
                },
                {
                    "subsection title": "Case Studies and Benchmark Evaluations",
                    "description": "Provide examples and case studies of successful LLM integration in search systems."
                }
            ]
        },
        {
            "section title": "Transformer Models and Semantic Search",
            "description": "Explore the architecture of transformer models and their role in semantic search.",
            "subsections": [
                {
                    "subsection title": "Architecture of Transformer Models",
                    "description": "Detail the structure and components of transformer models."
                },
                {
                    "subsection title": "Enhancing Semantic Search with Transformers",
                    "description": "Discuss how transformers improve semantic search by capturing complex language patterns."
                }
            ]
        },
        {
            "section title": "Challenges and Limitations",
            "description": "Identify the challenges and limitations associated with using LLMs for information retrieval.",
            "subsections": [
                {
                    "subsection title": "Computational Complexity and Scalability",
                    "description": "Examine the computational demands and scalability issues of LLMs."
                },
                {
                    "subsection title": "Data Dependency and Quality",
                    "description": "Discuss the reliance on large datasets and the impact of data quality on LLM performance."
                },
                {
                    "subsection title": "Bias and Ethical Considerations",
                    "description": "Address potential biases and ethical issues in deploying LLMs."
                }
            ]
        },
        {
            "section title": "Future Directions",
            "description": "Discuss emerging trends and future directions in the application of LLMs for information retrieval.",
            "subsections": [
                {
                    "subsection title": "Optimizing Model Efficiency",
                    "description": "Explore advancements aimed at improving the efficiency of LLMs."
                },
                {
                    "subsection title": "Exploration of Multilingual and Multimodal Capabilities",
                    "description": "Highlight efforts to expand LLM capabilities across languages and modalities."
                }
            ]
        },
        {
            "section title": "Conclusion",
            "description": "Summarize the key findings of the survey and reflect on the impact of LLMs on information retrieval.",
            "subsections": []
        }
    ]
}