{
    "title": "Large Language Models for Information Retrieval: A Survey",
    "key_words": "Large Language Models for Information Retrieval: A Survey,natural language processing, semantic search, transformer models",
    "topic": "\"Large Language Models for Information Retrieval: A Survey\" is a comprehensive examination of the application of large-scale transformer-based models, such as those used in natural language processing, to enhance semantic search capabilities by improving the understanding and retrieval of information based on the contextual and semantic nuances of user queries.",
    "mid": 0,
    "task_id": "t10"
}