{
    "from": null,
    "scholar_id": null,
    "detail_id": null,
    "title": "A comprehensive survey of compression algorithms for language models",
    "abstract": "How can we compress language models without sacrificing accuracy? The number of compression algorithms for language models is rapidly growing to benefit from remarkable advances of recent language models without side effects due to the gigantic size of language models, such as increased carbon emissions and expensive maintenance fees. While numerous compression algorithms have shown remarkable progress in compressing language models, it ironically becomes challenging to capture emerging trends and identify the fundamental concepts underlying them due to the excessive number of algorithms. In this paper, we survey and summarize diverse compression algorithms including pruning, quantization, knowledge distillation, low-rank approximation, parameter sharing, and efficient architecture design. We not only summarize the overall trend of diverse compression algorithms but also select representative algorithms and provide in-depth analyses of them. We discuss the value of each category of compression algorithms, and the desired properties of low-cost compression algorithms which have a significant impact due to the emergence of large language models. Finally, we introduce promising future research topics based on our survey results.",
    "arxivid": "2401.15347v1",
    "bib_name": "Acomprehen28",
    "md_text": "# A comprehensive survey of compression algorithms for language models\n\n\nabstract\n\nHow can we compress language models without sacrificing accuracy? The number of compression algorithms for language models is rapidly growing to benefit from remarkable advances of recent language models without side effects due to the gigantic size of language models, such as increased carbon emissions and expensive maintenance fees. While numerous compression algorithms have shown remarkable progress in compressing language models, it ironically becomes challenging to capture emerging trends and identify the fundamental concepts underlying them due to the excessive number of algorithms. In this paper, we survey and summarize diverse compression algorithms including pruning, quantization, knowledge distillation, low-rank approximation, parameter sharing, and efficient architecture design. We not only summarize the overall trend of diverse compression algorithms but also select representative algorithms and provide in-depth analyses of them. We discuss the value of each category of compression algorithms, and the desired properties of low-cost compression algorithms which have a significant impact due to the emergence of large language models. Finally, we introduce promising future research topics based on our survey results.",
    "paper_type": "survey",
    "attri": {
        "background": {
            "purpose": "The survey aims to explore how to compress language models effectively without sacrificing accuracy, addressing the growing concern of the size of language models leading to increased carbon emissions and maintenance costs.",
            "scope": "The survey includes various compression techniques such as pruning, quantization, knowledge distillation, low-rank approximation, parameter sharing, and efficient architecture design. It excludes unrelated algorithms and methods that do not pertain to compression of language models to maintain focus on relevant advancements."
        },
        "problem": {
            "definition": "The core issue explored in the survey is the challenge of compressing large language models while retaining their accuracy and effectiveness.",
            "key obstacle": "The primary challenge is the overwhelming number of existing compression algorithms, making it difficult to identify emerging trends and fundamental concepts within the field."
        },
        "architecture": {
            "perspective": "The survey categorizes existing research into distinct compression techniques, providing a framework for understanding their effectiveness and applications.",
            "fields/stages": "The survey organizes the current methods into categories such as pruning, quantization, knowledge distillation, low-rank approximation, parameter sharing, and efficient architecture design, based on their approaches to model compression."
        },
        "conclusion": {
            "comparisions": "The survey compares different compression methods in terms of their effectiveness, approaches, and outcomes, highlighting the strengths and weaknesses of each.",
            "results": "Key takeaways include the identification of effective compression techniques and the importance of considering the desired properties of low-cost compression algorithms in the context of large language models."
        },
        "discussion": {
            "advantage": "The existing research has achieved significant progress in developing various compression algorithms that enhance the efficiency of language models while maintaining accuracy.",
            "limitation": "Current studies often fall short in providing a unified framework to understand the plethora of algorithms, leading to confusion and difficulty in identifying the most effective methods.",
            "gaps": "Unanswered questions remain regarding the optimal combination of compression techniques and their long-term impact on model performance.",
            "future work": "Future research should focus on developing integrated approaches that combine multiple compression techniques and explore new trends in model efficiency and sustainability."
        },
        "other info": {
            "info1": "The survey summarizes the overall trends in compression algorithms and selects representative algorithms for in-depth analysis.",
            "info2": {
                "info2.1": "The paper discusses the value of each category of compression algorithms.",
                "info2.2": "Promising future research topics are introduced based on the survey results."
            }
        }
    },
    "mount_outline": [
        {
            "section number": "1.1",
            "key information": "Pruning is crucial for model compression and network optimization, particularly in the context of large language models where size leads to increased carbon emissions and maintenance costs."
        },
        {
            "section number": "1.2",
            "key information": "The survey includes various compression techniques such as pruning, quantization, knowledge distillation, low-rank approximation, parameter sharing, and efficient architecture design."
        },
        {
            "section number": "1.3",
            "key information": "The survey categorizes existing research into distinct compression techniques, providing a framework for understanding their effectiveness and applications."
        },
        {
            "section number": "2.2",
            "key information": "The core issue explored is the challenge of compressing large language models while retaining their accuracy and effectiveness."
        },
        {
            "section number": "2.4",
            "key information": "The existing research has achieved significant progress in developing various compression algorithms that enhance the efficiency of language models while maintaining accuracy."
        },
        {
            "section number": "3",
            "key information": "The survey organizes the current methods into categories such as pruning, quantization, knowledge distillation, low-rank approximation, parameter sharing, and efficient architecture design."
        },
        {
            "section number": "4.1",
            "key information": "The survey compares different compression methods in terms of their effectiveness, approaches, and outcomes, highlighting the strengths and weaknesses of each."
        },
        {
            "section number": "5.3",
            "key information": "Unanswered questions remain regarding the optimal combination of compression techniques and their long-term impact on model performance."
        },
        {
            "section number": "6.1",
            "key information": "Future research should focus on developing integrated approaches that combine multiple compression techniques and explore new trends in model efficiency and sustainability."
        }
    ],
    "similarity_score": null,
    "image": null,
    "path": "/home/liudingyuan/code/SurveyX/code/SurveyX-main/outputs/t14b/papers/A comprehensive survey of compression algorithms for language models.json"
}