{
    "from": null,
    "scholar_id": null,
    "detail_id": null,
    "title": "A fast post-training pruning framework for transformers",
    "abstract": "Pruning is an effective way to reduce the huge inference cost of Transformer models. However, prior work on pruning Transformers requires retraining the models. This can add high training cost and high complexity to model deployment, making it difficult to use in many practical situations. To address this, we propose a fast post-training pruning framework for Transformers that does not require any retraining. Given a resource constraint and a sample dataset, our framework automatically prunes the Transformer model using structured sparsity methods. To retain high accuracy without retraining, we introduce three novel techniques: (i) a lightweight mask search algorithm that finds which heads and filters to prune based on the Fisher information; (ii) mask rearrangement that complements the search algorithm; and (iii) mask tuning that reconstructs the output activations for each layer. We apply our method to BERT-base and DistilBERT, and we evaluate its effectiveness on GLUE and SQuAD benchmarks. Our framework achieves up to 2.0x reduction in FLOPs and 1.56x speedup in inference latency, while maintaining<1% loss in accuracy. Importantly, our framework prunes Transformers in less than 3 minutes on a single GPU, which is over two orders of magnitude faster than existing pruning approaches that retrain the models.",
    "arxivid": "2204.09656v2",
    "bib_name": "Afastpost-113",
    "md_text": "# A fast post-training pruning framework for transformers\n\n\nabstract\n\nPruning is an effective way to reduce the huge inference cost of Transformer models. However, prior work on pruning Transformers requires retraining the models. This can add high training cost and high complexity to model deployment, making it difficult to use in many practical situations. To address this, we propose a fast post-training pruning framework for Transformers that does not require any retraining. Given a resource constraint and a sample dataset, our framework automatically prunes the Transformer model using structured sparsity methods. To retain high accuracy without retraining, we introduce three novel techniques: (i) a lightweight mask search algorithm that finds which heads and filters to prune based on the Fisher information; (ii) mask rearrangement that complements the search algorithm; and (iii) mask tuning that reconstructs the output activations for each layer. We apply our method to BERT-base and DistilBERT, and we evaluate its effectiveness on GLUE and SQuAD benchmarks. Our framework achieves up to 2.0x reduction in FLOPs and 1.56x speedup in inference latency, while maintaining<1% loss in accuracy. Importantly, our framework prunes Transformers in less than 3 minutes on a single GPU, which is over two orders of magnitude faster than existing pruning approaches that retrain the models.",
    "paper_type": "method",
    "attri": {
        "background": "Pruning is an effective way to reduce the huge inference cost of Transformer models. However, prior work on pruning Transformers requires retraining the models, adding high training costs and complexity to model deployment, making it difficult to use in many practical situations.",
        "problem": {
            "definition": "The paper aims to solve the problem of high inference costs associated with Transformer models due to the necessity of retraining during pruning.",
            "key obstacle": "The core obstacle is the high training cost and complexity involved in existing pruning methods that require retraining, which limits their practical application."
        },
        "idea": {
            "intuition": "The idea is inspired by the need for a pruning method that can effectively reduce the inference cost of Transformers without the burden of retraining.",
            "opinion": "The proposed idea is a fast post-training pruning framework that prunes Transformer models using structured sparsity methods without requiring retraining.",
            "innovation": "The key innovation lies in the introduction of three novel techniques: a lightweight mask search algorithm based on Fisher information, mask rearrangement, and mask tuning to reconstruct output activations."
        },
        "method": {
            "method name": "Fast Post-Training Pruning Framework",
            "method abbreviation": "FPTPF",
            "method definition": "A framework that automatically prunes Transformer models using structured sparsity methods without requiring any retraining.",
            "method description": "The method prunes Transformers in less than 3 minutes on a single GPU, achieving significant reductions in FLOPs and inference latency while maintaining accuracy.",
            "principle": "The effectiveness of the method is supported by the novel techniques that optimize the pruning process, allowing for a significant reduction in model complexity without the need for retraining."
        },
        "experiments": {
            "evaluation setting": "The method was applied to BERT-base and DistilBERT, evaluated on GLUE and SQuAD benchmarks.",
            "evaluation method": "The performance of the method was assessed by measuring reductions in FLOPs, speedup in inference latency, and accuracy loss."
        },
        "conclusion": "The framework achieves up to 2.0x reduction in FLOPs and 1.56x speedup in inference latency while maintaining less than 1% loss in accuracy, demonstrating its effectiveness and efficiency compared to existing approaches.",
        "discussion": {
            "advantage": "The primary advantage is the ability to prune Transformer models quickly without retraining, significantly reducing inference costs and deployment complexity.",
            "limitation": "The limitation may include potential challenges in maintaining accuracy across diverse model architectures beyond those tested.",
            "future work": "Future research could explore improving the pruning techniques and extending the framework to other model architectures and applications."
        },
        "other info": []
    },
    "mount_outline": [
        {
            "section number": "1.1",
            "key information": "Pruning is an effective way to reduce the huge inference cost of Transformer models."
        },
        {
            "section number": "1.2",
            "key information": "The paper aims to solve the problem of high inference costs associated with Transformer models due to the necessity of retraining during pruning."
        },
        {
            "section number": "2.2",
            "key information": "The proposed idea is a fast post-training pruning framework that prunes Transformer models using structured sparsity methods without requiring retraining."
        },
        {
            "section number": "3.5",
            "key information": "The key innovation lies in the introduction of three novel techniques: a lightweight mask search algorithm based on Fisher information, mask rearrangement, and mask tuning to reconstruct output activations."
        },
        {
            "section number": "4.1",
            "key information": "The performance of the method was assessed by measuring reductions in FLOPs, speedup in inference latency, and accuracy loss."
        },
        {
            "section number": "5.1",
            "key information": "The method prunes Transformers in less than 3 minutes on a single GPU, achieving significant reductions in FLOPs and inference latency while maintaining accuracy."
        },
        {
            "section number": "6.1",
            "key information": "Future research could explore improving the pruning techniques and extending the framework to other model architectures and applications."
        }
    ],
    "similarity_score": null,
    "image": null,
    "path": "/home/liudingyuan/code/SurveyX/code/SurveyX-main/outputs/t14b/papers/A fast post-training pruning framework for transformers.json"
}