{
    "from": null,
    "scholar_id": null,
    "detail_id": null,
    "title": "A gradient flow framework for analyzing network pruning",
    "abstract": "Recent network pruning methods focus on pruning models early-on in training. To estimate the impact of removing a parameter, these methods use importance measures that were originally designed to prune trained models. Despite lacking justification for their use early-on in training, such measures result in surprisingly low accuracy loss. To better explain this behavior, we develop a general gradient flow based framework that unifies state-of-the-art importance measures through the norm of model parameters. We use this framework to determine the relationship between pruning measures and evolution of model parameters, establishing several results related to pruning models early-on in training: (i) magnitude-based pruning removes parameters that contribute least to reduction in loss, resulting in models that converge faster than magnitude-agnostic methods; (ii) loss-preservation based pruning preserves first-order model evolution dynamics and is therefore appropriate for pruning minimally trained models; and (iii) gradient-norm based pruning affects second-order model evolution dynamics, such that increasing gradient norm via pruning can produce poorly performing models. We validate our claims on several VGG-13, MobileNet-V1, and ResNet-56 models trained on CIFAR-10 and CIFAR-100. Code available at this https URL.",
    "arxivid": "2009.11839v4",
    "bib_name": "Agradientf119",
    "md_text": "# A gradient flow framework for analyzing network pruning\n\n\nabstract\n\nRecent network pruning methods focus on pruning models early-on in training. To estimate the impact of removing a parameter, these methods use importance measures that were originally designed to prune trained models. Despite lacking justification for their use early-on in training, such measures result in surprisingly low accuracy loss. To better explain this behavior, we develop a general gradient flow based framework that unifies state-of-the-art importance measures through the norm of model parameters. We use this framework to determine the relationship between pruning measures and evolution of model parameters, establishing several results related to pruning models early-on in training: (i) magnitude-based pruning removes parameters that contribute least to reduction in loss, resulting in models that converge faster than magnitude-agnostic methods; (ii) loss-preservation based pruning preserves first-order model evolution dynamics and is therefore appropriate for pruning minimally trained models; and (iii) gradient-norm based pruning affects second-order model evolution dynamics, such that increasing gradient norm via pruning can produce poorly performing models. We validate our claims on several VGG-13, MobileNet-V1, and ResNet-56 models trained on CIFAR-10 and CIFAR-100. Code available at this https URL.",
    "paper_type": "method",
    "attri": {
        "background": "Recent network pruning methods focus on pruning models early-on in training. To estimate the impact of removing a parameter, these methods use importance measures that were originally designed to prune trained models. Despite lacking justification for their use early-on in training, such measures result in surprisingly low accuracy loss. This paper develops a general gradient flow based framework that unifies state-of-the-art importance measures through the norm of model parameters.",
        "problem": {
            "definition": "The problem addressed is the lack of justification for using importance measures designed for trained models in early pruning during training, which may lead to suboptimal performance.",
            "key obstacle": "The core obstacle is understanding the relationship between pruning measures and the evolution of model parameters, particularly in early training stages."
        },
        "idea": {
            "intuition": "The idea is inspired by the observation that current pruning methods yield low accuracy loss despite being applied early in training, suggesting a deeper relationship between pruning and model parameter dynamics.",
            "opinion": "The proposed idea involves developing a gradient flow framework to analyze and unify various pruning measures based on the norm of model parameters.",
            "innovation": "The primary innovation is the introduction of a gradient flow framework that connects pruning methods to model parameter evolution, allowing for a more informed pruning strategy that considers early training dynamics."
        },
        "method": {
            "method name": "Gradient Flow Framework for Network Pruning",
            "method abbreviation": "GFFNP",
            "method definition": "A framework that analyzes network pruning by relating various importance measures to the gradient flow of model parameters during training.",
            "method description": "The method provides a unified approach to understanding and applying pruning measures based on the evolution of model parameters.",
            "method steps": "1. Define the gradient flow of model parameters. 2. Analyze the impact of different pruning measures on model convergence. 3. Establish relationships between pruning measures and model parameter dynamics.",
            "principle": "The effectiveness of this method lies in its ability to preserve important dynamics of model training, thereby optimizing the pruning process based on parameter evolution."
        },
        "experiments": {
            "evaluation setting": "Experiments were conducted on VGG-13, MobileNet-V1, and ResNet-56 models trained on CIFAR-10 and CIFAR-100 datasets, comparing various pruning methods.",
            "evaluation method": "The performance of the method was assessed by measuring accuracy loss and convergence speed against baseline models using different pruning strategies."
        },
        "conclusion": "The experiments validate that the proposed gradient flow framework effectively explains the behavior of pruning measures, leading to improved model performance and faster convergence during early training.",
        "discussion": {
            "advantage": "The key advantages include a deeper understanding of pruning dynamics and the ability to apply pruning methods more effectively in early training stages.",
            "limitation": "A limitation of the method may be its reliance on specific assumptions about model parameter dynamics, which may not hold for all architectures.",
            "future work": "Future research could explore the application of this framework to other model architectures and investigate additional pruning strategies that leverage parameter evolution."
        },
        "other info": {
            "code availability": "Code for the proposed method is available at the provided URL."
        }
    },
    "mount_outline": [
        {
            "section number": "1.1",
            "key information": "Recent network pruning methods focus on pruning models early-on in training, which is crucial for model compression and network optimization."
        },
        {
            "section number": "2.2",
            "key information": "The concept of pruning within neural networks is addressed through the development of a gradient flow framework that unifies various importance measures."
        },
        {
            "section number": "3.5",
            "key information": "The primary innovation of this paper is the introduction of a gradient flow framework that connects pruning methods to model parameter evolution, allowing for a more informed pruning strategy."
        },
        {
            "section number": "4.4",
            "key information": "Experiments validate that the proposed gradient flow framework effectively explains the behavior of pruning measures, leading to improved model performance and faster convergence during early training."
        },
        {
            "section number": "5.1",
            "key information": "The method shows advantages in computational efficiency and inference speed by optimizing the pruning process based on parameter evolution."
        },
        {
            "section number": "6.1",
            "key information": "Future research could explore the application of the gradient flow framework to other model architectures and investigate additional pruning strategies that leverage parameter evolution."
        }
    ],
    "similarity_score": null,
    "image": null,
    "path": "/home/liudingyuan/code/SurveyX/code/SurveyX-main/outputs/t14b/papers/A gradient flow framework for analyzing network pruning.json"
}