{
    "from": null,
    "scholar_id": null,
    "detail_id": null,
    "title": "A probabilistic approach to neural network pruning",
    "abstract": "Neural network pruning techniques reduce the number of parameters without compromising predicting ability of a network. Many algorithms have been developed for pruning both over-parameterized fully-connected networks (FCNs) and convolutional neural networks (CNNs), but analytical studies of capabilities and compression ratios of such pruned sub-networks are lacking. We theoretically study the performance of two pruning techniques (random and magnitude-based) on FCNs and CNNs. Given a target network {whose weights are independently sampled from appropriate distributions}, we provide a universal approach to bound the gap between a pruned and the target network in a probabilistic sense. The results establish that there exist pruned networks with expressive power within any specified bound from the target network.",
    "arxivid": "2105.10065v1",
    "bib_name": "Aprobabili177",
    "md_text": "# A probabilistic approach to neural network pruning\n\n\nabstract\n\nNeural network pruning techniques reduce the number of parameters without compromising predicting ability of a network. Many algorithms have been developed for pruning both over-parameterized fully-connected networks (FCNs) and convolutional neural networks (CNNs), but analytical studies of capabilities and compression ratios of such pruned sub-networks are lacking. We theoretically study the performance of two pruning techniques (random and magnitude-based) on FCNs and CNNs. Given a target network {whose weights are independently sampled from appropriate distributions}, we provide a universal approach to bound the gap between a pruned and the target network in a probabilistic sense. The results establish that there exist pruned networks with expressive power within any specified bound from the target network.",
    "paper_type": "theory",
    "attri": {
        "background": "This paper addresses the issue of neural network pruning, which is crucial for reducing the number of parameters in neural networks while maintaining their predictive performance.",
        "problem": {
            "definition": "The problem involves understanding the limitations and capabilities of various neural network pruning techniques, specifically in terms of their effects on performance and compression ratios.",
            "key obstacle": "A significant challenge is the lack of analytical studies that quantify the performance of pruned networks compared to their original, unpruned counterparts."
        },
        "idea": {
            "intuition": "The idea was inspired by the need for a systematic understanding of how pruning affects neural network performance.",
            "opinion": "The authors propose a probabilistic framework to analyze the performance of pruned networks.",
            "innovation": "The main difference compared to previous methods is the introduction of a universal approach to bound the performance gap between pruned and target networks probabilistically."
        },
        "Theory": {
            "perspective": "The perspective of the theory is grounded in probabilistic analysis of neural network performance, focusing on the expressive power of pruned networks.",
            "opinion": "The authors assume that pruned networks can retain significant expressive capabilities despite reductions in parameters.",
            "proof": "The paper provides theoretical bounds that demonstrate the existence of pruned networks maintaining expressive power within specified limits of the target network."
        },
        "experiments": {
            "evaluation setting": "The evaluation involves fully-connected networks (FCNs) and convolutional neural networks (CNNs) with weights sampled from appropriate distributions.",
            "evaluation method": "The evaluation steps include applying random and magnitude-based pruning techniques and analyzing the resultant performance against the target networks."
        },
        "conclusion": "The conclusion drawn from the experiments is that pruned networks can achieve expressive power close to that of the target networks within a defined probabilistic bound.",
        "discussion": {
            "advantage": "One advantage of this paper is its rigorous theoretical framework that provides insights into the performance of pruned networks.",
            "limitation": "A limitation is that the practical implications of the theoretical bounds may not be fully explored in real-world applications.",
            "future work": "Future work could focus on extending these theoretical results to a wider variety of network architectures and pruning techniques, as well as empirical validation of the proposed bounds."
        },
        "other info": []
    },
    "mount_outline": [
        {
            "section number": "1.1",
            "key information": "This paper addresses the issue of neural network pruning, which is crucial for reducing the number of parameters in neural networks while maintaining their predictive performance."
        },
        {
            "section number": "2.2",
            "key information": "The problem involves understanding the limitations and capabilities of various neural network pruning techniques, specifically in terms of their effects on performance and compression ratios."
        },
        {
            "section number": "2.4",
            "key information": "The authors assume that pruned networks can retain significant expressive capabilities despite reductions in parameters."
        },
        {
            "section number": "3.5",
            "key information": "The authors propose a probabilistic framework to analyze the performance of pruned networks, introducing a universal approach to bound the performance gap between pruned and target networks probabilistically."
        },
        {
            "section number": "4.4",
            "key information": "The conclusion drawn from the experiments is that pruned networks can achieve expressive power close to that of the target networks within a defined probabilistic bound."
        },
        {
            "section number": "5.3",
            "key information": "Future work could focus on extending these theoretical results to a wider variety of network architectures and pruning techniques, as well as empirical validation of the proposed bounds."
        }
    ],
    "similarity_score": null,
    "image": null,
    "path": "/home/liudingyuan/code/SurveyX/code/SurveyX-main/outputs/t14b/papers/A probabilistic approach to neural network pruning.json"
}