{
    "from": null,
    "scholar_id": null,
    "detail_id": null,
    "title": "A signal propagation perspective for pruning neural networks at initialization",
    "abstract": "Network pruning is a promising avenue for compressing deep neural networks. A typical approach to pruning starts by training a model and then removing redundant parameters while minimizing the impact on what is learned. Alternatively, a recent approach shows that pruning can be done at initialization prior to training, based on a saliency criterion called connection sensitivity. However, it remains unclear exactly why pruning an untrained, randomly initialized neural network is effective. In this work, by noting connection sensitivity as a form of gradient, we formally characterize initialization conditions to ensure reliable connection sensitivity measurements, which in turn yields effective pruning results. Moreover, we analyze the signal propagation properties of the resulting pruned networks and introduce a simple, data-free method to improve their trainability. Our modifications to the existing pruning at initialization method lead to improved results on all tested network models for image classification tasks. Furthermore, we empirically study the effect of supervision for pruning and demonstrate that our signal propagation perspective, combined with unsupervised pruning, can be useful in various scenarios where pruning is applied to non-standard arbitrarily-designed architectures.",
    "arxivid": "1906.06307v2",
    "bib_name": "Asignalpro60",
    "md_text": "# A signal propagation perspective for pruning neural networks at initialization\n\n\nabstract\n\nNetwork pruning is a promising avenue for compressing deep neural networks. A typical approach to pruning starts by training a model and then removing redundant parameters while minimizing the impact on what is learned. Alternatively, a recent approach shows that pruning can be done at initialization prior to training, based on a saliency criterion called connection sensitivity. However, it remains unclear exactly why pruning an untrained, randomly initialized neural network is effective. In this work, by noting connection sensitivity as a form of gradient, we formally characterize initialization conditions to ensure reliable connection sensitivity measurements, which in turn yields effective pruning results. Moreover, we analyze the signal propagation properties of the resulting pruned networks and introduce a simple, data-free method to improve their trainability. Our modifications to the existing pruning at initialization method lead to improved results on all tested network models for image classification tasks. Furthermore, we empirically study the effect of supervision for pruning and demonstrate that our signal propagation perspective, combined with unsupervised pruning, can be useful in various scenarios where pruning is applied to non-standard arbitrarily-designed architectures.",
    "paper_type": "method",
    "attri": {
        "background": "This paper addresses the issue of effective pruning of neural networks at initialization, highlighting the limitations of traditional pruning methods that require training and the necessity for a new approach that can operate without prior training.",
        "problem": {
            "definition": "The problem defined in this paper is the challenge of efficiently pruning neural networks to reduce their complexity while maintaining performance, specifically focusing on methods that can be applied at initialization.",
            "key obstacle": "The main difficulty lies in understanding why pruning an untrained, randomly initialized network can still yield effective results, which existing methods do not adequately explain."
        },
        "idea": {
            "intuition": "The intuition behind the proposed idea stems from recognizing connection sensitivity as a form of gradient, which can provide insights into effective pruning strategies even before training.",
            "opinion": "The proposed idea involves characterizing initialization conditions to ensure reliable connection sensitivity measurements, thereby enhancing the effectiveness of pruning at initialization.",
            "innovation": "The primary innovation of this method is its focus on signal propagation properties and the introduction of a data-free method to improve the trainability of pruned networks, distinguishing it from existing pruning techniques."
        },
        "method": {
            "method name": "Signal Propagation Based Pruning",
            "method abbreviation": "SPBP",
            "method definition": "SPBP is a method that prunes neural networks at initialization by leveraging connection sensitivity as a gradient to identify and remove redundant parameters.",
            "method description": "The method centers around measuring connection sensitivity to guide pruning decisions before any training occurs.",
            "method steps": "1. Measure connection sensitivity of parameters in a randomly initialized network. 2. Prune parameters based on sensitivity measurements. 3. Analyze the signal propagation properties of the pruned network. 4. Apply a data-free method to enhance trainability.",
            "principle": "This method is effective because it utilizes connection sensitivity as a reliable indicator of which parameters can be pruned without compromising the network's performance."
        },
        "experiments": {
            "evaluation setting": "The experiments were conducted on various network models for image classification tasks, comparing the proposed method against baseline pruning techniques.",
            "evaluation method": "Performance was assessed by measuring the accuracy of the pruned networks on classification tasks, alongside analyzing the signal propagation properties post-pruning."
        },
        "conclusion": "The outcomes of the experiments demonstrate that the proposed signal propagation perspective for pruning at initialization leads to improved results across all tested models, confirming the effectiveness of the method.",
        "discussion": {
            "advantage": "The key advantages of this approach include the ability to prune networks without training and the improvement in trainability through a data-free method.",
            "limitation": "A limitation of the method may be its reliance on accurate connection sensitivity measurements, which could be challenging in certain network architectures.",
            "future work": "Future research could explore refining the connection sensitivity measurements and extending the method to additional types of neural network architectures."
        },
        "other info": []
    },
    "mount_outline": [
        {
            "section number": "1.1",
            "key information": "Pruning is crucial for reducing the complexity of neural networks while maintaining performance, particularly through methods that can be applied at initialization."
        },
        {
            "section number": "2.2",
            "key information": "The concept of pruning in neural networks is addressed by focusing on effective pruning at initialization, which is a departure from traditional methods that require prior training."
        },
        {
            "section number": "2.4",
            "key information": "Pruning can yield effective results even when applied to untrained, randomly initialized networks, highlighting the significance of connection sensitivity as a reliable pruning strategy."
        },
        {
            "section number": "3.5",
            "key information": "The proposed method, Signal Propagation Based Pruning (SPBP), introduces a novel approach that leverages connection sensitivity as a gradient to guide pruning decisions before any training occurs."
        },
        {
            "section number": "4.3",
            "key information": "The experiments demonstrate that the proposed method leads to improved results across various network models for image classification tasks, confirming its effectiveness relative to baseline techniques."
        },
        {
            "section number": "5.1",
            "key information": "The method enhances trainability through a data-free approach, which is significant for computational efficiency and inference speed when pruning networks."
        },
        {
            "section number": "6.1",
            "key information": "Future research could focus on refining connection sensitivity measurements to improve the effectiveness of pruning techniques in various neural network architectures."
        }
    ],
    "similarity_score": null,
    "image": null,
    "path": "/home/liudingyuan/code/SurveyX/code/SurveyX-main/outputs/t14b/papers/A signal propagation perspective for pruning neural networks at initialization.json"
}