{
    "from": null,
    "scholar_id": null,
    "detail_id": null,
    "title": "A simple framework for contrastive learning of visual representations",
    "abstract": "This paper presents SimCLR: a simple framework for contrastive learning of visual representations. We simplify recently proposed contrastive self-supervised learning algorithms without requiring specialized architectures or a memory bank. In order to understand what enables the contrastive prediction tasks to learn useful representations, we systematically study the major components of our framework. We show that (1) composition of data augmentations plays a critical role in defining effective predictive tasks, (2) introducing a learnable nonlinear transformation between the representation and the contrastive loss substantially improves the quality of the learned representations, and (3) contrastive learning benefits from larger batch sizes and more training steps compared to supervised learning. By combining these findings, we are able to considerably outperform previous methods for self-supervised and semi-supervised learning on ImageNet. A linear classifier trained on self-supervised representations learned by SimCLR achieves 76.5% top-1 accuracy, which is a 7% relative improvement over previous state-of-the-art, matching the performance of a supervised ResNet-50. When fine-tuned on only 1% of the labels, we achieve 85.8% top-5 accuracy, outperforming AlexNet with 100X fewer labels.",
    "arxivid": "2002.05709v3",
    "bib_name": "Asimplefra159",
    "md_text": "# A simple framework for contrastive learning of visual representations\n\n\nabstract\n\nThis paper presents SimCLR: a simple framework for contrastive learning of visual representations. We simplify recently proposed contrastive self-supervised learning algorithms without requiring specialized architectures or a memory bank. In order to understand what enables the contrastive prediction tasks to learn useful representations, we systematically study the major components of our framework. We show that (1) composition of data augmentations plays a critical role in defining effective predictive tasks, (2) introducing a learnable nonlinear transformation between the representation and the contrastive loss substantially improves the quality of the learned representations, and (3) contrastive learning benefits from larger batch sizes and more training steps compared to supervised learning. By combining these findings, we are able to considerably outperform previous methods for self-supervised and semi-supervised learning on ImageNet. A linear classifier trained on self-supervised representations learned by SimCLR achieves 76.5% top-1 accuracy, which is a 7% relative improvement over previous state-of-the-art, matching the performance of a supervised ResNet-50. When fine-tuned on only 1% of the labels, we achieve 85.8% top-5 accuracy, outperforming AlexNet with 100X fewer labels.",
    "paper_type": "method",
    "attri": {
        "background": "This paper addresses the issue of learning visual representations through contrastive self-supervised learning, highlighting the limitations of existing methods that require specialized architectures or memory banks, thus necessitating a simpler and more effective approach.",
        "problem": {
            "definition": "The problem defined in this paper is the challenge of learning useful visual representations without relying on complex architectures or extensive labeled data.",
            "key obstacle": "The main difficulty is that existing contrastive learning methods often depend on specialized setups that hinder their accessibility and efficiency."
        },
        "idea": {
            "intuition": "The intuition behind the proposed idea is that simplifying the framework for contrastive learning can lead to effective representation learning without the need for complicated structures.",
            "opinion": "The proposed idea, SimCLR, is a straightforward framework that employs contrastive learning to enhance the quality of visual representations by focusing on data augmentation and batch size.",
            "innovation": "The key innovation lies in the simplification of the contrastive learning process, which does not require specialized architectures and incorporates learnable transformations to improve representation quality."
        },
        "method": {
            "method name": "SimCLR",
            "method abbreviation": "SCL",
            "method definition": "SimCLR is a contrastive learning framework that leverages data augmentations and a nonlinear transformation to learn effective visual representations.",
            "method description": "The core of SimCLR is to utilize contrastive learning techniques with a focus on effective data augmentation and training strategies.",
            "principle": "This method is effective because it maximizes the similarity between augmented views of the same image while minimizing the similarity between different images, thus facilitating better representation learning."
        },
        "experiments": {
            "evaluation setting": "The experimental setup involves training on the ImageNet dataset, comparing with baseline methods, and utilizing larger batch sizes and extended training durations.",
            "evaluation method": "Performance is assessed by measuring top-1 and top-5 accuracy of a linear classifier trained on the learned representations."
        },
        "conclusion": "The experiments demonstrate that SimCLR significantly outperforms previous self-supervised and semi-supervised methods, achieving a top-1 accuracy of 76.5% and matching the performance of a supervised ResNet-50.",
        "discussion": {
            "advantage": "The key advantage of SimCLR is its simplicity and effectiveness, allowing high-quality representation learning without the need for complex architectures.",
            "limitation": "A limitation of the method may include its reliance on large batch sizes and extensive training steps, which could be resource-intensive.",
            "future work": "Future work could explore optimizing the framework for smaller datasets or investigating alternative augmentation strategies to further enhance performance."
        },
        "other info": []
    },
    "mount_outline": [
        {
            "section number": "1.1",
            "key information": "Pruning is crucial for model compression and network optimization, as it simplifies architectures and enhances efficiency."
        },
        {
            "section number": "2.2",
            "key information": "The concept of pruning within neural networks is analogous to the simplification of contrastive learning processes, which enhances representation quality without complex structures."
        },
        {
            "section number": "3.5",
            "key information": "SimCLR represents an innovative approach to contrastive learning, simplifying the framework and enhancing representation learning, similar to innovative pruning methodologies."
        },
        {
            "section number": "4.3",
            "key information": "SimCLR significantly outperforms previous self-supervised and semi-supervised methods, demonstrating its effectiveness in representation learning, akin to evaluating state-of-the-art pruning methods."
        },
        {
            "section number": "5.1",
            "key information": "The method emphasizes computational efficiency and inference speed by maximizing similarity between augmented views of the same image while minimizing similarity between different images."
        },
        {
            "section number": "6.1",
            "key information": "Future work could explore optimizing the SimCLR framework for smaller datasets, suggesting enhancements for current pruning algorithms and techniques."
        }
    ],
    "similarity_score": null,
    "image": null,
    "path": "/home/liudingyuan/code/SurveyX/code/SurveyX-main/outputs/t14b/papers/A simple framework for contrastive learning of visual representations.json"
}