{
    "from": null,
    "scholar_id": null,
    "detail_id": null,
    "title": "A survey of lottery ticket hypothesis",
    "abstract": "The Lottery Ticket Hypothesis (LTH) states that a dense neural network model contains a highly sparse subnetwork (i.e., winning tickets) that can achieve even better performance than the original model when trained in isolation. While LTH has been proved both empirically and theoretically in many works, there still are some open issues, such as efficiency and scalability, to be addressed. Also, the lack of open-source frameworks and consensual experimental setting poses a challenge to future research on LTH. We, for the first time, examine previous research and studies on LTH from different perspectives. We also discuss issues in existing works and list potential directions for further exploration. This survey aims to provide an in-depth look at the state of LTH and develop a duly maintained platform to conduct experiments and compare with the most updated baselines.",
    "arxivid": "2403.04861v2",
    "bib_name": "Asurveyofl87",
    "md_text": "# A survey of lottery ticket hypothesis\n\n\nabstract\n\nThe Lottery Ticket Hypothesis (LTH) states that a dense neural network model contains a highly sparse subnetwork (i.e., winning tickets) that can achieve even better performance than the original model when trained in isolation. While LTH has been proved both empirically and theoretically in many works, there still are some open issues, such as efficiency and scalability, to be addressed. Also, the lack of open-source frameworks and consensual experimental setting poses a challenge to future research on LTH. We, for the first time, examine previous research and studies on LTH from different perspectives. We also discuss issues in existing works and list potential directions for further exploration. This survey aims to provide an in-depth look at the state of LTH and develop a duly maintained platform to conduct experiments and compare with the most updated baselines.",
    "paper_type": "survey",
    "attri": {
        "background": {
            "purpose": "This survey aims to provide an in-depth look at the Lottery Ticket Hypothesis (LTH) and to address open issues such as efficiency and scalability, while also developing a platform for experiments and comparisons with updated baselines.",
            "scope": "The survey includes an examination of previous research and studies on LTH, focusing on both empirical and theoretical aspects. It excludes unrelated neural network optimization techniques as they do not directly pertain to the LTH."
        },
        "problem": {
            "definition": "The core issue being explored is the existence and implications of winning tickets within dense neural networks, which can achieve superior performance when trained independently.",
            "key obstacle": "Primary challenges include the lack of open-source frameworks and a consensual experimental setting, which hinder progress in LTH research."
        },
        "architecture": {
            "perspective": "The survey categorizes existing research on LTH from multiple viewpoints, emphasizing the need for a structured approach to understanding the hypothesis.",
            "stages": "The survey organizes the current methods and research into stages that reflect their development and application, although specific criteria for categorization are not detailed in the abstract."
        },
        "conclusion": {
            "comparisions": "The survey compares various studies on LTH, highlighting differences in effectiveness and approaches, although specific comparisons are not detailed in the abstract.",
            "results": "Key takeaways include the identification of open issues in LTH research and the need for a platform to facilitate further experimentation and comparison."
        },
        "discussion": {
            "advantage": "Strengths of existing research include empirical and theoretical validation of the LTH, demonstrating the potential of winning tickets in neural networks.",
            "limitation": "Current research is limited by the lack of standardized experimental settings and frameworks, which complicates reproducibility and comparison.",
            "gaps": "Unanswered questions remain regarding the efficiency and scalability of winning tickets, as well as the need for more comprehensive experimental setups.",
            "future work": "Emerging trends suggest a focus on developing open-source frameworks and standardized methodologies to enhance the robustness of LTH research."
        },
        "other info": {
            "info1": "This survey is the first to examine LTH from different perspectives.",
            "info2": {
                "info2.1": "The survey discusses issues in existing works.",
                "info2.2": "It lists potential directions for further exploration."
            }
        }
    },
    "mount_outline": [
        {
            "section number": "1.1",
            "key information": "Pruning is crucial for model compression and network optimization, as demonstrated by the Lottery Ticket Hypothesis (LTH) which identifies winning tickets in dense neural networks that can achieve superior performance."
        },
        {
            "section number": "1.2",
            "key information": "The scope of the survey includes an examination of previous research on LTH, focusing on empirical and theoretical aspects, while excluding unrelated neural network optimization techniques."
        },
        {
            "section number": "2.2",
            "key information": "The concept of pruning within neural networks is explored through the Lottery Ticket Hypothesis, which investigates the existence of winning tickets that can enhance model performance when trained independently."
        },
        {
            "section number": "2.4",
            "key information": "The relevance of pruning in deep neural networks is underscored by the need for structured approaches to understanding the Lottery Ticket Hypothesis and the implications of winning tickets."
        },
        {
            "section number": "3.1",
            "key information": "The survey categorizes existing research on LTH from multiple viewpoints, emphasizing structured approaches to understand the hypothesis and its implications for pruning methodologies."
        },
        {
            "section number": "4.4",
            "key information": "The survey compares various studies on LTH, highlighting differences in effectiveness and approaches, which can inform a comparative analysis of pruning techniques."
        },
        {
            "section number": "5.1",
            "key information": "Current research on LTH indicates that winning tickets can lead to improved computational efficiency and inference speed in neural networks."
        },
        {
            "section number": "6.1",
            "key information": "Recommendations for future research include developing open-source frameworks and standardized methodologies to enhance the robustness of Lottery Ticket Hypothesis research."
        },
        {
            "section number": "6.2",
            "key information": "The need for standardized experimental settings and frameworks is highlighted as essential for reproducibility and comparison in LTH research."
        }
    ],
    "similarity_score": null,
    "image": null,
    "path": "/home/liudingyuan/code/SurveyX/code/SurveyX-main/outputs/t14b/papers/A survey of lottery ticket hypothesis.json"
}