{
    "from": null,
    "scholar_id": null,
    "detail_id": null,
    "title": "A survey on deep neural network compression: Challenges, overview, and solutions",
    "abstract": "Deep Neural Network (DNN) has gained unprecedented performance due to its automated feature extraction capability. This high order performance leads to significant incorporation of DNN models in different Internet of Things (IoT) applications in the past decade. However, the colossal requirement of computation, energy, and storage of DNN models make their deployment prohibitive on resource constraint IoT devices. Therefore, several compression techniques were proposed in recent years for reducing the storage and computation requirements of the DNN model. These techniques on DNN compression have utilized a different perspective for compressing DNN with minimal accuracy compromise. It encourages us to make a comprehensive overview of the DNN compression techniques. In this paper, we present a comprehensive review of existing literature on compressing DNN model that reduces both storage and computation requirements. We divide the existing approaches into five broad categories, i.e., network pruning, sparse representation, bits precision, knowledge distillation, and miscellaneous, based upon the mechanism incorporated for compressing the DNN model. The paper also discussed the challenges associated with each category of DNN compression techniques. Finally, we provide a quick summary of existing work under each category with the future direction in DNN compression.",
    "arxivid": "2010.03954v1",
    "bib_name": "Asurveyond27",
    "md_text": "# A survey on deep neural network compression: Challenges, overview, and solutions\n\n\nabstract\n\nDeep Neural Network (DNN) has gained unprecedented performance due to its automated feature extraction capability. This high order performance leads to significant incorporation of DNN models in different Internet of Things (IoT) applications in the past decade. However, the colossal requirement of computation, energy, and storage of DNN models make their deployment prohibitive on resource constraint IoT devices. Therefore, several compression techniques were proposed in recent years for reducing the storage and computation requirements of the DNN model. These techniques on DNN compression have utilized a different perspective for compressing DNN with minimal accuracy compromise. It encourages us to make a comprehensive overview of the DNN compression techniques. In this paper, we present a comprehensive review of existing literature on compressing DNN model that reduces both storage and computation requirements. We divide the existing approaches into five broad categories, i.e., network pruning, sparse representation, bits precision, knowledge distillation, and miscellaneous, based upon the mechanism incorporated for compressing the DNN model. The paper also discussed the challenges associated with each category of DNN compression techniques. Finally, we provide a quick summary of existing work under each category with the future direction in DNN compression.",
    "paper_type": "survey",
    "attri": {
        "background": {
            "purpose": "This survey aims to provide a comprehensive overview of deep neural network (DNN) compression techniques, addressing the challenges posed by the high computational, energy, and storage requirements of DNN models in resource-constrained Internet of Things (IoT) applications.",
            "scope": "The survey covers various DNN compression techniques, specifically focusing on network pruning, sparse representation, bits precision, knowledge distillation, and miscellaneous methods. It excludes unrelated machine learning techniques and non-DNN models to maintain a focused exploration of DNN-specific compression challenges and solutions."
        },
        "problem": {
            "definition": "The core issue explored in this survey is the prohibitive resource requirements of DNN models, which hinder their deployment on IoT devices.",
            "key obstacle": "The primary challenges include the significant computational, energy, and storage demands of DNNs, which pose barriers to their efficient use in resource-limited environments."
        },
        "architecture": {
            "perspective": "The survey categorizes existing DNN compression techniques into five broad categories based on the mechanisms used for compression, providing a structured overview of the field.",
            "stages": "The different fields or stages include: 1) Network Pruning, 2) Sparse Representation, 3) Bits Precision, 4) Knowledge Distillation, and 5) Miscellaneous. Each category represents a unique approach to reducing DNN model requirements while maintaining accuracy."
        },
        "conclusion": {
            "comparisions": "The survey conducts a comparative analysis of the various DNN compression techniques, highlighting their effectiveness, approaches, and outcomes in reducing resource requirements.",
            "results": "Key takeaways include the identification of various successful compression strategies and their associated challenges, along with a summary of existing work and future directions for research in DNN compression."
        },
        "discussion": {
            "advantage": "The strengths of existing research include the development of diverse techniques that successfully reduce the resource demands of DNNs while preserving performance.",
            "limitation": "Current research is limited by the trade-offs between compression and model accuracy, as well as the need for more comprehensive evaluations across different applications.",
            "gaps": "Unanswered questions remain regarding the optimal balance between compression levels and accuracy, and the exploration of new methods that can further enhance DNN efficiency.",
            "future work": "Emerging trends suggest a focus on hybrid approaches that combine multiple compression techniques, as well as the exploration of adaptive compression methods tailored for specific IoT applications."
        },
        "other info": {}
    },
    "mount_outline": [
        {
            "section number": "1.1",
            "key information": "Pruning is crucial for model compression and network optimization, particularly in addressing the high computational, energy, and storage requirements of DNN models in resource-constrained Internet of Things (IoT) applications."
        },
        {
            "section number": "1.2",
            "key information": "The survey covers various DNN compression techniques, specifically focusing on network pruning, sparse representation, bits precision, knowledge distillation, and miscellaneous methods."
        },
        {
            "section number": "1.3",
            "key information": "The survey categorizes existing DNN compression techniques into five broad categories based on the mechanisms used for compression: Network Pruning, Sparse Representation, Bits Precision, Knowledge Distillation, and Miscellaneous."
        },
        {
            "section number": "2.2",
            "key information": "The core issue explored is the prohibitive resource requirements of DNN models, which hinder their deployment on IoT devices."
        },
        {
            "section number": "2.4",
            "key information": "The primary challenges include the significant computational, energy, and storage demands of DNNs, which pose barriers to their efficient use in resource-limited environments."
        },
        {
            "section number": "4.4",
            "key information": "The survey conducts a comparative analysis of the various DNN compression techniques, highlighting their effectiveness, approaches, and outcomes in reducing resource requirements."
        },
        {
            "section number": "5.3",
            "key information": "Current research is limited by the trade-offs between compression and model accuracy, as well as the need for more comprehensive evaluations across different applications."
        },
        {
            "section number": "6.5",
            "key information": "Emerging trends suggest a focus on hybrid approaches that combine multiple compression techniques, as well as the exploration of adaptive compression methods tailored for specific IoT applications."
        }
    ],
    "similarity_score": null,
    "image": null,
    "path": "/home/liudingyuan/code/SurveyX/code/SurveyX-main/outputs/t14b/papers/A survey on deep neural network compression_ Challenges, overview, and solutions.json"
}