{
    "from": null,
    "scholar_id": null,
    "detail_id": null,
    "title": "A survey on model compression for large language models",
    "abstract": "Abstract Large Language Models (LLMs) have transformed natural language processing tasks successfully. Yet, their large size and high computational needs pose challenges for practical use, especially in resource-limited settings. Model compression has emerged as a key research area to address these challenges. This paper presents a survey of model compression techniques for LLMs. We cover methods like quantization, pruning, and knowledge distillation, highlighting recent advancements. We also discuss benchmarking strategies and evaluation metrics crucial for assessing compressed LLMs. This survey offers valuable insights for researchers and practitioners, aiming to enhance efficiency and real-world applicability of LLMs while laying a foundation for future advancements.",
    "arxivid": "2308.07633v4",
    "bib_name": "Asurveyonm33",
    "md_text": "# A survey on model compression for large language models\n\n\nabstract\n\nAbstract Large Language Models (LLMs) have transformed natural language processing tasks successfully. Yet, their large size and high computational needs pose challenges for practical use, especially in resource-limited settings. Model compression has emerged as a key research area to address these challenges. This paper presents a survey of model compression techniques for LLMs. We cover methods like quantization, pruning, and knowledge distillation, highlighting recent advancements. We also discuss benchmarking strategies and evaluation metrics crucial for assessing compressed LLMs. This survey offers valuable insights for researchers and practitioners, aiming to enhance efficiency and real-world applicability of LLMs while laying a foundation for future advancements.",
    "paper_type": "survey",
    "attri": {
        "background": {
            "purpose": "This survey aims to address the challenges posed by the large size and high computational requirements of Large Language Models (LLMs) in practical applications, particularly in resource-limited environments. It seeks to answer questions regarding effective model compression techniques that can enhance the usability of LLMs.",
            "scope": "The survey focuses on model compression techniques specifically for LLMs, including quantization, pruning, and knowledge distillation. It excludes other areas of model optimization that do not directly pertain to LLMs or do not involve compression methods, as the primary goal is to enhance efficiency and applicability of LLMs."
        },
        "problem": {
            "definition": "The core issue explored in this survey is the challenge of deploying Large Language Models due to their substantial size and computational demands, which hinder their practical use in various applications.",
            "key obstacle": "The primary challenges include the high resource requirements for training and inference of LLMs, making them impractical in settings with limited computational power and memory."
        },
        "architecture": {
            "perspective": "The survey introduces a framework for understanding various model compression techniques, categorizing them into distinct methodologies such as quantization, pruning, and knowledge distillation, which represent novel approaches to reducing model size and complexity.",
            "stages": "The survey organizes the current methods into stages based on the type of compression applied: quantization (reducing the precision of weights), pruning (removing unnecessary weights), and knowledge distillation (transferring knowledge from a larger model to a smaller one)."
        },
        "conclusion": {
            "comparisions": "The comparative analysis in the survey highlights how different compression techniques vary in effectiveness, approach, and outcomes, with quantization generally providing higher efficiency at the cost of some accuracy, while knowledge distillation often maintains performance with a smaller model size.",
            "results": "Key takeaways include the understanding that while significant advancements have been made in model compression for LLMs, ongoing research is essential to optimize these techniques further and ensure their practical applicability."
        },
        "discussion": {
            "advantage": "The existing research has successfully developed various model compression techniques that significantly reduce the size and computational requirements of LLMs, making them more accessible for real-world applications.",
            "limitation": "Current studies often fall short in providing comprehensive benchmarks and evaluation metrics, which are crucial for accurately assessing the performance of compressed models across different tasks.",
            "gaps": "There remain unanswered questions regarding the trade-offs between compression rates and model performance, as well as the need for standardized evaluation frameworks for compressed LLMs.",
            "future work": "Future research should focus on developing more effective compression techniques that minimize performance loss, establishing robust benchmarking strategies, and exploring new trends in model efficiency to further enhance the practicality of LLMs."
        },
        "other info": {}
    },
    "mount_outline": [
        {
            "section number": "1.1",
            "key information": "Pruning is a crucial technique for reducing the size and computational requirements of Large Language Models (LLMs), enhancing their usability in resource-limited environments."
        },
        {
            "section number": "1.2",
            "key information": "The survey focuses on model compression techniques specifically for LLMs, including quantization, pruning, and knowledge distillation, aiming to enhance efficiency and applicability."
        },
        {
            "section number": "2.2",
            "key information": "Pruning involves removing unnecessary weights from models, which is essential for reducing the size and computational demands of LLMs."
        },
        {
            "section number": "2.4",
            "key information": "The importance of pruning in LLMs lies in its ability to make large models more accessible and practical for real-world applications by minimizing resource requirements."
        },
        {
            "section number": "3",
            "key information": "The survey categorizes model compression techniques into distinct methodologies such as quantization, pruning, and knowledge distillation, providing a framework for understanding their applications."
        },
        {
            "section number": "4.4",
            "key information": "The comparative analysis highlights that different compression techniques vary in effectiveness, with pruning being one of the methods explored for reducing model size."
        },
        {
            "section number": "5.3",
            "key information": "There are trade-offs between compression rates and model performance that need to be addressed, particularly in the context of pruning LLMs."
        },
        {
            "section number": "6.1",
            "key information": "Future research should focus on developing more effective pruning techniques that minimize performance loss while enhancing model compression."
        },
        {
            "section number": "6.2",
            "key information": "There is a need for standardized benchmarks and evaluation metrics in pruning research to accurately assess the performance of compressed LLMs."
        }
    ],
    "similarity_score": null,
    "image": null,
    "path": "/home/liudingyuan/code/SurveyX/code/SurveyX-main/outputs/t14b/papers/A survey on model compression for large language models.json"
}