{
    "from": null,
    "scholar_id": null,
    "detail_id": null,
    "title": "A systematic DNN weight pruning framework using alternating direction method of multipliers",
    "abstract": "Weight pruning methods for deep neural networks (DNNs) have been investigated recently, but prior work in this area is mainly heuristic, iterative pruning, thereby lacking guarantees on the weight reduction ratio and convergence time. To mitigate these limitations, we present a systematic weight pruning framework of DNNs using the alternating direction method of multipliers (ADMM). We first formulate the weight pruning problem of DNNs as a nonconvex optimization problem with combinatorial constraints specifying the sparsity requirements, and then adopt the ADMM framework for systematic weight pruning. By using ADMM, the original nonconvex optimization problem is decomposed into two subproblems that are solved iteratively. One of these subproblems can be solved using stochastic gradient descent, the other can be solved analytically. Besides, our method achieves a fast convergence rate. \nThe weight pruning results are very promising and consistently outperform the prior work. On the LeNet-5 model for the MNIST data set, we achieve 71.2 times weight reduction without accuracy loss. On the AlexNet model for the ImageNet data set, we achieve 21 times weight reduction without accuracy loss. When we focus on the convolutional layer pruning for computation reductions, we can reduce the total computation by five times compared with the prior work (achieving a total of 13.4 times weight reduction in convolutional layers). Our models and codes are released at this https URL",
    "arxivid": "1804.03294v3",
    "bib_name": "Asystemati145",
    "md_text": "# A systematic DNN weight pruning framework using alternating direction method of multipliers\n\n\nabstract\n\nWeight pruning methods for deep neural networks (DNNs) have been investigated recently, but prior work in this area is mainly heuristic, iterative pruning, thereby lacking guarantees on the weight reduction ratio and convergence time. To mitigate these limitations, we present a systematic weight pruning framework of DNNs using the alternating direction method of multipliers (ADMM). We first formulate the weight pruning problem of DNNs as a nonconvex optimization problem with combinatorial constraints specifying the sparsity requirements, and then adopt the ADMM framework for systematic weight pruning. By using ADMM, the original nonconvex optimization problem is decomposed into two subproblems that are solved iteratively. One of these subproblems can be solved using stochastic gradient descent, the other can be solved analytically. Besides, our method achieves a fast convergence rate. \nThe weight pruning results are very promising and consistently outperform the prior work. On the LeNet-5 model for the MNIST data set, we achieve 71.2 times weight reduction without accuracy loss. On the AlexNet model for the ImageNet data set, we achieve 21 times weight reduction without accuracy loss. When we focus on the convolutional layer pruning for computation reductions, we can reduce the total computation by five times compared with the prior work (achieving a total of 13.4 times weight reduction in convolutional layers). Our models and codes are released at this https URL",
    "paper_type": "method",
    "attri": {
        "background": "Weight pruning methods for deep neural networks (DNNs) have been investigated recently, but prior work in this area is mainly heuristic, iterative pruning, thereby lacking guarantees on the weight reduction ratio and convergence time.",
        "problem": {
            "definition": "The paper aims to address the limitations of existing heuristic weight pruning methods for DNNs, which do not provide assurances on weight reduction ratios and convergence times.",
            "key obstacle": "The core obstacle is the reliance on iterative pruning methods that are not systematic and lack convergence guarantees."
        },
        "idea": {
            "intuition": "The idea is inspired by the need for a more systematic approach to weight pruning that ensures convergence and weight reduction guarantees.",
            "opinion": "The proposed idea involves formulating the weight pruning problem as a nonconvex optimization problem and applying the alternating direction method of multipliers (ADMM) to solve it systematically.",
            "innovation": "The primary difference lies in the systematic application of ADMM, which decomposes the nonconvex optimization problem into two subproblems, enabling faster convergence and better performance compared to existing methods."
        },
        "method": {
            "method name": "Systematic DNN Weight Pruning Framework",
            "method abbreviation": "SDWPF",
            "method definition": "A systematic weight pruning framework for deep neural networks that formulates the pruning problem as a nonconvex optimization problem and solves it using the alternating direction method of multipliers.",
            "method description": "The method systematically prunes weights in DNNs by solving a nonconvex optimization problem through ADMM, leading to guaranteed weight reduction.",
            "method steps": "1. Formulate the weight pruning problem as a nonconvex optimization problem; 2. Apply ADMM to decompose the problem into two solvable subproblems; 3. Solve one subproblem using stochastic gradient descent and the other analytically.",
            "principle": "The method is effective due to its systematic approach which ensures convergence and guarantees on weight reduction, addressing the shortcomings of heuristic methods."
        },
        "experiments": {
            "evaluation setting": "The experiments were conducted on the LeNet-5 model for the MNIST dataset and the AlexNet model for the ImageNet dataset, comparing against prior weight pruning methods.",
            "evaluation method": "Performance was assessed based on weight reduction ratios and accuracy retention, with specific metrics such as weight reduction factors and computational efficiency evaluated."
        },
        "conclusion": "The proposed systematic weight pruning framework demonstrates significant improvements over prior methods, achieving up to 71.2 times weight reduction on LeNet-5 and 21 times on AlexNet without any accuracy loss.",
        "discussion": {
            "advantage": "The key advantages include guaranteed weight reduction ratios, fast convergence rates, and improved performance over existing heuristic methods.",
            "limitation": "The limitations may include the complexity of the optimization problem and potential challenges in tuning the parameters for different network architectures.",
            "future work": "Future research could focus on extending the framework to other types of neural networks and exploring further optimizations for different pruning strategies."
        },
        "other info": {
            "source_code": "The models and codes are released at this https URL."
        }
    },
    "mount_outline": [
        {
            "section number": "1.1",
            "key information": "Weight pruning methods for deep neural networks (DNNs) have been investigated recently, but prior work in this area is mainly heuristic, iterative pruning, thereby lacking guarantees on the weight reduction ratio and convergence time."
        },
        {
            "section number": "2.2",
            "key information": "The paper aims to address the limitations of existing heuristic weight pruning methods for DNNs, which do not provide assurances on weight reduction ratios and convergence times."
        },
        {
            "section number": "2.3",
            "key information": "The proposed idea involves formulating the weight pruning problem as a nonconvex optimization problem and applying the alternating direction method of multipliers (ADMM) to solve it systematically."
        },
        {
            "section number": "3.5",
            "key information": "The primary difference lies in the systematic application of ADMM, which decomposes the nonconvex optimization problem into two subproblems, enabling faster convergence and better performance compared to existing methods."
        },
        {
            "section number": "4.1",
            "key information": "Performance was assessed based on weight reduction ratios and accuracy retention, with specific metrics such as weight reduction factors and computational efficiency evaluated."
        },
        {
            "section number": "5.1",
            "key information": "The method systematically prunes weights in DNNs by solving a nonconvex optimization problem through ADMM, leading to guaranteed weight reduction."
        },
        {
            "section number": "6.1",
            "key information": "Future research could focus on extending the framework to other types of neural networks and exploring further optimizations for different pruning strategies."
        }
    ],
    "similarity_score": null,
    "image": null,
    "path": "/home/liudingyuan/code/SurveyX/code/SurveyX-main/outputs/t14b/papers/A systematic DNN weight pruning framework using alternating direction method of multipliers.json"
}