{
    "from": null,
    "scholar_id": null,
    "detail_id": null,
    "title": "A unified paths perspective for pruning at initialization",
    "abstract": "A number of recent approaches have been proposed for pruning neural network parameters at initialization with the goal of reducing the size and computational burden of models while minimally affecting their training dynamics and generalization performance. While each of these approaches have some amount of well-founded motivation, a rigorous analysis of the effect of these pruning methods on network training dynamics and their formal relationship to each other has thus far received little attention. Leveraging recent theoretical approximations provided by the Neural Tangent Kernel, we unify a number of popular approaches for pruning at initialization under a single path-centric framework. We introduce the Path Kernel as the data-independent factor in a decomposition of the Neural Tangent Kernel and show the global structure of the Path Kernel can be computed efficiently. This Path Kernel decomposition separates the architectural effects from the data-dependent effects within the Neural Tangent Kernel, providing a means to predict the convergence dynamics of a network from its architecture alone. We analyze the use of this structure in approximating training and generalization performance of networks in the absence of data across a number of initialization pruning approaches. Observing the relationship between input data and paths and the relationship between the Path Kernel and its natural norm, we additionally propose two augmentations of the SynFlow algorithm for pruning at initialization.",
    "arxivid": "2101.10552v1",
    "bib_name": "Aunifiedpa62",
    "md_text": "# A unified paths perspective for pruning at initialization\n\n\nabstract\n\nA number of recent approaches have been proposed for pruning neural network parameters at initialization with the goal of reducing the size and computational burden of models while minimally affecting their training dynamics and generalization performance. While each of these approaches have some amount of well-founded motivation, a rigorous analysis of the effect of these pruning methods on network training dynamics and their formal relationship to each other has thus far received little attention. Leveraging recent theoretical approximations provided by the Neural Tangent Kernel, we unify a number of popular approaches for pruning at initialization under a single path-centric framework. We introduce the Path Kernel as the data-independent factor in a decomposition of the Neural Tangent Kernel and show the global structure of the Path Kernel can be computed efficiently. This Path Kernel decomposition separates the architectural effects from the data-dependent effects within the Neural Tangent Kernel, providing a means to predict the convergence dynamics of a network from its architecture alone. We analyze the use of this structure in approximating training and generalization performance of networks in the absence of data across a number of initialization pruning approaches. Observing the relationship between input data and paths and the relationship between the Path Kernel and its natural norm, we additionally propose two augmentations of the SynFlow algorithm for pruning at initialization.",
    "paper_type": "theory",
    "attri": {
        "background": "This paper addresses the issue of pruning neural network parameters at initialization to reduce model size and computational burden while maintaining training dynamics and generalization performance.",
        "problem": {
            "definition": "The lack of rigorous analysis on the effects of various pruning methods on network training dynamics and their formal relationships.",
            "key obstacle": "The challenge of understanding how different pruning approaches impact training dynamics and their interconnections."
        },
        "idea": {
            "intuition": "The idea was inspired by the need for a unified framework to analyze and compare different pruning methods.",
            "opinion": "The proposed framework offers a path-centric view that simplifies the understanding of pruning effects.",
            "innovation": "The main difference compared to previous methods is the introduction of the Path Kernel, which separates architectural effects from data-dependent effects."
        },
        "Theory": {
            "perspective": "The perspective is centered around the Neural Tangent Kernel, which is decomposed into a Path Kernel to analyze network dynamics.",
            "opinion": "The assumption is that the architectural structure alone can predict convergence dynamics without relying on specific data.",
            "proof": "The proof is derived from the decomposition of the Neural Tangent Kernel into its Path Kernel component, allowing for efficient computation of its global structure."
        },
        "experiments": {
            "evaluation setting": "The experiments utilize various initialization pruning approaches and analyze their effects on training and generalization performance.",
            "evaluation method": "The evaluation involves comparing the predicted convergence dynamics using the Path Kernel with actual training outcomes."
        },
        "conclusion": "The paper concludes that the Path Kernel provides a valuable tool for predicting network dynamics and improving pruning methods at initialization.",
        "discussion": {
            "advantage": "The primary advantage is the unification of multiple pruning approaches under a single theoretical framework, enhancing understanding and predictability.",
            "limitation": "A limitation is that the analysis may not account for all data-dependent effects in real-world scenarios.",
            "future work": "Future work could focus on refining the Path Kernel to better incorporate data-dependent effects and exploring its applications in more complex network architectures."
        },
        "other info": []
    },
    "mount_outline": [
        {
            "section number": "1.1",
            "key information": "Pruning neural network parameters at initialization reduces model size and computational burden while maintaining training dynamics and generalization performance."
        },
        {
            "section number": "2.2",
            "key information": "The lack of rigorous analysis on the effects of various pruning methods on network training dynamics and their formal relationships presents a significant problem."
        },
        {
            "section number": "3.5",
            "key information": "The introduction of the Path Kernel separates architectural effects from data-dependent effects, providing a unified framework to analyze and compare different pruning methods."
        },
        {
            "section number": "4.4",
            "key information": "The paper compares predicted convergence dynamics using the Path Kernel with actual training outcomes to evaluate pruning methods."
        },
        {
            "section number": "5.2",
            "key information": "The analysis shows that understanding architectural structure can predict convergence dynamics, impacting model accuracy and generalization."
        },
        {
            "section number": "6.1",
            "key information": "Future work could focus on refining the Path Kernel to better incorporate data-dependent effects and exploring its applications in more complex network architectures."
        }
    ],
    "similarity_score": null,
    "image": null,
    "path": "/home/liudingyuan/code/SurveyX/code/SurveyX-main/outputs/t14b/papers/A unified paths perspective for pruning at initialization.json"
}