{
    "from": null,
    "scholar_id": null,
    "detail_id": null,
    "title": "A unified lottery ticket hypothesis for graph neural networks",
    "abstract": "With graphs rapidly growing in size and deeper graph neural networks (GNNs) emerging, the training and inference of GNNs become increasingly expensive. Existing network weight pruning algorithms cannot address the main space and computational bottleneck in GNNs, caused by the size and connectivity of the graph. To this end, this paper first presents a unified GNN sparsification (UGS) framework that simultaneously prunes the graph adjacency matrix and the model weights, for effectively accelerating GNN inference on large-scale graphs. Leveraging this new tool, we further generalize the recently popular lottery ticket hypothesis to GNNs for the first time, by defining a graph lottery ticket (GLT) as a pair of core sub-dataset and sparse sub-network, which can be jointly identified from the original GNN and the full dense graph by iteratively applying UGS. Like its counterpart in convolutional neural networks, GLT can be trained in isolation to match the performance of training with the full model and graph, and can be drawn from both randomly initialized and self-supervised pre-trained GNNs. Our proposal has been experimentally verified across various GNN architectures and diverse tasks, on both small-scale graph datasets (Cora, Citeseer and PubMed), and large-scale datasets from the challenging Open Graph Benchmark (OGB). Specifically, for node classification, our found GLTs achieve the same accuracies with 20%~98% MACs saving on small graphs and 25%~85% MACs saving on large ones. For link prediction, GLTs lead to 48%~97% and 70% MACs saving on small and large graph datasets, respectively, without compromising predictive performance. Codes available at https://github.com/VITA-Group/Unified-LTH-GNN.",
    "arxivid": "2102.06790v2",
    "bib_name": "Aunifiedlo97",
    "md_text": "# A unified lottery ticket hypothesis for graph neural networks\n\n\nabstract\n\nWith graphs rapidly growing in size and deeper graph neural networks (GNNs) emerging, the training and inference of GNNs become increasingly expensive. Existing network weight pruning algorithms cannot address the main space and computational bottleneck in GNNs, caused by the size and connectivity of the graph. To this end, this paper first presents a unified GNN sparsification (UGS) framework that simultaneously prunes the graph adjacency matrix and the model weights, for effectively accelerating GNN inference on large-scale graphs. Leveraging this new tool, we further generalize the recently popular lottery ticket hypothesis to GNNs for the first time, by defining a graph lottery ticket (GLT) as a pair of core sub-dataset and sparse sub-network, which can be jointly identified from the original GNN and the full dense graph by iteratively applying UGS. Like its counterpart in convolutional neural networks, GLT can be trained in isolation to match the performance of training with the full model and graph, and can be drawn from both randomly initialized and self-supervised pre-trained GNNs. Our proposal has been experimentally verified across various GNN architectures and diverse tasks, on both small-scale graph datasets (Cora, Citeseer and PubMed), and large-scale datasets from the challenging Open Graph Benchmark (OGB). Specifically, for node classification, our found GLTs achieve the same accuracies with 20%~98% MACs saving on small graphs and 25%~85% MACs saving on large ones. For link prediction, GLTs lead to 48%~97% and 70% MACs saving on small and large graph datasets, respectively, without compromising predictive performance. Codes available at https://github.com/VITA-Group/Unified-LTH-GNN.",
    "paper_type": "method",
    "attri": {
        "background": "This paper addresses the issue of high computational costs in training and inference of graph neural networks (GNNs) due to the growing size and complexity of graphs. Previous methods for network weight pruning have failed to tackle the core challenges posed by graph size and connectivity, necessitating a new approach.",
        "problem": {
            "definition": "The paper aims to solve the problem of inefficient computation and resource usage in GNNs, particularly when dealing with large-scale graphs.",
            "key obstacle": "The main difficulty lies in the inability of existing weight pruning algorithms to effectively reduce the computational bottlenecks caused by both the size of the graph and its connectivity."
        },
        "idea": {
            "intuition": "The idea is inspired by the need to simultaneously prune both the graph adjacency matrix and model weights to optimize GNN performance.",
            "opinion": "The proposed idea introduces a unified GNN sparsification (UGS) framework and generalizes the lottery ticket hypothesis to GNNs, defining a graph lottery ticket (GLT) that consists of a core sub-dataset and a sparse sub-network.",
            "innovation": "The primary innovation is the introduction of the GLT concept, which allows for the identification of efficient sub-networks from original GNNs and dense graphs, enabling significant reductions in computation without sacrificing performance."
        },
        "method": {
            "method name": "Unified GNN Sparsification",
            "method abbreviation": "UGS",
            "method definition": "UGS is a framework that prunes both the graph adjacency matrix and model weights to accelerate GNN inference on large-scale graphs.",
            "method description": "The core of UGS involves iteratively applying a sparsification technique to identify efficient sub-networks and datasets.",
            "method steps": "1. Apply UGS to prune the graph adjacency matrix. 2. Prune the model weights simultaneously. 3. Identify core sub-dataset and sparse sub-network as GLT. 4. Train GLT in isolation to match full model performance.",
            "principle": "The effectiveness of UGS stems from its ability to reduce computational load while maintaining the predictive performance of GNNs through the identification of optimal sub-networks."
        },
        "experiments": {
            "evaluation setting": "Experiments were conducted across various GNN architectures and tasks, using both small-scale datasets (Cora, Citeseer, PubMed) and large-scale datasets from the Open Graph Benchmark (OGB).",
            "evaluation method": "Performance was assessed by measuring accuracy and MACs (multiply-accumulate operations) savings during node classification and link prediction tasks."
        },
        "conclusion": "The experimental results demonstrate that GLTs can achieve the same accuracy as full models with significant MACs savings, validating the effectiveness of the proposed UGS framework.",
        "discussion": {
            "advantage": "The key advantages of the proposed approach include substantial reductions in computational costs (20%~98% MACs saving on small graphs and 25%~85% MACs saving on large ones) while maintaining predictive performance.",
            "limitation": "One limitation of the method may include its dependency on the characteristics of the graph and the potential variability in performance across different GNN architectures.",
            "future work": "Future research may explore further optimizations in the UGS framework, adaptations for different types of GNNs, and applications to other graph-based tasks."
        },
        "other info": []
    },
    "mount_outline": [
        {
            "section number": "1.1",
            "key information": "Pruning is crucial for reducing computational costs in training and inference of graph neural networks (GNNs) due to the growing size and complexity of graphs."
        },
        {
            "section number": "2.2",
            "key information": "The concept of pruning in neural networks is addressed through the unified GNN sparsification (UGS) framework, which prunes both the graph adjacency matrix and model weights."
        },
        {
            "section number": "2.4",
            "key information": "Pruning significantly impacts GNN performance by optimizing computational efficiency and resource usage, particularly when dealing with large-scale graphs."
        },
        {
            "section number": "3.5",
            "key information": "The introduction of the graph lottery ticket (GLT) concept allows for the identification of efficient sub-networks from original GNNs, representing an innovative pruning methodology."
        },
        {
            "section number": "4.1",
            "key information": "Performance was evaluated by measuring accuracy and MACs (multiply-accumulate operations) savings during node classification and link prediction tasks."
        },
        {
            "section number": "5.1",
            "key information": "The proposed UGS framework achieves substantial reductions in computational costs, with 20% to 98% MACs savings on small graphs and 25% to 85% MACs savings on large graphs."
        },
        {
            "section number": "6.1",
            "key information": "Future research may explore further optimizations in the UGS framework and adaptations for different types of GNNs."
        }
    ],
    "similarity_score": null,
    "image": null,
    "path": "/home/liudingyuan/code/SurveyX/code/SurveyX-main/outputs/t14b/papers/A unified lottery ticket hypothesis for graph neural networks.json"
}