{
    "from": null,
    "scholar_id": null,
    "detail_id": null,
    "title": "Advancing model pruning via bi-level optimization",
    "abstract": "The deployment constraints in practical applications necessitate the pruning of large-scale deep learning models, i.e., promoting their weight sparsity. As illustrated by the Lottery Ticket Hypothesis (LTH), pruning also has the potential of improving their generalization ability. At the core of LTH, iterative magnitude pruning (IMP) is the predominant pruning method to successfully find 'winning tickets'. Yet, the computation cost of IMP grows prohibitively as the targeted pruning ratio increases. To reduce the computation overhead, various efficient 'one-shot' pruning methods have been developed, but these schemes are usually unable to find winning tickets as good as IMP. This raises the question of how to close the gap between pruning accuracy and pruning efficiency? To tackle it, we pursue the algorithmic advancement of model pruning. Specifically, we formulate the pruning problem from a fresh and novel viewpoint, bi-level optimization (BLO). We show that the BLO interpretation provides a technically-grounded optimization base for an efficient implementation of the pruning-retraining learning paradigm used in IMP. We also show that the proposed bi-level optimization-oriented pruning method (termed BiP) is a special class of BLO problems with a bi-linear problem structure. By leveraging such bi-linearity, we theoretically show that BiP can be solved as easily as first-order optimization, thus inheriting the computation efficiency. Through extensive experiments on both structured and unstructured pruning with 5 model architectures and 4 data sets, we demonstrate that BiP can find better winning tickets than IMP in most cases, and is computationally as efficient as the one-shot pruning schemes, demonstrating 2-7 times speedup over IMP for the same level of model accuracy and sparsity.",
    "arxivid": "2210.04092v4",
    "bib_name": "Advancingm167",
    "md_text": "# Advancing model pruning via bi-level optimization\n\n\nabstract\n\nThe deployment constraints in practical applications necessitate the pruning of large-scale deep learning models, i.e., promoting their weight sparsity. As illustrated by the Lottery Ticket Hypothesis (LTH), pruning also has the potential of improving their generalization ability. At the core of LTH, iterative magnitude pruning (IMP) is the predominant pruning method to successfully find 'winning tickets'. Yet, the computation cost of IMP grows prohibitively as the targeted pruning ratio increases. To reduce the computation overhead, various efficient 'one-shot' pruning methods have been developed, but these schemes are usually unable to find winning tickets as good as IMP. This raises the question of how to close the gap between pruning accuracy and pruning efficiency? To tackle it, we pursue the algorithmic advancement of model pruning. Specifically, we formulate the pruning problem from a fresh and novel viewpoint, bi-level optimization (BLO). We show that the BLO interpretation provides a technically-grounded optimization base for an efficient implementation of the pruning-retraining learning paradigm used in IMP. We also show that the proposed bi-level optimization-oriented pruning method (termed BiP) is a special class of BLO problems with a bi-linear problem structure. By leveraging such bi-linearity, we theoretically show that BiP can be solved as easily as first-order optimization, thus inheriting the computation efficiency. Through extensive experiments on both structured and unstructured pruning with 5 model architectures and 4 data sets, we demonstrate that BiP can find better winning tickets than IMP in most cases, and is computationally as efficient as the one-shot pruning schemes, demonstrating 2-7 times speedup over IMP for the same level of model accuracy and sparsity.",
    "paper_type": "method",
    "attri": {
        "background": "The deployment constraints in practical applications necessitate the pruning of large-scale deep learning models, promoting their weight sparsity. The Lottery Ticket Hypothesis (LTH) illustrates that pruning can also enhance generalization ability. Iterative magnitude pruning (IMP) is the leading method for finding 'winning tickets', but its computation cost increases significantly with higher pruning ratios. Various efficient 'one-shot' pruning methods have been developed, yet they often fail to achieve the same quality of winning tickets as IMP, highlighting the need for a method that balances pruning accuracy and efficiency.",
        "problem": {
            "definition": "The paper aims to address the challenge of efficiently pruning deep learning models while maintaining or improving their performance.",
            "key obstacle": "The main difficulty lies in the high computational cost associated with iterative pruning methods like IMP, which escalates as the targeted pruning ratio increases."
        },
        "idea": {
            "intuition": "The proposed idea is inspired by the need to reconcile the trade-off between pruning accuracy and computational efficiency in deep learning model pruning.",
            "opinion": "The authors propose a novel bi-level optimization (BLO) framework for model pruning, termed BiP, which aims to enhance the efficiency of finding winning tickets.",
            "innovation": "BiP represents a significant advancement over existing methods by framing the pruning problem within a BLO context, allowing it to achieve computational efficiency comparable to one-shot pruning methods while yielding superior winning tickets."
        },
        "method": {
            "method name": "Bi-level Optimization Pruning",
            "method abbreviation": "BiP",
            "method definition": "BiP is defined as a special class of bi-level optimization problems with a bi-linear structure, designed to efficiently implement the pruning-retraining paradigm.",
            "method description": "BiP leverages bi-linearity to simplify the optimization process, enabling efficient pruning of deep learning models.",
            "method steps": "1. Formulate the pruning problem using bi-level optimization. 2. Apply the pruning-retraining learning paradigm. 3. Optimize the model to find winning tickets efficiently.",
            "principle": "The effectiveness of BiP in solving the pruning problem lies in its ability to combine the advantages of bi-level optimization with the computational efficiency of first-order optimization techniques."
        },
        "experiments": {
            "evaluation setting": "Extensive experiments were conducted on both structured and unstructured pruning across 5 model architectures and 4 datasets.",
            "evaluation method": "The performance of BiP was assessed by comparing its results to those of IMP and one-shot pruning methods, measuring the accuracy and sparsity achieved."
        },
        "conclusion": "The experiments demonstrate that BiP can find better winning tickets than IMP in most scenarios while being computationally efficient, achieving a speedup of 2-7 times over IMP for equivalent levels of model accuracy and sparsity.",
        "discussion": {
            "advantage": "The primary advantage of BiP is its ability to combine high pruning accuracy with computational efficiency, outperforming traditional methods like IMP.",
            "limitation": "A potential limitation of BiP may include its reliance on the specific bi-level optimization framework, which might not generalize to all types of pruning tasks.",
            "future work": "Future research could explore further refinements of the BiP approach and its application to a broader range of model architectures and datasets."
        },
        "other info": []
    },
    "mount_outline": [
        {
            "section number": "1.1",
            "key information": "Pruning enhances generalization ability, as illustrated by the Lottery Ticket Hypothesis (LTH)."
        },
        {
            "section number": "1.2",
            "key information": "The paper addresses the challenge of efficiently pruning deep learning models while maintaining or improving their performance."
        },
        {
            "section number": "1.3",
            "key information": "The proposed method, Bi-level Optimization Pruning (BiP), aims to enhance the efficiency of finding winning tickets in deep learning models."
        },
        {
            "section number": "2.2",
            "key information": "Pruning promotes weight sparsity in large-scale deep learning models, which is essential for deployment in practical applications."
        },
        {
            "section number": "2.4",
            "key information": "The main difficulty in pruning lies in the high computational cost associated with iterative pruning methods like Iterative Magnitude Pruning (IMP)."
        },
        {
            "section number": "3.5",
            "key information": "BiP represents a significant advancement over existing methods by framing the pruning problem within a bi-level optimization context."
        },
        {
            "section number": "4.3",
            "key information": "BiP can find better winning tickets than IMP in most scenarios while achieving a speedup of 2-7 times over IMP for equivalent levels of model accuracy and sparsity."
        },
        {
            "section number": "5.1",
            "key information": "BiP combines high pruning accuracy with computational efficiency, outperforming traditional methods like IMP."
        },
        {
            "section number": "6.5",
            "key information": "Future research could explore further refinements of the BiP approach and its application to a broader range of model architectures and datasets."
        }
    ],
    "similarity_score": null,
    "image": null,
    "path": "/home/liudingyuan/code/SurveyX/code/SurveyX-main/outputs/t14b/papers/Advancing model pruning via bi-level optimization.json"
}