{
    "from": null,
    "scholar_id": null,
    "detail_id": null,
    "title": "AI-generated content AIGC: A survey",
    "abstract": "To address the challenges of digital intelligence in the digital economy, artificial intelligence-generated content (AIGC) has emerged. AIGC uses artificial intelligence to assist or replace manual content generation by generating content based on user-inputted keywords or requirements. The development of large model algorithms has significantly strengthened the capabilities of AIGC, which makes AIGC products a promising generative tool and adds convenience to our lives. As an upstream technology, AIGC has unlimited potential to support different downstream applications. It is important to analyze AIGC's current capabilities and shortcomings to understand how it can be best utilized in future applications. Therefore, this paper provides an extensive overview of AIGC, covering its definition, essential conditions, cutting-edge capabilities, and advanced features. Moreover, it discusses the benefits of large-scale pre-trained models and the industrial chain of AIGC. Furthermore, the article explores the distinctions between auxiliary generation and automatic generation within AIGC, providing examples of text generation. The paper also examines the potential integration of AIGC with the Metaverse. Lastly, the article highlights existing issues and suggests some future directions for application.",
    "arxivid": "2304.06632v1",
    "bib_name": "AI-generat9",
    "md_text": "# AI-generated content AIGC: A survey\n\n\nabstract\n\nTo address the challenges of digital intelligence in the digital economy, artificial intelligence-generated content (AIGC) has emerged. AIGC uses artificial intelligence to assist or replace manual content generation by generating content based on user-inputted keywords or requirements. The development of large model algorithms has significantly strengthened the capabilities of AIGC, which makes AIGC products a promising generative tool and adds convenience to our lives. As an upstream technology, AIGC has unlimited potential to support different downstream applications. It is important to analyze AIGC's current capabilities and shortcomings to understand how it can be best utilized in future applications. Therefore, this paper provides an extensive overview of AIGC, covering its definition, essential conditions, cutting-edge capabilities, and advanced features. Moreover, it discusses the benefits of large-scale pre-trained models and the industrial chain of AIGC. Furthermore, the article explores the distinctions between auxiliary generation and automatic generation within AIGC, providing examples of text generation. The paper also examines the potential integration of AIGC with the Metaverse. Lastly, the article highlights existing issues and suggests some future directions for application.",
    "paper_type": "survey",
    "attri": {
        "background": {
            "purpose": "This survey aims to analyze the current capabilities and shortcomings of artificial intelligence-generated content (AIGC) to understand its potential applications in the digital economy.",
            "scope": "The survey covers AIGC's definition, essential conditions, capabilities, features, and its integration with the Metaverse, while excluding specific applications beyond content generation."
        },
        "problem": {
            "definition": "The core issue explored is the effectiveness and limitations of AIGC in generating content based on user inputs.",
            "key obstacle": "Primary challenges include understanding the boundaries of AIGC's capabilities and addressing the integration of AIGC with various applications."
        },
        "architecture": {
            "perspective": "The survey introduces a framework for categorizing AIGC into auxiliary generation and automatic generation, highlighting their distinct features.",
            "fields/stages": "The survey organizes current research into stages based on the development of large model algorithms and their application in content generation."
        },
        "conclusion": {
            "comparisions": "The survey compares different methods of AIGC in terms of effectiveness and the role of large-scale pre-trained models.",
            "results": "Key takeaways include the recognition of AIGC as a promising generative tool with potential for various downstream applications."
        },
        "discussion": {
            "advantage": "Strengths of existing research include the successful development of large model algorithms that enhance AIGC capabilities.",
            "limitation": "Current studies fall short in fully understanding the integration of AIGC with broader applications beyond content generation.",
            "gaps": "Unanswered questions remain regarding the full potential and limitations of AIGC in various contexts.",
            "future work": "Future research should focus on exploring emerging trends in AIGC applications and addressing the limitations identified in current studies."
        },
        "other info": {
            "info1": "The paper emphasizes the importance of analyzing AIGC's capabilities to maximize its utility.",
            "info2": {
                "info2.1": "The potential integration of AIGC with the Metaverse is discussed as a future application.",
                "info2.2": "The industrial chain of AIGC is outlined, emphasizing its role as an upstream technology."
            }
        }
    },
    "mount_outline": [
        {
            "section number": "1.2",
            "key information": "The survey covers AIGC's definition, essential conditions, capabilities, features, and its integration with the Metaverse, while excluding specific applications beyond content generation."
        },
        {
            "section number": "2.1",
            "key information": "The survey introduces a framework for categorizing AIGC into auxiliary generation and automatic generation, highlighting their distinct features."
        },
        {
            "section number": "2.4",
            "key information": "Primary challenges include understanding the boundaries of AIGC's capabilities and addressing the integration of AIGC with various applications."
        },
        {
            "section number": "4.1",
            "key information": "The survey compares different methods of AIGC in terms of effectiveness and the role of large-scale pre-trained models."
        },
        {
            "section number": "6.5",
            "key information": "Future research should focus on exploring emerging trends in AIGC applications and addressing the limitations identified in current studies."
        }
    ],
    "similarity_score": null,
    "image": null,
    "path": "/home/liudingyuan/code/SurveyX/code/SurveyX-main/outputs/t14b/papers/AI-generated content AIGC_ A survey.json"
}