{
    "from": null,
    "scholar_id": null,
    "detail_id": null,
    "title": "AMC: AutoML for model compression and acceleration on mobile devices",
    "abstract": "Model compression is an effective technique to efficiently deploy neural network models on mobile devices which have limited computation resources and tight power budgets. Conventional model compression techniques rely on hand-crafted features and require domain experts to explore the large design space trading off among model size, speed, and accuracy, which is usually sub-optimal and time-consuming. In this paper, we propose AutoML for Model Compression (AMC) which leverages reinforcement learning to efficiently sample the design space and can improve the model compression quality. We achieved state-of-the-art model compression results in a fully automated way without any human efforts. Under 4\\(\\times \\) FLOPs reduction, we achieved 2.7% better accuracy than the hand-crafted model compression method for VGG-16 on ImageNet. We applied this automated, push-the-button compression pipeline to MobileNet-V1 and achieved a speedup of 1.53\\(\\times \\) on the GPU (Titan Xp) and 1.95\\(\\times \\) on an Android phone (Google Pixel 1), with negligible loss of accuracy.",
    "arxivid": "1802.03494v4",
    "bib_name": "AMC:AutoML131",
    "md_text": "# AMC: AutoML for model compression and acceleration on mobile devices\n\n\nabstract\n\nModel compression is an effective technique to efficiently deploy neural network models on mobile devices which have limited computation resources and tight power budgets. Conventional model compression techniques rely on hand-crafted features and require domain experts to explore the large design space trading off among model size, speed, and accuracy, which is usually sub-optimal and time-consuming. In this paper, we propose AutoML for Model Compression (AMC) which leverages reinforcement learning to efficiently sample the design space and can improve the model compression quality. We achieved state-of-the-art model compression results in a fully automated way without any human efforts. Under 4\\(\\times \\) FLOPs reduction, we achieved 2.7% better accuracy than the hand-crafted model compression method for VGG-16 on ImageNet. We applied this automated, push-the-button compression pipeline to MobileNet-V1 and achieved a speedup of 1.53\\(\\times \\) on the GPU (Titan Xp) and 1.95\\(\\times \\) on an Android phone (Google Pixel 1), with negligible loss of accuracy.",
    "paper_type": "method",
    "attri": {
        "background": "This paper addresses the issue of efficiently deploying neural network models on mobile devices with limited computational resources and tight power budgets. Previous model compression techniques relied heavily on hand-crafted features and required domain experts to navigate a large design space, which often resulted in sub-optimal and time-consuming solutions. A new breakthrough is necessary to automate this process and improve model compression quality.",
        "problem": {
            "definition": "The problem is the inefficient deployment of neural network models on mobile devices due to their limited computation resources and power constraints, necessitating effective model compression techniques.",
            "key obstacle": "The main challenge is the reliance on hand-crafted features and expert knowledge to explore the design space, which is often sub-optimal and not scalable."
        },
        "idea": {
            "intuition": "The idea was inspired by the potential of reinforcement learning to automate the exploration of the design space for model compression, reducing the need for human intervention.",
            "opinion": "The proposed idea, AutoML for Model Compression (AMC), automates the model compression process using reinforcement learning, significantly improving the efficiency and quality of the compression.",
            "innovation": "The primary innovation lies in the use of reinforcement learning to sample the design space effectively, achieving state-of-the-art model compression results without requiring human efforts."
        },
        "method": {
            "method name": "AutoML for Model Compression",
            "method abbreviation": "AMC",
            "method definition": "AMC is a method that utilizes reinforcement learning to automate the design space exploration for model compression, optimizing trade-offs between model size, speed, and accuracy.",
            "method description": "AMC is a fully automated pipeline for model compression that leverages reinforcement learning to optimize neural network models.",
            "method steps": [],
            "principle": "The method is effective because it systematically explores the design space using reinforcement learning, allowing for optimal trade-offs without human intervention."
        },
        "experiments": {
            "evaluation setting": "The experiments were conducted on VGG-16 and MobileNet-V1 architectures with datasets like ImageNet, comparing results against hand-crafted model compression methods.",
            "evaluation method": "The performance of the method was assessed by measuring the accuracy and speedup achieved in model compression, specifically under a 4x FLOPs reduction."
        },
        "conclusion": "The experiments demonstrated that AMC achieves state-of-the-art model compression results, improving accuracy by 2.7% compared to traditional methods while ensuring significant speedups on both GPU and mobile devices.",
        "discussion": {
            "advantage": "The key advantage of AMC is its ability to automate model compression, significantly reducing the time and expertise required to achieve optimal results.",
            "limitation": "A limitation of the method may include its reliance on the quality of the reinforcement learning framework and the need for extensive computational resources during the training phase.",
            "future work": "Future work could explore refining the reinforcement learning approach, enhancing the efficiency of the search process, and applying AMC to a broader range of neural network architectures."
        },
        "other info": []
    },
    "mount_outline": [
        {
            "section number": "1.1",
            "key information": "Pruning is crucial for model compression and network optimization, especially for deploying neural network models on mobile devices with limited computational resources."
        },
        {
            "section number": "2.2",
            "key information": "The concept of pruning within neural networks is addressed by the need for effective model compression techniques to overcome deployment inefficiencies."
        },
        {
            "section number": "3.5",
            "key information": "The proposed AutoML for Model Compression (AMC) method utilizes reinforcement learning to automate the design space exploration for model compression."
        },
        {
            "section number": "4.3",
            "key information": "AMC achieves state-of-the-art model compression results, improving accuracy by 2.7% compared to traditional methods while ensuring significant speedups on both GPU and mobile devices."
        },
        {
            "section number": "5.1",
            "key information": "The performance of AMC was assessed by measuring the accuracy and speedup achieved in model compression, specifically under a 4x FLOPs reduction."
        },
        {
            "section number": "6.1",
            "key information": "Future work could explore refining the reinforcement learning approach and enhancing the efficiency of the search process in model compression."
        }
    ],
    "similarity_score": null,
    "image": null,
    "path": "/home/liudingyuan/code/SurveyX/code/SurveyX-main/outputs/t14b/papers/AMC_ AutoML for model compression and acceleration on mobile devices.json"
}