{
    "from": null,
    "scholar_id": null,
    "detail_id": null,
    "title": "An image is worth 16x16 words: Transformers for image recognition at scale",
    "abstract": "While the Transformer architecture has become the de-facto standard for natural language processing tasks, its applications to computer vision remain limited. In vision, attention is either applied in conjunction with convolutional networks, or used to replace certain components of convolutional networks while keeping their overall structure in place. We show that this reliance on CNNs is not necessary and a pure transformer applied directly to sequences of image patches can perform very well on image classification tasks. When pre-trained on large amounts of data and transferred to multiple mid-sized or small image recognition benchmarks (ImageNet, CIFAR-100, VTAB, etc.), Vision Transformer (ViT) attains excellent results compared to state-of-the-art convolutional networks while requiring substantially fewer computational resources to train.",
    "arxivid": "2010.11929v2",
    "bib_name": "Animageisw1",
    "md_text": "# An image is worth 16x16 words: Transformers for image recognition at scale\n\n\nabstract\n\nWhile the Transformer architecture has become the de-facto standard for natural language processing tasks, its applications to computer vision remain limited. In vision, attention is either applied in conjunction with convolutional networks, or used to replace certain components of convolutional networks while keeping their overall structure in place. We show that this reliance on CNNs is not necessary and a pure transformer applied directly to sequences of image patches can perform very well on image classification tasks. When pre-trained on large amounts of data and transferred to multiple mid-sized or small image recognition benchmarks (ImageNet, CIFAR-100, VTAB, etc.), Vision Transformer (ViT) attains excellent results compared to state-of-the-art convolutional networks while requiring substantially fewer computational resources to train.",
    "paper_type": "method",
    "attri": {
        "background": "This paper addresses the issue of limited applications of Transformer architectures in computer vision, highlighting the reliance on convolutional networks (CNNs) for image processing tasks and the necessity for a breakthrough method that can leverage Transformers directly for image classification.",
        "problem": {
            "definition": "The problem defined in this paper is the underutilization of Transformer architectures in image recognition tasks due to the prevailing dependence on convolutional networks.",
            "key obstacle": "The main difficulty is the entrenched belief that CNNs are essential for image processing, which hinders the exploration of pure Transformer models for these tasks."
        },
        "idea": {
            "intuition": "The intuition behind the proposed idea stems from the observation that Transformers, when applied directly to sequences of image patches, can achieve competitive performance in image classification without the need for CNN components.",
            "opinion": "The proposed idea is to utilize a Vision Transformer (ViT) that processes image patches directly, thereby eliminating the necessity for convolutional layers in image classification.",
            "innovation": "The primary innovation of this method is the demonstration that a pure Transformer model can outperform state-of-the-art CNNs in image classification tasks while being more computationally efficient."
        },
        "method": {
            "method name": "Vision Transformer",
            "method abbreviation": "ViT",
            "method definition": "Vision Transformer is a model that applies Transformer architecture directly to sequences of image patches for the task of image classification.",
            "method description": "ViT processes images by dividing them into patches and treating these patches as input tokens for the Transformer model.",
            "method steps": "1. Divide the input image into fixed-size patches. 2. Flatten and embed the patches into a sequence. 3. Apply the Transformer architecture to the sequence of embedded patches. 4. Use the output for classification tasks.",
            "principle": "This method is effective because it leverages the self-attention mechanism of Transformers to capture global context and relationships between image patches, allowing for improved feature extraction."
        },
        "experiments": {
            "evaluation setting": "The experimental setup involves pre-training the Vision Transformer on large datasets and evaluating its performance on various mid-sized and small image recognition benchmarks such as ImageNet, CIFAR-100, and VTAB.",
            "evaluation method": "The evaluation method includes measuring classification accuracy and computational efficiency compared to baseline convolutional network models."
        },
        "conclusion": "The outcomes of the experiments reveal that the Vision Transformer achieves excellent results in image classification tasks, outperforming traditional CNNs while requiring fewer computational resources, thus validating the proposed approach.",
        "discussion": {
            "advantage": "The key advantage of the Vision Transformer is its ability to achieve high performance in image classification without the need for convolutional layers, leading to a more efficient model.",
            "limitation": "A limitation of the method may include potential challenges in training the Transformer model effectively on smaller datasets due to its high capacity.",
            "future work": "Future work could explore further refinements of the Vision Transformer architecture and its application to other vision tasks, as well as strategies to improve its performance on smaller datasets."
        },
        "other info": []
    },
    "mount_outline": [
        {
            "section number": "2.1",
            "key information": "This paper addresses the issue of limited applications of Transformer architectures in computer vision, highlighting the reliance on convolutional networks (CNNs) for image processing tasks."
        },
        {
            "section number": "2.2",
            "key information": "The proposed idea is to utilize a Vision Transformer (ViT) that processes image patches directly, thereby eliminating the necessity for convolutional layers in image classification."
        },
        {
            "section number": "2.4",
            "key information": "The primary innovation of this method is the demonstration that a pure Transformer model can outperform state-of-the-art CNNs in image classification tasks while being more computationally efficient."
        },
        {
            "section number": "3.5",
            "key information": "Vision Transformer (ViT) processes images by dividing them into patches and treating these patches as input tokens for the Transformer model."
        },
        {
            "section number": "4.3",
            "key information": "The experimental setup involves pre-training the Vision Transformer on large datasets and evaluating its performance on various mid-sized and small image recognition benchmarks such as ImageNet, CIFAR-100, and VTAB."
        },
        {
            "section number": "5.2",
            "key information": "The outcomes of the experiments reveal that the Vision Transformer achieves excellent results in image classification tasks, outperforming traditional CNNs while requiring fewer computational resources."
        },
        {
            "section number": "6.1",
            "key information": "Future work could explore further refinements of the Vision Transformer architecture and its application to other vision tasks, as well as strategies to improve its performance on smaller datasets."
        }
    ],
    "similarity_score": null,
    "image": null,
    "path": "/home/liudingyuan/code/SurveyX/code/SurveyX-main/outputs/t14b/papers/An image is worth 16x16 words_ Transformers for image recognition at scale.json"
}