{
    "from": null,
    "scholar_id": null,
    "detail_id": null,
    "title": "Analyzing multi-head self-attention: Specialized heads do the heavy lifting, the rest can be pruned",
    "abstract": "Multi-head self-attention is a key component of the Transformer, a state-of-the-art architecture for neural machine translation. In this work we evaluate the contribution made by individual attention heads to the overall performance of the model and analyze the roles played by them in the encoder. We find that the most important and confident heads play consistent and often linguistically-interpretable roles. When pruning heads using a method based on stochastic gates and a differentiable relaxation of the L0 penalty, we observe that specialized heads are last to be pruned. Our novel pruning method removes the vast majority of heads without seriously affecting performance. For example, on the English-Russian WMT dataset, pruning 38 out of 48 encoder heads results in a drop of only 0.15 BLEU.",
    "arxivid": "1905.09418v2",
    "bib_name": "Analyzingm129",
    "md_text": "# Analyzing multi-head self-attention: Specialized heads do the heavy lifting, the rest can be pruned\n\n\nabstract\n\nMulti-head self-attention is a key component of the Transformer, a state-of-the-art architecture for neural machine translation. In this work we evaluate the contribution made by individual attention heads to the overall performance of the model and analyze the roles played by them in the encoder. We find that the most important and confident heads play consistent and often linguistically-interpretable roles. When pruning heads using a method based on stochastic gates and a differentiable relaxation of the L0 penalty, we observe that specialized heads are last to be pruned. Our novel pruning method removes the vast majority of heads without seriously affecting performance. For example, on the English-Russian WMT dataset, pruning 38 out of 48 encoder heads results in a drop of only 0.15 BLEU.",
    "paper_type": "method",
    "attri": {
        "background": "This paper addresses the issue of evaluating the contribution of individual attention heads in multi-head self-attention, a crucial component of the Transformer architecture used in neural machine translation. Previous methods did not effectively analyze the roles of these heads, necessitating a new approach to understand their importance and to develop pruning techniques that maintain performance.",
        "problem": {
            "definition": "The problem defined in this paper is the challenge of identifying which attention heads in multi-head self-attention contribute significantly to the performance of the Transformer model and how to prune less important heads without degrading model performance.",
            "key obstacle": "The main difficulty is that existing methods do not provide a clear understanding of the individual roles of attention heads, making it hard to determine which heads can be pruned without adversely affecting the model's accuracy."
        },
        "idea": {
            "intuition": "The intuition behind this work is that not all attention heads contribute equally to the model's performance, and some heads may perform specialized tasks that can be identified and preserved during pruning.",
            "opinion": "The proposed idea involves analyzing the contributions of each attention head and employing a novel pruning technique that focuses on retaining the most valuable heads while removing those that are less important.",
            "innovation": "The innovation lies in the development of a pruning method based on stochastic gates and a differentiable relaxation of the L0 penalty, allowing for the effective removal of heads while maintaining performance."
        },
        "method": {
            "method name": "Pruning Method for Multi-head Self-attention",
            "method abbreviation": "PMS",
            "method definition": "The PMS method systematically evaluates the importance of each attention head in the multi-head self-attention mechanism and prunes those deemed less significant based on their contributions to model performance.",
            "method description": "This method analyzes attention heads and prunes them using a stochastic gating approach, ensuring that specialized heads are preserved.",
            "method steps": "1. Evaluate the contribution of each attention head. 2. Identify specialized heads. 3. Apply stochastic gating to prune less important heads. 4. Validate performance post-pruning.",
            "principle": "This method is effective because it relies on the consistent and interpretable roles of heads, allowing for targeted pruning that minimizes performance loss."
        },
        "experiments": {
            "evaluation setting": "The experiments were conducted using the English-Russian WMT dataset, comparing the performance of the model before and after pruning 38 out of 48 encoder heads.",
            "evaluation method": "The evaluation method involved measuring the BLEU score to assess the impact of head pruning on translation performance, analyzing how much performance drops with the removal of certain heads."
        },
        "conclusion": "The outcomes of the experiments demonstrate that the proposed pruning method can effectively reduce the number of attention heads while maintaining near-original performance, as evidenced by only a 0.15 drop in BLEU score after significant pruning.",
        "discussion": {
            "advantage": "The key advantages of the proposed approach include the ability to maintain high performance while significantly reducing model complexity through effective head pruning.",
            "limitation": "A limitation of the method is that it may not generalize well to all types of tasks or datasets, as the importance of attention heads could vary.",
            "future work": "Future work could involve exploring the applicability of this pruning method across different architectures and tasks, as well as refining the evaluation criteria for head importance."
        },
        "other info": []
    },
    "mount_outline": [
        {
            "section number": "2.2",
            "key information": "The problem defined in this paper is the challenge of identifying which attention heads in multi-head self-attention contribute significantly to the performance of the Transformer model and how to prune less important heads without degrading model performance."
        },
        {
            "section number": "3.5",
            "key information": "The innovation lies in the development of a pruning method based on stochastic gates and a differentiable relaxation of the L0 penalty, allowing for the effective removal of heads while maintaining performance."
        },
        {
            "section number": "4.1",
            "key information": "The evaluation method involved measuring the BLEU score to assess the impact of head pruning on translation performance, analyzing how much performance drops with the removal of certain heads."
        },
        {
            "section number": "5.2",
            "key information": "The outcomes of the experiments demonstrate that the proposed pruning method can effectively reduce the number of attention heads while maintaining near-original performance, as evidenced by only a 0.15 drop in BLEU score after significant pruning."
        },
        {
            "section number": "6.3",
            "key information": "Future work could involve exploring the applicability of this pruning method across different architectures and tasks, as well as refining the evaluation criteria for head importance."
        }
    ],
    "similarity_score": null,
    "image": null,
    "path": "/home/liudingyuan/code/SurveyX/code/SurveyX-main/outputs/t14b/papers/Analyzing multi-head self-attention_ Specialized heads do the heavy lifting, the rest can be pruned.json"
}