{
    "from": null,
    "scholar_id": null,
    "detail_id": null,
    "title": "Are all layers created equal?",
    "abstract": "Understanding deep neural networks has been a major research objective in recent years with notable theoretical progress. A focal point of those studies stems from the success of excessively large networks which defy the classical wisdom of uniform convergence and learnability. We study empirically the layer-wise functional structure of overparameterized deep models. We provide evidence for the heterogeneous characteristic of layers. To do so, we introduce the notion of robustness to post-training re-initialization and re-randomization. We show that the layers can be categorized as either ``ambient'' or ``critical''. Resetting the ambient layers to their initial values has no negative consequence, and in many cases they barely change throughout training. On the contrary, resetting the critical layers completely destroys the predictor and the performance drops to chanceh. Our study provides further evidence that mere parameter counting or norm accounting is too coarse in studying generalization of deep models, and flatness or robustness analysis of the models needs to respect the network architectures.",
    "arxivid": "1902.01996v4",
    "bib_name": "Arealllaye153",
    "md_text": "# Are all layers created equal?\n\n\nabstract\n\nUnderstanding deep neural networks has been a major research objective in recent years with notable theoretical progress. A focal point of those studies stems from the success of excessively large networks which defy the classical wisdom of uniform convergence and learnability. We study empirically the layer-wise functional structure of overparameterized deep models. We provide evidence for the heterogeneous characteristic of layers. To do so, we introduce the notion of robustness to post-training re-initialization and re-randomization. We show that the layers can be categorized as either ``ambient'' or ``critical''. Resetting the ambient layers to their initial values has no negative consequence, and in many cases they barely change throughout training. On the contrary, resetting the critical layers completely destroys the predictor and the performance drops to chanceh. Our study provides further evidence that mere parameter counting or norm accounting is too coarse in studying generalization of deep models, and flatness or robustness analysis of the models needs to respect the network architectures.",
    "paper_type": "theory",
    "attri": {
        "background": "This paper addresses the issue of understanding deep neural networks, particularly focusing on the success of excessively large networks that challenge traditional notions of uniform convergence and learnability.",
        "problem": {
            "definition": "The problem is to understand the functional structure of layers in overparameterized deep models and how they contribute to the overall performance of neural networks.",
            "key obstacle": "A main challenge is the lack of clarity on the role of different layers in deep networks, particularly distinguishing between layers that contribute significantly to learning and those that do not."
        },
        "idea": {
            "intuition": "The idea was inspired by the observation that not all layers in a deep neural network behave uniformly during training.",
            "opinion": "The authors propose that layers can be categorized into 'ambient' and 'critical' based on their robustness to re-initialization.",
            "innovation": "The primary improvement is the introduction of the robustness concept, which allows for a nuanced understanding of layer contributions beyond simple parameter counting."
        },
        "Theory": {
            "perspective": "The theoretical perspective involves analyzing the functional structure of layers in deep networks and their roles in learning and generalization.",
            "opinion": "The authors assume that the traditional measures of model performance do not capture the complexities of how different layers interact and contribute to learning.",
            "proof": "The paper provides empirical evidence supporting the categorization of layers and their robustness characteristics through experiments."
        },
        "experiments": {
            "evaluation setting": "The evaluation includes a variety of overparameterized deep models, assessing the impact of resetting layers on performance.",
            "evaluation method": "The specific evaluation steps involve re-initializing layers to their initial values and measuring the resultant performance drop."
        },
        "conclusion": "The study concludes that not all layers are created equal; the distinction between ambient and critical layers is crucial for understanding the generalization capabilities of deep models.",
        "discussion": {
            "advantage": "The paper provides a novel framework for understanding layer-wise contributions in deep networks, which could lead to better model designs and training strategies.",
            "limitation": "One limitation is that the study may not cover all types of neural architectures, and the robustness concept may need further exploration in different contexts.",
            "future work": "Future work could focus on extending the robustness analysis to other architectures and exploring additional metrics that capture layer contributions more effectively."
        },
        "other info": []
    },
    "mount_outline": [
        {
            "section number": "2.1",
            "key information": "This paper addresses the issue of understanding deep neural networks, particularly focusing on the success of excessively large networks that challenge traditional notions of uniform convergence and learnability."
        },
        {
            "section number": "2.2",
            "key information": "The problem is to understand the functional structure of layers in overparameterized deep models and how they contribute to the overall performance of neural networks."
        },
        {
            "section number": "2.4",
            "key information": "The study concludes that not all layers are created equal; the distinction between ambient and critical layers is crucial for understanding the generalization capabilities of deep models."
        },
        {
            "section number": "3.5",
            "key information": "The authors propose that layers can be categorized into 'ambient' and 'critical' based on their robustness to re-initialization."
        },
        {
            "section number": "5.2",
            "key information": "The authors assume that the traditional measures of model performance do not capture the complexities of how different layers interact and contribute to learning."
        },
        {
            "section number": "6.1",
            "key information": "The paper provides a novel framework for understanding layer-wise contributions in deep networks, which could lead to better model designs and training strategies."
        },
        {
            "section number": "6.5",
            "key information": "Future work could focus on extending the robustness analysis to other architectures and exploring additional metrics that capture layer contributions more effectively."
        }
    ],
    "similarity_score": null,
    "image": null,
    "path": "/home/liudingyuan/code/SurveyX/code/SurveyX-main/outputs/t14b/papers/Are all layers created equal_.json"
}