{
    "from": null,
    "scholar_id": null,
    "detail_id": null,
    "title": "Are sixteen heads really better than one?",
    "abstract": "Attention is a powerful and ubiquitous mechanism for allowing neural models to focus on particular salient pieces of information by taking their weighted average when making predictions. In particular, multi-headed attention is a driving force behind many recent state-of-the-art NLP models such as Transformer-based MT models and BERT. These models apply multiple attention mechanisms in parallel, with each attention \"head\" potentially focusing on different parts of the input, which makes it possible to express sophisticated functions beyond the simple weighted average. In this paper we make the surprising observation that even if models have been trained using multiple heads, in practice, a large percentage of attention heads can be removed at test time without significantly impacting performance. In fact, some layers can even be reduced to a single head. We further examine greedy algorithms for pruning down models, and the potential speed, memory efficiency, and accuracy improvements obtainable therefrom. Finally, we analyze the results with respect to which parts of the model are more reliant on having multiple heads, and provide precursory evidence that training dynamics play a role in the gains provided by multi-head attention.",
    "arxivid": "1905.10650v3",
    "bib_name": "Aresixteen111",
    "md_text": "# Are sixteen heads really better than one?\n\n\nabstract\n\nAttention is a powerful and ubiquitous mechanism for allowing neural models to focus on particular salient pieces of information by taking their weighted average when making predictions. In particular, multi-headed attention is a driving force behind many recent state-of-the-art NLP models such as Transformer-based MT models and BERT. These models apply multiple attention mechanisms in parallel, with each attention \"head\" potentially focusing on different parts of the input, which makes it possible to express sophisticated functions beyond the simple weighted average. In this paper we make the surprising observation that even if models have been trained using multiple heads, in practice, a large percentage of attention heads can be removed at test time without significantly impacting performance. In fact, some layers can even be reduced to a single head. We further examine greedy algorithms for pruning down models, and the potential speed, memory efficiency, and accuracy improvements obtainable therefrom. Finally, we analyze the results with respect to which parts of the model are more reliant on having multiple heads, and provide precursory evidence that training dynamics play a role in the gains provided by multi-head attention.",
    "paper_type": "method",
    "attri": {
        "background": "This paper addresses the issue of the effectiveness of multi-headed attention mechanisms in neural models, particularly in NLP, and discusses previous methods that utilized multiple attention heads, highlighting the necessity for a breakthrough in understanding their practical utility.",
        "problem": {
            "definition": "The problem defined in this paper is the reliance on multiple attention heads in neural models and whether they are truly necessary for maintaining performance during inference.",
            "key obstacle": "The main challenge is determining the extent to which attention heads contribute to model performance, as existing methods have not adequately explored the potential for reducing the number of heads without sacrificing accuracy."
        },
        "idea": {
            "intuition": "The intuition behind the proposed idea stems from the observation that many attention heads may not be essential for model performance, suggesting that simpler models could be equally effective.",
            "opinion": "The proposed idea involves investigating the possibility of pruning attention heads in multi-headed models to improve efficiency while maintaining performance levels.",
            "innovation": "The innovation lies in the discovery that a significant number of attention heads can be removed during testing without a notable drop in performance, challenging the conventional belief that more heads are always better."
        },
        "method": {
            "method name": "Head Pruning",
            "method abbreviation": "HP",
            "method definition": "Head Pruning is a technique that systematically removes less important attention heads from multi-headed attention models to enhance efficiency without compromising accuracy.",
            "method description": "The core of the method involves identifying and eliminating redundant attention heads based on their contribution to model performance.",
            "method steps": "1. Train the multi-headed attention model. 2. Evaluate the importance of each head. 3. Prune heads based on their importance scores. 4. Test the pruned model for performance.",
            "principle": "This method is effective because it focuses on retaining only the most impactful attention heads, thereby simplifying the model while leveraging the strengths of the remaining heads."
        },
        "experiments": {
            "evaluation setting": "The experimental setup involved training multi-headed attention models on standard NLP tasks and evaluating them using various metrics to compare performance before and after head pruning.",
            "evaluation method": "The evaluation method included measuring the accuracy and efficiency of the models, alongside assessing the impact of head pruning on speed and memory usage."
        },
        "conclusion": "The outcomes of the experiments indicate that a substantial number of attention heads can be pruned without significantly affecting model performance, suggesting that model efficiency can be improved while maintaining accuracy.",
        "discussion": {
            "advantage": "The key advantages of the proposed approach include increased speed and reduced memory usage without a loss in performance, making models more efficient for deployment.",
            "limitation": "A limitation of the method is that certain layers may still require multiple heads to perform optimally, and the pruning process may not be universally applicable across all model architectures.",
            "future work": "Future research should focus on refining the head pruning process, exploring adaptive pruning strategies, and investigating the training dynamics that affect the necessity of multiple heads."
        },
        "other info": []
    },
    "mount_outline": [
        {
            "section number": "2.2",
            "key information": "The proposed idea involves investigating the possibility of pruning attention heads in multi-headed models to improve efficiency while maintaining performance levels."
        },
        {
            "section number": "3.5",
            "key information": "Head Pruning is a technique that systematically removes less important attention heads from multi-headed attention models to enhance efficiency without compromising accuracy."
        },
        {
            "section number": "4.4",
            "key information": "The outcomes of the experiments indicate that a substantial number of attention heads can be pruned without significantly affecting model performance, suggesting that model efficiency can be improved while maintaining accuracy."
        },
        {
            "section number": "5.1",
            "key information": "The evaluation method included measuring the accuracy and efficiency of the models, alongside assessing the impact of head pruning on speed and memory usage."
        },
        {
            "section number": "6.5",
            "key information": "Future research should focus on refining the head pruning process, exploring adaptive pruning strategies, and investigating the training dynamics that affect the necessity of multiple heads."
        }
    ],
    "similarity_score": null,
    "image": null,
    "path": "/home/liudingyuan/code/SurveyX/code/SurveyX-main/outputs/t14b/papers/Are sixteen heads really better than one_.json"
}