{
    "from": null,
    "scholar_id": null,
    "detail_id": null,
    "title": "Attention is all you need",
    "abstract": "Beyond the success story of pre-trained language models (PrLMs) in recent natural language processing, they are susceptible to over-fitting due to unusual large model size. To this end, dropout serves as a therapy. However, existing methods like random-based, knowledge-based and search-based dropout are more general but less effective onto self-attention based models, which are broadly chosen as the fundamental architecture of PrLMs. In this paper, we propose a novel dropout method named AttendOut to let self-attention empowered PrLMs capable of more robust task-specific tuning. We demonstrate that state-of-the-art models with elaborate training design may achieve much stronger results. We verify the universality of our approach on extensive natural language processing tasks.",
    "arxivid": "1706.03762v7",
    "bib_name": "Attentioni54",
    "md_text": "# Attention is all you need\n\n\nabstract\n\nBeyond the success story of pre-trained language models (PrLMs) in recent natural language processing, they are susceptible to over-fitting due to unusual large model size. To this end, dropout serves as a therapy. However, existing methods like random-based, knowledge-based and search-based dropout are more general but less effective onto self-attention based models, which are broadly chosen as the fundamental architecture of PrLMs. In this paper, we propose a novel dropout method named AttendOut to let self-attention empowered PrLMs capable of more robust task-specific tuning. We demonstrate that state-of-the-art models with elaborate training design may achieve much stronger results. We verify the universality of our approach on extensive natural language processing tasks.",
    "paper_type": "method",
    "attri": {
        "background": "This paper addresses the issue of over-fitting in pre-trained language models (PrLMs) due to their unusually large model size, highlighting the limitations of existing dropout methods which are less effective for self-attention based models.",
        "problem": {
            "definition": "The problem is the susceptibility of self-attention based PrLMs to over-fitting during task-specific tuning, which hinders their performance.",
            "key obstacle": "The core obstacle is that existing dropout methods, including random-based, knowledge-based, and search-based approaches, do not effectively mitigate over-fitting in self-attention models."
        },
        "idea": {
            "intuition": "The idea behind AttendOut is inspired by the need for a more effective dropout method tailored specifically for self-attention mechanisms in PrLMs.",
            "opinion": "AttendOut is proposed as a novel dropout method that enhances the robustness of task-specific tuning in self-attention empowered PrLMs.",
            "innovation": "The primary innovation of AttendOut lies in its design, which is specifically optimized for self-attention models, offering greater effectiveness compared to traditional dropout methods."
        },
        "method": {
            "method name": "AttendOut",
            "method abbreviation": "AO",
            "method definition": "AttendOut is a dropout method specifically designed for self-attention based models, aimed at reducing over-fitting during task-specific tuning.",
            "method description": "AttendOut enhances the training of self-attention empowered PrLMs by providing a more robust dropout mechanism.",
            "principle": "This method is effective in solving the problem of over-fitting by integrating dropout in a way that is tailored to the unique characteristics of self-attention layers."
        },
        "experiments": {
            "evaluation setting": "The universality of AttendOut was verified across extensive natural language processing tasks, comparing its performance against state-of-the-art models with elaborate training designs.",
            "evaluation method": "The method's performance was assessed through rigorous experimental setups that measured the effectiveness of AttendOut in reducing over-fitting and improving task-specific tuning."
        },
        "conclusion": "The experiments demonstrate that models employing AttendOut achieve significantly stronger results, indicating its effectiveness in enhancing the robustness of self-attention based PrLMs.",
        "discussion": {
            "advantage": "The key advantage of AttendOut is its tailored approach to dropout for self-attention models, which improves performance in task-specific tuning compared to existing methods.",
            "limitation": "One limitation of the method may be its applicability to other architectures outside of self-attention based models, which requires further exploration.",
            "future work": "Future research could focus on adapting AttendOut for broader applications and investigating its efficacy in various model architectures beyond self-attention."
        },
        "other info": []
    },
    "mount_outline": [
        {
            "section number": "1.1",
            "key information": "This paper addresses the issue of over-fitting in pre-trained language models (PrLMs) due to their unusually large model size, highlighting the limitations of existing dropout methods which are less effective for self-attention based models."
        },
        {
            "section number": "2.1",
            "key information": "The problem is the susceptibility of self-attention based PrLMs to over-fitting during task-specific tuning, which hinders their performance."
        },
        {
            "section number": "2.2",
            "key information": "AttendOut is a dropout method specifically designed for self-attention based models, aimed at reducing over-fitting during task-specific tuning."
        },
        {
            "section number": "3.5",
            "key information": "The primary innovation of AttendOut lies in its design, which is specifically optimized for self-attention models, offering greater effectiveness compared to traditional dropout methods."
        },
        {
            "section number": "4.3",
            "key information": "The universality of AttendOut was verified across extensive natural language processing tasks, comparing its performance against state-of-the-art models with elaborate training designs."
        },
        {
            "section number": "5.2",
            "key information": "The experiments demonstrate that models employing AttendOut achieve significantly stronger results, indicating its effectiveness in enhancing the robustness of self-attention based PrLMs."
        },
        {
            "section number": "6.5",
            "key information": "Future research could focus on adapting AttendOut for broader applications and investigating its efficacy in various model architectures beyond self-attention."
        }
    ],
    "similarity_score": null,
    "image": null,
    "path": "/home/liudingyuan/code/SurveyX/code/SurveyX-main/outputs/t14b/papers/Attention is all you need.json"
}