{
    "from": null,
    "scholar_id": null,
    "detail_id": null,
    "title": "Auto-train-once: Controller network guided automatic network pruning from scratch",
    "abstract": "Current techniques for deep neural network (DNN) pruning often involve intricate multi-step processes that re-quire domain-specific expertise, making their widespread adoption challenging. To address the limitation, the Only-Train-Once (OTO) and OTOv2 are proposed to eliminate the need for additional fine-tuning steps by directly training and compressing a general DNN from scratch. Never-theless, the static design of optimizers (in OTO) can lead to convergence issues of local optima. In this paper, we proposed the Auto-Train-Once (A TO), an innovative net-work pruning algorithm designed to automatically reduce the computational and storage costs of DNNs. During the model training phase, our approach not only trains the tar-get model but also leverages a controller network as an ar-chitecture generator to guide the learning of target model weights. Furthermore, we developed a novel stochastic gradient algorithm that enhances the coordination between model training and controller network training, thereby im-proving pruning performance. We provide a comprehen-sive convergence analysis as well as extensive experiments, and the results show that our approach achieves state-of-the-art performance across various model architectures (including ResNet18, ResNet34, ResNet50, ResNet56, and MobileNetv2) on standard benchmark datasets (CIFAR-10, CIFAR-100, and ImageNet). The code is available at https: 11 g i thub. comlxidon gwul Auto Train Once.",
    "arxivid": "2403.14729v1",
    "bib_name": "Auto-train190",
    "md_text": "# Auto-train-once: Controller network guided automatic network pruning from scratch\n\n\nabstract\n\nCurrent techniques for deep neural network (DNN) pruning often involve intricate multi-step processes that re-quire domain-specific expertise, making their widespread adoption challenging. To address the limitation, the Only-Train-Once (OTO) and OTOv2 are proposed to eliminate the need for additional fine-tuning steps by directly training and compressing a general DNN from scratch. Never-theless, the static design of optimizers (in OTO) can lead to convergence issues of local optima. In this paper, we proposed the Auto-Train-Once (A TO), an innovative net-work pruning algorithm designed to automatically reduce the computational and storage costs of DNNs. During the model training phase, our approach not only trains the tar-get model but also leverages a controller network as an ar-chitecture generator to guide the learning of target model weights. Furthermore, we developed a novel stochastic gradient algorithm that enhances the coordination between model training and controller network training, thereby im-proving pruning performance. We provide a comprehen-sive convergence analysis as well as extensive experiments, and the results show that our approach achieves state-of-the-art performance across various model architectures (including ResNet18, ResNet34, ResNet50, ResNet56, and MobileNetv2) on standard benchmark datasets (CIFAR-10, CIFAR-100, and ImageNet). The code is available at https: 11 g i thub. comlxidon gwul Auto Train Once.",
    "paper_type": "method",
    "attri": {
        "background": "Current techniques for deep neural network (DNN) pruning often involve intricate multi-step processes that require domain-specific expertise, making their widespread adoption challenging. This paper addresses the limitations of existing methods by proposing the Auto-Train-Once (ATO) algorithm, which eliminates the need for additional fine-tuning steps.",
        "problem": {
            "definition": "The problem is the complexity and inefficiency of current DNN pruning techniques that require multiple steps and expert knowledge.",
            "key obstacle": "The static design of optimizers in existing methods can lead to convergence issues and local optima, hindering effective pruning."
        },
        "idea": {
            "intuition": "The idea was inspired by the need for a more efficient pruning process that integrates training and architecture generation.",
            "opinion": "The proposed ATO method aims to automatically reduce computational and storage costs of DNNs while training the model from scratch.",
            "innovation": "ATO introduces a controller network to guide the training of target model weights, along with a novel stochastic gradient algorithm to enhance coordination between model and controller training."
        },
        "method": {
            "method name": "Auto-Train-Once",
            "method abbreviation": "ATO",
            "method definition": "ATO is a network pruning algorithm that trains a DNN from scratch while simultaneously guiding the learning process through a controller network.",
            "method description": "The core of ATO involves using a controller network to optimize the target model's weights during training.",
            "method steps": [
                "1. Initialize the target model and controller network.",
                "2. Train the target model while simultaneously training the controller network.",
                "3. Apply the pruning process guided by the controller's outputs."
            ],
            "principle": "ATO is effective because it integrates model training with architecture generation, allowing for dynamic adjustments that improve pruning performance."
        },
        "experiments": {
            "evaluation setting": "Extensive experiments were conducted on standard benchmark datasets including CIFAR-10, CIFAR-100, and ImageNet, using various model architectures such as ResNet18, ResNet34, ResNet50, ResNet56, and MobileNetv2.",
            "evaluation method": "The performance of ATO was assessed through comprehensive convergence analysis and comparisons with state-of-the-art methods."
        },
        "conclusion": "The results demonstrate that ATO achieves state-of-the-art performance in DNN pruning, successfully addressing the limitations of previous methods and enhancing efficiency.",
        "discussion": {
            "advantage": "ATO's key advantages include a simplified pruning process that eliminates the need for fine-tuning and the ability to dynamically optimize training.",
            "limitation": "Potential limitations of ATO may include its dependency on the effectiveness of the controller network and the need for sufficient training data.",
            "future work": "Future research could explore further enhancements to the controller network and test ATO on a wider range of architectures and datasets."
        },
        "other info": {
            "code repository": "https://github.com/lxidongwu/Auto-Train-Once"
        }
    },
    "mount_outline": [
        {
            "section number": "1.1",
            "key information": "Current techniques for deep neural network (DNN) pruning often involve intricate multi-step processes that require domain-specific expertise, making their widespread adoption challenging."
        },
        {
            "section number": "2.2",
            "key information": "The proposed Auto-Train-Once (ATO) algorithm eliminates the need for additional fine-tuning steps, integrating training and architecture generation."
        },
        {
            "section number": "3.5",
            "key information": "ATO introduces a controller network to guide the training of target model weights, along with a novel stochastic gradient algorithm to enhance coordination between model and controller training."
        },
        {
            "section number": "4.3",
            "key information": "The performance of ATO was assessed through comprehensive convergence analysis and comparisons with state-of-the-art methods."
        },
        {
            "section number": "5.1",
            "key information": "ATO's key advantages include a simplified pruning process that eliminates the need for fine-tuning and the ability to dynamically optimize training."
        },
        {
            "section number": "6.1",
            "key information": "Future research could explore further enhancements to the controller network and test ATO on a wider range of architectures and datasets."
        }
    ],
    "similarity_score": null,
    "image": null,
    "path": "/home/liudingyuan/code/SurveyX/code/SurveyX-main/outputs/t14b/papers/Auto-train-once_ Controller network guided automatic network pruning from scratch.json"
}