{
    "from": null,
    "scholar_id": null,
    "detail_id": null,
    "title": "BERT Busters: Outlier dimensions that disrupt transformers",
    "abstract": "Multiple studies have shown that Transformers are remarkably robust to pruning. Contrary to this received wisdom, we demonstrate that pre-trained Transformer encoders are surprisingly fragile to the removal of a very small number of features in the layer outputs (<0.0001% of model weights). In case of BERT and other pre-trained encoder Transformers, the affected component is the scaling factors and biases in the LayerNorm. The outliers are high-magnitude normalization parameters that emerge early in pre-training and show up consistently in the same dimensional position throughout the model. We show that disabling them significantly degrades both the MLM loss and the downstream task performance. This effect is observed across several BERT-family models and other popular pre-trained Transformer architectures, including BART, XLNet and ELECTRA; we also show a similar effect in GPT-2.",
    "arxivid": "2105.06990v2",
    "bib_name": "BERTBuster143",
    "md_text": "# BERT Busters: Outlier dimensions that disrupt transformers\n\n\nabstract\n\nMultiple studies have shown that Transformers are remarkably robust to pruning. Contrary to this received wisdom, we demonstrate that pre-trained Transformer encoders are surprisingly fragile to the removal of a very small number of features in the layer outputs (<0.0001% of model weights). In case of BERT and other pre-trained encoder Transformers, the affected component is the scaling factors and biases in the LayerNorm. The outliers are high-magnitude normalization parameters that emerge early in pre-training and show up consistently in the same dimensional position throughout the model. We show that disabling them significantly degrades both the MLM loss and the downstream task performance. This effect is observed across several BERT-family models and other popular pre-trained Transformer architectures, including BART, XLNet and ELECTRA; we also show a similar effect in GPT-2.",
    "paper_type": "benchmark",
    "attri": {
        "background": "This paper addresses the issue of the fragility of pre-trained Transformer encoders, specifically how the removal of a small number of features in the layer outputs can significantly impact model performance. This benchmark is necessary to understand the robustness of Transformers and how certain dimensions contribute to their overall effectiveness in various tasks.",
        "problem": {
            "definition": "The benchmark is designed to address the problem of identifying and quantifying the impact of outlier dimensions in Transformer models that disrupt their performance.",
            "key obstacle": "Existing benchmarks do not adequately account for the fragility of Transformer models to the removal of specific features, particularly the scaling factors and biases in LayerNorm."
        },
        "idea": {
            "intuition": "The inspiration behind the benchmark stems from observations that certain high-magnitude normalization parameters are critical for the performance of Transformer models, which led to the investigation of their effects.",
            "opinion": "The authors believe that understanding these outlier dimensions is crucial for improving the robustness of Transformer models and enhancing their performance on downstream tasks.",
            "innovation": "This benchmark differs from previous benchmarks by focusing specifically on the impact of outlier dimensions in LayerNorm, providing insights into the sensitivity of Transformer models to feature removal.",
            "benchmark abbreviation": "BERT Busters"
        },
        "dataset": {
            "source": "The dataset was generated through experiments conducted on various pre-trained Transformer models, including BERT, BART, XLNet, and ELECTRA.",
            "desc": "The dataset includes performance metrics from multiple models when specific outlier dimensions are disabled, highlighting their impact on model performance.",
            "content": "The dataset primarily includes numerical performance metrics related to masked language modeling (MLM) loss and downstream task performance.",
            "size": "-",
            "domain": "Natural Language Processing",
            "task format": "Performance Evaluation"
        },
        "metrics": {
            "metric name": "MLM loss",
            "aspect": "Model performance on downstream tasks",
            "principle": "The choice of metrics is guided by the need to evaluate how the removal of outlier dimensions impacts overall model effectiveness.",
            "procedure": "Models were evaluated by disabling specific outlier dimensions and measuring the resulting changes in MLM loss and task performance."
        },
        "experiments": {
            "model": "BERT-family models, BART, XLNet, ELECTRA, and GPT-2.",
            "procedure": "The models were trained with their respective architectures intact, and specific outlier dimensions were systematically disabled to assess performance degradation.",
            "result": "The experiments showed that disabling outlier dimensions significantly degraded MLM loss and downstream task performance across all tested models.",
            "variability": "Variability in results was accounted for by conducting multiple trials and comparing performance across different model architectures."
        },
        "conclusion": "The key findings indicate that certain outlier dimensions are critical for maintaining the performance of Transformer models, and understanding their impact can lead to more robust model designs.",
        "discussion": {
            "advantage": "The benchmark provides valuable insights into the fragility of Transformer models, contributing to the field by highlighting the importance of specific dimensions in model performance.",
            "limitation": "A potential limitation of the benchmark is that it may not cover all variations of Transformer architectures or the full range of tasks they can perform.",
            "future work": "Future research could explore the effects of outlier dimensions in other model architectures and investigate methods to mitigate their impact."
        },
        "other info": []
    },
    "mount_outline": [
        {
            "section number": "2.2",
            "key information": "The benchmark is designed to address the problem of identifying and quantifying the impact of outlier dimensions in Transformer models that disrupt their performance."
        },
        {
            "section number": "2.4",
            "key information": "The experiments showed that disabling outlier dimensions significantly degraded MLM loss and downstream task performance across all tested models."
        },
        {
            "section number": "3.5",
            "key information": "This benchmark differs from previous benchmarks by focusing specifically on the impact of outlier dimensions in LayerNorm, providing insights into the sensitivity of Transformer models to feature removal."
        },
        {
            "section number": "5.2",
            "key information": "The key findings indicate that certain outlier dimensions are critical for maintaining the performance of Transformer models, and understanding their impact can lead to more robust model designs."
        },
        {
            "section number": "6.1",
            "key information": "Future research could explore the effects of outlier dimensions in other model architectures and investigate methods to mitigate their impact."
        }
    ],
    "similarity_score": null,
    "image": null,
    "path": "/home/liudingyuan/code/SurveyX/code/SurveyX-main/outputs/t14b/papers/BERT Busters_ Outlier dimensions that disrupt transformers.json"
}