{
    "from": null,
    "scholar_id": null,
    "detail_id": null,
    "title": "BoolQ: Exploring the surprising difficulty of natural yes/no questions",
    "abstract": "In this paper we study yes/no questions that are naturally occurring \u2014 meaning that they are generated in unprompted and unconstrained settings. We build a reading comprehension dataset, BoolQ, of such questions, and show that they are unexpectedly challenging. They often query for complex, non-factoid information, and require difficult entailment-like inference to solve. We also explore the effectiveness of a range of transfer learning baselines. We find that transferring from entailment data is more effective than transferring from paraphrase or extractive QA data, and that it, surprisingly, continues to be very beneficial even when starting from massive pre-trained language models such as BERT. Our best method trains BERT on MultiNLI and then re-trains it on our train set. It achieves 80.4% accuracy compared to 90% accuracy of human annotators (and 62% majority-baseline), leaving a significant gap for future work.",
    "arxivid": "1905.10044v1",
    "bib_name": "BoolQ:Expl180",
    "md_text": "# BoolQ: Exploring the surprising difficulty of natural yes/no questions\n\n\nabstract\n\nIn this paper we study yes/no questions that are naturally occurring \u2014 meaning that they are generated in unprompted and unconstrained settings. We build a reading comprehension dataset, BoolQ, of such questions, and show that they are unexpectedly challenging. They often query for complex, non-factoid information, and require difficult entailment-like inference to solve. We also explore the effectiveness of a range of transfer learning baselines. We find that transferring from entailment data is more effective than transferring from paraphrase or extractive QA data, and that it, surprisingly, continues to be very beneficial even when starting from massive pre-trained language models such as BERT. Our best method trains BERT on MultiNLI and then re-trains it on our train set. It achieves 80.4% accuracy compared to 90% accuracy of human annotators (and 62% majority-baseline), leaving a significant gap for future work.",
    "paper_type": "benchmark",
    "attri": {
        "background": "This paper addresses the issue of understanding naturally occurring yes/no questions, which are often more complex than anticipated and require advanced inference skills.",
        "problem": {
            "definition": "The benchmark is designed to address the challenges posed by naturally occurring yes/no questions that require entailment-like inference.",
            "key obstacle": "Existing benchmarks do not adequately capture the complexity and difficulty of naturally occurring yes/no questions."
        },
        "idea": {
            "intuition": "The inspiration behind the benchmark stems from the observation that yes/no questions in natural settings are often more intricate and require deeper comprehension than previously recognized.",
            "opinion": "The authors believe that this benchmark is crucial for advancing the understanding of natural language processing in the context of yes/no questions.",
            "innovation": "BoolQ introduces a dataset specifically focused on naturally occurring yes/no questions, differing from previous benchmarks that may not emphasize this complexity.",
            "benchmark abbreviation": "BoolQ"
        },
        "dataset": {
            "source": "The dataset was created from naturally occurring yes/no questions generated in unprompted and unconstrained settings.",
            "desc": "BoolQ consists of a reading comprehension dataset that highlights the challenges of answering yes/no questions.",
            "content": "The dataset includes questions that require complex reasoning and entailment to answer correctly.",
            "size": "-",
            "domain": "Natural Language Understanding",
            "task format": "Yes/No Question Answering"
        },
        "metrics": {
            "metric name": "Accuracy",
            "aspect": "Model performance in answering yes/no questions correctly.",
            "principle": "Accuracy was chosen as it provides a clear measure of how well models can replicate human-level understanding in answering complex questions.",
            "procedure": "Models were evaluated based on their ability to answer the questions correctly against human annotations."
        },
        "experiments": {
            "model": "The experiments involved state-of-the-art models including BERT.",
            "procedure": "Models were trained on MultiNLI and then re-trained on the BoolQ dataset to measure their performance.",
            "result": "The best method achieved an accuracy of 80.4%, compared to 90% for human annotators, indicating a significant gap.",
            "variability": "Variability was accounted for by testing the models on various subsets of the dataset."
        },
        "conclusion": "The experiments reveal a substantial gap between human performance and model performance on naturally occurring yes/no questions, indicating areas for future improvement.",
        "discussion": {
            "advantage": "BoolQ provides a unique focus on the complexities of naturally occurring yes/no questions, contributing valuable insights to the field.",
            "limitation": "The benchmark's reliance on naturally occurring data may limit its applicability to other types of question answering tasks.",
            "future work": "Future research could explore enhancing model performance on this benchmark and investigating other complex question types."
        },
        "other info": []
    },
    "mount_outline": [
        {
            "section number": "1.1",
            "key information": "This paper addresses the issue of understanding naturally occurring yes/no questions, which are often more complex than anticipated and require advanced inference skills."
        },
        {
            "section number": "1.2",
            "key information": "The authors believe that this benchmark is crucial for advancing the understanding of natural language processing in the context of yes/no questions."
        },
        {
            "section number": "2.1",
            "key information": "BoolQ consists of a reading comprehension dataset that highlights the challenges of answering yes/no questions."
        },
        {
            "section number": "2.2",
            "key information": "The benchmark is designed to address the challenges posed by naturally occurring yes/no questions that require entailment-like inference."
        },
        {
            "section number": "2.3",
            "key information": "Accuracy was chosen as it provides a clear measure of how well models can replicate human-level understanding in answering complex questions."
        },
        {
            "section number": "4.3",
            "key information": "The best method achieved an accuracy of 80.4%, compared to 90% for human annotators, indicating a significant gap."
        },
        {
            "section number": "6.1",
            "key information": "Future research could explore enhancing model performance on this benchmark and investigating other complex question types."
        }
    ],
    "similarity_score": null,
    "image": null,
    "path": "/home/liudingyuan/code/SurveyX/code/SurveyX-main/outputs/t14b/papers/BoolQ_ Exploring the surprising difficulty of natural yes_no questions.json"
}