{
    "from": null,
    "scholar_id": null,
    "detail_id": null,
    "title": "Channel gating neural networks",
    "abstract": "This paper introduces channel gating, a dynamic, fine-grained, and hardware-efficient pruning scheme to reduce the computation cost for convolutional neural networks (CNNs). Channel gating identifies regions in the features that contribute less to the classification result, and skips the computation on a subset of the input channels for these ineffective regions. Unlike static network pruning, channel gating optimizes CNN inference at run-time by exploiting input-specific characteristics, which allows substantially reducing the compute cost with almost no accuracy loss. We experimentally show that applying channel gating in state-of-the-art networks achieves 2.7-8.0$\\times$ reduction in floating-point operations (FLOPs) and 2.0-4.4$\\times$ reduction in off-chip memory accesses with a minimal accuracy loss on CIFAR-10. Combining our method with knowledge distillation reduces the compute cost of ResNet-18 by 2.6$\\times$ without accuracy drop on ImageNet. We further demonstrate that channel gating can be realized in hardware efficiently. Our approach exhibits sparsity patterns that are well-suited to dense systolic arrays with minimal additional hardware. We have designed an accelerator for channel gating networks, which can be implemented using either FPGAs or ASICs. Running a quantized ResNet-18 model for ImageNet, our accelerator achieves an encouraging speedup of 2.4$\\times$ on average, with a theoretical FLOP reduction of 2.8$\\times$.",
    "arxivid": "1805.12549v2",
    "bib_name": "Channelgat115",
    "md_text": "# Channel gating neural networks\n\n\nabstract\n\nThis paper introduces channel gating, a dynamic, fine-grained, and hardware-efficient pruning scheme to reduce the computation cost for convolutional neural networks (CNNs). Channel gating identifies regions in the features that contribute less to the classification result, and skips the computation on a subset of the input channels for these ineffective regions. Unlike static network pruning, channel gating optimizes CNN inference at run-time by exploiting input-specific characteristics, which allows substantially reducing the compute cost with almost no accuracy loss. We experimentally show that applying channel gating in state-of-the-art networks achieves 2.7-8.0$\\times$ reduction in floating-point operations (FLOPs) and 2.0-4.4$\\times$ reduction in off-chip memory accesses with a minimal accuracy loss on CIFAR-10. Combining our method with knowledge distillation reduces the compute cost of ResNet-18 by 2.6$\\times$ without accuracy drop on ImageNet. We further demonstrate that channel gating can be realized in hardware efficiently. Our approach exhibits sparsity patterns that are well-suited to dense systolic arrays with minimal additional hardware. We have designed an accelerator for channel gating networks, which can be implemented using either FPGAs or ASICs. Running a quantized ResNet-18 model for ImageNet, our accelerator achieves an encouraging speedup of 2.4$\\times$ on average, with a theoretical FLOP reduction of 2.8$\\times$.",
    "paper_type": "method",
    "attri": {
        "background": "This paper addresses the issue of high computation costs in convolutional neural networks (CNNs) and highlights the limitations of previous static pruning methods, emphasizing the need for a dynamic approach that adapts to input-specific characteristics.",
        "problem": {
            "definition": "The problem is the excessive computation required for CNNs, which leads to inefficiencies in processing and resource utilization.",
            "key obstacle": "The main difficulty is that static pruning methods do not adapt to varying input data, resulting in suboptimal performance and resource wastage."
        },
        "idea": {
            "intuition": "The intuition behind channel gating arises from the observation that certain regions in feature maps contribute less to classification results, suggesting that computation can be skipped for these regions.",
            "opinion": "Channel gating is a method that dynamically identifies and skips computations on less effective input channels during CNN inference, thereby optimizing resource usage.",
            "innovation": "The primary innovation of channel gating lies in its ability to perform run-time optimization based on input-specific characteristics, contrasting with traditional static pruning methods."
        },
        "method": {
            "method name": "Channel Gating",
            "method abbreviation": "CG",
            "method definition": "Channel gating is a dynamic pruning scheme for CNNs that selectively skips computations for input channels that are less relevant to the classification task.",
            "method description": "Channel gating reduces computation by identifying and skipping less effective channels in real-time during CNN inference.",
            "method steps": "1. Analyze the feature maps to identify ineffective regions. 2. Skip computations for the identified channels. 3. Execute the remaining computations for effective channels.",
            "principle": "This method is effective because it leverages the inherent sparsity in input data, allowing for significant reductions in computation without sacrificing accuracy."
        },
        "experiments": {
            "evaluation setting": "The experiments were conducted using state-of-the-art CNN architectures on datasets like CIFAR-10 and ImageNet, comparing the performance of channel gating against baseline methods.",
            "evaluation method": "Performance was assessed by measuring the reduction in floating-point operations (FLOPs) and off-chip memory accesses, alongside monitoring accuracy metrics."
        },
        "conclusion": "The results demonstrate that channel gating achieves substantial reductions in computational costs while maintaining accuracy, validating its effectiveness as a pruning strategy for CNNs.",
        "discussion": {
            "advantage": "The key advantages of channel gating include its dynamic adaptation to input data and the significant reduction in computational resources required, making it more efficient than static pruning methods.",
            "limitation": "A limitation of the method may be its dependency on the specific characteristics of the input data, which could affect performance in cases with highly variable inputs.",
            "future work": "Future research could focus on further optimizing the gating mechanism, exploring its application across different network architectures, and enhancing its robustness to diverse input data."
        },
        "other info": [
            {
                "info1": "Channel gating can be efficiently realized in hardware, suitable for implementation in FPGAs or ASICs."
            },
            {
                "info2": {
                    "info2.1": "An accelerator designed for channel gating networks can achieve a speedup of 2.4x on average.",
                    "info2.2": "The theoretical FLOP reduction achieved by the accelerator is 2.8x."
                }
            }
        ]
    },
    "mount_outline": [
        {
            "section number": "2.2",
            "key information": "The concept of pruning within neural networks is addressed through the method of channel gating, which dynamically identifies and skips computations on less effective input channels during CNN inference."
        },
        {
            "section number": "3.5",
            "key information": "Channel gating represents an innovative pruning methodology that contrasts with traditional static pruning methods by performing run-time optimization based on input-specific characteristics."
        },
        {
            "section number": "4.1",
            "key information": "Performance evaluation of channel gating involved measuring the reduction in floating-point operations (FLOPs) and off-chip memory accesses, alongside monitoring accuracy metrics."
        },
        {
            "section number": "5.1",
            "key information": "Channel gating achieves substantial reductions in computational costs while maintaining accuracy, indicating its positive impact on computational efficiency and inference speed."
        },
        {
            "section number": "6.3",
            "key information": "Future research could focus on exploring the applicability of channel gating across different network architectures, enhancing its robustness to diverse input data."
        }
    ],
    "similarity_score": null,
    "image": null,
    "path": "/home/liudingyuan/code/SurveyX/code/SurveyX-main/outputs/t14b/papers/Channel gating neural networks.json"
}