{
    "from": null,
    "scholar_id": null,
    "detail_id": null,
    "title": "Channel pruning for accelerating very deep neural networks",
    "abstract": "In this paper, we introduce a new channel pruning method to accelerate very deep convolutional neural networks. Given a trained CNN model, we propose an iterative two-step algorithm to effectively prune each layer, by a LASSO regression based channel selection and least square reconstruction. We further generalize this algorithm to multi-layer and multi-branch cases. Our method reduces the accumulated error and enhance the compatibility with various architectures. Our pruned VGG-16 achieves the state-of-the-art results by 5\u00d7 speed-up along with only 0.3% increase of error. More importantly, our method is able to accelerate modern networks like ResNet, Xception and suffers only 1.4%, 1.0% accuracy loss under 2\u00d7 speedup respectively, which is significant.",
    "arxivid": "1707.06168v2",
    "bib_name": "Channelpru106",
    "md_text": "# Channel pruning for accelerating very deep neural networks\n\n\nabstract\n\nIn this paper, we introduce a new channel pruning method to accelerate very deep convolutional neural networks. Given a trained CNN model, we propose an iterative two-step algorithm to effectively prune each layer, by a LASSO regression based channel selection and least square reconstruction. We further generalize this algorithm to multi-layer and multi-branch cases. Our method reduces the accumulated error and enhance the compatibility with various architectures. Our pruned VGG-16 achieves the state-of-the-art results by 5\u00d7 speed-up along with only 0.3% increase of error. More importantly, our method is able to accelerate modern networks like ResNet, Xception and suffers only 1.4%, 1.0% accuracy loss under 2\u00d7 speedup respectively, which is significant.",
    "paper_type": "method",
    "attri": {
        "background": "This paper addresses the issue of accelerating very deep convolutional neural networks (CNNs) through a new channel pruning method, highlighting the limitations of previous methods in achieving efficient pruning without significant accuracy loss.",
        "problem": {
            "definition": "The problem is to effectively prune deep CNNs to enhance their computational efficiency while maintaining accuracy.",
            "key obstacle": "The main difficulty is the accumulated error that arises during the pruning process, which can degrade the performance of the network."
        },
        "idea": {
            "intuition": "The idea was inspired by the need for a more effective pruning strategy that minimizes error accumulation while enhancing compatibility across different network architectures.",
            "opinion": "The proposed idea involves an iterative two-step algorithm that utilizes LASSO regression for channel selection followed by least square reconstruction to maintain performance.",
            "innovation": "The primary innovation lies in the generalization of the pruning algorithm to multi-layer and multi-branch networks, significantly reducing error and improving efficiency compared to existing methods."
        },
        "method": {
            "method name": "Channel Pruning Method",
            "method abbreviation": "CPM",
            "method definition": "A method that prunes channels in a CNN by applying LASSO regression for selection and least square reconstruction to minimize error.",
            "method description": "This method effectively reduces the number of channels in deep CNNs while preserving accuracy.",
            "method steps": "1. Apply LASSO regression to select channels; 2. Perform least square reconstruction to minimize error; 3. Iterate through layers for multi-layer and multi-branch networks.",
            "principle": "The method is effective because it strategically selects and reconstructs channels to minimize the impact of pruning on overall network performance."
        },
        "experiments": {
            "evaluation setting": "The experiments were conducted on pruned VGG-16 and other modern networks like ResNet and Xception, comparing performance with baseline methods under various pruning rates.",
            "evaluation method": "Performance was measured by evaluating the accuracy and speed-up achieved after pruning, analyzing the trade-off between computational efficiency and accuracy."
        },
        "conclusion": "The proposed channel pruning method demonstrates state-of-the-art results, achieving a 5\u00d7 speed-up with only a 0.3% increase in error for VGG-16, and maintaining significant accuracy under speed-up for other networks.",
        "discussion": {
            "advantage": "The key advantages include substantial speed-up in computation with minimal accuracy loss, making it suitable for various deep network architectures.",
            "limitation": "A limitation of the method is the potential for increased error with aggressive pruning, which may not be suitable for all network types.",
            "future work": "Future research could explore further optimizations in pruning strategies and the application of the method to other network architectures beyond those tested."
        },
        "other info": []
    },
    "mount_outline": [
        {
            "section number": "1.1",
            "key information": "Pruning is crucial for enhancing computational efficiency while maintaining accuracy in deep convolutional neural networks (CNNs)."
        },
        {
            "section number": "2.2",
            "key information": "The concept of pruning involves selectively removing channels in CNNs to improve efficiency without significantly degrading performance."
        },
        {
            "section number": "2.4",
            "key information": "Pruning significantly impacts deep CNNs by allowing for substantial speed-up in computation with minimal accuracy loss."
        },
        {
            "section number": "3.5",
            "key information": "The proposed channel pruning method (CPM) utilizes LASSO regression for channel selection and least square reconstruction, representing an innovative approach to reducing error during pruning."
        },
        {
            "section number": "4.3",
            "key information": "The channel pruning method achieves state-of-the-art results, including a 5\u00d7 speed-up with only a 0.3% increase in error for VGG-16."
        },
        {
            "section number": "5.1",
            "key information": "The experiments demonstrated that the proposed method significantly improves computational efficiency while maintaining accuracy across various pruning rates."
        },
        {
            "section number": "5.3",
            "key information": "The method's limitation includes the potential for increased error with aggressive pruning, highlighting the trade-offs involved in the pruning strategy."
        },
        {
            "section number": "6.1",
            "key information": "Future research could explore further optimizations in pruning strategies and the application of the channel pruning method to other network architectures."
        }
    ],
    "similarity_score": null,
    "image": null,
    "path": "/home/liudingyuan/code/SurveyX/code/SurveyX-main/outputs/t14b/papers/Channel pruning for accelerating very deep neural networks.json"
}