{
    "from": null,
    "scholar_id": null,
    "detail_id": null,
    "title": "Chasing sparsity in vision transformers: An end-to-end exploration",
    "abstract": "Vision transformers (ViTs) have recently received explosive popularity, but their enormous model sizes and training costs remain daunting. Conventional post-training pruning often incurs higher training budgets. In contrast, this paper aims to trim down both the training memory overhead and the inference complexity, without sacrificing the achievable accuracy. We carry out the first-of-its-kind comprehensive exploration, on taking a unified approach of integrating sparsity in ViTs\"from end to end\". Specifically, instead of training full ViTs, we dynamically extract and train sparse subnetworks, while sticking to a fixed small parameter budget. Our approach jointly optimizes model parameters and explores connectivity throughout training, ending up with one sparse network as the final output. The approach is seamlessly extended from unstructured to structured sparsity, the latter by considering to guide the prune-and-grow of self-attention heads inside ViTs. We further co-explore data and architecture sparsity for additional efficiency gains by plugging in a novel learnable token selector to adaptively determine the currently most vital patches. Extensive results on ImageNet with diverse ViT backbones validate the effectiveness of our proposals which obtain significantly reduced computational cost and almost unimpaired generalization. Perhaps most surprisingly, we find that the proposed sparse (co-)training can sometimes improve the ViT accuracy rather than compromising it, making sparsity a tantalizing\"free lunch\". For example, our sparsified DeiT-Small at (5%, 50%) sparsity for (data, architecture), improves 0.28% top-1 accuracy, and meanwhile enjoys 49.32% FLOPs and 4.40% running time savings. Our codes are available at https://github.com/VITA-Group/SViTE.",
    "arxivid": "2106.04533v3",
    "bib_name": "Chasingspa192",
    "md_text": "# Chasing sparsity in vision transformers: An end-to-end exploration\n\n\nabstract\n\nVision transformers (ViTs) have recently received explosive popularity, but their enormous model sizes and training costs remain daunting. Conventional post-training pruning often incurs higher training budgets. In contrast, this paper aims to trim down both the training memory overhead and the inference complexity, without sacrificing the achievable accuracy. We carry out the first-of-its-kind comprehensive exploration, on taking a unified approach of integrating sparsity in ViTs\"from end to end\". Specifically, instead of training full ViTs, we dynamically extract and train sparse subnetworks, while sticking to a fixed small parameter budget. Our approach jointly optimizes model parameters and explores connectivity throughout training, ending up with one sparse network as the final output. The approach is seamlessly extended from unstructured to structured sparsity, the latter by considering to guide the prune-and-grow of self-attention heads inside ViTs. We further co-explore data and architecture sparsity for additional efficiency gains by plugging in a novel learnable token selector to adaptively determine the currently most vital patches. Extensive results on ImageNet with diverse ViT backbones validate the effectiveness of our proposals which obtain significantly reduced computational cost and almost unimpaired generalization. Perhaps most surprisingly, we find that the proposed sparse (co-)training can sometimes improve the ViT accuracy rather than compromising it, making sparsity a tantalizing\"free lunch\". For example, our sparsified DeiT-Small at (5%, 50%) sparsity for (data, architecture), improves 0.28% top-1 accuracy, and meanwhile enjoys 49.32% FLOPs and 4.40% running time savings. Our codes are available at https://github.com/VITA-Group/SViTE.",
    "paper_type": "method",
    "attri": {
        "background": "This paper addresses the issue of excessive model sizes and training costs associated with vision transformers (ViTs), highlighting the limitations of conventional post-training pruning methods that often require higher training budgets. A new approach is necessary to reduce both training memory overhead and inference complexity while maintaining accuracy.",
        "problem": {
            "definition": "The paper aims to solve the problem of high computational costs and inefficiencies in training and inference associated with large vision transformer models.",
            "key obstacle": "The main challenge is the difficulty of effectively pruning ViTs without incurring significant additional training costs or compromising model accuracy."
        },
        "idea": {
            "intuition": "The idea is inspired by the need to dynamically extract and train sparse subnetworks within a fixed parameter budget, rather than training full ViTs.",
            "opinion": "The proposed idea involves an end-to-end approach that integrates sparsity into ViTs by optimizing model parameters and exploring connectivity throughout the training process.",
            "innovation": "The key innovation lies in the method of jointly optimizing model parameters while considering both unstructured and structured sparsity, including a novel learnable token selector for adaptive data sparsity."
        },
        "method": {
            "method name": "Sparse Vision Transformer Training",
            "method abbreviation": "SViT",
            "method definition": "SViT is defined as a method that dynamically extracts and trains sparse subnetworks within vision transformers while adhering to a fixed parameter budget.",
            "method description": "The core of SViT is to optimize model parameters and connectivity during training to produce a sparse network as the final output.",
            "method steps": "1. Initialize a full vision transformer model. 2. Dynamically extract sparse subnetworks during training. 3. Optimize model parameters while exploring connectivity. 4. Apply structured sparsity through pruning and growing self-attention heads. 5. Integrate a learnable token selector to enhance data sparsity.",
            "principle": "This method is effective because it allows for the simultaneous optimization of model efficiency and accuracy, leveraging sparsity to reduce computational costs without compromising performance."
        },
        "experiments": {
            "evaluation setting": "The experiments were conducted on the ImageNet dataset using diverse ViT backbones, comparing the performance of the proposed method against baseline methods.",
            "evaluation method": "The evaluation involved measuring performance metrics such as top-1 accuracy, computational cost (FLOPs), and running time savings, analyzing the results to assess the effectiveness of the proposed approach."
        },
        "conclusion": "The outcomes of the experiments demonstrate that the proposed SViT approach significantly reduces computational costs while maintaining, and in some cases improving, model accuracy, highlighting the potential of sparsity as a beneficial strategy in vision transformers.",
        "discussion": {
            "advantage": "The key advantages of the proposed approach include reduced computational costs, improved efficiency, and the potential for enhanced accuracy without additional training overhead.",
            "limitation": "One limitation is that the method may encounter challenges in scenarios where extreme sparsity is required, potentially affecting model performance.",
            "future work": "Future research could explore further optimizations in sparsity techniques, investigate the scalability of the approach to larger datasets, and develop strategies to mitigate the identified limitations."
        },
        "other info": {
            "code repository": "https://github.com/VITA-Group/SViTE"
        }
    },
    "mount_outline": [
        {
            "section number": "1.1",
            "key information": "Pruning is crucial for model compression and network optimization, particularly to address high computational costs and inefficiencies in training and inference associated with large vision transformer models."
        },
        {
            "section number": "2.2",
            "key information": "The concept of pruning within neural networks is explored through the proposed Sparse Vision Transformer Training (SViT), which dynamically extracts and trains sparse subnetworks within vision transformers."
        },
        {
            "section number": "3.5",
            "key information": "The key innovation of the proposed approach includes jointly optimizing model parameters while considering both unstructured and structured sparsity, utilizing a novel learnable token selector for adaptive data sparsity."
        },
        {
            "section number": "4.1",
            "key information": "The evaluation involved measuring performance metrics such as top-1 accuracy, computational cost (FLOPs), and running time savings to assess the effectiveness of the proposed SViT approach."
        },
        {
            "section number": "5.1",
            "key information": "The SViT method significantly reduces computational costs while maintaining model accuracy, demonstrating improved efficiency in network optimization."
        },
        {
            "section number": "6.1",
            "key information": "Future research could explore further optimizations in sparsity techniques and develop strategies to mitigate limitations encountered in scenarios requiring extreme sparsity."
        }
    ],
    "similarity_score": null,
    "image": null,
    "path": "/home/liudingyuan/code/SurveyX/code/SurveyX-main/outputs/t14b/papers/Chasing sparsity in vision transformers_ An end-to-end exploration.json"
}