{
    "from": null,
    "scholar_id": null,
    "detail_id": null,
    "title": "ChipNet: Budget-aware pruning with heaviside continuous approximations",
    "abstract": "Structured pruning methods are among the effective strategies for extracting small resource-efficient convolutional neural networks from their dense counterparts with minimal loss in accuracy. However, most existing methods still suffer from one or more limitations, that include 1) the need for training the dense model from scratch with pruning-related parameters embedded in the architecture, 2) requiring model-specific hyperparameter settings, 3) inability to include budget-related constraint in the training process, and 4) instability under scenarios of extreme pruning. In this paper, we present ChipNet, a deterministic pruning strategy that employs continuous Heaviside function and a novel crispness loss to identify a highly sparse network out of an existing dense network. Our choice of continuous Heaviside function is inspired by the field of design optimization, where the material distribution task is posed as a continuous optimization problem, but only discrete values (0 or 1) are practically feasible and expected as final outcomes. Our approach's flexible design facilitates its use with different choices of budget constraints while maintaining stability for very low target budgets. Experimental results show that ChipNet outperforms state-of-the-art structured pruning methods by remarkable margins of up to 16.1% in terms of accuracy. Further, we show that the masks obtained with ChipNet are transferable across datasets. For certain cases, it was observed that masks transferred from a model trained on feature-rich teacher dataset provide better performance on the student dataset than those obtained by directly pruning on the student data itself.",
    "arxivid": "2102.07156v1",
    "bib_name": "ChipNet:Bu142",
    "md_text": "# ChipNet: Budget-aware pruning with heaviside continuous approximations\n\n\nabstract\n\nStructured pruning methods are among the effective strategies for extracting small resource-efficient convolutional neural networks from their dense counterparts with minimal loss in accuracy. However, most existing methods still suffer from one or more limitations, that include 1) the need for training the dense model from scratch with pruning-related parameters embedded in the architecture, 2) requiring model-specific hyperparameter settings, 3) inability to include budget-related constraint in the training process, and 4) instability under scenarios of extreme pruning. In this paper, we present ChipNet, a deterministic pruning strategy that employs continuous Heaviside function and a novel crispness loss to identify a highly sparse network out of an existing dense network. Our choice of continuous Heaviside function is inspired by the field of design optimization, where the material distribution task is posed as a continuous optimization problem, but only discrete values (0 or 1) are practically feasible and expected as final outcomes. Our approach's flexible design facilitates its use with different choices of budget constraints while maintaining stability for very low target budgets. Experimental results show that ChipNet outperforms state-of-the-art structured pruning methods by remarkable margins of up to 16.1% in terms of accuracy. Further, we show that the masks obtained with ChipNet are transferable across datasets. For certain cases, it was observed that masks transferred from a model trained on feature-rich teacher dataset provide better performance on the student dataset than those obtained by directly pruning on the student data itself.",
    "paper_type": "method",
    "attri": {
        "background": "Structured pruning methods are effective for creating small, resource-efficient convolutional neural networks from dense models with minimal accuracy loss. However, existing methods face limitations such as the need for training dense models from scratch, model-specific hyperparameter settings, inability to incorporate budget constraints during training, and instability under extreme pruning conditions.",
        "problem": {
            "definition": "The paper aims to solve the problem of effectively pruning dense neural networks to create sparse networks while addressing the limitations of existing methods.",
            "key obstacle": "The main challenge is the inability of current methods to incorporate budget-related constraints during the training process and their instability when faced with extreme pruning scenarios."
        },
        "idea": {
            "intuition": "The idea is inspired by design optimization, where the task of material distribution is treated as a continuous optimization problem, but the final outcomes are expected to be discrete values.",
            "opinion": "ChipNet is a deterministic pruning strategy that utilizes a continuous Heaviside function and a novel crispness loss to identify a sparse network from an existing dense network.",
            "innovation": "The primary innovation of ChipNet lies in its ability to use continuous approximations for pruning, allowing for flexible budget constraints and improved stability under low target budgets."
        },
        "method": {
            "method name": "ChipNet",
            "method abbreviation": "CN",
            "method definition": "ChipNet is a pruning strategy that identifies a highly sparse network from an existing dense network using continuous Heaviside function and crispness loss.",
            "method description": "ChipNet effectively prunes dense networks by applying a continuous optimization approach to achieve sparsity.",
            "method steps": "1. Define budget constraints. 2. Apply continuous Heaviside function. 3. Optimize using crispness loss. 4. Generate sparse network from dense model.",
            "principle": "The method is effective because it leverages continuous approximations to optimize network sparsity while accommodating budget constraints, ensuring stability even at low pruning levels."
        },
        "experiments": {
            "evaluation setting": "The experiments compared ChipNet against state-of-the-art structured pruning methods, evaluating accuracy and transferability of masks across different datasets.",
            "evaluation method": "Performance was assessed by measuring accuracy improvements and analyzing the transferability of masks obtained through ChipNet."
        },
        "conclusion": "ChipNet demonstrates superior performance compared to existing structured pruning methods, with accuracy improvements of up to 16.1%. The masks generated are transferable across datasets, indicating broader applicability.",
        "discussion": {
            "advantage": "The key advantages of ChipNet include its ability to incorporate budget constraints flexibly and maintain stability under extreme pruning conditions, outperforming existing methods.",
            "limitation": "A potential limitation is that the method may still encounter challenges in scenarios where the budget constraints are extremely restrictive.",
            "future work": "Future research could focus on refining the budget constraint integration further and exploring the applicability of ChipNet in various neural network architectures."
        },
        "other info": []
    },
    "mount_outline": [
        {
            "section number": "2.2",
            "key information": "ChipNet is a pruning strategy that identifies a highly sparse network from an existing dense network using continuous Heaviside function and crispness loss."
        },
        {
            "section number": "3.5",
            "key information": "ChipNet demonstrates superior performance compared to existing structured pruning methods, with accuracy improvements of up to 16.1%."
        },
        {
            "section number": "4.3",
            "key information": "The experiments compared ChipNet against state-of-the-art structured pruning methods, evaluating accuracy and transferability of masks across different datasets."
        },
        {
            "section number": "5.3",
            "key information": "The key advantages of ChipNet include its ability to incorporate budget constraints flexibly and maintain stability under extreme pruning conditions, outperforming existing methods."
        },
        {
            "section number": "6.1",
            "key information": "Future research could focus on refining the budget constraint integration further and exploring the applicability of ChipNet in various neural network architectures."
        }
    ],
    "similarity_score": null,
    "image": null,
    "path": "/home/liudingyuan/code/SurveyX/code/SurveyX-main/outputs/t14b/papers/ChipNet_ Budget-aware pruning with heaviside continuous approximations.json"
}