{
    "from": null,
    "scholar_id": null,
    "detail_id": null,
    "title": "Comparing rewinding and fine-tuning in neural network pruning",
    "abstract": "Many neural network pruning algorithms proceed in three steps: train the network to completion, remove unwanted structure to compress the network, and retrain the remaining structure to recover lost accuracy. The standard retraining technique, fine-tuning, trains the unpruned weights from their final trained values using a small fixed learning rate. In this paper, we compare fine-tuning to alternative retraining techniques. Weight rewinding (as proposed by Frankle et al., (2019)), rewinds unpruned weights to their values from earlier in training and retrains them from there using the original training schedule. Learning rate rewinding (which we propose) trains the unpruned weights from their final values using the same learning rate schedule as weight rewinding. Both rewinding techniques outperform fine-tuning, forming the basis of a network-agnostic pruning algorithm that matches the accuracy and compression ratios of several more network-specific state-of-the-art techniques.",
    "arxivid": "2003.02389v1",
    "bib_name": "Comparingr86",
    "md_text": "# Comparing rewinding and fine-tuning in neural network pruning\n\n\nabstract\n\nMany neural network pruning algorithms proceed in three steps: train the network to completion, remove unwanted structure to compress the network, and retrain the remaining structure to recover lost accuracy. The standard retraining technique, fine-tuning, trains the unpruned weights from their final trained values using a small fixed learning rate. In this paper, we compare fine-tuning to alternative retraining techniques. Weight rewinding (as proposed by Frankle et al., (2019)), rewinds unpruned weights to their values from earlier in training and retrains them from there using the original training schedule. Learning rate rewinding (which we propose) trains the unpruned weights from their final values using the same learning rate schedule as weight rewinding. Both rewinding techniques outperform fine-tuning, forming the basis of a network-agnostic pruning algorithm that matches the accuracy and compression ratios of several more network-specific state-of-the-art techniques.",
    "paper_type": "method",
    "attri": {
        "background": "This paper addresses the issue of neural network pruning, which involves training a network, removing unnecessary components to compress it, and then retraining to regain accuracy. Previous methods primarily relied on fine-tuning, which has limitations that necessitate exploring new retraining techniques.",
        "problem": {
            "definition": "The problem is the inefficiency and potential loss of accuracy in neural network pruning when using traditional fine-tuning methods after pruning.",
            "key obstacle": "The main challenge is that fine-tuning does not effectively recover the lost accuracy after pruning, leading to suboptimal performance compared to other techniques."
        },
        "idea": {
            "intuition": "The idea stems from the observation that unpruned weights can be more effectively retrained if they are reverted to earlier states in training, rather than starting from their final values.",
            "opinion": "The proposed approach involves two rewinding techniques: weight rewinding, which resets weights to earlier values, and learning rate rewinding, which uses the same learning rate schedule as weight rewinding for retraining.",
            "innovation": "The innovation lies in the introduction of these rewinding techniques, which outperform traditional fine-tuning and provide a more effective means of retraining after pruning."
        },
        "method": {
            "method name": "Weight Rewinding and Learning Rate Rewinding",
            "method abbreviation": "WR & LRR",
            "method definition": "These methods involve resetting unpruned weights to earlier values in training (weight rewinding) or using a consistent learning rate schedule from the original training (learning rate rewinding) to improve accuracy post-pruning.",
            "method description": "The core of the method is to utilize earlier weight values and a tailored learning rate schedule to enhance the retraining process after neural network pruning.",
            "method steps": "1. Train the network to completion. 2. Remove unwanted structure. 3. Reset unpruned weights to earlier values (weight rewinding). 4. Retrain using the original learning rate schedule (learning rate rewinding).",
            "principle": "This method is effective because it leverages the knowledge acquired during earlier training phases, allowing for more effective recovery of accuracy compared to starting from final weight values."
        },
        "experiments": {
            "evaluation setting": "The experimental setup includes various neural network architectures and comparisons with baseline methods, focusing on accuracy and compression ratios.",
            "evaluation method": "The performance of the methods was assessed by measuring accuracy and compression ratios against traditional fine-tuning and other state-of-the-art pruning techniques."
        },
        "conclusion": "The experiments demonstrate that both rewinding techniques significantly improve accuracy and compression ratios in neural network pruning compared to fine-tuning, establishing a robust network-agnostic pruning algorithm.",
        "discussion": {
            "advantage": "The key advantages include improved accuracy recovery and compression efficiency, making the methods superior to traditional fine-tuning approaches.",
            "limitation": "A limitation of the proposed methods may include their dependency on the specific characteristics of the training data and network architecture.",
            "future work": "Future research could explore further optimizations of the rewinding techniques and their applicability across a broader range of neural network architectures."
        },
        "other info": {}
    },
    "mount_outline": [
        {
            "section number": "1.1",
            "key information": "Pruning is crucial for model compression and network optimization as it involves training a network, removing unnecessary components to compress it, and then retraining to regain accuracy."
        },
        {
            "section number": "2.2",
            "key information": "The concept of pruning within neural networks is defined as the removal of unnecessary components to compress the network, which can lead to inefficiencies and potential loss of accuracy if traditional fine-tuning methods are used."
        },
        {
            "section number": "3.5",
            "key information": "The proposed approach introduces two rewinding techniques: weight rewinding, which resets weights to earlier values, and learning rate rewinding, which uses the same learning rate schedule as weight rewinding for retraining."
        },
        {
            "section number": "4.3",
            "key information": "The performance of the proposed methods was assessed by measuring accuracy and compression ratios against traditional fine-tuning and other state-of-the-art pruning techniques."
        },
        {
            "section number": "5.2",
            "key information": "The experiments demonstrate that both rewinding techniques significantly improve accuracy and compression ratios in neural network pruning compared to fine-tuning."
        },
        {
            "section number": "6.1",
            "key information": "Future research could explore further optimizations of the rewinding techniques and their applicability across a broader range of neural network architectures."
        }
    ],
    "similarity_score": null,
    "image": null,
    "path": "/home/liudingyuan/code/SurveyX/code/SurveyX-main/outputs/t14b/papers/Comparing rewinding and fine-tuning in neural network pruning.json"
}