{
    "from": null,
    "scholar_id": null,
    "detail_id": null,
    "title": "Compression of neural machine translation models via pruning",
    "abstract": "Neural Machine Translation (NMT), like many other deep learning domains, typically suffers from over-parameterization, resulting in large storage sizes. This paper examines three simple magnitude-based pruning schemes to compress NMT models, namely class-blind, class-uniform, and class-distribution, which differ in terms of how pruning thresholds are computed for the different classes of weights in the NMT architecture. We demonstrate the efficacy of weight pruning as a compression technique for a state-of-the-art NMT system. We show that an NMT model with over 200 million parameters can be pruned by 40% with very little performance loss as measured on the WMT'14 English-German translation task. This sheds light on the distribution of redundancy in the NMT architecture. Our main result is that with retraining, we can recover and even surpass the original performance with an 80%-pruned model.",
    "arxivid": "1606.09274v1",
    "bib_name": "Compressio118",
    "md_text": "# Compression of neural machine translation models via pruning\n\n\nabstract\n\nNeural Machine Translation (NMT), like many other deep learning domains, typically suffers from over-parameterization, resulting in large storage sizes. This paper examines three simple magnitude-based pruning schemes to compress NMT models, namely class-blind, class-uniform, and class-distribution, which differ in terms of how pruning thresholds are computed for the different classes of weights in the NMT architecture. We demonstrate the efficacy of weight pruning as a compression technique for a state-of-the-art NMT system. We show that an NMT model with over 200 million parameters can be pruned by 40% with very little performance loss as measured on the WMT'14 English-German translation task. This sheds light on the distribution of redundancy in the NMT architecture. Our main result is that with retraining, we can recover and even surpass the original performance with an 80%-pruned model.",
    "paper_type": "method",
    "attri": {
        "background": "Neural Machine Translation (NMT) models often face issues of over-parameterization, leading to large storage sizes. Previous methods for model compression have not sufficiently addressed this problem, necessitating new approaches to effectively reduce model size while maintaining performance.",
        "problem": {
            "definition": "The primary issue this paper aims to solve is the excessive storage requirements of NMT models due to their large number of parameters, which complicates deployment and scalability.",
            "key obstacle": "The main challenge is effectively reducing the number of parameters in NMT models without significantly degrading translation performance."
        },
        "idea": {
            "intuition": "The idea stems from the observation that many parameters in NMT models are redundant and can be removed without impacting the model's ability to translate accurately.",
            "opinion": "The proposed method involves three magnitude-based pruning schemes: class-blind, class-uniform, and class-distribution, which systematically reduce the number of parameters based on their importance.",
            "innovation": "The key innovation of this method lies in the differentiated approach to pruning thresholds for various classes of weights, allowing for more effective compression compared to existing uniform methods."
        },
        "method": {
            "method name": "Magnitude-based Pruning",
            "method abbreviation": "MBP",
            "method definition": "MBP is a technique that reduces the number of parameters in NMT models by pruning weights based on their magnitudes, thereby compressing the model while aiming to retain its performance.",
            "method description": "The method involves identifying and removing less significant weights from the model based on their magnitude.",
            "method steps": [
                "Identify weights in the NMT model based on their magnitude.",
                "Apply the pruning schemes: class-blind, class-uniform, and class-distribution.",
                "Retrain the pruned model to recover performance."
            ],
            "principle": "This method is effective because it targets redundancy in the model parameters, allowing for significant compression while preserving translation quality through retraining."
        },
        "experiments": {
            "evaluation setting": "The experiments were conducted on a state-of-the-art NMT system with over 200 million parameters, evaluated on the WMT'14 English-German translation task, comparing the performance of pruned models against the original.",
            "evaluation method": "Performance was assessed by measuring translation accuracy before and after pruning, as well as after retraining the pruned models."
        },
        "conclusion": "The study concludes that weight pruning can effectively reduce the size of NMT models by up to 80% with minimal performance loss, and retraining can even enhance performance beyond the original model.",
        "discussion": {
            "advantage": "The main advantage of the proposed approach is its ability to significantly compress NMT models while maintaining or improving translation quality, making it suitable for deployment in resource-constrained environments.",
            "limitation": "A limitation of the method is that it may require careful tuning of pruning thresholds for different classes, which can be time-consuming.",
            "future work": "Future research could explore automated methods for determining optimal pruning thresholds and investigate the application of these techniques to other deep learning models."
        },
        "other info": []
    },
    "mount_outline": [
        {
            "section number": "1.1",
            "key information": "Pruning is crucial for model compression in Neural Machine Translation (NMT) models due to their excessive storage requirements and over-parameterization."
        },
        {
            "section number": "2.2",
            "key information": "The concept of pruning in NMT models involves systematically removing redundant parameters based on their importance, which is essential for reducing model size without degrading translation performance."
        },
        {
            "section number": "2.3",
            "key information": "Key terms related to pruning include model compression, which refers to the reduction of parameters in NMT models, and sparsity, which is achieved by removing less significant weights."
        },
        {
            "section number": "3.3",
            "key information": "The proposed method employs three magnitude-based pruning schemes: class-blind, class-uniform, and class-distribution, which are based on the magnitude of weights to reduce parameters effectively."
        },
        {
            "section number": "4.1",
            "key information": "Performance metrics for evaluating pruning techniques include translation accuracy before and after pruning, as well as after retraining the pruned models."
        },
        {
            "section number": "5.1",
            "key information": "Pruning can significantly enhance computational efficiency and inference speed in NMT models by reducing their size by up to 80%."
        },
        {
            "section number": "5.2",
            "key information": "The impact of pruning on model accuracy can lead to minimal performance loss, and retraining can even enhance performance beyond the original model."
        },
        {
            "section number": "6.1",
            "key information": "Future work could focus on automated methods for determining optimal pruning thresholds to improve current pruning algorithms and techniques."
        }
    ],
    "similarity_score": null,
    "image": null,
    "path": "/home/liudingyuan/code/SurveyX/code/SurveyX-main/outputs/t14b/papers/Compression of neural machine translation models via pruning.json"
}