{
    "generate outline": {
        "start": "2025-12-28 22:02:55",
        "end": "2025-12-28 22:07:44",
        "duration": 289.94
    },
    "generate content": {
        "start": "2025-12-28 22:07:44",
        "end": "2025-12-28 22:22:50",
        "duration": 906.58
    },
    "generate tabel": {
        "start": "2025-12-28 22:27:34",
        "end": "2025-12-28 22:28:26",
        "duration": 52.12
    },
    "post refine": {
        "start": "2025-12-28 22:23:06",
        "end": "2025-12-28 22:28:26",
        "duration": 320.12
    },
    "compile latex": {
        "start": "2025-12-28 22:28:26",
        "end": "2025-12-28 22:28:31",
        "duration": 5.59
    }
}