{
    "generate outline": {
        "start": "2025-12-28 23:26:51",
        "end": "2025-12-28 23:31:45",
        "duration": 294.7
    },
    "generate content": {
        "start": "2025-12-28 23:31:45",
        "end": "2025-12-28 23:52:19",
        "duration": 1234.75
    },
    "generate tabel": {
        "start": "2025-12-28 23:56:46",
        "end": "2025-12-28 23:57:48",
        "duration": 62.37
    },
    "post refine": {
        "start": "2025-12-28 23:52:29",
        "end": "2025-12-28 23:57:48",
        "duration": 319.37
    },
    "compile latex": {
        "start": "2025-12-28 23:57:48",
        "end": "2025-12-28 23:57:55",
        "duration": 7.28
    }
}