{
    "title": "A Survey on Deep Neural Network Pruning: Taxonomy, Comparison, Analysis, and Recommendations",
    "sections": [
        {
            "section title": "Introduction",
            "description": "Introduce the topic of deep neural network pruning, its significance in model compression, and network optimization. Outline the objectives of the survey and present the structure of the paper.",
            "subsections": [
                {
                    "subsection title": "Significance of Deep Neural Network Pruning",
                    "description": "Discuss the importance of pruning in the context of model efficiency and performance improvement."
                },
                {
                    "subsection title": "Objectives of the Survey",
                    "description": "Highlight the key goals of conducting this survey, including taxonomy presentation, method comparison, impact analysis, and recommendations."
                },
                {
                    "subsection title": "Structure of the Survey",
                    "description": "Guide readers through the organization of the paper to facilitate understanding and navigation."
                }
            ]
        },
        {
            "section title": "Background and Definitions",
            "description": "Provide an overview of deep neural networks, introducing model compression and network optimization. Define key concepts relevant to pruning.",
            "subsections": [
                {
                    "subsection title": "Overview of Deep Neural Networks",
                    "description": "Introduce the basic structure and function of deep neural networks."
                },
                {
                    "subsection title": "Model Compression Techniques",
                    "description": "Detail the various techniques used for compressing neural network models."
                },
                {
                    "subsection title": "Network Optimization Strategies",
                    "description": "Discuss strategies used in optimizing neural network performance."
                },
                {
                    "subsection title": "Key Concepts: Pruning, Sparsity, and Efficiency",
                    "description": "Define and explain the concepts of pruning, sparsity, and efficiency in neural networks."
                },
                {
                    "subsection title": "Importance in Modern AI Applications",
                    "description": "Explain why these concepts are crucial in current AI implementations."
                }
            ]
        },
        {
            "section title": "Taxonomy of Pruning Techniques",
            "description": "Present a detailed taxonomy categorizing various pruning methods, highlighting structured vs. unstructured and static vs. dynamic approaches.",
            "subsections": [
                {
                    "subsection title": "Structured vs. Unstructured Pruning",
                    "description": "Discuss the different models of pruning and their advantages or disadvantages."
                },
                {
                    "subsection title": "Static vs. Dynamic Pruning",
                    "description": "Explain how different timing affects the pruning process and outcomes."
                },
                {
                    "subsection title": "Novel Pruning Techniques",
                    "description": "Explore recent advancements and innovative methods in pruning."
                },
                {
                    "subsection title": "Hybrid and Specialized Pruning Methods",
                    "description": "Introduce specialized techniques and hybrid methods in pruning."
                },
                {
                    "subsection title": "Pruning in Specific Applications",
                    "description": "Examine how pruning strategies differ when applied to specific domains or applications."
                }
            ]
        },
        {
            "section title": "Comparison of Pruning Methods",
            "description": "Compare pruning methods using metrics like accuracy, computational cost, and size reduction, and discuss trade-offs.",
            "subsections": [
                {
                    "subsection title": "Effectiveness Metrics",
                    "description": "Discuss accuracy and other metrics that indicate method effectiveness."
                },
                {
                    "subsection title": "Efficiency Metrics",
                    "description": "Analyze computational costs and resource savings achieved through various pruning methods."
                },
                {
                    "subsection title": "Trade-offs in Pruning Methods",
                    "description": "Evaluate the trade-offs encountered when choosing between different pruning techniques."
                },
                {
                    "subsection title": "Pruning Techniques in Different Model Architectures",
                    "description": "Discuss how different architectures affect the choice and performance of pruning methods."
                }
            ]
        },
        {
            "section title": "Analysis of Impact on Model Performance",
            "description": "Analyze how different pruning techniques impact model performance, addressing aspects of accuracy, inference time, resource utilization, generalization, and robustness.",
            "subsections": [
                {
                    "subsection title": "Accuracy and Inference Time",
                    "description": "Evaluate the impact on model accuracy and the time required for inference."
                },
                {
                    "subsection title": "Resource Utilization",
                    "description": "Discuss the impact on necessary computational resources post-pruning."
                },
                {
                    "subsection title": "Generalization and Robustness",
                    "description": "Examine the effects of pruning on the models\u2019 ability to generalize and remain robust."
                },
                {
                    "subsection title": "Impact on Specific Applications",
                    "description": "Analyze how pruning impacts performance in application-specific scenarios."
                }
            ]
        },
        {
            "section title": "Recommendations for Optimizing Network Structures",
            "description": "Provide strategies and insights for optimizing network structures through pruning, discuss future directions in pruning research and potential advancements.",
            "subsections": [
                {
                    "subsection title": "Strategies for Selecting Pruning Methods",
                    "description": "Guide on choosing suitable pruning methods based on specific needs and limitations of applications."
                },
                {
                    "subsection title": "Future Research Directions",
                    "description": "Identify promising areas for further research and enhancements in pruning."
                },
                {
                    "subsection title": "Optimizing Network Structures in Specific Applications",
                    "description": "Suggest approaches for optimizing network structures tailored to specific application requirements."
                },
                {
                    "subsection title": "Integrating Advanced Optimization Techniques",
                    "description": "Discuss the integration of advanced optimization techniques with pruning for improved results."
                }
            ]
        },
        {
            "section title": "Conclusion",
            "description": "Summarize the survey\u2019s key findings, emphasizing the role and future of pruning in deep neural networks and AI technology advancement.",
            "subsections": []
        }
    ]
}