{
    "title": "A survey on deep neural network pruning: Taxonomy, comparison, analysis, and recommendations",
    "key_words": "A survey on deep neural network pruning: Taxonomy, comparison, analysis, and recommendations,deep neural networks, model compression, network optimization",
    "topic": "This document is a comprehensive review of deep neural network pruning techniques, presenting a taxonomy to categorize various methods, comparing their effectiveness and efficiency, analyzing their impact on model performance and computational cost, and offering recommendations for optimizing network structures through model compression and network optimization strategies.",
    "mid": 1,
    "task_id": "t14a"
}