{
    "from": null,
    "scholar_id": null,
    "detail_id": null,
    "title": "A comprehensive survey of compression algorithms for language models",
    "abstract": "How can we compress language models without sacrificing accuracy? The number of compression algorithms for language models is rapidly growing to benefit from remarkable advances of recent language models without side effects due to the gigantic size of language models, such as increased carbon emissions and expensive maintenance fees. While numerous compression algorithms have shown remarkable progress in compressing language models, it ironically becomes challenging to capture emerging trends and identify the fundamental concepts underlying them due to the excessive number of algorithms. In this paper, we survey and summarize diverse compression algorithms including pruning, quantization, knowledge distillation, low-rank approximation, parameter sharing, and efficient architecture design. We not only summarize the overall trend of diverse compression algorithms but also select representative algorithms and provide in-depth analyses of them. We discuss the value of each category of compression algorithms, and the desired properties of low-cost compression algorithms which have a significant impact due to the emergence of large language models. Finally, we introduce promising future research topics based on our survey results.",
    "arxivid": "2401.15347v1",
    "bib_name": "Acomprehen28",
    "md_text": "# A comprehensive survey of compression algorithms for language models\n\n\nabstract\n\nHow can we compress language models without sacrificing accuracy? The number of compression algorithms for language models is rapidly growing to benefit from remarkable advances of recent language models without side effects due to the gigantic size of language models, such as increased carbon emissions and expensive maintenance fees. While numerous compression algorithms have shown remarkable progress in compressing language models, it ironically becomes challenging to capture emerging trends and identify the fundamental concepts underlying them due to the excessive number of algorithms. In this paper, we survey and summarize diverse compression algorithms including pruning, quantization, knowledge distillation, low-rank approximation, parameter sharing, and efficient architecture design. We not only summarize the overall trend of diverse compression algorithms but also select representative algorithms and provide in-depth analyses of them. We discuss the value of each category of compression algorithms, and the desired properties of low-cost compression algorithms which have a significant impact due to the emergence of large language models. Finally, we introduce promising future research topics based on our survey results.",
    "paper_type": "survey",
    "attri": {
        "background": {
            "purpose": "This survey aims to address the challenge of compressing language models while maintaining their accuracy, focusing on the growing number of compression algorithms and their implications.",
            "scope": "The survey encompasses various compression techniques including pruning, quantization, knowledge distillation, low-rank approximation, parameter sharing, and efficient architecture design, while excluding less effective or less relevant methods."
        },
        "problem": {
            "definition": "The core issue explored is how to effectively compress large language models to reduce their size and resource consumption without sacrificing performance.",
            "key obstacle": "The primary challenge is the overwhelming number of compression algorithms, which complicates the identification of effective trends and fundamental concepts."
        },
        "architecture": {
            "perspective": "The survey categorizes existing research into distinct types of compression algorithms, providing a structured framework for understanding their effectiveness and applicability.",
            "fields/stages": "The survey organizes the methods into categories such as pruning, quantization, knowledge distillation, and others, based on their approach to model compression."
        },
        "conclusion": {
            "comparisions": "The survey conducts a comparative analysis of different compression methods, evaluating their effectiveness and impact on model performance.",
            "results": "Key takeaways include the identification of effective compression techniques and the significance of low-cost compression algorithms in the context of large language models."
        },
        "discussion": {
            "advantage": "Current research has achieved notable advancements in model compression, enabling the deployment of large language models with reduced resource requirements.",
            "limitation": "However, existing studies often lack comprehensive frameworks for comparing the effectiveness of various compression techniques.",
            "gaps": "There remain unanswered questions regarding the optimal conditions for applying different compression methods and their long-term impacts.",
            "future work": "Future research should focus on refining compression techniques, exploring new algorithms, and addressing the identified gaps to enhance the efficiency of language models."
        },
        "other info": {
            "info1": "The paper emphasizes the environmental and economic implications of large language models, advocating for more sustainable approaches.",
            "info2": {
                "info2.1": "The survey highlights the importance of understanding the trade-offs between compression level and model accuracy.",
                "info2.2": "It also suggests exploring hybrid approaches that combine multiple compression techniques for improved outcomes."
            }
        }
    },
    "mount_outline": [
        {
            "section number": "1.1",
            "key information": "Pruning is essential for enhancing model efficiency and improving performance in the context of compressing language models."
        },
        {
            "section number": "1.2",
            "key information": "The survey aims to address the challenge of compressing language models while maintaining accuracy, focusing on various compression techniques including pruning."
        },
        {
            "section number": "1.3",
            "key information": "The survey organizes methods into categories such as pruning, quantization, and knowledge distillation, providing a structured framework for understanding their applicability."
        },
        {
            "section number": "2.2",
            "key information": "The survey encompasses various compression techniques including pruning, quantization, knowledge distillation, and low-rank approximation."
        },
        {
            "section number": "2.4",
            "key information": "Pruning, as a key concept in model compression, is defined as a technique to reduce the size of models without sacrificing their performance."
        },
        {
            "section number": "3.1",
            "key information": "The paper categorizes existing research into distinct types of compression algorithms, highlighting the advantages and disadvantages of each method, including pruning."
        },
        {
            "section number": "4.3",
            "key information": "The survey emphasizes the trade-offs between compression level and model accuracy, which is crucial in evaluating different pruning techniques."
        },
        {
            "section number": "5.4",
            "key information": "The impact of pruning on model performance is analyzed, particularly in terms of maintaining accuracy while reducing resource consumption."
        },
        {
            "section number": "6.2",
            "key information": "Future research should focus on exploring new algorithms and refining existing compression techniques, including those related to pruning."
        }
    ],
    "similarity_score": null,
    "image": null,
    "path": "/home/liudingyuan/code/SurveyX/code/SurveyX-main/outputs/t14a/papers/A comprehensive survey of compression algorithms for language models.json"
}