{
    "from": null,
    "scholar_id": null,
    "detail_id": null,
    "title": "A fast post-training pruning framework for transformers",
    "abstract": "Pruning is an effective way to reduce the huge inference cost of Transformer models. However, prior work on pruning Transformers requires retraining the models. This can add high training cost and high complexity to model deployment, making it difficult to use in many practical situations. To address this, we propose a fast post-training pruning framework for Transformers that does not require any retraining. Given a resource constraint and a sample dataset, our framework automatically prunes the Transformer model using structured sparsity methods. To retain high accuracy without retraining, we introduce three novel techniques: (i) a lightweight mask search algorithm that finds which heads and filters to prune based on the Fisher information; (ii) mask rearrangement that complements the search algorithm; and (iii) mask tuning that reconstructs the output activations for each layer. We apply our method to BERT-base and DistilBERT, and we evaluate its effectiveness on GLUE and SQuAD benchmarks. Our framework achieves up to 2.0x reduction in FLOPs and 1.56x speedup in inference latency, while maintaining<1% loss in accuracy. Importantly, our framework prunes Transformers in less than 3 minutes on a single GPU, which is over two orders of magnitude faster than existing pruning approaches that retrain the models.",
    "arxivid": "2204.09656v2",
    "bib_name": "Afastpost-113",
    "md_text": "# A fast post-training pruning framework for transformers\n\n\nabstract\n\nPruning is an effective way to reduce the huge inference cost of Transformer models. However, prior work on pruning Transformers requires retraining the models. This can add high training cost and high complexity to model deployment, making it difficult to use in many practical situations. To address this, we propose a fast post-training pruning framework for Transformers that does not require any retraining. Given a resource constraint and a sample dataset, our framework automatically prunes the Transformer model using structured sparsity methods. To retain high accuracy without retraining, we introduce three novel techniques: (i) a lightweight mask search algorithm that finds which heads and filters to prune based on the Fisher information; (ii) mask rearrangement that complements the search algorithm; and (iii) mask tuning that reconstructs the output activations for each layer. We apply our method to BERT-base and DistilBERT, and we evaluate its effectiveness on GLUE and SQuAD benchmarks. Our framework achieves up to 2.0x reduction in FLOPs and 1.56x speedup in inference latency, while maintaining<1% loss in accuracy. Importantly, our framework prunes Transformers in less than 3 minutes on a single GPU, which is over two orders of magnitude faster than existing pruning approaches that retrain the models.",
    "paper_type": "method",
    "attri": {
        "background": "This paper addresses the issue of reducing the inference cost of Transformer models through pruning, which traditionally requires retraining and adds complexity to model deployment. The necessity for a new breakthrough arises from the limitations of existing methods that complicate practical applications.",
        "problem": {
            "definition": "The problem is the high inference cost associated with Transformer models, which hinders their deployment in resource-constrained environments.",
            "key obstacle": "The main difficulty is that existing pruning methods require retraining, leading to increased training costs and complexity."
        },
        "idea": {
            "intuition": "The idea was inspired by the need for a more efficient pruning method that can be applied post-training without the need for retraining.",
            "opinion": "The proposed idea entails a fast post-training pruning framework that utilizes structured sparsity methods to automatically prune Transformer models.",
            "innovation": "The primary difference lies in the introduction of three novel techniques: a lightweight mask search algorithm, mask rearrangement, and mask tuning, which collectively enhance the pruning process without retraining."
        },
        "method": {
            "method name": "Fast Post-Training Pruning Framework",
            "method abbreviation": "FPTPF",
            "method definition": "This method provides a way to prune Transformer models post-training using structured sparsity techniques without requiring retraining.",
            "method description": "The core of the method involves automatically pruning a Transformer model based on resource constraints and a sample dataset.",
            "method steps": [
                "Identify heads and filters to prune using the lightweight mask search algorithm.",
                "Apply mask rearrangement to complement the search results.",
                "Implement mask tuning to reconstruct output activations for each layer."
            ],
            "principle": "The effectiveness of this method is based on the ability to maintain high accuracy while achieving significant reductions in computational load through innovative pruning techniques."
        },
        "experiments": {
            "evaluation setting": "The framework was applied to BERT-base and DistilBERT models, evaluated on the GLUE and SQuAD benchmarks.",
            "evaluation method": "Performance was assessed by measuring reductions in FLOPs and inference latency, alongside accuracy loss."
        },
        "conclusion": "The framework achieves up to 2.0x reduction in FLOPs and 1.56x speedup in inference latency while maintaining less than 1% loss in accuracy, completing the pruning process in under 3 minutes on a single GPU.",
        "discussion": {
            "advantage": "The proposed approach stands out due to its speed and efficiency, allowing for pruning without retraining, which significantly simplifies deployment.",
            "limitation": "Potential limitations include the reliance on the quality of the sample dataset used for pruning and the specific architecture of the Transformer models.",
            "future work": "Future research could explore enhancements to the pruning techniques and their applicability to a broader range of Transformer architectures and tasks."
        },
        "other info": []
    },
    "mount_outline": [
        {
            "section number": "2.2",
            "key information": "The paper addresses the issue of reducing the inference cost of Transformer models through pruning, which traditionally requires retraining and adds complexity to model deployment."
        },
        {
            "section number": "2.4",
            "key information": "The concepts of pruning and structured sparsity are central to the proposed method, which allows for post-training pruning without requiring retraining."
        },
        {
            "section number": "3.3",
            "key information": "The paper introduces three novel techniques: a lightweight mask search algorithm, mask rearrangement, and mask tuning, which enhance the pruning process."
        },
        {
            "section number": "4.2",
            "key information": "The evaluation method measures reductions in FLOPs and inference latency, alongside accuracy loss, highlighting the computational cost savings achieved through the proposed framework."
        },
        {
            "section number": "5.1",
            "key information": "The framework achieves up to 2.0x reduction in FLOPs and 1.56x speedup in inference latency while maintaining less than 1% loss in accuracy."
        },
        {
            "section number": "6.1",
            "key information": "The proposed framework allows for pruning without retraining, significantly simplifying deployment, which can guide the selection of pruning methods based on application needs."
        },
        {
            "section number": "6.2",
            "key information": "Future research could explore enhancements to the pruning techniques and their applicability to a broader range of Transformer architectures and tasks."
        }
    ],
    "similarity_score": null,
    "image": null,
    "path": "/home/liudingyuan/code/SurveyX/code/SurveyX-main/outputs/t14a/papers/A fast post-training pruning framework for transformers.json"
}