{
    "from": null,
    "scholar_id": null,
    "detail_id": null,
    "title": "A gradient flow framework for analyzing network pruning",
    "abstract": "Recent network pruning methods focus on pruning models early-on in training. To estimate the impact of removing a parameter, these methods use importance measures that were originally designed to prune trained models. Despite lacking justification for their use early-on in training, such measures result in surprisingly low accuracy loss. To better explain this behavior, we develop a general gradient flow based framework that unifies state-of-the-art importance measures through the norm of model parameters. We use this framework to determine the relationship between pruning measures and evolution of model parameters, establishing several results related to pruning models early-on in training: (i) magnitude-based pruning removes parameters that contribute least to reduction in loss, resulting in models that converge faster than magnitude-agnostic methods; (ii) loss-preservation based pruning preserves first-order model evolution dynamics and is therefore appropriate for pruning minimally trained models; and (iii) gradient-norm based pruning affects second-order model evolution dynamics, such that increasing gradient norm via pruning can produce poorly performing models. We validate our claims on several VGG-13, MobileNet-V1, and ResNet-56 models trained on CIFAR-10 and CIFAR-100. Code available at this https URL.",
    "arxivid": "2009.11839v4",
    "bib_name": "Agradientf119",
    "md_text": "# A gradient flow framework for analyzing network pruning\n\n\nabstract\n\nRecent network pruning methods focus on pruning models early-on in training. To estimate the impact of removing a parameter, these methods use importance measures that were originally designed to prune trained models. Despite lacking justification for their use early-on in training, such measures result in surprisingly low accuracy loss. To better explain this behavior, we develop a general gradient flow based framework that unifies state-of-the-art importance measures through the norm of model parameters. We use this framework to determine the relationship between pruning measures and evolution of model parameters, establishing several results related to pruning models early-on in training: (i) magnitude-based pruning removes parameters that contribute least to reduction in loss, resulting in models that converge faster than magnitude-agnostic methods; (ii) loss-preservation based pruning preserves first-order model evolution dynamics and is therefore appropriate for pruning minimally trained models; and (iii) gradient-norm based pruning affects second-order model evolution dynamics, such that increasing gradient norm via pruning can produce poorly performing models. We validate our claims on several VGG-13, MobileNet-V1, and ResNet-56 models trained on CIFAR-10 and CIFAR-100. Code available at this https URL.",
    "paper_type": "method",
    "attri": {
        "background": "Recent network pruning methods focus on pruning models early-on in training. To estimate the impact of removing a parameter, these methods use importance measures that were originally designed to prune trained models. Despite lacking justification for their use early-on in training, such measures result in surprisingly low accuracy loss.",
        "problem": {
            "definition": "The problem addressed in this paper is the effectiveness of pruning methods applied early in the training process, particularly the justification for using importance measures designed for trained models.",
            "key obstacle": "The main challenge is the lack of understanding of how early pruning affects model performance and the dynamics of model parameter evolution."
        },
        "idea": {
            "intuition": "The idea is inspired by the observation that certain pruning methods yield surprisingly low accuracy loss even when applied early in training, prompting a need to understand the underlying mechanisms.",
            "opinion": "The proposed idea involves developing a gradient flow framework that unifies various importance measures to analyze the effects of early pruning on model training.",
            "innovation": "The innovation lies in establishing a connection between pruning measures and model parameter evolution, leading to insights about the dynamics of model training that were previously unexplored."
        },
        "method": {
            "method name": "Gradient Flow Framework",
            "method abbreviation": "GFF",
            "method definition": "The gradient flow framework provides a systematic approach to analyze the impact of different pruning strategies on model parameters during early training.",
            "method description": "This framework unifies state-of-the-art importance measures through the norm of model parameters, allowing for a comprehensive analysis of pruning effects.",
            "method steps": "1. Define importance measures based on the norm of model parameters. 2. Analyze the relationship between pruning measures and model parameter evolution. 3. Validate findings through experiments on various models.",
            "principle": "The effectiveness of this method is based on its ability to capture the dynamics of model parameter evolution, thereby providing a rationale for the observed performance of early pruning techniques."
        },
        "experiments": {
            "evaluation setting": "The experiments were conducted on VGG-13, MobileNet-V1, and ResNet-56 models trained on the CIFAR-10 and CIFAR-100 datasets, using baseline methods for comparison.",
            "evaluation method": "The performance of the pruning methods was assessed by measuring accuracy loss and analyzing the evolution of model parameters during training."
        },
        "conclusion": "The paper concludes that early pruning methods can effectively reduce accuracy loss and improve convergence speed when appropriately applied, highlighting the importance of understanding model dynamics.",
        "discussion": {
            "advantage": "The proposed approach offers a deeper understanding of the relationship between pruning strategies and model parameter evolution, leading to more effective pruning techniques.",
            "limitation": "One limitation is that the framework may not account for all potential dynamics present in more complex or varied training scenarios.",
            "future work": "Future research could explore the application of this framework to other model architectures and datasets, as well as investigate additional pruning strategies."
        },
        "other info": []
    },
    "mount_outline": [
        {
            "section number": "2.4",
            "key information": "The problem addressed in this paper is the effectiveness of pruning methods applied early in the training process, particularly the justification for using importance measures designed for trained models."
        },
        {
            "section number": "3.1",
            "key information": "The idea is inspired by the observation that certain pruning methods yield surprisingly low accuracy loss even when applied early in training, prompting a need to understand the underlying mechanisms."
        },
        {
            "section number": "3.2",
            "key information": "The proposed idea involves developing a gradient flow framework that unifies various importance measures to analyze the effects of early pruning on model training."
        },
        {
            "section number": "4.1",
            "key information": "The performance of the pruning methods was assessed by measuring accuracy loss and analyzing the evolution of model parameters during training."
        },
        {
            "section number": "5.1",
            "key information": "The paper concludes that early pruning methods can effectively reduce accuracy loss and improve convergence speed when appropriately applied, highlighting the importance of understanding model dynamics."
        },
        {
            "section number": "6.2",
            "key information": "Future research could explore the application of this framework to other model architectures and datasets, as well as investigate additional pruning strategies."
        }
    ],
    "similarity_score": null,
    "image": null,
    "path": "/home/liudingyuan/code/SurveyX/code/SurveyX-main/outputs/t14a/papers/A gradient flow framework for analyzing network pruning.json"
}