{
    "from": null,
    "scholar_id": null,
    "detail_id": null,
    "title": "A probabilistic approach to neural network pruning",
    "abstract": "Neural network pruning techniques reduce the number of parameters without compromising predicting ability of a network. Many algorithms have been developed for pruning both over-parameterized fully-connected networks (FCNs) and convolutional neural networks (CNNs), but analytical studies of capabilities and compression ratios of such pruned sub-networks are lacking. We theoretically study the performance of two pruning techniques (random and magnitude-based) on FCNs and CNNs. Given a target network {whose weights are independently sampled from appropriate distributions}, we provide a universal approach to bound the gap between a pruned and the target network in a probabilistic sense. The results establish that there exist pruned networks with expressive power within any specified bound from the target network.",
    "arxivid": "2105.10065v1",
    "bib_name": "Aprobabili177",
    "md_text": "# A probabilistic approach to neural network pruning\n\n\nabstract\n\nNeural network pruning techniques reduce the number of parameters without compromising predicting ability of a network. Many algorithms have been developed for pruning both over-parameterized fully-connected networks (FCNs) and convolutional neural networks (CNNs), but analytical studies of capabilities and compression ratios of such pruned sub-networks are lacking. We theoretically study the performance of two pruning techniques (random and magnitude-based) on FCNs and CNNs. Given a target network {whose weights are independently sampled from appropriate distributions}, we provide a universal approach to bound the gap between a pruned and the target network in a probabilistic sense. The results establish that there exist pruned networks with expressive power within any specified bound from the target network.",
    "paper_type": "theory",
    "attri": {
        "background": "This paper addresses the issue of neural network pruning, which is vital for reducing the number of parameters in neural networks while maintaining their predictive performance. Despite the development of various pruning algorithms for fully-connected networks and convolutional neural networks, there is a lack of analytical studies examining the capabilities and compression ratios of pruned sub-networks.",
        "problem": {
            "definition": "The problem is the challenge of effectively pruning neural networks to reduce their complexity without significantly affecting their performance.",
            "key obstacle": "A main difficulty is the lack of a theoretical understanding of the expressive power of pruned networks in relation to the original target network."
        },
        "idea": {
            "intuition": "The idea was inspired by the need to understand how different pruning techniques affect the performance of neural networks.",
            "opinion": "The authors propose a probabilistic approach to evaluate the performance of pruned networks compared to their target networks.",
            "innovation": "The main difference compared to previous methods is the introduction of a universal probabilistic framework that bounds the performance gap between pruned and target networks."
        },
        "Theory": {
            "perspective": "The perspective of the theory is probabilistic analysis of neural network performance, focusing on the relationship between pruned networks and their target counterparts.",
            "opinion": "The authors assume that pruned networks can retain significant expressive power even after a reduction in parameters.",
            "proof": "The proof involves establishing bounds on the performance gap between pruned networks and the target network, demonstrating the existence of pruned networks that can achieve specified performance levels."
        },
        "experiments": {
            "evaluation setting": "The evaluation involves two pruning techniques (random and magnitude-based) applied to fully-connected networks and convolutional neural networks, using weights sampled from appropriate distributions.",
            "evaluation method": "The evaluation steps include theoretical analysis to derive bounds on the performance of pruned networks in relation to the target network."
        },
        "conclusion": "The conclusion of the paper is that pruned networks can achieve expressive power within a specified bound from the target network, supporting the viability of pruning as a method for reducing network complexity.",
        "discussion": {
            "advantage": "The advantages of this paper include a theoretical framework that provides insights into the effectiveness of pruning techniques and establishes performance bounds.",
            "limitation": "A limitation is that the analysis may not cover all potential pruning techniques or architectures beyond those specifically studied.",
            "future work": "Future work could focus on extending the theoretical framework to include a broader range of pruning methods and network architectures, as well as empirical validation of the theoretical results."
        },
        "other info": []
    },
    "mount_outline": [
        {
            "section number": "1.1",
            "key information": "Neural network pruning is vital for reducing the number of parameters in neural networks while maintaining their predictive performance."
        },
        {
            "section number": "1.2",
            "key information": "The paper aims to provide a probabilistic approach to evaluate the performance of pruned networks compared to their target networks."
        },
        {
            "section number": "2.4",
            "key information": "The paper defines the challenge of effectively pruning neural networks to reduce their complexity without significantly affecting their performance."
        },
        {
            "section number": "3.1",
            "key information": "The paper discusses various pruning algorithms for fully-connected networks and convolutional neural networks."
        },
        {
            "section number": "4.1",
            "key information": "The authors establish bounds on the performance gap between pruned networks and the target network."
        },
        {
            "section number": "5.3",
            "key information": "The paper examines the expressive power of pruned networks and their ability to maintain performance levels after parameter reduction."
        },
        {
            "section number": "6.2",
            "key information": "Future work could focus on extending the theoretical framework to include a broader range of pruning methods and network architectures."
        }
    ],
    "similarity_score": null,
    "image": null,
    "path": "/home/liudingyuan/code/SurveyX/code/SurveyX-main/outputs/t14a/papers/A probabilistic approach to neural network pruning.json"
}