{
    "from": null,
    "scholar_id": null,
    "detail_id": null,
    "title": "A signal propagation perspective for pruning neural networks at initialization",
    "abstract": "Network pruning is a promising avenue for compressing deep neural networks. A typical approach to pruning starts by training a model and then removing redundant parameters while minimizing the impact on what is learned. Alternatively, a recent approach shows that pruning can be done at initialization prior to training, based on a saliency criterion called connection sensitivity. However, it remains unclear exactly why pruning an untrained, randomly initialized neural network is effective. In this work, by noting connection sensitivity as a form of gradient, we formally characterize initialization conditions to ensure reliable connection sensitivity measurements, which in turn yields effective pruning results. Moreover, we analyze the signal propagation properties of the resulting pruned networks and introduce a simple, data-free method to improve their trainability. Our modifications to the existing pruning at initialization method lead to improved results on all tested network models for image classification tasks. Furthermore, we empirically study the effect of supervision for pruning and demonstrate that our signal propagation perspective, combined with unsupervised pruning, can be useful in various scenarios where pruning is applied to non-standard arbitrarily-designed architectures.",
    "arxivid": "1906.06307v2",
    "bib_name": "Asignalpro60",
    "md_text": "# A signal propagation perspective for pruning neural networks at initialization\n\n\nabstract\n\nNetwork pruning is a promising avenue for compressing deep neural networks. A typical approach to pruning starts by training a model and then removing redundant parameters while minimizing the impact on what is learned. Alternatively, a recent approach shows that pruning can be done at initialization prior to training, based on a saliency criterion called connection sensitivity. However, it remains unclear exactly why pruning an untrained, randomly initialized neural network is effective. In this work, by noting connection sensitivity as a form of gradient, we formally characterize initialization conditions to ensure reliable connection sensitivity measurements, which in turn yields effective pruning results. Moreover, we analyze the signal propagation properties of the resulting pruned networks and introduce a simple, data-free method to improve their trainability. Our modifications to the existing pruning at initialization method lead to improved results on all tested network models for image classification tasks. Furthermore, we empirically study the effect of supervision for pruning and demonstrate that our signal propagation perspective, combined with unsupervised pruning, can be useful in various scenarios where pruning is applied to non-standard arbitrarily-designed architectures.",
    "paper_type": "method",
    "attri": {
        "background": "This paper addresses the issue of network pruning, which is critical for compressing deep neural networks. Previous methods involved training a model before pruning, but recent approaches suggest that pruning can be effectively performed at initialization based on connection sensitivity. However, the effectiveness of pruning untrained networks remains unclear, necessitating further investigation.",
        "problem": {
            "definition": "The problem this paper aims to solve is the lack of clarity on why pruning untrained, randomly initialized neural networks based on connection sensitivity yields effective results.",
            "key obstacle": "The core obstacle is ensuring reliable measurements of connection sensitivity in untrained networks, which is essential for effective pruning."
        },
        "idea": {
            "intuition": "The idea is inspired by the observation that connection sensitivity can be treated as a form of gradient, allowing for a better understanding of the initialization conditions necessary for effective pruning.",
            "opinion": "The proposed idea involves formalizing the initialization conditions to ensure reliable connection sensitivity measurements, which enhances the pruning process.",
            "innovation": "The primary innovation of this method lies in the introduction of a signal propagation perspective, which improves the understanding of how pruning can be effectively conducted at initialization compared to existing methods."
        },
        "method": {
            "method name": "Signal Propagation Perspective for Pruning",
            "method abbreviation": "SPP",
            "method definition": "The method involves analyzing signal propagation properties and formalizing initialization conditions to improve the reliability of connection sensitivity measurements for pruning neural networks at initialization.",
            "method description": "This method provides a framework for effective pruning of neural networks before training by leveraging connection sensitivity.",
            "method steps": "1. Analyze connection sensitivity as a gradient. 2. Establish initialization conditions for reliable measurements. 3. Prune the network based on these measurements. 4. Improve trainability with a simple, data-free method.",
            "principle": "This method is effective because it ensures that the connection sensitivity measurements are reliable, which is crucial for successful pruning and enhancing the trainability of the resulting networks."
        },
        "experiments": {
            "evaluation setting": "The experiments were conducted on various network models for image classification tasks, comparing the results of the proposed method against baseline methods.",
            "evaluation method": "The performance of the method was assessed by measuring the effectiveness of pruning and the subsequent trainability of the pruned networks."
        },
        "conclusion": "The outcomes of the experiments demonstrate that the proposed signal propagation perspective significantly improves the effectiveness of pruning neural networks at initialization, leading to better results across all tested models.",
        "discussion": {
            "advantage": "Key advantages of the proposed approach include improved understanding of initialization conditions for pruning and enhanced trainability of pruned networks.",
            "limitation": "A limitation of the method may be its dependence on the proper characterization of connection sensitivity, which could vary across different architectures.",
            "future work": "Future research could explore further refinements to the pruning process and investigate its application to a wider range of neural network architectures."
        },
        "other info": []
    },
    "mount_outline": [
        {
            "section number": "1.1",
            "key information": "This paper addresses the issue of network pruning, which is critical for compressing deep neural networks."
        },
        {
            "section number": "2.4",
            "key information": "The problem this paper aims to solve is the lack of clarity on why pruning untrained, randomly initialized neural networks based on connection sensitivity yields effective results."
        },
        {
            "section number": "3.1",
            "key information": "The primary innovation of this method lies in the introduction of a signal propagation perspective, which improves the understanding of how pruning can be effectively conducted at initialization compared to existing methods."
        },
        {
            "section number": "4.1",
            "key information": "The performance of the method was assessed by measuring the effectiveness of pruning and the subsequent trainability of the pruned networks."
        },
        {
            "section number": "5.1",
            "key information": "The outcomes of the experiments demonstrate that the proposed signal propagation perspective significantly improves the effectiveness of pruning neural networks at initialization."
        },
        {
            "section number": "6.2",
            "key information": "Future research could explore further refinements to the pruning process and investigate its application to a wider range of neural network architectures."
        }
    ],
    "similarity_score": null,
    "image": null,
    "path": "/home/liudingyuan/code/SurveyX/code/SurveyX-main/outputs/t14a/papers/A signal propagation perspective for pruning neural networks at initialization.json"
}