{
    "from": null,
    "scholar_id": null,
    "detail_id": null,
    "title": "A simple framework for contrastive learning of visual representations",
    "abstract": "This paper presents SimCLR: a simple framework for contrastive learning of visual representations. We simplify recently proposed contrastive self-supervised learning algorithms without requiring specialized architectures or a memory bank. In order to understand what enables the contrastive prediction tasks to learn useful representations, we systematically study the major components of our framework. We show that (1) composition of data augmentations plays a critical role in defining effective predictive tasks, (2) introducing a learnable nonlinear transformation between the representation and the contrastive loss substantially improves the quality of the learned representations, and (3) contrastive learning benefits from larger batch sizes and more training steps compared to supervised learning. By combining these findings, we are able to considerably outperform previous methods for self-supervised and semi-supervised learning on ImageNet. A linear classifier trained on self-supervised representations learned by SimCLR achieves 76.5% top-1 accuracy, which is a 7% relative improvement over previous state-of-the-art, matching the performance of a supervised ResNet-50. When fine-tuned on only 1% of the labels, we achieve 85.8% top-5 accuracy, outperforming AlexNet with 100X fewer labels.",
    "arxivid": "2002.05709v3",
    "bib_name": "Asimplefra159",
    "md_text": "# A simple framework for contrastive learning of visual representations\n\n\nabstract\n\nThis paper presents SimCLR: a simple framework for contrastive learning of visual representations. We simplify recently proposed contrastive self-supervised learning algorithms without requiring specialized architectures or a memory bank. In order to understand what enables the contrastive prediction tasks to learn useful representations, we systematically study the major components of our framework. We show that (1) composition of data augmentations plays a critical role in defining effective predictive tasks, (2) introducing a learnable nonlinear transformation between the representation and the contrastive loss substantially improves the quality of the learned representations, and (3) contrastive learning benefits from larger batch sizes and more training steps compared to supervised learning. By combining these findings, we are able to considerably outperform previous methods for self-supervised and semi-supervised learning on ImageNet. A linear classifier trained on self-supervised representations learned by SimCLR achieves 76.5% top-1 accuracy, which is a 7% relative improvement over previous state-of-the-art, matching the performance of a supervised ResNet-50. When fine-tuned on only 1% of the labels, we achieve 85.8% top-5 accuracy, outperforming AlexNet with 100X fewer labels.",
    "paper_type": "method",
    "attri": {
        "background": "This paper addresses the issue of learning visual representations through contrastive self-supervised learning. Previous methods required specialized architectures and memory banks, which limited their applicability and efficiency. The need for a simpler and more effective approach to contrastive learning is highlighted.",
        "problem": {
            "definition": "The problem is to develop a framework for contrastive learning that simplifies the existing methods while maintaining or improving the quality of learned visual representations.",
            "key obstacle": "The main challenge is that existing contrastive learning methods often rely on complex architectures and memory banks, which complicate their implementation and scalability."
        },
        "idea": {
            "intuition": "The intuition behind the proposed idea is that by simplifying the framework and focusing on the essential components of contrastive learning, it is possible to achieve effective representation learning without the overhead of complex architectures.",
            "opinion": "The proposed idea, SimCLR, is a framework that utilizes a straightforward approach to contrastive learning, emphasizing the importance of data augmentation and a learnable transformation in enhancing representation quality.",
            "innovation": "The primary innovation of SimCLR lies in its simplification of the contrastive learning process, eliminating the need for specialized architectures and memory banks, while introducing critical components that improve learning outcomes."
        },
        "method": {
            "method name": "SimCLR",
            "method abbreviation": "SCL",
            "method definition": "SimCLR is a framework for contrastive learning that focuses on the composition of data augmentations and a learnable nonlinear transformation to improve the quality of learned visual representations.",
            "method description": "SimCLR simplifies contrastive learning by leveraging data augmentations and a nonlinear transformation to enhance representation learning.",
            "method steps": "1. Apply data augmentations to input images. 2. Generate representations using a neural network. 3. Compute contrastive loss with a learnable transformation. 4. Optimize the model using large batch sizes and extended training.",
            "principle": "The effectiveness of SimCLR is based on the premise that well-defined predictive tasks, supported by data augmentations and a nonlinear transformation, lead to better representation learning, especially when trained with larger batch sizes."
        },
        "experiments": {
            "evaluation setting": "The experiments were conducted on the ImageNet dataset, comparing SimCLR against baseline methods in self-supervised and semi-supervised learning settings.",
            "evaluation method": "Performance was assessed using a linear classifier trained on the self-supervised representations learned by SimCLR, measuring top-1 and top-5 accuracy."
        },
        "conclusion": "The experiments demonstrate that SimCLR significantly outperforms previous self-supervised and semi-supervised learning methods on ImageNet, achieving a top-1 accuracy of 76.5%, which is a 7% relative improvement over the previous state-of-the-art.",
        "discussion": {
            "advantage": "The key advantages of SimCLR include its simplicity, effectiveness in representation learning without complex architectures, and improved performance with larger batch sizes.",
            "limitation": "A limitation of the method may be its dependence on large batch sizes, which could be a barrier for resource-constrained environments.",
            "future work": "Future research could explore further optimizations of the framework, investigate the impact of different augmentation strategies, and adapt the method for other types of data beyond images."
        },
        "other info": []
    },
    "mount_outline": [
        {
            "section number": "2.1",
            "key information": "The proposed framework, SimCLR, emphasizes a straightforward approach to contrastive learning, focusing on the essential components of representation learning."
        },
        {
            "section number": "2.2",
            "key information": "SimCLR simplifies contrastive learning by leveraging data augmentations and a nonlinear transformation to enhance representation learning."
        },
        {
            "section number": "3.1",
            "key information": "SimCLR eliminates the need for specialized architectures and memory banks, which are often seen in traditional contrastive learning methods."
        },
        {
            "section number": "4.1",
            "key information": "Performance of SimCLR was evaluated using a linear classifier, measuring top-1 and top-5 accuracy, achieving a top-1 accuracy of 76.5%."
        },
        {
            "section number": "5.1",
            "key information": "The experiments demonstrate that SimCLR significantly outperforms previous self-supervised and semi-supervised learning methods on ImageNet, achieving a 7% relative improvement over the previous state-of-the-art."
        },
        {
            "section number": "6.2",
            "key information": "Future research could explore further optimizations of the SimCLR framework, investigate the impact of different augmentation strategies, and adapt the method for other types of data beyond images."
        }
    ],
    "similarity_score": null,
    "image": null,
    "path": "/home/liudingyuan/code/SurveyX/code/SurveyX-main/outputs/t14a/papers/A simple framework for contrastive learning of visual representations.json"
}