{
    "from": null,
    "scholar_id": null,
    "detail_id": null,
    "title": "A survey of lottery ticket hypothesis",
    "abstract": "The Lottery Ticket Hypothesis (LTH) states that a dense neural network model contains a highly sparse subnetwork (i.e., winning tickets) that can achieve even better performance than the original model when trained in isolation. While LTH has been proved both empirically and theoretically in many works, there still are some open issues, such as efficiency and scalability, to be addressed. Also, the lack of open-source frameworks and consensual experimental setting poses a challenge to future research on LTH. We, for the first time, examine previous research and studies on LTH from different perspectives. We also discuss issues in existing works and list potential directions for further exploration. This survey aims to provide an in-depth look at the state of LTH and develop a duly maintained platform to conduct experiments and compare with the most updated baselines.",
    "arxivid": "2403.04861v2",
    "bib_name": "Asurveyofl87",
    "md_text": "# A survey of lottery ticket hypothesis\n\n\nabstract\n\nThe Lottery Ticket Hypothesis (LTH) states that a dense neural network model contains a highly sparse subnetwork (i.e., winning tickets) that can achieve even better performance than the original model when trained in isolation. While LTH has been proved both empirically and theoretically in many works, there still are some open issues, such as efficiency and scalability, to be addressed. Also, the lack of open-source frameworks and consensual experimental setting poses a challenge to future research on LTH. We, for the first time, examine previous research and studies on LTH from different perspectives. We also discuss issues in existing works and list potential directions for further exploration. This survey aims to provide an in-depth look at the state of LTH and develop a duly maintained platform to conduct experiments and compare with the most updated baselines.",
    "paper_type": "survey",
    "attri": {
        "background": {
            "purpose": "This survey aims to provide an in-depth look at the Lottery Ticket Hypothesis (LTH) and develop a platform for conducting experiments and comparisons with updated baselines.",
            "scope": "The survey includes an examination of previous research on LTH, addressing issues such as efficiency, scalability, and the lack of open-source frameworks. Topics excluded are those that do not directly pertain to LTH or its experimental validation."
        },
        "problem": {
            "definition": "The survey focuses on the Lottery Ticket Hypothesis, which posits that within a dense neural network, there exists a sparse subnetwork that can perform better when trained independently.",
            "key obstacle": "Primary challenges include addressing issues of efficiency and scalability, as well as the lack of standardized experimental settings and open-source frameworks."
        },
        "architecture": {
            "perspective": "The survey categorizes existing research on LTH from multiple perspectives, highlighting various approaches and findings related to the hypothesis.",
            "fields/stages": "The survey organizes the current methods into distinct fields based on their contributions to understanding the LTH, though specific criteria for categorization are not detailed in the abstract."
        },
        "conclusion": {
            "comparisions": "The survey likely conducts a comparative analysis of different studies related to LTH, evaluating their effectiveness and approaches, although specific comparisons are not detailed in the abstract.",
            "results": "Key takeaways include identifying open issues in the research on LTH and suggesting directions for future exploration."
        },
        "discussion": {
            "advantage": "Existing research has established the foundational understanding of LTH and demonstrated its potential through various empirical and theoretical works.",
            "limitation": "Current studies face limitations regarding efficiency, scalability, and a lack of open-source frameworks for experimentation.",
            "gaps": "There are unanswered questions regarding the optimal conditions for LTH and the need for standardized experimental setups.",
            "future work": "Future research should focus on addressing the identified gaps, improving experimental frameworks, and exploring new methodologies related to LTH."
        },
        "other info": {
            "info1": "The survey discusses issues in existing works and lists potential directions for further exploration.",
            "info2": {
                "info2.1": "The paper emphasizes the importance of creating a maintained platform for experiments.",
                "info2.2": "The survey may include insights from various studies to provide a comprehensive overview of LTH."
            }
        }
    },
    "mount_outline": [
        {
            "section number": "1.1",
            "key information": "The Lottery Ticket Hypothesis posits that within a dense neural network, there exists a sparse subnetwork that can perform better when trained independently."
        },
        {
            "section number": "1.2",
            "key information": "The survey aims to provide an in-depth look at the Lottery Ticket Hypothesis (LTH) and develop a platform for conducting experiments and comparisons with updated baselines."
        },
        {
            "section number": "2.4",
            "key information": "The survey addresses issues such as efficiency, scalability, and the lack of open-source frameworks in relation to the Lottery Ticket Hypothesis."
        },
        {
            "section number": "3.1",
            "key information": "The survey categorizes existing research on LTH from multiple perspectives, highlighting various approaches and findings related to the hypothesis."
        },
        {
            "section number": "4.3",
            "key information": "Primary challenges in LTH research include addressing issues of efficiency and scalability, as well as the lack of standardized experimental settings and open-source frameworks."
        },
        {
            "section number": "5.4",
            "key information": "Future research should focus on addressing the identified gaps, improving experimental frameworks, and exploring new methodologies related to LTH."
        },
        {
            "section number": "6.2",
            "key information": "Key takeaways include identifying open issues in the research on LTH and suggesting directions for future exploration."
        }
    ],
    "similarity_score": null,
    "image": null,
    "path": "/home/liudingyuan/code/SurveyX/code/SurveyX-main/outputs/t14a/papers/A survey of lottery ticket hypothesis.json"
}