{
    "from": null,
    "scholar_id": null,
    "detail_id": null,
    "title": "A survey on deep neural network compression: Challenges, overview, and solutions",
    "abstract": "Deep Neural Network (DNN) has gained unprecedented performance due to its automated feature extraction capability. This high order performance leads to significant incorporation of DNN models in different Internet of Things (IoT) applications in the past decade. However, the colossal requirement of computation, energy, and storage of DNN models make their deployment prohibitive on resource constraint IoT devices. Therefore, several compression techniques were proposed in recent years for reducing the storage and computation requirements of the DNN model. These techniques on DNN compression have utilized a different perspective for compressing DNN with minimal accuracy compromise. It encourages us to make a comprehensive overview of the DNN compression techniques. In this paper, we present a comprehensive review of existing literature on compressing DNN model that reduces both storage and computation requirements. We divide the existing approaches into five broad categories, i.e., network pruning, sparse representation, bits precision, knowledge distillation, and miscellaneous, based upon the mechanism incorporated for compressing the DNN model. The paper also discussed the challenges associated with each category of DNN compression techniques. Finally, we provide a quick summary of existing work under each category with the future direction in DNN compression.",
    "arxivid": "2010.03954v1",
    "bib_name": "Asurveyond27",
    "md_text": "# A survey on deep neural network compression: Challenges, overview, and solutions\n\n\nabstract\n\nDeep Neural Network (DNN) has gained unprecedented performance due to its automated feature extraction capability. This high order performance leads to significant incorporation of DNN models in different Internet of Things (IoT) applications in the past decade. However, the colossal requirement of computation, energy, and storage of DNN models make their deployment prohibitive on resource constraint IoT devices. Therefore, several compression techniques were proposed in recent years for reducing the storage and computation requirements of the DNN model. These techniques on DNN compression have utilized a different perspective for compressing DNN with minimal accuracy compromise. It encourages us to make a comprehensive overview of the DNN compression techniques. In this paper, we present a comprehensive review of existing literature on compressing DNN model that reduces both storage and computation requirements. We divide the existing approaches into five broad categories, i.e., network pruning, sparse representation, bits precision, knowledge distillation, and miscellaneous, based upon the mechanism incorporated for compressing the DNN model. The paper also discussed the challenges associated with each category of DNN compression techniques. Finally, we provide a quick summary of existing work under each category with the future direction in DNN compression.",
    "paper_type": "survey",
    "attri": {
        "background": {
            "purpose": "This survey aims to provide a comprehensive overview of deep neural network (DNN) compression techniques to address the challenges posed by the high computational, energy, and storage requirements of DNN models, especially for deployment on resource-constrained IoT devices.",
            "scope": "The survey includes various DNN compression techniques such as network pruning, sparse representation, bits precision, knowledge distillation, and miscellaneous methods. It excludes techniques not directly related to DNN compression or those that do not focus on optimizing resource usage for IoT applications."
        },
        "problem": {
            "definition": "The core issue explored in this survey is the challenge of deploying DNN models on resource-constrained IoT devices due to their substantial requirements for computation, energy, and storage.",
            "key obstacle": "The primary challenges include the trade-off between compression and accuracy, as well as the complexity of implementing various compression techniques without significantly degrading model performance."
        },
        "architecture": {
            "perspective": "The survey categorizes existing DNN compression techniques into five broad categories based on their mechanisms: network pruning, sparse representation, bits precision, knowledge distillation, and miscellaneous.",
            "fields/stages": "The different fields or stages organized in the survey reflect the distinct methodologies employed for DNN compression, each addressing specific aspects of storage and computational efficiency."
        },
        "conclusion": {
            "comparisions": "The survey conducts a comparative analysis of the effectiveness and approaches of various DNN compression methods, highlighting their strengths and weaknesses in terms of accuracy and resource efficiency.",
            "results": "Key takeaways include the identification of various successful compression techniques and the acknowledgment of the challenges that remain in achieving optimal performance without significant accuracy loss."
        },
        "discussion": {
            "advantage": "The strengths of existing research include the development of diverse techniques that effectively reduce the resource requirements of DNNs while maintaining reasonable accuracy levels.",
            "limitation": "Current studies often fall short in addressing the complex trade-offs between compression rates and model performance, and there may be insufficient exploration of certain novel compression methods.",
            "gaps": "Unanswered questions include the need for more robust methods that can achieve higher levels of compression without compromising accuracy and the exploration of new techniques that could be applied to DNN compression.",
            "future work": "Future research should focus on emerging trends in DNN compression, such as hybrid approaches that combine multiple techniques and the exploration of adaptive compression strategies tailored for specific IoT applications."
        },
        "other info": {
            "info1": "The paper provides a summary of existing work under each category of DNN compression techniques.",
            "info2": {
                "info2.1": "The survey emphasizes the importance of minimizing accuracy compromise while applying compression techniques.",
                "info2.2": "It encourages further exploration of future directions in DNN compression methodologies."
            }
        }
    },
    "mount_outline": [
        {
            "section number": "1.1",
            "key information": "Pruning is essential for improving model efficiency and performance, especially for deployment on resource-constrained IoT devices."
        },
        {
            "section number": "1.2",
            "key information": "The survey aims to provide a comprehensive overview of DNN compression techniques, including network pruning, to optimize resource usage for IoT applications."
        },
        {
            "section number": "2.2",
            "key information": "The survey includes various DNN compression techniques such as network pruning, sparse representation, bits precision, and knowledge distillation."
        },
        {
            "section number": "2.4",
            "key information": "Key concepts include the challenge of deploying DNN models on resource-constrained devices due to high computational, energy, and storage requirements."
        },
        {
            "section number": "3.1",
            "key information": "The survey categorizes existing DNN compression techniques into five broad categories based on their mechanisms, including network pruning."
        },
        {
            "section number": "4.1",
            "key information": "The survey conducts a comparative analysis of various DNN compression methods, highlighting their strengths and weaknesses in terms of accuracy and resource efficiency."
        },
        {
            "section number": "5.3",
            "key information": "Current studies often fall short in addressing the trade-offs between compression rates and model performance, indicating a need for more robust methods."
        },
        {
            "section number": "6.2",
            "key information": "Future research should focus on hybrid approaches that combine multiple techniques and explore adaptive compression strategies tailored for specific IoT applications."
        }
    ],
    "similarity_score": null,
    "image": null,
    "path": "/home/liudingyuan/code/SurveyX/code/SurveyX-main/outputs/t14a/papers/A survey on deep neural network compression_ Challenges, overview, and solutions.json"
}