{
    "from": null,
    "scholar_id": null,
    "detail_id": null,
    "title": "A survey on model compression for large language models",
    "abstract": "Abstract Large Language Models (LLMs) have transformed natural language processing tasks successfully. Yet, their large size and high computational needs pose challenges for practical use, especially in resource-limited settings. Model compression has emerged as a key research area to address these challenges. This paper presents a survey of model compression techniques for LLMs. We cover methods like quantization, pruning, and knowledge distillation, highlighting recent advancements. We also discuss benchmarking strategies and evaluation metrics crucial for assessing compressed LLMs. This survey offers valuable insights for researchers and practitioners, aiming to enhance efficiency and real-world applicability of LLMs while laying a foundation for future advancements.",
    "arxivid": "2308.07633v4",
    "bib_name": "Asurveyonm33",
    "md_text": "# A survey on model compression for large language models\n\n\nabstract\n\nAbstract Large Language Models (LLMs) have transformed natural language processing tasks successfully. Yet, their large size and high computational needs pose challenges for practical use, especially in resource-limited settings. Model compression has emerged as a key research area to address these challenges. This paper presents a survey of model compression techniques for LLMs. We cover methods like quantization, pruning, and knowledge distillation, highlighting recent advancements. We also discuss benchmarking strategies and evaluation metrics crucial for assessing compressed LLMs. This survey offers valuable insights for researchers and practitioners, aiming to enhance efficiency and real-world applicability of LLMs while laying a foundation for future advancements.",
    "paper_type": "survey",
    "attri": {
        "background": {
            "purpose": "This survey aims to address the challenges posed by the large size and high computational needs of Large Language Models (LLMs) in practical use, particularly in resource-limited settings. It seeks to fill knowledge gaps regarding model compression techniques that can enhance the efficiency and applicability of LLMs.",
            "scope": "The survey covers various model compression methods, including quantization, pruning, and knowledge distillation, while excluding unrelated techniques that do not directly contribute to the compression of LLMs."
        },
        "problem": {
            "definition": "The core issue explored in this survey is the challenge of deploying Large Language Models in practical applications due to their size and computational demands.",
            "key obstacle": "The primary challenges faced by researchers in this area include the complexity of implementing effective compression techniques and the need for benchmarking strategies to evaluate the performance of compressed models."
        },
        "architecture": {
            "perspective": "The survey introduces a framework for categorizing existing research on model compression techniques, emphasizing their relevance to LLMs.",
            "fields/stages": "The survey organizes current methods into categories based on their approach to compression, such as quantization, pruning, and knowledge distillation, using criteria like efficiency and effectiveness in reducing model size."
        },
        "conclusion": {
            "comparisions": "The survey conducts a comparative analysis of different model compression techniques, evaluating their effectiveness and approaches in enhancing the performance of LLMs.",
            "results": "Key takeaways include the identification of promising compression methods that can significantly reduce the size and computational requirements of LLMs, making them more suitable for real-world applications."
        },
        "discussion": {
            "advantage": "The existing research has achieved significant advancements in model compression techniques, demonstrating improved efficiency and applicability of LLMs in various settings.",
            "limitation": "Current studies often fall short in providing comprehensive benchmarking strategies and may lack generalizability across different LLM architectures.",
            "gaps": "Unanswered questions remain regarding the optimal combination of compression techniques and their impact on model performance in diverse applications.",
            "future work": "Future research should focus on developing standardized evaluation metrics for compressed models and exploring emerging trends in hybrid compression techniques that combine multiple methodologies."
        },
        "other info": {}
    },
    "mount_outline": [
        {
            "section number": "1.1",
            "key information": "The survey addresses the challenges posed by the large size and high computational needs of Large Language Models (LLMs) in practical use, particularly in resource-limited settings."
        },
        {
            "section number": "1.2",
            "key information": "The key goals of conducting this survey include filling knowledge gaps regarding model compression techniques that can enhance the efficiency and applicability of LLMs."
        },
        {
            "section number": "2.2",
            "key information": "The survey covers various model compression methods, including quantization, pruning, and knowledge distillation."
        },
        {
            "section number": "2.4",
            "key information": "The survey organizes current methods into categories based on their approach to compression, such as quantization, pruning, and knowledge distillation."
        },
        {
            "section number": "4.1",
            "key information": "The survey conducts a comparative analysis of different model compression techniques, evaluating their effectiveness and approaches in enhancing the performance of LLMs."
        },
        {
            "section number": "5.2",
            "key information": "The primary challenges faced by researchers include the complexity of implementing effective compression techniques and the need for benchmarking strategies to evaluate the performance of compressed models."
        },
        {
            "section number": "6.2",
            "key information": "Future research should focus on developing standardized evaluation metrics for compressed models and exploring emerging trends in hybrid compression techniques."
        }
    ],
    "similarity_score": null,
    "image": null,
    "path": "/home/liudingyuan/code/SurveyX/code/SurveyX-main/outputs/t14a/papers/A survey on model compression for large language models.json"
}