{
    "from": null,
    "scholar_id": null,
    "detail_id": null,
    "title": "A systematic DNN weight pruning framework using alternating direction method of multipliers",
    "abstract": "Weight pruning methods for deep neural networks (DNNs) have been investigated recently, but prior work in this area is mainly heuristic, iterative pruning, thereby lacking guarantees on the weight reduction ratio and convergence time. To mitigate these limitations, we present a systematic weight pruning framework of DNNs using the alternating direction method of multipliers (ADMM). We first formulate the weight pruning problem of DNNs as a nonconvex optimization problem with combinatorial constraints specifying the sparsity requirements, and then adopt the ADMM framework for systematic weight pruning. By using ADMM, the original nonconvex optimization problem is decomposed into two subproblems that are solved iteratively. One of these subproblems can be solved using stochastic gradient descent, the other can be solved analytically. Besides, our method achieves a fast convergence rate. \nThe weight pruning results are very promising and consistently outperform the prior work. On the LeNet-5 model for the MNIST data set, we achieve 71.2 times weight reduction without accuracy loss. On the AlexNet model for the ImageNet data set, we achieve 21 times weight reduction without accuracy loss. When we focus on the convolutional layer pruning for computation reductions, we can reduce the total computation by five times compared with the prior work (achieving a total of 13.4 times weight reduction in convolutional layers). Our models and codes are released at this https URL",
    "arxivid": "1804.03294v3",
    "bib_name": "Asystemati145",
    "md_text": "# A systematic DNN weight pruning framework using alternating direction method of multipliers\n\n\nabstract\n\nWeight pruning methods for deep neural networks (DNNs) have been investigated recently, but prior work in this area is mainly heuristic, iterative pruning, thereby lacking guarantees on the weight reduction ratio and convergence time. To mitigate these limitations, we present a systematic weight pruning framework of DNNs using the alternating direction method of multipliers (ADMM). We first formulate the weight pruning problem of DNNs as a nonconvex optimization problem with combinatorial constraints specifying the sparsity requirements, and then adopt the ADMM framework for systematic weight pruning. By using ADMM, the original nonconvex optimization problem is decomposed into two subproblems that are solved iteratively. One of these subproblems can be solved using stochastic gradient descent, the other can be solved analytically. Besides, our method achieves a fast convergence rate. \nThe weight pruning results are very promising and consistently outperform the prior work. On the LeNet-5 model for the MNIST data set, we achieve 71.2 times weight reduction without accuracy loss. On the AlexNet model for the ImageNet data set, we achieve 21 times weight reduction without accuracy loss. When we focus on the convolutional layer pruning for computation reductions, we can reduce the total computation by five times compared with the prior work (achieving a total of 13.4 times weight reduction in convolutional layers). Our models and codes are released at this https URL",
    "paper_type": "method",
    "attri": {
        "background": "Weight pruning methods for deep neural networks (DNNs) have been investigated recently, but prior work in this area is mainly heuristic, iterative pruning, thereby lacking guarantees on the weight reduction ratio and convergence time. This paper presents a systematic weight pruning framework using the alternating direction method of multipliers (ADMM) to address these limitations.",
        "problem": {
            "definition": "The problem addressed is the inefficiency of existing weight pruning methods for DNNs, which do not provide guarantees on weight reduction ratios and convergence times.",
            "key obstacle": "The core obstacle is the reliance on heuristic and iterative approaches that fail to ensure optimal pruning outcomes and convergence."
        },
        "idea": {
            "intuition": "The idea is inspired by the need for a more systematic approach to weight pruning that offers guarantees on performance metrics.",
            "opinion": "The proposed idea involves formulating the weight pruning problem as a nonconvex optimization problem with combinatorial constraints and solving it using the ADMM framework.",
            "innovation": "The primary innovation lies in the systematic application of ADMM to decompose the nonconvex optimization problem into manageable subproblems, enabling faster convergence and better weight reduction outcomes."
        },
        "method": {
            "method name": "Systematic DNN Weight Pruning Framework",
            "method abbreviation": "SDWPF",
            "method definition": "A systematic framework that formulates the weight pruning problem of DNNs as a nonconvex optimization problem and employs the ADMM for effective pruning.",
            "method description": "The method systematically prunes weights in DNNs by decomposing the optimization problem into subproblems solved iteratively.",
            "method steps": "1. Formulate the weight pruning problem; 2. Apply ADMM to decompose the problem; 3. Solve one subproblem using stochastic gradient descent; 4. Solve the other subproblem analytically; 5. Iterate until convergence.",
            "principle": "The method is effective due to its systematic approach to optimization, which ensures convergence and optimal weight reduction through the structured use of ADMM."
        },
        "experiments": {
            "evaluation setting": "The experiments were conducted on the LeNet-5 model for the MNIST dataset and the AlexNet model for the ImageNet dataset, comparing against prior work.",
            "evaluation method": "The performance of the method was assessed based on weight reduction ratios and accuracy retention during the pruning process."
        },
        "conclusion": "The results demonstrate that the proposed method achieves significant weight reduction (71.2 times for LeNet-5 and 21 times for AlexNet) without loss of accuracy, indicating its effectiveness over prior methods.",
        "discussion": {
            "advantage": "The key advantages include guaranteed weight reduction ratios, fast convergence rates, and the ability to maintain accuracy.",
            "limitation": "A potential limitation is the complexity of the optimization problem, which may require careful tuning of parameters.",
            "future work": "Future research could explore further enhancements to the algorithm, such as optimizing the parameter settings and extending the method to other model architectures."
        },
        "other info": {}
    },
    "mount_outline": [
        {
            "section number": "2.2",
            "key information": "Weight pruning methods for deep neural networks (DNNs) have been investigated recently, but prior work in this area is mainly heuristic, iterative pruning, thereby lacking guarantees on the weight reduction ratio and convergence time."
        },
        {
            "section number": "2.4",
            "key information": "The problem addressed is the inefficiency of existing weight pruning methods for DNNs, which do not provide guarantees on weight reduction ratios and convergence times."
        },
        {
            "section number": "3.1",
            "key information": "The proposed idea involves formulating the weight pruning problem as a nonconvex optimization problem with combinatorial constraints and solving it using the ADMM framework."
        },
        {
            "section number": "4.1",
            "key information": "The performance of the method was assessed based on weight reduction ratios and accuracy retention during the pruning process."
        },
        {
            "section number": "5.1",
            "key information": "The results demonstrate that the proposed method achieves significant weight reduction (71.2 times for LeNet-5 and 21 times for AlexNet) without loss of accuracy, indicating its effectiveness over prior methods."
        },
        {
            "section number": "6.1",
            "key information": "The key advantages include guaranteed weight reduction ratios, fast convergence rates, and the ability to maintain accuracy."
        }
    ],
    "similarity_score": null,
    "image": null,
    "path": "/home/liudingyuan/code/SurveyX/code/SurveyX-main/outputs/t14a/papers/A systematic DNN weight pruning framework using alternating direction method of multipliers.json"
}