{
    "from": null,
    "scholar_id": null,
    "detail_id": null,
    "title": "A unified lottery ticket hypothesis for graph neural networks",
    "abstract": "With graphs rapidly growing in size and deeper graph neural networks (GNNs) emerging, the training and inference of GNNs become increasingly expensive. Existing network weight pruning algorithms cannot address the main space and computational bottleneck in GNNs, caused by the size and connectivity of the graph. To this end, this paper first presents a unified GNN sparsification (UGS) framework that simultaneously prunes the graph adjacency matrix and the model weights, for effectively accelerating GNN inference on large-scale graphs. Leveraging this new tool, we further generalize the recently popular lottery ticket hypothesis to GNNs for the first time, by defining a graph lottery ticket (GLT) as a pair of core sub-dataset and sparse sub-network, which can be jointly identified from the original GNN and the full dense graph by iteratively applying UGS. Like its counterpart in convolutional neural networks, GLT can be trained in isolation to match the performance of training with the full model and graph, and can be drawn from both randomly initialized and self-supervised pre-trained GNNs. Our proposal has been experimentally verified across various GNN architectures and diverse tasks, on both small-scale graph datasets (Cora, Citeseer and PubMed), and large-scale datasets from the challenging Open Graph Benchmark (OGB). Specifically, for node classification, our found GLTs achieve the same accuracies with 20%~98% MACs saving on small graphs and 25%~85% MACs saving on large ones. For link prediction, GLTs lead to 48%~97% and 70% MACs saving on small and large graph datasets, respectively, without compromising predictive performance. Codes available at https://github.com/VITA-Group/Unified-LTH-GNN.",
    "arxivid": "2102.06790v2",
    "bib_name": "Aunifiedlo97",
    "md_text": "# A unified lottery ticket hypothesis for graph neural networks\n\n\nabstract\n\nWith graphs rapidly growing in size and deeper graph neural networks (GNNs) emerging, the training and inference of GNNs become increasingly expensive. Existing network weight pruning algorithms cannot address the main space and computational bottleneck in GNNs, caused by the size and connectivity of the graph. To this end, this paper first presents a unified GNN sparsification (UGS) framework that simultaneously prunes the graph adjacency matrix and the model weights, for effectively accelerating GNN inference on large-scale graphs. Leveraging this new tool, we further generalize the recently popular lottery ticket hypothesis to GNNs for the first time, by defining a graph lottery ticket (GLT) as a pair of core sub-dataset and sparse sub-network, which can be jointly identified from the original GNN and the full dense graph by iteratively applying UGS. Like its counterpart in convolutional neural networks, GLT can be trained in isolation to match the performance of training with the full model and graph, and can be drawn from both randomly initialized and self-supervised pre-trained GNNs. Our proposal has been experimentally verified across various GNN architectures and diverse tasks, on both small-scale graph datasets (Cora, Citeseer and PubMed), and large-scale datasets from the challenging Open Graph Benchmark (OGB). Specifically, for node classification, our found GLTs achieve the same accuracies with 20%~98% MACs saving on small graphs and 25%~85% MACs saving on large ones. For link prediction, GLTs lead to 48%~97% and 70% MACs saving on small and large graph datasets, respectively, without compromising predictive performance. Codes available at https://github.com/VITA-Group/Unified-LTH-GNN.",
    "paper_type": "method",
    "attri": {
        "background": "This paper addresses the issue of high computational costs associated with training and inference in graph neural networks (GNNs), particularly as graph sizes increase and deeper GNNs are developed. Previous methods for network weight pruning have not effectively resolved the primary computational and space bottlenecks caused by the size and connectivity of graphs, necessitating a breakthrough approach.",
        "problem": {
            "definition": "The problem targeted by this paper is the inefficiency in training and inference of GNNs due to the large size and complex connectivity of graph structures, which existing weight pruning methods fail to adequately address.",
            "key obstacle": "The main challenge is the inability of existing algorithms to simultaneously optimize both the graph's adjacency matrix and model weights, leading to persistent computational inefficiencies."
        },
        "idea": {
            "intuition": "The idea was inspired by the need to enhance the efficiency of GNNs through a unified approach that addresses both graph structure and model weights, drawing parallels to the lottery ticket hypothesis in convolutional networks.",
            "opinion": "The proposed idea introduces a unified GNN sparsification (UGS) framework, which allows for the simultaneous pruning of the graph adjacency matrix and model weights, thereby improving GNN inference on large-scale graphs.",
            "innovation": "The primary innovation lies in generalizing the lottery ticket hypothesis to GNNs by defining a graph lottery ticket (GLT), which consists of a core sub-dataset and a sparse sub-network that can be jointly identified from the original GNN and full dense graph."
        },
        "method": {
            "method name": "Unified GNN Sparsification",
            "method abbreviation": "UGS",
            "method definition": "UGS is a framework that prunes both the graph adjacency matrix and the model weights of GNNs to enhance inference efficiency.",
            "method description": "The method involves iteratively applying UGS to identify graph lottery tickets that maintain performance while reducing computational costs.",
            "method steps": [
                "Initialize the GNN model and the full dense graph.",
                "Apply UGS to prune the adjacency matrix and model weights.",
                "Identify the core sub-dataset and sparse sub-network as a GLT.",
                "Train the GLT in isolation to match the original model's performance."
            ],
            "principle": "The effectiveness of this method is based on the ability to reduce the model's computational load while preserving its predictive performance, leveraging the sparsity introduced by the pruning process."
        },
        "experiments": {
            "evaluation setting": "The experiments were conducted using various GNN architectures on both small-scale datasets (Cora, Citeseer, and PubMed) and large-scale datasets from the Open Graph Benchmark (OGB).",
            "evaluation method": "Performance was assessed by measuring the accuracy and computational savings (MACs) achieved by the GLTs compared to the full model and graph, across tasks like node classification and link prediction."
        },
        "conclusion": "The results demonstrate that GLTs can achieve comparable accuracy to full models while significantly reducing MACs, with savings ranging from 20% to 98% on small graphs and 25% to 85% on large graphs, highlighting the method's effectiveness and contribution to GNN optimization.",
        "discussion": {
            "advantage": "The key advantages of the proposed approach include substantial reductions in computational costs without sacrificing performance, making it suitable for large-scale graph applications.",
            "limitation": "A limitation of the method may be its dependency on the initial model's architecture and the effectiveness of the pruning process, which could vary across different GNN types.",
            "future work": "Future research could focus on refining the UGS framework, exploring its applicability to other types of neural networks, and enhancing the identification process of GLTs for improved efficiency."
        },
        "other info": {
            "codes_link": "https://github.com/VITA-Group/Unified-LTH-GNN"
        }
    },
    "mount_outline": [
        {
            "section number": "1.1",
            "key information": "This paper addresses the issue of high computational costs associated with training and inference in graph neural networks (GNNs), particularly as graph sizes increase and deeper GNNs are developed."
        },
        {
            "section number": "1.2",
            "key information": "The proposed idea introduces a unified GNN sparsification (UGS) framework, which allows for the simultaneous pruning of the graph adjacency matrix and model weights, thereby improving GNN inference on large-scale graphs."
        },
        {
            "section number": "2.2",
            "key information": "UGS is a framework that prunes both the graph adjacency matrix and the model weights of GNNs to enhance inference efficiency."
        },
        {
            "section number": "3.3",
            "key information": "The primary innovation lies in generalizing the lottery ticket hypothesis to GNNs by defining a graph lottery ticket (GLT), which consists of a core sub-dataset and a sparse sub-network that can be jointly identified from the original GNN and full dense graph."
        },
        {
            "section number": "4.1",
            "key information": "Performance was assessed by measuring the accuracy and computational savings (MACs) achieved by the GLTs compared to the full model and graph, across tasks like node classification and link prediction."
        },
        {
            "section number": "5.2",
            "key information": "The results demonstrate that GLTs can achieve comparable accuracy to full models while significantly reducing MACs, with savings ranging from 20% to 98% on small graphs and 25% to 85% on large graphs."
        },
        {
            "section number": "6.2",
            "key information": "Future research could focus on refining the UGS framework, exploring its applicability to other types of neural networks, and enhancing the identification process of GLTs for improved efficiency."
        }
    ],
    "similarity_score": null,
    "image": null,
    "path": "/home/liudingyuan/code/SurveyX/code/SurveyX-main/outputs/t14a/papers/A unified lottery ticket hypothesis for graph neural networks.json"
}