{
    "from": null,
    "scholar_id": null,
    "detail_id": null,
    "title": "A unified paths perspective for pruning at initialization",
    "abstract": "A number of recent approaches have been proposed for pruning neural network parameters at initialization with the goal of reducing the size and computational burden of models while minimally affecting their training dynamics and generalization performance. While each of these approaches have some amount of well-founded motivation, a rigorous analysis of the effect of these pruning methods on network training dynamics and their formal relationship to each other has thus far received little attention. Leveraging recent theoretical approximations provided by the Neural Tangent Kernel, we unify a number of popular approaches for pruning at initialization under a single path-centric framework. We introduce the Path Kernel as the data-independent factor in a decomposition of the Neural Tangent Kernel and show the global structure of the Path Kernel can be computed efficiently. This Path Kernel decomposition separates the architectural effects from the data-dependent effects within the Neural Tangent Kernel, providing a means to predict the convergence dynamics of a network from its architecture alone. We analyze the use of this structure in approximating training and generalization performance of networks in the absence of data across a number of initialization pruning approaches. Observing the relationship between input data and paths and the relationship between the Path Kernel and its natural norm, we additionally propose two augmentations of the SynFlow algorithm for pruning at initialization.",
    "arxivid": "2101.10552v1",
    "bib_name": "Aunifiedpa62",
    "md_text": "# A unified paths perspective for pruning at initialization\n\n\nabstract\n\nA number of recent approaches have been proposed for pruning neural network parameters at initialization with the goal of reducing the size and computational burden of models while minimally affecting their training dynamics and generalization performance. While each of these approaches have some amount of well-founded motivation, a rigorous analysis of the effect of these pruning methods on network training dynamics and their formal relationship to each other has thus far received little attention. Leveraging recent theoretical approximations provided by the Neural Tangent Kernel, we unify a number of popular approaches for pruning at initialization under a single path-centric framework. We introduce the Path Kernel as the data-independent factor in a decomposition of the Neural Tangent Kernel and show the global structure of the Path Kernel can be computed efficiently. This Path Kernel decomposition separates the architectural effects from the data-dependent effects within the Neural Tangent Kernel, providing a means to predict the convergence dynamics of a network from its architecture alone. We analyze the use of this structure in approximating training and generalization performance of networks in the absence of data across a number of initialization pruning approaches. Observing the relationship between input data and paths and the relationship between the Path Kernel and its natural norm, we additionally propose two augmentations of the SynFlow algorithm for pruning at initialization.",
    "paper_type": "theory",
    "attri": {
        "background": "This paper addresses the issue of pruning neural network parameters at initialization to reduce model size and computational burden while maintaining training dynamics and generalization performance.",
        "problem": {
            "definition": "The problem involves understanding the effects of various pruning methods on network training dynamics and their interrelationships.",
            "key obstacle": "A rigorous analysis of the impact of pruning methods on training dynamics has not been thoroughly explored."
        },
        "idea": {
            "intuition": "The idea was inspired by the need to unify different pruning approaches under a common theoretical framework.",
            "opinion": "The authors propose a unified path-centric framework that incorporates various pruning methods.",
            "innovation": "The main improvement is the introduction of the Path Kernel, which allows for efficient computation and separates architectural and data-dependent effects."
        },
        "Theory": {
            "perspective": "The perspective is based on the Neural Tangent Kernel, which provides a theoretical foundation for understanding network dynamics.",
            "opinion": "The authors assume that the network's convergence dynamics can be predicted from its architecture alone.",
            "proof": "The paper provides a decomposition of the Neural Tangent Kernel into a Path Kernel, enabling analysis of training and generalization performance without relying on specific data."
        },
        "experiments": {
            "evaluation setting": "The evaluation includes various initialization pruning approaches and their performance metrics.",
            "evaluation method": "The evaluation involves analyzing the Path Kernel structure to approximate training and generalization performance."
        },
        "conclusion": "The paper concludes that the Path Kernel framework can effectively predict convergence dynamics and generalization performance across different pruning methods.",
        "discussion": {
            "advantage": "The advantage of this paper is its ability to unify multiple pruning approaches and provide a clear theoretical framework for analysis.",
            "limitation": "A limitation is that the practical implications of the Path Kernel may require further empirical validation.",
            "future work": "Future work could focus on refining the Path Kernel and exploring its applications in various neural network architectures."
        },
        "other info": []
    },
    "mount_outline": [
        {
            "section number": "1.1",
            "key information": "The paper addresses the issue of pruning neural network parameters at initialization to reduce model size and computational burden while maintaining training dynamics and generalization performance."
        },
        {
            "section number": "2.4",
            "key information": "The problem involves understanding the effects of various pruning methods on network training dynamics and their interrelationships."
        },
        {
            "section number": "3.1",
            "key information": "The authors propose a unified path-centric framework that incorporates various pruning methods, inspired by the need to unify different pruning approaches under a common theoretical framework."
        },
        {
            "section number": "4.1",
            "key information": "The paper provides a decomposition of the Neural Tangent Kernel into a Path Kernel, enabling analysis of training and generalization performance without relying on specific data."
        },
        {
            "section number": "5.1",
            "key information": "The evaluation includes various initialization pruning approaches and their performance metrics, analyzing the Path Kernel structure to approximate training and generalization performance."
        },
        {
            "section number": "6.2",
            "key information": "Future work could focus on refining the Path Kernel and exploring its applications in various neural network architectures."
        }
    ],
    "similarity_score": null,
    "image": null,
    "path": "/home/liudingyuan/code/SurveyX/code/SurveyX-main/outputs/t14a/papers/A unified paths perspective for pruning at initialization.json"
}