{
    "from": null,
    "scholar_id": null,
    "detail_id": null,
    "title": "Advancing model pruning via bi-level optimization",
    "abstract": "The deployment constraints in practical applications necessitate the pruning of large-scale deep learning models, i.e., promoting their weight sparsity. As illustrated by the Lottery Ticket Hypothesis (LTH), pruning also has the potential of improving their generalization ability. At the core of LTH, iterative magnitude pruning (IMP) is the predominant pruning method to successfully find 'winning tickets'. Yet, the computation cost of IMP grows prohibitively as the targeted pruning ratio increases. To reduce the computation overhead, various efficient 'one-shot' pruning methods have been developed, but these schemes are usually unable to find winning tickets as good as IMP. This raises the question of how to close the gap between pruning accuracy and pruning efficiency? To tackle it, we pursue the algorithmic advancement of model pruning. Specifically, we formulate the pruning problem from a fresh and novel viewpoint, bi-level optimization (BLO). We show that the BLO interpretation provides a technically-grounded optimization base for an efficient implementation of the pruning-retraining learning paradigm used in IMP. We also show that the proposed bi-level optimization-oriented pruning method (termed BiP) is a special class of BLO problems with a bi-linear problem structure. By leveraging such bi-linearity, we theoretically show that BiP can be solved as easily as first-order optimization, thus inheriting the computation efficiency. Through extensive experiments on both structured and unstructured pruning with 5 model architectures and 4 data sets, we demonstrate that BiP can find better winning tickets than IMP in most cases, and is computationally as efficient as the one-shot pruning schemes, demonstrating 2-7 times speedup over IMP for the same level of model accuracy and sparsity.",
    "arxivid": "2210.04092v4",
    "bib_name": "Advancingm167",
    "md_text": "# Advancing model pruning via bi-level optimization\n\n\nabstract\n\nThe deployment constraints in practical applications necessitate the pruning of large-scale deep learning models, i.e., promoting their weight sparsity. As illustrated by the Lottery Ticket Hypothesis (LTH), pruning also has the potential of improving their generalization ability. At the core of LTH, iterative magnitude pruning (IMP) is the predominant pruning method to successfully find 'winning tickets'. Yet, the computation cost of IMP grows prohibitively as the targeted pruning ratio increases. To reduce the computation overhead, various efficient 'one-shot' pruning methods have been developed, but these schemes are usually unable to find winning tickets as good as IMP. This raises the question of how to close the gap between pruning accuracy and pruning efficiency? To tackle it, we pursue the algorithmic advancement of model pruning. Specifically, we formulate the pruning problem from a fresh and novel viewpoint, bi-level optimization (BLO). We show that the BLO interpretation provides a technically-grounded optimization base for an efficient implementation of the pruning-retraining learning paradigm used in IMP. We also show that the proposed bi-level optimization-oriented pruning method (termed BiP) is a special class of BLO problems with a bi-linear problem structure. By leveraging such bi-linearity, we theoretically show that BiP can be solved as easily as first-order optimization, thus inheriting the computation efficiency. Through extensive experiments on both structured and unstructured pruning with 5 model architectures and 4 data sets, we demonstrate that BiP can find better winning tickets than IMP in most cases, and is computationally as efficient as the one-shot pruning schemes, demonstrating 2-7 times speedup over IMP for the same level of model accuracy and sparsity.",
    "paper_type": "method",
    "attri": {
        "background": "The deployment constraints in practical applications necessitate the pruning of large-scale deep learning models to promote their weight sparsity. Previous methods, particularly iterative magnitude pruning (IMP), have shown potential in improving generalization ability but are computationally expensive as pruning ratios increase. This necessitates the development of more efficient pruning methods that can still identify high-quality 'winning tickets'.",
        "problem": {
            "definition": "The problem addressed in this paper is how to effectively prune large-scale deep learning models while maintaining high accuracy and efficiency.",
            "key obstacle": "The main difficulty lies in balancing the pruning accuracy achieved by methods like IMP with the computational efficiency of one-shot pruning methods, which often fail to find equally effective winning tickets."
        },
        "idea": {
            "intuition": "The idea is inspired by the need to reconcile the accuracy of traditional pruning methods with the efficiency of newer approaches, leading to the exploration of bi-level optimization as a solution.",
            "opinion": "The proposed method, termed BiP, utilizes a bi-level optimization framework to enhance the pruning process, aiming to achieve both high accuracy and computational efficiency.",
            "innovation": "BiP distinguishes itself from existing methods by leveraging a bi-linear problem structure within the bi-level optimization framework, allowing it to be solved with the efficiency of first-order optimization while outperforming IMP in finding winning tickets."
        },
        "method": {
            "method name": "Bi-level optimization-oriented pruning method",
            "method abbreviation": "BiP",
            "method definition": "BiP is defined as a bi-level optimization framework specifically tailored for model pruning, enabling efficient pruning and retraining processes.",
            "method description": "BiP provides a computationally efficient approach to model pruning by reformulating the problem as a bi-level optimization task.",
            "method steps": "The method involves defining the bi-level optimization problem, implementing the pruning process, and executing a retraining phase to refine the model's performance.",
            "principle": "The effectiveness of BiP in solving the pruning problem is grounded in its bi-level optimization structure, which allows for streamlined computation while maintaining high accuracy in identifying winning tickets."
        },
        "experiments": {
            "evaluation setting": "Extensive experiments were conducted on both structured and unstructured pruning across 5 model architectures and 4 datasets, comparing BiP to traditional methods such as IMP and one-shot pruning schemes.",
            "evaluation method": "The performance of BiP was assessed by measuring the accuracy and sparsity of the pruned models, alongside computational efficiency metrics."
        },
        "conclusion": "The experiments demonstrate that BiP can consistently identify better winning tickets than IMP while achieving computational efficiency comparable to one-shot pruning methods, resulting in a speedup of 2-7 times for the same level of model accuracy and sparsity.",
        "discussion": {
            "advantage": "The key advantages of BiP include its ability to find higher quality winning tickets and its computational efficiency, making it a significant improvement over existing pruning methods.",
            "limitation": "A potential limitation of BiP may be its dependence on the bi-level optimization framework, which could introduce complexity in certain applications or scenarios.",
            "future work": "Future research could explore further refinements to the BiP method, adaptations for different model architectures, and investigations into its applicability in other areas of deep learning beyond pruning."
        },
        "other info": {}
    },
    "mount_outline": [
        {
            "section number": "1.1",
            "key information": "Pruning of large-scale deep learning models promotes weight sparsity, which is crucial for meeting deployment constraints in practical applications."
        },
        {
            "section number": "1.2",
            "key information": "The paper aims to address the effective pruning of large-scale deep learning models while maintaining high accuracy and efficiency."
        },
        {
            "section number": "2.2",
            "key information": "BiP is defined as a bi-level optimization framework specifically tailored for model pruning, enabling efficient pruning and retraining processes."
        },
        {
            "section number": "3.1",
            "key information": "The paper discusses the advantages of BiP over traditional methods like iterative magnitude pruning (IMP) in identifying high-quality 'winning tickets'."
        },
        {
            "section number": "4.2",
            "key information": "The performance of BiP was assessed by measuring the accuracy and sparsity of the pruned models, alongside computational efficiency metrics."
        },
        {
            "section number": "5.1",
            "key information": "The experiments demonstrate that BiP can achieve a speedup of 2-7 times for the same level of model accuracy and sparsity compared to traditional methods."
        },
        {
            "section number": "6.2",
            "key information": "Future research could explore further refinements to the BiP method and adaptations for different model architectures."
        }
    ],
    "similarity_score": null,
    "image": null,
    "path": "/home/liudingyuan/code/SurveyX/code/SurveyX-main/outputs/t14a/papers/Advancing model pruning via bi-level optimization.json"
}