{
    "from": null,
    "scholar_id": null,
    "detail_id": null,
    "title": "AI-generated content AIGC: A survey",
    "abstract": "To address the challenges of digital intelligence in the digital economy, artificial intelligence-generated content (AIGC) has emerged. AIGC uses artificial intelligence to assist or replace manual content generation by generating content based on user-inputted keywords or requirements. The development of large model algorithms has significantly strengthened the capabilities of AIGC, which makes AIGC products a promising generative tool and adds convenience to our lives. As an upstream technology, AIGC has unlimited potential to support different downstream applications. It is important to analyze AIGC's current capabilities and shortcomings to understand how it can be best utilized in future applications. Therefore, this paper provides an extensive overview of AIGC, covering its definition, essential conditions, cutting-edge capabilities, and advanced features. Moreover, it discusses the benefits of large-scale pre-trained models and the industrial chain of AIGC. Furthermore, the article explores the distinctions between auxiliary generation and automatic generation within AIGC, providing examples of text generation. The paper also examines the potential integration of AIGC with the Metaverse. Lastly, the article highlights existing issues and suggests some future directions for application.",
    "arxivid": "2304.06632v1",
    "bib_name": "AI-generat9",
    "md_text": "# AI-generated content AIGC: A survey\n\n\nabstract\n\nTo address the challenges of digital intelligence in the digital economy, artificial intelligence-generated content (AIGC) has emerged. AIGC uses artificial intelligence to assist or replace manual content generation by generating content based on user-inputted keywords or requirements. The development of large model algorithms has significantly strengthened the capabilities of AIGC, which makes AIGC products a promising generative tool and adds convenience to our lives. As an upstream technology, AIGC has unlimited potential to support different downstream applications. It is important to analyze AIGC's current capabilities and shortcomings to understand how it can be best utilized in future applications. Therefore, this paper provides an extensive overview of AIGC, covering its definition, essential conditions, cutting-edge capabilities, and advanced features. Moreover, it discusses the benefits of large-scale pre-trained models and the industrial chain of AIGC. Furthermore, the article explores the distinctions between auxiliary generation and automatic generation within AIGC, providing examples of text generation. The paper also examines the potential integration of AIGC with the Metaverse. Lastly, the article highlights existing issues and suggests some future directions for application.",
    "paper_type": "survey",
    "attri": {
        "background": {
            "purpose": "This survey aims to analyze the capabilities and shortcomings of artificial intelligence-generated content (AIGC) in the digital economy, addressing how it can be utilized in various applications.",
            "scope": "The survey encompasses the definition, essential conditions, capabilities, and features of AIGC, while excluding detailed technical implementations and specific case studies of AIGC applications."
        },
        "problem": {
            "definition": "The core issue explored in this survey is the effectiveness and limitations of AIGC in content generation across different domains.",
            "key obstacle": "Primary challenges include the reliance on large model algorithms and the need for further advancements to enhance content generation quality and applicability."
        },
        "architecture": {
            "perspective": "The survey categorizes AIGC into auxiliary generation and automatic generation, providing a framework for understanding its various applications.",
            "fields/stages": "The survey organizes current research into fields such as content generation techniques, model training methods, and application integration, using criteria like effectiveness and user engagement."
        },
        "conclusion": {
            "comparisions": "The survey compares different AIGC methods in terms of their effectiveness and usability, highlighting variations in outcomes based on the generation approach.",
            "results": "Key takeaways include the identification of AIGC's potential as a generative tool and the necessity for ongoing improvements in its capabilities."
        },
        "discussion": {
            "advantage": "The existing research demonstrates significant advancements in AIGC, showcasing its ability to enhance content creation processes and improve efficiency.",
            "limitation": "Current studies often fall short in addressing the full range of applications and the depth of integration with emerging technologies.",
            "gaps": "Unanswered questions include the long-term implications of AIGC on content quality and the ethical considerations surrounding its use.",
            "future work": "Future research should focus on refining AIGC models, exploring integration with platforms like the Metaverse, and addressing the ethical challenges posed by automated content generation."
        },
        "other info": {
            "info1": "The paper highlights the role of large-scale pre-trained models in enhancing AIGC capabilities.",
            "info2": {
                "info2.1": "Examples of text generation are provided to illustrate the differences between auxiliary and automatic generation.",
                "info2.2": "The industrial chain of AIGC is discussed in relation to its application in various sectors."
            }
        }
    },
    "mount_outline": [
        {
            "section number": "1.1",
            "key information": "This survey aims to analyze the capabilities and shortcomings of artificial intelligence-generated content (AIGC) in the digital economy, addressing how it can be utilized in various applications."
        },
        {
            "section number": "1.2",
            "key information": "The survey encompasses the definition, essential conditions, capabilities, and features of AIGC, while excluding detailed technical implementations and specific case studies of AIGC applications."
        },
        {
            "section number": "2.4",
            "key information": "The core issue explored in this survey is the effectiveness and limitations of AIGC in content generation across different domains."
        },
        {
            "section number": "2.5",
            "key information": "Primary challenges include the reliance on large model algorithms and the need for further advancements to enhance content generation quality and applicability."
        },
        {
            "section number": "3.1",
            "key information": "The survey categorizes AIGC into auxiliary generation and automatic generation, providing a framework for understanding its various applications."
        },
        {
            "section number": "4.1",
            "key information": "The survey compares different AIGC methods in terms of their effectiveness and usability, highlighting variations in outcomes based on the generation approach."
        },
        {
            "section number": "6.2",
            "key information": "Future research should focus on refining AIGC models, exploring integration with platforms like the Metaverse, and addressing the ethical challenges posed by automated content generation."
        }
    ],
    "similarity_score": null,
    "image": null,
    "path": "/home/liudingyuan/code/SurveyX/code/SurveyX-main/outputs/t14a/papers/AI-generated content AIGC_ A survey.json"
}