{
    "from": null,
    "scholar_id": null,
    "detail_id": null,
    "title": "AMC: AutoML for model compression and acceleration on mobile devices",
    "abstract": "Model compression is an effective technique to efficiently deploy neural network models on mobile devices which have limited computation resources and tight power budgets. Conventional model compression techniques rely on hand-crafted features and require domain experts to explore the large design space trading off among model size, speed, and accuracy, which is usually sub-optimal and time-consuming. In this paper, we propose AutoML for Model Compression (AMC) which leverages reinforcement learning to efficiently sample the design space and can improve the model compression quality. We achieved state-of-the-art model compression results in a fully automated way without any human efforts. Under 4\\(\\times \\) FLOPs reduction, we achieved 2.7% better accuracy than the hand-crafted model compression method for VGG-16 on ImageNet. We applied this automated, push-the-button compression pipeline to MobileNet-V1 and achieved a speedup of 1.53\\(\\times \\) on the GPU (Titan Xp) and 1.95\\(\\times \\) on an Android phone (Google Pixel 1), with negligible loss of accuracy.",
    "arxivid": "1802.03494v4",
    "bib_name": "AMC:AutoML131",
    "md_text": "# AMC: AutoML for model compression and acceleration on mobile devices\n\n\nabstract\n\nModel compression is an effective technique to efficiently deploy neural network models on mobile devices which have limited computation resources and tight power budgets. Conventional model compression techniques rely on hand-crafted features and require domain experts to explore the large design space trading off among model size, speed, and accuracy, which is usually sub-optimal and time-consuming. In this paper, we propose AutoML for Model Compression (AMC) which leverages reinforcement learning to efficiently sample the design space and can improve the model compression quality. We achieved state-of-the-art model compression results in a fully automated way without any human efforts. Under 4\\(\\times \\) FLOPs reduction, we achieved 2.7% better accuracy than the hand-crafted model compression method for VGG-16 on ImageNet. We applied this automated, push-the-button compression pipeline to MobileNet-V1 and achieved a speedup of 1.53\\(\\times \\) on the GPU (Titan Xp) and 1.95\\(\\times \\) on an Android phone (Google Pixel 1), with negligible loss of accuracy.",
    "paper_type": "method",
    "attri": {
        "background": "This paper addresses the issue of efficiently deploying neural network models on mobile devices, which have limited computational resources and power budgets. Previous methods of model compression relied heavily on hand-crafted features and required domain experts to navigate a large design space, leading to sub-optimal and time-consuming results.",
        "problem": {
            "definition": "The problem is the challenge of deploying neural network models on mobile devices due to their limited computational resources and the need for efficient model compression techniques.",
            "key obstacle": "The main difficulty lies in the reliance on hand-crafted features and the expertise required to explore the extensive design space, which often results in sub-optimal model performance."
        },
        "idea": {
            "intuition": "The idea was inspired by the need for a more efficient and automated approach to model compression that reduces human effort and improves performance.",
            "opinion": "The proposed idea, AutoML for Model Compression (AMC), utilizes reinforcement learning to automate the sampling of the design space for model compression.",
            "innovation": "The primary difference between AMC and existing methods is its fully automated process that eliminates the need for human intervention while achieving state-of-the-art model compression results."
        },
        "method": {
            "method name": "AutoML for Model Compression",
            "method abbreviation": "AMC",
            "method definition": "AMC is a method that employs reinforcement learning to efficiently sample the design space for model compression, optimizing the balance between model size, speed, and accuracy.",
            "method description": "AMC automates the model compression process, allowing for significant reductions in model size and improvements in accuracy without manual tuning.",
            "method steps": "1. Define the model architecture. 2. Utilize reinforcement learning to explore the design space. 3. Optimize the model based on the sampled configurations. 4. Evaluate the performance of the compressed model.",
            "principle": "The effectiveness of AMC lies in its ability to systematically explore the design space using reinforcement learning, allowing it to discover optimal compression strategies that may not be apparent through manual methods."
        },
        "experiments": {
            "evaluation setting": "The experiments were conducted using the VGG-16 model on the ImageNet dataset, comparing AMC with hand-crafted model compression methods.",
            "evaluation method": "Performance was assessed based on model accuracy and computational efficiency, measured in terms of FLOPs reduction and speedup on both GPU and mobile devices."
        },
        "conclusion": "The experiments demonstrated that AMC achieved state-of-the-art model compression results, with a 2.7% accuracy improvement over hand-crafted methods under a 4x reduction in FLOPs, and significant speedups on both GPU and mobile devices with negligible accuracy loss.",
        "discussion": {
            "advantage": "The key advantages of AMC include its fully automated nature, improved model compression quality, and reduction in the need for expert intervention.",
            "limitation": "One limitation of the method may be its dependency on the quality of the reinforcement learning framework and the computational resources required for training.",
            "future work": "Future research could focus on enhancing the reinforcement learning algorithms used in AMC and exploring its application to other model architectures and datasets."
        },
        "other info": {}
    },
    "mount_outline": [
        {
            "section number": "1.1",
            "key information": "The paper addresses the significance of efficiently deploying neural network models on mobile devices, emphasizing the importance of pruning for model efficiency and performance improvement."
        },
        {
            "section number": "2.2",
            "key information": "The paper discusses model compression techniques, specifically focusing on the AutoML for Model Compression (AMC) method, which employs reinforcement learning to optimize model size, speed, and accuracy."
        },
        {
            "section number": "3.3",
            "key information": "AMC represents a novel pruning technique that automates the model compression process, achieving state-of-the-art results without manual tuning."
        },
        {
            "section number": "4.1",
            "key information": "The paper evaluates the effectiveness of AMC based on model accuracy, demonstrating a 2.7% accuracy improvement over hand-crafted methods."
        },
        {
            "section number": "4.2",
            "key information": "Performance assessments in the paper include computational efficiency measured in terms of FLOPs reduction and speedup on both GPU and mobile devices."
        },
        {
            "section number": "5.1",
            "key information": "The experiments conducted show that AMC leads to significant improvements in model accuracy while maintaining efficient inference times."
        },
        {
            "section number": "6.1",
            "key information": "The paper provides insights into selecting pruning methods, highlighting AMC's automated nature as a strategy that reduces reliance on expert intervention."
        },
        {
            "section number": "6.2",
            "key information": "Future research directions discussed in the paper include enhancing reinforcement learning algorithms used in AMC and applying the method to other model architectures and datasets."
        }
    ],
    "similarity_score": null,
    "image": null,
    "path": "/home/liudingyuan/code/SurveyX/code/SurveyX-main/outputs/t14a/papers/AMC_ AutoML for model compression and acceleration on mobile devices.json"
}