{
    "from": null,
    "scholar_id": null,
    "detail_id": null,
    "title": "An image is worth 16x16 words: Transformers for image recognition at scale",
    "abstract": "While the Transformer architecture has become the de-facto standard for natural language processing tasks, its applications to computer vision remain limited. In vision, attention is either applied in conjunction with convolutional networks, or used to replace certain components of convolutional networks while keeping their overall structure in place. We show that this reliance on CNNs is not necessary and a pure transformer applied directly to sequences of image patches can perform very well on image classification tasks. When pre-trained on large amounts of data and transferred to multiple mid-sized or small image recognition benchmarks (ImageNet, CIFAR-100, VTAB, etc.), Vision Transformer (ViT) attains excellent results compared to state-of-the-art convolutional networks while requiring substantially fewer computational resources to train.",
    "arxivid": "2010.11929v2",
    "bib_name": "Animageisw1",
    "md_text": "# An image is worth 16x16 words: Transformers for image recognition at scale\n\n\nabstract\n\nWhile the Transformer architecture has become the de-facto standard for natural language processing tasks, its applications to computer vision remain limited. In vision, attention is either applied in conjunction with convolutional networks, or used to replace certain components of convolutional networks while keeping their overall structure in place. We show that this reliance on CNNs is not necessary and a pure transformer applied directly to sequences of image patches can perform very well on image classification tasks. When pre-trained on large amounts of data and transferred to multiple mid-sized or small image recognition benchmarks (ImageNet, CIFAR-100, VTAB, etc.), Vision Transformer (ViT) attains excellent results compared to state-of-the-art convolutional networks while requiring substantially fewer computational resources to train.",
    "paper_type": "method",
    "attri": {
        "background": "The paper discusses the limited application of the Transformer architecture in computer vision compared to its success in natural language processing, highlighting the necessity for a breakthrough method that does not rely on convolutional networks.",
        "problem": {
            "definition": "The problem addressed is the inefficiency and limitations of existing image classification methods that depend on convolutional neural networks (CNNs).",
            "key obstacle": "The core obstacle is the reliance on CNNs, which restricts the potential of applying Transformers directly to image data."
        },
        "idea": {
            "intuition": "The intuition behind the proposed idea is that a pure Transformer model can be effectively applied to sequences of image patches without the need for convolutional layers.",
            "opinion": "The proposed idea is to utilize a Vision Transformer (ViT) that directly processes image patches for classification tasks.",
            "innovation": "The primary innovation is the introduction of a pure Transformer model for image classification that outperforms existing CNN-based methods while being more computationally efficient."
        },
        "method": {
            "method name": "Vision Transformer",
            "method abbreviation": "ViT",
            "method definition": "ViT is a model that applies Transformer architecture directly to sequences of image patches for image classification tasks.",
            "method description": "The core of the method involves dividing images into patches and processing these patches with a Transformer model.",
            "method steps": "1. Divide the image into fixed-size patches. 2. Flatten the patches and linearly embed them. 3. Add positional encodings. 4. Pass the embedded patches through the Transformer layers. 5. Apply a classification head to the output.",
            "principle": "The effectiveness of this method lies in the Transformer's ability to capture long-range dependencies and relationships between image patches, enabling better feature extraction and classification."
        },
        "experiments": {
            "evaluation setting": "The experimental setup includes pre-training on large datasets and evaluation on benchmarks such as ImageNet, CIFAR-100, and VTAB.",
            "evaluation method": "Performance is assessed by comparing classification accuracy against state-of-the-art CNN models and analyzing computational resource requirements."
        },
        "conclusion": "The experiments demonstrate that the Vision Transformer achieves excellent results in image classification, outperforming traditional CNNs while requiring significantly less computational resources.",
        "discussion": {
            "advantage": "The key advantages include superior classification performance and reduced computational costs compared to existing CNN-based methods.",
            "limitation": "A limitation of the method may include its dependency on large amounts of pre-training data to achieve optimal performance.",
            "future work": "Future research could focus on improving the efficiency of the ViT model and exploring its application to other vision tasks."
        },
        "other info": []
    },
    "mount_outline": [
        {
            "section number": "2.1",
            "key information": "The paper discusses the limited application of the Transformer architecture in computer vision compared to its success in natural language processing."
        },
        {
            "section number": "2.2",
            "key information": "The method discussed is the Vision Transformer (ViT), which applies Transformer architecture directly to sequences of image patches for image classification tasks."
        },
        {
            "section number": "2.5",
            "key information": "The paper highlights the necessity for a breakthrough method that does not rely on convolutional networks, emphasizing the importance of Transformer models in modern AI applications."
        },
        {
            "section number": "3.1",
            "key information": "The core obstacle in existing methods is the reliance on convolutional neural networks (CNNs), which restricts the potential of applying Transformers directly to image data."
        },
        {
            "section number": "4.1",
            "key information": "Performance is assessed by comparing classification accuracy against state-of-the-art CNN models."
        },
        {
            "section number": "4.2",
            "key information": "The Vision Transformer achieves superior classification performance while requiring significantly less computational resources compared to existing CNN-based methods."
        },
        {
            "section number": "6.1",
            "key information": "The proposed idea is to utilize a Vision Transformer (ViT) that directly processes image patches for classification tasks, guiding on choosing suitable pruning methods based on specific needs."
        },
        {
            "section number": "6.2",
            "key information": "Future research could focus on improving the efficiency of the ViT model and exploring its application to other vision tasks."
        }
    ],
    "similarity_score": null,
    "image": null,
    "path": "/home/liudingyuan/code/SurveyX/code/SurveyX-main/outputs/t14a/papers/An image is worth 16x16 words_ Transformers for image recognition at scale.json"
}