{
    "from": null,
    "scholar_id": null,
    "detail_id": null,
    "title": "Analyzing multi-head self-attention: Specialized heads do the heavy lifting, the rest can be pruned",
    "abstract": "Multi-head self-attention is a key component of the Transformer, a state-of-the-art architecture for neural machine translation. In this work we evaluate the contribution made by individual attention heads to the overall performance of the model and analyze the roles played by them in the encoder. We find that the most important and confident heads play consistent and often linguistically-interpretable roles. When pruning heads using a method based on stochastic gates and a differentiable relaxation of the L0 penalty, we observe that specialized heads are last to be pruned. Our novel pruning method removes the vast majority of heads without seriously affecting performance. For example, on the English-Russian WMT dataset, pruning 38 out of 48 encoder heads results in a drop of only 0.15 BLEU.",
    "arxivid": "1905.09418v2",
    "bib_name": "Analyzingm129",
    "md_text": "# Analyzing multi-head self-attention: Specialized heads do the heavy lifting, the rest can be pruned\n\n\nabstract\n\nMulti-head self-attention is a key component of the Transformer, a state-of-the-art architecture for neural machine translation. In this work we evaluate the contribution made by individual attention heads to the overall performance of the model and analyze the roles played by them in the encoder. We find that the most important and confident heads play consistent and often linguistically-interpretable roles. When pruning heads using a method based on stochastic gates and a differentiable relaxation of the L0 penalty, we observe that specialized heads are last to be pruned. Our novel pruning method removes the vast majority of heads without seriously affecting performance. For example, on the English-Russian WMT dataset, pruning 38 out of 48 encoder heads results in a drop of only 0.15 BLEU.",
    "paper_type": "benchmark",
    "attri": {
        "background": "Multi-head self-attention is a key component of the Transformer architecture, which is widely used in neural machine translation. This benchmark was created to evaluate the individual contributions of attention heads within the model, addressing the need for understanding their roles and the potential for model optimization through head pruning.",
        "problem": {
            "definition": "The benchmark is designed to address the challenge of identifying which attention heads in multi-head self-attention contribute most significantly to model performance and how they can be pruned without degrading the overall effectiveness of the model.",
            "key obstacle": "Existing benchmarks do not adequately assess the individual contributions of attention heads, making it difficult to optimize model performance through head pruning."
        },
        "idea": {
            "intuition": "The thought process behind this benchmark stems from the observation that not all attention heads contribute equally to the performance of the model, and that some heads can be pruned without significant loss of performance.",
            "opinion": "The authors believe that understanding the role of individual attention heads is crucial for advancing the efficiency of Transformer models and that this benchmark can lead to improved model architectures.",
            "innovation": "This benchmark introduces a novel pruning method based on stochastic gates and a differentiable relaxation of the L0 penalty, allowing for the effective removal of less important heads while maintaining performance.",
            "benchmark abbreviation": "MHSA"
        },
        "dataset": {
            "source": "The dataset used for evaluation was collected from the English-Russian WMT translation task, which is a standard benchmark in machine translation.",
            "desc": "The dataset consists of parallel corpora for training and testing, specifically designed for evaluating translation quality.",
            "content": "The dataset includes text data in the form of sentences in English and their corresponding translations in Russian.",
            "size": "4,000,000",
            "domain": "Machine Translation",
            "task format": "Translation"
        },
        "metrics": {
            "metric name": "BLEU",
            "aspect": "Translation quality",
            "principle": "BLEU score is chosen as it is a widely accepted metric for evaluating the quality of machine translation output by comparing it to reference translations.",
            "procedure": "Model performance is evaluated by calculating the BLEU score after pruning attention heads, comparing results against the original model."
        },
        "experiments": {
            "model": "The experiments involved testing a Transformer model with multiple attention heads, focusing on both state-of-the-art and baseline configurations.",
            "procedure": "Models were trained on the WMT dataset, and various configurations of attention heads were pruned systematically to assess the impact on performance.",
            "result": "Pruning 38 out of 48 encoder heads resulted in a minimal drop of only 0.15 in BLEU score, indicating robust performance retention.",
            "variability": "Variability in results was accounted for by conducting multiple trials with different configurations of head pruning and assessing performance across these trials."
        },
        "conclusion": "The findings suggest that specialized attention heads are essential for maintaining model performance, and the proposed pruning method can significantly optimize models without substantial loss of quality.",
        "discussion": {
            "advantage": "The benchmark provides insights into the individual roles of attention heads, contributing to more efficient model design and optimization.",
            "limitation": "One limitation is that the benchmark focuses solely on the English-Russian translation task, which may not generalize to other languages or tasks.",
            "future work": "Future research could explore the applicability of the pruning method across different language pairs and tasks to validate its effectiveness and robustness."
        },
        "other info": []
    },
    "mount_outline": [
        {
            "section number": "2.4",
            "key information": "The benchmark addresses the challenge of identifying which attention heads in multi-head self-attention contribute most significantly to model performance and how they can be pruned without degrading the overall effectiveness of the model."
        },
        {
            "section number": "3.1",
            "key information": "The proposed pruning method introduces a novel approach based on stochastic gates and a differentiable relaxation of the L0 penalty, allowing for the effective removal of less important heads while maintaining performance."
        },
        {
            "section number": "4.1",
            "key information": "Model performance is evaluated by calculating the BLEU score after pruning attention heads, comparing results against the original model, indicating the effectiveness of the pruning method."
        },
        {
            "section number": "5.1",
            "key information": "Pruning 38 out of 48 encoder heads resulted in a minimal drop of only 0.15 in BLEU score, indicating robust performance retention and minimal impact on model accuracy."
        },
        {
            "section number": "6.2",
            "key information": "Future research could explore the applicability of the pruning method across different language pairs and tasks to validate its effectiveness and robustness."
        }
    ],
    "similarity_score": null,
    "image": null,
    "path": "/home/liudingyuan/code/SurveyX/code/SurveyX-main/outputs/t14a/papers/Analyzing multi-head self-attention_ Specialized heads do the heavy lifting, the rest can be pruned.json"
}