{
    "from": null,
    "scholar_id": null,
    "detail_id": null,
    "title": "Are all layers created equal?",
    "abstract": "Understanding deep neural networks has been a major research objective in recent years with notable theoretical progress. A focal point of those studies stems from the success of excessively large networks which defy the classical wisdom of uniform convergence and learnability. We study empirically the layer-wise functional structure of overparameterized deep models. We provide evidence for the heterogeneous characteristic of layers. To do so, we introduce the notion of robustness to post-training re-initialization and re-randomization. We show that the layers can be categorized as either ``ambient'' or ``critical''. Resetting the ambient layers to their initial values has no negative consequence, and in many cases they barely change throughout training. On the contrary, resetting the critical layers completely destroys the predictor and the performance drops to chanceh. Our study provides further evidence that mere parameter counting or norm accounting is too coarse in studying generalization of deep models, and flatness or robustness analysis of the models needs to respect the network architectures.",
    "arxivid": "1902.01996v4",
    "bib_name": "Arealllaye153",
    "md_text": "# Are all layers created equal?\n\n\nabstract\n\nUnderstanding deep neural networks has been a major research objective in recent years with notable theoretical progress. A focal point of those studies stems from the success of excessively large networks which defy the classical wisdom of uniform convergence and learnability. We study empirically the layer-wise functional structure of overparameterized deep models. We provide evidence for the heterogeneous characteristic of layers. To do so, we introduce the notion of robustness to post-training re-initialization and re-randomization. We show that the layers can be categorized as either ``ambient'' or ``critical''. Resetting the ambient layers to their initial values has no negative consequence, and in many cases they barely change throughout training. On the contrary, resetting the critical layers completely destroys the predictor and the performance drops to chanceh. Our study provides further evidence that mere parameter counting or norm accounting is too coarse in studying generalization of deep models, and flatness or robustness analysis of the models needs to respect the network architectures.",
    "paper_type": "theory",
    "attri": {
        "background": "This paper addresses the issue of understanding deep neural networks, particularly the functional structure of overparameterized deep models and their performance during training.",
        "problem": {
            "definition": "The problem revolves around the understanding of how different layers in deep neural networks contribute to the learning process and generalization capabilities.",
            "key obstacle": "The main challenge is the traditional belief in uniform convergence and learnability which does not hold true for excessively large networks."
        },
        "idea": {
            "intuition": "The idea was inspired by the observation that not all layers in deep neural networks behave uniformly during training.",
            "opinion": "The paper posits that layers can be categorized into 'ambient' and 'critical' based on their behavior during training and re-initialization.",
            "innovation": "The primary improvement lies in the introduction of robustness to post-training re-initialization and re-randomization as a means to understand layer functionality."
        },
        "Theory": {
            "perspective": "The perspective of the theory focuses on the heterogeneous characteristics of layers in deep neural networks and their impact on performance.",
            "opinion": "The view is that traditional metrics like parameter counting and norm accounting are insufficient for analyzing the generalization of deep models.",
            "proof": "The proof is derived from empirical evidence showing the distinct behaviors of ambient and critical layers when subjected to re-initialization."
        },
        "experiments": {
            "evaluation setting": "The evaluation involved analyzing various deep models and their layers with respect to robustness and performance metrics.",
            "evaluation method": "The method included resetting layers to their initial values and observing the impact on model performance."
        },
        "conclusion": "The conclusion drawn from the experiments is that the characterization of layers as either ambient or critical is crucial for understanding the generalization capabilities of deep neural networks.",
        "discussion": {
            "advantage": "One advantage of this paper is its novel approach to categorizing layers, which provides deeper insights into the dynamics of deep learning models.",
            "limitation": "A limitation is that the study may not encompass all possible architectures and configurations of deep networks.",
            "future work": "Future work could focus on exploring additional layer characteristics and their implications for different types of neural architectures."
        },
        "other info": []
    },
    "mount_outline": [
        {
            "section number": "2",
            "key information": "This paper addresses the issue of understanding deep neural networks, particularly the functional structure of overparameterized deep models and their performance during training."
        },
        {
            "section number": "2.4",
            "key information": "The problem revolves around the understanding of how different layers in deep neural networks contribute to the learning process and generalization capabilities."
        },
        {
            "section number": "2.5",
            "key information": "The paper posits that layers can be categorized into 'ambient' and 'critical' based on their behavior during training and re-initialization."
        },
        {
            "section number": "3.1",
            "key information": "The idea was inspired by the observation that not all layers in deep neural networks behave uniformly during training."
        },
        {
            "section number": "5.3",
            "key information": "The conclusion drawn from the experiments is that the characterization of layers as either ambient or critical is crucial for understanding the generalization capabilities of deep neural networks."
        },
        {
            "section number": "6.2",
            "key information": "Future work could focus on exploring additional layer characteristics and their implications for different types of neural architectures."
        }
    ],
    "similarity_score": null,
    "image": null,
    "path": "/home/liudingyuan/code/SurveyX/code/SurveyX-main/outputs/t14a/papers/Are all layers created equal_.json"
}