{
    "from": null,
    "scholar_id": null,
    "detail_id": null,
    "title": "Are sixteen heads really better than one?",
    "abstract": "Attention is a powerful and ubiquitous mechanism for allowing neural models to focus on particular salient pieces of information by taking their weighted average when making predictions. In particular, multi-headed attention is a driving force behind many recent state-of-the-art NLP models such as Transformer-based MT models and BERT. These models apply multiple attention mechanisms in parallel, with each attention \"head\" potentially focusing on different parts of the input, which makes it possible to express sophisticated functions beyond the simple weighted average. In this paper we make the surprising observation that even if models have been trained using multiple heads, in practice, a large percentage of attention heads can be removed at test time without significantly impacting performance. In fact, some layers can even be reduced to a single head. We further examine greedy algorithms for pruning down models, and the potential speed, memory efficiency, and accuracy improvements obtainable therefrom. Finally, we analyze the results with respect to which parts of the model are more reliant on having multiple heads, and provide precursory evidence that training dynamics play a role in the gains provided by multi-head attention.",
    "arxivid": "1905.10650v3",
    "bib_name": "Aresixteen111",
    "md_text": "# Are sixteen heads really better than one?\n\n\nabstract\n\nAttention is a powerful and ubiquitous mechanism for allowing neural models to focus on particular salient pieces of information by taking their weighted average when making predictions. In particular, multi-headed attention is a driving force behind many recent state-of-the-art NLP models such as Transformer-based MT models and BERT. These models apply multiple attention mechanisms in parallel, with each attention \"head\" potentially focusing on different parts of the input, which makes it possible to express sophisticated functions beyond the simple weighted average. In this paper we make the surprising observation that even if models have been trained using multiple heads, in practice, a large percentage of attention heads can be removed at test time without significantly impacting performance. In fact, some layers can even be reduced to a single head. We further examine greedy algorithms for pruning down models, and the potential speed, memory efficiency, and accuracy improvements obtainable therefrom. Finally, we analyze the results with respect to which parts of the model are more reliant on having multiple heads, and provide precursory evidence that training dynamics play a role in the gains provided by multi-head attention.",
    "paper_type": "method",
    "attri": {
        "background": "This paper addresses the issue of whether multiple attention heads in neural models, particularly in NLP, are necessary for optimal performance, highlighting the effectiveness of single-head models in practice.",
        "problem": {
            "definition": "The problem is to determine the necessity and efficiency of using multiple attention heads in neural models, specifically whether they provide significant advantages over single-headed attention.",
            "key obstacle": "The core obstacle is the assumption that multiple attention heads are always beneficial, which may lead to unnecessary complexity and resource usage in model design."
        },
        "idea": {
            "intuition": "The idea is inspired by the observation that many attention heads in trained models do not contribute significantly to performance, suggesting redundancy in multi-headed architectures.",
            "opinion": "The proposed idea is to explore the feasibility of reducing the number of attention heads, potentially simplifying models while maintaining performance.",
            "innovation": "The innovation lies in the finding that a large number of attention heads can be pruned without affecting model performance, and that some layers can function effectively with only a single head."
        },
        "method": {
            "method name": "Attention Head Pruning",
            "method abbreviation": "AHP",
            "method definition": "Attention Head Pruning is a method that systematically removes less effective attention heads from trained models to enhance efficiency without sacrificing performance.",
            "method description": "The method focuses on identifying and pruning redundant attention heads in multi-headed attention mechanisms.",
            "method steps": "1. Train a multi-headed attention model. 2. Evaluate the contribution of each head. 3. Systematically prune heads based on their performance impact. 4. Test the pruned model for performance and efficiency.",
            "principle": "The method is effective because it leverages the observation that many heads do not contribute significantly to the model's predictive capability, thus allowing simplification."
        },
        "experiments": {
            "evaluation setting": "The experiments were conducted using various NLP tasks with models that utilized multi-headed attention, comparing performance with baseline models that had reduced heads.",
            "evaluation method": "Performance was measured by assessing accuracy and efficiency metrics before and after pruning attention heads from the models."
        },
        "conclusion": "The results indicate that significant portions of attention heads can be pruned without detrimental effects on performance, leading to improvements in speed and memory efficiency.",
        "discussion": {
            "advantage": "The key advantage of the proposed approach is the reduction in model complexity and resource usage while maintaining competitive performance levels.",
            "limitation": "A limitation is that not all layers may benefit equally from pruning, and some tasks may still require multiple heads for optimal results.",
            "future work": "Future research could focus on refining pruning algorithms, exploring the impact of training dynamics further, and investigating the application of single-headed models in various NLP tasks."
        },
        "other info": []
    },
    "mount_outline": [
        {
            "section number": "1.1",
            "key information": "Pruning reduces model complexity and resource usage while maintaining competitive performance levels."
        },
        {
            "section number": "2.2",
            "key information": "Attention Head Pruning systematically removes less effective attention heads from trained models to enhance efficiency without sacrificing performance."
        },
        {
            "section number": "2.4",
            "key information": "Pruning can lead to significant improvements in speed and memory efficiency by eliminating redundant attention heads."
        },
        {
            "section number": "3.3",
            "key information": "The innovation lies in the finding that a large number of attention heads can be pruned without affecting model performance."
        },
        {
            "section number": "4.1",
            "key information": "Performance was measured by assessing accuracy and efficiency metrics before and after pruning attention heads from the models."
        },
        {
            "section number": "5.1",
            "key information": "The results indicate that significant portions of attention heads can be pruned without detrimental effects on performance."
        },
        {
            "section number": "6.1",
            "key information": "The proposed idea is to explore the feasibility of reducing the number of attention heads, potentially simplifying models while maintaining performance."
        },
        {
            "section number": "6.2",
            "key information": "Future research could focus on refining pruning algorithms and investigating the application of single-headed models in various NLP tasks."
        }
    ],
    "similarity_score": null,
    "image": null,
    "path": "/home/liudingyuan/code/SurveyX/code/SurveyX-main/outputs/t14a/papers/Are sixteen heads really better than one_.json"
}