{
    "from": null,
    "scholar_id": null,
    "detail_id": null,
    "title": "Attention is all you need",
    "abstract": "Beyond the success story of pre-trained language models (PrLMs) in recent natural language processing, they are susceptible to over-fitting due to unusual large model size. To this end, dropout serves as a therapy. However, existing methods like random-based, knowledge-based and search-based dropout are more general but less effective onto self-attention based models, which are broadly chosen as the fundamental architecture of PrLMs. In this paper, we propose a novel dropout method named AttendOut to let self-attention empowered PrLMs capable of more robust task-specific tuning. We demonstrate that state-of-the-art models with elaborate training design may achieve much stronger results. We verify the universality of our approach on extensive natural language processing tasks.",
    "arxivid": "1706.03762v7",
    "bib_name": "Attentioni54",
    "md_text": "# Attention is all you need\n\n\nabstract\n\nBeyond the success story of pre-trained language models (PrLMs) in recent natural language processing, they are susceptible to over-fitting due to unusual large model size. To this end, dropout serves as a therapy. However, existing methods like random-based, knowledge-based and search-based dropout are more general but less effective onto self-attention based models, which are broadly chosen as the fundamental architecture of PrLMs. In this paper, we propose a novel dropout method named AttendOut to let self-attention empowered PrLMs capable of more robust task-specific tuning. We demonstrate that state-of-the-art models with elaborate training design may achieve much stronger results. We verify the universality of our approach on extensive natural language processing tasks.",
    "paper_type": "method",
    "attri": {
        "background": "This paper addresses the issue of over-fitting in pre-trained language models (PrLMs), particularly due to their large model size. Previous dropout methods, such as random-based, knowledge-based, and search-based dropout, have proven to be less effective for self-attention based models, which are commonly used in PrLMs. A new breakthrough is necessary to improve the robustness of these models during task-specific tuning.",
        "problem": {
            "definition": "The problem is the susceptibility of pre-trained language models to over-fitting, especially in the context of self-attention mechanisms.",
            "key obstacle": "The main difficulty lies in the ineffectiveness of existing dropout methods when applied to self-attention based models, hindering their performance during tuning."
        },
        "idea": {
            "intuition": "The idea was inspired by the need for a more effective dropout method that specifically caters to the unique characteristics of self-attention models.",
            "opinion": "The proposed idea, AttendOut, is a novel dropout method designed to enhance the robustness of self-attention empowered PrLMs during task-specific tuning.",
            "innovation": "The primary difference between AttendOut and existing methods is its tailored approach to dropout in self-attention mechanisms, which significantly improves performance compared to traditional dropout techniques."
        },
        "method": {
            "method name": "AttendOut",
            "method abbreviation": "AO",
            "method definition": "AttendOut is a dropout method specifically designed for self-attention based models to improve their robustness during task-specific tuning.",
            "method description": "The core of AttendOut involves a novel dropout strategy that enhances the performance of self-attention models in PrLMs.",
            "method steps": "1. Identify self-attention layers. 2. Apply the AttendOut dropout strategy during training. 3. Fine-tune the model for specific tasks.",
            "principle": "AttendOut is effective because it addresses the unique dropout needs of self-attention mechanisms, thereby reducing over-fitting and enhancing model performance."
        },
        "experiments": {
            "evaluation setting": "Extensive natural language processing tasks were used to evaluate the performance of AttendOut against state-of-the-art models with various training designs.",
            "evaluation method": "The performance was assessed through comparative analysis with baseline methods, measuring improvements in robustness and task-specific tuning results."
        },
        "conclusion": "The experiments demonstrate that AttendOut significantly enhances the performance of self-attention based PrLMs, providing a more robust approach to task-specific tuning and achieving stronger results than existing methods.",
        "discussion": {
            "advantage": "The key advantages of AttendOut include its tailored approach to dropout in self-attention models, leading to improved robustness and performance in various NLP tasks.",
            "limitation": "One limitation is that the effectiveness of AttendOut may vary across different tasks and model architectures, requiring further validation.",
            "future work": "Future research could explore optimizing AttendOut for a wider range of models and tasks, as well as investigating its integration with other training techniques."
        },
        "other info": []
    },
    "mount_outline": [
        {
            "section number": "2.1",
            "key information": "This paper addresses the issue of over-fitting in pre-trained language models (PrLMs), particularly due to their large model size."
        },
        {
            "section number": "2.2",
            "key information": "The main difficulty lies in the ineffectiveness of existing dropout methods when applied to self-attention based models, hindering their performance during tuning."
        },
        {
            "section number": "3.1",
            "key information": "The proposed idea, AttendOut, is a novel dropout method designed to enhance the robustness of self-attention empowered PrLMs during task-specific tuning."
        },
        {
            "section number": "4.1",
            "key information": "The performance was assessed through comparative analysis with baseline methods, measuring improvements in robustness and task-specific tuning results."
        },
        {
            "section number": "5.1",
            "key information": "The experiments demonstrate that AttendOut significantly enhances the performance of self-attention based PrLMs, providing a more robust approach to task-specific tuning."
        },
        {
            "section number": "6.2",
            "key information": "Future research could explore optimizing AttendOut for a wider range of models and tasks, as well as investigating its integration with other training techniques."
        }
    ],
    "similarity_score": null,
    "image": null,
    "path": "/home/liudingyuan/code/SurveyX/code/SurveyX-main/outputs/t14a/papers/Attention is all you need.json"
}