{
    "from": null,
    "scholar_id": null,
    "detail_id": null,
    "title": "Auto-train-once: Controller network guided automatic network pruning from scratch",
    "abstract": "Current techniques for deep neural network (DNN) pruning often involve intricate multi-step processes that re-quire domain-specific expertise, making their widespread adoption challenging. To address the limitation, the Only-Train-Once (OTO) and OTOv2 are proposed to eliminate the need for additional fine-tuning steps by directly training and compressing a general DNN from scratch. Never-theless, the static design of optimizers (in OTO) can lead to convergence issues of local optima. In this paper, we proposed the Auto-Train-Once (A TO), an innovative net-work pruning algorithm designed to automatically reduce the computational and storage costs of DNNs. During the model training phase, our approach not only trains the tar-get model but also leverages a controller network as an ar-chitecture generator to guide the learning of target model weights. Furthermore, we developed a novel stochastic gradient algorithm that enhances the coordination between model training and controller network training, thereby im-proving pruning performance. We provide a comprehen-sive convergence analysis as well as extensive experiments, and the results show that our approach achieves state-of-the-art performance across various model architectures (including ResNet18, ResNet34, ResNet50, ResNet56, and MobileNetv2) on standard benchmark datasets (CIFAR-10, CIFAR-100, and ImageNet). The code is available at https: 11 g i thub. comlxidon gwul Auto Train Once.",
    "arxivid": "2403.14729v1",
    "bib_name": "Auto-train190",
    "md_text": "# Auto-train-once: Controller network guided automatic network pruning from scratch\n\n\nabstract\n\nCurrent techniques for deep neural network (DNN) pruning often involve intricate multi-step processes that re-quire domain-specific expertise, making their widespread adoption challenging. To address the limitation, the Only-Train-Once (OTO) and OTOv2 are proposed to eliminate the need for additional fine-tuning steps by directly training and compressing a general DNN from scratch. Never-theless, the static design of optimizers (in OTO) can lead to convergence issues of local optima. In this paper, we proposed the Auto-Train-Once (A TO), an innovative net-work pruning algorithm designed to automatically reduce the computational and storage costs of DNNs. During the model training phase, our approach not only trains the tar-get model but also leverages a controller network as an ar-chitecture generator to guide the learning of target model weights. Furthermore, we developed a novel stochastic gradient algorithm that enhances the coordination between model training and controller network training, thereby im-proving pruning performance. We provide a comprehen-sive convergence analysis as well as extensive experiments, and the results show that our approach achieves state-of-the-art performance across various model architectures (including ResNet18, ResNet34, ResNet50, ResNet56, and MobileNetv2) on standard benchmark datasets (CIFAR-10, CIFAR-100, and ImageNet). The code is available at https: 11 g i thub. comlxidon gwul Auto Train Once.",
    "paper_type": "method",
    "attri": {
        "background": "Current techniques for deep neural network (DNN) pruning often involve intricate multi-step processes that require domain-specific expertise, making their widespread adoption challenging. To address this limitation, the Only-Train-Once (OTO) and OTOv2 methods were proposed to eliminate the need for additional fine-tuning steps by directly training and compressing a general DNN from scratch. However, the static design of optimizers in OTO can lead to convergence issues.",
        "problem": {
            "definition": "The problem addressed in this paper is the complexity and inefficiency of existing DNN pruning methods that require multiple steps and fine-tuning, which hinder their adoption.",
            "key obstacle": "The main difficulty is the static design of optimizers in existing methods, which can result in convergence to local optima, limiting the effectiveness of pruning."
        },
        "idea": {
            "intuition": "The proposed idea is inspired by the need for a more efficient and automated approach to DNN pruning that eliminates the need for fine-tuning.",
            "opinion": "The Auto-Train-Once (ATO) method introduces an innovative network pruning algorithm that automatically reduces computational and storage costs by training a target model while leveraging a controller network.",
            "innovation": "The primary difference lies in the integration of a controller network that guides the training of the target model's weights, along with a novel stochastic gradient algorithm that enhances coordination between model and controller training."
        },
        "method": {
            "method name": "Auto-Train-Once",
            "method abbreviation": "ATO",
            "method definition": "ATO is an automatic network pruning algorithm that trains a DNN from scratch while simultaneously guiding the learning process with a controller network.",
            "method description": "The core of the method involves training a target model and a controller network concurrently to optimize pruning performance.",
            "method steps": "1. Initialize the target model and controller network. 2. Train the target model while using the controller network to guide weight adjustments. 3. Apply the novel stochastic gradient algorithm for improved coordination. 4. Evaluate the performance and adjust as necessary.",
            "principle": "This method is effective because it combines the training of the model and the architecture generation process, leading to better convergence and pruning outcomes."
        },
        "experiments": {
            "evaluation setting": "The experiments were conducted on standard benchmark datasets including CIFAR-10, CIFAR-100, and ImageNet, using various model architectures such as ResNet18, ResNet34, ResNet50, ResNet56, and MobileNetv2.",
            "evaluation method": "The performance was assessed through a series of experiments comparing the results of ATO against baseline methods, focusing on pruning effectiveness and convergence analysis."
        },
        "conclusion": "The results demonstrate that the Auto-Train-Once method achieves state-of-the-art performance in DNN pruning across multiple architectures and datasets, indicating its effectiveness and potential for broader adoption.",
        "discussion": {
            "advantage": "The key advantages of ATO include its ability to eliminate the need for fine-tuning, reduce complexity, and improve convergence through the use of a controller network.",
            "limitation": "One limitation of the method may be the dependency on the controller network's design, which could affect performance if not optimized properly.",
            "future work": "Future research could explore further enhancements to the controller network, as well as applications of ATO to additional model architectures and datasets."
        },
        "other info": {
            "code repository": "https://github.com/lxidongwu/Auto-Train-Once"
        }
    },
    "mount_outline": [
        {
            "section number": "2.2",
            "key information": "Current techniques for deep neural network (DNN) pruning often involve intricate multi-step processes that require domain-specific expertise, making their widespread adoption challenging."
        },
        {
            "section number": "2.4",
            "key information": "The problem addressed in this paper is the complexity and inefficiency of existing DNN pruning methods that require multiple steps and fine-tuning, which hinder their adoption."
        },
        {
            "section number": "3.3",
            "key information": "The Auto-Train-Once (ATO) method introduces an innovative network pruning algorithm that automatically reduces computational and storage costs by training a target model while leveraging a controller network."
        },
        {
            "section number": "4.1",
            "key information": "The performance was assessed through a series of experiments comparing the results of ATO against baseline methods, focusing on pruning effectiveness and convergence analysis."
        },
        {
            "section number": "5.1",
            "key information": "The results demonstrate that the Auto-Train-Once method achieves state-of-the-art performance in DNN pruning across multiple architectures and datasets, indicating its effectiveness and potential for broader adoption."
        },
        {
            "section number": "6.2",
            "key information": "Future research could explore further enhancements to the controller network, as well as applications of ATO to additional model architectures and datasets."
        }
    ],
    "similarity_score": null,
    "image": null,
    "path": "/home/liudingyuan/code/SurveyX/code/SurveyX-main/outputs/t14a/papers/Auto-train-once_ Controller network guided automatic network pruning from scratch.json"
}