{
    "from": null,
    "scholar_id": null,
    "detail_id": null,
    "title": "BERT Busters: Outlier dimensions that disrupt transformers",
    "abstract": "Multiple studies have shown that Transformers are remarkably robust to pruning. Contrary to this received wisdom, we demonstrate that pre-trained Transformer encoders are surprisingly fragile to the removal of a very small number of features in the layer outputs (<0.0001% of model weights). In case of BERT and other pre-trained encoder Transformers, the affected component is the scaling factors and biases in the LayerNorm. The outliers are high-magnitude normalization parameters that emerge early in pre-training and show up consistently in the same dimensional position throughout the model. We show that disabling them significantly degrades both the MLM loss and the downstream task performance. This effect is observed across several BERT-family models and other popular pre-trained Transformer architectures, including BART, XLNet and ELECTRA; we also show a similar effect in GPT-2.",
    "arxivid": "2105.06990v2",
    "bib_name": "BERTBuster143",
    "md_text": "# BERT Busters: Outlier dimensions that disrupt transformers\n\n\nabstract\n\nMultiple studies have shown that Transformers are remarkably robust to pruning. Contrary to this received wisdom, we demonstrate that pre-trained Transformer encoders are surprisingly fragile to the removal of a very small number of features in the layer outputs (<0.0001% of model weights). In case of BERT and other pre-trained encoder Transformers, the affected component is the scaling factors and biases in the LayerNorm. The outliers are high-magnitude normalization parameters that emerge early in pre-training and show up consistently in the same dimensional position throughout the model. We show that disabling them significantly degrades both the MLM loss and the downstream task performance. This effect is observed across several BERT-family models and other popular pre-trained Transformer architectures, including BART, XLNet and ELECTRA; we also show a similar effect in GPT-2.",
    "paper_type": "benchmark",
    "attri": {
        "background": "This paper addresses the issue of the robustness of Transformers, challenging the prevailing notion that they are resilient to pruning by demonstrating their fragility to the removal of certain features.",
        "problem": {
            "definition": "The benchmark is designed to address the fragility of pre-trained Transformer encoders when specific high-magnitude normalization parameters are removed.",
            "key obstacle": "Existing benchmarks do not account for the sensitivity of Transformer models to the removal of a small number of critical features."
        },
        "idea": {
            "intuition": "The thought process behind the benchmark stems from observations of the impact of high-magnitude normalization parameters on model performance.",
            "opinion": "The authors believe that understanding the fragility of Transformers to these outlier dimensions is crucial for improving model robustness.",
            "innovation": "This benchmark introduces a novel approach to evaluating the impact of specific outlier dimensions on Transformer performance, differing from previous benchmarks that focus on broader model robustness.",
            "benchmark abbreviation": "BERT Busters"
        },
        "dataset": {
            "source": "The dataset was created by analyzing the layer outputs of various pre-trained Transformer models during their training.",
            "desc": "The dataset includes outputs from BERT-family models and other popular pre-trained Transformer architectures, focusing on the scaling factors and biases in LayerNorm.",
            "content": "The dataset consists of numerical values representing the scaling factors and biases from the layer outputs.",
            "size": "-",
            "domain": "Natural Language Processing",
            "task format": "Masked Language Modeling"
        },
        "metrics": {
            "metric name": "MLM loss",
            "aspect": "Model performance degradation",
            "principle": "The choice of metrics is guided by the need to quantify the impact of removing specific normalization parameters on language model performance.",
            "procedure": "Model performance is evaluated by comparing MLM loss before and after the removal of outlier dimensions."
        },
        "experiments": {
            "model": "BERT and other pre-trained Transformer models such as BART, XLNet, and ELECTRA.",
            "procedure": "Models were trained with and without specific high-magnitude normalization parameters to assess performance changes.",
            "result": "The removal of outlier dimensions significantly degraded both MLM loss and downstream task performance.",
            "variability": "Variability was accounted for by testing multiple models and observing consistent patterns across different architectures."
        },
        "conclusion": "The key findings indicate that pre-trained Transformers are sensitive to the removal of specific outlier dimensions, which has significant implications for model robustness and design.",
        "discussion": {
            "advantage": "This benchmark provides insights into the vulnerabilities of Transformer architectures, contributing to the understanding of their robustness.",
            "limitation": "The benchmark may not cover all potential vulnerabilities of Transformers, focusing specifically on LayerNorm parameters.",
            "future work": "Future research could explore other aspects of Transformer architectures that may contribute to their fragility or robustness."
        },
        "other info": []
    },
    "mount_outline": [
        {
            "section number": "2.4",
            "key information": "The paper defines pruning as the removal of specific high-magnitude normalization parameters from Transformer models, highlighting its impact on model performance."
        },
        {
            "section number": "3.5",
            "key information": "The paper examines pruning strategies specific to Transformer architectures, demonstrating their sensitivity to the removal of certain features."
        },
        {
            "section number": "4.1",
            "key information": "The paper discusses the metric MLM loss as a key indicator of model performance degradation due to pruning specific outlier dimensions."
        },
        {
            "section number": "5.3",
            "key information": "The findings indicate that the removal of outlier dimensions significantly degrades model performance, affecting generalization and robustness."
        },
        {
            "section number": "6.2",
            "key information": "Future research directions could explore other aspects of Transformer architectures that may contribute to their fragility or robustness, indicating a need for ongoing investigation in pruning methodologies."
        }
    ],
    "similarity_score": null,
    "image": null,
    "path": "/home/liudingyuan/code/SurveyX/code/SurveyX-main/outputs/t14a/papers/BERT Busters_ Outlier dimensions that disrupt transformers.json"
}