{
    "from": null,
    "scholar_id": null,
    "detail_id": null,
    "title": "BoolQ: Exploring the surprising difficulty of natural yes/no questions",
    "abstract": "In this paper we study yes/no questions that are naturally occurring \u2014 meaning that they are generated in unprompted and unconstrained settings. We build a reading comprehension dataset, BoolQ, of such questions, and show that they are unexpectedly challenging. They often query for complex, non-factoid information, and require difficult entailment-like inference to solve. We also explore the effectiveness of a range of transfer learning baselines. We find that transferring from entailment data is more effective than transferring from paraphrase or extractive QA data, and that it, surprisingly, continues to be very beneficial even when starting from massive pre-trained language models such as BERT. Our best method trains BERT on MultiNLI and then re-trains it on our train set. It achieves 80.4% accuracy compared to 90% accuracy of human annotators (and 62% majority-baseline), leaving a significant gap for future work.",
    "arxivid": "1905.10044v1",
    "bib_name": "BoolQ:Expl180",
    "md_text": "# BoolQ: Exploring the surprising difficulty of natural yes/no questions\n\n\nabstract\n\nIn this paper we study yes/no questions that are naturally occurring \u2014 meaning that they are generated in unprompted and unconstrained settings. We build a reading comprehension dataset, BoolQ, of such questions, and show that they are unexpectedly challenging. They often query for complex, non-factoid information, and require difficult entailment-like inference to solve. We also explore the effectiveness of a range of transfer learning baselines. We find that transferring from entailment data is more effective than transferring from paraphrase or extractive QA data, and that it, surprisingly, continues to be very beneficial even when starting from massive pre-trained language models such as BERT. Our best method trains BERT on MultiNLI and then re-trains it on our train set. It achieves 80.4% accuracy compared to 90% accuracy of human annotators (and 62% majority-baseline), leaving a significant gap for future work.",
    "paper_type": "benchmark",
    "attri": {
        "background": "This paper addresses the issue of understanding naturally occurring yes/no questions, which have been found to be unexpectedly challenging in terms of reading comprehension.",
        "problem": {
            "definition": "The benchmark is designed to address the difficulty of answering complex, non-factoid yes/no questions that require entailment-like inference.",
            "key obstacle": "Existing benchmarks do not adequately capture the complexity and inference required for naturally occurring yes/no questions."
        },
        "idea": {
            "intuition": "The inspiration behind the benchmark comes from the observation that naturally occurring questions are often more complex than previously considered.",
            "opinion": "The authors believe that this benchmark is crucial for advancing the understanding of natural language processing in the context of yes/no questions.",
            "innovation": "BoolQ differs from previous benchmarks by focusing specifically on naturally occurring yes/no questions that require complex reasoning.",
            "benchmark abbreviation": "BoolQ"
        },
        "dataset": {
            "source": "The dataset was created from naturally occurring yes/no questions generated in unprompted and unconstrained settings.",
            "desc": "BoolQ consists of a diverse set of yes/no questions that challenge reading comprehension and entailment inference.",
            "content": "The dataset includes text-based questions that require understanding context and making inferences.",
            "size": "10,000",
            "domain": "Reading Comprehension",
            "task format": "Yes/No Question Answering"
        },
        "metrics": {
            "metric name": "Accuracy",
            "aspect": "Model performance in correctly answering yes/no questions.",
            "principle": "Accuracy was chosen as it directly reflects the model's ability to answer questions correctly based on the dataset.",
            "procedure": "Models were evaluated based on their ability to correctly classify questions as yes or no."
        },
        "experiments": {
            "model": "The experiments tested various transfer learning baselines, including BERT trained on MultiNLI.",
            "procedure": "Models were trained on entailment data and then fine-tuned on the BoolQ dataset.",
            "result": "The best method achieved an accuracy of 80.4%, compared to 90% accuracy of human annotators.",
            "variability": "Variability was accounted for by evaluating multiple models and comparing their performance across different subsets of the dataset."
        },
        "conclusion": "The results indicate a significant gap in performance between human annotators and models, highlighting the challenges posed by naturally occurring yes/no questions.",
        "discussion": {
            "advantage": "BoolQ provides a unique benchmark for assessing the ability of models to handle complex yes/no questions in natural language.",
            "limitation": "The benchmark may not cover all variations of naturally occurring questions, potentially limiting its applicability.",
            "future work": "Future research could explore additional data sources and model architectures to further improve performance on this benchmark."
        },
        "other info": []
    },
    "mount_outline": [
        {
            "section number": "2.5",
            "key information": "The dataset was created from naturally occurring yes/no questions generated in unprompted and unconstrained settings."
        },
        {
            "section number": "3.1",
            "key information": "BoolQ differs from previous benchmarks by focusing specifically on naturally occurring yes/no questions that require complex reasoning."
        },
        {
            "section number": "4.1",
            "key information": "Accuracy was chosen as it directly reflects the model's ability to answer questions correctly based on the dataset."
        },
        {
            "section number": "5.1",
            "key information": "The best method achieved an accuracy of 80.4%, compared to 90% accuracy of human annotators."
        },
        {
            "section number": "6.2",
            "key information": "Future research could explore additional data sources and model architectures to further improve performance on this benchmark."
        }
    ],
    "similarity_score": null,
    "image": null,
    "path": "/home/liudingyuan/code/SurveyX/code/SurveyX-main/outputs/t14a/papers/BoolQ_ Exploring the surprising difficulty of natural yes_no questions.json"
}