{
    "from": null,
    "scholar_id": null,
    "detail_id": null,
    "title": "Channel gating neural networks",
    "abstract": "This paper introduces channel gating, a dynamic, fine-grained, and hardware-efficient pruning scheme to reduce the computation cost for convolutional neural networks (CNNs). Channel gating identifies regions in the features that contribute less to the classification result, and skips the computation on a subset of the input channels for these ineffective regions. Unlike static network pruning, channel gating optimizes CNN inference at run-time by exploiting input-specific characteristics, which allows substantially reducing the compute cost with almost no accuracy loss. We experimentally show that applying channel gating in state-of-the-art networks achieves 2.7-8.0$\\times$ reduction in floating-point operations (FLOPs) and 2.0-4.4$\\times$ reduction in off-chip memory accesses with a minimal accuracy loss on CIFAR-10. Combining our method with knowledge distillation reduces the compute cost of ResNet-18 by 2.6$\\times$ without accuracy drop on ImageNet. We further demonstrate that channel gating can be realized in hardware efficiently. Our approach exhibits sparsity patterns that are well-suited to dense systolic arrays with minimal additional hardware. We have designed an accelerator for channel gating networks, which can be implemented using either FPGAs or ASICs. Running a quantized ResNet-18 model for ImageNet, our accelerator achieves an encouraging speedup of 2.4$\\times$ on average, with a theoretical FLOP reduction of 2.8$\\times$.",
    "arxivid": "1805.12549v2",
    "bib_name": "Channelgat115",
    "md_text": "# Channel gating neural networks\n\n\nabstract\n\nThis paper introduces channel gating, a dynamic, fine-grained, and hardware-efficient pruning scheme to reduce the computation cost for convolutional neural networks (CNNs). Channel gating identifies regions in the features that contribute less to the classification result, and skips the computation on a subset of the input channels for these ineffective regions. Unlike static network pruning, channel gating optimizes CNN inference at run-time by exploiting input-specific characteristics, which allows substantially reducing the compute cost with almost no accuracy loss. We experimentally show that applying channel gating in state-of-the-art networks achieves 2.7-8.0$\\times$ reduction in floating-point operations (FLOPs) and 2.0-4.4$\\times$ reduction in off-chip memory accesses with a minimal accuracy loss on CIFAR-10. Combining our method with knowledge distillation reduces the compute cost of ResNet-18 by 2.6$\\times$ without accuracy drop on ImageNet. We further demonstrate that channel gating can be realized in hardware efficiently. Our approach exhibits sparsity patterns that are well-suited to dense systolic arrays with minimal additional hardware. We have designed an accelerator for channel gating networks, which can be implemented using either FPGAs or ASICs. Running a quantized ResNet-18 model for ImageNet, our accelerator achieves an encouraging speedup of 2.4$\\times$ on average, with a theoretical FLOP reduction of 2.8$\\times$.",
    "paper_type": "method",
    "attri": {
        "background": "This paper addresses the issue of high computation costs in convolutional neural networks (CNNs) by introducing channel gating, a method that reduces these costs while maintaining accuracy.",
        "problem": {
            "definition": "The problem involves the inefficiency of CNNs due to excessive computation, particularly in regions of the input that contribute little to the classification outcome.",
            "key obstacle": "The main challenge is that existing methods, such as static network pruning, do not optimize CNN inference dynamically based on input-specific characteristics."
        },
        "idea": {
            "intuition": "The idea was inspired by the observation that not all regions of the input features contribute equally to the classification, suggesting that some computations can be skipped.",
            "opinion": "The proposed idea involves channel gating, which selectively skips computations on less important input channels, optimizing resource use during inference.",
            "innovation": "The key innovation of channel gating is its dynamic nature, allowing real-time optimization based on the input, contrasting with static pruning methods."
        },
        "method": {
            "method name": "Channel Gating",
            "method abbreviation": "CG",
            "method definition": "Channel gating is a dynamic pruning scheme that identifies and skips computations on input channels that contribute minimally to the classification result.",
            "method description": "The method optimizes CNN inference by selectively pruning channels based on their relevance to the input data.",
            "method steps": "1. Identify regions in the features with low contribution to classification; 2. Skip computations on the corresponding input channels; 3. Execute the optimized network inference.",
            "principle": "The effectiveness of this method lies in its ability to exploit input-specific characteristics, leading to significant reductions in computation without sacrificing accuracy."
        },
        "experiments": {
            "evaluation setting": "Experiments were conducted on state-of-the-art networks using the CIFAR-10 dataset, comparing baseline methods for performance evaluation.",
            "evaluation method": "The performance was assessed by measuring reductions in floating-point operations (FLOPs) and off-chip memory accesses, along with accuracy retention."
        },
        "conclusion": "The experiments demonstrated that channel gating achieves a 2.7-8.0\u00d7 reduction in FLOPs and 2.0-4.4\u00d7 reduction in memory accesses with minimal accuracy loss, validating its effectiveness.",
        "discussion": {
            "advantage": "The key advantages include significant computation cost reductions and maintaining accuracy, along with hardware efficiency for implementation.",
            "limitation": "A potential limitation is the reliance on input-specific characteristics, which may not generalize across all types of inputs.",
            "future work": "Future research could explore further optimizations and applications of channel gating in diverse neural network architectures and tasks."
        },
        "other info": [
            {
                "info1": "The method can be implemented in hardware using FPGAs or ASICs.",
                "info2": {
                    "info2.1": "An accelerator designed for channel gating networks achieves an average speedup of 2.4\u00d7.",
                    "info2.2": "The theoretical FLOP reduction achieved by the accelerator is 2.8\u00d7."
                }
            }
        ]
    },
    "mount_outline": [
        {
            "section number": "1.1",
            "key information": "Channel gating addresses high computation costs in convolutional neural networks (CNNs) while maintaining accuracy, highlighting the importance of pruning for model efficiency."
        },
        {
            "section number": "2.2",
            "key information": "Channel gating is a dynamic pruning scheme that selectively skips computations on input channels that contribute minimally to the classification result, representing a novel model compression technique."
        },
        {
            "section number": "3.1",
            "key information": "Channel gating can be categorized as a dynamic pruning method, contrasting with static network pruning, which does not optimize CNN inference based on input-specific characteristics."
        },
        {
            "section number": "4.2",
            "key information": "Channel gating achieves significant reductions in floating-point operations (FLOPs) and off-chip memory accesses, demonstrating its efficiency in computational costs."
        },
        {
            "section number": "5.1",
            "key information": "Experiments showed that channel gating results in a 2.7-8.0\u00d7 reduction in FLOPs with minimal accuracy loss, indicating its impact on model performance."
        },
        {
            "section number": "6.1",
            "key information": "The method of channel gating can be selected based on the need to optimize resource use during inference, particularly in applications where certain input features are less critical."
        },
        {
            "section number": "6.2",
            "key information": "Future research could explore further optimizations and applications of channel gating in diverse neural network architectures and tasks, indicating promising directions for advancement."
        }
    ],
    "similarity_score": null,
    "image": null,
    "path": "/home/liudingyuan/code/SurveyX/code/SurveyX-main/outputs/t14a/papers/Channel gating neural networks.json"
}