{
    "from": null,
    "scholar_id": null,
    "detail_id": null,
    "title": "Channel pruning for accelerating very deep neural networks",
    "abstract": "In this paper, we introduce a new channel pruning method to accelerate very deep convolutional neural networks. Given a trained CNN model, we propose an iterative two-step algorithm to effectively prune each layer, by a LASSO regression based channel selection and least square reconstruction. We further generalize this algorithm to multi-layer and multi-branch cases. Our method reduces the accumulated error and enhance the compatibility with various architectures. Our pruned VGG-16 achieves the state-of-the-art results by 5\u00d7 speed-up along with only 0.3% increase of error. More importantly, our method is able to accelerate modern networks like ResNet, Xception and suffers only 1.4%, 1.0% accuracy loss under 2\u00d7 speedup respectively, which is significant.",
    "arxivid": "1707.06168v2",
    "bib_name": "Channelpru106",
    "md_text": "# Channel pruning for accelerating very deep neural networks\n\n\nabstract\n\nIn this paper, we introduce a new channel pruning method to accelerate very deep convolutional neural networks. Given a trained CNN model, we propose an iterative two-step algorithm to effectively prune each layer, by a LASSO regression based channel selection and least square reconstruction. We further generalize this algorithm to multi-layer and multi-branch cases. Our method reduces the accumulated error and enhance the compatibility with various architectures. Our pruned VGG-16 achieves the state-of-the-art results by 5\u00d7 speed-up along with only 0.3% increase of error. More importantly, our method is able to accelerate modern networks like ResNet, Xception and suffers only 1.4%, 1.0% accuracy loss under 2\u00d7 speedup respectively, which is significant.",
    "paper_type": "method",
    "attri": {
        "background": "This paper addresses the issue of accelerating very deep convolutional neural networks (CNNs) through a new channel pruning method, highlighting the limitations of existing approaches and the necessity for a breakthrough to improve efficiency without compromising accuracy.",
        "problem": {
            "definition": "The problem defined in this paper is the need for efficient methods to prune channels in very deep CNNs while maintaining performance and minimizing accuracy loss.",
            "key obstacle": "The main difficulty is the accumulated error that arises during the pruning process, which can degrade the performance of the network if not managed properly."
        },
        "idea": {
            "intuition": "The intuition behind the proposed idea stems from the observation that traditional pruning methods do not adequately address the trade-off between model size and accuracy, leading to the development of a more effective iterative algorithm.",
            "opinion": "The proposed idea is an iterative two-step algorithm that employs LASSO regression for channel selection followed by least square reconstruction to enhance pruning effectiveness.",
            "innovation": "The primary innovation of this method lies in its ability to generalize the pruning process to multi-layer and multi-branch architectures while significantly reducing accumulated error compared to existing methods."
        },
        "method": {
            "method name": "Channel Pruning Method",
            "method abbreviation": "CPM",
            "method definition": "The method involves an iterative two-step algorithm where LASSO regression is used for channel selection and least square reconstruction is applied to minimize error during pruning.",
            "method description": "This method accelerates CNNs by selectively pruning channels based on their contribution to the network's performance.",
            "method steps": [
                "Step 1: Apply LASSO regression to select channels for pruning in each layer.",
                "Step 2: Use least square reconstruction to minimize the error introduced by the pruning process."
            ],
            "principle": "This method is effective due to its ability to reduce accumulated error and enhance compatibility with various network architectures, allowing for efficient acceleration without significant accuracy loss."
        },
        "experiments": {
            "evaluation setting": "The experimental setup includes testing on VGG-16, ResNet, and Xception architectures, comparing the pruned models against baseline methods to evaluate performance metrics.",
            "evaluation method": "Performance is measured by assessing the speed-up achieved and the accuracy loss incurred after applying the channel pruning method."
        },
        "conclusion": "The experiments demonstrate that the proposed channel pruning method achieves state-of-the-art results with a 5\u00d7 speed-up on VGG-16 and minimal accuracy loss, while also effectively accelerating modern networks like ResNet and Xception.",
        "discussion": {
            "advantage": "The key advantages of the proposed approach include significant acceleration of deep neural networks with minimal accuracy degradation, making it suitable for various architectures.",
            "limitation": "A limitation of the method is that while it performs well on certain architectures, the effectiveness may vary depending on the specific network design and complexity.",
            "future work": "Future research could focus on improving the adaptability of the pruning method across a broader range of architectures and exploring further optimizations to reduce accuracy loss."
        },
        "other info": []
    },
    "mount_outline": [
        {
            "section number": "1.1",
            "key information": "This paper addresses the issue of accelerating very deep convolutional neural networks (CNNs) through a new channel pruning method, highlighting the limitations of existing approaches and the necessity for a breakthrough to improve efficiency without compromising accuracy."
        },
        {
            "section number": "1.2",
            "key information": "The key goals of this paper include presenting an innovative channel pruning method, comparing its effectiveness against baseline methods, and discussing its advantages and limitations."
        },
        {
            "section number": "2.2",
            "key information": "The method involves an iterative two-step algorithm where LASSO regression is used for channel selection and least square reconstruction is applied to minimize error during pruning."
        },
        {
            "section number": "3.1",
            "key information": "The proposed channel pruning method generalizes the pruning process to multi-layer and multi-branch architectures while significantly reducing accumulated error compared to existing methods."
        },
        {
            "section number": "4.1",
            "key information": "Performance is measured by assessing the speed-up achieved and the accuracy loss incurred after applying the channel pruning method, which demonstrates state-of-the-art results with a 5\u00d7 speed-up on VGG-16 and minimal accuracy loss."
        },
        {
            "section number": "5.1",
            "key information": "The main difficulty in pruning is the accumulated error that arises during the process, which can degrade the performance of the network if not managed properly."
        },
        {
            "section number": "6.2",
            "key information": "Future research could focus on improving the adaptability of the pruning method across a broader range of architectures and exploring further optimizations to reduce accuracy loss."
        }
    ],
    "similarity_score": null,
    "image": null,
    "path": "/home/liudingyuan/code/SurveyX/code/SurveyX-main/outputs/t14a/papers/Channel pruning for accelerating very deep neural networks.json"
}