{
    "from": null,
    "scholar_id": null,
    "detail_id": null,
    "title": "Chasing sparsity in vision transformers: An end-to-end exploration",
    "abstract": "Vision transformers (ViTs) have recently received explosive popularity, but their enormous model sizes and training costs remain daunting. Conventional post-training pruning often incurs higher training budgets. In contrast, this paper aims to trim down both the training memory overhead and the inference complexity, without sacrificing the achievable accuracy. We carry out the first-of-its-kind comprehensive exploration, on taking a unified approach of integrating sparsity in ViTs\"from end to end\". Specifically, instead of training full ViTs, we dynamically extract and train sparse subnetworks, while sticking to a fixed small parameter budget. Our approach jointly optimizes model parameters and explores connectivity throughout training, ending up with one sparse network as the final output. The approach is seamlessly extended from unstructured to structured sparsity, the latter by considering to guide the prune-and-grow of self-attention heads inside ViTs. We further co-explore data and architecture sparsity for additional efficiency gains by plugging in a novel learnable token selector to adaptively determine the currently most vital patches. Extensive results on ImageNet with diverse ViT backbones validate the effectiveness of our proposals which obtain significantly reduced computational cost and almost unimpaired generalization. Perhaps most surprisingly, we find that the proposed sparse (co-)training can sometimes improve the ViT accuracy rather than compromising it, making sparsity a tantalizing\"free lunch\". For example, our sparsified DeiT-Small at (5%, 50%) sparsity for (data, architecture), improves 0.28% top-1 accuracy, and meanwhile enjoys 49.32% FLOPs and 4.40% running time savings. Our codes are available at https://github.com/VITA-Group/SViTE.",
    "arxivid": "2106.04533v3",
    "bib_name": "Chasingspa192",
    "md_text": "# Chasing sparsity in vision transformers: An end-to-end exploration\n\n\nabstract\n\nVision transformers (ViTs) have recently received explosive popularity, but their enormous model sizes and training costs remain daunting. Conventional post-training pruning often incurs higher training budgets. In contrast, this paper aims to trim down both the training memory overhead and the inference complexity, without sacrificing the achievable accuracy. We carry out the first-of-its-kind comprehensive exploration, on taking a unified approach of integrating sparsity in ViTs\"from end to end\". Specifically, instead of training full ViTs, we dynamically extract and train sparse subnetworks, while sticking to a fixed small parameter budget. Our approach jointly optimizes model parameters and explores connectivity throughout training, ending up with one sparse network as the final output. The approach is seamlessly extended from unstructured to structured sparsity, the latter by considering to guide the prune-and-grow of self-attention heads inside ViTs. We further co-explore data and architecture sparsity for additional efficiency gains by plugging in a novel learnable token selector to adaptively determine the currently most vital patches. Extensive results on ImageNet with diverse ViT backbones validate the effectiveness of our proposals which obtain significantly reduced computational cost and almost unimpaired generalization. Perhaps most surprisingly, we find that the proposed sparse (co-)training can sometimes improve the ViT accuracy rather than compromising it, making sparsity a tantalizing\"free lunch\". For example, our sparsified DeiT-Small at (5%, 50%) sparsity for (data, architecture), improves 0.28% top-1 accuracy, and meanwhile enjoys 49.32% FLOPs and 4.40% running time savings. Our codes are available at https://github.com/VITA-Group/SViTE.",
    "paper_type": "method",
    "attri": {
        "background": "This paper addresses the issue of enormous model sizes and training costs associated with vision transformers (ViTs), highlighting the limitations of conventional post-training pruning methods that often incur higher training budgets.",
        "problem": {
            "definition": "The problem is to reduce the training memory overhead and inference complexity of vision transformers without sacrificing accuracy.",
            "key obstacle": "The main difficulty lies in the challenge of effectively pruning ViTs while maintaining performance, as existing methods do not adequately address the trade-off between model size and accuracy."
        },
        "idea": {
            "intuition": "The idea is inspired by the need to optimize model parameters and explore connectivity throughout training, rather than relying on post-training methods.",
            "opinion": "The proposed idea entails dynamically extracting and training sparse subnetworks within a fixed parameter budget, leading to a single sparse network as the output.",
            "innovation": "The primary innovation is the end-to-end integration of sparsity in ViTs, extending from unstructured to structured sparsity, and incorporating a learnable token selector for data and architecture sparsity."
        },
        "method": {
            "method name": "Sparse ViT Training",
            "method abbreviation": "SViT",
            "method definition": "SViT is a method that jointly optimizes model parameters and connectivity during training, allowing for the dynamic extraction and training of sparse subnetworks.",
            "method description": "The core of the method involves training vision transformers with a focus on sparsity, optimizing both data and architecture.",
            "method steps": "1. Initialize a full ViT model. 2. Dynamically extract and train sparse subnetworks. 3. Optimize model parameters while exploring connectivity. 4. Apply structured sparsity to self-attention heads. 5. Implement a learnable token selector for adaptive data sparsity.",
            "principle": "This method is effective because it allows for the reduction of computational costs and improved generalization, sometimes even enhancing accuracy despite increased sparsity."
        },
        "experiments": {
            "evaluation setting": "Extensive experiments were conducted on the ImageNet dataset using diverse ViT backbones, comparing the proposed method against baseline methods.",
            "evaluation method": "Performance was assessed by measuring top-1 accuracy, FLOPs, and running time savings, analyzing the results to validate the effectiveness of the proposed approach."
        },
        "conclusion": "The experiments demonstrate that the proposed method significantly reduces computational costs while maintaining almost unimpaired accuracy, with some cases showing improved performance.",
        "discussion": {
            "advantage": "Key advantages include reduced computational costs and potential improvements in accuracy, making the method more efficient compared to traditional approaches.",
            "limitation": "The limitations may include challenges in generalizing the method across all ViT architectures and potential overfitting in certain scenarios.",
            "future work": "Future research could explore further enhancements in sparsity techniques, optimization strategies, and broader applications of the method across different architectures."
        },
        "other info": []
    },
    "mount_outline": [
        {
            "section number": "2.2",
            "key information": "The problem is to reduce the training memory overhead and inference complexity of vision transformers without sacrificing accuracy."
        },
        {
            "section number": "2.4",
            "key information": "The primary innovation is the end-to-end integration of sparsity in ViTs, extending from unstructured to structured sparsity, and incorporating a learnable token selector for data and architecture sparsity."
        },
        {
            "section number": "3.1",
            "key information": "The proposed method, Sparse ViT Training (SViT), allows for the dynamic extraction and training of sparse subnetworks within a fixed parameter budget."
        },
        {
            "section number": "4.1",
            "key information": "Performance was assessed by measuring top-1 accuracy, FLOPs, and running time savings, analyzing the results to validate the effectiveness of the proposed approach."
        },
        {
            "section number": "5.2",
            "key information": "This method is effective because it allows for the reduction of computational costs and improved generalization, sometimes even enhancing accuracy despite increased sparsity."
        },
        {
            "section number": "6.2",
            "key information": "Future research could explore further enhancements in sparsity techniques, optimization strategies, and broader applications of the method across different architectures."
        }
    ],
    "similarity_score": null,
    "image": null,
    "path": "/home/liudingyuan/code/SurveyX/code/SurveyX-main/outputs/t14a/papers/Chasing sparsity in vision transformers_ An end-to-end exploration.json"
}