{
    "from": null,
    "scholar_id": null,
    "detail_id": null,
    "title": "ChipNet: Budget-aware pruning with heaviside continuous approximations",
    "abstract": "Structured pruning methods are among the effective strategies for extracting small resource-efficient convolutional neural networks from their dense counterparts with minimal loss in accuracy. However, most existing methods still suffer from one or more limitations, that include 1) the need for training the dense model from scratch with pruning-related parameters embedded in the architecture, 2) requiring model-specific hyperparameter settings, 3) inability to include budget-related constraint in the training process, and 4) instability under scenarios of extreme pruning. In this paper, we present ChipNet, a deterministic pruning strategy that employs continuous Heaviside function and a novel crispness loss to identify a highly sparse network out of an existing dense network. Our choice of continuous Heaviside function is inspired by the field of design optimization, where the material distribution task is posed as a continuous optimization problem, but only discrete values (0 or 1) are practically feasible and expected as final outcomes. Our approach's flexible design facilitates its use with different choices of budget constraints while maintaining stability for very low target budgets. Experimental results show that ChipNet outperforms state-of-the-art structured pruning methods by remarkable margins of up to 16.1% in terms of accuracy. Further, we show that the masks obtained with ChipNet are transferable across datasets. For certain cases, it was observed that masks transferred from a model trained on feature-rich teacher dataset provide better performance on the student dataset than those obtained by directly pruning on the student data itself.",
    "arxivid": "2102.07156v1",
    "bib_name": "ChipNet:Bu142",
    "md_text": "# ChipNet: Budget-aware pruning with heaviside continuous approximations\n\n\nabstract\n\nStructured pruning methods are among the effective strategies for extracting small resource-efficient convolutional neural networks from their dense counterparts with minimal loss in accuracy. However, most existing methods still suffer from one or more limitations, that include 1) the need for training the dense model from scratch with pruning-related parameters embedded in the architecture, 2) requiring model-specific hyperparameter settings, 3) inability to include budget-related constraint in the training process, and 4) instability under scenarios of extreme pruning. In this paper, we present ChipNet, a deterministic pruning strategy that employs continuous Heaviside function and a novel crispness loss to identify a highly sparse network out of an existing dense network. Our choice of continuous Heaviside function is inspired by the field of design optimization, where the material distribution task is posed as a continuous optimization problem, but only discrete values (0 or 1) are practically feasible and expected as final outcomes. Our approach's flexible design facilitates its use with different choices of budget constraints while maintaining stability for very low target budgets. Experimental results show that ChipNet outperforms state-of-the-art structured pruning methods by remarkable margins of up to 16.1% in terms of accuracy. Further, we show that the masks obtained with ChipNet are transferable across datasets. For certain cases, it was observed that masks transferred from a model trained on feature-rich teacher dataset provide better performance on the student dataset than those obtained by directly pruning on the student data itself.",
    "paper_type": "method",
    "attri": {
        "background": "This paper addresses the issue of extracting small resource-efficient convolutional neural networks from dense counterparts with minimal loss in accuracy, highlighting limitations of existing methods such as the need for training dense models from scratch, model-specific hyperparameter settings, inability to incorporate budget-related constraints, and instability under extreme pruning scenarios.",
        "problem": {
            "definition": "The problem defined in this paper is the challenge of effectively pruning convolutional neural networks while maintaining accuracy and adhering to budget constraints.",
            "key obstacle": "The core obstacle is the inability of existing methods to incorporate budget-related constraints during training and their instability when subjected to extreme levels of pruning."
        },
        "idea": {
            "intuition": "The idea is inspired by design optimization, where continuous optimization is used to achieve discrete outcomes, leading to the development of a deterministic pruning strategy.",
            "opinion": "The proposed idea, ChipNet, utilizes a continuous Heaviside function and a novel crispness loss to identify a highly sparse network from an existing dense network.",
            "innovation": "The primary innovation of ChipNet lies in its ability to incorporate budget constraints in the pruning process while maintaining stability at low target budgets, which differs significantly from existing structured pruning methods."
        },
        "method": {
            "method name": "ChipNet",
            "method abbreviation": "CN",
            "method definition": "ChipNet is a deterministic pruning strategy that utilizes a continuous Heaviside function and a crispness loss to prune a dense network effectively.",
            "method description": "The core of ChipNet involves identifying a sparse network from a dense model using continuous optimization techniques.",
            "method steps": "1) Define the continuous Heaviside function; 2) Introduce the crispness loss; 3) Apply the method to prune the dense network while adhering to budget constraints.",
            "principle": "ChipNet is effective because it leverages continuous optimization principles to achieve discrete pruning outcomes, allowing for flexibility and stability in the pruning process."
        },
        "experiments": {
            "evaluation setting": "The experimental setup includes comparisons with state-of-the-art structured pruning methods, utilizing various datasets to evaluate the performance of ChipNet.",
            "evaluation method": "The performance of ChipNet was assessed by measuring accuracy improvements and evaluating the transferability of pruning masks across different datasets."
        },
        "conclusion": "ChipNet outperforms existing structured pruning methods, achieving accuracy improvements of up to 16.1% while demonstrating the transferability of masks across datasets.",
        "discussion": {
            "advantage": "The key advantages of ChipNet include its ability to incorporate budget constraints and maintain stability under extreme pruning, which are significant improvements over existing methods.",
            "limitation": "One limitation of ChipNet may be its dependency on the quality of the dense model from which it prunes, as the effectiveness of the method could vary with different architectures.",
            "future work": "Future work could explore further enhancements to the crispness loss function and investigate additional budget constraint mechanisms to improve performance across diverse network architectures."
        },
        "other info": []
    },
    "mount_outline": [
        {
            "section number": "1.1",
            "key information": "Pruning is significant for extracting small resource-efficient convolutional neural networks from dense counterparts with minimal loss in accuracy."
        },
        {
            "section number": "1.2",
            "key information": "The objectives include addressing the challenge of effectively pruning convolutional neural networks while maintaining accuracy and adhering to budget constraints."
        },
        {
            "section number": "2.2",
            "key information": "ChipNet is a deterministic pruning strategy that utilizes a continuous Heaviside function and a crispness loss to prune a dense network effectively."
        },
        {
            "section number": "3.2",
            "key information": "The core obstacle of existing methods is their inability to incorporate budget-related constraints during training and instability under extreme levels of pruning."
        },
        {
            "section number": "4.1",
            "key information": "ChipNet outperforms existing structured pruning methods, achieving accuracy improvements of up to 16.1%."
        },
        {
            "section number": "5.1",
            "key information": "The performance of ChipNet was assessed by measuring accuracy improvements and evaluating the transferability of pruning masks across different datasets."
        },
        {
            "section number": "6.1",
            "key information": "The advantages of ChipNet include its ability to incorporate budget constraints and maintain stability under extreme pruning."
        }
    ],
    "similarity_score": null,
    "image": null,
    "path": "/home/liudingyuan/code/SurveyX/code/SurveyX-main/outputs/t14a/papers/ChipNet_ Budget-aware pruning with heaviside continuous approximations.json"
}