{
    "from": null,
    "scholar_id": null,
    "detail_id": null,
    "title": "Comparing rewinding and fine-tuning in neural network pruning",
    "abstract": "Many neural network pruning algorithms proceed in three steps: train the network to completion, remove unwanted structure to compress the network, and retrain the remaining structure to recover lost accuracy. The standard retraining technique, fine-tuning, trains the unpruned weights from their final trained values using a small fixed learning rate. In this paper, we compare fine-tuning to alternative retraining techniques. Weight rewinding (as proposed by Frankle et al., (2019)), rewinds unpruned weights to their values from earlier in training and retrains them from there using the original training schedule. Learning rate rewinding (which we propose) trains the unpruned weights from their final values using the same learning rate schedule as weight rewinding. Both rewinding techniques outperform fine-tuning, forming the basis of a network-agnostic pruning algorithm that matches the accuracy and compression ratios of several more network-specific state-of-the-art techniques.",
    "arxivid": "2003.02389v1",
    "bib_name": "Comparingr86",
    "md_text": "# Comparing rewinding and fine-tuning in neural network pruning\n\n\nabstract\n\nMany neural network pruning algorithms proceed in three steps: train the network to completion, remove unwanted structure to compress the network, and retrain the remaining structure to recover lost accuracy. The standard retraining technique, fine-tuning, trains the unpruned weights from their final trained values using a small fixed learning rate. In this paper, we compare fine-tuning to alternative retraining techniques. Weight rewinding (as proposed by Frankle et al., (2019)), rewinds unpruned weights to their values from earlier in training and retrains them from there using the original training schedule. Learning rate rewinding (which we propose) trains the unpruned weights from their final values using the same learning rate schedule as weight rewinding. Both rewinding techniques outperform fine-tuning, forming the basis of a network-agnostic pruning algorithm that matches the accuracy and compression ratios of several more network-specific state-of-the-art techniques.",
    "paper_type": "method",
    "attri": {
        "background": "This paper addresses the issue of neural network pruning, which involves training a network, removing unnecessary structures, and retraining to recover accuracy. Previous methods primarily utilized fine-tuning for retraining, but there is a need for more effective techniques to enhance performance.",
        "problem": {
            "definition": "The problem is the inefficiency of standard fine-tuning methods in recovering accuracy after pruning neural networks.",
            "key obstacle": "The main challenge is that fine-tuning often fails to achieve optimal performance compared to alternative retraining methods."
        },
        "idea": {
            "intuition": "The idea stems from the observation that resetting weights to earlier values in training can lead to better performance than starting from final values.",
            "opinion": "The proposed idea involves comparing fine-tuning with two rewinding techniques\u2014weight rewinding and learning rate rewinding\u2014to enhance the retraining process after pruning.",
            "innovation": "The key innovation lies in introducing learning rate rewinding, which uses the same learning rate schedule as weight rewinding, both of which significantly outperform traditional fine-tuning."
        },
        "method": {
            "method name": "Weight Rewinding and Learning Rate Rewinding",
            "method abbreviation": "WR and LRR",
            "method definition": "These methods involve resetting the unpruned weights to earlier training values and retraining them using the original training schedule or a modified learning rate schedule.",
            "method description": "The core of the method is to utilize earlier weight values for retraining to improve accuracy post-pruning.",
            "method steps": "1. Train the network to completion. 2. Remove unwanted structures. 3. Apply weight rewinding or learning rate rewinding techniques. 4. Retrain the network using the original training schedule.",
            "principle": "The effectiveness of this method is based on the idea that earlier weight configurations can provide better starting points for retraining, leading to improved accuracy."
        },
        "experiments": {
            "evaluation setting": "The experiments were conducted using various neural network architectures, comparing the performance of fine-tuning, weight rewinding, and learning rate rewinding.",
            "evaluation method": "The performance was assessed based on accuracy recovery and compression ratios, comparing results against several state-of-the-art pruning techniques."
        },
        "conclusion": "The experiments demonstrated that both rewinding techniques significantly outperform fine-tuning, achieving comparable accuracy and compression ratios to more specialized methods.",
        "discussion": {
            "advantage": "The proposed rewinding techniques offer a more effective approach to retraining after pruning, resulting in better performance than traditional fine-tuning.",
            "limitation": "One limitation is that the effectiveness of the rewinding methods may vary depending on the specific architecture and training conditions.",
            "future work": "Future research could explore optimizing the rewinding techniques further and investigating their application across different types of neural networks."
        },
        "other info": []
    },
    "mount_outline": [
        {
            "section number": "1.1",
            "key information": "Pruning enhances model efficiency and performance by removing unnecessary structures from neural networks."
        },
        {
            "section number": "2.4",
            "key information": "Pruning involves training a network, removing unnecessary structures, and retraining to recover accuracy."
        },
        {
            "section number": "3.3",
            "key information": "The paper introduces weight rewinding and learning rate rewinding as novel pruning techniques that significantly outperform traditional fine-tuning."
        },
        {
            "section number": "4.1",
            "key information": "The performance of weight rewinding and learning rate rewinding was assessed based on accuracy recovery and compression ratios."
        },
        {
            "section number": "5.1",
            "key information": "The experiments demonstrated that both rewinding techniques achieve comparable accuracy and compression ratios to more specialized methods."
        },
        {
            "section number": "6.1",
            "key information": "The proposed rewinding techniques offer a more effective approach to retraining after pruning, leading to improved accuracy."
        },
        {
            "section number": "6.2",
            "key information": "Future research could explore optimizing the rewinding techniques further and investigating their application across different types of neural networks."
        }
    ],
    "similarity_score": null,
    "image": null,
    "path": "/home/liudingyuan/code/SurveyX/code/SurveyX-main/outputs/t14a/papers/Comparing rewinding and fine-tuning in neural network pruning.json"
}