{
    "from": null,
    "scholar_id": null,
    "detail_id": null,
    "title": "Compression of neural machine translation models via pruning",
    "abstract": "Neural Machine Translation (NMT), like many other deep learning domains, typically suffers from over-parameterization, resulting in large storage sizes. This paper examines three simple magnitude-based pruning schemes to compress NMT models, namely class-blind, class-uniform, and class-distribution, which differ in terms of how pruning thresholds are computed for the different classes of weights in the NMT architecture. We demonstrate the efficacy of weight pruning as a compression technique for a state-of-the-art NMT system. We show that an NMT model with over 200 million parameters can be pruned by 40% with very little performance loss as measured on the WMT'14 English-German translation task. This sheds light on the distribution of redundancy in the NMT architecture. Our main result is that with retraining, we can recover and even surpass the original performance with an 80%-pruned model.",
    "arxivid": "1606.09274v1",
    "bib_name": "Compressio118",
    "md_text": "# Compression of neural machine translation models via pruning\n\n\nabstract\n\nNeural Machine Translation (NMT), like many other deep learning domains, typically suffers from over-parameterization, resulting in large storage sizes. This paper examines three simple magnitude-based pruning schemes to compress NMT models, namely class-blind, class-uniform, and class-distribution, which differ in terms of how pruning thresholds are computed for the different classes of weights in the NMT architecture. We demonstrate the efficacy of weight pruning as a compression technique for a state-of-the-art NMT system. We show that an NMT model with over 200 million parameters can be pruned by 40% with very little performance loss as measured on the WMT'14 English-German translation task. This sheds light on the distribution of redundancy in the NMT architecture. Our main result is that with retraining, we can recover and even surpass the original performance with an 80%-pruned model.",
    "paper_type": "method",
    "attri": {
        "background": "Neural Machine Translation (NMT) suffers from over-parameterization, leading to large storage sizes. Previous methods have not effectively addressed the issue of model compression, necessitating new approaches to reduce model size while maintaining performance.",
        "problem": {
            "definition": "The problem addressed in this paper is the excessive size of NMT models due to over-parameterization, which complicates deployment and increases resource requirements.",
            "key obstacle": "The main challenge is finding an effective pruning method that reduces model size without significantly degrading translation performance."
        },
        "idea": {
            "intuition": "The idea is inspired by the observation that many parameters in NMT models are redundant and can be removed without affecting performance.",
            "opinion": "The proposed approach involves three magnitude-based pruning schemes that strategically reduce the number of parameters in NMT models.",
            "innovation": "The key innovation lies in the introduction of class-blind, class-uniform, and class-distribution pruning schemes, which vary the threshold for pruning based on weight classes, improving upon existing pruning techniques."
        },
        "method": {
            "method name": "Magnitude-based pruning schemes",
            "method abbreviation": "MBPS",
            "method definition": "MBPS involves systematically removing parameters from NMT models based on their magnitudes, utilizing different strategies for determining pruning thresholds.",
            "method description": "This method compresses NMT models by pruning weights based on their magnitudes, leading to a significant reduction in model size.",
            "method steps": "1. Compute pruning thresholds for different weight classes. 2. Apply pruning based on these thresholds. 3. Retrain the model to recover performance.",
            "principle": "The effectiveness of this method is based on the principle that many weights in neural networks are redundant and can be pruned without a substantial impact on the model's performance."
        },
        "experiments": {
            "evaluation setting": "The experiments were conducted on a state-of-the-art NMT system with over 200 million parameters, using the WMT'14 English-German translation task as a benchmark.",
            "evaluation method": "Performance was measured by comparing translation quality before and after pruning, including assessments of models pruned by 40% and retrained to recover performance."
        },
        "conclusion": "The results demonstrate that weight pruning is an effective compression technique for NMT models, achieving up to 80% pruning with retraining leading to performance recovery that surpasses the original model.",
        "discussion": {
            "advantage": "The proposed pruning schemes significantly reduce model size while maintaining or improving translation performance, making them beneficial for deploying NMT systems in resource-constrained environments.",
            "limitation": "One limitation is that the effectiveness of pruning may vary depending on the specific architecture and dataset used, potentially requiring tailored approaches for different scenarios.",
            "future work": "Future research could explore adaptive pruning techniques and further investigate the trade-offs between compression rates and model performance across various NMT architectures."
        },
        "other info": []
    },
    "mount_outline": [
        {
            "section number": "1.1",
            "key information": "Neural Machine Translation (NMT) suffers from over-parameterization, leading to large storage sizes. Previous methods have not effectively addressed the issue of model compression, necessitating new approaches to reduce model size while maintaining performance."
        },
        {
            "section number": "2.2",
            "key information": "The problem addressed in this paper is the excessive size of NMT models due to over-parameterization, which complicates deployment and increases resource requirements."
        },
        {
            "section number": "2.4",
            "key information": "The key innovation lies in the introduction of class-blind, class-uniform, and class-distribution pruning schemes, which vary the threshold for pruning based on weight classes, improving upon existing pruning techniques."
        },
        {
            "section number": "3.1",
            "key information": "The proposed approach involves three magnitude-based pruning schemes that strategically reduce the number of parameters in NMT models."
        },
        {
            "section number": "4.1",
            "key information": "Performance was measured by comparing translation quality before and after pruning, including assessments of models pruned by 40% and retrained to recover performance."
        },
        {
            "section number": "5.1",
            "key information": "The results demonstrate that weight pruning is an effective compression technique for NMT models, achieving up to 80% pruning with retraining leading to performance recovery that surpasses the original model."
        },
        {
            "section number": "6.2",
            "key information": "Future research could explore adaptive pruning techniques and further investigate the trade-offs between compression rates and model performance across various NMT architectures."
        }
    ],
    "similarity_score": null,
    "image": null,
    "path": "/home/liudingyuan/code/SurveyX/code/SurveyX-main/outputs/t14a/papers/Compression of neural machine translation models via pruning.json"
}