{
    "from": null,
    "scholar_id": null,
    "detail_id": null,
    "title": "CP-ViT: Cascade vision transformer pruning via progressive sparsity prediction",
    "abstract": "Vision transformer (ViT) has achieved competitive accuracy on a variety of computer vision applications, but its computational cost impedes the deployment on resource-limited mobile devices. We explore the sparsity in ViT and observe that informative patches and heads are sufficient for accurate image recognition. In this paper, we propose a cascade pruning framework named CP-ViT by predicting sparsity in ViT models progressively and dynamically to reduce computational redundancy while minimizing the accuracy loss. Specifically, we define the cumulative score to reserve the informative patches and heads across the ViT model for better accuracy. We also propose the dynamic pruning ratio adjustment technique based on layer-aware attention range. CP-ViT has great general applicability for practical deployment, which can be applied to a wide range of ViT models and can achieve superior accuracy with or without fine-tuning. Extensive experiments on ImageNet, CIFAR-10, and CIFAR-100 with various pre-trained models have demonstrated the effectiveness and efficiency of CP-ViT. By progressively pruning 50\\% patches, our CP-ViT method reduces over 40\\% FLOPs while maintaining accuracy loss within 1\\%.",
    "arxivid": "2203.04570v1",
    "bib_name": "CP-ViT:Cas196",
    "md_text": "# CP-ViT: Cascade vision transformer pruning via progressive sparsity prediction\n\n\nabstract\n\nVision transformer (ViT) has achieved competitive accuracy on a variety of computer vision applications, but its computational cost impedes the deployment on resource-limited mobile devices. We explore the sparsity in ViT and observe that informative patches and heads are sufficient for accurate image recognition. In this paper, we propose a cascade pruning framework named CP-ViT by predicting sparsity in ViT models progressively and dynamically to reduce computational redundancy while minimizing the accuracy loss. Specifically, we define the cumulative score to reserve the informative patches and heads across the ViT model for better accuracy. We also propose the dynamic pruning ratio adjustment technique based on layer-aware attention range. CP-ViT has great general applicability for practical deployment, which can be applied to a wide range of ViT models and can achieve superior accuracy with or without fine-tuning. Extensive experiments on ImageNet, CIFAR-10, and CIFAR-100 with various pre-trained models have demonstrated the effectiveness and efficiency of CP-ViT. By progressively pruning 50\\% patches, our CP-ViT method reduces over 40\\% FLOPs while maintaining accuracy loss within 1\\%.",
    "paper_type": "method",
    "attri": {
        "background": "This paper addresses the issue of high computational costs associated with deploying Vision Transformers (ViT) on resource-limited mobile devices, despite their competitive accuracy in computer vision applications. Previous methods have not effectively managed the trade-off between model efficiency and accuracy, highlighting the necessity for a new approach.",
        "problem": {
            "definition": "The problem is the challenge of reducing the computational redundancy of ViT models while maintaining their accuracy during deployment on mobile devices.",
            "key obstacle": "The main difficulty lies in determining which patches and heads of the ViT model are informative enough to retain for accurate image recognition, as existing methods do not dynamically adjust pruning based on model characteristics."
        },
        "idea": {
            "intuition": "The idea is inspired by the observation that not all patches and heads in ViT contribute equally to image recognition, suggesting that a selective pruning approach could maintain performance while reducing complexity.",
            "opinion": "The proposed idea involves a cascade pruning framework named CP-ViT, which predicts sparsity progressively and dynamically to optimize model efficiency without significant accuracy loss.",
            "innovation": "The key innovation of CP-ViT is its ability to adjust the pruning ratio dynamically based on layer-aware attention ranges, which differs from static pruning methods used in previous approaches."
        },
        "method": {
            "method name": "Cascade Vision Transformer Pruning",
            "method abbreviation": "CP-ViT",
            "method definition": "CP-ViT is defined as a framework that progressively prunes ViT models by predicting sparsity and adjusting pruning ratios dynamically, aiming to reduce computational costs while preserving accuracy.",
            "method description": "The core of CP-ViT involves reserving informative patches and heads across the ViT model based on a cumulative score to achieve effective pruning.",
            "method steps": "1. Analyze the model to identify informative patches and heads. 2. Calculate cumulative scores for patches and heads. 3. Apply dynamic pruning ratio adjustments based on layer-aware attention. 4. Implement pruning and evaluate model performance.",
            "principle": "CP-ViT is effective because it focuses on preserving the most informative components of the model, thus minimizing the loss of accuracy while significantly reducing the number of computations required."
        },
        "experiments": {
            "evaluation setting": "Extensive experiments were conducted on datasets including ImageNet, CIFAR-10, and CIFAR-100, using various pre-trained ViT models as baselines for comparison.",
            "evaluation method": "The performance of CP-ViT was assessed by measuring the reduction in FLOPs and the accuracy loss, ensuring that pruning maintained accuracy within 1% while achieving over 40% reduction in computational costs."
        },
        "conclusion": "The outcomes demonstrate that CP-ViT effectively reduces computational costs in ViT models while maintaining high accuracy, showcasing its applicability for practical deployment in resource-constrained environments.",
        "discussion": {
            "advantage": "The key advantages of CP-ViT include its dynamic adjustment of pruning ratios and its ability to generalize across various ViT models, leading to superior accuracy with reduced computational overhead.",
            "limitation": "A limitation of the method is that the effectiveness of pruning may vary depending on the specific architecture of the ViT model, which could impact its generalizability.",
            "future work": "Future research could focus on enhancing the adaptability of CP-ViT to different architectures and exploring the integration of additional techniques to further optimize pruning strategies."
        },
        "other info": []
    },
    "mount_outline": [
        {
            "section number": "2.2",
            "key information": "CP-ViT is defined as a framework that progressively prunes ViT models by predicting sparsity and adjusting pruning ratios dynamically, aiming to reduce computational costs while preserving accuracy."
        },
        {
            "section number": "2.4",
            "key information": "The problem is the challenge of reducing the computational redundancy of ViT models while maintaining their accuracy during deployment on mobile devices."
        },
        {
            "section number": "3.3",
            "key information": "The key innovation of CP-ViT is its ability to adjust the pruning ratio dynamically based on layer-aware attention ranges, which differs from static pruning methods used in previous approaches."
        },
        {
            "section number": "4.2",
            "key information": "The performance of CP-ViT was assessed by measuring the reduction in FLOPs and the accuracy loss, ensuring that pruning maintained accuracy within 1% while achieving over 40% reduction in computational costs."
        },
        {
            "section number": "5.1",
            "key information": "The outcomes demonstrate that CP-ViT effectively reduces computational costs in ViT models while maintaining high accuracy, showcasing its applicability for practical deployment in resource-constrained environments."
        },
        {
            "section number": "6.2",
            "key information": "Future research could focus on enhancing the adaptability of CP-ViT to different architectures and exploring the integration of additional techniques to further optimize pruning strategies."
        }
    ],
    "similarity_score": null,
    "image": null,
    "path": "/home/liudingyuan/code/SurveyX/code/SurveyX-main/outputs/t14a/papers/CP-ViT_ Cascade vision transformer pruning via progressive sparsity prediction.json"
}