{
    "from": null,
    "scholar_id": null,
    "detail_id": null,
    "title": "DARTS: Differentiable architecture search",
    "abstract": "This paper addresses the scalability challenge of architecture search by formulating the task in a differentiable manner. Unlike conventional approaches of applying evolution or reinforcement learning over a discrete and non-differentiable search space, our method is based on the continuous relaxation of the architecture representation, allowing efficient search of the architecture using gradient descent. Extensive experiments on CIFAR-10, ImageNet, Penn Treebank and WikiText-2 show that our algorithm excels in discovering high-performance convolutional architectures for image classification and recurrent architectures for language modeling, while being orders of magnitude faster than state-of-the-art non-differentiable techniques. Our implementation has been made publicly available to facilitate further research on efficient architecture search algorithms.",
    "arxivid": "1806.09055v2",
    "bib_name": "DARTS:Diff23",
    "md_text": "# DARTS: Differentiable architecture search\n\n\nabstract\n\nThis paper addresses the scalability challenge of architecture search by formulating the task in a differentiable manner. Unlike conventional approaches of applying evolution or reinforcement learning over a discrete and non-differentiable search space, our method is based on the continuous relaxation of the architecture representation, allowing efficient search of the architecture using gradient descent. Extensive experiments on CIFAR-10, ImageNet, Penn Treebank and WikiText-2 show that our algorithm excels in discovering high-performance convolutional architectures for image classification and recurrent architectures for language modeling, while being orders of magnitude faster than state-of-the-art non-differentiable techniques. Our implementation has been made publicly available to facilitate further research on efficient architecture search algorithms.",
    "paper_type": "method",
    "attri": {
        "background": "This paper addresses the scalability challenge of architecture search by formulating the task in a differentiable manner, highlighting the limitations of conventional methods that apply evolution or reinforcement learning in a discrete and non-differentiable search space.",
        "problem": {
            "definition": "The problem being addressed is the inefficiency of current architecture search methods which are constrained by their reliance on discrete search spaces.",
            "key obstacle": "The core obstacle is the non-differentiability of existing methods, which hampers the efficiency and effectiveness of architecture search."
        },
        "idea": {
            "intuition": "The idea was inspired by the need for a more efficient architecture search process that leverages gradient descent rather than discrete search methods.",
            "opinion": "The proposed idea involves a continuous relaxation of the architecture representation, enabling a differentiable approach to architecture search.",
            "innovation": "The primary innovation lies in the formulation of architecture search as a differentiable problem, allowing for efficient optimization using gradient descent."
        },
        "method": {
            "method name": "Differentiable Architecture Search (DARTS)",
            "method abbreviation": "DARTS",
            "method definition": "DARTS is a method that formulates architecture search in a differentiable manner, enabling the use of gradient descent for efficient architecture optimization.",
            "method description": "The core of DARTS is its ability to continuously relax the architecture representation, facilitating a differentiable search process.",
            "method steps": "1. Define a continuous representation of architectures. 2. Use gradient descent to optimize the architecture parameters. 3. Evaluate the discovered architectures on specific tasks.",
            "principle": "The effectiveness of DARTS in solving the problem stems from its ability to leverage gradient-based optimization in a continuous search space, which is inherently more efficient than discrete methods."
        },
        "experiments": {
            "evaluation setting": "Extensive experiments were conducted on datasets including CIFAR-10, ImageNet, Penn Treebank, and WikiText-2, comparing DARTS against state-of-the-art non-differentiable techniques.",
            "evaluation method": "The performance of the method was assessed by measuring the accuracy of the discovered architectures on the specified datasets and analyzing the time efficiency of the search process."
        },
        "conclusion": "The experiments demonstrate that DARTS excels in discovering high-performance architectures for both image classification and language modeling tasks, significantly outperforming traditional non-differentiable methods in terms of speed and efficiency.",
        "discussion": {
            "advantage": "Key advantages of DARTS include its ability to efficiently search for high-performance architectures using gradient descent and its scalability to large datasets.",
            "limitation": "A limitation of the method is that it may still be constrained by the quality of the continuous relaxation and may not capture all the nuances of discrete architecture choices.",
            "future work": "Future research could focus on enhancing the continuous representation of architectures and exploring hybrid approaches that combine the strengths of both differentiable and non-differentiable methods."
        },
        "other info": [
            {
                "info1": "The implementation of DARTS has been made publicly available to facilitate further research."
            }
        ]
    },
    "mount_outline": [
        {
            "section number": "2.1",
            "key information": "Deep Neural Networks are structured to allow for complex function approximation, which is crucial for tasks such as image classification and language modeling."
        },
        {
            "section number": "2.2",
            "key information": "DARTS formulates architecture search as a differentiable problem, allowing for efficient optimization using gradient descent, which is a significant model compression technique."
        },
        {
            "section number": "3.3",
            "key information": "DARTS represents a novel pruning technique by continuously relaxing the architecture representation, facilitating a differentiable search process."
        },
        {
            "section number": "4.1",
            "key information": "The performance of DARTS was evaluated by measuring the accuracy of the discovered architectures on datasets such as CIFAR-10 and ImageNet."
        },
        {
            "section number": "5.1",
            "key information": "DARTS demonstrates an ability to discover high-performance architectures that significantly outperform traditional non-differentiable methods in terms of speed and efficiency."
        },
        {
            "section number": "6.2",
            "key information": "Future research could focus on enhancing the continuous representation of architectures and exploring hybrid approaches that combine the strengths of differentiable and non-differentiable methods."
        }
    ],
    "similarity_score": null,
    "image": null,
    "path": "/home/liudingyuan/code/SurveyX/code/SurveyX-main/outputs/t14a/papers/DARTS_ Differentiable architecture search.json"
}