{
    "from": null,
    "scholar_id": null,
    "detail_id": null,
    "title": "Data-driven sparse structure selection for deep neural networks",
    "abstract": "Deep convolutional neural networks have liberated its extraordinary power on various tasks. However, it is still very challenging to deploy state-of-the-art models into real-world applications due to their high computational complexity. How can we design a compact and effective network without massive experiments and expert knowledge? In this paper, we propose a simple and effective framework to learn and prune deep models in an end-to-end manner. In our framework, a new type of parameter -- scaling factor is first introduced to scale the outputs of specific structures, such as neurons, groups or residual blocks. Then we add sparsity regularizations on these factors, and solve this optimization problem by a modified stochastic Accelerated Proximal Gradient (APG) method. By forcing some of the factors to zero, we can safely remove the corresponding structures, thus prune the unimportant parts of a CNN. Comparing with other structure selection methods that may need thousands of trials or iterative fine-tuning, our method is trained fully end-to-end in one training pass without bells and whistles. We evaluate our method, Sparse Structure Selection with several state-of-the-art CNNs, and demonstrate very promising results with adaptive depth and width selection.",
    "arxivid": "1707.01213v3",
    "bib_name": "Data-drive47",
    "md_text": "# Data-driven sparse structure selection for deep neural networks\n\n\nabstract\n\nDeep convolutional neural networks have liberated its extraordinary power on various tasks. However, it is still very challenging to deploy state-of-the-art models into real-world applications due to their high computational complexity. How can we design a compact and effective network without massive experiments and expert knowledge? In this paper, we propose a simple and effective framework to learn and prune deep models in an end-to-end manner. In our framework, a new type of parameter -- scaling factor is first introduced to scale the outputs of specific structures, such as neurons, groups or residual blocks. Then we add sparsity regularizations on these factors, and solve this optimization problem by a modified stochastic Accelerated Proximal Gradient (APG) method. By forcing some of the factors to zero, we can safely remove the corresponding structures, thus prune the unimportant parts of a CNN. Comparing with other structure selection methods that may need thousands of trials or iterative fine-tuning, our method is trained fully end-to-end in one training pass without bells and whistles. We evaluate our method, Sparse Structure Selection with several state-of-the-art CNNs, and demonstrate very promising results with adaptive depth and width selection.",
    "paper_type": "method",
    "attri": {
        "background": "This paper addresses the issue of deploying state-of-the-art deep convolutional neural networks into real-world applications, which is hindered by their high computational complexity. Previous methods have struggled with the need for extensive experiments and expert knowledge to design compact and effective networks, highlighting the necessity for a new breakthrough.",
        "problem": {
            "definition": "The problem defined in this paper is the difficulty in designing compact and effective deep neural network models that maintain performance while reducing computational complexity.",
            "key obstacle": "The core obstacle is the reliance on massive experiments and expert knowledge to prune unimportant parts of neural networks, which is inefficient and impractical."
        },
        "idea": {
            "intuition": "The intuition behind the proposed idea stems from the need to simplify the model selection process by introducing a new parameter that can directly influence the structure of the network without extensive trial and error.",
            "opinion": "The proposed idea involves introducing a scaling factor to control the outputs of specific structures in the neural network, enabling end-to-end learning and pruning of the model.",
            "innovation": "The primary innovation of this method is its ability to perform model pruning in a single training pass using sparsity regularizations on the scaling factors, contrasting with existing structure selection methods that require numerous trials."
        },
        "method": {
            "method name": "Sparse Structure Selection",
            "method abbreviation": "SSS",
            "method definition": "The method is defined as an end-to-end framework that learns and prunes deep models by introducing scaling factors and applying sparsity regularizations to optimize the network structure.",
            "method description": "The core of the method involves scaling outputs of network structures and pruning them based on learned sparsity, leading to a compact model.",
            "method steps": "1. Introduce scaling factors for specific structures. 2. Apply sparsity regularizations on these factors. 3. Solve the optimization problem using a modified stochastic Accelerated Proximal Gradient method. 4. Prune structures by forcing some factors to zero.",
            "principle": "This method is effective because it directly integrates the learning and pruning processes, allowing for a streamlined approach that eliminates unnecessary parts of the network based on data-driven insights."
        },
        "experiments": {
            "evaluation setting": "The experiments were conducted using several state-of-the-art CNNs, comparing the performance of the proposed method against baseline methods under similar conditions.",
            "evaluation method": "The evaluation method involved measuring the performance of the pruned networks in terms of accuracy and computational efficiency, analyzing the results to assess the effectiveness of the proposed approach."
        },
        "conclusion": "The outcomes of the experiments demonstrate that the Sparse Structure Selection method achieves promising results in adaptive depth and width selection, effectively reducing computational complexity while maintaining model performance.",
        "discussion": {
            "advantage": "The key advantages of the proposed approach include its ability to perform model pruning in a single training pass and its data-driven nature, which reduces the need for extensive trial and error.",
            "limitation": "One limitation of the method may be its dependency on the choice of scaling factors and the effectiveness of the sparsity regularizations, which could vary across different architectures.",
            "future work": "Future work could explore optimizing the selection of scaling factors and extending the method to other types of neural network architectures to enhance its applicability."
        },
        "other info": []
    },
    "mount_outline": [
        {
            "section number": "1.1",
            "key information": "The paper addresses the significance of pruning in deep convolutional neural networks by highlighting the issue of high computational complexity in real-world applications."
        },
        {
            "section number": "1.2",
            "key information": "The objectives of the paper include simplifying the model selection process and introducing a new parameter for network structure influence without extensive trial and error."
        },
        {
            "section number": "2.2",
            "key information": "The paper discusses model pruning as a technique for reducing computational complexity while maintaining performance, defining the method as Sparse Structure Selection (SSS)."
        },
        {
            "section number": "3.1",
            "key information": "The paper categorizes pruning methods, presenting the Sparse Structure Selection approach as a novel method that integrates learning and pruning processes in a single training pass."
        },
        {
            "section number": "4.1",
            "key information": "The evaluation method in the paper measures the accuracy of pruned networks, comparing the performance of Sparse Structure Selection against baseline methods."
        },
        {
            "section number": "5.1",
            "key information": "The outcomes demonstrate that the Sparse Structure Selection method effectively reduces computational complexity while maintaining model performance, impacting accuracy and inference time."
        },
        {
            "section number": "6.1",
            "key information": "The paper provides insights into selecting pruning methods based on the efficiency of the Sparse Structure Selection approach, which relies on data-driven insights for model optimization."
        },
        {
            "section number": "6.2",
            "key information": "Future work suggested in the paper includes exploring the optimization of scaling factors and extending the Sparse Structure Selection method to various neural network architectures."
        }
    ],
    "similarity_score": null,
    "image": null,
    "path": "/home/liudingyuan/code/SurveyX/code/SurveyX-main/outputs/t14a/papers/Data-driven sparse structure selection for deep neural networks.json"
}