{
    "from": null,
    "scholar_id": null,
    "detail_id": null,
    "title": "Data-independent module-aware pruning for hierarchical vision transformers",
    "abstract": "Hierarchical vision transformers (ViTs) have two advantages over conventional ViTs. First, hierarchical ViTs achieve linear computational complexity with respect to image size by local self-attention. Second, hierarchical ViTs create hierarchical feature maps by merging image patches in deeper layers for dense prediction. However, existing pruning methods ignore the unique properties of hierarchical ViTs and use the magnitude value as the weight importance. This approach leads to two main drawbacks. First, the\"local\"attention weights are compared at a\"global\"level, which may cause some\"locally\"important weights to be pruned due to their relatively small magnitude\"globally\". The second issue with magnitude pruning is that it fails to consider the distinct weight distributions of the network, which are essential for extracting coarse to fine-grained features at various hierarchical levels. To solve the aforementioned issues, we have developed a Data-independent Module-Aware Pruning method (DIMAP) to compress hierarchical ViTs. To ensure that\"local\"attention weights at different hierarchical levels are compared fairly in terms of their contribution, we treat them as a module and examine their contribution by analyzing their information distortion. Furthermore, we introduce a novel weight metric that is solely based on weights and does not require input images, thereby eliminating the dependence on the patch merging process. Our method validates its usefulness and strengths on Swin Transformers of different sizes on ImageNet-1k classification. Notably, the top-5 accuracy drop is only 0.07% when we remove 52.5% FLOPs and 52.7% parameters of Swin-B. When we reduce 33.2% FLOPs and 33.2% parameters of Swin-S, we can even achieve a 0.8% higher relative top-5 accuracy than the original model. Code is available at: https://github.com/he-y/Data-independent-Module-Aware-Pruning",
    "arxivid": "2404.13648v1",
    "bib_name": "Data-indep197",
    "md_text": "# Data-independent module-aware pruning for hierarchical vision transformers\n\n\nabstract\n\nHierarchical vision transformers (ViTs) have two advantages over conventional ViTs. First, hierarchical ViTs achieve linear computational complexity with respect to image size by local self-attention. Second, hierarchical ViTs create hierarchical feature maps by merging image patches in deeper layers for dense prediction. However, existing pruning methods ignore the unique properties of hierarchical ViTs and use the magnitude value as the weight importance. This approach leads to two main drawbacks. First, the\"local\"attention weights are compared at a\"global\"level, which may cause some\"locally\"important weights to be pruned due to their relatively small magnitude\"globally\". The second issue with magnitude pruning is that it fails to consider the distinct weight distributions of the network, which are essential for extracting coarse to fine-grained features at various hierarchical levels. To solve the aforementioned issues, we have developed a Data-independent Module-Aware Pruning method (DIMAP) to compress hierarchical ViTs. To ensure that\"local\"attention weights at different hierarchical levels are compared fairly in terms of their contribution, we treat them as a module and examine their contribution by analyzing their information distortion. Furthermore, we introduce a novel weight metric that is solely based on weights and does not require input images, thereby eliminating the dependence on the patch merging process. Our method validates its usefulness and strengths on Swin Transformers of different sizes on ImageNet-1k classification. Notably, the top-5 accuracy drop is only 0.07% when we remove 52.5% FLOPs and 52.7% parameters of Swin-B. When we reduce 33.2% FLOPs and 33.2% parameters of Swin-S, we can even achieve a 0.8% higher relative top-5 accuracy than the original model. Code is available at: https://github.com/he-y/Data-independent-Module-Aware-Pruning",
    "paper_type": "method",
    "attri": {
        "background": "Hierarchical vision transformers (ViTs) offer linear computational complexity with respect to image size through local self-attention and create hierarchical feature maps by merging image patches in deeper layers for dense prediction. However, existing pruning methods overlook the unique properties of hierarchical ViTs and rely on magnitude values for weight importance, leading to significant drawbacks.",
        "problem": {
            "definition": "The problem addressed in this paper is the ineffective pruning of hierarchical ViTs due to the reliance on global magnitude comparisons, which can lead to the removal of locally important weights.",
            "key obstacle": "The core obstacle is that magnitude pruning does not account for the distinct weight distributions within the hierarchical ViTs, which are crucial for effective feature extraction at different levels."
        },
        "idea": {
            "intuition": "The idea was inspired by the need to fairly compare local attention weights across different hierarchical levels, recognizing that their contributions must be assessed in the context of their module.",
            "opinion": "The proposed idea, Data-independent Module-Aware Pruning (DIMAP), involves analyzing information distortion to evaluate the contribution of local attention weights without depending on input images.",
            "innovation": "The primary innovation of DIMAP lies in its novel weight metric that eliminates the need for input images, allowing for a more accurate assessment of weight importance tailored to the hierarchical structure of the model."
        },
        "method": {
            "method name": "Data-independent Module-Aware Pruning",
            "method abbreviation": "DIMAP",
            "method definition": "DIMAP is a pruning method designed specifically for hierarchical ViTs that evaluates the contribution of local attention weights by analyzing information distortion, rather than relying on global magnitude comparisons.",
            "method description": "DIMAP compresses hierarchical ViTs by fairly comparing local attention weights and utilizing a weight metric independent of input images.",
            "method steps": "1. Analyze the contribution of local attention weights as modules. 2. Evaluate information distortion to determine weight importance. 3. Apply the novel weight metric for pruning.",
            "principle": "The effectiveness of DIMAP stems from its ability to assess local attention weights in a module-aware manner, ensuring that important weights are preserved while reducing overall model size."
        },
        "experiments": {
            "evaluation setting": "The experiments were conducted on Swin Transformers of different sizes, using the ImageNet-1k dataset for classification tasks.",
            "evaluation method": "The performance of DIMAP was assessed by measuring the top-5 accuracy drop and the reduction in FLOPs and parameters, comparing results before and after applying the method."
        },
        "conclusion": "The experiments demonstrated that DIMAP effectively prunes hierarchical ViTs with minimal impact on accuracy, achieving only a 0.07% drop in top-5 accuracy while removing 52.5% FLOPs and parameters. In some cases, it even improved accuracy while reducing model size.",
        "discussion": {
            "advantage": "The key advantage of DIMAP is its ability to maintain high accuracy while significantly reducing model complexity, making it particularly suitable for hierarchical ViTs.",
            "limitation": "A limitation of the method may include its dependency on the specific architecture of hierarchical ViTs, which could affect its applicability to other types of models.",
            "future work": "Future research could explore adapting DIMAP for other neural network architectures and further refining the weight metric to enhance pruning effectiveness."
        },
        "other info": {
            "code availability": "The code for DIMAP is available at: https://github.com/he-y/Data-independent-Module-Aware-Pruning"
        }
    },
    "mount_outline": [
        {
            "section number": "2.2",
            "key information": "DIMAP is a pruning method designed specifically for hierarchical ViTs that evaluates the contribution of local attention weights by analyzing information distortion, rather than relying on global magnitude comparisons."
        },
        {
            "section number": "2.4",
            "key information": "The problem addressed in this paper is the ineffective pruning of hierarchical ViTs due to the reliance on global magnitude comparisons, which can lead to the removal of locally important weights."
        },
        {
            "section number": "3.1",
            "key information": "The proposed idea, Data-independent Module-Aware Pruning (DIMAP), involves analyzing information distortion to evaluate the contribution of local attention weights without depending on input images."
        },
        {
            "section number": "4.1",
            "key information": "The effectiveness of DIMAP stems from its ability to assess local attention weights in a module-aware manner, ensuring that important weights are preserved while reducing overall model size."
        },
        {
            "section number": "5.1",
            "key information": "The experiments demonstrated that DIMAP effectively prunes hierarchical ViTs with minimal impact on accuracy, achieving only a 0.07% drop in top-5 accuracy while removing 52.5% FLOPs and parameters."
        },
        {
            "section number": "6.2",
            "key information": "Future research could explore adapting DIMAP for other neural network architectures and further refining the weight metric to enhance pruning effectiveness."
        }
    ],
    "similarity_score": null,
    "image": null,
    "path": "/home/liudingyuan/code/SurveyX/code/SurveyX-main/outputs/t14a/papers/Data-independent module-aware pruning for hierarchical vision transformers.json"
}