{
    "from": null,
    "scholar_id": null,
    "detail_id": null,
    "title": "Deep residual learning for image recognition",
    "abstract": "Deeper neural networks are more difficult to train. We present a residual learning framework to ease the training of networks that are substantially deeper than those used previously. We explicitly reformulate the layers as learning residual functions with reference to the layer inputs, instead of learning unreferenced functions. We provide comprehensive empirical evidence showing that these residual networks are easier to optimize, and can gain accuracy from considerably increased depth. On the ImageNet dataset we evaluate residual nets with a depth of up to 152 layers - 8\u00d7 deeper than VGG nets [40] but still having lower complexity. An ensemble of these residual nets achieves 3.57% error on the ImageNet test set. This result won the 1st place on the ILSVRC 2015 classification task. We also present analysis on CIFAR-10 with 100 and 1000 layers. The depth of representations is of central importance for many visual recognition tasks. Solely due to our extremely deep representations, we obtain a 28% relative improvement on the COCO object detection dataset. Deep residual nets are foundations of our submissions to ILSVRC & COCO 2015 competitions1, where we also won the 1st places on the tasks of ImageNet detection, ImageNet localization, COCO detection, and COCO segmentation.",
    "arxivid": "1512.03385v1",
    "bib_name": "Deepresidu7",
    "md_text": "# Deep residual learning for image recognition\n\n\nabstract\n\nDeeper neural networks are more difficult to train. We present a residual learning framework to ease the training of networks that are substantially deeper than those used previously. We explicitly reformulate the layers as learning residual functions with reference to the layer inputs, instead of learning unreferenced functions. We provide comprehensive empirical evidence showing that these residual networks are easier to optimize, and can gain accuracy from considerably increased depth. On the ImageNet dataset we evaluate residual nets with a depth of up to 152 layers - 8\u00d7 deeper than VGG nets [40] but still having lower complexity. An ensemble of these residual nets achieves 3.57% error on the ImageNet test set. This result won the 1st place on the ILSVRC 2015 classification task. We also present analysis on CIFAR-10 with 100 and 1000 layers. The depth of representations is of central importance for many visual recognition tasks. Solely due to our extremely deep representations, we obtain a 28% relative improvement on the COCO object detection dataset. Deep residual nets are foundations of our submissions to ILSVRC & COCO 2015 competitions1, where we also won the 1st places on the tasks of ImageNet detection, ImageNet localization, COCO detection, and COCO segmentation.",
    "paper_type": "method",
    "attri": {
        "background": "This paper addresses the issue of training deeper neural networks, which have become increasingly difficult to optimize. Previous methods struggled with this challenge, necessitating a new approach to facilitate the training of networks that are significantly deeper than those previously utilized.",
        "problem": {
            "definition": "The problem is the difficulty in training very deep neural networks effectively, leading to suboptimal performance and convergence issues.",
            "key obstacle": "The core obstacle is that traditional neural network architectures do not scale well with increased depth, resulting in degradation of performance as more layers are added."
        },
        "idea": {
            "intuition": "The intuition behind the proposed method is to reformulate the learning process so that the network learns residual functions with respect to the inputs of the layers, rather than learning the unreferenced functions directly.",
            "opinion": "The proposed idea involves using a residual learning framework that simplifies the training of deep networks by allowing layers to learn the residuals of the inputs, thereby improving optimization.",
            "innovation": "The primary innovation of this method is the introduction of residual connections that help mitigate the vanishing gradient problem and allow for the training of networks that are significantly deeper than previous architectures."
        },
        "method": {
            "method name": "Residual Learning Framework",
            "method abbreviation": "ResNet",
            "method definition": "The Residual Learning Framework is defined as a method where each layer learns to predict the residuals between the input and the desired output, facilitating easier optimization in deep networks.",
            "method description": "The core of the method is to use residual connections that allow gradients to flow more easily through the network during training.",
            "method steps": "1. Define the input to the layer. 2. Compute the residual function. 3. Add the residual to the input to produce the output. 4. Repeat for all layers in the network.",
            "principle": "This method is effective because it addresses the problem of vanishing gradients in deep networks, allowing for better training dynamics and improved performance as the network depth increases."
        },
        "experiments": {
            "evaluation setting": "The experiments were conducted on the ImageNet dataset, comparing the performance of residual networks with depths of up to 152 layers against baseline methods.",
            "evaluation method": "The performance was assessed by measuring the error rates on the ImageNet test set and analyzing the improvements in accuracy with increased depth."
        },
        "conclusion": "The results demonstrate that deep residual networks are significantly easier to optimize and achieve state-of-the-art performance on image recognition tasks, winning first place in multiple competitions.",
        "discussion": {
            "advantage": "Key advantages of the proposed approach include improved training efficiency for very deep networks and enhanced accuracy due to the effective learning of residual functions.",
            "limitation": "One limitation is that while the method improves optimization, it may still require careful tuning of hyperparameters and may not completely eliminate all training difficulties for extremely deep networks.",
            "future work": "Future research could explore further optimizations of the residual learning framework, potential applications to other domains, and the development of even deeper architectures."
        },
        "other info": []
    },
    "mount_outline": [
        {
            "section number": "2.1",
            "key information": "This paper addresses the issue of training deeper neural networks, which have become increasingly difficult to optimize."
        },
        {
            "section number": "2.2",
            "key information": "The core obstacle is that traditional neural network architectures do not scale well with increased depth, resulting in degradation of performance as more layers are added."
        },
        {
            "section number": "3.1",
            "key information": "The primary innovation of this method is the introduction of residual connections that help mitigate the vanishing gradient problem and allow for the training of networks that are significantly deeper than previous architectures."
        },
        {
            "section number": "4.1",
            "key information": "The performance was assessed by measuring the error rates on the ImageNet test set and analyzing the improvements in accuracy with increased depth."
        },
        {
            "section number": "5.1",
            "key information": "The results demonstrate that deep residual networks are significantly easier to optimize and achieve state-of-the-art performance on image recognition tasks."
        },
        {
            "section number": "6.2",
            "key information": "Future research could explore further optimizations of the residual learning framework, potential applications to other domains, and the development of even deeper architectures."
        }
    ],
    "similarity_score": null,
    "image": null,
    "path": "/home/liudingyuan/code/SurveyX/code/SurveyX-main/outputs/t14a/papers/Deep residual learning for image recognition.json"
}