{
    "from": null,
    "scholar_id": null,
    "detail_id": null,
    "title": "Deep compression: Compressing deep neural networks with pruning, trained quantization and huffman coding",
    "abstract": "Neural networks are both computationally intensive and memory intensive, making them difficult to deploy on embedded systems with limited hardware resources. To address this limitation, we introduce \"deep compression\", a three stage pipeline: pruning, trained quantization and Huffman coding, that work together to reduce the storage requirement of neural networks by 35x to 49x without affecting their accuracy. Our method first prunes the network by learning only the important connections. Next, we quantize the weights to enforce weight sharing, finally, we apply Huffman coding. After the first two steps we retrain the network to fine tune the remaining connections and the quantized centroids. Pruning, reduces the number of connections by 9x to 13x; Quantization then reduces the number of bits that represent each connection from 32 to 5. On the ImageNet dataset, our method reduced the storage required by AlexNet by 35x, from 240MB to 6.9MB, without loss of accuracy. Our method reduced the size of VGG-16 by 49x from 552MB to 11.3MB, again with no loss of accuracy. This allows fitting the model into on-chip SRAM cache rather than off-chip DRAM memory. Our compression method also facilitates the use of complex neural networks in mobile applications where application size and download bandwidth are constrained. Benchmarked on CPU, GPU and mobile GPU, compressed network has 3x to 4x layerwise speedup and 3x to 7x better energy efficiency.",
    "arxivid": "1510.00149v5",
    "bib_name": "Deepcompre11",
    "md_text": "# Deep compression: Compressing deep neural networks with pruning, trained quantization and huffman coding\n\n\nabstract\n\nNeural networks are both computationally intensive and memory intensive, making them difficult to deploy on embedded systems with limited hardware resources. To address this limitation, we introduce \"deep compression\", a three stage pipeline: pruning, trained quantization and Huffman coding, that work together to reduce the storage requirement of neural networks by 35x to 49x without affecting their accuracy. Our method first prunes the network by learning only the important connections. Next, we quantize the weights to enforce weight sharing, finally, we apply Huffman coding. After the first two steps we retrain the network to fine tune the remaining connections and the quantized centroids. Pruning, reduces the number of connections by 9x to 13x; Quantization then reduces the number of bits that represent each connection from 32 to 5. On the ImageNet dataset, our method reduced the storage required by AlexNet by 35x, from 240MB to 6.9MB, without loss of accuracy. Our method reduced the size of VGG-16 by 49x from 552MB to 11.3MB, again with no loss of accuracy. This allows fitting the model into on-chip SRAM cache rather than off-chip DRAM memory. Our compression method also facilitates the use of complex neural networks in mobile applications where application size and download bandwidth are constrained. Benchmarked on CPU, GPU and mobile GPU, compressed network has 3x to 4x layerwise speedup and 3x to 7x better energy efficiency.",
    "paper_type": "method",
    "attri": {
        "background": "Neural networks are both computationally and memory intensive, which complicates their deployment on embedded systems with limited hardware resources. Previous methods have struggled to effectively reduce these requirements while maintaining accuracy, highlighting the need for a new approach.",
        "problem": {
            "definition": "The problem addressed in this paper is the high storage and computational requirements of deep neural networks, which hinder their deployment in resource-constrained environments.",
            "key obstacle": "The core obstacle is the inability of existing methods to significantly reduce the size of neural networks without compromising their accuracy."
        },
        "idea": {
            "intuition": "The idea is inspired by the observation that many connections in neural networks are redundant and can be pruned without affecting performance.",
            "opinion": "The proposed idea involves a three-stage pipeline: pruning, trained quantization, and Huffman coding, which together significantly reduce storage requirements.",
            "innovation": "The primary innovation lies in the combination of these three techniques, which allows for a substantial reduction in network size while preserving accuracy, unlike existing methods that typically address only one aspect."
        },
        "method": {
            "method name": "Deep Compression",
            "method abbreviation": "DC",
            "method definition": "Deep Compression is a method that reduces the storage requirement of neural networks through a combination of pruning, trained quantization, and Huffman coding.",
            "method description": "The method compresses neural networks by sequentially pruning unnecessary connections, quantizing weights, and applying Huffman coding for efficient storage.",
            "method steps": [
                "Prune the network to remove unimportant connections.",
                "Quantize the remaining weights to reduce the number of bits used to represent each connection.",
                "Apply Huffman coding to further compress the model."
            ],
            "principle": "This method is effective because it systematically reduces redundancy in the network while maintaining its accuracy, leveraging the insights from neural network structure and weight distribution."
        },
        "experiments": {
            "evaluation setting": "The experiments were conducted on the ImageNet dataset, comparing the performance of the compressed networks (AlexNet and VGG-16) against their original versions.",
            "evaluation method": "Performance was measured in terms of storage reduction and accuracy retention, with specific metrics on the size of the models and their operational efficiency on various hardware platforms."
        },
        "conclusion": "The experiments demonstrated that Deep Compression can reduce the storage requirements of deep neural networks by 35x to 49x without any loss of accuracy, enabling their deployment in resource-limited environments.",
        "discussion": {
            "advantage": "The key advantages of the proposed approach include significant size reduction and improved energy efficiency, making it suitable for mobile applications.",
            "limitation": "A limitation of the method is that it may not be applicable to all types of neural network architectures, particularly those with different structural characteristics.",
            "future work": "Future research could explore further optimizations in the compression process and investigate the applicability of Deep Compression to various network architectures and tasks."
        },
        "other info": []
    },
    "mount_outline": [
        {
            "section number": "1.1",
            "key information": "Neural networks are both computationally and memory intensive, complicating their deployment on embedded systems with limited hardware resources."
        },
        {
            "section number": "1.2",
            "key information": "The key obstacle is the inability of existing methods to significantly reduce the size of neural networks without compromising their accuracy."
        },
        {
            "section number": "2.2",
            "key information": "Deep Compression is a method that reduces the storage requirement of neural networks through a combination of pruning, trained quantization, and Huffman coding."
        },
        {
            "section number": "3.1",
            "key information": "The proposed idea involves a three-stage pipeline: pruning, trained quantization, and Huffman coding, which together significantly reduce storage requirements."
        },
        {
            "section number": "4.1",
            "key information": "Performance was measured in terms of storage reduction and accuracy retention, with specific metrics on the size of the models and their operational efficiency on various hardware platforms."
        },
        {
            "section number": "5.2",
            "key information": "The experiments demonstrated that Deep Compression can reduce the storage requirements of deep neural networks by 35x to 49x without any loss of accuracy."
        },
        {
            "section number": "6.1",
            "key information": "The key advantages of the proposed approach include significant size reduction and improved energy efficiency, making it suitable for mobile applications."
        }
    ],
    "similarity_score": null,
    "image": null,
    "path": "/home/liudingyuan/code/SurveyX/code/SurveyX-main/outputs/t14a/papers/Deep compression_ Compressing deep neural networks with pruning, trained quantization and huffman coding.json"
}