{
    "from": null,
    "scholar_id": null,
    "detail_id": null,
    "title": "DepGraph: Towards any structural pruning",
    "abstract": "Structural pruning enables model acceleration by removing structurally-grouped parameters from neural networks. However, the parameter-grouping patterns vary widely across different models, making architecture-specific pruners, which rely on manually-designed grouping schemes, non-generalizable to new architectures. In this work, we study a highly-challenging yet barely-explored task, any structural pruning, to tackle general structural pruning of arbitrary architecture like CNNs, RNNs, GNNs and Transformers. The most prominent obstacle towards this goal lies in the structural coupling, which not only forces different layers to be pruned simultaneously, but also expects all removed parameters to be consistently unimportant, thereby avoiding structural issues and significant performance degradation after pruning. To address this problem, we propose a general and fully automatic method, Dependency Graph (DepGraph), to explicitly model the dependency between layers and comprehensively group coupled parameters for pruning. In this work, we extensively evaluate our method on several architectures and tasks, including ResNe(X)t, DenseNet, MobileNet and Vision transformer for images, GAT for graph, DGCNN for 3D point cloud, alongside LSTM for language, and demonstrate that, even with a simple norm-based criterion, the proposed method consistently yields gratifying performances.",
    "arxivid": "2301.12900v2",
    "bib_name": "DepGraph:T31",
    "md_text": "# DepGraph: Towards any structural pruning\n\n\nabstract\n\nStructural pruning enables model acceleration by removing structurally-grouped parameters from neural networks. However, the parameter-grouping patterns vary widely across different models, making architecture-specific pruners, which rely on manually-designed grouping schemes, non-generalizable to new architectures. In this work, we study a highly-challenging yet barely-explored task, any structural pruning, to tackle general structural pruning of arbitrary architecture like CNNs, RNNs, GNNs and Transformers. The most prominent obstacle towards this goal lies in the structural coupling, which not only forces different layers to be pruned simultaneously, but also expects all removed parameters to be consistently unimportant, thereby avoiding structural issues and significant performance degradation after pruning. To address this problem, we propose a general and fully automatic method, Dependency Graph (DepGraph), to explicitly model the dependency between layers and comprehensively group coupled parameters for pruning. In this work, we extensively evaluate our method on several architectures and tasks, including ResNe(X)t, DenseNet, MobileNet and Vision transformer for images, GAT for graph, DGCNN for 3D point cloud, alongside LSTM for language, and demonstrate that, even with a simple norm-based criterion, the proposed method consistently yields gratifying performances.",
    "paper_type": "method",
    "attri": {
        "background": "This paper addresses the issue of structural pruning in neural networks, which allows for model acceleration by removing grouped parameters. Traditional methods are architecture-specific and rely on manually-designed grouping schemes, leading to a lack of generalizability across different models.",
        "problem": {
            "definition": "The paper aims to solve the problem of general structural pruning applicable to various architectures, including CNNs, RNNs, GNNs, and Transformers.",
            "key obstacle": "The main challenge is the structural coupling, which requires that different layers be pruned simultaneously and that all removed parameters must be consistently unimportant to avoid structural issues and performance degradation."
        },
        "idea": {
            "intuition": "The idea is inspired by the need for a unified approach to structural pruning that can adapt to different neural network architectures without manual intervention.",
            "opinion": "The proposed method, Dependency Graph (DepGraph), models the dependencies between layers to group parameters for pruning effectively.",
            "innovation": "The key innovation lies in the fully automatic nature of DepGraph, which explicitly models layer dependencies, contrasting with existing methods that rely on manual grouping."
        },
        "method": {
            "method name": "Dependency Graph",
            "method abbreviation": "DepGraph",
            "method definition": "DepGraph is a method designed to model the dependencies between layers in neural networks, allowing for the automatic grouping of parameters for structural pruning.",
            "method description": "The method involves modeling layer dependencies to facilitate structural pruning across various architectures.",
            "method steps": "1. Model the dependency between layers; 2. Group coupled parameters for pruning; 3. Apply pruning based on the grouped parameters.",
            "principle": "The effectiveness of DepGraph stems from its ability to maintain structural integrity while removing parameters, ensuring that the performance of the model does not degrade significantly."
        },
        "experiments": {
            "evaluation setting": "The method was evaluated on multiple architectures, including ResNe(X)t, DenseNet, MobileNet, Vision Transformer, GAT, DGCNN, and LSTM, across various tasks such as image classification and language processing.",
            "evaluation method": "Performance was assessed using a simple norm-based criterion, measuring the outcomes of pruning on the selected architectures."
        },
        "conclusion": "The experiments demonstrate that DepGraph consistently yields gratifying performances across different architectures and tasks, showcasing its effectiveness in structural pruning.",
        "discussion": {
            "advantage": "The primary advantage of DepGraph is its generalizability across various neural network architectures, eliminating the need for architecture-specific pruning methods.",
            "limitation": "A limitation of the method may include reliance on a norm-based criterion, which might not capture all aspects of parameter importance.",
            "future work": "Future work could explore enhancing the criterion for parameter importance and applying DepGraph to new emerging architectures in neural network design."
        },
        "other info": []
    },
    "mount_outline": [
        {
            "section number": "2.2",
            "key information": "The paper addresses structural pruning in neural networks, allowing for model acceleration by removing grouped parameters."
        },
        {
            "section number": "2.4",
            "key information": "Key concepts in the paper include structural pruning, which requires that different layers be pruned simultaneously to avoid performance degradation."
        },
        {
            "section number": "3.1",
            "key information": "The paper discusses the advantages of the Dependency Graph (DepGraph) method, which generalizes structural pruning across various architectures, eliminating the need for architecture-specific methods."
        },
        {
            "section number": "3.2",
            "key information": "The paper introduces the concept of modeling layer dependencies for pruning, providing a unified approach to structural pruning that adapts to different neural network architectures."
        },
        {
            "section number": "4.1",
            "key information": "Performance was assessed using a simple norm-based criterion, measuring the outcomes of pruning on selected architectures, including ResNe(X)t, DenseNet, and others."
        },
        {
            "section number": "5.1",
            "key information": "The experiments demonstrate that DepGraph consistently yields gratifying performances across different architectures and tasks, showcasing its effectiveness in structural pruning."
        },
        {
            "section number": "6.2",
            "key information": "Future work could explore enhancing the criterion for parameter importance and applying DepGraph to new emerging architectures in neural network design."
        }
    ],
    "similarity_score": null,
    "image": null,
    "path": "/home/liudingyuan/code/SurveyX/code/SurveyX-main/outputs/t14a/papers/DepGraph_ Towards any structural pruning.json"
}