{
    "from": null,
    "scholar_id": null,
    "detail_id": null,
    "title": "DHP: Differentiable meta pruning via hypernetworks",
    "abstract": "Network pruning has been the driving force for the acceleration of neural networks and the alleviation of model storage/transmission burden. With the advent of AutoML and neural architecture search (NAS), pruning has become topical with automatic mechanism and searching based architecture optimization. Yet, current automatic designs rely on either reinforcement learning or evolutionary algorithm. Due to the non-differentiability of those algorithms, the pruning algorithm needs a long searching stage before reaching the convergence. \nTo circumvent this problem, this paper introduces a differentiable pruning method via hypernetworks for automatic network pruning. The specifically designed hypernetworks take latent vectors as input and generate the weight parameters of the backbone network. The latent vectors control the output channels of the convolutional layers in the backbone network and act as a handle for the pruning of the layers. By enforcing $\\ell_1$ sparsity regularization to the latent vectors and utilizing proximal gradient solver, sparse latent vectors can be obtained. Passing the sparsified latent vectors through the hypernetworks, the corresponding slices of the generated weight parameters can be removed, achieving the effect of network pruning. The latent vectors of all the layers are pruned together, resulting in an automatic layer configuration. Extensive experiments are conducted on various networks for image classification, single image super-resolution, and denoising. And the experimental results validate the proposed method.",
    "arxivid": "2003.13683v3",
    "bib_name": "DHP:Differ128",
    "md_text": "# DHP: Differentiable meta pruning via hypernetworks\n\n\nabstract\n\nNetwork pruning has been the driving force for the acceleration of neural networks and the alleviation of model storage/transmission burden. With the advent of AutoML and neural architecture search (NAS), pruning has become topical with automatic mechanism and searching based architecture optimization. Yet, current automatic designs rely on either reinforcement learning or evolutionary algorithm. Due to the non-differentiability of those algorithms, the pruning algorithm needs a long searching stage before reaching the convergence. \nTo circumvent this problem, this paper introduces a differentiable pruning method via hypernetworks for automatic network pruning. The specifically designed hypernetworks take latent vectors as input and generate the weight parameters of the backbone network. The latent vectors control the output channels of the convolutional layers in the backbone network and act as a handle for the pruning of the layers. By enforcing $\\ell_1$ sparsity regularization to the latent vectors and utilizing proximal gradient solver, sparse latent vectors can be obtained. Passing the sparsified latent vectors through the hypernetworks, the corresponding slices of the generated weight parameters can be removed, achieving the effect of network pruning. The latent vectors of all the layers are pruned together, resulting in an automatic layer configuration. Extensive experiments are conducted on various networks for image classification, single image super-resolution, and denoising. And the experimental results validate the proposed method.",
    "paper_type": "method",
    "attri": null,
    "mount_outline": [
        {
            "section number": "1.1",
            "key information": "Deep neural network pruning significantly enhances model efficiency by reducing the number of parameters, leading to faster inference times and reduced memory usage."
        },
        {
            "section number": "1.2",
            "key information": "The survey aims to present a comprehensive taxonomy of pruning techniques, compare various methods, analyze their impacts on model performance, and provide actionable recommendations for practitioners."
        },
        {
            "section number": "2.4",
            "key information": "Pruning refers to the process of removing unnecessary weights from a neural network, while sparsity indicates the proportion of zero-valued weights in the model, and efficiency relates to the model's performance in terms of speed and resource consumption."
        },
        {
            "section number": "3.1",
            "key information": "Structured pruning involves removing entire neurons or layers, while unstructured pruning focuses on individual weights, each having distinct advantages in terms of implementation and performance."
        },
        {
            "section number": "4.1",
            "key information": "Effectiveness metrics for pruning methods include accuracy, which measures the model's performance post-pruning, and other relevant indicators such as F1 score and precision."
        },
        {
            "section number": "5.1",
            "key information": "Pruning techniques can lead to a trade-off between model accuracy and inference time, where aggressive pruning may reduce accuracy but improve speed."
        },
        {
            "section number": "6.1",
            "key information": "When selecting pruning methods, practitioners should consider factors such as the target application, computational resources, and the desired balance between performance and efficiency."
        }
    ],
    "similarity_score": null,
    "image": null,
    "path": "/home/liudingyuan/code/SurveyX/code/SurveyX-main/outputs/t14a/papers/DHP_ Differentiable meta pruning via hypernetworks.json"
}