{
    "from": null,
    "scholar_id": null,
    "detail_id": null,
    "title": "Distilling the knowledge in a neural network",
    "abstract": "A very simple way to improve the performance of almost any machine learning algorithm is to train many different models on the same data and then to average their predictions. Unfortunately, making predictions using a whole ensemble of models is cumbersome and may be too computationally expensive to allow deployment to a large number of users, especially if the individual models are large neural nets. Caruana and his collaborators have shown that it is possible to compress the knowledge in an ensemble into a single model which is much easier to deploy and we develop this approach further using a different compression technique. We achieve some surprising results on MNIST and we show that we can significantly improve the acoustic model of a heavily used commercial system by distilling the knowledge in an ensemble of models into a single model. We also introduce a new type of ensemble composed of one or more full models and many specialist models which learn to distinguish fine-grained classes that the full models confuse. Unlike a mixture of experts, these specialist models can be trained rapidly and in parallel.",
    "arxivid": "1503.02531v1",
    "bib_name": "Distilling162",
    "md_text": "# Distilling the knowledge in a neural network\n\n\nabstract\n\nA very simple way to improve the performance of almost any machine learning algorithm is to train many different models on the same data and then to average their predictions. Unfortunately, making predictions using a whole ensemble of models is cumbersome and may be too computationally expensive to allow deployment to a large number of users, especially if the individual models are large neural nets. Caruana and his collaborators have shown that it is possible to compress the knowledge in an ensemble into a single model which is much easier to deploy and we develop this approach further using a different compression technique. We achieve some surprising results on MNIST and we show that we can significantly improve the acoustic model of a heavily used commercial system by distilling the knowledge in an ensemble of models into a single model. We also introduce a new type of ensemble composed of one or more full models and many specialist models which learn to distinguish fine-grained classes that the full models confuse. Unlike a mixture of experts, these specialist models can be trained rapidly and in parallel.",
    "paper_type": "method",
    "attri": {
        "background": "This paper addresses the challenge of improving machine learning algorithm performance through model ensembles while overcoming the limitations of computational expense and deployment difficulties associated with large neural networks.",
        "problem": {
            "definition": "The problem is the inefficiency of using ensemble models for predictions due to their computational cost and complexity, particularly when individual models are large neural networks.",
            "key obstacle": "The core obstacle is the cumbersome nature of making predictions with an ensemble of models, which can hinder deployment to a large user base."
        },
        "idea": {
            "intuition": "The idea is inspired by the observation that knowledge from multiple models can be distilled into a single model, making it easier to deploy without losing significant predictive power.",
            "opinion": "The proposed idea involves using a compression technique to distill knowledge from an ensemble of models into a single, more efficient model.",
            "innovation": "The innovation lies in the introduction of a new type of ensemble that combines full models with specialist models, which can be trained quickly and in parallel to address specific classification challenges."
        },
        "method": {
            "method name": "Knowledge Distillation",
            "method abbreviation": "KD",
            "method definition": "Knowledge Distillation is a technique that compresses the knowledge of an ensemble of models into a single model, allowing for more efficient deployment.",
            "method description": "The core of the method involves training a single model to mimic the predictions of an ensemble, effectively capturing their collective knowledge.",
            "method steps": "1. Train multiple models on the same dataset. 2. Use the ensemble's predictions to guide the training of a single model. 3. Implement the distilled model for predictions.",
            "principle": "This method is effective because it allows a single model to leverage the strengths of multiple models, reducing complexity while maintaining high performance."
        },
        "experiments": {
            "evaluation setting": "Experiments were conducted on the MNIST dataset and a commercial acoustic model, comparing the performance of the distilled model against the original ensemble.",
            "evaluation method": "The performance was assessed by measuring the accuracy and efficiency of the distilled model in comparison to the ensemble and individual models."
        },
        "conclusion": "The experiments demonstrated that knowledge distillation can significantly enhance model performance and efficiency, making it a valuable technique for deploying machine learning models in practical applications.",
        "discussion": {
            "advantage": "The key advantage of the proposed approach is its ability to reduce computational costs and improve deployment efficiency without sacrificing predictive accuracy.",
            "limitation": "A limitation of the method may include potential loss of information during the distillation process, which could affect performance in certain complex scenarios.",
            "future work": "Future research could focus on refining the distillation process and exploring additional applications of the method in various machine learning contexts."
        },
        "other info": []
    },
    "mount_outline": [
        {
            "section number": "1.1",
            "key information": "Pruning is important for enhancing model efficiency and improving performance, especially in the context of deploying large neural networks."
        },
        {
            "section number": "2.2",
            "key information": "Knowledge Distillation is a compression technique that allows for the knowledge of an ensemble of models to be distilled into a single model, enhancing deployment efficiency."
        },
        {
            "section number": "2.4",
            "key information": "Key concepts include model efficiency, computational cost reduction, and the ability to maintain predictive accuracy through knowledge distillation."
        },
        {
            "section number": "3.1",
            "key information": "The proposed approach combines full models with specialist models, highlighting a novel method of structured pruning through knowledge distillation."
        },
        {
            "section number": "4.1",
            "key information": "The performance of the distilled model was evaluated by measuring accuracy and efficiency compared to the original ensemble and individual models."
        },
        {
            "section number": "5.1",
            "key information": "Knowledge distillation significantly enhances model performance and efficiency, impacting accuracy and inference time positively."
        },
        {
            "section number": "6.1",
            "key information": "Strategies for selecting pruning methods can include considering computational costs and the deployment efficiency of distilled models."
        },
        {
            "section number": "6.2",
            "key information": "Future research directions could involve refining the distillation process and exploring additional applications of knowledge distillation in various machine learning contexts."
        }
    ],
    "similarity_score": null,
    "image": null,
    "path": "/home/liudingyuan/code/SurveyX/code/SurveyX-main/outputs/t14a/papers/Distilling the knowledge in a neural network.json"
}