{
    "from": null,
    "scholar_id": null,
    "detail_id": null,
    "title": "DMCP: Differentiable Markov channel pruning for neural networks",
    "abstract": "Recent works imply that the channel pruning can be regarded as searching optimal sub-structure from unpruned networks. However, existing works based on this observation require training and evaluating a large number of structures, which limits their application. In this paper, we propose a novel differentiable method for channel pruning, named Differentiable Markov Channel Pruning (DMCP), to efficiently search the optimal sub-structure. Our method is differentiable and can be directly optimized by gradient descent with respect to standard task loss and budget regularization (e.g. FLOPs constraint). In DMCP, we model the channel pruning as a Markov process, in which each state represents for retaining the corresponding channel during pruning, and transitions between states denote the pruning process. In the end, our method is able to implicitly select the proper number of channels in each layer by the Markov process with optimized transitions. To validate the effectiveness of our method, we perform extensive experiments on Imagenet with ResNet and MobilenetV2. Results show our method can achieve consistent improvement than state-of-the-art pruning methods in various FLOPs settings.",
    "arxivid": "2005.03354v2",
    "bib_name": "DMCP:Diffe80",
    "md_text": "# DMCP: Differentiable Markov channel pruning for neural networks\n\n\nabstract\n\nRecent works imply that the channel pruning can be regarded as searching optimal sub-structure from unpruned networks. However, existing works based on this observation require training and evaluating a large number of structures, which limits their application. In this paper, we propose a novel differentiable method for channel pruning, named Differentiable Markov Channel Pruning (DMCP), to efficiently search the optimal sub-structure. Our method is differentiable and can be directly optimized by gradient descent with respect to standard task loss and budget regularization (e.g. FLOPs constraint). In DMCP, we model the channel pruning as a Markov process, in which each state represents for retaining the corresponding channel during pruning, and transitions between states denote the pruning process. In the end, our method is able to implicitly select the proper number of channels in each layer by the Markov process with optimized transitions. To validate the effectiveness of our method, we perform extensive experiments on Imagenet with ResNet and MobilenetV2. Results show our method can achieve consistent improvement than state-of-the-art pruning methods in various FLOPs settings.",
    "paper_type": "method",
    "attri": {
        "background": "This paper addresses the issue of channel pruning in neural networks, highlighting the limitations of existing methods that require extensive training and evaluation of numerous structures, which hinders their practical application. The need for a more efficient approach to search for optimal sub-structures in unpruned networks is emphasized.",
        "problem": {
            "definition": "The problem is the inefficiency of current channel pruning methods that require evaluating a large number of network structures, making them impractical for real-world applications.",
            "key obstacle": "The core obstacle is the computational burden associated with training and assessing multiple network structures, which limits the scalability and efficiency of existing pruning techniques."
        },
        "idea": {
            "intuition": "The idea is inspired by the observation that channel pruning can be viewed as a search for optimal sub-structures within neural networks, which can be improved through a differentiable approach.",
            "opinion": "The proposed idea, Differentiable Markov Channel Pruning (DMCP), involves modeling channel pruning as a Markov process, allowing for efficient optimization of channel selection.",
            "innovation": "The primary innovation of DMCP lies in its differentiable nature, enabling direct optimization via gradient descent, which contrasts with traditional methods that require discrete evaluations of multiple structures."
        },
        "method": {
            "method name": "Differentiable Markov Channel Pruning",
            "method abbreviation": "DMCP",
            "method definition": "DMCP is a method for channel pruning that utilizes a Markov process to model the selection of channels, allowing for efficient optimization of the pruning process.",
            "method description": "The core of DMCP is to implicitly select the appropriate number of channels in each layer through optimized transitions in a Markov process.",
            "method steps": "1. Model channel pruning as a Markov process. 2. Define states for channel retention. 3. Optimize transitions between states using gradient descent. 4. Select channels based on optimized transitions.",
            "principle": "The effectiveness of DMCP in solving the problem stems from its ability to leverage the differentiability of the Markov process, allowing for direct optimization in conjunction with task loss and budget constraints."
        },
        "experiments": {
            "evaluation setting": "Extensive experiments were conducted on the Imagenet dataset using architectures like ResNet and MobilenetV2, comparing DMCP against state-of-the-art pruning methods under various FLOPs settings.",
            "evaluation method": "The performance of DMCP was assessed by measuring improvements in accuracy and efficiency compared to baseline methods, focusing on the effectiveness of channel selection."
        },
        "conclusion": "The experiments demonstrate that DMCP achieves consistent improvements over existing pruning methods, validating its effectiveness in efficiently optimizing channel selection in neural networks.",
        "discussion": {
            "advantage": "The key advantage of DMCP is its differentiable approach, which allows for efficient optimization and reduces the computational burden associated with traditional pruning methods.",
            "limitation": "A limitation of the method may include its dependency on the quality of the Markov process modeling, which could affect the pruning results if not accurately defined.",
            "future work": "Future research could explore enhancements to the Markov modeling process and investigate the application of DMCP to other neural network architectures beyond ResNet and MobilenetV2."
        },
        "other info": []
    },
    "mount_outline": [
        {
            "section number": "1.1",
            "key information": "The paper addresses the issue of channel pruning in neural networks, emphasizing the limitations of existing methods that require extensive training and evaluation of numerous structures, which hinders their practical application."
        },
        {
            "section number": "2.2",
            "key information": "The paper discusses the inefficiency of current channel pruning methods that require evaluating a large number of network structures, making them impractical for real-world applications."
        },
        {
            "section number": "3.3",
            "key information": "The proposed idea, Differentiable Markov Channel Pruning (DMCP), involves modeling channel pruning as a Markov process, allowing for efficient optimization of channel selection."
        },
        {
            "section number": "4.1",
            "key information": "The performance of DMCP was assessed by measuring improvements in accuracy and efficiency compared to baseline methods, focusing on the effectiveness of channel selection."
        },
        {
            "section number": "5.1",
            "key information": "The experiments demonstrate that DMCP achieves consistent improvements over existing pruning methods, validating its effectiveness in efficiently optimizing channel selection in neural networks."
        },
        {
            "section number": "6.2",
            "key information": "Future research could explore enhancements to the Markov modeling process and investigate the application of DMCP to other neural network architectures beyond ResNet and MobilenetV2."
        }
    ],
    "similarity_score": null,
    "image": null,
    "path": "/home/liudingyuan/code/SurveyX/code/SurveyX-main/outputs/t14a/papers/DMCP_ Differentiable Markov channel pruning for neural networks.json"
}