{
    "from": null,
    "scholar_id": null,
    "detail_id": null,
    "title": "Drawing early-bird tickets: towards more efficient training of deep networks",
    "abstract": "(Frankle & Carbin, 2019) shows that there exist winning tickets (small but critical subnetworks) for dense, randomly initialized networks, that can be trained alone to achieve comparable accuracies to the latter in a similar number of iterations. However, the identification of these winning tickets still requires the costly train-prune-retrain process, limiting their practical benefits. In this paper, we discover for the first time that the winning tickets can be identified at the very early training stage, which we term as early-bird (EB) tickets, via low-cost training schemes (e.g., early stopping and low-precision training) at large learning rates. Our finding of EB tickets is consistent with recently reported observations that the key connectivity patterns of neural networks emerge early. Furthermore, we propose a mask distance metric that can be used to identify EB tickets with low computational overhead, without needing to know the true winning tickets that emerge after the full training. Finally, we leverage the existence of EB tickets and the proposed mask distance to develop efficient training methods, which are achieved by first identifying EB tickets via low-cost schemes, and then continuing to train merely the EB tickets towards the target accuracy. Experiments based on various deep networks and datasets validate: 1) the existence of EB tickets, and the effectiveness of mask distance in efficiently identifying them; and 2) that the proposed efficient training via EB tickets can achieve up to 4.7x energy savings while maintaining comparable or even better accuracy, demonstrating a promising and easily adopted method for tackling cost-prohibitive deep network training.",
    "arxivid": "1909.11957v6",
    "bib_name": "Drawingear110",
    "md_text": "# Drawing early-bird tickets: towards more efficient training of deep networks\n\n\nabstract\n\n(Frankle & Carbin, 2019) shows that there exist winning tickets (small but critical subnetworks) for dense, randomly initialized networks, that can be trained alone to achieve comparable accuracies to the latter in a similar number of iterations. However, the identification of these winning tickets still requires the costly train-prune-retrain process, limiting their practical benefits. In this paper, we discover for the first time that the winning tickets can be identified at the very early training stage, which we term as early-bird (EB) tickets, via low-cost training schemes (e.g., early stopping and low-precision training) at large learning rates. Our finding of EB tickets is consistent with recently reported observations that the key connectivity patterns of neural networks emerge early. Furthermore, we propose a mask distance metric that can be used to identify EB tickets with low computational overhead, without needing to know the true winning tickets that emerge after the full training. Finally, we leverage the existence of EB tickets and the proposed mask distance to develop efficient training methods, which are achieved by first identifying EB tickets via low-cost schemes, and then continuing to train merely the EB tickets towards the target accuracy. Experiments based on various deep networks and datasets validate: 1) the existence of EB tickets, and the effectiveness of mask distance in efficiently identifying them; and 2) that the proposed efficient training via EB tickets can achieve up to 4.7x energy savings while maintaining comparable or even better accuracy, demonstrating a promising and easily adopted method for tackling cost-prohibitive deep network training.",
    "paper_type": "method",
    "attri": {
        "background": "This paper addresses the issue of efficiently training deep networks by identifying winning tickets at the early training stage, which can significantly reduce training costs compared to the traditional train-prune-retrain method.",
        "problem": {
            "definition": "The problem is the high computational cost and inefficiency associated with the traditional method of identifying winning tickets in deep networks, which involves a lengthy train-prune-retrain process.",
            "key obstacle": "The core obstacle is that existing methods require full training to identify winning tickets, making them impractical for real-world applications."
        },
        "idea": {
            "intuition": "The idea is inspired by the observation that key connectivity patterns in neural networks emerge early during training, suggesting that winning tickets can be identified sooner than previously thought.",
            "opinion": "The proposed idea involves the identification of early-bird (EB) tickets through low-cost training schemes, allowing for efficient training without the need for full training cycles.",
            "innovation": "The primary innovation is the introduction of EB tickets identified via low-cost metrics and methods, which significantly differ from existing approaches that rely on complete training to find winning tickets."
        },
        "method": {
            "method name": "Early-Bird Tickets",
            "method abbreviation": "EB Tickets",
            "method definition": "EB Tickets are identified at the early stage of training using low-cost schemes such as early stopping and low-precision training, allowing for efficient training of deep networks.",
            "method description": "The core of the method involves identifying EB tickets early in the training process to reduce computational costs while maintaining performance.",
            "method steps": "1. Apply low-cost training schemes to identify EB tickets. 2. Continue training only the identified EB tickets towards the target accuracy.",
            "principle": "This method is effective because it leverages the early emergence of key connectivity patterns, allowing for significant energy savings and comparable accuracy to traditional methods."
        },
        "experiments": {
            "evaluation setting": "Experiments were conducted on various deep networks and datasets to validate the existence of EB tickets and the effectiveness of the proposed mask distance metric.",
            "evaluation method": "The performance of the method was assessed by measuring energy savings and accuracy compared to traditional training methods."
        },
        "conclusion": "The findings demonstrate that EB tickets can be effectively identified early in the training process, resulting in up to 4.7x energy savings while maintaining or improving accuracy, showcasing a promising approach for cost-efficient deep network training.",
        "discussion": {
            "advantage": "The key advantages of the proposed approach include significant energy savings and the ability to achieve comparable or better accuracy compared to existing methods.",
            "limitation": "A limitation of the method may be its reliance on specific low-cost training schemes, which may not be universally applicable across all types of networks.",
            "future work": "Future research could explore optimizing the identification process of EB tickets further and adapting the method for a wider range of network architectures."
        },
        "other info": {
            "info1": "The proposed mask distance metric is a novel contribution that aids in the efficient identification of EB tickets.",
            "info2": {
                "info2.1": "The method can be easily adopted in practice due to its low computational overhead.",
                "info2.2": "The research aligns with recent trends in neural network training focusing on reducing costs and improving efficiency."
            }
        }
    },
    "mount_outline": [
        {
            "section number": "2.2",
            "key information": "The problem is the high computational cost and inefficiency associated with the traditional method of identifying winning tickets in deep networks, which involves a lengthy train-prune-retrain process."
        },
        {
            "section number": "2.4",
            "key information": "EB Tickets are identified at the early stage of training using low-cost schemes such as early stopping and low-precision training, allowing for efficient training of deep networks."
        },
        {
            "section number": "3.3",
            "key information": "The primary innovation is the introduction of EB tickets identified via low-cost metrics and methods, which significantly differ from existing approaches that rely on complete training to find winning tickets."
        },
        {
            "section number": "4.1",
            "key information": "The performance of the method was assessed by measuring energy savings and accuracy compared to traditional training methods."
        },
        {
            "section number": "5.2",
            "key information": "The findings demonstrate that EB tickets can be effectively identified early in the training process, resulting in up to 4.7x energy savings while maintaining or improving accuracy."
        },
        {
            "section number": "6.2",
            "key information": "Future research could explore optimizing the identification process of EB tickets further and adapting the method for a wider range of network architectures."
        }
    ],
    "similarity_score": null,
    "image": null,
    "path": "/home/liudingyuan/code/SurveyX/code/SurveyX-main/outputs/t14a/papers/Drawing early-bird tickets_ towards more efficient training of deep networks.json"
}