{
    "from": null,
    "scholar_id": null,
    "detail_id": null,
    "title": "DSA: More efficient budgeted pruning via differentiable sparsity allocation",
    "abstract": "Budgeted pruning is the problem of pruning under resource constraints. In budgeted pruning, how to distribute the resources across layers (i.e., sparsity allocation) is the key problem. Traditional methods solve it by discretely searching for the layer-wise pruning ratios, which lacks efficiency. In this paper, we propose Differentiable Sparsity Allocation (DSA), an efficient end-to-end budgeted pruning flow. Utilizing a novel differentiable pruning process, DSA finds the layer-wise pruning ratios with gradient-based optimization. It allocates sparsity in continuous space, which is more efficient than methods based on discrete evaluation and search. Furthermore, DSA could work in a pruning-from-scratch manner, whereas traditional budgeted pruning methods are applied to pre-trained models. Experimental results on CIFAR-10 and ImageNet show that DSA could achieve superior performance than current iterative budgeted pruning methods, and shorten the time cost of the overall pruning process by at least 1.5x in the meantime.",
    "arxivid": "2004.02164v5",
    "bib_name": "DSA:Moreef70",
    "md_text": "# DSA: More efficient budgeted pruning via differentiable sparsity allocation\n\n\nabstract\n\nBudgeted pruning is the problem of pruning under resource constraints. In budgeted pruning, how to distribute the resources across layers (i.e., sparsity allocation) is the key problem. Traditional methods solve it by discretely searching for the layer-wise pruning ratios, which lacks efficiency. In this paper, we propose Differentiable Sparsity Allocation (DSA), an efficient end-to-end budgeted pruning flow. Utilizing a novel differentiable pruning process, DSA finds the layer-wise pruning ratios with gradient-based optimization. It allocates sparsity in continuous space, which is more efficient than methods based on discrete evaluation and search. Furthermore, DSA could work in a pruning-from-scratch manner, whereas traditional budgeted pruning methods are applied to pre-trained models. Experimental results on CIFAR-10 and ImageNet show that DSA could achieve superior performance than current iterative budgeted pruning methods, and shorten the time cost of the overall pruning process by at least 1.5x in the meantime.",
    "paper_type": "method",
    "attri": {
        "background": "This paper addresses the issue of budgeted pruning under resource constraints, highlighting the inefficiency of traditional methods that rely on discrete searches for layer-wise pruning ratios, necessitating a more effective approach.",
        "problem": {
            "definition": "The problem involves determining how to allocate pruning resources efficiently across different layers of a neural network while adhering to budget constraints.",
            "key obstacle": "The main challenge is the inefficiency of existing methods that use discrete evaluations for sparsity allocation, which do not optimize the resource distribution effectively."
        },
        "idea": {
            "intuition": "The idea was inspired by the need for a more efficient method of sparsity allocation that leverages continuous optimization rather than discrete searching.",
            "opinion": "The proposed Differentiable Sparsity Allocation (DSA) method enables gradient-based optimization for determining layer-wise pruning ratios, improving efficiency in budgeted pruning.",
            "innovation": "DSA innovates by utilizing a differentiable pruning process that allows for continuous sparsity allocation, contrasting with traditional methods that rely on discrete approaches."
        },
        "method": {
            "method name": "Differentiable Sparsity Allocation",
            "method abbreviation": "DSA",
            "method definition": "DSA is an end-to-end budgeted pruning method that allocates sparsity across layers using gradient-based optimization in a continuous space.",
            "method description": "The core of DSA is its ability to optimize sparsity allocation continuously, improving the efficiency of budgeted pruning.",
            "method steps": "1. Initialize the model and define budget constraints. 2. Apply the differentiable pruning process to allocate sparsity ratios across layers. 3. Optimize the allocation using gradient-based methods. 4. Implement the pruning based on the optimized ratios.",
            "principle": "The effectiveness of DSA lies in its gradient-based optimization approach, which allows for a more nuanced and efficient allocation of pruning resources compared to traditional discrete methods."
        },
        "experiments": {
            "evaluation setting": "Experiments were conducted on CIFAR-10 and ImageNet datasets, comparing DSA's performance against traditional iterative budgeted pruning methods.",
            "evaluation method": "The performance of DSA was measured by assessing the pruning efficiency and time cost, with results indicating at least a 1.5x reduction in overall pruning time."
        },
        "conclusion": "The experimental results demonstrate that DSA achieves superior performance compared to existing iterative budgeted pruning methods while significantly reducing the time required for the pruning process.",
        "discussion": {
            "advantage": "DSA's key advantages include its efficiency in resource allocation and the ability to operate in a pruning-from-scratch manner, which is not possible with traditional methods.",
            "limitation": "A potential limitation of DSA may involve its complexity in implementation compared to simpler discrete methods.",
            "future work": "Future research could explore further optimizations in the differentiable pruning process and investigate its applicability to other model architectures and tasks."
        },
        "other info": []
    },
    "mount_outline": [
        {
            "section number": "2.2",
            "key information": "The proposed Differentiable Sparsity Allocation (DSA) method enables gradient-based optimization for determining layer-wise pruning ratios, improving efficiency in budgeted pruning."
        },
        {
            "section number": "2.4",
            "key information": "The problem involves determining how to allocate pruning resources efficiently across different layers of a neural network while adhering to budget constraints."
        },
        {
            "section number": "3.1",
            "key information": "DSA innovates by utilizing a differentiable pruning process that allows for continuous sparsity allocation, contrasting with traditional methods that rely on discrete approaches."
        },
        {
            "section number": "4.1",
            "key information": "Experiments were conducted on CIFAR-10 and ImageNet datasets, comparing DSA's performance against traditional iterative budgeted pruning methods."
        },
        {
            "section number": "5.1",
            "key information": "The experimental results demonstrate that DSA achieves superior performance compared to existing iterative budgeted pruning methods while significantly reducing the time required for the pruning process."
        },
        {
            "section number": "6.1",
            "key information": "A potential limitation of DSA may involve its complexity in implementation compared to simpler discrete methods."
        }
    ],
    "similarity_score": null,
    "image": null,
    "path": "/home/liudingyuan/code/SurveyX/code/SurveyX-main/outputs/t14a/papers/DSA_ More efficient budgeted pruning via differentiable sparsity allocation.json"
}