{
    "from": null,
    "scholar_id": null,
    "detail_id": null,
    "title": "Dual lottery ticket hypothesis",
    "abstract": "Fully exploiting the learning capacity of neural networks requires overparameterized dense networks. On the other side, directly training sparse neural networks typically results in unsatisfactory performance. Lottery Ticket Hypothesis (LTH) provides a novel view to investigate sparse network training and maintain its capacity. Concretely, it claims there exist winning tickets from a randomly initialized network found by iterative magnitude pruning and preserving promising trainability (or we say being in trainable condition). In this work, we regard the winning ticket from LTH as the subnetwork which is in trainable condition and its performance as our benchmark, then go from a complementary direction to articulate the Dual Lottery Ticket Hypothesis (DLTH): Randomly selected subnetworks from a randomly initialized dense network can be transformed into a trainable condition and achieve admirable performance compared with LTH -- random tickets in a given lottery pool can be transformed into winning tickets. Specifically, by using uniform-randomly selected subnetworks to represent the general cases, we propose a simple sparse network training strategy, Random Sparse Network Transformation (RST), to substantiate our DLTH. Concretely, we introduce a regularization term to borrow learning capacity and realize information extrusion from the weights which will be masked. After finishing the transformation for the randomly selected subnetworks, we conduct the regular finetuning to evaluate the model using fair comparisons with LTH and other strong baselines. Extensive experiments on several public datasets and comparisons with competitive approaches validate our DLTH as well as the effectiveness of the proposed model RST. Our work is expected to pave a way for inspiring new research directions of sparse network training in the future. Our code is available at https://github.com/yueb17/DLTH.",
    "arxivid": "2203.04248v1",
    "bib_name": "Duallotter59",
    "md_text": "# Dual lottery ticket hypothesis\n\n\nabstract\n\nFully exploiting the learning capacity of neural networks requires overparameterized dense networks. On the other side, directly training sparse neural networks typically results in unsatisfactory performance. Lottery Ticket Hypothesis (LTH) provides a novel view to investigate sparse network training and maintain its capacity. Concretely, it claims there exist winning tickets from a randomly initialized network found by iterative magnitude pruning and preserving promising trainability (or we say being in trainable condition). In this work, we regard the winning ticket from LTH as the subnetwork which is in trainable condition and its performance as our benchmark, then go from a complementary direction to articulate the Dual Lottery Ticket Hypothesis (DLTH): Randomly selected subnetworks from a randomly initialized dense network can be transformed into a trainable condition and achieve admirable performance compared with LTH -- random tickets in a given lottery pool can be transformed into winning tickets. Specifically, by using uniform-randomly selected subnetworks to represent the general cases, we propose a simple sparse network training strategy, Random Sparse Network Transformation (RST), to substantiate our DLTH. Concretely, we introduce a regularization term to borrow learning capacity and realize information extrusion from the weights which will be masked. After finishing the transformation for the randomly selected subnetworks, we conduct the regular finetuning to evaluate the model using fair comparisons with LTH and other strong baselines. Extensive experiments on several public datasets and comparisons with competitive approaches validate our DLTH as well as the effectiveness of the proposed model RST. Our work is expected to pave a way for inspiring new research directions of sparse network training in the future. Our code is available at https://github.com/yueb17/DLTH.",
    "paper_type": "benchmark",
    "attri": {
        "background": "This paper addresses the issue of training sparse neural networks effectively while maintaining their performance, building on the Lottery Ticket Hypothesis (LTH) which identifies winning tickets within overparameterized networks.",
        "problem": {
            "definition": "The benchmark is designed to address the challenge of training sparse neural networks to achieve satisfactory performance compared to their dense counterparts.",
            "key obstacle": "Existing benchmarks often fail to account for the performance of randomly selected subnetworks in a dense network, limiting their applicability in sparse network training."
        },
        "idea": {
            "intuition": "The inspiration behind the benchmark stems from the observation that randomly selected subnetworks can be transformed into trainable conditions, thus achieving performance comparable to winning tickets identified by LTH.",
            "opinion": "The authors believe that this benchmark is crucial for advancing the understanding of sparse network training and its potential applications.",
            "innovation": "This benchmark introduces the concept of Dual Lottery Ticket Hypothesis (DLTH), which differs from existing benchmarks by focusing on the performance of transformed random subnetworks.",
            "benchmark abbreviation": "DLTH"
        },
        "dataset": {
            "source": "The dataset was created using several public datasets, which were utilized for evaluating the proposed training strategy.",
            "desc": "The dataset includes various tasks that allow for fair comparisons between the proposed method and existing benchmarks.",
            "content": "The dataset comprises performance metrics of sparse neural networks trained under different conditions, including both random and winning tickets.",
            "size": "-",
            "domain": "Neural Network Training",
            "task format": "Sparse Network Training"
        },
        "metrics": {
            "metric name": "Accuracy, F1-score",
            "aspect": "Model performance",
            "principle": "The metrics were chosen to provide a comprehensive evaluation of the model's effectiveness in achieving satisfactory training outcomes.",
            "procedure": "Model performance was evaluated through fine-tuning and comparisons against LTH and other strong baselines."
        },
        "experiments": {
            "model": "The benchmark tested various models including state-of-the-art sparse and dense architectures.",
            "procedure": "Models were trained using the Random Sparse Network Transformation (RST) strategy with specific parameters for regularization and fine-tuning.",
            "result": "The experiments showed that the transformed random subnetworks achieved admirable performance, validating the Dual Lottery Ticket Hypothesis.",
            "variability": "Variability was accounted for through extensive trials across multiple public datasets."
        },
        "conclusion": "The findings indicate that random subnetworks can be effectively transformed to achieve competitive performance, suggesting new avenues for research in sparse network training.",
        "discussion": {
            "advantage": "The benchmark contributes to the field by providing insights into the training of sparse networks and demonstrating the viability of random subnetworks as effective models.",
            "limitation": "Potential limitations include the need for further validation across a broader range of tasks and datasets to generalize the findings.",
            "future work": "Future research could explore more sophisticated transformation techniques and their implications for various neural network architectures."
        },
        "other info": {
            "code repository": "https://github.com/yueb17/DLTH"
        }
    },
    "mount_outline": [
        {
            "section number": "2.4",
            "key information": "The benchmark introduces the concept of Dual Lottery Ticket Hypothesis (DLTH), which focuses on the performance of transformed random subnetworks."
        },
        {
            "section number": "2.5",
            "key information": "The findings indicate that random subnetworks can be effectively transformed to achieve competitive performance, suggesting new avenues for research in sparse network training."
        },
        {
            "section number": "3.1",
            "key information": "The benchmark tested various models including state-of-the-art sparse and dense architectures, demonstrating different models of pruning and their advantages."
        },
        {
            "section number": "4.1",
            "key information": "Metrics such as Accuracy and F1-score were chosen to provide a comprehensive evaluation of model performance in achieving satisfactory training outcomes."
        },
        {
            "section number": "5.1",
            "key information": "The experiments showed that the transformed random subnetworks achieved admirable performance, validating the Dual Lottery Ticket Hypothesis."
        },
        {
            "section number": "6.2",
            "key information": "Future research could explore more sophisticated transformation techniques and their implications for various neural network architectures."
        }
    ],
    "similarity_score": null,
    "image": null,
    "path": "/home/liudingyuan/code/SurveyX/code/SurveyX-main/outputs/t14a/papers/Dual lottery ticket hypothesis.json"
}