{
    "from": null,
    "scholar_id": null,
    "detail_id": null,
    "title": "Dynamic model pruning with feedback",
    "abstract": "Deep neural networks often have millions of parameters. This can hinder their deployment to low-end devices, not only due to high memory requirements but also because of increased latency at inference. We propose a novel model compression method that generates a sparse trained model without additional overhead: by allowing (i) dynamic allocation of the sparsity pattern and (ii) incorporating feedback signal to reactivate prematurely pruned weights we obtain a performant sparse model in one single training pass (retraining is not needed, but can further improve the performance). We evaluate the method on CIFAR-10 and ImageNet, and show that the obtained sparse models can reach the state-of-the-art performance of dense models and further that their performance surpasses all previously proposed pruning schemes (that come without feedback mechanisms).",
    "arxivid": "2006.07253v1",
    "bib_name": "Dynamicmod77",
    "md_text": "# Dynamic model pruning with feedback\n\n\nabstract\n\nDeep neural networks often have millions of parameters. This can hinder their deployment to low-end devices, not only due to high memory requirements but also because of increased latency at inference. We propose a novel model compression method that generates a sparse trained model without additional overhead: by allowing (i) dynamic allocation of the sparsity pattern and (ii) incorporating feedback signal to reactivate prematurely pruned weights we obtain a performant sparse model in one single training pass (retraining is not needed, but can further improve the performance). We evaluate the method on CIFAR-10 and ImageNet, and show that the obtained sparse models can reach the state-of-the-art performance of dense models and further that their performance surpasses all previously proposed pruning schemes (that come without feedback mechanisms).",
    "paper_type": "method",
    "attri": {
        "background": "This paper addresses the issue of deploying deep neural networks on low-end devices, which is hindered by high memory requirements and increased latency at inference due to the large number of parameters in these models. Previous methods for model compression have not effectively balanced the trade-off between performance and resource efficiency, necessitating a new approach.",
        "problem": {
            "definition": "The problem this paper aims to solve is the challenge of efficiently deploying deep neural networks with millions of parameters on low-end devices without compromising performance.",
            "key obstacle": "The core obstacle is the inability of existing model pruning methods to dynamically adapt the sparsity pattern and reactivate important weights, which can lead to suboptimal performance."
        },
        "idea": {
            "intuition": "The idea is inspired by the need for a flexible model that can adapt its structure based on feedback during training, allowing it to maintain high performance while being resource-efficient.",
            "opinion": "The proposed idea involves a novel model compression method that utilizes dynamic allocation of sparsity patterns and feedback signals to optimize the pruning of weights in a single training pass.",
            "innovation": "The primary innovation of this method lies in its ability to incorporate feedback mechanisms that allow for the reactivation of weights that were prematurely pruned, thus enhancing the performance of the sparse model compared to traditional pruning methods."
        },
        "method": {
            "method name": "Dynamic Model Pruning with Feedback",
            "method abbreviation": "DMPF",
            "method definition": "DMPF is a model compression technique that generates a sparse trained model by dynamically allocating the sparsity pattern and using feedback signals to reactivate important weights during a single training pass.",
            "method description": "The core of the method involves pruning weights based on their importance and adapting the model structure dynamically throughout the training process.",
            "method steps": [
                "Initiate training of the deep neural network.",
                "Dynamically allocate the sparsity pattern based on weight importance.",
                "Incorporate feedback signals to reactivate weights that are crucial for model performance.",
                "Complete the training without the need for retraining, although retraining can further enhance performance."
            ],
            "principle": "This method is effective because it allows for real-time adjustments to the model's sparsity, ensuring that important weights are retained and contributing to optimal performance."
        },
        "experiments": {
            "evaluation setting": "The method was evaluated on the CIFAR-10 and ImageNet datasets, comparing the performance of the sparse models against state-of-the-art dense models and previously proposed pruning schemes without feedback mechanisms.",
            "evaluation method": "Performance was measured by assessing the accuracy of the sparse models on the test datasets and comparing these results to those of baseline methods."
        },
        "conclusion": "The experiments demonstrate that the proposed dynamic model pruning method achieves state-of-the-art performance for sparse models, surpassing all previously proposed pruning schemes that lack feedback mechanisms, thus validating its effectiveness and contribution to the field.",
        "discussion": {
            "advantage": "The key advantages of the proposed approach include its ability to achieve high performance with reduced resource requirements and the flexibility to adapt the model structure dynamically during training.",
            "limitation": "One limitation is that while the method performs well, it may still require fine-tuning for specific applications to achieve optimal results.",
            "future work": "Future research could explore further enhancements to the feedback mechanisms and investigate the applicability of the method across different types of neural networks and tasks."
        },
        "other info": []
    },
    "mount_outline": [
        {
            "section number": "1.1",
            "key information": "The paper addresses the issue of deploying deep neural networks on low-end devices, which is hindered by high memory requirements and increased latency at inference due to the large number of parameters in these models."
        },
        {
            "section number": "1.2",
            "key information": "The key goal of the paper is to propose a novel model compression method that utilizes dynamic allocation of sparsity patterns and feedback signals to optimize the pruning of weights in a single training pass."
        },
        {
            "section number": "2.2",
            "key information": "Previous methods for model compression have not effectively balanced the trade-off between performance and resource efficiency, necessitating a new approach."
        },
        {
            "section number": "2.4",
            "key information": "Pruning weights based on their importance and adapting the model structure dynamically throughout the training process is essential for maintaining high performance."
        },
        {
            "section number": "3.3",
            "key information": "The proposed dynamic model pruning method incorporates feedback mechanisms that allow for the reactivation of weights that were prematurely pruned, enhancing performance compared to traditional pruning methods."
        },
        {
            "section number": "4.1",
            "key information": "The experiments demonstrate that the proposed dynamic model pruning method achieves state-of-the-art performance for sparse models, surpassing all previously proposed pruning schemes that lack feedback mechanisms."
        },
        {
            "section number": "5.1",
            "key information": "Performance was measured by assessing the accuracy of the sparse models on the test datasets and comparing these results to those of baseline methods."
        },
        {
            "section number": "6.1",
            "key information": "The key advantages of the proposed approach include its ability to achieve high performance with reduced resource requirements and the flexibility to adapt the model structure dynamically during training."
        },
        {
            "section number": "6.2",
            "key information": "Future research could explore further enhancements to the feedback mechanisms and investigate the applicability of the method across different types of neural networks and tasks."
        }
    ],
    "similarity_score": null,
    "image": null,
    "path": "/home/liudingyuan/code/SurveyX/code/SurveyX-main/outputs/t14a/papers/Dynamic model pruning with feedback.json"
}