{
    "from": null,
    "scholar_id": null,
    "detail_id": null,
    "title": "Dynamic sparse training: Find efficient sparse network from scratch with trainable masked layers",
    "abstract": "We present a novel network pruning algorithm called Dynamic Sparse Training that can jointly \ufb01nd the optimal network parameters and sparse network structure in a uni\ufb01ed optimization process with trainable pruning thresholds. These thresholds can have \ufb01ne-grained layer-wise adjustments dynamically via backpropagation. We demonstrate that our dynamic sparse training algorithm can easily train very sparse neural network models with little performance loss using the same training epochs as dense models. Dynamic Sparse Training achieves prior art performance compared with other sparse training algorithms on various network architectures. Additionally, we have several surprising observations that provide strong evidence to the effectiveness and ef\ufb01ciency of our algorithm. These observations reveal the underlying problems of traditional three-stage pruning algorithms and present the potential guidance provided by our algorithm to the design of more compact network architectures.",
    "arxivid": "2005.06870v1",
    "bib_name": "Dynamicspa49",
    "md_text": "# Dynamic sparse training: Find efficient sparse network from scratch with trainable masked layers\n\n\nabstract\n\nWe present a novel network pruning algorithm called Dynamic Sparse Training that can jointly \ufb01nd the optimal network parameters and sparse network structure in a uni\ufb01ed optimization process with trainable pruning thresholds. These thresholds can have \ufb01ne-grained layer-wise adjustments dynamically via backpropagation. We demonstrate that our dynamic sparse training algorithm can easily train very sparse neural network models with little performance loss using the same training epochs as dense models. Dynamic Sparse Training achieves prior art performance compared with other sparse training algorithms on various network architectures. Additionally, we have several surprising observations that provide strong evidence to the effectiveness and ef\ufb01ciency of our algorithm. These observations reveal the underlying problems of traditional three-stage pruning algorithms and present the potential guidance provided by our algorithm to the design of more compact network architectures.",
    "paper_type": "method",
    "attri": {
        "background": "This paper addresses the issue of efficiently training sparse neural networks, highlighting the limitations of traditional pruning methods that often involve multiple stages and do not allow for dynamic adjustments during training.",
        "problem": {
            "definition": "The problem pertains to the difficulty in training sparse neural networks while maintaining performance, especially given the static nature of existing pruning techniques.",
            "key obstacle": "The main challenge is that traditional pruning methods typically require a fixed structure after initial training, which can lead to suboptimal performance and inefficiencies."
        },
        "idea": {
            "intuition": "The idea was inspired by the need for a more flexible approach to network pruning that allows for real-time adjustments to the network structure during training.",
            "opinion": "The proposed idea is to develop a pruning algorithm, Dynamic Sparse Training, that integrates the optimization of network parameters and structure in a single process, enabling dynamic adjustments to pruning thresholds.",
            "innovation": "The primary innovation lies in the ability to adjust pruning thresholds dynamically through backpropagation, allowing for fine-grained control over the sparsity of the network throughout the training process."
        },
        "method": {
            "method name": "Dynamic Sparse Training",
            "method abbreviation": "DST",
            "method definition": "Dynamic Sparse Training is a novel algorithm that optimizes both the parameters and the sparse structure of neural networks in a unified manner, with adjustable pruning thresholds.",
            "method description": "The method focuses on training sparse neural networks from scratch while enabling dynamic layer-wise adjustments to pruning thresholds.",
            "method steps": "1. Initialize network parameters and structure. 2. Train the network while dynamically adjusting pruning thresholds through backpropagation. 3. Evaluate and refine the sparse network structure based on performance metrics.",
            "principle": "This method is effective because it allows for continuous optimization of both network parameters and sparsity, addressing the limitations of static pruning approaches and enhancing model performance."
        },
        "experiments": {
            "evaluation setting": "The experiments were conducted on various network architectures, comparing the performance of the Dynamic Sparse Training algorithm against traditional sparse training methods.",
            "evaluation method": "The performance was assessed by measuring accuracy and efficiency, analyzing the results after training across the same number of epochs as dense models."
        },
        "conclusion": "The results demonstrate that Dynamic Sparse Training achieves state-of-the-art performance in sparse neural network training, with minimal performance loss compared to dense models, indicating its effectiveness and efficiency.",
        "discussion": {
            "advantage": "Key advantages include the ability to train highly sparse models without significant performance degradation and the flexibility of dynamic threshold adjustments during training.",
            "limitation": "One limitation is that the method may require careful tuning of hyperparameters to achieve optimal performance, which could be a barrier for some practitioners.",
            "future work": "Future research could explore further refinements to the algorithm and its application to different types of neural architectures, as well as investigating the potential for automating threshold adjustments."
        },
        "other info": []
    },
    "mount_outline": [
        {
            "section number": "1.1",
            "key information": "The paper highlights the limitations of traditional pruning methods that often involve multiple stages and do not allow for dynamic adjustments during training, emphasizing the importance of pruning in improving model efficiency."
        },
        {
            "section number": "2.4",
            "key information": "The concepts of pruning, sparsity, and efficiency are addressed through the introduction of Dynamic Sparse Training, which allows for real-time adjustments to the network structure during training."
        },
        {
            "section number": "3.1",
            "key information": "Dynamic Sparse Training represents a structured approach to pruning that contrasts with traditional static methods, allowing for dynamic adjustments during the training process."
        },
        {
            "section number": "4.1",
            "key information": "The performance of Dynamic Sparse Training was assessed by measuring accuracy and efficiency, demonstrating its effectiveness compared to traditional sparse training methods."
        },
        {
            "section number": "5.1",
            "key information": "The results indicate that Dynamic Sparse Training achieves state-of-the-art performance in sparse neural network training, with minimal performance loss compared to dense models, thereby impacting model accuracy."
        },
        {
            "section number": "6.2",
            "key information": "Future research could explore further refinements to the Dynamic Sparse Training algorithm and its application to different types of neural architectures, indicating promising areas for further research."
        }
    ],
    "similarity_score": null,
    "image": null,
    "path": "/home/liudingyuan/code/SurveyX/code/SurveyX-main/outputs/t14a/papers/Dynamic sparse training_ Find efficient sparse network from scratch with trainable masked layers.json"
}