{
    "from": null,
    "scholar_id": null,
    "detail_id": null,
    "title": "Dynamic channel pruning: Feature boosting and suppression",
    "abstract": "Making deep convolutional neural networks more accurate typically comes at the cost of increased computational and memory resources. In this paper, we reduce this cost by exploiting the fact that the importance of features computed by convolutional layers is highly input-dependent, and propose feature boosting and suppression (FBS), a new method to predictively amplify salient convolutional channels and skip unimportant ones at run-time. FBS introduces small auxiliary connections to existing convolutional layers. In contrast to channel pruning methods which permanently remove channels, it preserves the full network structures and accelerates convolution by dynamically skipping unimportant input and output channels. FBS-augmented networks are trained with conventional stochastic gradient descent, making it readily available for many state-of-the-art CNNs. We compare FBS to a range of existing channel pruning and dynamic execution schemes and demonstrate large improvements on ImageNet classification. Experiments show that FBS can respectively provide $5\\times$ and $2\\times$ savings in compute on VGG-16 and ResNet-18, both with less than $0.6\\%$ top-5 accuracy loss.",
    "arxivid": "1810.05331v2",
    "bib_name": "Dynamiccha116",
    "md_text": "# Dynamic channel pruning: Feature boosting and suppression\n\n\nabstract\n\nMaking deep convolutional neural networks more accurate typically comes at the cost of increased computational and memory resources. In this paper, we reduce this cost by exploiting the fact that the importance of features computed by convolutional layers is highly input-dependent, and propose feature boosting and suppression (FBS), a new method to predictively amplify salient convolutional channels and skip unimportant ones at run-time. FBS introduces small auxiliary connections to existing convolutional layers. In contrast to channel pruning methods which permanently remove channels, it preserves the full network structures and accelerates convolution by dynamically skipping unimportant input and output channels. FBS-augmented networks are trained with conventional stochastic gradient descent, making it readily available for many state-of-the-art CNNs. We compare FBS to a range of existing channel pruning and dynamic execution schemes and demonstrate large improvements on ImageNet classification. Experiments show that FBS can respectively provide $5\\times$ and $2\\times$ savings in compute on VGG-16 and ResNet-18, both with less than $0.6\\%$ top-5 accuracy loss.",
    "paper_type": "method",
    "attri": {
        "background": "This paper addresses the issue of increasing computational and memory resources required to enhance the accuracy of deep convolutional neural networks (CNNs). Traditional methods often lead to a trade-off between accuracy and resource consumption, necessitating a breakthrough that allows for efficiency without sacrificing performance.",
        "problem": {
            "definition": "The problem is the inefficiency in resource utilization when increasing the accuracy of deep CNNs, where existing methods either do not optimize resource usage or result in a permanent loss of important channels.",
            "key obstacle": "The main difficulty is the inability of existing channel pruning methods to dynamically adjust to the input-dependent importance of features, leading to suboptimal performance and wasted computational resources."
        },
        "idea": {
            "intuition": "The intuition behind the proposed idea is that the importance of convolutional channels varies significantly based on the input, suggesting that a dynamic approach could optimize resource usage by selectively activating channels.",
            "opinion": "The proposed idea, feature boosting and suppression (FBS), aims to predictively amplify important convolutional channels while suppressing unimportant ones at run-time, thus maintaining the full network structure and improving efficiency.",
            "innovation": "The primary innovation of FBS lies in its ability to introduce small auxiliary connections to existing convolutional layers, allowing for dynamic skipping of unimportant channels rather than permanently removing them, which is a limitation of traditional channel pruning methods."
        },
        "method": {
            "method name": "Feature Boosting and Suppression",
            "method abbreviation": "FBS",
            "method definition": "FBS is a method that enhances the efficiency of deep CNNs by dynamically predicting which convolutional channels to amplify or suppress based on the input data.",
            "method description": "FBS augments existing convolutional networks by adding auxiliary connections that allow for the selective activation of channels during runtime.",
            "method steps": "1. Introduce auxiliary connections to convolutional layers. 2. Train the modified network using stochastic gradient descent. 3. Dynamically predict and amplify salient channels while skipping unimportant ones during inference.",
            "principle": "The effectiveness of FBS stems from its ability to adaptively respond to the input-dependent importance of features, thereby optimizing computational resources without sacrificing accuracy."
        },
        "experiments": {
            "evaluation setting": "The experiments were conducted on standard datasets like ImageNet, comparing FBS against various existing channel pruning and dynamic execution methods.",
            "evaluation method": "Performance was assessed by measuring the computational savings and accuracy loss during classification tasks, specifically looking at compute savings on models like VGG-16 and ResNet-18."
        },
        "conclusion": "The results demonstrate that FBS can achieve significant computational savings of 5x on VGG-16 and 2x on ResNet-18, with less than 0.6% top-5 accuracy loss, indicating its effectiveness in enhancing CNN performance while reducing resource consumption.",
        "discussion": {
            "advantage": "Key advantages of FBS include its ability to maintain the full network structure while dynamically optimizing channel usage, leading to substantial reductions in computation without significant accuracy loss.",
            "limitation": "A limitation of the method may include potential challenges in accurately predicting channel importance in real-time, which could affect performance in highly variable input scenarios.",
            "future work": "Future research could explore improvements in the prediction algorithms for channel importance, as well as adaptations of FBS to other neural network architectures beyond CNNs."
        },
        "other info": []
    },
    "mount_outline": [
        {
            "section number": "2.2",
            "key information": "FBS enhances the efficiency of deep CNNs by dynamically predicting which convolutional channels to amplify or suppress based on the input data."
        },
        {
            "section number": "2.4",
            "key information": "Pruning methods often lead to a trade-off between accuracy and resource consumption, necessitating a breakthrough that allows for efficiency without sacrificing performance."
        },
        {
            "section number": "3.3",
            "key information": "The primary innovation of FBS lies in its ability to introduce small auxiliary connections to existing convolutional layers, allowing for dynamic skipping of unimportant channels rather than permanently removing them."
        },
        {
            "section number": "4.2",
            "key information": "Performance was assessed by measuring the computational savings and accuracy loss during classification tasks, achieving significant computational savings of 5x on VGG-16 and 2x on ResNet-18."
        },
        {
            "section number": "5.1",
            "key information": "The results indicate that FBS can maintain less than 0.6% top-5 accuracy loss while achieving substantial reductions in computation."
        },
        {
            "section number": "6.2",
            "key information": "Future research could explore improvements in the prediction algorithms for channel importance, as well as adaptations of FBS to other neural network architectures beyond CNNs."
        }
    ],
    "similarity_score": null,
    "image": null,
    "path": "/home/liudingyuan/code/SurveyX/code/SurveyX-main/outputs/t14a/papers/Dynamic channel pruning_ Feature boosting and suppression.json"
}