{
    "from": null,
    "scholar_id": null,
    "detail_id": null,
    "title": "Dynamic convolution: Attention over convolution kernels",
    "abstract": "Light-weight convolutional neural networks (CNNs) suffer performance degradation as their low computational budgets constrain both the depth (number of convolution layers) and the width (number of channels) of CNNs, resulting in limited representation capability. To address this issue, we present Dynamic Convolution, a new design that increases model complexity without increasing the network depth or width. Instead of using a single convolution kernel per layer, dynamic convolution aggregates multiple parallel convolution kernels dynamically based upon their attentions, which are input dependent. Assembling multiple kernels is not only computationally efficient due to the small kernel size, but also has more representation power since these kernels are aggregated in a non-linear way via attention. By simply using dynamic convolution for the state-of-the-art architecture MobileNetV3-Small, the top-1 accuracy of ImageNet classification is boosted by 2.9% with only 4% additional FLOPs and 2.9 AP gain is achieved on COCO keypoint detection.",
    "arxivid": "1912.03458v2",
    "bib_name": "Dynamiccon172",
    "md_text": "# Dynamic convolution: Attention over convolution kernels\n\n\nabstract\n\nLight-weight convolutional neural networks (CNNs) suffer performance degradation as their low computational budgets constrain both the depth (number of convolution layers) and the width (number of channels) of CNNs, resulting in limited representation capability. To address this issue, we present Dynamic Convolution, a new design that increases model complexity without increasing the network depth or width. Instead of using a single convolution kernel per layer, dynamic convolution aggregates multiple parallel convolution kernels dynamically based upon their attentions, which are input dependent. Assembling multiple kernels is not only computationally efficient due to the small kernel size, but also has more representation power since these kernels are aggregated in a non-linear way via attention. By simply using dynamic convolution for the state-of-the-art architecture MobileNetV3-Small, the top-1 accuracy of ImageNet classification is boosted by 2.9% with only 4% additional FLOPs and 2.9 AP gain is achieved on COCO keypoint detection.",
    "paper_type": "method",
    "attri": {
        "background": "Light-weight convolutional neural networks (CNNs) suffer performance degradation as their low computational budgets constrain both the depth and width of CNNs, resulting in limited representation capability. Previous methods have struggled to enhance performance without increasing complexity, highlighting the necessity for a new breakthrough.",
        "problem": {
            "definition": "The problem addressed in this paper is the limited representation capability of light-weight CNNs due to constraints on depth and width.",
            "key obstacle": "The core obstacle is the inability of existing methods to effectively increase model complexity without compromising computational efficiency."
        },
        "idea": {
            "intuition": "The idea was inspired by the observation that aggregating multiple convolution kernels dynamically based on input-dependent attentions could enhance representation power without increasing depth or width.",
            "opinion": "Dynamic Convolution proposes to use multiple parallel convolution kernels that are aggregated based on their attentions, allowing for a more powerful representation.",
            "innovation": "The primary innovation lies in the dynamic aggregation of convolution kernels, which offers a non-linear combination of kernels that improves representation capability while maintaining computational efficiency."
        },
        "method": {
            "method name": "Dynamic Convolution",
            "method abbreviation": "DC",
            "method definition": "Dynamic Convolution is a method that aggregates multiple convolution kernels dynamically based on input-dependent attentions, enhancing the model's representation power without increasing its depth or width.",
            "method description": "The core of Dynamic Convolution involves using multiple convolution kernels that are combined dynamically through attention mechanisms.",
            "method steps": "1. Identify multiple convolution kernels for a layer. 2. Compute attentions for each kernel based on the input. 3. Aggregate the kernels based on their computed attentions.",
            "principle": "This method is effective because it allows for a flexible representation that adapts to the input, leveraging the strengths of multiple kernels while keeping computational costs low."
        },
        "experiments": {
            "evaluation setting": "Dynamic Convolution was implemented in the MobileNetV3-Small architecture, evaluated on ImageNet classification and COCO keypoint detection.",
            "evaluation method": "Performance was assessed by measuring top-1 accuracy on ImageNet and average precision (AP) on COCO, comparing results with baseline methods."
        },
        "conclusion": "The implementation of Dynamic Convolution resulted in a 2.9% increase in top-1 accuracy for ImageNet classification with only a 4% increase in FLOPs, and a 2.9 AP gain on COCO keypoint detection, demonstrating its effectiveness.",
        "discussion": {
            "advantage": "The key advantages of Dynamic Convolution include enhanced representation capability without increasing model complexity and maintaining computational efficiency.",
            "limitation": "One limitation is that the method may require careful tuning of the attention mechanisms to ensure optimal performance across different tasks.",
            "future work": "Future research could explore further optimizations in the attention mechanisms and investigate the applicability of Dynamic Convolution in other CNN architectures."
        },
        "other info": []
    },
    "mount_outline": [
        {
            "section number": "1.1",
            "key information": "Dynamic Convolution enhances representation capability without increasing depth or width, addressing the significance of pruning in improving model efficiency."
        },
        {
            "section number": "2.2",
            "key information": "Dynamic Convolution aggregates multiple convolution kernels dynamically based on input-dependent attentions, representing a model compression technique."
        },
        {
            "section number": "2.4",
            "key information": "Pruning, in the context of this paper, refers to the method of enhancing model representation while maintaining computational efficiency through dynamic aggregation of convolution kernels."
        },
        {
            "section number": "3.1",
            "key information": "Dynamic Convolution introduces a structured approach to pruning by using multiple parallel convolution kernels that adapt based on input attention."
        },
        {
            "section number": "4.1",
            "key information": "The implementation of Dynamic Convolution resulted in a 2.9% increase in top-1 accuracy for ImageNet classification, showcasing its effectiveness as a pruning method."
        },
        {
            "section number": "5.1",
            "key information": "Dynamic Convolution improves model accuracy while keeping computational costs low, as evidenced by the results on ImageNet and COCO datasets."
        },
        {
            "section number": "6.1",
            "key information": "Choosing Dynamic Convolution as a pruning method can enhance representation capability without increasing model complexity, which is a strategic consideration for optimizing network structures."
        },
        {
            "section number": "6.2",
            "key information": "Future research could explore further optimizations in the attention mechanisms of Dynamic Convolution, suggesting potential advancements in pruning techniques."
        }
    ],
    "similarity_score": null,
    "image": null,
    "path": "/home/liudingyuan/code/SurveyX/code/SurveyX-main/outputs/t14a/papers/Dynamic convolution_ Attention over convolution kernels.json"
}