{
    "from": null,
    "scholar_id": null,
    "detail_id": null,
    "title": "EigenDamage: Structured pruning in the Kronecker-Factored eigenbasis",
    "abstract": "Reducing the test time resource requirements of a neural network while preserving test accuracy is crucial for running inference on resource-constrained devices. To achieve this goal, we introduce a novel network reparameterization based on the Kronecker-factored eigenbasis (KFE), and then apply Hessian-based structured pruning methods in this basis. As opposed to existing Hessian-based pruning algorithms which do pruning in parameter coordinates, our method works in the KFE where different weights are approximately independent, enabling accurate pruning and fast computation. We demonstrate empirically the effectiveness of the proposed method through extensive experiments. In particular, we highlight that the improvements are especially significant for more challenging datasets and networks. With negligible loss of accuracy, an iterative-pruning version gives a 10$\\times$ reduction in model size and a 8$\\times$ reduction in FLOPs on wide ResNet32.",
    "arxivid": "1905.05934v1",
    "bib_name": "EigenDamag126",
    "md_text": "# EigenDamage: Structured pruning in the Kronecker-Factored eigenbasis\n\n\nabstract\n\nReducing the test time resource requirements of a neural network while preserving test accuracy is crucial for running inference on resource-constrained devices. To achieve this goal, we introduce a novel network reparameterization based on the Kronecker-factored eigenbasis (KFE), and then apply Hessian-based structured pruning methods in this basis. As opposed to existing Hessian-based pruning algorithms which do pruning in parameter coordinates, our method works in the KFE where different weights are approximately independent, enabling accurate pruning and fast computation. We demonstrate empirically the effectiveness of the proposed method through extensive experiments. In particular, we highlight that the improvements are especially significant for more challenging datasets and networks. With negligible loss of accuracy, an iterative-pruning version gives a 10$\\times$ reduction in model size and a 8$\\times$ reduction in FLOPs on wide ResNet32.",
    "paper_type": "method",
    "attri": {
        "background": "This paper addresses the issue of reducing the test time resource requirements of neural networks while maintaining accuracy, particularly for deployment on resource-constrained devices. Previous methods primarily focused on pruning in parameter coordinates, which limits the independence of weights and affects the efficiency of pruning.",
        "problem": {
            "definition": "The problem is to efficiently reduce the size and computational demands of neural networks without significantly compromising their accuracy during inference.",
            "key obstacle": "The core obstacle is that existing Hessian-based pruning methods operate in parameter coordinates, which do not account for the independence of weights in the network, leading to suboptimal pruning outcomes."
        },
        "idea": {
            "intuition": "The idea is inspired by the observation that weights can be treated as approximately independent when represented in the Kronecker-factored eigenbasis, allowing for more effective pruning strategies.",
            "opinion": "The proposed idea entails a novel network reparameterization using the Kronecker-factored eigenbasis and applying structured pruning methods in this space, which improves the pruning process.",
            "innovation": "The primary innovation of this method is its ability to perform pruning in the KFE, which contrasts with traditional methods that work in parameter coordinates, leading to more accurate pruning and faster computations."
        },
        "method": {
            "method name": "EigenDamage",
            "method abbreviation": "ED",
            "method definition": "EigenDamage is a structured pruning method that operates in the Kronecker-factored eigenbasis, utilizing Hessian information to effectively prune neural network weights.",
            "method description": "The method involves reparameterizing the network in the KFE and applying structured pruning techniques based on Hessian analysis.",
            "method steps": "1. Reparameterize the network using the Kronecker-factored eigenbasis. 2. Analyze the Hessian to determine the importance of weights. 3. Apply structured pruning based on the importance scores. 4. Iteratively prune and fine-tune the network.",
            "principle": "This method is effective because it leverages the independence of weights in the KFE, allowing for more precise pruning decisions that maintain accuracy while reducing model size and computational burden."
        },
        "experiments": {
            "evaluation setting": "Extensive experiments were conducted on various datasets and neural network architectures, particularly focusing on challenging datasets to demonstrate the method's effectiveness.",
            "evaluation method": "The evaluation involved measuring the reduction in model size and FLOPs, as well as monitoring the accuracy drop across iterations of pruning."
        },
        "conclusion": "The experiments show that EigenDamage achieves significant reductions in model size (10x) and FLOPs (8x) on wide ResNet32 with negligible accuracy loss, demonstrating its effectiveness in structured pruning.",
        "discussion": {
            "advantage": "The key advantage of EigenDamage is its ability to perform effective structured pruning in a way that respects the independence of weights, leading to better pruning outcomes compared to traditional methods.",
            "limitation": "One limitation is that the method may require careful tuning of hyperparameters to achieve optimal results, which could be challenging in practice.",
            "future work": "Future research could explore further enhancements to the pruning algorithm, investigate its application to other neural network architectures, and develop automated tuning strategies."
        },
        "other info": []
    },
    "mount_outline": [
        {
            "section number": "1.1",
            "key information": "The significance of pruning lies in its ability to reduce test time resource requirements of neural networks while maintaining accuracy, particularly for deployment on resource-constrained devices."
        },
        {
            "section number": "2.2",
            "key information": "EigenDamage is a structured pruning method that operates in the Kronecker-factored eigenbasis, utilizing Hessian information to effectively prune neural network weights."
        },
        {
            "section number": "2.4",
            "key information": "Pruning, as defined in this paper, involves reducing the size and computational demands of neural networks without significantly compromising their accuracy during inference."
        },
        {
            "section number": "3.1",
            "key information": "The EigenDamage method contrasts with traditional pruning methods that operate in parameter coordinates, allowing for more accurate pruning and faster computations."
        },
        {
            "section number": "4.1",
            "key information": "The evaluation of EigenDamage involved measuring the reduction in model size and FLOPs, as well as monitoring the accuracy drop across iterations of pruning."
        },
        {
            "section number": "5.1",
            "key information": "EigenDamage achieves significant reductions in model size (10x) and FLOPs (8x) on wide ResNet32 with negligible accuracy loss."
        },
        {
            "section number": "6.2",
            "key information": "Future research could explore further enhancements to the pruning algorithm, investigate its application to other neural network architectures, and develop automated tuning strategies."
        }
    ],
    "similarity_score": null,
    "image": null,
    "path": "/home/liudingyuan/code/SurveyX/code/SurveyX-main/outputs/t14a/papers/EigenDamage_ Structured pruning in the Kronecker-Factored eigenbasis.json"
}