{
    "from": null,
    "scholar_id": null,
    "detail_id": null,
    "title": "Exact solutions to the nonlinear dynamics of learning in deep linear neural networks",
    "abstract": "Despite the widespread practical success of deep learning methods, our theoretical understanding of the dynamics of learning in deep neural networks remains quite sparse. We attempt to bridge the gap between the theory and practice of deep learning by systematically analyzing learning dynamics for the restricted case of deep linear neural networks. Despite the linearity of their input-output map, such networks have nonlinear gradient descent dynamics on weights that change with the addition of each new hidden layer. We show that deep linear networks exhibit nonlinear learning phenomena similar to those seen in simulations of nonlinear networks, including long plateaus followed by rapid transitions to lower error solutions, and faster convergence from greedy unsupervised pretraining initial conditions than from random initial conditions. We provide an analytical description of these phenomena by finding new exact solutions to the nonlinear dynamics of deep learning. Our theoretical analysis also reveals the surprising finding that as the depth of a network approaches infinity, learning speed can nevertheless remain finite: for a special class of initial conditions on the weights, very deep networks incur only a finite, depth independent, delay in learning speed relative to shallow networks. We show that, under certain conditions on the training data, unsupervised pretraining can find this special class of initial conditions, while scaled random Gaussian initializations cannot. We further exhibit a new class of random orthogonal initial conditions on weights that, like unsupervised pre-training, enjoys depth independent learning times. We further show that these initial conditions also lead to faithful propagation of gradients even in deep nonlinear networks, as long as they operate in a special regime known as the edge of chaos.",
    "arxivid": "1312.6120v3",
    "bib_name": "Exactsolut61",
    "md_text": "# Exact solutions to the nonlinear dynamics of learning in deep linear neural networks\n\n\nabstract\n\nDespite the widespread practical success of deep learning methods, our theoretical understanding of the dynamics of learning in deep neural networks remains quite sparse. We attempt to bridge the gap between the theory and practice of deep learning by systematically analyzing learning dynamics for the restricted case of deep linear neural networks. Despite the linearity of their input-output map, such networks have nonlinear gradient descent dynamics on weights that change with the addition of each new hidden layer. We show that deep linear networks exhibit nonlinear learning phenomena similar to those seen in simulations of nonlinear networks, including long plateaus followed by rapid transitions to lower error solutions, and faster convergence from greedy unsupervised pretraining initial conditions than from random initial conditions. We provide an analytical description of these phenomena by finding new exact solutions to the nonlinear dynamics of deep learning. Our theoretical analysis also reveals the surprising finding that as the depth of a network approaches infinity, learning speed can nevertheless remain finite: for a special class of initial conditions on the weights, very deep networks incur only a finite, depth independent, delay in learning speed relative to shallow networks. We show that, under certain conditions on the training data, unsupervised pretraining can find this special class of initial conditions, while scaled random Gaussian initializations cannot. We further exhibit a new class of random orthogonal initial conditions on weights that, like unsupervised pre-training, enjoys depth independent learning times. We further show that these initial conditions also lead to faithful propagation of gradients even in deep nonlinear networks, as long as they operate in a special regime known as the edge of chaos.",
    "paper_type": "theory",
    "attri": {
        "background": "This paper addresses the issue of understanding the dynamics of learning in deep neural networks, specifically focusing on deep linear networks, which despite their linearity, exhibit complex nonlinear gradient descent dynamics.",
        "problem": {
            "definition": "The problem is the lack of theoretical understanding of the learning dynamics in deep linear neural networks, particularly how these dynamics relate to the network's depth.",
            "key obstacle": "The main challenge is to analyze and derive exact solutions for the nonlinear dynamics of learning in these networks, which are not straightforward due to their complex behavior."
        },
        "idea": {
            "intuition": "The idea was inspired by the observation that deep linear networks exhibit nonlinear learning phenomena similar to those in nonlinear networks.",
            "opinion": "The central idea is that deep linear networks can show significant nonlinear dynamics in their learning processes, despite their linear nature.",
            "innovation": "The primary improvement compared to previous methods is the analytical description of nonlinear dynamics in deep linear networks, revealing finite learning speeds even as network depth increases."
        },
        "Theory": {
            "perspective": "The theoretical perspective focuses on the nonlinear dynamics of learning in deep linear networks and how they can be analyzed through exact solutions.",
            "opinion": "The view is that learning dynamics can be understood more deeply through the study of specific initial conditions and their effects on learning speed.",
            "proof": "The proof involves deriving exact solutions that illustrate how learning speed can remain finite even with increasing network depth under certain conditions."
        },
        "experiments": {
            "evaluation setting": "The evaluation setting includes the use of various initial conditions, including unsupervised pretraining and random orthogonal initial conditions, to analyze their effects on learning dynamics.",
            "evaluation method": "The evaluation method involves systematic analysis of learning dynamics through simulations and analytical derivations, focusing on convergence rates and learning behaviors."
        },
        "conclusion": "The paper concludes that deep linear networks can exhibit nonlinear learning dynamics similar to those in nonlinear networks, with insights into how initial conditions affect learning speed and convergence.",
        "discussion": {
            "advantage": "The advantages of this paper include providing a theoretical framework for understanding learning dynamics in deep linear networks and demonstrating that certain initial conditions can lead to efficient learning.",
            "limitation": "A limitation is that the findings are primarily focused on deep linear networks, which may not fully capture the complexities of deeper nonlinear networks.",
            "future work": "Future work could explore the implications of these findings for nonlinear networks and investigate additional initial conditions that may further enhance learning efficiency."
        },
        "other info": []
    },
    "mount_outline": [
        {
            "section number": "2",
            "key information": "This paper addresses the issue of understanding the dynamics of learning in deep neural networks, specifically focusing on deep linear networks, which despite their linearity, exhibit complex nonlinear gradient descent dynamics."
        },
        {
            "section number": "2.4",
            "key information": "The problem is the lack of theoretical understanding of the learning dynamics in deep linear neural networks, particularly how these dynamics relate to the network's depth."
        },
        {
            "section number": "3.1",
            "key information": "The central idea is that deep linear networks can show significant nonlinear dynamics in their learning processes, despite their linear nature."
        },
        {
            "section number": "5.3",
            "key information": "The paper concludes that deep linear networks can exhibit nonlinear learning dynamics similar to those in nonlinear networks, with insights into how initial conditions affect learning speed and convergence."
        },
        {
            "section number": "6.2",
            "key information": "Future work could explore the implications of these findings for nonlinear networks and investigate additional initial conditions that may further enhance learning efficiency."
        }
    ],
    "similarity_score": null,
    "image": null,
    "path": "/home/liudingyuan/code/SurveyX/code/SurveyX-main/outputs/t14a/papers/Exact solutions to the nonlinear dynamics of learning in deep linear neural networks.json"
}