{
    "from": null,
    "scholar_id": null,
    "detail_id": null,
    "title": "Exploring linear relationship in feature map subspace for ConvNets compression",
    "abstract": "While the research on convolutional neural networks (CNNs) is progressing quickly, the real-world deployment of these models is often limited by computing resources and memory constraints. In this paper, we address this issue by proposing a novel filter pruning method to compress and accelerate CNNs. Our work is based on the linear relationship identified in different feature map subspaces via visualization of feature maps. Such linear relationship implies that the information in CNNs is redundant. Our method eliminates the redundancy in convolutional filters by applying subspace clustering to feature maps. In this way, most of the representative information in the network can be retained in each cluster. Therefore, our method provides an effective solution to filter pruning for which most existing methods directly remove filters based on simple heuristics. The proposed method is independent of the network structure, thus it can be adopted by any off-the-shelf deep learning libraries. Experiments on different networks and tasks show that our method outperforms existing techniques before fine-tuning, and achieves the state-of-the-art results after fine-tuning.",
    "arxivid": "1803.05729v1",
    "bib_name": "Exploringl178",
    "md_text": "# Exploring linear relationship in feature map subspace for ConvNets compression\n\n\nabstract\n\nWhile the research on convolutional neural networks (CNNs) is progressing quickly, the real-world deployment of these models is often limited by computing resources and memory constraints. In this paper, we address this issue by proposing a novel filter pruning method to compress and accelerate CNNs. Our work is based on the linear relationship identified in different feature map subspaces via visualization of feature maps. Such linear relationship implies that the information in CNNs is redundant. Our method eliminates the redundancy in convolutional filters by applying subspace clustering to feature maps. In this way, most of the representative information in the network can be retained in each cluster. Therefore, our method provides an effective solution to filter pruning for which most existing methods directly remove filters based on simple heuristics. The proposed method is independent of the network structure, thus it can be adopted by any off-the-shelf deep learning libraries. Experiments on different networks and tasks show that our method outperforms existing techniques before fine-tuning, and achieves the state-of-the-art results after fine-tuning.",
    "paper_type": "method",
    "attri": {
        "background": "This paper addresses the issue of computing resource limitations and memory constraints in the real-world deployment of convolutional neural networks (CNNs). It highlights the need for breakthroughs in filter pruning methods to effectively compress and accelerate CNNs, as previous methods often rely on simple heuristics.",
        "problem": {
            "definition": "The problem addressed in this paper is the redundancy in convolutional filters within CNNs, which hinders efficient deployment due to high resource demands.",
            "key obstacle": "The core obstacle is that existing methods for filter pruning often do not effectively eliminate redundancy, leading to suboptimal performance in resource-constrained environments."
        },
        "idea": {
            "intuition": "The proposed idea is inspired by the observation of linear relationships in different feature map subspaces, suggesting that the information contained in CNNs can be more efficiently represented.",
            "opinion": "The proposed method entails a novel filter pruning approach that utilizes subspace clustering of feature maps to retain representative information while eliminating redundant filters.",
            "innovation": "The key innovation of this method lies in its ability to perform filter pruning based on the identified linear relationships in feature map subspaces, as opposed to relying solely on heuristic-based methods."
        },
        "method": {
            "method name": "Subspace Clustering Filter Pruning",
            "method abbreviation": "SCFP",
            "method definition": "SCFP is a filter pruning method that applies subspace clustering to feature maps, effectively removing redundant filters while preserving essential information.",
            "method description": "The core of the method involves clustering feature maps to identify and prune redundant convolutional filters.",
            "method steps": "1. Visualize feature maps to identify linear relationships. 2. Apply subspace clustering to group similar feature maps. 3. Retain representative filters from each cluster while pruning redundant ones.",
            "principle": "This method is effective because it leverages the redundancy in feature maps, allowing for a more compact representation of the information contained in CNNs."
        },
        "experiments": {
            "evaluation setting": "Experiments were conducted on various networks and tasks to assess the performance of the proposed method against existing techniques.",
            "evaluation method": "The performance of the method was measured before and after fine-tuning, comparing the results with baseline methods."
        },
        "conclusion": "The proposed filter pruning method demonstrates superior performance compared to existing techniques, achieving state-of-the-art results after fine-tuning while effectively reducing redundancy in convolutional filters.",
        "discussion": {
            "advantage": "The key advantages of this approach include its independence from network structure and its ability to outperform existing methods in both pre-fine-tuning and post-fine-tuning scenarios.",
            "limitation": "One limitation of the method may be its reliance on the quality of the feature maps visualized, which could affect the clustering results.",
            "future work": "Future research could explore further enhancements to the clustering algorithm and investigate its applicability to other neural network architectures."
        },
        "other info": []
    },
    "mount_outline": [
        {
            "section number": "1.1",
            "key information": "The paper addresses computing resource limitations and memory constraints in the deployment of convolutional neural networks (CNNs), highlighting the significance of pruning for model efficiency."
        },
        {
            "section number": "2.2",
            "key information": "The proposed Subspace Clustering Filter Pruning (SCFP) method effectively removes redundant filters while preserving essential information, representing a model compression technique."
        },
        {
            "section number": "3.3",
            "key information": "The innovation of the SCFP method lies in its ability to perform filter pruning based on identified linear relationships in feature map subspaces, distinguishing it from heuristic-based methods."
        },
        {
            "section number": "4.1",
            "key information": "The paper evaluates the performance of the SCFP method against existing techniques, demonstrating superior results in accuracy and efficiency."
        },
        {
            "section number": "5.1",
            "key information": "The proposed method achieves state-of-the-art results after fine-tuning, effectively impacting model accuracy and inference time."
        },
        {
            "section number": "6.2",
            "key information": "Future research could explore enhancements to the clustering algorithm and its applicability to other neural network architectures, indicating promising directions for pruning research."
        }
    ],
    "similarity_score": null,
    "image": null,
    "path": "/home/liudingyuan/code/SurveyX/code/SurveyX-main/outputs/t14a/papers/Exploring linear relationship in feature map subspace for ConvNets compression.json"
}