{
    "from": null,
    "scholar_id": null,
    "detail_id": null,
    "title": "Fire together wire together: A dynamic pruning approach with self-supervised mask prediction",
    "abstract": "Dynamic model pruning is a recent direction that allows for the inference of a different sub-network for each input sample during deployment. However, current dynamic methods rely on learning a continuous channel gating through regularization by inducing sparsity loss. This formulation introduces complexity in balancing different losses (e.g task loss, regularization loss). In addition, regularization based methods lack transparent tradeoff hyper- parameter selection to realize a computational budget. Our contribution is two-fold: 1) decoupled task and pruning losses. 2) Simple hyperparameter selection that enables FLOPs reduction estimation before training. Inspired by the Hebbian theory in Neuroscience: \u201cneurons that fire together wire together\u201d, we propose to predict a mask to process k filters in a layer based on the activation of its previous layer. We pose the problem as a self-supervised binary classification problem. Each mask predictor module is trained to predict if the log-likelihood for each filter in the current layer belongs to the top-k activated filters. The value k is dynamically estimated for each input based on a novel criterion using the mass of heatmaps. We show experiments on several neural architectures, such as VGG, ResNet and MobileNet on CIFAR and ImageNet datasets. On CIFAR, we reach similar accuracy to SOTA methods with 15% and 24% higher FLOPs reduction. Similarly in ImageNet, we achieve lower drop in accuracy with up to 13% improvement in FLOPs reduction.",
    "arxivid": "2110.08232v4",
    "bib_name": "Firetogeth117",
    "md_text": "# Fire together wire together: A dynamic pruning approach with self-supervised mask prediction\n\n\nabstract\n\nDynamic model pruning is a recent direction that allows for the inference of a different sub-network for each input sample during deployment. However, current dynamic methods rely on learning a continuous channel gating through regularization by inducing sparsity loss. This formulation introduces complexity in balancing different losses (e.g task loss, regularization loss). In addition, regularization based methods lack transparent tradeoff hyper- parameter selection to realize a computational budget. Our contribution is two-fold: 1) decoupled task and pruning losses. 2) Simple hyperparameter selection that enables FLOPs reduction estimation before training. Inspired by the Hebbian theory in Neuroscience: \u201cneurons that fire together wire together\u201d, we propose to predict a mask to process k filters in a layer based on the activation of its previous layer. We pose the problem as a self-supervised binary classification problem. Each mask predictor module is trained to predict if the log-likelihood for each filter in the current layer belongs to the top-k activated filters. The value k is dynamically estimated for each input based on a novel criterion using the mass of heatmaps. We show experiments on several neural architectures, such as VGG, ResNet and MobileNet on CIFAR and ImageNet datasets. On CIFAR, we reach similar accuracy to SOTA methods with 15% and 24% higher FLOPs reduction. Similarly in ImageNet, we achieve lower drop in accuracy with up to 13% improvement in FLOPs reduction.",
    "paper_type": "method",
    "attri": {
        "background": "Dynamic model pruning is a recent direction that allows for the inference of a different sub-network for each input sample during deployment. Current dynamic methods rely on learning a continuous channel gating through regularization by inducing sparsity loss, which complicates balancing different losses and lacks transparent tradeoff hyper-parameter selection for computational budget realization.",
        "problem": {
            "definition": "The problem addressed in this paper is the complexity introduced by existing dynamic model pruning methods, particularly in balancing task loss and regularization loss while lacking effective hyperparameter selection for computational budgets.",
            "key obstacle": "The main difficulty is the challenge of balancing multiple loss functions and the absence of a clear method for hyperparameter selection, which limits the effectiveness of existing pruning strategies."
        },
        "idea": {
            "intuition": "Inspired by the Hebbian theory in Neuroscience, the idea is to predict a mask to process k filters in a layer based on the activation of its previous layer, reflecting the principle that 'neurons that fire together wire together'.",
            "opinion": "The proposed idea involves formulating the mask prediction as a self-supervised binary classification problem, where a mask predictor module is trained to identify the top-k activated filters.",
            "innovation": "The innovation lies in decoupling task and pruning losses and providing a simple hyperparameter selection method that allows for estimating FLOPs reduction prior to training, differing from existing methods that rely heavily on regularization."
        },
        "method": {
            "method name": "Dynamic Pruning with Self-Supervised Mask Prediction",
            "method abbreviation": "DPSMP",
            "method definition": "DPSMP predicts a mask for processing a dynamic number of filters in a layer based on the activations of the previous layer, using a self-supervised approach to classify top-k activated filters.",
            "method description": "The core of the method is the dynamic prediction of filter masks based on previous layer activations, allowing for efficient pruning during inference.",
            "method steps": "1) Train the mask predictor module to classify filters based on activation; 2) Dynamically estimate the value of k for each input; 3) Apply the predicted mask during inference.",
            "principle": "This method is effective due to its reliance on the activation patterns of previous layers, allowing for adaptive pruning that aligns with the input data characteristics."
        },
        "experiments": {
            "evaluation setting": "Experiments were conducted on several neural architectures, including VGG, ResNet, and MobileNet, using CIFAR and ImageNet datasets for evaluation.",
            "evaluation method": "The method's performance was assessed by comparing accuracy and FLOPs reduction against state-of-the-art methods, measuring how well the dynamic pruning approach maintains accuracy while reducing computational load."
        },
        "conclusion": "The experiments demonstrate that the proposed method achieves similar accuracy to state-of-the-art methods while providing significant reductions in FLOPs, with up to 24% higher reduction on CIFAR and improved efficiency on ImageNet.",
        "discussion": {
            "advantage": "The key advantages of the proposed approach include the ability to decouple task and pruning losses and a straightforward hyperparameter selection process that enhances flexibility and efficiency in model deployment.",
            "limitation": "The limitations of the method may include potential difficulties in accurately predicting the top-k filters in more complex architectures or varied datasets, which could impact performance.",
            "future work": "Future work could explore refining the mask prediction process, enhancing the adaptability of the method to different model architectures, and investigating the implications of this approach in real-time applications."
        },
        "other info": []
    },
    "mount_outline": [
        {
            "section number": "2.4",
            "key information": "Dynamic model pruning introduces complexity in balancing task loss and regularization loss, complicating hyperparameter selection for computational budgets."
        },
        {
            "section number": "3.1",
            "key information": "Dynamic Pruning with Self-Supervised Mask Prediction (DPSMP) predicts a mask for processing a dynamic number of filters based on previous layer activations."
        },
        {
            "section number": "4.1",
            "key information": "The proposed method achieves similar accuracy to state-of-the-art methods while providing significant reductions in FLOPs, demonstrating effectiveness in pruning."
        },
        {
            "section number": "5.2",
            "key information": "DPSMP allows for efficient pruning during inference, focusing on reducing computational load while maintaining accuracy."
        },
        {
            "section number": "6.1",
            "key information": "The method includes a straightforward hyperparameter selection process that enhances flexibility and efficiency in model deployment."
        },
        {
            "section number": "6.2",
            "key information": "Future work could explore refining the mask prediction process and enhancing the adaptability of the method to different model architectures."
        }
    ],
    "similarity_score": null,
    "image": null,
    "path": "/home/liudingyuan/code/SurveyX/code/SurveyX-main/outputs/t14a/papers/Fire together wire together_ A dynamic pruning approach with self-supervised mask prediction.json"
}