{
    "from": null,
    "scholar_id": null,
    "detail_id": null,
    "title": "Fluctuation-based adaptive structured pruning for large language models",
    "abstract": "Network Pruning is a promising way to address the huge computing resource demands of the deployment and inference of Large Language Models (LLMs). Retraining-free is important for LLMs' pruning methods. However, almost all of the existing retraining-free pruning approaches for LLMs focus on unstructured pruning, which requires specific hardware support for acceleration. In this paper, we propose a novel retraining-free structured pruning framework for LLMs, named FLAP (FLuctuation-based Adaptive\nStructured Pruning). It is hardware-friendly by effectively reducing storage and enhancing inference speed. For effective structured pruning of LLMs, we highlight three critical elements that demand the utmost attention: formulating structured importance metrics, adaptively searching the global compressed model, and implementing compensation mechanisms to mitigate performance loss. First, FLAP determines whether the output feature map is easily recoverable when a column of weight is removed, based on the fluctuation pruning metric. Then it standardizes the importance scores to adaptively determine the global compressed model structure. At last, FLAP adds additional bias terms to recover the output feature maps using the baseline values. We thoroughly evaluate our approach on a variety of language benchmarks. Without any retraining, our method significantly outperforms the state-of-the-art methods, including LLM-Pruner and the extension of Wanda in structured pruning. The code is released at https://github.com/CASIA-IVA-Lab/FLAP.",
    "arxivid": "2312.11983v1",
    "bib_name": "Fluctuatio114",
    "md_text": "# Fluctuation-based adaptive structured pruning for large language models\n\n\nabstract\n\nNetwork Pruning is a promising way to address the huge computing resource demands of the deployment and inference of Large Language Models (LLMs). Retraining-free is important for LLMs' pruning methods. However, almost all of the existing retraining-free pruning approaches for LLMs focus on unstructured pruning, which requires specific hardware support for acceleration. In this paper, we propose a novel retraining-free structured pruning framework for LLMs, named FLAP (FLuctuation-based Adaptive\nStructured Pruning). It is hardware-friendly by effectively reducing storage and enhancing inference speed. For effective structured pruning of LLMs, we highlight three critical elements that demand the utmost attention: formulating structured importance metrics, adaptively searching the global compressed model, and implementing compensation mechanisms to mitigate performance loss. First, FLAP determines whether the output feature map is easily recoverable when a column of weight is removed, based on the fluctuation pruning metric. Then it standardizes the importance scores to adaptively determine the global compressed model structure. At last, FLAP adds additional bias terms to recover the output feature maps using the baseline values. We thoroughly evaluate our approach on a variety of language benchmarks. Without any retraining, our method significantly outperforms the state-of-the-art methods, including LLM-Pruner and the extension of Wanda in structured pruning. The code is released at https://github.com/CASIA-IVA-Lab/FLAP.",
    "paper_type": "method",
    "attri": {
        "background": "This paper addresses the issue of high computing resource demands for deploying and inferring large language models (LLMs), highlighting the limitations of existing retraining-free pruning methods that focus primarily on unstructured pruning, which requires specific hardware support.",
        "problem": {
            "definition": "The problem involves the need for an efficient pruning method that can reduce the computational requirements of LLMs without necessitating retraining.",
            "key obstacle": "The main difficulty lies in the reliance of existing methods on unstructured pruning, which is not hardware-friendly and leads to performance issues."
        },
        "idea": {
            "intuition": "The proposed idea is inspired by the need for a pruning method that is both effective and compatible with existing hardware, leading to the development of a structured pruning approach.",
            "opinion": "The idea entails a novel retraining-free structured pruning framework called FLAP, which aims to enhance inference speed and reduce storage requirements for LLMs.",
            "innovation": "FLAP differs from existing approaches by focusing on structured pruning rather than unstructured methods, incorporating fluctuation metrics and adaptive mechanisms to improve performance."
        },
        "method": {
            "method name": "FLAP",
            "method abbreviation": "FLuctuation-based Adaptive Structured Pruning",
            "method definition": "FLAP is a structured pruning framework that determines the recoverability of output feature maps when weights are removed, allowing for efficient model compression without retraining.",
            "method description": "FLAP effectively reduces storage and enhances inference speed through structured pruning by utilizing fluctuation metrics and adaptive searching.",
            "method steps": [
                "Determine recoverability of output feature maps based on fluctuation pruning metrics.",
                "Standardize importance scores to adaptively define the global compressed model structure.",
                "Implement compensation mechanisms by adding bias terms to recover output feature maps."
            ],
            "principle": "The effectiveness of FLAP is based on its ability to adaptively assess and modify the model structure while mitigating performance loss through compensation mechanisms."
        },
        "experiments": {
            "evaluation setting": "The experiments were conducted on a variety of language benchmarks to evaluate the performance of FLAP against state-of-the-art methods like LLM-Pruner and Wanda.",
            "evaluation method": "The evaluation involved measuring the performance of FLAP without retraining and comparing it to existing structured pruning methods."
        },
        "conclusion": "The results demonstrate that FLAP significantly outperforms existing state-of-the-art methods in structured pruning, achieving better performance without the need for retraining.",
        "discussion": {
            "advantage": "The key advantages of FLAP include its retraining-free approach, hardware-friendly nature, and significant performance improvements over existing methods.",
            "limitation": "One limitation of the method is that it may not address all scenarios of model deployment, particularly those requiring unstructured pruning.",
            "future work": "Future research could explore further enhancements to the compensation mechanisms and investigate the applicability of FLAP in different model architectures."
        },
        "other info": {
            "code repository": "The code for FLAP is available at https://github.com/CASIA-IVA-Lab/FLAP."
        }
    },
    "mount_outline": [
        {
            "section number": "1.1",
            "key information": "The paper addresses the issue of high computing resource demands for deploying and inferring large language models (LLMs), highlighting the limitations of existing retraining-free pruning methods that focus primarily on unstructured pruning."
        },
        {
            "section number": "2.2",
            "key information": "The paper proposes a novel retraining-free structured pruning framework called FLAP, which aims to enhance inference speed and reduce storage requirements for LLMs."
        },
        {
            "section number": "3.1",
            "key information": "FLAP focuses on structured pruning rather than unstructured methods, incorporating fluctuation metrics and adaptive mechanisms to improve performance."
        },
        {
            "section number": "4.1",
            "key information": "The evaluation involved measuring the performance of FLAP without retraining and comparing it to existing structured pruning methods like LLM-Pruner and Wanda."
        },
        {
            "section number": "5.1",
            "key information": "The results demonstrate that FLAP significantly outperforms existing state-of-the-art methods in structured pruning, achieving better performance without the need for retraining."
        },
        {
            "section number": "6.2",
            "key information": "Future research could explore further enhancements to the compensation mechanisms and investigate the applicability of FLAP in different model architectures."
        }
    ],
    "similarity_score": null,
    "image": null,
    "path": "/home/liudingyuan/code/SurveyX/code/SurveyX-main/outputs/t14a/papers/Fluctuation-based adaptive structured pruning for large language models.json"
}