{
    "from": null,
    "scholar_id": null,
    "detail_id": null,
    "title": "From dense to sparse: Contrastive pruning for better pre-trained language model compression",
    "abstract": "Pre-trained Language Models (PLMs) have achieved great success in various Natural Language Processing (NLP) tasks under the pre-training and fine-tuning paradigm. \n With large quantities of parameters, PLMs are computation-intensive and resource-hungry. Hence, model pruning has been introduced to compress large-scale PLMs. \n However, most prior approaches only consider task-specific knowledge towards downstream tasks, but ignore the essential task-agnostic knowledge during pruning, which may cause catastrophic forgetting problem and lead to poor generalization ability. \n To maintain both task-agnostic and task-specific knowledge in our pruned model, we propose ContrAstive Pruning (CAP) under the paradigm of pre-training and fine-tuning. \n It is designed as a general framework, compatible with both structured and unstructured pruning. \n Unified in contrastive learn- ing, CAP enables the pruned model to learn from the pre-trained model for task-agnostic knowledge, and fine-tuned model for task-specific knowledge. \n Besides, to better retain the performance of the pruned model, the snapshots (i.e., the intermediate models at each pruning iteration) also serve as effective supervisions for pruning. \n Our extensive experiments show that adopting CAP consistently yields significant improvements, especially in extremely high sparsity scenarios. \n With only 3% model parameters reserved (i.e., 97% sparsity), CAP successfully achieves 99.2% and 96.3% of the original BERT performance in QQP and MNLI tasks. \n In addition, our probing experiments demonstrate that the model pruned by CAP tends to achieve better generalization ability.",
    "arxivid": "2112.07198v1",
    "bib_name": "Fromdenset199",
    "md_text": "# From dense to sparse: Contrastive pruning for better pre-trained language model compression\n\n\nabstract\n\nPre-trained Language Models (PLMs) have achieved great success in various Natural Language Processing (NLP) tasks under the pre-training and fine-tuning paradigm. \n With large quantities of parameters, PLMs are computation-intensive and resource-hungry. Hence, model pruning has been introduced to compress large-scale PLMs. \n However, most prior approaches only consider task-specific knowledge towards downstream tasks, but ignore the essential task-agnostic knowledge during pruning, which may cause catastrophic forgetting problem and lead to poor generalization ability. \n To maintain both task-agnostic and task-specific knowledge in our pruned model, we propose ContrAstive Pruning (CAP) under the paradigm of pre-training and fine-tuning. \n It is designed as a general framework, compatible with both structured and unstructured pruning. \n Unified in contrastive learn- ing, CAP enables the pruned model to learn from the pre-trained model for task-agnostic knowledge, and fine-tuned model for task-specific knowledge. \n Besides, to better retain the performance of the pruned model, the snapshots (i.e., the intermediate models at each pruning iteration) also serve as effective supervisions for pruning. \n Our extensive experiments show that adopting CAP consistently yields significant improvements, especially in extremely high sparsity scenarios. \n With only 3% model parameters reserved (i.e., 97% sparsity), CAP successfully achieves 99.2% and 96.3% of the original BERT performance in QQP and MNLI tasks. \n In addition, our probing experiments demonstrate that the model pruned by CAP tends to achieve better generalization ability.",
    "paper_type": "method",
    "attri": {
        "background": "Pre-trained Language Models (PLMs) have achieved great success in various Natural Language Processing (NLP) tasks under the pre-training and fine-tuning paradigm. With large quantities of parameters, PLMs are computation-intensive and resource-hungry. Hence, model pruning has been introduced to compress large-scale PLMs. However, most prior approaches only consider task-specific knowledge towards downstream tasks, but ignore the essential task-agnostic knowledge during pruning, which may cause catastrophic forgetting problem and lead to poor generalization ability.",
        "problem": {
            "definition": "The problem addressed is the inefficiency and performance degradation of large-scale PLMs when pruned without considering both task-specific and task-agnostic knowledge.",
            "key obstacle": "The core obstacle is the catastrophic forgetting of task-agnostic knowledge during the pruning process, which negatively impacts the model's generalization ability."
        },
        "idea": {
            "intuition": "The intuition behind the proposed idea is to leverage both task-agnostic and task-specific knowledge during the pruning process to enhance the model's performance.",
            "opinion": "The proposed idea, ContrAstive Pruning (CAP), aims to maintain both types of knowledge by using a unified contrastive learning approach.",
            "innovation": "The primary innovation of CAP lies in its ability to integrate knowledge from both the pre-trained model for task-agnostic understanding and the fine-tuned model for task-specific performance, which differentiates it from existing pruning methods."
        },
        "method": {
            "method name": "ContrAstive Pruning",
            "method abbreviation": "CAP",
            "method definition": "CAP is a general framework for model pruning that incorporates both task-agnostic and task-specific knowledge through a contrastive learning approach.",
            "method description": "CAP enables the pruned model to learn from both the pre-trained and fine-tuned models to retain essential knowledge while compressing the model.",
            "method steps": "1. Initialize with a pre-trained model. 2. Apply structured or unstructured pruning. 3. Use snapshots of intermediate models as supervision. 4. Fine-tune the pruned model.",
            "principle": "CAP is effective because it preserves critical task-agnostic knowledge while also adapting to task-specific requirements, thereby reducing performance loss during pruning."
        },
        "experiments": {
            "evaluation setting": "The experiments were conducted on the QQP and MNLI tasks, comparing the performance of models pruned using CAP against baseline methods.",
            "evaluation method": "Performance was measured by evaluating the accuracy of the pruned models on QQP and MNLI tasks, specifically assessing the retention of performance at high levels of sparsity."
        },
        "conclusion": "The experiments demonstrate that CAP consistently yields significant improvements in model performance, especially under high sparsity conditions, achieving 99.2% and 96.3% of the original BERT performance in QQP and MNLI tasks, respectively.",
        "discussion": {
            "advantage": "The key advantages of CAP include its ability to maintain high performance at extreme sparsity levels and improved generalization ability over traditional pruning methods.",
            "limitation": "One limitation of the method may be its reliance on the quality of the pre-trained and fine-tuned models, which could affect the pruning outcomes.",
            "future work": "Future research could explore further enhancements in the pruning process and the integration of additional knowledge types to improve generalization and performance."
        },
        "other info": []
    },
    "mount_outline": [
        {
            "section number": "1.1",
            "key information": "Model pruning has been introduced to compress large-scale Pre-trained Language Models (PLMs) due to their computation-intensive and resource-hungry nature."
        },
        {
            "section number": "1.2",
            "key information": "The proposed idea, ContrAstive Pruning (CAP), aims to maintain both task-agnostic and task-specific knowledge during the pruning process to enhance model performance."
        },
        {
            "section number": "2.2",
            "key information": "CAP is a general framework for model pruning that incorporates both task-agnostic and task-specific knowledge through a contrastive learning approach."
        },
        {
            "section number": "3.3",
            "key information": "The primary innovation of CAP lies in its ability to integrate knowledge from both the pre-trained model for task-agnostic understanding and the fine-tuned model for task-specific performance."
        },
        {
            "section number": "4.1",
            "key information": "Performance was measured by evaluating the accuracy of the pruned models on QQP and MNLI tasks, specifically assessing the retention of performance at high levels of sparsity."
        },
        {
            "section number": "5.1",
            "key information": "CAP consistently yields significant improvements in model performance, achieving 99.2% and 96.3% of the original BERT performance in QQP and MNLI tasks, respectively."
        },
        {
            "section number": "6.2",
            "key information": "Future research could explore further enhancements in the pruning process and the integration of additional knowledge types to improve generalization and performance."
        }
    ],
    "similarity_score": null,
    "image": null,
    "path": "/home/liudingyuan/code/SurveyX/code/SurveyX-main/outputs/t14a/papers/From dense to sparse_ Contrastive pruning for better pre-trained language model compression.json"
}