{
    "from": null,
    "scholar_id": null,
    "detail_id": null,
    "title": "GAN slimming: All-in-one GAN compression by a unified optimization framework",
    "abstract": "Generative adversarial networks (GANs) have gained increasing popularity in various computer vision applications, and recently start to be deployed to resource-constrained mobile devices. Similar to other deep models, state-of-the-art GANs suffer from high parameter complexities. That has recently motivated the exploration of compressing GANs (usually generators). Compared to the vast literature and prevailing success in compressing deep classifiers, the study of GAN compression remains in its infancy, so far leveraging individual compression techniques instead of more sophisticated combinations. We observe that due to the notorious instability of training GANs, heuristically stacking different compression techniques will result in unsatisfactory results. To this end, we propose the first unified optimization framework combining multiple compression means for GAN compression, dubbed GAN Slimming (GS). GS seamlessly integrates three mainstream compression techniques: model distillation, channel pruning and quantization, together with the GAN minimax objective, into one unified optimization form, that can be efficiently optimized from end to end. Without bells and whistles, GS largely outperforms existing options in compressing image-to-image translation GANs. Specifically, we apply GS to compress CartoonGAN, a state-of-the-art style transfer network, by up to 47 times, with minimal visual quality degradation. Codes and pre-trained models can be found at this https URL.",
    "arxivid": "2008.11062v1",
    "bib_name": "GANslimmin169",
    "md_text": "# GAN slimming: All-in-one GAN compression by a unified optimization framework\n\n\nabstract\n\nGenerative adversarial networks (GANs) have gained increasing popularity in various computer vision applications, and recently start to be deployed to resource-constrained mobile devices. Similar to other deep models, state-of-the-art GANs suffer from high parameter complexities. That has recently motivated the exploration of compressing GANs (usually generators). Compared to the vast literature and prevailing success in compressing deep classifiers, the study of GAN compression remains in its infancy, so far leveraging individual compression techniques instead of more sophisticated combinations. We observe that due to the notorious instability of training GANs, heuristically stacking different compression techniques will result in unsatisfactory results. To this end, we propose the first unified optimization framework combining multiple compression means for GAN compression, dubbed GAN Slimming (GS). GS seamlessly integrates three mainstream compression techniques: model distillation, channel pruning and quantization, together with the GAN minimax objective, into one unified optimization form, that can be efficiently optimized from end to end. Without bells and whistles, GS largely outperforms existing options in compressing image-to-image translation GANs. Specifically, we apply GS to compress CartoonGAN, a state-of-the-art style transfer network, by up to 47 times, with minimal visual quality degradation. Codes and pre-trained models can be found at this https URL.",
    "paper_type": "method",
    "attri": {
        "background": "Generative adversarial networks (GANs) have gained increasing popularity in various computer vision applications, and recently start to be deployed to resource-constrained mobile devices. Similar to other deep models, state-of-the-art GANs suffer from high parameter complexities. The study of GAN compression remains in its infancy, leveraging individual compression techniques instead of more sophisticated combinations.",
        "problem": {
            "definition": "The paper aims to address the high parameter complexities of state-of-the-art GANs, which hinder their deployment on resource-constrained devices.",
            "key obstacle": "The notorious instability of training GANs leads to unsatisfactory results when heuristically stacking different compression techniques."
        },
        "idea": {
            "intuition": "The authors observed that existing methods for compressing GANs do not effectively combine multiple techniques due to the instability of GAN training.",
            "opinion": "The proposed idea is a unified optimization framework that integrates multiple compression techniques for GANs into a single process.",
            "innovation": "GAN Slimming (GS) combines model distillation, channel pruning, and quantization with the GAN minimax objective, allowing for efficient end-to-end optimization."
        },
        "method": {
            "method name": "GAN Slimming",
            "method abbreviation": "GS",
            "method definition": "A unified optimization framework that integrates multiple compression techniques for GANs into one cohesive approach.",
            "method description": "GS seamlessly integrates three mainstream compression techniques into a unified optimization form for GAN compression.",
            "method steps": "1. Model distillation; 2. Channel pruning; 3. Quantization; 4. Optimization of the GAN minimax objective.",
            "principle": "The effectiveness of GS lies in its ability to combine various compression methods while addressing the training instability inherent in GANs."
        },
        "experiments": {
            "evaluation setting": "GS was applied to compress CartoonGAN, a state-of-the-art style transfer network, by up to 47 times with minimal visual quality degradation.",
            "evaluation method": "The performance of the method was assessed by comparing the compressed GAN's efficiency and visual quality against existing compression options."
        },
        "conclusion": "GAN Slimming significantly outperforms existing methods in compressing image-to-image translation GANs, demonstrating its effectiveness and contribution to the field.",
        "discussion": {
            "advantage": "The key advantage of GS is its ability to integrate multiple compression techniques into a single framework, resulting in superior performance.",
            "limitation": "The study does not address potential challenges in applying GS to other types of GANs or in different contexts.",
            "future work": "Future research could explore the application of GS to various GAN architectures and further refine the optimization framework."
        },
        "other info": {
            "codes and models": "Available at the provided URL."
        }
    },
    "mount_outline": [
        {
            "section number": "2.2",
            "key information": "The study of GAN compression remains in its infancy, leveraging individual compression techniques instead of more sophisticated combinations."
        },
        {
            "section number": "2.4",
            "key information": "The proposed idea is a unified optimization framework that integrates multiple compression techniques for GANs into a single process."
        },
        {
            "section number": "3.1",
            "key information": "GAN Slimming (GS) combines model distillation, channel pruning, and quantization with the GAN minimax objective, allowing for efficient end-to-end optimization."
        },
        {
            "section number": "4.1",
            "key information": "GS was applied to compress CartoonGAN, a state-of-the-art style transfer network, by up to 47 times with minimal visual quality degradation."
        },
        {
            "section number": "5.1",
            "key information": "The effectiveness of GS lies in its ability to combine various compression methods while addressing the training instability inherent in GANs."
        },
        {
            "section number": "6.2",
            "key information": "Future research could explore the application of GS to various GAN architectures and further refine the optimization framework."
        }
    ],
    "similarity_score": null,
    "image": null,
    "path": "/home/liudingyuan/code/SurveyX/code/SurveyX-main/outputs/t14a/papers/GAN slimming_ All-in-one GAN compression by a unified optimization framework.json"
}