{
    "from": null,
    "scholar_id": null,
    "detail_id": null,
    "title": "GANs can play lottery tickets too",
    "abstract": "Deep generative adversarial networks (GANs) have gained growing popularity in numerous scenarios, while usually suffer from high parameter complexities for resource-constrained real-world applications. However, the compression of GANs has less been explored. A few works show that heuristically applying compression techniques normally leads to unsatisfactory results, due to the notorious training instability of GANs. In parallel, the lottery ticket hypothesis shows prevailing success on discriminative models, in locating sparse matching subnetworks capable of training in isolation to full model performance. In this work, we for the first time study the existence of such trainable matching subnetworks in deep GANs. For a range of GANs, we certainly find matching subnetworks at 67%-74% sparsity. We observe that with or without pruning discriminator has a minor effect on the existence and quality of matching subnetworks, while the initialization weights used in the discriminator play a significant role. We then show the powerful transferability of these subnetworks to unseen tasks. Furthermore, extensive experimental results demonstrate that our found subnetworks substantially outperform previous state-of-the-art GAN compression approaches in both image generation (e.g. SNGAN) and image-to-image translation GANs (e.g. CycleGAN). Codes available at https://github.com/VITA-Group/GAN-LTH.",
    "arxivid": "2106.00134v1",
    "bib_name": "GANscanpla88",
    "md_text": "# GANs can play lottery tickets too\n\n\nabstract\n\nDeep generative adversarial networks (GANs) have gained growing popularity in numerous scenarios, while usually suffer from high parameter complexities for resource-constrained real-world applications. However, the compression of GANs has less been explored. A few works show that heuristically applying compression techniques normally leads to unsatisfactory results, due to the notorious training instability of GANs. In parallel, the lottery ticket hypothesis shows prevailing success on discriminative models, in locating sparse matching subnetworks capable of training in isolation to full model performance. In this work, we for the first time study the existence of such trainable matching subnetworks in deep GANs. For a range of GANs, we certainly find matching subnetworks at 67%-74% sparsity. We observe that with or without pruning discriminator has a minor effect on the existence and quality of matching subnetworks, while the initialization weights used in the discriminator play a significant role. We then show the powerful transferability of these subnetworks to unseen tasks. Furthermore, extensive experimental results demonstrate that our found subnetworks substantially outperform previous state-of-the-art GAN compression approaches in both image generation (e.g. SNGAN) and image-to-image translation GANs (e.g. CycleGAN). Codes available at https://github.com/VITA-Group/GAN-LTH.",
    "paper_type": "method",
    "attri": {
        "background": "This paper addresses the issue of high parameter complexities in deep generative adversarial networks (GANs) for resource-constrained applications, highlighting the need for effective compression techniques due to the training instability associated with GANs.",
        "problem": {
            "definition": "The problem this paper aims to solve is the difficulty in compressing GANs while maintaining their performance due to inherent training instability.",
            "key obstacle": "The core obstacle is the challenge of applying compression techniques to GANs, which often results in unsatisfactory outcomes."
        },
        "idea": {
            "intuition": "The idea is inspired by the lottery ticket hypothesis, which has shown success in identifying sparse subnetworks in discriminative models that can train effectively.",
            "opinion": "The proposed idea involves exploring the existence of trainable matching subnetworks in deep GANs, which can be utilized for effective compression.",
            "innovation": "The primary innovation is the identification of matching subnetworks in GANs that can achieve 67%-74% sparsity while still performing comparably to full models, differing from previous methods that did not effectively leverage such subnetworks."
        },
        "method": {
            "method name": "Lottery Ticket Hypothesis in GANs",
            "method abbreviation": "LTH-GAN",
            "method definition": "This method involves identifying and utilizing sparse matching subnetworks within GANs to achieve effective model compression.",
            "method description": "The core of the method revolves around locating trainable subnetworks in GANs that can maintain performance despite significant parameter reduction.",
            "method steps": "1. Identify the existing GAN model. 2. Apply pruning techniques to locate matching subnetworks. 3. Evaluate the performance of these subnetworks on various tasks.",
            "principle": "The method is effective due to the underlying principle that certain subnetworks can be trained independently to achieve performance levels comparable to the full model, leveraging the lottery ticket hypothesis."
        },
        "experiments": {
            "evaluation setting": "The experiments involve a range of GANs, including SNGAN and CycleGAN, assessing the performance of identified subnetworks against previous state-of-the-art GAN compression methods.",
            "evaluation method": "Performance was measured by comparing the image generation capabilities and image-to-image translation quality of the subnetworks against baseline methods."
        },
        "conclusion": "The experiments demonstrate that the identified subnetworks significantly outperform existing GAN compression techniques, showcasing their effectiveness in both image generation and translation tasks.",
        "discussion": {
            "advantage": "The key advantages of the proposed approach include improved performance in GAN compression while maintaining model integrity and effectiveness.",
            "limitation": "A limitation of the method is its reliance on the initialization weights used in the discriminator, which can affect the quality of the matching subnetworks.",
            "future work": "Future research could explore further optimization of the pruning process and the applicability of this method to other types of neural networks beyond GANs."
        },
        "other info": []
    },
    "mount_outline": [
        {
            "section number": "2.2",
            "key information": "The paper addresses high parameter complexities in deep generative adversarial networks (GANs) for resource-constrained applications, highlighting the need for effective compression techniques."
        },
        {
            "section number": "2.4",
            "key information": "Key concepts include the lottery ticket hypothesis, which identifies sparse subnetworks that can be trained effectively, and the challenge of maintaining performance during GAN compression."
        },
        {
            "section number": "3.3",
            "key information": "The primary innovation is the identification of matching subnetworks in GANs that can achieve 67%-74% sparsity while still performing comparably to full models."
        },
        {
            "section number": "4.1",
            "key information": "Performance was measured by comparing the image generation capabilities and image-to-image translation quality of the subnetworks against baseline methods."
        },
        {
            "section number": "5.1",
            "key information": "The experiments demonstrate that the identified subnetworks significantly outperform existing GAN compression techniques, showcasing their effectiveness in both image generation and translation tasks."
        },
        {
            "section number": "6.2",
            "key information": "Future research could explore further optimization of the pruning process and the applicability of this method to other types of neural networks beyond GANs."
        }
    ],
    "similarity_score": null,
    "image": null,
    "path": "/home/liudingyuan/code/SurveyX/code/SurveyX-main/outputs/t14a/papers/GANs can play lottery tickets too.json"
}