{
    "from": null,
    "scholar_id": null,
    "detail_id": null,
    "title": "Gate Decorator: Global filter pruning method for accelerating deep convolutional neural networks",
    "abstract": "Filter pruning is one of the most effective ways to accelerate and compress convolutional neural networks (CNNs). In this work, we propose a global filter pruning algorithm called Gate Decorator, which transforms a vanilla CNN module by multiplying its output by the channel-wise scaling factors (i.e. gate). When the scaling factor is set to zero, it is equivalent to removing the corresponding filter. We use Taylor expansion to estimate the change in the loss function caused by setting the scaling factor to zero and use the estimation for the global filter importance ranking. Then we prune the network by removing those unimportant filters. After pruning, we merge all the scaling factors into its original module, so no special operations or structures are introduced. Moreover, we propose an iterative pruning framework called Tick-Tock to improve pruning accuracy. The extensive experiments demonstrate the effectiveness of our approaches. For example, we achieve the state-of-the-art pruning ratio on ResNet-56 by reducing 70% FLOPs without noticeable loss in accuracy. For ResNet-50 on ImageNet, our pruned model with 40% FLOPs reduction outperforms the baseline model by 0.31% in top-1 accuracy. Various datasets are used, including CIFAR-10, CIFAR-100, CUB-200, ImageNet ILSVRC-12 and PASCAL VOC 2011.",
    "arxivid": "1909.08174v1",
    "bib_name": "GateDecora13",
    "md_text": "# Gate Decorator: Global filter pruning method for accelerating deep convolutional neural networks\n\n\nabstract\n\nFilter pruning is one of the most effective ways to accelerate and compress convolutional neural networks (CNNs). In this work, we propose a global filter pruning algorithm called Gate Decorator, which transforms a vanilla CNN module by multiplying its output by the channel-wise scaling factors (i.e. gate). When the scaling factor is set to zero, it is equivalent to removing the corresponding filter. We use Taylor expansion to estimate the change in the loss function caused by setting the scaling factor to zero and use the estimation for the global filter importance ranking. Then we prune the network by removing those unimportant filters. After pruning, we merge all the scaling factors into its original module, so no special operations or structures are introduced. Moreover, we propose an iterative pruning framework called Tick-Tock to improve pruning accuracy. The extensive experiments demonstrate the effectiveness of our approaches. For example, we achieve the state-of-the-art pruning ratio on ResNet-56 by reducing 70% FLOPs without noticeable loss in accuracy. For ResNet-50 on ImageNet, our pruned model with 40% FLOPs reduction outperforms the baseline model by 0.31% in top-1 accuracy. Various datasets are used, including CIFAR-10, CIFAR-100, CUB-200, ImageNet ILSVRC-12 and PASCAL VOC 2011.",
    "paper_type": "method",
    "attri": {
        "background": "This paper addresses the issue of accelerating and compressing convolutional neural networks (CNNs) through filter pruning, highlighting the limitations of previous methods and the need for a more effective global filter pruning algorithm.",
        "problem": {
            "definition": "The problem is the inefficiency of deep CNNs in terms of computational resources and speed, which affects their deployment in real-time applications.",
            "key obstacle": "The main challenge is the difficulty in accurately determining which filters are unimportant and can be pruned without significantly impacting the model's performance."
        },
        "idea": {
            "intuition": "The idea is inspired by the observation that not all filters contribute equally to the model's performance, and that a global approach to filter pruning can enhance efficiency.",
            "opinion": "The proposed method, Gate Decorator, involves multiplying the output of CNN modules by channel-wise scaling factors, allowing for effective filter pruning by setting unimportant filters to zero.",
            "innovation": "The key innovation lies in the use of Taylor expansion for estimating the impact of removing filters on the loss function, which aids in accurately ranking filter importance globally."
        },
        "method": {
            "method name": "Gate Decorator",
            "method abbreviation": "GD",
            "method definition": "Gate Decorator is a global filter pruning algorithm that uses channel-wise scaling factors to determine and remove unimportant filters from CNNs.",
            "method description": "The method transforms CNN modules by applying scaling factors to their outputs, enabling effective filter pruning.",
            "method steps": [
                "Estimate the change in loss function using Taylor expansion when setting scaling factors to zero.",
                "Rank filters based on their importance using the estimated changes.",
                "Prune the network by removing filters that are deemed unimportant.",
                "Merge the remaining scaling factors back into the original module."
            ],
            "principle": "The effectiveness of this method stems from its ability to globally assess filter importance, allowing for a more informed pruning process that minimizes performance loss."
        },
        "experiments": {
            "evaluation setting": "Extensive experiments were conducted on various datasets, including CIFAR-10, CIFAR-100, CUB-200, ImageNet ILSVRC-12, and PASCAL VOC 2011, with baseline methods for comparison.",
            "evaluation method": "The performance of the method was assessed by measuring the pruning ratio and top-1 accuracy before and after applying the pruning algorithm."
        },
        "conclusion": "The experiments demonstrate that the Gate Decorator method achieves state-of-the-art pruning ratios, significantly reducing FLOPs while maintaining or improving accuracy, showcasing its effectiveness in accelerating CNNs.",
        "discussion": {
            "advantage": "The key advantages of the proposed approach include a high pruning ratio with minimal accuracy loss and the simplicity of integrating the method into existing CNN architectures.",
            "limitation": "One limitation of the method is that it may not perform equally well across all types of CNN architectures and datasets, potentially requiring further tuning.",
            "future work": "Future research may focus on enhancing the method's adaptability to various architectures and exploring more sophisticated techniques for filter importance estimation."
        },
        "other info": {}
    },
    "mount_outline": [
        {
            "section number": "1.1",
            "key information": "This paper addresses the issue of accelerating and compressing convolutional neural networks (CNNs) through filter pruning, highlighting the limitations of previous methods and the need for a more effective global filter pruning algorithm."
        },
        {
            "section number": "1.2",
            "key information": "The proposed method, Gate Decorator, involves multiplying the output of CNN modules by channel-wise scaling factors, allowing for effective filter pruning by setting unimportant filters to zero."
        },
        {
            "section number": "2.2",
            "key information": "Gate Decorator is a global filter pruning algorithm that uses channel-wise scaling factors to determine and remove unimportant filters from CNNs."
        },
        {
            "section number": "3.1",
            "key information": "The idea is inspired by the observation that not all filters contribute equally to the model's performance, and that a global approach to filter pruning can enhance efficiency."
        },
        {
            "section number": "4.1",
            "key information": "The performance of the method was assessed by measuring the pruning ratio and top-1 accuracy before and after applying the pruning algorithm."
        },
        {
            "section number": "5.1",
            "key information": "The experiments demonstrate that the Gate Decorator method achieves state-of-the-art pruning ratios, significantly reducing FLOPs while maintaining or improving accuracy."
        },
        {
            "section number": "6.2",
            "key information": "Future research may focus on enhancing the method's adaptability to various architectures and exploring more sophisticated techniques for filter importance estimation."
        }
    ],
    "similarity_score": null,
    "image": null,
    "path": "/home/liudingyuan/code/SurveyX/code/SurveyX-main/outputs/t14a/papers/Gate Decorator_ Global filter pruning method for accelerating deep convolutional neural networks.json"
}