{
    "from": null,
    "scholar_id": null,
    "detail_id": null,
    "title": "Global vision transformer pruning with hessian-aware saliency",
    "abstract": "Transformers yield state-of-the-art results across many tasks. However, their heuristically designed architecture impose huge computational costs during inference. This work aims on challenging the common design philosophy of the Vision Transformer (ViT) model with uniform dimension across all the stacked blocks in a model stage, where we redistribute the parameters both across transformer blocks and between different structures within the block via the first systematic attempt on global structural pruning. Dealing with diverse ViT structural components, we derive a novel Hessian-based structural pruning criteria comparable across all layers and structures, with latency-aware regularization for direct latency reduction. Performing iterative pruning on the DeiT-Base model leads to a new architecture family called NViT (Novel ViT), with a novel parameter redistribution that utilizes parameters more efficiently. On ImageNet-1K, NViT-Base achieves a $2.6\\times FLOPs$ reduction, $5.1\\times$ parameter reduction, and $1.9\\times run$-time speedup over the DeiT-Base model in a near lossless manner. Smaller NViT variants achieve more than 1% accuracy gain at the same throughput of the DeiT Small/Tiny variants, as well as a lossless $3.3\\times parameter$ reduction over the SWIN-Small model. These results outperform prior art by a large margin. Further analysis is provided on the parameter redistribution insight of NViT, where we show the high prunability of ViT models, distinct sensitivity within ViT block, and unique parameter distribution trend across stacked ViT blocks. Our insights provide viability for a simple yet effective parameter redistribution rule towards more efficient ViTs for off-the-shelf performance boost.",
    "arxivid": "2110.04869v2",
    "bib_name": "Globalvisi48",
    "md_text": "# Global vision transformer pruning with hessian-aware saliency\n\n\nabstract\n\nTransformers yield state-of-the-art results across many tasks. However, their heuristically designed architecture impose huge computational costs during inference. This work aims on challenging the common design philosophy of the Vision Transformer (ViT) model with uniform dimension across all the stacked blocks in a model stage, where we redistribute the parameters both across transformer blocks and between different structures within the block via the first systematic attempt on global structural pruning. Dealing with diverse ViT structural components, we derive a novel Hessian-based structural pruning criteria comparable across all layers and structures, with latency-aware regularization for direct latency reduction. Performing iterative pruning on the DeiT-Base model leads to a new architecture family called NViT (Novel ViT), with a novel parameter redistribution that utilizes parameters more efficiently. On ImageNet-1K, NViT-Base achieves a $2.6\\times FLOPs$ reduction, $5.1\\times$ parameter reduction, and $1.9\\times run$-time speedup over the DeiT-Base model in a near lossless manner. Smaller NViT variants achieve more than 1% accuracy gain at the same throughput of the DeiT Small/Tiny variants, as well as a lossless $3.3\\times parameter$ reduction over the SWIN-Small model. These results outperform prior art by a large margin. Further analysis is provided on the parameter redistribution insight of NViT, where we show the high prunability of ViT models, distinct sensitivity within ViT block, and unique parameter distribution trend across stacked ViT blocks. Our insights provide viability for a simple yet effective parameter redistribution rule towards more efficient ViTs for off-the-shelf performance boost.",
    "paper_type": "method",
    "attri": {
        "background": "Transformers yield state-of-the-art results across many tasks. However, their heuristically designed architecture imposes huge computational costs during inference. This work challenges the common design philosophy of the Vision Transformer (ViT) model, which uses a uniform dimension across all stacked blocks, by introducing a systematic approach to global structural pruning.",
        "problem": {
            "definition": "The primary issue addressed is the inefficiency in the architectural design of Vision Transformers, leading to excessive computational costs during inference.",
            "key obstacle": "The main difficulty is the uniformity in dimensions across transformer blocks, which limits flexibility in parameter allocation and hinders performance optimization."
        },
        "idea": {
            "intuition": "The idea was inspired by the need to optimize parameter distribution across different transformer blocks and structures, leading to improved efficiency and performance.",
            "opinion": "The proposed idea involves a novel Hessian-based structural pruning criterion that allows for effective parameter redistribution across all layers and structures within the Vision Transformer.",
            "innovation": "This method differs from existing approaches by integrating latency-aware regularization and deriving a systematic global structural pruning strategy, resulting in significant reductions in computational costs while maintaining performance."
        },
        "method": {
            "method name": "Global Structural Pruning",
            "method abbreviation": "GSP",
            "method definition": "GSP is a systematic approach that redistributes parameters across transformer blocks and structures, utilizing Hessian-based criteria for effective pruning.",
            "method description": "The method focuses on optimizing parameter allocation within the Vision Transformer to enhance computational efficiency.",
            "method steps": "1. Analyze the Hessian of the model to determine parameter sensitivity. 2. Apply global structural pruning criteria to redistribute parameters. 3. Implement iterative pruning on the model. 4. Evaluate the new architecture for performance metrics.",
            "principle": "The method is effective due to its foundation on Hessian-based saliency, which identifies critical parameters for pruning, coupled with latency-aware regularization that directly addresses inference speed."
        },
        "experiments": {
            "evaluation setting": "The experiments were conducted on the DeiT-Base model, comparing it against baseline methods on the ImageNet-1K dataset.",
            "evaluation method": "Performance was assessed through metrics such as FLOPs reduction, parameter reduction, and run-time speedup, alongside accuracy comparisons against existing models."
        },
        "conclusion": "The NViT architecture achieves significant improvements in computational efficiency and accuracy, with a 2.6x reduction in FLOPs, 5.1x reduction in parameters, and 1.9x speedup over the DeiT-Base model, demonstrating the effectiveness of the proposed pruning method.",
        "discussion": {
            "advantage": "The key advantages of the proposed approach include substantial reductions in computational costs and improved accuracy, making it a competitive alternative to existing Vision Transformer models.",
            "limitation": "One limitation is the potential complexity in implementing the global structural pruning across various model architectures, which may require further refinement.",
            "future work": "Future research could explore optimizing the pruning criteria for different model architectures and investigating the long-term impacts of parameter redistribution on model performance."
        },
        "other info": []
    },
    "mount_outline": [
        {
            "section number": "2.2",
            "key information": "Global Structural Pruning (GSP) is a systematic approach that redistributes parameters across transformer blocks and structures, utilizing Hessian-based criteria for effective pruning."
        },
        {
            "section number": "2.4",
            "key information": "Key concepts include pruning, which is defined as a method to optimize parameter allocation within the Vision Transformer to enhance computational efficiency."
        },
        {
            "section number": "3.1",
            "key information": "The proposed method challenges the common design philosophy of the Vision Transformer (ViT) model by introducing a systematic approach to global structural pruning."
        },
        {
            "section number": "4.1",
            "key information": "Performance was assessed through metrics such as FLOPs reduction, parameter reduction, and run-time speedup, alongside accuracy comparisons against existing models."
        },
        {
            "section number": "5.2",
            "key information": "The NViT architecture achieves a 2.6x reduction in FLOPs, 5.1x reduction in parameters, and 1.9x speedup over the DeiT-Base model, demonstrating the impact on resource utilization post-pruning."
        },
        {
            "section number": "6.1",
            "key information": "The proposed pruning method allows for effective parameter redistribution across all layers and structures within the Vision Transformer, guiding on selecting suitable pruning methods based on specific needs."
        }
    ],
    "similarity_score": null,
    "image": null,
    "path": "/home/liudingyuan/code/SurveyX/code/SurveyX-main/outputs/t14a/papers/Global vision transformer pruning with hessian-aware saliency.json"
}