{
    "from": null,
    "scholar_id": null,
    "detail_id": null,
    "title": "Global sparse momentum SGD for pruning very deep neural networks",
    "abstract": "Deep Neural Network (DNN) is powerful but computationally expensive and memory intensive, thus impeding its practical usage on resource-constrained front-end devices. DNN pruning is an approach for deep model compression, which aims at eliminating some parameters with tolerable performance degradation. In this paper, we propose a novel momentum-SGD-based optimization method to reduce the network complexity by on-the-fly pruning. Concretely, given a global compression ratio, we categorize all the parameters into two parts at each training iteration which are updated using different rules. In this way, we gradually zero out the redundant parameters, as we update them using only the ordinary weight decay but no gradients derived from the objective function. As a departure from prior methods that require heavy human works to tune the layer-wise sparsity ratios, prune by solving complicated non-differentiable problems or finetune the model after pruning, our method is characterized by 1) global compression that automatically finds the appropriate per-layer sparsity ratios; 2) end-to-end training; 3) no need for a time-consuming re-training process after pruning; and 4) superior capability to find better winning tickets which have won the initialization lottery.",
    "arxivid": "1909.12778v3",
    "bib_name": "Globalspar188",
    "md_text": "# Global sparse momentum SGD for pruning very deep neural networks\n\n\nabstract\n\nDeep Neural Network (DNN) is powerful but computationally expensive and memory intensive, thus impeding its practical usage on resource-constrained front-end devices. DNN pruning is an approach for deep model compression, which aims at eliminating some parameters with tolerable performance degradation. In this paper, we propose a novel momentum-SGD-based optimization method to reduce the network complexity by on-the-fly pruning. Concretely, given a global compression ratio, we categorize all the parameters into two parts at each training iteration which are updated using different rules. In this way, we gradually zero out the redundant parameters, as we update them using only the ordinary weight decay but no gradients derived from the objective function. As a departure from prior methods that require heavy human works to tune the layer-wise sparsity ratios, prune by solving complicated non-differentiable problems or finetune the model after pruning, our method is characterized by 1) global compression that automatically finds the appropriate per-layer sparsity ratios; 2) end-to-end training; 3) no need for a time-consuming re-training process after pruning; and 4) superior capability to find better winning tickets which have won the initialization lottery.",
    "paper_type": "method",
    "attri": {
        "background": "Deep Neural Networks (DNNs) are powerful but face challenges due to their computational and memory demands, hindering their deployment on resource-constrained devices. DNN pruning is a technique aimed at compressing deep models by removing parameters while maintaining acceptable performance levels.",
        "problem": {
            "definition": "The problem addressed is the complexity and resource demands of DNNs, which require effective pruning methods to reduce their size and improve efficiency without significant performance loss.",
            "key obstacle": "Existing methods often involve extensive manual tuning of sparsity ratios, solving complex non-differentiable problems, or necessitating a finetuning phase post-pruning, which complicates the pruning process."
        },
        "idea": {
            "intuition": "The idea is inspired by the need for a more efficient pruning method that can automatically determine optimal sparsity ratios during training without extensive manual intervention.",
            "opinion": "The proposed method uses a momentum-SGD-based optimization approach to enable on-the-fly pruning, categorizing parameters into two groups updated by different rules to gradually zero out redundant parameters.",
            "innovation": "This method differs from existing approaches by providing global compression that automatically adjusts per-layer sparsity ratios, allowing end-to-end training without a time-consuming retraining process."
        },
        "method": {
            "method name": "Global Sparse Momentum SGD",
            "method abbreviation": "GSM-SGD",
            "method definition": "GSM-SGD is an optimization method that reduces network complexity through on-the-fly pruning by categorizing parameters into two groups updated by distinct rules.",
            "method description": "The core of GSM-SGD involves categorizing parameters at each training iteration and applying different update rules to facilitate gradual pruning.",
            "method steps": "1. Categorize parameters into two parts at each training iteration. 2. Update one part using ordinary weight decay. 3. Gradually zero out redundant parameters without gradient updates from the objective function.",
            "principle": "The effectiveness of this method lies in its ability to dynamically adjust sparsity ratios during training, thereby optimizing the pruning process and enhancing model performance."
        },
        "experiments": {
            "evaluation setting": "The experimental setup includes various datasets and baseline methods for comparison, though specific details are not provided in the abstract.",
            "evaluation method": "The performance of the method is assessed based on its ability to maintain efficiency and accuracy after applying the pruning technique."
        },
        "conclusion": "The proposed GSM-SGD method demonstrates superior capabilities in finding optimal sparsity ratios and achieving effective pruning without the need for extensive retraining, thus enhancing the practicality of deploying DNNs on resource-constrained devices.",
        "discussion": {
            "advantage": "The key advantages of GSM-SGD include automatic adjustment of per-layer sparsity ratios, elimination of the need for a retraining phase, and improved identification of effective parameter configurations.",
            "limitation": "Potential limitations of the method may include its reliance on specific training conditions and the need for further validation across diverse architectures and datasets.",
            "future work": "Future research could focus on refining the method to enhance its adaptability across various neural network architectures and improving its efficiency in different deployment scenarios."
        },
        "other info": []
    },
    "mount_outline": [
        {
            "section number": "1.1",
            "key information": "DNN pruning is a technique aimed at compressing deep models by removing parameters while maintaining acceptable performance levels."
        },
        {
            "section number": "1.2",
            "key information": "The proposed method uses a momentum-SGD-based optimization approach to enable on-the-fly pruning, categorizing parameters into two groups updated by different rules to gradually zero out redundant parameters."
        },
        {
            "section number": "2.2",
            "key information": "The problem addressed is the complexity and resource demands of DNNs, which require effective pruning methods to reduce their size and improve efficiency without significant performance loss."
        },
        {
            "section number": "2.4",
            "key information": "The effectiveness of this method lies in its ability to dynamically adjust sparsity ratios during training, thereby optimizing the pruning process and enhancing model performance."
        },
        {
            "section number": "3.1",
            "key information": "The proposed GSM-SGD method demonstrates superior capabilities in finding optimal sparsity ratios and achieving effective pruning without the need for extensive retraining."
        },
        {
            "section number": "4.2",
            "key information": "The performance of the method is assessed based on its ability to maintain efficiency and accuracy after applying the pruning technique."
        },
        {
            "section number": "5.1",
            "key information": "The key advantages of GSM-SGD include automatic adjustment of per-layer sparsity ratios, elimination of the need for a retraining phase, and improved identification of effective parameter configurations."
        },
        {
            "section number": "6.2",
            "key information": "Future research could focus on refining the method to enhance its adaptability across various neural network architectures and improving its efficiency in different deployment scenarios."
        }
    ],
    "similarity_score": null,
    "image": null,
    "path": "/home/liudingyuan/code/SurveyX/code/SurveyX-main/outputs/t14a/papers/Global sparse momentum SGD for pruning very deep neural networks.json"
}