{
    "from": null,
    "scholar_id": null,
    "detail_id": null,
    "title": "GOHSP: A unified framework of graph and optimization-based heterogeneous structured pruning for vision transformer",
    "abstract": "The recently proposed Vision transformers (ViTs) have shown\nvery impressive empirical performance in various computer vision tasks,\nand they are viewed as an important type of foundation model. However, ViTs are typically constructed with large-scale sizes, which then\nseverely hinder their potential deployment in many practical resources constrained applications. \nTo mitigate this challenging problem, structured pruning is a promising solution to compress model size and enable\npractical efficiency. However, unlike its current popularity for CNNs and\nRNNs, structured pruning for ViT models is little explored.\nIn this paper, we propose GOHSP, a unified framework of Graph and\nOptimization-based Structured Pruning for ViT models. We first develop\na graph-based ranking for measuring the importance of attention heads,\nand the extracted importance information is further integrated to an\noptimization-based procedure to impose the heterogeneous structured\nsparsity patterns on the ViT models. Experimental results show that\nour proposed GOHSP demonstrates excellent compression performance.\nOn CIFAR-10 dataset, our approach can bring 40% parameters reduction\nwith no accuracy loss for ViT-Small model. On ImageNet dataset, with\n30% and 35% sparsity ratio for DeiT-Tiny and DeiT-Small models, our\napproach achieves 1.65% and 0.76% accuracy increase over the existing\nstructured pruning methods, respectively.",
    "arxivid": "2301.05345v2",
    "bib_name": "GOHSP:Auni194",
    "md_text": "# GOHSP: A unified framework of graph and optimization-based heterogeneous structured pruning for vision transformer\n\n\nabstract\n\nThe recently proposed Vision transformers (ViTs) have shown\nvery impressive empirical performance in various computer vision tasks,\nand they are viewed as an important type of foundation model. However, ViTs are typically constructed with large-scale sizes, which then\nseverely hinder their potential deployment in many practical resources constrained applications. \nTo mitigate this challenging problem, structured pruning is a promising solution to compress model size and enable\npractical efficiency. However, unlike its current popularity for CNNs and\nRNNs, structured pruning for ViT models is little explored.\nIn this paper, we propose GOHSP, a unified framework of Graph and\nOptimization-based Structured Pruning for ViT models. We first develop\na graph-based ranking for measuring the importance of attention heads,\nand the extracted importance information is further integrated to an\noptimization-based procedure to impose the heterogeneous structured\nsparsity patterns on the ViT models. Experimental results show that\nour proposed GOHSP demonstrates excellent compression performance.\nOn CIFAR-10 dataset, our approach can bring 40% parameters reduction\nwith no accuracy loss for ViT-Small model. On ImageNet dataset, with\n30% and 35% sparsity ratio for DeiT-Tiny and DeiT-Small models, our\napproach achieves 1.65% and 0.76% accuracy increase over the existing\nstructured pruning methods, respectively.",
    "paper_type": "method",
    "attri": {
        "background": "This paper addresses the issue of deploying large-scale Vision Transformers (ViTs) in resource-constrained applications, highlighting the inadequacy of existing structured pruning methods for ViTs compared to their application in CNNs and RNNs.",
        "problem": {
            "definition": "The problem is the difficulty in effectively compressing ViT models to enable their practical deployment without sacrificing performance.",
            "key obstacle": "The main challenge is the lack of effective structured pruning techniques specifically designed for ViT architectures."
        },
        "idea": {
            "intuition": "The idea is inspired by the need for efficient model deployment in practical applications, leading to the exploration of structured pruning tailored for ViTs.",
            "opinion": "The proposed method, GOHSP, integrates graph-based ranking with optimization techniques to impose heterogeneous structured sparsity in ViT models.",
            "innovation": "The key innovation lies in the combination of graph-based importance measurement of attention heads with optimization-based structured pruning, which differentiates it from existing methods."
        },
        "method": {
            "method name": "GOHSP",
            "method abbreviation": "Graph and Optimization-based Structured Pruning",
            "method definition": "GOHSP is a unified framework that employs graph-based ranking and optimization techniques to apply structured pruning on ViT models.",
            "method description": "The method effectively reduces the parameter size of ViT models while maintaining their performance.",
            "method steps": "1. Develop a graph-based ranking of attention heads. 2. Integrate the ranking into an optimization procedure. 3. Impose heterogeneous structured sparsity patterns on the ViT models.",
            "principle": "The effectiveness of GOHSP is supported by the rationale that optimizing the sparsity patterns based on the importance of attention heads leads to improved model efficiency without accuracy loss."
        },
        "experiments": {
            "evaluation setting": "The experiments were conducted on CIFAR-10 and ImageNet datasets, comparing the performance of GOHSP against existing structured pruning methods.",
            "evaluation method": "The evaluation involved measuring parameter reduction and accuracy changes to assess the performance of the proposed method."
        },
        "conclusion": "The experimental results indicate that GOHSP achieves significant parameter reduction and improved accuracy compared to existing methods, demonstrating its effectiveness for structured pruning in ViTs.",
        "discussion": {
            "advantage": "GOHSP stands out due to its ability to achieve high compression rates while maintaining or improving model accuracy.",
            "limitation": "The method may face challenges in scalability and effectiveness when applied to very large ViT models or different architectures.",
            "future work": "Future research could focus on extending the method to other model types and exploring further optimizations for enhanced performance."
        },
        "other info": []
    },
    "mount_outline": [
        {
            "section number": "1.1",
            "key information": "The paper addresses the issue of deploying large-scale Vision Transformers (ViTs) in resource-constrained applications, highlighting the inadequacy of existing structured pruning methods for ViTs compared to their application in CNNs and RNNs."
        },
        {
            "section number": "2.2",
            "key information": "The main challenge is the lack of effective structured pruning techniques specifically designed for ViT architectures."
        },
        {
            "section number": "3.1",
            "key information": "The proposed method, GOHSP, integrates graph-based ranking with optimization techniques to impose heterogeneous structured sparsity in ViT models."
        },
        {
            "section number": "4.1",
            "key information": "The experimental results indicate that GOHSP achieves significant parameter reduction and improved accuracy compared to existing methods, demonstrating its effectiveness for structured pruning in ViTs."
        },
        {
            "section number": "5.1",
            "key information": "The method effectively reduces the parameter size of ViT models while maintaining their performance."
        },
        {
            "section number": "6.2",
            "key information": "Future research could focus on extending the method to other model types and exploring further optimizations for enhanced performance."
        }
    ],
    "similarity_score": null,
    "image": null,
    "path": "/home/liudingyuan/code/SurveyX/code/SurveyX-main/outputs/t14a/papers/GOHSP_ A unified framework of graph and optimization-based heterogeneous structured pruning for vision transformer.json"
}