{
    "from": null,
    "scholar_id": null,
    "detail_id": null,
    "title": "Good subnetworks provably exist: Pruning via greedy forward selection",
    "abstract": "Recent empirical works show that large deep neural networks are often highly redundant and one can find much smaller subnetworks without a significant drop of accuracy. However, most existing methods of network pruning are empirical and heuristic, leaving it open whether good subnetworks provably exist, how to find them efficiently, and if network pruning can be provably better than direct training using gradient descent. We answer these problems positively by proposing a simple greedy selection approach for finding good subnetworks, which starts from an empty network and greedily adds important neurons from the large network. This differs from the existing methods based on backward elimination, which remove redundant neurons from the large network. Theoretically, applying the greedy selection strategy on sufficiently large {pre-trained} networks guarantees to find small subnetworks with lower loss than networks directly trained with gradient descent. Our results also apply to pruning randomly weighted networks. Practically, we improve prior arts of network pruning on learning compact neural architectures on ImageNet, including ResNet, MobilenetV2/V3, and ProxylessNet. Our theory and empirical results on MobileNet suggest that we should fine-tune the pruned subnetworks to leverage the information from the large model, instead of re-training from new random initialization as suggested in \\citet{liu2018rethinking}.",
    "arxivid": "2003.01794v3",
    "bib_name": "Goodsubnet146",
    "md_text": "# Good subnetworks provably exist: Pruning via greedy forward selection\n\n\nabstract\n\nRecent empirical works show that large deep neural networks are often highly redundant and one can find much smaller subnetworks without a significant drop of accuracy. However, most existing methods of network pruning are empirical and heuristic, leaving it open whether good subnetworks provably exist, how to find them efficiently, and if network pruning can be provably better than direct training using gradient descent. We answer these problems positively by proposing a simple greedy selection approach for finding good subnetworks, which starts from an empty network and greedily adds important neurons from the large network. This differs from the existing methods based on backward elimination, which remove redundant neurons from the large network. Theoretically, applying the greedy selection strategy on sufficiently large {pre-trained} networks guarantees to find small subnetworks with lower loss than networks directly trained with gradient descent. Our results also apply to pruning randomly weighted networks. Practically, we improve prior arts of network pruning on learning compact neural architectures on ImageNet, including ResNet, MobilenetV2/V3, and ProxylessNet. Our theory and empirical results on MobileNet suggest that we should fine-tune the pruned subnetworks to leverage the information from the large model, instead of re-training from new random initialization as suggested in \\citet{liu2018rethinking}.",
    "paper_type": "method",
    "attri": {
        "background": "This paper addresses the issue of finding efficient subnetworks within large deep neural networks, highlighting the redundancy in these models and the limitations of existing empirical and heuristic pruning methods.",
        "problem": {
            "definition": "The problem is the lack of a systematic approach to identify good subnetworks within large neural networks, as existing methods do not guarantee the existence of such subnetworks or their effectiveness compared to direct training.",
            "key obstacle": "The core obstacle is that current network pruning techniques primarily rely on backward elimination, which may not effectively identify optimal subnetworks, leaving the question of their existence and efficiency unresolved."
        },
        "idea": {
            "intuition": "The intuition behind the proposed method is that starting from an empty network and greedily adding important neurons could yield better subnetworks than removing neurons from an existing network.",
            "opinion": "The proposed idea involves a greedy selection approach that adds neurons based on their importance, contrasting with traditional methods that eliminate less important neurons.",
            "innovation": "The primary innovation is the introduction of a greedy forward selection strategy, which is theoretically proven to find smaller subnetworks with lower loss compared to those obtained through gradient descent training."
        },
        "method": {
            "method name": "Greedy Forward Selection",
            "method abbreviation": "GFS",
            "method definition": "GFS is a method that constructs small subnetworks by starting with an empty network and iteratively adding neurons based on their contribution to reducing loss.",
            "method description": "The method focuses on selecting neurons that enhance performance while maintaining a smaller network size.",
            "principle": "The effectiveness of GFS lies in its theoretical guarantee that, when applied to sufficiently large pre-trained networks, it can find subnetworks with lower loss than those trained directly using gradient descent."
        },
        "experiments": {
            "evaluation setting": "The experiments were conducted on various neural architectures, including ResNet, MobileNetV2/V3, and ProxylessNet, using the ImageNet dataset for evaluation.",
            "evaluation method": "Performance was assessed by comparing the accuracy and loss of the subnetworks obtained through GFS against those trained from scratch, measuring improvements in compact neural architecture learning."
        },
        "conclusion": "The results indicate that the greedy forward selection method not only finds good subnetworks but also outperforms existing pruning techniques, confirming the theoretical advantages of this approach.",
        "discussion": {
            "advantage": "The key advantage of the proposed approach is its ability to efficiently identify effective subnetworks while ensuring a lower loss than traditional methods, leading to better performance in practical applications.",
            "limitation": "A limitation of the method is that it relies on the availability of a sufficiently large pre-trained network, which may not always be feasible in all contexts.",
            "future work": "Future research should explore refining the greedy selection process and its applicability to a broader range of neural architectures and datasets."
        },
        "other info": [
            {
                "info1": "The method can also be applied to randomly weighted networks.",
                "info2": {
                    "info2.1": "Fine-tuning pruned subnetworks is recommended to leverage existing knowledge from the large model.",
                    "info2.2": "The findings challenge the notion of re-training from random initialization as a standard practice."
                }
            }
        ]
    },
    "mount_outline": [
        {
            "section number": "1.1",
            "key information": "This paper addresses the issue of finding efficient subnetworks within large deep neural networks, highlighting the redundancy in these models and the limitations of existing empirical and heuristic pruning methods."
        },
        {
            "section number": "1.2",
            "key information": "The key goals include presenting a systematic approach to identify good subnetworks within large neural networks, which contrasts with traditional pruning methods."
        },
        {
            "section number": "2.4",
            "key information": "Key concepts include the introduction of a greedy forward selection strategy, which is theoretically proven to find smaller subnetworks with lower loss compared to those obtained through gradient descent training."
        },
        {
            "section number": "3.1",
            "key information": "The proposed method, Greedy Forward Selection (GFS), constructs small subnetworks by starting with an empty network and iteratively adding neurons based on their contribution to reducing loss."
        },
        {
            "section number": "4.1",
            "key information": "Performance was assessed by comparing the accuracy and loss of the subnetworks obtained through GFS against those trained from scratch, measuring improvements in compact neural architecture learning."
        },
        {
            "section number": "5.1",
            "key information": "The results indicate that the greedy forward selection method outperforms existing pruning techniques, confirming the theoretical advantages of this approach."
        },
        {
            "section number": "6.1",
            "key information": "The findings suggest that fine-tuning pruned subnetworks is recommended to leverage existing knowledge from the large model, which is a strategy for selecting pruning methods."
        },
        {
            "section number": "6.2",
            "key information": "Future research should explore refining the greedy selection process and its applicability to a broader range of neural architectures and datasets."
        }
    ],
    "similarity_score": null,
    "image": null,
    "path": "/home/liudingyuan/code/SurveyX/code/SurveyX-main/outputs/t14a/papers/Good subnetworks provably exist_ Pruning via greedy forward selection.json"
}