{
    "from": null,
    "scholar_id": null,
    "detail_id": null,
    "title": "Gradient flow in sparse neural networks and how lottery tickets win",
    "abstract": "Sparse Neural Networks (NNs) can match the generalization of dense NNs using a fraction of the compute/storage for inference, and have the potential to enable efficient training. However, naively training unstructured sparse NNs from random initialization results in significantly worse generalization, with the notable exceptions of Lottery Tickets (LTs) and Dynamic Sparse Training (DST). In this work, we attempt to answer: (1) why training unstructured sparse networks from random initialization performs poorly and; (2) what makes LTs and DST the exceptions? We show that sparse NNs have poor gradient flow at initialization and propose a modified initialization for unstructured connectivity. Furthermore, we find that DST methods significantly improve gradient flow during training over traditional sparse training methods. Finally, we show that LTs do not improve gradient flow, rather their success lies in re-learning the pruning solution they are derived from \u2014 however, this comes at the cost of learning novel solutions.",
    "arxivid": "2010.03533v2",
    "bib_name": "Gradientfl79",
    "md_text": "# Gradient flow in sparse neural networks and how lottery tickets win\n\n\nabstract\n\nSparse Neural Networks (NNs) can match the generalization of dense NNs using a fraction of the compute/storage for inference, and have the potential to enable efficient training. However, naively training unstructured sparse NNs from random initialization results in significantly worse generalization, with the notable exceptions of Lottery Tickets (LTs) and Dynamic Sparse Training (DST). In this work, we attempt to answer: (1) why training unstructured sparse networks from random initialization performs poorly and; (2) what makes LTs and DST the exceptions? We show that sparse NNs have poor gradient flow at initialization and propose a modified initialization for unstructured connectivity. Furthermore, we find that DST methods significantly improve gradient flow during training over traditional sparse training methods. Finally, we show that LTs do not improve gradient flow, rather their success lies in re-learning the pruning solution they are derived from \u2014 however, this comes at the cost of learning novel solutions.",
    "paper_type": "method",
    "attri": {
        "background": "This paper addresses the issue of poor generalization in Sparse Neural Networks (NNs) when trained from random initialization, contrasting this with the successes of Lottery Tickets (LTs) and Dynamic Sparse Training (DST) which manage to achieve efficient training and generalization.",
        "problem": {
            "definition": "The problem is the poor gradient flow in unstructured sparse neural networks at initialization, leading to suboptimal performance compared to dense networks.",
            "key obstacle": "The core obstacle is that existing methods struggle to maintain effective gradient flow during training, which hinders the performance of unstructured sparse networks."
        },
        "idea": {
            "intuition": "The idea is inspired by the observation that the poor performance of sparse networks at initialization is linked to their gradient flow characteristics.",
            "opinion": "The proposed idea involves a modified initialization for unstructured connectivity that aims to enhance gradient flow in sparse neural networks.",
            "innovation": "The primary innovation of this method is the introduction of a new initialization strategy that improves gradient flow, distinguishing it from traditional sparse training approaches."
        },
        "method": {
            "method name": "Modified Initialization for Unstructured Connectivity",
            "method abbreviation": "MIUC",
            "method definition": "MIUC is a method designed to optimize the gradient flow in unstructured sparse neural networks by altering the initialization process.",
            "method description": "The core of the method involves a novel initialization technique that enhances the gradient flow in sparse neural networks.",
            "method steps": "1. Analyze the gradient flow in existing sparse networks at initialization. 2. Develop a modified initialization strategy. 3. Implement the modified initialization in training sparse neural networks.",
            "principle": "This method is effective because it directly addresses the limitations of gradient flow at initialization, thereby facilitating better learning and generalization in sparse networks."
        },
        "experiments": {
            "evaluation setting": "The experiments were conducted using various datasets to compare the performance of the proposed method against baseline methods such as traditional sparse training techniques.",
            "evaluation method": "The performance was assessed by measuring the generalization capabilities and gradient flow characteristics during training and comparing them with those of dense networks."
        },
        "conclusion": "The findings indicate that the proposed modified initialization significantly improves gradient flow in sparse neural networks, leading to better generalization compared to traditional methods.",
        "discussion": {
            "advantage": "The key advantage of the proposed approach is its ability to enhance gradient flow, which improves training efficiency and final model performance in sparse neural networks.",
            "limitation": "A limitation of this method is that while it improves gradient flow, it may not fully address the challenges associated with learning novel solutions as seen in Lottery Tickets.",
            "future work": "Future research could explore further refinements to the initialization strategy and investigate its application in other types of neural network architectures."
        },
        "other info": []
    },
    "mount_outline": [
        {
            "section number": "2.4",
            "key information": "Pruning techniques can enhance gradient flow in sparse neural networks, addressing the limitations of unstructured sparse networks that struggle with poor generalization."
        },
        {
            "section number": "3.1",
            "key information": "The paper discusses unstructured sparse networks and their disadvantages, particularly the poor gradient flow at initialization compared to dense networks."
        },
        {
            "section number": "3.3",
            "key information": "The proposed method, Modified Initialization for Unstructured Connectivity (MIUC), introduces a novel initialization strategy aimed at improving gradient flow in sparse neural networks."
        },
        {
            "section number": "4.1",
            "key information": "The evaluation of MIUC includes measuring generalization capabilities and gradient flow characteristics, comparing it to traditional sparse training techniques."
        },
        {
            "section number": "5.3",
            "key information": "The findings indicate that the proposed method enhances generalization and training efficiency in sparse networks, addressing the impact on model performance."
        },
        {
            "section number": "6.2",
            "key information": "Future research could focus on refining the initialization strategy and exploring its application across various neural network architectures."
        }
    ],
    "similarity_score": null,
    "image": null,
    "path": "/home/liudingyuan/code/SurveyX/code/SurveyX-main/outputs/t14a/papers/Gradient flow in sparse neural networks and how lottery tickets win.json"
}