{
    "from": null,
    "scholar_id": null,
    "detail_id": null,
    "title": "Gradient-free structured pruning with unlabeled data",
    "abstract": "Large Language Models (LLMs) have achieved great success in solving difficult tasks across many domains, but such success comes with a high computation cost, and inference latency. As developers and third parties customize these models, the need to provide efficient inference has increased. Many efforts have attempted to reduce inference cost through model compression techniques such as pruning and distillation. However, these techniques either require labeled data, or are time-consuming as they require the compressed model to be retrained to regain accuracy. In this paper, we propose a gradient-free structured pruning framework that uses only unlabeled data. An evaluation on the GLUE and SQuAD benchmarks using BERT$_{BASE}$ and DistilBERT illustrates the effectiveness of the proposed approach. By only using the weights of the pre-trained model and unlabeled data, in a matter of a few minutes on a single GPU, up to 40% of the original FLOP count can be reduced with less than a 4% accuracy loss across all tasks considered.",
    "arxivid": "2303.04185v2",
    "bib_name": "Gradient-f104",
    "md_text": "# Gradient-free structured pruning with unlabeled data\n\n\nabstract\n\nLarge Language Models (LLMs) have achieved great success in solving difficult tasks across many domains, but such success comes with a high computation cost, and inference latency. As developers and third parties customize these models, the need to provide efficient inference has increased. Many efforts have attempted to reduce inference cost through model compression techniques such as pruning and distillation. However, these techniques either require labeled data, or are time-consuming as they require the compressed model to be retrained to regain accuracy. In this paper, we propose a gradient-free structured pruning framework that uses only unlabeled data. An evaluation on the GLUE and SQuAD benchmarks using BERT$_{BASE}$ and DistilBERT illustrates the effectiveness of the proposed approach. By only using the weights of the pre-trained model and unlabeled data, in a matter of a few minutes on a single GPU, up to 40% of the original FLOP count can be reduced with less than a 4% accuracy loss across all tasks considered.",
    "paper_type": "method",
    "attri": {
        "background": "Large Language Models (LLMs) have achieved great success in solving difficult tasks across many domains, but such success comes with a high computation cost and inference latency. Many efforts have attempted to reduce inference cost through model compression techniques such as pruning and distillation. However, these techniques either require labeled data or are time-consuming as they require the compressed model to be retrained to regain accuracy.",
        "problem": {
            "definition": "The problem addressed in this paper is the high computational cost and inference latency associated with Large Language Models, particularly in the context of model compression techniques that often require labeled data.",
            "key obstacle": "The main difficulty is that existing model compression techniques either depend on labeled data or necessitate retraining of the compressed model to maintain accuracy, which can be time-consuming."
        },
        "idea": {
            "intuition": "The proposed idea is inspired by the need for efficient model compression that does not rely on labeled data, thus enabling faster deployment and reduced resource consumption.",
            "opinion": "The proposed approach is a gradient-free structured pruning framework that utilizes only unlabeled data, allowing for significant reductions in computational resources without the need for retraining.",
            "innovation": "The primary difference between the proposed method and existing approaches is its ability to perform structured pruning without requiring labeled data, achieving substantial reductions in computation with minimal accuracy loss."
        },
        "method": {
            "method name": "Gradient-free structured pruning",
            "method abbreviation": "GFSP",
            "method definition": "GFSP is a method that prunes Large Language Models using only the weights of pre-trained models and unlabeled data, without the need for gradient information or labeled datasets.",
            "method description": "The core of the method involves structured pruning of model parameters based solely on unlabeled data to achieve efficient inference.",
            "method steps": "1. Utilize the weights of a pre-trained model. 2. Apply structured pruning based on unlabeled data. 3. Evaluate the pruned model's performance on benchmark tasks.",
            "principle": "This method is effective because it leverages the existing knowledge in pre-trained models while eliminating the need for labeled data, thus facilitating quick and efficient model compression."
        },
        "experiments": {
            "evaluation setting": "The evaluation was conducted on the GLUE and SQuAD benchmarks using BERT$_{BASE}$ and DistilBERT, with comparisons to baseline methods.",
            "evaluation method": "The performance of the method was assessed by measuring the reduction in FLOP count and accuracy loss across various tasks."
        },
        "conclusion": "The experiments demonstrate that the proposed gradient-free structured pruning framework can reduce the original FLOP count by up to 40% with less than a 4% accuracy loss, highlighting its effectiveness and efficiency in model compression.",
        "discussion": {
            "advantage": "The key advantages of the proposed approach include the ability to perform model pruning without labeled data and achieving significant computational savings while maintaining model performance.",
            "limitation": "A limitation of this method may include the potential for higher accuracy loss in more complex tasks or datasets where labeled data could provide additional benefits.",
            "future work": "Future research could explore enhancing the method's robustness and accuracy by integrating additional techniques or experimenting with different model architectures."
        },
        "other info": []
    },
    "mount_outline": [
        {
            "section number": "1.1",
            "key information": "Pruning is essential for reducing the high computation cost and inference latency associated with Large Language Models (LLMs), thus improving model efficiency."
        },
        {
            "section number": "1.2",
            "key information": "The survey aims to present a taxonomy of pruning techniques, compare methods, analyze their impact on model performance, and provide recommendations for efficient model compression."
        },
        {
            "section number": "2.2",
            "key information": "Model compression techniques, including pruning, are critical for reducing inference costs associated with LLMs, but often require labeled data or retraining to maintain accuracy."
        },
        {
            "section number": "2.4",
            "key information": "Pruning is defined as a model compression technique that reduces the size of neural networks by removing unnecessary parameters, thereby enhancing efficiency."
        },
        {
            "section number": "3.1",
            "key information": "The proposed gradient-free structured pruning framework allows for structured pruning without requiring labeled data, distinguishing it from traditional methods."
        },
        {
            "section number": "4.1",
            "key information": "The effectiveness of pruning methods can be measured by evaluating reductions in FLOP count and accuracy loss, as demonstrated in experiments with the proposed method."
        },
        {
            "section number": "5.1",
            "key information": "The gradient-free structured pruning framework achieved a reduction in FLOP count by up to 40% with less than a 4% accuracy loss, indicating a significant impact on model performance."
        },
        {
            "section number": "6.1",
            "key information": "Strategies for selecting pruning methods should consider the need for labeled data and the efficiency of the pruning process, as highlighted by the advantages of the proposed framework."
        },
        {
            "section number": "6.2",
            "key information": "Future research could focus on enhancing the robustness and accuracy of pruning methods by integrating additional techniques or experimenting with different model architectures."
        }
    ],
    "similarity_score": null,
    "image": null,
    "path": "/home/liudingyuan/code/SurveyX/code/SurveyX-main/outputs/t14a/papers/Gradient-free structured pruning with unlabeled data.json"
}