{
    "from": null,
    "scholar_id": null,
    "detail_id": null,
    "title": "Graph pruning for model compression",
    "abstract": "Previous AutoML pruning works utilized individual layer features to automatically prune filters. We analyze the correlation for two layers from the different blocks which have a short-cut structure. It shows that, in one block, the deeper layer has many redundant filters which can be represented by filters in the former layer. So, it is necessary to take information from other layers into consideration in pruning. In this paper, a novel pruning method, named GraphPruning, is proposed. Any series of the network is viewed as a graph. To automatically aggregate neighboring features for each node, a graph aggregator based on graph convolution networks (GCN) is designed. In the training stage, a PruningNet that is given aggregated node features generates reasonable weights for any size of the sub-network. Subsequently, the best configuration of the Pruned Network is searched by reinforcement learning. Different from previous work, we take the node features from a well-trained graph aggregator instead of the hand-craft features, as the states in reinforcement learning. Compared with other AutoML pruning works, our method has achieved the state-of-the-art under the same conditions on ImageNet-2012.",
    "arxivid": "1911.09817v2",
    "bib_name": "Graphpruni130",
    "md_text": "# Graph pruning for model compression\n\n\nabstract\n\nPrevious AutoML pruning works utilized individual layer features to automatically prune filters. We analyze the correlation for two layers from the different blocks which have a short-cut structure. It shows that, in one block, the deeper layer has many redundant filters which can be represented by filters in the former layer. So, it is necessary to take information from other layers into consideration in pruning. In this paper, a novel pruning method, named GraphPruning, is proposed. Any series of the network is viewed as a graph. To automatically aggregate neighboring features for each node, a graph aggregator based on graph convolution networks (GCN) is designed. In the training stage, a PruningNet that is given aggregated node features generates reasonable weights for any size of the sub-network. Subsequently, the best configuration of the Pruned Network is searched by reinforcement learning. Different from previous work, we take the node features from a well-trained graph aggregator instead of the hand-craft features, as the states in reinforcement learning. Compared with other AutoML pruning works, our method has achieved the state-of-the-art under the same conditions on ImageNet-2012.",
    "paper_type": "method",
    "attri": {
        "background": "This paper addresses the issue of model compression through pruning in AutoML, highlighting the limitations of previous methods that utilized individual layer features without considering the correlations between different layers.",
        "problem": {
            "definition": "The problem is the inefficient pruning of filters in deep learning models, which often leads to the retention of redundant filters that do not contribute significantly to model performance.",
            "key obstacle": "The main difficulty is the lack of consideration for the relationships between filters in different layers, which prevents effective identification of redundant filters."
        },
        "idea": {
            "intuition": "The idea is inspired by the observation that deeper layers in a network often have redundant filters that can be represented by filters in earlier layers, indicating a need for a more holistic approach to pruning.",
            "opinion": "The proposed idea, GraphPruning, entails viewing the network as a graph and using a graph aggregator to automatically gather features from neighboring nodes for more effective pruning.",
            "innovation": "The key innovation lies in using a graph convolution network (GCN) to aggregate node features instead of relying on hand-crafted features, which enhances the pruning process and improves model performance."
        },
        "method": {
            "method name": "GraphPruning",
            "method abbreviation": "GP",
            "method definition": "GraphPruning is a method that uses graph-based aggregation of features from a network's layers to identify and prune redundant filters, optimizing model size and performance.",
            "method description": "The method leverages a graph aggregator to automatically collect features from neighboring nodes, facilitating effective pruning.",
            "method steps": [
                "1. Represent the network as a graph.",
                "2. Use a graph aggregator based on GCN to collect features for each node.",
                "3. Employ a PruningNet to generate weights for sub-networks based on aggregated features.",
                "4. Search for the best configuration of the Pruned Network using reinforcement learning."
            ],
            "principle": "The effectiveness of this method stems from its ability to utilize comprehensive node features derived from a trained graph aggregator, allowing for a more accurate identification of redundant filters."
        },
        "experiments": {
            "evaluation setting": "The experiments were conducted on the ImageNet-2012 dataset, comparing the performance of GraphPruning against other AutoML pruning methods under the same conditions.",
            "evaluation method": "The performance of the method was assessed by measuring the accuracy of the pruned networks and comparing them to baseline models."
        },
        "conclusion": "The experiments demonstrate that GraphPruning achieves state-of-the-art results in model compression on ImageNet-2012, validating the effectiveness of the proposed approach in identifying and removing redundant filters.",
        "discussion": {
            "advantage": "The key advantages of GraphPruning include its ability to automatically aggregate features from multiple layers and its reliance on learned features rather than hand-crafted ones, leading to improved pruning accuracy.",
            "limitation": "A limitation of the method may be its dependency on the quality of the graph aggregator, which could affect the pruning results if not adequately trained.",
            "future work": "Future research could focus on enhancing the graph aggregator's training process and exploring the application of GraphPruning to other types of neural networks and datasets."
        },
        "other info": []
    },
    "mount_outline": [
        {
            "section number": "2.2",
            "key information": "GraphPruning is a method that uses graph-based aggregation of features from a network's layers to identify and prune redundant filters, optimizing model size and performance."
        },
        {
            "section number": "2.4",
            "key information": "The problem is the inefficient pruning of filters in deep learning models, which often leads to the retention of redundant filters that do not contribute significantly to model performance."
        },
        {
            "section number": "3.1",
            "key information": "The proposed idea, GraphPruning, entails viewing the network as a graph and using a graph aggregator to automatically gather features from neighboring nodes for more effective pruning."
        },
        {
            "section number": "4.1",
            "key information": "The performance of the method was assessed by measuring the accuracy of the pruned networks and comparing them to baseline models."
        },
        {
            "section number": "5.1",
            "key information": "The experiments demonstrate that GraphPruning achieves state-of-the-art results in model compression on ImageNet-2012, validating the effectiveness of the proposed approach in identifying and removing redundant filters."
        },
        {
            "section number": "6.2",
            "key information": "Future research could focus on enhancing the graph aggregator's training process and exploring the application of GraphPruning to other types of neural networks and datasets."
        }
    ],
    "similarity_score": null,
    "image": null,
    "path": "/home/liudingyuan/code/SurveyX/code/SurveyX-main/outputs/t14a/papers/Graph pruning for model compression.json"
}