{
    "from": null,
    "scholar_id": null,
    "detail_id": null,
    "title": "Group fisher pruning for practical network compression",
    "abstract": "Network compression has been widely studied since it is able to reduce the memory and computation cost during inference. However, previous methods seldom deal with complicated structures like residual connections, group/depth-wise convolution and feature pyramid network, where channels of multiple layers are coupled and need to be pruned simultaneously. In this paper, we present a general channel pruning approach that can be applied to various complicated structures. Particularly, we propose a layer grouping algorithm to find coupled channels automatically. Then we derive a unified metric based on Fisher information to evaluate the importance of a single channel and coupled channels. Moreover, we find that inference speedup on GPUs is more correlated with the reduction of memory rather than FLOPs, and thus we employ the memory reduction of each channel to normalize the importance. Our method can be used to prune any structures including those with coupled channels. We conduct extensive experiments on various backbones, including the classic ResNet and ResNeXt, mobile-friendly MobileNetV2, and the NAS-based RegNet, both on image classification and object detection which is under-explored. Experimental results validate that our method can effectively prune sophisticated networks, boosting inference speed without sacrificing accuracy.",
    "arxivid": "2108.00708v1",
    "bib_name": "Groupfishe50",
    "md_text": "# Group fisher pruning for practical network compression\n\n\nabstract\n\nNetwork compression has been widely studied since it is able to reduce the memory and computation cost during inference. However, previous methods seldom deal with complicated structures like residual connections, group/depth-wise convolution and feature pyramid network, where channels of multiple layers are coupled and need to be pruned simultaneously. In this paper, we present a general channel pruning approach that can be applied to various complicated structures. Particularly, we propose a layer grouping algorithm to find coupled channels automatically. Then we derive a unified metric based on Fisher information to evaluate the importance of a single channel and coupled channels. Moreover, we find that inference speedup on GPUs is more correlated with the reduction of memory rather than FLOPs, and thus we employ the memory reduction of each channel to normalize the importance. Our method can be used to prune any structures including those with coupled channels. We conduct extensive experiments on various backbones, including the classic ResNet and ResNeXt, mobile-friendly MobileNetV2, and the NAS-based RegNet, both on image classification and object detection which is under-explored. Experimental results validate that our method can effectively prune sophisticated networks, boosting inference speed without sacrificing accuracy.",
    "paper_type": "method",
    "attri": {
        "background": "Network compression has been widely studied since it is able to reduce the memory and computation cost during inference. However, previous methods seldom deal with complicated structures like residual connections, group/depth-wise convolution and feature pyramid network, where channels of multiple layers are coupled and need to be pruned simultaneously.",
        "problem": {
            "definition": "The problem addressed in this paper is the difficulty of effectively pruning channels in complex neural network architectures that feature coupled channels across multiple layers.",
            "key obstacle": "The main challenge is that existing pruning methods do not adequately handle the interdependencies between channels in complicated structures, leading to ineffective pruning outcomes."
        },
        "idea": {
            "intuition": "The idea is inspired by the need for a method that can automatically identify and prune coupled channels in complex network architectures.",
            "opinion": "The proposed idea involves a layer grouping algorithm that identifies coupled channels and a unified metric based on Fisher information to evaluate their importance.",
            "innovation": "The primary innovation lies in the combination of a layer grouping algorithm with Fisher information to assess channel importance, which allows for more effective pruning in sophisticated network structures."
        },
        "method": {
            "method name": "Group Fisher Pruning",
            "method abbreviation": "GFP",
            "method definition": "Group Fisher Pruning is a channel pruning technique that utilizes a layer grouping algorithm to identify coupled channels and employs a metric based on Fisher information to evaluate their importance for pruning.",
            "method description": "The method identifies coupled channels and prunes them based on their evaluated importance derived from Fisher information.",
            "method steps": "1. Identify coupled channels using a layer grouping algorithm. 2. Evaluate the importance of channels using a unified metric based on Fisher information. 3. Prune channels based on their importance and memory reduction.",
            "principle": "The effectiveness of this method is supported by the observation that inference speedup on GPUs is more closely related to memory reduction than to FLOPs, thus normalizing the importance of channels by their memory reduction."
        },
        "experiments": {
            "evaluation setting": "Extensive experiments were conducted on various backbones including ResNet, ResNeXt, MobileNetV2, and RegNet, focusing on both image classification and object detection tasks.",
            "evaluation method": "The performance of the method was assessed by comparing the pruning effectiveness in terms of accuracy retention and inference speedup after applying the proposed pruning technique."
        },
        "conclusion": "The experimental results validate that Group Fisher Pruning can effectively prune sophisticated networks, achieving significant inference speed improvements without sacrificing accuracy.",
        "discussion": {
            "advantage": "The key advantages of the proposed approach include its ability to handle complex network structures with coupled channels effectively and improve inference speed significantly.",
            "limitation": "One limitation is that the method may require careful tuning of parameters for different network architectures to achieve optimal results.",
            "future work": "Future research could explore further optimizations of the pruning process and investigate the application of the method to other types of neural network architectures."
        },
        "other info": []
    },
    "mount_outline": [
        {
            "section number": "2.2",
            "key information": "Group Fisher Pruning is a channel pruning technique that utilizes a layer grouping algorithm to identify coupled channels and employs a metric based on Fisher information to evaluate their importance for pruning."
        },
        {
            "section number": "2.4",
            "key information": "The problem addressed in this paper is the difficulty of effectively pruning channels in complex neural network architectures that feature coupled channels across multiple layers."
        },
        {
            "section number": "3.3",
            "key information": "The primary innovation lies in the combination of a layer grouping algorithm with Fisher information to assess channel importance, which allows for more effective pruning in sophisticated network structures."
        },
        {
            "section number": "4.1",
            "key information": "The performance of the method was assessed by comparing the pruning effectiveness in terms of accuracy retention and inference speedup after applying the proposed pruning technique."
        },
        {
            "section number": "5.1",
            "key information": "The experimental results validate that Group Fisher Pruning can effectively prune sophisticated networks, achieving significant inference speed improvements without sacrificing accuracy."
        },
        {
            "section number": "6.2",
            "key information": "Future research could explore further optimizations of the pruning process and investigate the application of the method to other types of neural network architectures."
        }
    ],
    "similarity_score": null,
    "image": null,
    "path": "/home/liudingyuan/code/SurveyX/code/SurveyX-main/outputs/t14a/papers/Group fisher pruning for practical network compression.json"
}