{
    "from": null,
    "scholar_id": null,
    "detail_id": null,
    "title": "Group sparsity: The hinge between filter pruning and decomposition for network compression",
    "abstract": "In this paper, we analyze two popular network compression techniques, i.e. filter pruning and low-rank decomposition, in a unified sense. By simply changing the way the sparsity regularization is enforced, filter pruning and low-rank decomposition can be derived accordingly. This provides another flexible choice for network compression because the techniques complement each other. For example, in popular network architectures with shortcut connections (e.g. ResNet), filter pruning cannot deal with the last convolutional layer in a ResBlock while the low-rank decomposition methods can. In addition, we propose to compress the whole network jointly instead of in a layer-wise manner. Our approach proves its potential as it compares favorably to the state-of-the-art on several benchmarks. Code is available at https://github.com/ofsoundof/group_sparsity.",
    "arxivid": "2003.08935v1",
    "bib_name": "Groupspars163",
    "md_text": "# Group sparsity: The hinge between filter pruning and decomposition for network compression\n\n\nabstract\n\nIn this paper, we analyze two popular network compression techniques, i.e. filter pruning and low-rank decomposition, in a unified sense. By simply changing the way the sparsity regularization is enforced, filter pruning and low-rank decomposition can be derived accordingly. This provides another flexible choice for network compression because the techniques complement each other. For example, in popular network architectures with shortcut connections (e.g. ResNet), filter pruning cannot deal with the last convolutional layer in a ResBlock while the low-rank decomposition methods can. In addition, we propose to compress the whole network jointly instead of in a layer-wise manner. Our approach proves its potential as it compares favorably to the state-of-the-art on several benchmarks. Code is available at https://github.com/ofsoundof/group_sparsity.",
    "paper_type": "method",
    "attri": {
        "background": "This paper addresses the issue of network compression by analyzing two popular techniques, filter pruning and low-rank decomposition, in a unified manner. It highlights the limitations of existing methods and emphasizes the need for a new approach that combines the strengths of both techniques.",
        "problem": {
            "definition": "The problem being addressed is the inefficiency of current network compression techniques, specifically in how they handle filter pruning and low-rank decomposition.",
            "key obstacle": "The main challenge is that filter pruning cannot effectively address the last convolutional layer in a ResBlock in networks with shortcut connections, while low-rank decomposition methods can."
        },
        "idea": {
            "intuition": "The intuition behind the proposed idea is that by changing the way sparsity regularization is enforced, one can derive both filter pruning and low-rank decomposition techniques, thus allowing for a more flexible approach to network compression.",
            "opinion": "The proposed idea involves compressing the entire network jointly rather than layer-wise, which allows for better integration of the two techniques.",
            "innovation": "The innovation lies in the unified approach that allows for the simultaneous application of filter pruning and low-rank decomposition, addressing their individual limitations and enhancing overall compression performance."
        },
        "method": {
            "method name": "Group Sparsity",
            "method abbreviation": "GS",
            "method definition": "Group Sparsity is a method that employs a unified regularization approach to combine filter pruning and low-rank decomposition for network compression.",
            "method description": "The core of the method involves jointly compressing the entire network by leveraging the complementary strengths of filter pruning and low-rank decomposition.",
            "method steps": "1. Analyze the network structure; 2. Apply sparsity regularization to both filter pruning and low-rank decomposition; 3. Compress the network jointly; 4. Evaluate performance on benchmarks.",
            "principle": "This method is effective because it allows for a more comprehensive compression strategy that overcomes the limitations of handling individual layers separately."
        },
        "experiments": {
            "evaluation setting": "The experimental setup includes various benchmarks to compare the performance of the proposed method against state-of-the-art techniques.",
            "evaluation method": "The performance is assessed by measuring the compression rates and accuracy on the selected benchmarks, analyzing the results to determine the effectiveness of the method."
        },
        "conclusion": "The outcomes of the experiments demonstrate that the proposed Group Sparsity method compares favorably to state-of-the-art network compression techniques, indicating its potential effectiveness and contributions to the field.",
        "discussion": {
            "advantage": "The key advantages include the ability to handle the last convolutional layer in ResBlocks, improved flexibility in compression strategies, and enhanced overall performance.",
            "limitation": "One limitation is that the method may require careful tuning of hyperparameters to achieve optimal results.",
            "future work": "Future research could explore further refinements to the method, investigate its application to different network architectures, and assess its performance in real-world scenarios."
        },
        "other info": [
            {
                "code repository": "https://github.com/ofsoundof/group_sparsity"
            }
        ]
    },
    "mount_outline": [
        {
            "section number": "2.2",
            "key information": "This paper addresses the issue of network compression by analyzing two popular techniques, filter pruning and low-rank decomposition, in a unified manner."
        },
        {
            "section number": "2.4",
            "key information": "The problem being addressed is the inefficiency of current network compression techniques, specifically in how they handle filter pruning and low-rank decomposition."
        },
        {
            "section number": "3.1",
            "key information": "The proposed idea involves compressing the entire network jointly rather than layer-wise, which allows for better integration of filter pruning and low-rank decomposition."
        },
        {
            "section number": "3.3",
            "key information": "The innovation lies in the unified approach that allows for the simultaneous application of filter pruning and low-rank decomposition, addressing their individual limitations and enhancing overall compression performance."
        },
        {
            "section number": "4.1",
            "key information": "The performance is assessed by measuring the compression rates and accuracy on the selected benchmarks, analyzing the results to determine the effectiveness of the method."
        },
        {
            "section number": "5.1",
            "key information": "The outcomes of the experiments demonstrate that the proposed Group Sparsity method compares favorably to state-of-the-art network compression techniques, indicating its potential effectiveness and contributions to the field."
        },
        {
            "section number": "6.2",
            "key information": "Future research could explore further refinements to the method, investigate its application to different network architectures, and assess its performance in real-world scenarios."
        }
    ],
    "similarity_score": null,
    "image": null,
    "path": "/home/liudingyuan/code/SurveyX/code/SurveyX-main/outputs/t14a/papers/Group sparsity_ The hinge between filter pruning and decomposition for network compression.json"
}