{
    "from": null,
    "scholar_id": null,
    "detail_id": null,
    "title": "Hellaswag: Can a machine really finish your sentence",
    "abstract": "Recent work by Zellers et al. (2018) introduced a new task of commonsense natural language inference: given an event description such as \u201cA woman sits at a piano,\u201d a machine must select the most likely followup: \u201cShe sets her fingers on the keys.\u201d With the introduction of BERT, near human-level performance was reached. Does this mean that machines can perform human level commonsense inference? In this paper, we show that commonsense inference still proves difficult for even state-of-the-art models, by presenting HellaSwag, a new challenge dataset. Though its questions are trivial for humans (>95% accuracy), state-of-the-art models struggle (<48%). We achieve this via Adversarial Filtering (AF), a data collection paradigm wherein a series of discriminators iteratively select an adversarial set of machine-generated wrong answers. AF proves to be surprisingly robust. The key insight is to scale up the length and complexity of the dataset examples towards a critical \u2018Goldilocks\u2019 zone wherein generated text is ridiculous to humans, yet often misclassified by state-of-the-art models. Our construction of HellaSwag, and its resulting difficulty, sheds light on the inner workings of deep pretrained models. More broadly, it suggests a new path forward for NLP research, in which benchmarks co-evolve with the evolving state-of-the-art in an adversarial way, so as to present ever-harder challenges.",
    "arxivid": "1905.07830v1",
    "bib_name": "Hellaswag:182",
    "md_text": "# Hellaswag: Can a machine really finish your sentence\n\n\nabstract\n\nRecent work by Zellers et al. (2018) introduced a new task of commonsense natural language inference: given an event description such as \u201cA woman sits at a piano,\u201d a machine must select the most likely followup: \u201cShe sets her fingers on the keys.\u201d With the introduction of BERT, near human-level performance was reached. Does this mean that machines can perform human level commonsense inference? In this paper, we show that commonsense inference still proves difficult for even state-of-the-art models, by presenting HellaSwag, a new challenge dataset. Though its questions are trivial for humans (>95% accuracy), state-of-the-art models struggle (<48%). We achieve this via Adversarial Filtering (AF), a data collection paradigm wherein a series of discriminators iteratively select an adversarial set of machine-generated wrong answers. AF proves to be surprisingly robust. The key insight is to scale up the length and complexity of the dataset examples towards a critical \u2018Goldilocks\u2019 zone wherein generated text is ridiculous to humans, yet often misclassified by state-of-the-art models. Our construction of HellaSwag, and its resulting difficulty, sheds light on the inner workings of deep pretrained models. More broadly, it suggests a new path forward for NLP research, in which benchmarks co-evolve with the evolving state-of-the-art in an adversarial way, so as to present ever-harder challenges.",
    "paper_type": "benchmark",
    "attri": {
        "background": "This paper addresses the issue of commonsense natural language inference, highlighting the gap between human-level understanding and machine performance, particularly in the context of the newly introduced HellaSwag benchmark.",
        "problem": {
            "definition": "The benchmark is designed to assess the ability of models to select the most likely follow-up to an event description, simulating commonsense reasoning challenges.",
            "key obstacle": "Existing benchmarks have not effectively challenged state-of-the-art models, which often achieve near-human performance, leading to a lack of understanding of their limitations."
        },
        "idea": {
            "intuition": "The benchmark was inspired by the observation that while machines perform well on existing tasks, they struggle with commonsense reasoning, indicating a need for more challenging datasets.",
            "opinion": "The authors believe that HellaSwag is crucial for advancing the understanding of commonsense inference in NLP and highlights the limitations of current models.",
            "innovation": "HellaSwag introduces a novel data collection method called Adversarial Filtering, which focuses on generating adversarial examples that are difficult for models but easy for humans.",
            "benchmark abbreviation": "HellaSwag"
        },
        "dataset": {
            "source": "The dataset was created using a data collection paradigm known as Adversarial Filtering, which involves iteratively selecting adversarial wrong answers.",
            "desc": "HellaSwag consists of examples that are complex and lengthy, designed to be misclassified by models while remaining trivial for humans.",
            "content": "The dataset includes event descriptions and corresponding follow-up sentences, which challenge models to use commonsense reasoning.",
            "size": "-",
            "domain": "Natural Language Processing",
            "task format": "Commonsense reasoning"
        },
        "metrics": {
            "metric name": "Accuracy",
            "aspect": "Model performance in selecting the correct follow-up sentences.",
            "principle": "The choice of accuracy as a metric is guided by its relevance in evaluating commonsense reasoning capabilities.",
            "procedure": "Models are evaluated based on their ability to correctly identify the most likely follow-up from multiple choices."
        },
        "experiments": {
            "model": "State-of-the-art models were tested against the benchmark.",
            "procedure": "The models were trained and evaluated on the HellaSwag dataset, focusing on their ability to handle the adversarial examples.",
            "result": "State-of-the-art models struggled with the benchmark, achieving less than 48% accuracy, indicating significant challenges in commonsense inference.",
            "variability": "Variability was accounted for by testing multiple models and assessing their performance across different subsets of the dataset."
        },
        "conclusion": "The experiments reveal that even advanced models face substantial difficulties in commonsense inference, underscoring the need for more robust benchmarks like HellaSwag.",
        "discussion": {
            "advantage": "HellaSwag effectively highlights the limitations of current models and provides a new avenue for research in commonsense reasoning.",
            "limitation": "The benchmark may not fully capture all aspects of commonsense reasoning, and its reliance on adversarial examples could introduce biases.",
            "future work": "Future research could focus on refining the benchmark further and exploring additional dimensions of commonsense reasoning."
        },
        "other info": []
    },
    "mount_outline": [
        {
            "section number": "1.1",
            "key information": "This paper addresses the issue of commonsense natural language inference, highlighting the gap between human-level understanding and machine performance."
        },
        {
            "section number": "1.2",
            "key information": "The authors believe that HellaSwag is crucial for advancing the understanding of commonsense inference in NLP and highlights the limitations of current models."
        },
        {
            "section number": "2.1",
            "key information": "HellaSwag consists of examples that are complex and lengthy, designed to be misclassified by models while remaining trivial for humans."
        },
        {
            "section number": "2.4",
            "key information": "The benchmark is designed to assess the ability of models to select the most likely follow-up to an event description, simulating commonsense reasoning challenges."
        },
        {
            "section number": "4.1",
            "key information": "Models are evaluated based on their ability to correctly identify the most likely follow-up from multiple choices, with accuracy as the primary metric."
        },
        {
            "section number": "5.1",
            "key information": "State-of-the-art models struggled with the benchmark, achieving less than 48% accuracy, indicating significant challenges in commonsense inference."
        },
        {
            "section number": "6.2",
            "key information": "Future research could focus on refining the benchmark further and exploring additional dimensions of commonsense reasoning."
        }
    ],
    "similarity_score": null,
    "image": null,
    "path": "/home/liudingyuan/code/SurveyX/code/SurveyX-main/outputs/t14a/papers/Hellaswag_ Can a machine really finish your sentence.json"
}