{
    "from": null,
    "scholar_id": null,
    "detail_id": null,
    "title": "How well do sparse imagenet models transfer",
    "abstract": "Transfer learning is a classic paradigm by which models pretrained on large \u201cupstream\u201d datasets are adapted to yield good results on \u201cdownstream\u201d specialized datasets. Generally, more accurate models on the \u201cupstream\u201d dataset tend to provide better transfer accuracy \u201cdownstream\u201d. In this work, we perform an in-depth investigation of this phenomenon in the context of convolutional neural networks (CNNs) trained on the ImageNet dataset, which have been pruned-that is, compressed by sparsifiying their connections. We consider transfer using unstructured pruned models obtained by applying several state-of-the-art pruning methods, including magnitude-based, second-order, regrowth, lottery-ticket, and regularization approaches, in the context of twelve standard transfer tasks. In a nutshell, our study shows that sparse models can match or even outperform the transfer performance of dense models, even at high sparsities, and, while doing so, can lead to significant inference and even training speedups. At the same time, we observe and analyze significant differences in the behaviour of different pruning methods. The code is available at: https://github.com/IST-DASLab/sparse-imagenet-transfer.",
    "arxivid": "2111.13445v5",
    "bib_name": "Howwelldos150",
    "md_text": "# How well do sparse imagenet models transfer\n\n\nabstract\n\nTransfer learning is a classic paradigm by which models pretrained on large \u201cupstream\u201d datasets are adapted to yield good results on \u201cdownstream\u201d specialized datasets. Generally, more accurate models on the \u201cupstream\u201d dataset tend to provide better transfer accuracy \u201cdownstream\u201d. In this work, we perform an in-depth investigation of this phenomenon in the context of convolutional neural networks (CNNs) trained on the ImageNet dataset, which have been pruned-that is, compressed by sparsifiying their connections. We consider transfer using unstructured pruned models obtained by applying several state-of-the-art pruning methods, including magnitude-based, second-order, regrowth, lottery-ticket, and regularization approaches, in the context of twelve standard transfer tasks. In a nutshell, our study shows that sparse models can match or even outperform the transfer performance of dense models, even at high sparsities, and, while doing so, can lead to significant inference and even training speedups. At the same time, we observe and analyze significant differences in the behaviour of different pruning methods. The code is available at: https://github.com/IST-DASLab/sparse-imagenet-transfer.",
    "paper_type": "benchmark",
    "attri": {
        "background": "This paper addresses the issue of transfer learning in convolutional neural networks (CNNs) trained on the ImageNet dataset, specifically focusing on the impact of sparsification methods on transfer performance. The necessity for this benchmark arises from the need to evaluate how well pruned models perform on downstream tasks compared to their dense counterparts, thus fitting into the broader research landscape of model efficiency and performance.",
        "problem": {
            "definition": "The benchmark is designed to assess the transfer performance of convolutional neural networks that have undergone various pruning techniques when applied to downstream tasks.",
            "key obstacle": "Existing benchmarks primarily focus on dense models, leaving a gap in understanding how pruned models perform in transfer learning scenarios."
        },
        "idea": {
            "intuition": "The thought process behind this benchmark arises from the observation that sparsification can potentially enhance model efficiency without sacrificing performance, prompting an exploration into their transfer capabilities.",
            "opinion": "The authors believe that understanding the transfer performance of sparse models is crucial for advancing the efficiency of deep learning applications.",
            "innovation": "This benchmark differs from previous benchmarks by specifically targeting the transfer performance of pruned models, providing insights into the effectiveness of different pruning methods.",
            "benchmark abbreviation": "Sparse ImageNet"
        },
        "dataset": {
            "source": "The dataset is derived from the ImageNet dataset, which serves as a standard benchmark in computer vision tasks, and is used to train the models before applying pruning techniques.",
            "desc": "The dataset consists of a large collection of labeled images, suitable for training convolutional neural networks and evaluating their transfer capabilities across various tasks.",
            "content": "The dataset includes images categorized into numerous classes, providing a diverse set of visual data essential for benchmarking transfer learning.",
            "size": "1,000,000",
            "domain": "Computer Vision",
            "task format": "Transfer Learning"
        },
        "metrics": {
            "metric name": "Transfer Accuracy",
            "aspect": "Model performance on downstream tasks",
            "principle": "The choice of transfer accuracy as a metric is guided by its direct relevance to evaluating the effectiveness of pre-trained models in new contexts.",
            "procedure": "Models are evaluated based on their performance on standard transfer tasks after being fine-tuned on the downstream datasets."
        },
        "experiments": {
            "model": "The models tested include various pruned convolutional neural networks obtained through several state-of-the-art pruning methods.",
            "procedure": "Models were trained on the ImageNet dataset using different pruning techniques, followed by evaluation on twelve standard transfer tasks.",
            "result": "The experiments showed that sparse models could match or even exceed the transfer performance of dense models, indicating significant potential for efficiency.",
            "variability": "Variability in results was accounted for by conducting multiple trials and evaluating the models across different subsets of the dataset."
        },
        "conclusion": "The key findings indicate that sparse models can maintain competitive transfer performance while offering advantages in inference and training speed, suggesting a promising direction for future research in model efficiency.",
        "discussion": {
            "advantage": "The benchmark provides valuable insights into the transfer capabilities of pruned models, contributing to the understanding of model efficiency in deep learning.",
            "limitation": "Potential limitations include the focus on specific pruning methods, which may not represent all possible approaches to model sparsification.",
            "future work": "Future research could explore additional pruning techniques and their effects on a broader range of downstream tasks."
        },
        "other info": []
    },
    "mount_outline": [
        {
            "section number": "1.1",
            "key information": "This paper addresses the issue of transfer learning in convolutional neural networks (CNNs) trained on the ImageNet dataset, specifically focusing on the impact of sparsification methods on transfer performance."
        },
        {
            "section number": "1.2",
            "key information": "The necessity for this benchmark arises from the need to evaluate how well pruned models perform on downstream tasks compared to their dense counterparts, thus fitting into the broader research landscape of model efficiency and performance."
        },
        {
            "section number": "2.4",
            "key information": "The benchmark is designed to assess the transfer performance of convolutional neural networks that have undergone various pruning techniques when applied to downstream tasks."
        },
        {
            "section number": "2.5",
            "key information": "Understanding the transfer performance of sparse models is crucial for advancing the efficiency of deep learning applications."
        },
        {
            "section number": "3.3",
            "key information": "This benchmark differs from previous benchmarks by specifically targeting the transfer performance of pruned models, providing insights into the effectiveness of different pruning methods."
        },
        {
            "section number": "4.1",
            "key information": "Models are evaluated based on their performance on standard transfer tasks after being fine-tuned on the downstream datasets."
        },
        {
            "section number": "5.4",
            "key information": "The experiments showed that sparse models could match or even exceed the transfer performance of dense models, indicating significant potential for efficiency."
        },
        {
            "section number": "6.2",
            "key information": "Future research could explore additional pruning techniques and their effects on a broader range of downstream tasks."
        }
    ],
    "similarity_score": null,
    "image": null,
    "path": "/home/liudingyuan/code/SurveyX/code/SurveyX-main/outputs/t14a/papers/How well do sparse imagenet models transfer.json"
}