{
    "from": null,
    "scholar_id": null,
    "detail_id": null,
    "title": "How much pre-training is enough to discover a good subnetwork",
    "abstract": "Neural network pruning is useful for discovering efficient, high-performing subnetworks within pre-trained, dense network architectures. More often than not, it involves a three-step process -- pre-training, pruning, and re-training -- that is computationally expensive, as the dense model must be fully pre-trained. While previous work has revealed through experiments the relationship between the amount of pre-training and the performance of the pruned network, a theoretical characterization of such dependency is still missing. Aiming to mathematically analyze the amount of dense network pre-training needed for a pruned network to perform well, we discover a simple theoretical bound in the number of gradient descent pre-training iterations on a two-layer, fully-connected network, beyond which pruning via greedy forward selection [61] yields a subnetwork that achieves good training error. Interestingly, this threshold is shown to be logarithmically dependent upon the size of the dataset, meaning that experiments with larger datasets require more pre-training for subnetworks obtained via pruning to perform well. Lastly, we empirically validate our theoretical results on a multi-layer perceptron trained on MNIST.",
    "arxivid": "2108.00259v3",
    "bib_name": "Howmuchpre139",
    "md_text": "# How much pre-training is enough to discover a good subnetwork\n\n\nabstract\n\nNeural network pruning is useful for discovering efficient, high-performing subnetworks within pre-trained, dense network architectures. More often than not, it involves a three-step process -- pre-training, pruning, and re-training -- that is computationally expensive, as the dense model must be fully pre-trained. While previous work has revealed through experiments the relationship between the amount of pre-training and the performance of the pruned network, a theoretical characterization of such dependency is still missing. Aiming to mathematically analyze the amount of dense network pre-training needed for a pruned network to perform well, we discover a simple theoretical bound in the number of gradient descent pre-training iterations on a two-layer, fully-connected network, beyond which pruning via greedy forward selection [61] yields a subnetwork that achieves good training error. Interestingly, this threshold is shown to be logarithmically dependent upon the size of the dataset, meaning that experiments with larger datasets require more pre-training for subnetworks obtained via pruning to perform well. Lastly, we empirically validate our theoretical results on a multi-layer perceptron trained on MNIST.",
    "paper_type": "theory",
    "attri": {
        "background": "This paper addresses the issue of neural network pruning, which is crucial for identifying efficient and high-performing subnetworks within pre-trained dense network architectures. The traditional approach involves a computationally expensive three-step process: pre-training, pruning, and re-training.",
        "problem": {
            "definition": "The problem focuses on the lack of a theoretical understanding of the relationship between the amount of pre-training and the performance of pruned networks.",
            "key obstacle": "The main challenge is the absence of a mathematical characterization of how much pre-training is necessary for effective pruning."
        },
        "idea": {
            "intuition": "The idea was inspired by previous empirical findings that hinted at a correlation between pre-training and pruning performance.",
            "opinion": "The authors propose that a theoretical bound can be established to quantify the necessary amount of pre-training.",
            "innovation": "The primary improvement lies in providing a mathematical framework that establishes a logarithmic relationship between the amount of pre-training and dataset size for effective pruning."
        },
        "Theory": {
            "perspective": "The theory presented offers a simple bound on the number of gradient descent pre-training iterations required for good training error in pruned networks.",
            "opinion": "The authors believe that understanding this relationship can significantly enhance the efficiency of the pruning process.",
            "proof": "The proof is derived from analyzing a two-layer, fully-connected network and establishing the logarithmic dependency on dataset size."
        },
        "experiments": {
            "evaluation setting": "The empirical validation is conducted using a multi-layer perceptron trained on the MNIST dataset.",
            "evaluation method": "The evaluation involves comparing the performance of subnetworks obtained through pruning after varying amounts of pre-training."
        },
        "conclusion": "The paper concludes that there exists a threshold of pre-training iterations beyond which pruning yields subnetworks that achieve good training error, with this threshold being logarithmically related to dataset size.",
        "discussion": {
            "advantage": "The main advantage of this paper is the introduction of a theoretical framework that clarifies the relationship between pre-training and pruning performance.",
            "limitation": "A limitation is that the findings are based on a specific model (two-layer, fully-connected network) and may not generalize to more complex architectures.",
            "future work": "Future work could focus on extending the theoretical results to more complex network architectures and exploring the implications of different pruning methods."
        },
        "other info": []
    },
    "mount_outline": [
        {
            "section number": "1.1",
            "key information": "This paper addresses the issue of neural network pruning, which is crucial for identifying efficient and high-performing subnetworks within pre-trained dense network architectures."
        },
        {
            "section number": "2.2",
            "key information": "The traditional approach involves a computationally expensive three-step process: pre-training, pruning, and re-training."
        },
        {
            "section number": "2.4",
            "key information": "The problem focuses on the lack of a theoretical understanding of the relationship between the amount of pre-training and the performance of pruned networks."
        },
        {
            "section number": "3.3",
            "key information": "The primary improvement lies in providing a mathematical framework that establishes a logarithmic relationship between the amount of pre-training and dataset size for effective pruning."
        },
        {
            "section number": "4.1",
            "key information": "The paper concludes that there exists a threshold of pre-training iterations beyond which pruning yields subnetworks that achieve good training error."
        },
        {
            "section number": "5.1",
            "key information": "The empirical validation is conducted using a multi-layer perceptron trained on the MNIST dataset, comparing the performance of subnetworks obtained through pruning after varying amounts of pre-training."
        },
        {
            "section number": "6.2",
            "key information": "Future work could focus on extending the theoretical results to more complex network architectures and exploring the implications of different pruning methods."
        }
    ],
    "similarity_score": null,
    "image": null,
    "path": "/home/liudingyuan/code/SurveyX/code/SurveyX-main/outputs/t14a/papers/How much pre-training is enough to discover a good subnetwork.json"
}