{
    "from": null,
    "scholar_id": null,
    "detail_id": null,
    "title": "HRank: Filter pruning using high-rank feature map",
    "abstract": "Neural network pruning offers a promising prospect to facilitate deploying deep neural networks on resource-limited devices. However, existing methods are still challenged by the training inefficiency and labor cost in pruning designs, due to missing theoretical guidance of non-salient network components. In this paper, we propose a novel filter pruning method by exploring the High Rank of feature maps (HRank). Our HRank is inspired by the discovery that the average rank of multiple feature maps generated by a single filter is always the same, regardless of the number of image batches CNNs receive. Based on HRank, we develop a method that is mathematically formulated to prune filters with low-rank feature maps. The principle behind our pruning is that low-rank feature maps contain less information, and thus pruned results can be easily reproduced. Besides, we experimentally show that weights with high-rank feature maps contain more important information, such that even when a portion is not updated, very little damage would be done to the model performance. Without introducing any additional constraints, HRank leads to significant improvements over the state-of-the-arts in terms of FLOPs and parameters reduction, with similar accuracies. For example, with ResNet-110, we achieve a 58.2%-FLOPs reduction by removing 59.2% of the parameters, with only a small loss of $0.14\\%$ in top-1 accuracy on CIFAR-10. With Res-50, we achieve a 43.8%-FLOPs reduction by removing 36.7% of the parameters, with only a loss of 1.17% in the top-1 accuracy on ImageNet. The codes can be available at https://github.com/lmbxmu/HRank.",
    "arxivid": "2002.10179v2",
    "bib_name": "HRank:Filt189",
    "md_text": "# HRank: Filter pruning using high-rank feature map\n\n\nabstract\n\nNeural network pruning offers a promising prospect to facilitate deploying deep neural networks on resource-limited devices. However, existing methods are still challenged by the training inefficiency and labor cost in pruning designs, due to missing theoretical guidance of non-salient network components. In this paper, we propose a novel filter pruning method by exploring the High Rank of feature maps (HRank). Our HRank is inspired by the discovery that the average rank of multiple feature maps generated by a single filter is always the same, regardless of the number of image batches CNNs receive. Based on HRank, we develop a method that is mathematically formulated to prune filters with low-rank feature maps. The principle behind our pruning is that low-rank feature maps contain less information, and thus pruned results can be easily reproduced. Besides, we experimentally show that weights with high-rank feature maps contain more important information, such that even when a portion is not updated, very little damage would be done to the model performance. Without introducing any additional constraints, HRank leads to significant improvements over the state-of-the-arts in terms of FLOPs and parameters reduction, with similar accuracies. For example, with ResNet-110, we achieve a 58.2%-FLOPs reduction by removing 59.2% of the parameters, with only a small loss of $0.14\\%$ in top-1 accuracy on CIFAR-10. With Res-50, we achieve a 43.8%-FLOPs reduction by removing 36.7% of the parameters, with only a loss of 1.17% in the top-1 accuracy on ImageNet. The codes can be available at https://github.com/lmbxmu/HRank.",
    "paper_type": "method",
    "attri": {
        "background": "Neural network pruning offers a promising prospect to facilitate deploying deep neural networks on resource-limited devices. However, existing methods are still challenged by the training inefficiency and labor cost in pruning designs, due to missing theoretical guidance of non-salient network components.",
        "problem": {
            "definition": "The paper aims to solve the inefficiencies and labor costs associated with existing neural network pruning methods, particularly due to the lack of theoretical guidance for identifying non-salient components.",
            "key obstacle": "The main difficulty is the absence of a theoretical framework to guide the pruning of filters in neural networks, leading to suboptimal pruning results."
        },
        "idea": {
            "intuition": "The intuition behind HRank is based on the observation that the average rank of multiple feature maps generated by a single filter remains constant, regardless of the number of image batches processed by the CNN.",
            "opinion": "HRank proposes a novel filter pruning method that mathematically formulates the pruning of filters with low-rank feature maps, suggesting that these maps contain less information.",
            "innovation": "The key innovation of HRank lies in its ability to prune less informative filters based on the rank of feature maps, leading to significant reductions in FLOPs and parameters without compromising accuracy."
        },
        "method": {
            "method name": "HRank",
            "method abbreviation": "HRank",
            "method definition": "HRank is a filter pruning method that targets low-rank feature maps to enhance the efficiency of neural networks.",
            "method description": "HRank prunes filters based on the rank of the feature maps they generate, focusing on retaining those with higher ranks.",
            "method steps": "1. Calculate the rank of feature maps generated by filters. 2. Identify filters with low-rank feature maps. 3. Prune the identified filters to reduce model complexity.",
            "principle": "The effectiveness of HRank is based on the principle that low-rank feature maps carry less information, allowing for effective pruning while maintaining model performance."
        },
        "experiments": {
            "evaluation setting": "Experiments were conducted using ResNet-110 and ResNet-50 architectures on CIFAR-10 and ImageNet datasets, respectively, comparing HRank against state-of-the-art methods.",
            "evaluation method": "The performance of the method was assessed by measuring the reduction in FLOPs and parameters, as well as the impact on top-1 accuracy."
        },
        "conclusion": "HRank achieves significant reductions in FLOPs and parameters while maintaining comparable accuracies, demonstrating its effectiveness as a pruning method for neural networks.",
        "discussion": {
            "advantage": "The primary advantage of HRank is its ability to prune filters based on theoretical insights into feature map ranks, leading to efficient model compression without substantial loss in accuracy.",
            "limitation": "A limitation of HRank may include its reliance on the assumption that low-rank feature maps universally indicate less informative filters, which may not hold in all scenarios.",
            "future work": "Future work could explore further theoretical foundations for filter importance and investigate the application of HRank to other neural network architectures."
        },
        "other info": []
    },
    "mount_outline": [
        {
            "section number": "2.2",
            "key information": "HRank is a filter pruning method that targets low-rank feature maps to enhance the efficiency of neural networks."
        },
        {
            "section number": "2.4",
            "key information": "Define and explain the concepts of pruning, sparsity, and efficiency in neural networks. HRank proposes a novel filter pruning method that mathematically formulates the pruning of filters with low-rank feature maps."
        },
        {
            "section number": "3.3",
            "key information": "The key innovation of HRank lies in its ability to prune less informative filters based on the rank of feature maps, leading to significant reductions in FLOPs and parameters without compromising accuracy."
        },
        {
            "section number": "4.1",
            "key information": "The performance of the method was assessed by measuring the reduction in FLOPs and parameters, as well as the impact on top-1 accuracy."
        },
        {
            "section number": "5.1",
            "key information": "HRank achieves significant reductions in FLOPs and parameters while maintaining comparable accuracies, demonstrating its effectiveness as a pruning method for neural networks."
        },
        {
            "section number": "6.2",
            "key information": "Future work could explore further theoretical foundations for filter importance and investigate the application of HRank to other neural network architectures."
        }
    ],
    "similarity_score": null,
    "image": null,
    "path": "/home/liudingyuan/code/SurveyX/code/SurveyX-main/outputs/t14a/papers/HRank_ Filter pruning using high-rank feature map.json"
}