{
    "from": null,
    "scholar_id": null,
    "detail_id": null,
    "title": "iDARTS: Differentiable architecture search with stochastic implicit gradients",
    "abstract": "\\textit{Differentiable ARchiTecture Search} (DARTS) has recently become the mainstream of neural architecture search (NAS) due to its efficiency and simplicity. With a gradient-based bi-level optimization, DARTS alternately optimizes the inner model weights and the outer architecture parameter in a weight-sharing supernet. A key challenge to the scalability and quality of the learned architectures is the need for differentiating through the inner-loop optimisation. While much has been discussed about several potentially fatal factors in DARTS, the architecture gradient, a.k.a. hypergradient, has received less attention. In this paper, we tackle the hypergradient computation in DARTS based on the implicit function theorem, making it only depends on the obtained solution to the inner-loop optimization and agnostic to the optimization path. To further reduce the computational requirements, we formulate a stochastic hypergradient approximation for differentiable NAS, and theoretically show that the architecture optimization with the proposed method, named iDARTS, is expected to converge to a stationary point. Comprehensive experiments on two NAS benchmark search spaces and the common NAS search space verify the effectiveness of our proposed method. It leads to architectures outperforming, with large margins, those learned by the baseline methods.",
    "arxivid": "2106.10784v1",
    "bib_name": "iDARTS:Dif24",
    "md_text": "# iDARTS: Differentiable architecture search with stochastic implicit gradients\n\n\nabstract\n\n\\textit{Differentiable ARchiTecture Search} (DARTS) has recently become the mainstream of neural architecture search (NAS) due to its efficiency and simplicity. With a gradient-based bi-level optimization, DARTS alternately optimizes the inner model weights and the outer architecture parameter in a weight-sharing supernet. A key challenge to the scalability and quality of the learned architectures is the need for differentiating through the inner-loop optimisation. While much has been discussed about several potentially fatal factors in DARTS, the architecture gradient, a.k.a. hypergradient, has received less attention. In this paper, we tackle the hypergradient computation in DARTS based on the implicit function theorem, making it only depends on the obtained solution to the inner-loop optimization and agnostic to the optimization path. To further reduce the computational requirements, we formulate a stochastic hypergradient approximation for differentiable NAS, and theoretically show that the architecture optimization with the proposed method, named iDARTS, is expected to converge to a stationary point. Comprehensive experiments on two NAS benchmark search spaces and the common NAS search space verify the effectiveness of our proposed method. It leads to architectures outperforming, with large margins, those learned by the baseline methods.",
    "paper_type": "method",
    "attri": {
        "background": "Differentiable ARchiTecture Search (DARTS) has become the mainstream approach for neural architecture search (NAS) due to its efficiency and simplicity. However, a significant challenge lies in differentiating through the inner-loop optimization, which affects the scalability and quality of the learned architectures. The hypergradient computation in DARTS has received less attention compared to other factors, necessitating a new approach to improve this aspect.",
        "problem": {
            "definition": "The problem addressed in this paper is the inefficiency and limitations of hypergradient computation in DARTS, which hinders the optimization of neural architectures.",
            "key obstacle": "The main difficulty is the dependence on the optimization path during the inner-loop optimization, which complicates the hypergradient computation and affects the overall effectiveness of the architecture search."
        },
        "idea": {
            "intuition": "The idea was inspired by the need to simplify hypergradient computation in DARTS, leading to a method that is agnostic to the optimization path and relies solely on the solution obtained from the inner-loop optimization.",
            "opinion": "The proposed method, iDARTS, introduces a stochastic hypergradient approximation that enhances the efficiency of differentiable NAS, addressing the identified problem effectively.",
            "innovation": "The primary innovation of iDARTS is its formulation of a stochastic hypergradient approximation, which significantly reduces computational requirements and allows for convergence to a stationary point, unlike existing methods."
        },
        "method": {
            "method name": "iDARTS",
            "method abbreviation": "iDARTS",
            "method definition": "iDARTS is a method for differentiable architecture search that improves hypergradient computation by using the implicit function theorem, making it independent of the optimization path.",
            "method description": "iDARTS simplifies the hypergradient computation in DARTS, allowing for more efficient architecture optimization.",
            "method steps": "1. Perform inner-loop optimization to obtain model weights. 2. Compute the hypergradient using the implicit function theorem. 3. Apply stochastic approximation to refine the hypergradient. 4. Update architecture parameters based on the computed hypergradient.",
            "principle": "The effectiveness of iDARTS lies in its ability to decouple the hypergradient computation from the optimization path, enabling faster convergence and improved architecture performance."
        },
        "experiments": {
            "evaluation setting": "Comprehensive experiments were conducted on two NAS benchmark search spaces as well as a common NAS search space, using various baseline methods for comparison.",
            "evaluation method": "The performance of iDARTS was assessed by measuring the accuracy of the architectures learned and comparing them against those generated by baseline methods."
        },
        "conclusion": "The experiments demonstrate that iDARTS leads to architectures that significantly outperform those learned by existing baseline methods, validating the effectiveness and contributions of the proposed approach.",
        "discussion": {
            "advantage": "The key advantages of iDARTS include its efficiency in hypergradient computation and the ability to achieve superior architecture performance with reduced computational requirements.",
            "limitation": "One limitation of iDARTS may be its reliance on the stochastic approximation, which could introduce variability in results compared to deterministic approaches.",
            "future work": "Future research could focus on refining the stochastic approximation further, exploring its applicability to other architecture search problems, and investigating additional enhancements to the method."
        },
        "other info": []
    },
    "mount_outline": [
        {
            "section number": "2.1",
            "key information": "Differentiable ARchiTecture Search (DARTS) has become the mainstream approach for neural architecture search (NAS) due to its efficiency and simplicity."
        },
        {
            "section number": "2.2",
            "key information": "The problem addressed in this paper is the inefficiency and limitations of hypergradient computation in DARTS, which hinders the optimization of neural architectures."
        },
        {
            "section number": "2.4",
            "key information": "iDARTS is a method for differentiable architecture search that improves hypergradient computation by using the implicit function theorem, making it independent of the optimization path."
        },
        {
            "section number": "3.1",
            "key information": "The proposed method, iDARTS, introduces a stochastic hypergradient approximation that enhances the efficiency of differentiable NAS, addressing the identified problem effectively."
        },
        {
            "section number": "4.1",
            "key information": "The performance of iDARTS was assessed by measuring the accuracy of the architectures learned and comparing them against those generated by baseline methods."
        },
        {
            "section number": "5.1",
            "key information": "The experiments demonstrate that iDARTS leads to architectures that significantly outperform those learned by existing baseline methods, validating the effectiveness and contributions of the proposed approach."
        },
        {
            "section number": "6.2",
            "key information": "Future research could focus on refining the stochastic approximation further, exploring its applicability to other architecture search problems, and investigating additional enhancements to the method."
        }
    ],
    "similarity_score": null,
    "image": null,
    "path": "/home/liudingyuan/code/SurveyX/code/SurveyX-main/outputs/t14a/papers/iDARTS_ Differentiable architecture search with stochastic implicit gradients.json"
}