{
    "from": null,
    "scholar_id": null,
    "detail_id": null,
    "title": "ImageNet large scale visual recognition challenge",
    "abstract": "The ImageNet Large Scale Visual Recognition Challenge is a benchmark in object category classification and detection on hundreds of object categories and millions of images. The challenge has been run annually from 2010 to present, attracting participation from more than fifty institutions. This paper describes the creation of this benchmark dataset and the advances in object recognition that have been possible as a result. We discuss the challenges of collecting large-scale ground truth annotation, highlight key breakthroughs in categorical object recognition, provide a detailed analysis of the current state of the field of large-scale image classification and object detection, and compare the state-of-the-art computer vision accuracy with human accuracy. We conclude with lessons learned in the 5 years of the challenge, and propose future directions and improvements.",
    "arxivid": "1409.0575v3",
    "bib_name": "ImageNetla137",
    "md_text": "# ImageNet large scale visual recognition challenge\n\n\nabstract\n\nThe ImageNet Large Scale Visual Recognition Challenge is a benchmark in object category classification and detection on hundreds of object categories and millions of images. The challenge has been run annually from 2010 to present, attracting participation from more than fifty institutions. This paper describes the creation of this benchmark dataset and the advances in object recognition that have been possible as a result. We discuss the challenges of collecting large-scale ground truth annotation, highlight key breakthroughs in categorical object recognition, provide a detailed analysis of the current state of the field of large-scale image classification and object detection, and compare the state-of-the-art computer vision accuracy with human accuracy. We conclude with lessons learned in the 5 years of the challenge, and propose future directions and improvements.",
    "paper_type": "benchmark",
    "attri": {
        "background": "The ImageNet Large Scale Visual Recognition Challenge was established to address the need for a standardized benchmark in object category classification and detection, facilitating advancements in computer vision through large-scale datasets and ground truth annotations.",
        "problem": {
            "definition": "The benchmark is designed to evaluate the performance of models in classifying and detecting objects across hundreds of categories using millions of images.",
            "key obstacle": "Existing benchmarks lacked the scale and diversity necessary for comprehensive evaluation of object recognition systems, leading to limited progress in the field."
        },
        "idea": {
            "intuition": "The creation of this benchmark was inspired by the need for a large, well-annotated dataset that could drive research and innovation in object recognition.",
            "opinion": "The authors emphasize that this benchmark is crucial for advancing the field of computer vision, as it has attracted significant participation and led to notable breakthroughs.",
            "innovation": "This benchmark differs from previous efforts by providing a large-scale dataset with millions of images and hundreds of object categories, which allows for more rigorous testing and comparison of models.",
            "benchmark abbreviation": "ILSVRC"
        },
        "dataset": {
            "source": "The dataset was created by collecting and annotating images from various sources, ensuring a diverse representation of object categories.",
            "desc": "The dataset consists of millions of images distributed across hundreds of object categories, making it suitable for comprehensive evaluation of object recognition models.",
            "content": "The dataset includes images of various objects, which are essential for training and testing classification and detection algorithms.",
            "size": "1,000,000",
            "domain": "Object Recognition",
            "task format": "Object Detection"
        },
        "metrics": {
            "metric name": "Accuracy",
            "aspect": "Model performance in classifying and detecting objects.",
            "principle": "The choice of accuracy as the primary metric is based on its ability to reflect the effectiveness of models in correctly identifying object categories.",
            "procedure": "Models are evaluated by comparing their predictions against the ground truth annotations in the dataset."
        },
        "experiments": {
            "model": "The benchmark tested a mix of state-of-the-art and baseline models.",
            "procedure": "Models were trained on the dataset using standard training protocols, with specific parameters adjusted to optimize performance.",
            "result": "The results showed significant improvements in object recognition accuracy over the years, with some models achieving performance levels comparable to human accuracy.",
            "variability": "Variability in results was accounted for through multiple trials and cross-validation techniques."
        },
        "conclusion": "The benchmark has facilitated substantial advancements in object recognition, highlighting the importance of large-scale datasets in driving research and innovation.",
        "discussion": {
            "advantage": "The benchmark provides a comprehensive and standardized evaluation framework that has significantly contributed to the field of computer vision.",
            "limitation": "Potential limitations include biases in the dataset and the challenges of ensuring consistent annotation quality across such a large scale.",
            "future work": "Future research could focus on expanding the dataset to include more diverse categories and improving annotation methods."
        },
        "other info": [
            {
                "info1": "The challenge has been conducted annually since 2010.",
                "info2": {
                    "info2.1": "Over fifty institutions have participated in the challenge.",
                    "info2.2": "The paper discusses lessons learned over five years of the challenge."
                }
            }
        ]
    },
    "mount_outline": [
        {
            "section number": "1.1",
            "key information": "The benchmark is crucial for advancing the field of computer vision, as it has attracted significant participation and led to notable breakthroughs."
        },
        {
            "section number": "1.2",
            "key information": "The objectives of the benchmark include providing a standardized evaluation framework for object classification and detection, facilitating advancements in computer vision through large-scale datasets."
        },
        {
            "section number": "2.1",
            "key information": "The dataset consists of millions of images distributed across hundreds of object categories, making it suitable for comprehensive evaluation of object recognition models."
        },
        {
            "section number": "2.2",
            "key information": "The benchmark evaluates the performance of models in classifying and detecting objects across hundreds of categories using millions of images."
        },
        {
            "section number": "2.4",
            "key information": "The choice of accuracy as the primary metric is based on its ability to reflect the effectiveness of models in correctly identifying object categories."
        },
        {
            "section number": "4.1",
            "key information": "Models are evaluated by comparing their predictions against the ground truth annotations in the dataset."
        },
        {
            "section number": "5.1",
            "key information": "The results showed significant improvements in object recognition accuracy over the years, with some models achieving performance levels comparable to human accuracy."
        },
        {
            "section number": "6.2",
            "key information": "Future research could focus on expanding the dataset to include more diverse categories and improving annotation methods."
        }
    ],
    "similarity_score": null,
    "image": null,
    "path": "/home/liudingyuan/code/SurveyX/code/SurveyX-main/outputs/t14a/papers/ImageNet large scale visual recognition challenge.json"
}