{
    "from": null,
    "scholar_id": null,
    "detail_id": null,
    "title": "Importance estimation for neural network pruning",
    "abstract": "Structural pruning of neural network parameters reduces computational, energy, and memory transfer costs during inference. We propose a novel method that estimates the contribution of a neuron (filter) to the final loss and iteratively removes those with smaller scores. We describe two variations of our method using the first and second-order Taylor expansions to approximate a filter's contribution. Both methods scale consistently across any network layer without requiring per-layer sensitivity analysis and can be applied to any kind of layer, including skip connections. For modern networks trained on ImageNet, we measured experimentally a high (>93%) correlation between the contribution computed by our methods and a reliable estimate of the true importance. Pruning with the proposed methods led to an improvement over state-of-the-art in terms of accuracy, FLOPs, and parameter reduction. On ResNet-101, we achieve a 40% FLOPS reduction by removing 30% of the parameters, with a loss of 0.02% in the top-1 accuracy on ImageNet.",
    "arxivid": "1906.10771v1",
    "bib_name": "Importance82",
    "md_text": "# Importance estimation for neural network pruning\n\n\nabstract\n\nStructural pruning of neural network parameters reduces computational, energy, and memory transfer costs during inference. We propose a novel method that estimates the contribution of a neuron (filter) to the final loss and iteratively removes those with smaller scores. We describe two variations of our method using the first and second-order Taylor expansions to approximate a filter's contribution. Both methods scale consistently across any network layer without requiring per-layer sensitivity analysis and can be applied to any kind of layer, including skip connections. For modern networks trained on ImageNet, we measured experimentally a high (>93%) correlation between the contribution computed by our methods and a reliable estimate of the true importance. Pruning with the proposed methods led to an improvement over state-of-the-art in terms of accuracy, FLOPs, and parameter reduction. On ResNet-101, we achieve a 40% FLOPS reduction by removing 30% of the parameters, with a loss of 0.02% in the top-1 accuracy on ImageNet.",
    "paper_type": "method",
    "attri": {
        "background": "This paper addresses the issue of structural pruning in neural networks, which aims to reduce computational, energy, and memory transfer costs during inference. Previous methods often require per-layer sensitivity analysis and do not consistently scale across network layers, necessitating a new approach for effective pruning.",
        "problem": {
            "definition": "The problem is the inefficient pruning of neural network parameters, which can lead to suboptimal performance and increased resource usage.",
            "key obstacle": "The main difficulty lies in accurately estimating the contribution of individual neurons or filters to the final loss, which is essential for effective pruning without significantly impacting accuracy."
        },
        "idea": {
            "intuition": "The idea is inspired by the need for a more efficient pruning method that can assess neuron contributions without extensive sensitivity analysis.",
            "opinion": "The proposed method estimates the contribution of each filter to the final loss using Taylor expansions, allowing for iterative removal of less important filters.",
            "innovation": "The primary innovation is the ability to apply the method consistently across any network layer and its applicability to various types of layers, including those with skip connections."
        },
        "method": {
            "method name": "Importance Estimation for Neural Network Pruning",
            "method abbreviation": "IENNP",
            "method definition": "The method estimates the contribution of each neuron (filter) to the final loss using first and second-order Taylor expansions, enabling effective pruning decisions.",
            "method description": "The core of the method involves calculating the contribution scores for filters and iteratively pruning those with lower scores.",
            "method steps": [
                "Calculate the contribution of each filter using Taylor expansions.",
                "Rank filters based on their contribution scores.",
                "Iteratively prune filters with the lowest scores.",
                "Evaluate the performance of the pruned network."
            ],
            "principle": "This method is effective because it provides a reliable estimate of filter importance, allowing for targeted pruning that minimizes the impact on network performance."
        },
        "experiments": {
            "evaluation setting": "Experiments were conducted on modern networks trained on ImageNet, specifically using ResNet-101 as a test case.",
            "evaluation method": "Performance was assessed by measuring the correlation between the estimated contributions and a reliable estimate of true importance, as well as evaluating accuracy, FLOPs, and parameter reduction after pruning."
        },
        "conclusion": "The proposed pruning methods achieved over 93% correlation with true importance estimates and improved state-of-the-art performance in terms of accuracy, FLOPs, and parameter reduction, demonstrating their effectiveness.",
        "discussion": {
            "advantage": "The key advantages include the ability to apply the method across all network layers without requiring per-layer sensitivity analysis, resulting in more efficient pruning.",
            "limitation": "One limitation is that the method may still require careful tuning to optimize pruning thresholds for different architectures.",
            "future work": "Future research could focus on refining the estimation process and exploring adaptive pruning strategies that dynamically adjust based on network performance."
        },
        "other info": []
    },
    "mount_outline": [
        {
            "section number": "1.1",
            "key information": "Structural pruning in neural networks aims to reduce computational, energy, and memory transfer costs during inference."
        },
        {
            "section number": "1.2",
            "key information": "The objectives include addressing inefficient pruning of neural network parameters and proposing a more efficient method for estimating neuron contributions."
        },
        {
            "section number": "2.4",
            "key information": "Pruning is defined as the process of removing less important filters based on their contribution to the final loss, which is estimated using Taylor expansions."
        },
        {
            "section number": "3.1",
            "key information": "The proposed method, Importance Estimation for Neural Network Pruning (IENNP), allows for effective pruning decisions across any network layer."
        },
        {
            "section number": "4.1",
            "key information": "The proposed pruning methods achieved over 93% correlation with true importance estimates, indicating high effectiveness."
        },
        {
            "section number": "5.1",
            "key information": "Performance was evaluated by measuring accuracy, FLOPs, and parameter reduction after pruning, demonstrating improvements in these metrics."
        },
        {
            "section number": "6.2",
            "key information": "Future research could focus on refining the estimation process and exploring adaptive pruning strategies that dynamically adjust based on network performance."
        }
    ],
    "similarity_score": null,
    "image": null,
    "path": "/home/liudingyuan/code/SurveyX/code/SurveyX-main/outputs/t14a/papers/Importance estimation for neural network pruning.json"
}