{
    "from": null,
    "scholar_id": null,
    "detail_id": null,
    "title": "Improved baselines with momentum contrastive learning",
    "abstract": "Contrastive unsupervised learning has recently shown encouraging progress, e.g., in Momentum Contrast (MoCo) and SimCLR. In this note, we verify the effectiveness of two of SimCLR's design improvements by implementing them in the MoCo framework. With simple modifications to MoCo---namely, using an MLP projection head and more data augmentation---we establish stronger baselines that outperform SimCLR and do not require large training batches. We hope this will make state-of-the-art unsupervised learning research more accessible. Code will be made public.",
    "arxivid": "2003.04297v1",
    "bib_name": "Improvedba160",
    "md_text": "# Improved baselines with momentum contrastive learning\n\n\nabstract\n\nContrastive unsupervised learning has recently shown encouraging progress, e.g., in Momentum Contrast (MoCo) and SimCLR. In this note, we verify the effectiveness of two of SimCLR's design improvements by implementing them in the MoCo framework. With simple modifications to MoCo---namely, using an MLP projection head and more data augmentation---we establish stronger baselines that outperform SimCLR and do not require large training batches. We hope this will make state-of-the-art unsupervised learning research more accessible. Code will be made public.",
    "paper_type": "benchmark",
    "attri": {
        "background": "This paper addresses the issue of improving unsupervised learning methods, specifically focusing on Momentum Contrast (MoCo) and its comparison with SimCLR. The necessity for this benchmark arises from the need for more accessible state-of-the-art unsupervised learning techniques.",
        "problem": {
            "definition": "The benchmark is designed to address the challenges in achieving effective contrastive learning without requiring large training batches.",
            "key obstacle": "Existing benchmarks often rely on large batch sizes, which can limit accessibility and scalability for researchers."
        },
        "idea": {
            "intuition": "The thought process behind the benchmark stems from the recognition that simpler modifications to existing frameworks can yield significant improvements in performance.",
            "opinion": "The authors believe that by establishing stronger baselines, they can enhance the accessibility of unsupervised learning research.",
            "innovation": "This benchmark introduces novel modifications to MoCo, including the use of an MLP projection head and enhanced data augmentation, which differentiate it from previous benchmarks.",
            "benchmark abbreviation": "MoCo"
        },
        "dataset": {
            "source": "The dataset is derived from real-world data, leveraging existing datasets for contrastive learning tasks.",
            "desc": "The dataset is characterized by its size and diversity, which is essential for training robust models in unsupervised learning.",
            "content": "The dataset includes various forms of data relevant to contrastive learning, primarily images.",
            "size": "-",
            "domain": "Unsupervised Learning",
            "task format": "Contrastive Learning"
        },
        "metrics": {
            "metric name": "Accuracy, F1-score",
            "aspect": "Model performance and generalization capability.",
            "principle": "The selection of metrics is guided by the need to evaluate how well models can learn representations without supervision.",
            "procedure": "Models are evaluated based on their performance on benchmark tasks using the defined metrics."
        },
        "experiments": {
            "model": "The models tested include state-of-the-art architectures adapted for the MoCo framework.",
            "procedure": "The experimental setup involved training models with the proposed modifications and comparing their performance against baseline models.",
            "result": "The results indicated that the modified MoCo outperformed SimCLR, demonstrating statistical significance.",
            "variability": "Variability was accounted for by conducting multiple training trials and using different subsets of the dataset."
        },
        "conclusion": "The key findings suggest that the proposed modifications to MoCo lead to improved performance, making unsupervised learning more accessible and effective.",
        "discussion": {
            "advantage": "The benchmark strengthens the field by providing improved baselines that do not rely on large batch sizes.",
            "limitation": "Potential limitations include the need for further validation across different datasets and tasks.",
            "future work": "Future research could explore additional modifications and test the benchmark across a broader range of applications."
        },
        "other info": []
    },
    "mount_outline": [
        {
            "section number": "2.5",
            "key information": "The benchmark is designed to address the challenges in achieving effective contrastive learning without requiring large training batches."
        },
        {
            "section number": "3.3",
            "key information": "This benchmark introduces novel modifications to MoCo, including the use of an MLP projection head and enhanced data augmentation, which differentiate it from previous benchmarks."
        },
        {
            "section number": "4.1",
            "key information": "Models are evaluated based on their performance on benchmark tasks using defined metrics such as accuracy and F1-score."
        },
        {
            "section number": "5.3",
            "key information": "The results indicated that the modified MoCo outperformed SimCLR, demonstrating statistical significance."
        },
        {
            "section number": "6.2",
            "key information": "Future research could explore additional modifications and test the benchmark across a broader range of applications."
        }
    ],
    "similarity_score": null,
    "image": null,
    "path": "/home/liudingyuan/code/SurveyX/code/SurveyX-main/outputs/t14a/papers/Improved baselines with momentum contrastive learning.json"
}