{
    "from": null,
    "scholar_id": null,
    "detail_id": null,
    "title": "Joint-DetNAS: Upgrade your detector with NAS, pruning and dynamic distillation",
    "abstract": "We propose Joint-DetNAS, a unified NAS framework for object detection, which integrates 3 key components: Neural Architecture Search, pruning, and Knowledge Distillation. Instead of naively pipelining these techniques, our Joint-DetNAS optimizes them jointly. The algorithm consists of two core processes: student morphism optimizes the student\u2019s architecture and removes the redundant parameters, while dynamic distillation aims to find the optimal matching teacher. For student morphism, weight inheritance strategy is adopted, allowing the student to flexibly update its architecture while fully utilize the predecessor\u2019s weights, which considerably accelerates the search; To facilitate dynamic distillation, an elastic teacher pool is trained via integrated progressive shrinking strategy, from which teacher detectors can be sampled without additional cost in subsequent searches. Given a base detector as the input, our algorithm directly outputs the derived student detector with high performance without additional training. Experiments demonstrate that our Joint-DetNAS outperforms the naive pipelining approach by a great margin. Given a classic R101-FPN as the base detector, Joint-DetNAS is able to boost its mAP from 41.4 to 43.9 on MS COCO and reduce the latency by 47%, which is on par with the SOTA EfficientDet while requiring less search cost. We hope our proposed method can provide the community with a new way of jointly optimizing NAS, KD and pruning.",
    "arxivid": "2105.12971v1",
    "bib_name": "Joint-DetN168",
    "md_text": "# Joint-DetNAS: Upgrade your detector with NAS, pruning and dynamic distillation\n\n\nabstract\n\nWe propose Joint-DetNAS, a unified NAS framework for object detection, which integrates 3 key components: Neural Architecture Search, pruning, and Knowledge Distillation. Instead of naively pipelining these techniques, our Joint-DetNAS optimizes them jointly. The algorithm consists of two core processes: student morphism optimizes the student\u2019s architecture and removes the redundant parameters, while dynamic distillation aims to find the optimal matching teacher. For student morphism, weight inheritance strategy is adopted, allowing the student to flexibly update its architecture while fully utilize the predecessor\u2019s weights, which considerably accelerates the search; To facilitate dynamic distillation, an elastic teacher pool is trained via integrated progressive shrinking strategy, from which teacher detectors can be sampled without additional cost in subsequent searches. Given a base detector as the input, our algorithm directly outputs the derived student detector with high performance without additional training. Experiments demonstrate that our Joint-DetNAS outperforms the naive pipelining approach by a great margin. Given a classic R101-FPN as the base detector, Joint-DetNAS is able to boost its mAP from 41.4 to 43.9 on MS COCO and reduce the latency by 47%, which is on par with the SOTA EfficientDet while requiring less search cost. We hope our proposed method can provide the community with a new way of jointly optimizing NAS, KD and pruning.",
    "paper_type": "method",
    "attri": {
        "background": "This paper addresses the challenge of optimizing object detection models by integrating Neural Architecture Search (NAS), pruning, and Knowledge Distillation (KD) into a unified framework called Joint-DetNAS, highlighting the limitations of previous methods that treated these components separately.",
        "problem": {
            "definition": "The problem is the inefficiency in optimizing object detection models through separate application of NAS, pruning, and KD, which leads to suboptimal performance and increased computational costs.",
            "key obstacle": "The core obstacle is the lack of a cohesive approach that jointly optimizes the three techniques, which results in redundant parameters and ineffective utilization of resources."
        },
        "idea": {
            "intuition": "The idea stems from the observation that integrating NAS, pruning, and KD into a single framework can lead to better optimization and performance in object detection tasks.",
            "opinion": "The proposed Joint-DetNAS method allows for simultaneous optimization of the student detector's architecture and parameters while efficiently leveraging the strengths of the teacher detectors.",
            "innovation": "The key innovation lies in the joint optimization of NAS, pruning, and KD, particularly through the use of student morphism for architecture adaptation and dynamic distillation for selecting optimal teacher detectors."
        },
        "method": {
            "method name": "Joint-DetNAS",
            "method abbreviation": "JD-NAS",
            "method definition": "Joint-DetNAS is a unified framework that optimizes Neural Architecture Search, pruning, and Knowledge Distillation simultaneously to enhance object detection performance.",
            "method description": "The method employs a two-core process: student morphism for optimizing the student's architecture and dynamic distillation for matching with teacher detectors.",
            "method steps": "1. Initialize a base detector; 2. Apply student morphism to optimize architecture and prune parameters; 3. Implement dynamic distillation using an elastic teacher pool; 4. Output the optimized student detector.",
            "principle": "The effectiveness of Joint-DetNAS is based on the synergistic optimization of architecture and parameters, which reduces redundancy and enhances the performance of the detection model."
        },
        "experiments": {
            "evaluation setting": "The experiments utilized the MS COCO dataset, comparing the performance of Joint-DetNAS against a naive pipelining approach using a classic R101-FPN as the base detector.",
            "evaluation method": "Performance was assessed by measuring the mean Average Precision (mAP) and latency, with results analyzed to demonstrate improvements over existing methods."
        },
        "conclusion": "Joint-DetNAS significantly outperforms traditional methods, boosting the mAP from 41.4 to 43.9 while reducing latency by 47%, showcasing its effectiveness as a new approach to jointly optimize NAS, KD, and pruning.",
        "discussion": {
            "advantage": "The main advantages of Joint-DetNAS include improved performance through joint optimization, reduced search costs, and the ability to leverage pre-trained weights effectively.",
            "limitation": "One limitation is that the method may require careful tuning of the elastic teacher pool to ensure optimal performance across different datasets.",
            "future work": "Future research could explore further enhancements to the teacher pool selection process and investigate the applicability of Joint-DetNAS to other model architectures and tasks."
        },
        "other info": []
    },
    "mount_outline": [
        {
            "section number": "1.1",
            "key information": "This paper addresses the challenge of optimizing object detection models by integrating Neural Architecture Search (NAS), pruning, and Knowledge Distillation (KD) into a unified framework called Joint-DetNAS, highlighting the limitations of previous methods that treated these components separately."
        },
        {
            "section number": "2.2",
            "key information": "Joint-DetNAS is a unified framework that optimizes Neural Architecture Search, pruning, and Knowledge Distillation simultaneously to enhance object detection performance."
        },
        {
            "section number": "3.1",
            "key information": "The idea stems from the observation that integrating NAS, pruning, and KD into a single framework can lead to better optimization and performance in object detection tasks."
        },
        {
            "section number": "4.1",
            "key information": "Performance was assessed by measuring the mean Average Precision (mAP) and latency, with results analyzed to demonstrate improvements over existing methods."
        },
        {
            "section number": "5.1",
            "key information": "Joint-DetNAS significantly outperforms traditional methods, boosting the mAP from 41.4 to 43.9 while reducing latency by 47%, showcasing its effectiveness as a new approach to jointly optimize NAS, KD, and pruning."
        },
        {
            "section number": "6.2",
            "key information": "Future research could explore further enhancements to the teacher pool selection process and investigate the applicability of Joint-DetNAS to other model architectures and tasks."
        }
    ],
    "similarity_score": null,
    "image": null,
    "path": "/home/liudingyuan/code/SurveyX/code/SurveyX-main/outputs/t14a/papers/Joint-DetNAS_ Upgrade your detector with NAS, pruning and dynamic distillation.json"
}