{
    "from": null,
    "scholar_id": null,
    "detail_id": null,
    "title": "LaCo: Large language model pruning via layer collapse",
    "abstract": "Large language models (LLMs) based on transformer are witnessing a notable trend of size expansion, which brings considerable costs to both model training and inference. However, existing methods such as model quantization, knowledge distillation, and model pruning are constrained by various issues, including hardware support limitations, the need for extensive training, and alterations to the model internal structure. In this paper, we propose a concise layer-wise structured pruner called \\textit{Layer Collapse (LaCo)}, in which rear model layers collapse into a prior layer, enabling a rapid reduction in model size while preserving the model structure. Comprehensive experiments show that our method maintains an average task performance of over 80\\% at pruning ratios of 25-30\\%, significantly outperforming existing state-of-the-art structured pruning methods. We also conduct post-training experiments to confirm that the \\textit{LaCo} effectively inherits the parameters of the original model. Additionally, we perform ablation studies on various settings of \\textit{LaCo}. Finally, we discuss our motivation from the perspective of layer-wise similarity and evaluate the performance of the pruned LLMs across various pruning ratios\\footnote{\\url{https://github.com/yangyifei729/LaCo}}.",
    "arxivid": "2402.11187v2",
    "bib_name": "LaCo:Large156",
    "md_text": "# LaCo: Large language model pruning via layer collapse\n\n\nabstract\n\nLarge language models (LLMs) based on transformer are witnessing a notable trend of size expansion, which brings considerable costs to both model training and inference. However, existing methods such as model quantization, knowledge distillation, and model pruning are constrained by various issues, including hardware support limitations, the need for extensive training, and alterations to the model internal structure. In this paper, we propose a concise layer-wise structured pruner called \\textit{Layer Collapse (LaCo)}, in which rear model layers collapse into a prior layer, enabling a rapid reduction in model size while preserving the model structure. Comprehensive experiments show that our method maintains an average task performance of over 80\\% at pruning ratios of 25-30\\%, significantly outperforming existing state-of-the-art structured pruning methods. We also conduct post-training experiments to confirm that the \\textit{LaCo} effectively inherits the parameters of the original model. Additionally, we perform ablation studies on various settings of \\textit{LaCo}. Finally, we discuss our motivation from the perspective of layer-wise similarity and evaluate the performance of the pruned LLMs across various pruning ratios\\footnote{\\url{https://github.com/yangyifei729/LaCo}}.",
    "paper_type": "method",
    "attri": {
        "background": "Large language models (LLMs) based on transformer are witnessing a notable trend of size expansion, which brings considerable costs to both model training and inference. Existing methods such as model quantization, knowledge distillation, and model pruning are constrained by various issues, including hardware support limitations, the need for extensive training, and alterations to the model internal structure.",
        "problem": {
            "definition": "The problem addressed in this paper is the inefficiency of existing methods for reducing the size of large language models without compromising their performance.",
            "key obstacle": "The main difficulty is that current methods either require significant hardware support, extensive retraining, or result in changes to the model's internal structure that could degrade performance."
        },
        "idea": {
            "intuition": "The idea was inspired by the observation of layer-wise similarity in large language models, suggesting that collapsing layers could effectively reduce model size while maintaining performance.",
            "opinion": "The proposed idea, Layer Collapse (LaCo), involves collapsing rear model layers into a prior layer to achieve a significant reduction in model size without altering the overall model structure.",
            "innovation": "The primary innovation of LaCo is its layer-wise structured pruning approach, which allows for rapid size reduction while preserving task performance, differing from traditional methods that often require extensive retraining or structural changes."
        },
        "method": {
            "method name": "Layer Collapse",
            "method abbreviation": "LaCo",
            "method definition": "LaCo is a structured pruning method that collapses rear layers of a language model into preceding layers to reduce the model size efficiently.",
            "method description": "LaCo enables a rapid reduction in model size while maintaining an average task performance of over 80% at pruning ratios of 25-30%.",
            "method steps": "1. Identify rear layers of the model. 2. Collapse these layers into a prior layer. 3. Evaluate the performance of the pruned model.",
            "principle": "The effectiveness of LaCo in solving the problem lies in its ability to retain the essential parameters of the original model while significantly reducing its size through layer-wise similarity."
        },
        "experiments": {
            "evaluation setting": "Comprehensive experiments were conducted to evaluate the performance of LaCo against existing state-of-the-art structured pruning methods, using various pruning ratios.",
            "evaluation method": "The performance of the method was assessed by measuring task performance at different pruning ratios and conducting post-training experiments to confirm the retention of original model parameters."
        },
        "conclusion": "The experiments demonstrated that LaCo maintains an average task performance of over 80% at pruning ratios of 25-30%, significantly outperforming existing structured pruning methods.",
        "discussion": {
            "advantage": "The key advantages of LaCo include its ability to reduce model size rapidly without extensive retraining and to preserve model performance effectively.",
            "limitation": "One limitation of the method may be its dependency on the layer-wise similarity, which might not be present in all types of models.",
            "future work": "Future research could explore enhancing the layer collapse technique for various model architectures and investigating further optimizations for different pruning scenarios."
        },
        "other info": []
    },
    "mount_outline": [
        {
            "section number": "1.1",
            "key information": "Pruning is crucial for improving model efficiency and performance, particularly in large language models where size expansion leads to increased training and inference costs."
        },
        {
            "section number": "1.2",
            "key information": "This survey aims to present a taxonomy of pruning techniques, compare existing methods, analyze their impact on performance, and provide recommendations for future research."
        },
        {
            "section number": "2.2",
            "key information": "Existing methods such as model quantization, knowledge distillation, and model pruning face challenges like hardware support limitations and the need for extensive retraining."
        },
        {
            "section number": "2.4",
            "key information": "Pruning involves reducing the size of models while maintaining performance, and structured pruning techniques, like the proposed Layer Collapse (LaCo), are essential for efficient model compression."
        },
        {
            "section number": "3.1",
            "key information": "The Layer Collapse (LaCo) method exemplifies structured pruning by collapsing rear layers of a language model into preceding layers, which is a novel approach compared to traditional methods."
        },
        {
            "section number": "4.1",
            "key information": "LaCo maintains an average task performance of over 80% at pruning ratios of 25-30%, demonstrating its effectiveness compared to existing structured pruning methods."
        },
        {
            "section number": "5.1",
            "key information": "The impact of LaCo on model performance shows that it can significantly reduce model size while preserving accuracy, addressing the inefficiencies of prior methods."
        },
        {
            "section number": "6.2",
            "key information": "Future research could enhance the layer collapse technique for various model architectures and explore further optimizations for different pruning scenarios."
        }
    ],
    "similarity_score": null,
    "image": null,
    "path": "/home/liudingyuan/code/SurveyX/code/SurveyX-main/outputs/t14a/papers/LaCo_ Large language model pruning via layer collapse.json"
}