{
    "from": null,
    "scholar_id": null,
    "detail_id": null,
    "title": "Layer-adaptive sparsity for the magnitude-based pruning",
    "abstract": "Recent discoveries on neural network pruning reveal that, with a carefully chosen layerwise sparsity, a simple magnitude-based pruning achieves state-of-the-art tradeoff between sparsity and performance. However, without a clear consensus on\"how to choose,\"the layerwise sparsities are mostly selected algorithm-by-algorithm, often resorting to handcrafted heuristics or an extensive hyperparameter search. To fill this gap, we propose a novel importance score for global pruning, coined layer-adaptive magnitude-based pruning (LAMP) score; the score is a rescaled version of weight magnitude that incorporates the model-level $\\ell_2$ distortion incurred by pruning, and does not require any hyperparameter tuning or heavy computation. Under various image classification setups, LAMP consistently outperforms popular existing schemes for layerwise sparsity selection. Furthermore, we observe that LAMP continues to outperform baselines even in weight-rewinding setups, while the connectivity-oriented layerwise sparsity (the strongest baseline overall) performs worse than a simple global magnitude-based pruning in this case. Code: https://github.com/jaeho-lee/layer-adaptive-sparsity",
    "arxivid": "2010.07611v2",
    "bib_name": "Layer-adap123",
    "md_text": "# Layer-adaptive sparsity for the magnitude-based pruning\n\n\nabstract\n\nRecent discoveries on neural network pruning reveal that, with a carefully chosen layerwise sparsity, a simple magnitude-based pruning achieves state-of-the-art tradeoff between sparsity and performance. However, without a clear consensus on\"how to choose,\"the layerwise sparsities are mostly selected algorithm-by-algorithm, often resorting to handcrafted heuristics or an extensive hyperparameter search. To fill this gap, we propose a novel importance score for global pruning, coined layer-adaptive magnitude-based pruning (LAMP) score; the score is a rescaled version of weight magnitude that incorporates the model-level $\\ell_2$ distortion incurred by pruning, and does not require any hyperparameter tuning or heavy computation. Under various image classification setups, LAMP consistently outperforms popular existing schemes for layerwise sparsity selection. Furthermore, we observe that LAMP continues to outperform baselines even in weight-rewinding setups, while the connectivity-oriented layerwise sparsity (the strongest baseline overall) performs worse than a simple global magnitude-based pruning in this case. Code: https://github.com/jaeho-lee/layer-adaptive-sparsity",
    "paper_type": "method",
    "attri": null,
    "mount_outline": [
        {
            "section number": "1.1",
            "key information": "Deep neural network pruning is crucial for enhancing model efficiency and improving performance, making it a significant area of research."
        },
        {
            "section number": "1.2",
            "key information": "The survey aims to present a comprehensive taxonomy of pruning techniques, compare various methods, analyze their impacts, and provide actionable recommendations."
        },
        {
            "section number": "2.4",
            "key information": "Pruning is defined as the process of removing unnecessary weights from a neural network to achieve sparsity and improve efficiency."
        },
        {
            "section number": "3.1",
            "key information": "Structured pruning focuses on removing entire neurons or filters, while unstructured pruning targets individual weights, each with distinct advantages and disadvantages."
        },
        {
            "section number": "4.1",
            "key information": "Effectiveness metrics such as accuracy and model performance are essential for evaluating the success of different pruning methods."
        },
        {
            "section number": "5.1",
            "key information": "Pruning techniques significantly impact model accuracy and inference time, with various methods yielding different results."
        },
        {
            "section number": "6.2",
            "key information": "Future research directions in pruning may include exploring novel techniques and enhancing existing methods to improve performance and efficiency."
        }
    ],
    "similarity_score": null,
    "image": null,
    "path": "/home/liudingyuan/code/SurveyX/code/SurveyX-main/outputs/t14a/papers/Layer-adaptive sparsity for the magnitude-based pruning.json"
}