{
    "from": null,
    "scholar_id": null,
    "detail_id": null,
    "title": "Learning bayesian sparse networks with full experience replay for continual learning",
    "abstract": "Continual Learning (CL) methods aim to enable machine learning models to learn new tasks without catastrophic forgetting of those that have been previously mastered. Existing CL approaches often keep a buffer of previously-seen samples, perform knowledge distillation, or use regularization techniques towards this goal. Despite their performance, they still suffer from interference across tasks which leads to catastrophic forgetting. To ameliorate this problem, we propose to only activate and select sparse neurons for learning current and past tasks at any stage. More parameters space and model capacity can thus be reserved for the future tasks. This minimizes the interference between parameters for different tasks. To do so, we propose a Sparse neural Network for Continual Learning (SNCL), which employs variational Bayesian sparsity priors on the activations of the neurons in all layers. Full Experience Replay (FER) provides effective supervision in learning the sparse activations of the neurons in different layers. A loss-aware reservoir-sampling strategy is developed to maintain the memory buffer. The proposed method is agnostic as to the network structures and the task boundaries. Experiments on different datasets show that SNCL achieves state-of-the-art result for mitigating forgetting.",
    "arxivid": "2202.10203v1",
    "bib_name": "Learningba173",
    "md_text": "# Learning bayesian sparse networks with full experience replay for continual learning\n\n\nabstract\n\nContinual Learning (CL) methods aim to enable machine learning models to learn new tasks without catastrophic forgetting of those that have been previously mastered. Existing CL approaches often keep a buffer of previously-seen samples, perform knowledge distillation, or use regularization techniques towards this goal. Despite their performance, they still suffer from interference across tasks which leads to catastrophic forgetting. To ameliorate this problem, we propose to only activate and select sparse neurons for learning current and past tasks at any stage. More parameters space and model capacity can thus be reserved for the future tasks. This minimizes the interference between parameters for different tasks. To do so, we propose a Sparse neural Network for Continual Learning (SNCL), which employs variational Bayesian sparsity priors on the activations of the neurons in all layers. Full Experience Replay (FER) provides effective supervision in learning the sparse activations of the neurons in different layers. A loss-aware reservoir-sampling strategy is developed to maintain the memory buffer. The proposed method is agnostic as to the network structures and the task boundaries. Experiments on different datasets show that SNCL achieves state-of-the-art result for mitigating forgetting.",
    "paper_type": "method",
    "attri": {
        "background": "This paper addresses the issue of catastrophic forgetting in Continual Learning (CL) methods, which aim to allow machine learning models to learn new tasks without losing previously acquired knowledge. Existing CL approaches utilize techniques such as sample buffering, knowledge distillation, and regularization, but they still face significant interference across tasks, leading to performance degradation.",
        "problem": {
            "definition": "The problem is the challenge of catastrophic forgetting in machine learning models when learning new tasks sequentially, which prevents effective retention of knowledge from previously learned tasks.",
            "key obstacle": "The core obstacle is the interference caused by parameters shared across different tasks, which disrupts the learning process and leads to forgetting previously mastered tasks."
        },
        "idea": {
            "intuition": "The intuition behind the proposed idea is to activate and select only sparse neurons for learning current and past tasks, thereby reserving more parameter space and model capacity for future tasks.",
            "opinion": "The proposed idea involves the development of a Sparse Neural Network for Continual Learning (SNCL) that employs variational Bayesian sparsity priors on neuron activations across all layers, combined with Full Experience Replay (FER) for effective supervision.",
            "innovation": "The key innovation of this method lies in its approach to minimize parameter interference by using sparse activations for different tasks, which contrasts with existing methods that do not address the sharing of parameters across tasks."
        },
        "method": {
            "method name": "Sparse Neural Network for Continual Learning",
            "method abbreviation": "SNCL",
            "method definition": "SNCL is a method that utilizes variational Bayesian sparsity priors to activate only a subset of neurons for learning, thereby reducing interference between tasks and improving retention of previously learned information.",
            "method description": "SNCL focuses on activating sparse neurons for each task while employing Full Experience Replay to supervise the learning of these activations.",
            "method steps": "1. Identify and activate sparse neurons for the current task. 2. Utilize Full Experience Replay to reinforce learning of past tasks. 3. Implement a loss-aware reservoir-sampling strategy to manage memory buffer.",
            "principle": "This method is effective because it reduces the overlap of parameters used for different tasks, thus minimizing the interference that typically leads to catastrophic forgetting."
        },
        "experiments": {
            "evaluation setting": "Experiments were conducted on various datasets to evaluate the performance of SNCL against baseline methods, focusing on its ability to mitigate forgetting.",
            "evaluation method": "The evaluation involved measuring the performance of SNCL in retaining knowledge from previous tasks while learning new tasks, analyzing results through comparative performance metrics."
        },
        "conclusion": "The experiments demonstrate that SNCL achieves state-of-the-art results in mitigating catastrophic forgetting, showcasing its effectiveness in continual learning scenarios.",
        "discussion": {
            "advantage": "The key advantages of SNCL include its ability to significantly reduce interference between tasks by using sparse neuron activations and its agnostic nature towards network structures and task boundaries.",
            "limitation": "A limitation of the method may include challenges in determining the optimal degree of sparsity and the computational overhead associated with managing the memory buffer.",
            "future work": "Future research could explore enhancements in the sparsity selection process and investigate the scalability of SNCL across more complex tasks and larger datasets."
        },
        "other info": []
    },
    "mount_outline": [
        {
            "section number": "2.4",
            "key information": "The problem of catastrophic forgetting in machine learning models occurs when learning new tasks sequentially, preventing effective retention of knowledge from previously learned tasks."
        },
        {
            "section number": "2.5",
            "key information": "The concepts of sparsity and efficiency are critical in current AI implementations, as they help reduce interference between tasks and improve retention of previously learned information."
        },
        {
            "section number": "3.3",
            "key information": "The proposed Sparse Neural Network for Continual Learning (SNCL) introduces a novel approach that employs variational Bayesian sparsity priors on neuron activations to minimize parameter interference across tasks."
        },
        {
            "section number": "4.1",
            "key information": "The performance of SNCL was evaluated against baseline methods, focusing on its ability to retain knowledge from previous tasks while learning new tasks, which indicates its effectiveness."
        },
        {
            "section number": "5.3",
            "key information": "SNCL demonstrates a significant reduction in interference between tasks through the use of sparse neuron activations, positively impacting the model's ability to generalize and remain robust."
        },
        {
            "section number": "6.2",
            "key information": "Future research directions for SNCL may include enhancements in the sparsity selection process and investigations into its scalability across more complex tasks and larger datasets."
        }
    ],
    "similarity_score": null,
    "image": null,
    "path": "/home/liudingyuan/code/SurveyX/code/SurveyX-main/outputs/t14a/papers/Learning bayesian sparse networks with full experience replay for continual learning.json"
}