{
    "from": null,
    "scholar_id": null,
    "detail_id": null,
    "title": "Learning structured sparsity in deep neural networks",
    "abstract": "High demand for computation resources severely hinders deployment of large-scale Deep Neural Networks (DNN) in resource constrained devices. In this work, we propose a Structured Sparsity Learning (SSL) method to regularize the structures (i.e., filters, channels, filter shapes, and layer depth) of DNNs. SSL can: (1) learn a compact structure from a bigger DNN to reduce computation cost; (2) obtain a hardware-friendly structured sparsity of DNN to efficiently accelerate the DNNs evaluation. Experimental results show that SSL achieves on average 5.1x and 3.1x speedups of convolutional layer computation of AlexNet against CPU and GPU, respectively, with off-the-shelf libraries. These speedups are about twice speedups of non-structured sparsity; (3) regularize the DNN structure to improve classification accuracy. The results show that for CIFAR-10, regularization on layer depth can reduce 20 layers of a Deep Residual Network (ResNet) to 18 layers while improve the accuracy from 91.25% to 92.60%, which is still slightly higher than that of original ResNet with 32 layers. For AlexNet, structure regularization by SSL also reduces the error by around ~1%. Open source code is in this https URL",
    "arxivid": "1608.03665v4",
    "bib_name": "Learningst46",
    "md_text": "# Learning structured sparsity in deep neural networks\n\n\nabstract\n\nHigh demand for computation resources severely hinders deployment of large-scale Deep Neural Networks (DNN) in resource constrained devices. In this work, we propose a Structured Sparsity Learning (SSL) method to regularize the structures (i.e., filters, channels, filter shapes, and layer depth) of DNNs. SSL can: (1) learn a compact structure from a bigger DNN to reduce computation cost; (2) obtain a hardware-friendly structured sparsity of DNN to efficiently accelerate the DNNs evaluation. Experimental results show that SSL achieves on average 5.1x and 3.1x speedups of convolutional layer computation of AlexNet against CPU and GPU, respectively, with off-the-shelf libraries. These speedups are about twice speedups of non-structured sparsity; (3) regularize the DNN structure to improve classification accuracy. The results show that for CIFAR-10, regularization on layer depth can reduce 20 layers of a Deep Residual Network (ResNet) to 18 layers while improve the accuracy from 91.25% to 92.60%, which is still slightly higher than that of original ResNet with 32 layers. For AlexNet, structure regularization by SSL also reduces the error by around ~1%. Open source code is in this https URL",
    "paper_type": "method",
    "attri": {
        "background": "This paper addresses the issue of high computational resource demands that hinder the deployment of large-scale Deep Neural Networks (DNN) in resource-constrained devices, highlighting the need for a breakthrough method to enable efficient DNN usage.",
        "problem": {
            "definition": "The problem is the inefficiency of current DNNs in terms of computation and resource utilization, particularly when deployed in environments with limited computational capabilities.",
            "key obstacle": "The main challenge is the inability of existing methods to effectively reduce the computational cost while maintaining or improving the accuracy of DNNs."
        },
        "idea": {
            "intuition": "The idea was inspired by the observation that structured sparsity can lead to significant reductions in computation while preserving the performance of DNNs.",
            "opinion": "The proposed Structured Sparsity Learning (SSL) method aims to regularize the structures of DNNs, such as filters and channels, to achieve a balance between efficiency and accuracy.",
            "innovation": "The primary innovation of SSL lies in its ability to learn a compact structure from a larger DNN, which not only reduces computation costs but also enhances classification accuracy compared to existing non-structured sparsity methods."
        },
        "method": {
            "method name": "Structured Sparsity Learning",
            "method abbreviation": "SSL",
            "method definition": "SSL is a method that regularizes the structures of DNNs to promote hardware-friendly sparsity and improve computational efficiency.",
            "method description": "SSL focuses on optimizing the architecture of DNNs by learning structured sparsity in filters, channels, and layer depth.",
            "method steps": "1. Analyze the existing DNN structure; 2. Apply regularization techniques to learn a compact representation; 3. Validate the new structure against performance benchmarks.",
            "principle": "The effectiveness of SSL is based on the principle that structured sparsity allows for more efficient computation without significant loss in model performance."
        },
        "experiments": {
            "evaluation setting": "The experiments were conducted using the CIFAR-10 dataset, comparing the performance of SSL-optimized DNNs against baseline methods on CPU and GPU.",
            "evaluation method": "Performance was assessed by measuring speedups in convolutional layer computation and classification accuracy improvements."
        },
        "conclusion": "The experimental results demonstrate that SSL achieves significant speedups (5.1x on CPU and 3.1x on GPU) and improves classification accuracy, confirming its effectiveness as a method for optimizing DNNs.",
        "discussion": {
            "advantage": "The key advantages of SSL include substantial reductions in computational costs and improvements in accuracy, making it suitable for deployment in resource-constrained environments.",
            "limitation": "One limitation of the method is that it may not generalize well to all types of DNN architectures, potentially requiring further adaptation for different models.",
            "future work": "Future research could explore enhancements to SSL for broader applicability across various DNN architectures and investigate additional regularization techniques to further boost performance."
        },
        "other info": {
            "Open source code": "Available at the provided URL."
        }
    },
    "mount_outline": [
        {
            "section number": "1.1",
            "key information": "The paper addresses the issue of high computational resource demands that hinder the deployment of large-scale Deep Neural Networks (DNN) in resource-constrained devices, highlighting the need for a breakthrough method to enable efficient DNN usage."
        },
        {
            "section number": "1.2",
            "key information": "The key goals of this survey include presenting a taxonomy of pruning methods, comparing different techniques, analyzing their impacts, and providing recommendations for future research."
        },
        {
            "section number": "2.4",
            "key information": "The concepts of pruning, sparsity, and efficiency are defined, with structured sparsity noted as a significant approach for reducing computation while preserving performance."
        },
        {
            "section number": "3.1",
            "key information": "The paper introduces the Structured Sparsity Learning (SSL) method, which regularizes the structures of DNNs, such as filters and channels, to achieve a balance between efficiency and accuracy."
        },
        {
            "section number": "4.2",
            "key information": "SSL promotes hardware-friendly sparsity and improves computational efficiency, achieving significant speedups (5.1x on CPU and 3.1x on GPU) while enhancing classification accuracy."
        },
        {
            "section number": "5.1",
            "key information": "Performance was assessed by measuring speedups in convolutional layer computation and classification accuracy improvements, demonstrating the impact of SSL on model performance."
        },
        {
            "section number": "6.1",
            "key information": "The key advantages of SSL include substantial reductions in computational costs and improvements in accuracy, making it suitable for deployment in resource-constrained environments."
        },
        {
            "section number": "6.2",
            "key information": "Future research could explore enhancements to SSL for broader applicability across various DNN architectures and investigate additional regularization techniques to further boost performance."
        }
    ],
    "similarity_score": null,
    "image": null,
    "path": "/home/liudingyuan/code/SurveyX/code/SurveyX-main/outputs/t14a/papers/Learning structured sparsity in deep neural networks.json"
}