{
    "from": null,
    "scholar_id": null,
    "detail_id": null,
    "title": "Learning efficient convolutional networks through network slimming",
    "abstract": "The deployment of deep convolutional neural networks (CNNs) in many real world applications is largely hindered by their high computational cost. In this paper, we propose a novel learning scheme for CNNs to simultaneously 1) reduce the model size; 2) decrease the run-time memory footprint; and 3) lower the number of computing operations, without compromising accuracy. This is achieved by enforcing channel-level sparsity in the network in a simple but effective way. Different from many existing approaches, the proposed method directly applies to modern CNN architectures, introduces minimum overhead to the training process, and requires no special software/hardware accelerators for the resulting models. We call our approach network slimming, which takes wide and large networks as input models, but during training insignificant channels are automatically identified and pruned afterwards, yielding thin and compact models with comparable accuracy. We empirically demonstrate the effectiveness of our approach with several state-of-the-art CNN models, including VGGNet, ResNet and DenseNet, on various image classification datasets. For VGGNet, a multi-pass version of network slimming gives a 20\u00d7 reduction in model size and a 5\u00d7 reduction in computing operations.",
    "arxivid": "1708.06519v1",
    "bib_name": "Learningef45",
    "md_text": "# Learning efficient convolutional networks through network slimming\n\n\nabstract\n\nThe deployment of deep convolutional neural networks (CNNs) in many real world applications is largely hindered by their high computational cost. In this paper, we propose a novel learning scheme for CNNs to simultaneously 1) reduce the model size; 2) decrease the run-time memory footprint; and 3) lower the number of computing operations, without compromising accuracy. This is achieved by enforcing channel-level sparsity in the network in a simple but effective way. Different from many existing approaches, the proposed method directly applies to modern CNN architectures, introduces minimum overhead to the training process, and requires no special software/hardware accelerators for the resulting models. We call our approach network slimming, which takes wide and large networks as input models, but during training insignificant channels are automatically identified and pruned afterwards, yielding thin and compact models with comparable accuracy. We empirically demonstrate the effectiveness of our approach with several state-of-the-art CNN models, including VGGNet, ResNet and DenseNet, on various image classification datasets. For VGGNet, a multi-pass version of network slimming gives a 20\u00d7 reduction in model size and a 5\u00d7 reduction in computing operations.",
    "paper_type": "method",
    "attri": {
        "background": "The deployment of deep convolutional neural networks (CNNs) in many real-world applications is largely hindered by their high computational cost. Previous methods have attempted to reduce model size and computational burden, but often compromise accuracy or require special hardware. A new breakthrough is necessary to achieve efficiency without sacrificing performance.",
        "problem": {
            "definition": "The problem addressed in this paper is the high computational cost associated with deploying deep CNNs, which limits their usability in real-world applications.",
            "key obstacle": "The core obstacle is the challenge of reducing model size and computational requirements while maintaining the accuracy of CNNs."
        },
        "idea": {
            "intuition": "The idea is inspired by the observation that many channels in CNNs contribute little to the final output, suggesting that sparsity can be leveraged to enhance efficiency.",
            "opinion": "The proposed idea, termed network slimming, involves enforcing channel-level sparsity during training to prune insignificant channels, resulting in a more compact model.",
            "innovation": "The primary innovation of network slimming is its direct applicability to modern CNN architectures with minimal training overhead and no need for specialized hardware, differentiating it from existing methods."
        },
        "method": {
            "method name": "Network Slimming",
            "method abbreviation": "NS",
            "method definition": "Network slimming is a learning scheme that reduces the size and computational demands of CNNs by enforcing channel-level sparsity and pruning insignificant channels during training.",
            "method description": "The method involves identifying and pruning insignificant channels from wide and large CNN models to yield thin, compact models with comparable accuracy.",
            "method steps": "1) Train the CNN model; 2) Identify insignificant channels; 3) Prune the identified channels; 4) Output the slimmed model.",
            "principle": "The effectiveness of network slimming lies in its ability to identify and eliminate channels that contribute minimally to the network's performance, thus optimizing resource usage without sacrificing accuracy."
        },
        "experiments": {
            "evaluation setting": "The evaluation was conducted using several state-of-the-art CNN models, including VGGNet, ResNet, and DenseNet, on various image classification datasets to assess the impact of network slimming.",
            "evaluation method": "The performance of the method was measured through reductions in model size and computing operations, specifically noting a 20\u00d7 reduction in model size and a 5\u00d7 reduction in computing operations for VGGNet."
        },
        "conclusion": "The experiments demonstrate that network slimming effectively reduces the size and computational requirements of CNNs while maintaining accuracy, showcasing its potential for real-world applications.",
        "discussion": {
            "advantage": "The key advantages of network slimming include significant reductions in model size and computational operations without compromising accuracy, making it suitable for deployment in resource-constrained environments.",
            "limitation": "A limitation of the method may be the dependency on the architecture of the CNNs, as its effectiveness might vary across different models.",
            "future work": "Future research could explore further optimization techniques, investigate the method's applicability to other neural network architectures, and enhance the pruning process to improve efficiency."
        },
        "other info": []
    },
    "mount_outline": [
        {
            "section number": "1.1",
            "key information": "Pruning is essential for enhancing model efficiency and performance, particularly in deep convolutional neural networks (CNNs) which face high computational costs."
        },
        {
            "section number": "1.2",
            "key information": "The survey aims to present a taxonomy of pruning techniques, compare methods, analyze their impacts, and provide recommendations for optimizing network structures."
        },
        {
            "section number": "2.4",
            "key information": "Pruning involves enforcing channel-level sparsity during training to eliminate insignificant channels, thereby optimizing resource usage without sacrificing accuracy."
        },
        {
            "section number": "3.1",
            "key information": "Network slimming exemplifies structured pruning by focusing on channel-level sparsity, which can lead to significant reductions in model size while preserving accuracy."
        },
        {
            "section number": "4.2",
            "key information": "Network slimming achieved a 20\u00d7 reduction in model size and a 5\u00d7 reduction in computing operations for VGGNet, illustrating its efficiency metrics."
        },
        {
            "section number": "5.1",
            "key information": "The method of network slimming maintains model accuracy while significantly reducing computational requirements, impacting both accuracy and inference time positively."
        },
        {
            "section number": "6.1",
            "key information": "Choosing network slimming as a pruning method can be beneficial for applications requiring compact models with efficient computational demands."
        },
        {
            "section number": "6.2",
            "key information": "Future research could explore further optimization techniques and investigate the applicability of network slimming to other neural network architectures."
        }
    ],
    "similarity_score": null,
    "image": null,
    "path": "/home/liudingyuan/code/SurveyX/code/SurveyX-main/outputs/t14a/papers/Learning efficient convolutional networks through network slimming.json"
}