{
    "from": null,
    "scholar_id": null,
    "detail_id": null,
    "title": "Learning both weights and connections for efficient neural network",
    "abstract": "Neural networks are both computationally intensive and memory intensive, making them difficult to deploy on embedded systems. Also, conventional networks fix the architecture before training starts; as a result, training cannot improve the architecture. To address these limitations, we describe a method to reduce the storage and computation required by neural networks by an order of magnitude without affecting their accuracy by learning only the important connections. Our method prunes redundant connections using a three-step method. First, we train the network to learn which connections are important. Next, we prune the unimportant connections. Finally, we retrain the network to fine tune the weights of the remaining connections. On the ImageNet dataset, our method reduced the number of parameters of AlexNet by a factor of 9x, from 61 million to 6.7 million, without incurring accuracy loss. Similar experiments with VGG-16 found that the number of parameters can be reduced by 13x, from 138 million to 10.3 million, again with no loss of accuracy.",
    "arxivid": "1506.02626v3",
    "bib_name": "Learningbo10",
    "md_text": "# Learning both weights and connections for efficient neural network\n\n\nabstract\n\nNeural networks are both computationally intensive and memory intensive, making them difficult to deploy on embedded systems. Also, conventional networks fix the architecture before training starts; as a result, training cannot improve the architecture. To address these limitations, we describe a method to reduce the storage and computation required by neural networks by an order of magnitude without affecting their accuracy by learning only the important connections. Our method prunes redundant connections using a three-step method. First, we train the network to learn which connections are important. Next, we prune the unimportant connections. Finally, we retrain the network to fine tune the weights of the remaining connections. On the ImageNet dataset, our method reduced the number of parameters of AlexNet by a factor of 9x, from 61 million to 6.7 million, without incurring accuracy loss. Similar experiments with VGG-16 found that the number of parameters can be reduced by 13x, from 138 million to 10.3 million, again with no loss of accuracy.",
    "paper_type": "method",
    "attri": {
        "background": "Neural networks are both computationally intensive and memory intensive, making them difficult to deploy on embedded systems. Conventional networks fix the architecture before training starts, preventing improvements in architecture during training.",
        "problem": {
            "definition": "The problem is the inefficiency in the deployment of neural networks due to their high computational and memory requirements.",
            "key obstacle": "The core obstacle is that existing methods cannot adapt the architecture of neural networks during training, leading to suboptimal performance."
        },
        "idea": {
            "intuition": "The idea is inspired by the observation that not all connections in a neural network contribute equally to its performance, and thus, some can be pruned without loss of accuracy.",
            "opinion": "The proposed idea involves learning which connections are important and pruning the unimportant ones, followed by retraining to fine-tune the remaining connections.",
            "innovation": "The primary innovation lies in the three-step method of training, pruning, and retraining, which significantly reduces the number of parameters while maintaining accuracy."
        },
        "method": {
            "method name": "Connection Pruning Method",
            "method abbreviation": "CPM",
            "method definition": "CPM is a method that reduces the storage and computation required by neural networks by pruning redundant connections based on their importance.",
            "method description": "The core of the method involves training the network, pruning unimportant connections, and then retraining to optimize the remaining connections.",
            "method steps": [
                "Train the network to identify important connections.",
                "Prune unimportant connections.",
                "Retrain the network to fine-tune the weights of the remaining connections."
            ],
            "principle": "This method is effective because it focuses on retaining only the connections that contribute significantly to the network's performance, thereby optimizing resource usage."
        },
        "experiments": {
            "evaluation setting": "The experiments were conducted on the ImageNet dataset, comparing the performance of the pruned networks against the original architectures.",
            "evaluation method": "The performance was assessed by measuring the number of parameters reduced and verifying that there was no loss of accuracy."
        },
        "conclusion": "The method successfully reduced the number of parameters of AlexNet by a factor of 9x and VGG-16 by 13x without incurring accuracy loss, demonstrating its effectiveness.",
        "discussion": {
            "advantage": "The key advantage of this approach is its ability to significantly reduce the size of neural networks while maintaining accuracy, making them more suitable for embedded systems.",
            "limitation": "A limitation is that the method may require additional training time due to the retraining step after pruning.",
            "future work": "Future work could explore further optimizations in the pruning criteria or investigate the applicability of this method to other neural network architectures."
        },
        "other info": []
    },
    "mount_outline": [
        {
            "section number": "1.1",
            "key information": "The problem is the inefficiency in the deployment of neural networks due to their high computational and memory requirements."
        },
        {
            "section number": "1.2",
            "key information": "The proposed idea involves learning which connections are important and pruning the unimportant ones, followed by retraining to fine-tune the remaining connections."
        },
        {
            "section number": "2.2",
            "key information": "CPM is a method that reduces the storage and computation required by neural networks by pruning redundant connections based on their importance."
        },
        {
            "section number": "3.1",
            "key information": "The primary innovation lies in the three-step method of training, pruning, and retraining, which significantly reduces the number of parameters while maintaining accuracy."
        },
        {
            "section number": "4.1",
            "key information": "The performance was assessed by measuring the number of parameters reduced and verifying that there was no loss of accuracy."
        },
        {
            "section number": "5.1",
            "key information": "The method successfully reduced the number of parameters of AlexNet by a factor of 9x and VGG-16 by 13x without incurring accuracy loss, demonstrating its effectiveness."
        },
        {
            "section number": "6.2",
            "key information": "Future work could explore further optimizations in the pruning criteria or investigate the applicability of this method to other neural network architectures."
        }
    ],
    "similarity_score": null,
    "image": null,
    "path": "/home/liudingyuan/code/SurveyX/code/SurveyX-main/outputs/t14a/papers/Learning both weights and connections for efficient neural network.json"
}