{
    "from": null,
    "scholar_id": null,
    "detail_id": null,
    "title": "Linear mode connectivity and the lottery ticket hypothesis",
    "abstract": "We study whether a neural network optimizes to the same, linearly connected minimum under different samples of SGD noise (e.g., random data order and augmentation). We find that standard vision models become stable to SGD noise in this way early in training. From then on, the outcome of optimization is determined to a linearly connected region. We use this technique to study iterative magnitude pruning (IMP), the procedure used by work on the lottery ticket hypothesis to identify subnetworks that could have trained in isolation to full accuracy. We find that these subnetworks only reach full accuracy when they are stable to SGD noise, which either occurs at initialization for small-scale settings (MNIST) or early in training for large-scale settings (ResNet-50 and Inception-v3 on ImageNet).",
    "arxivid": "1912.05671v4",
    "bib_name": "Linearmode112",
    "md_text": "# Linear mode connectivity and the lottery ticket hypothesis\n\n\nabstract\n\nWe study whether a neural network optimizes to the same, linearly connected minimum under different samples of SGD noise (e.g., random data order and augmentation). We find that standard vision models become stable to SGD noise in this way early in training. From then on, the outcome of optimization is determined to a linearly connected region. We use this technique to study iterative magnitude pruning (IMP), the procedure used by work on the lottery ticket hypothesis to identify subnetworks that could have trained in isolation to full accuracy. We find that these subnetworks only reach full accuracy when they are stable to SGD noise, which either occurs at initialization for small-scale settings (MNIST) or early in training for large-scale settings (ResNet-50 and Inception-v3 on ImageNet).",
    "paper_type": "method",
    "attri": {
        "background": "This paper addresses the issue of whether a neural network optimizes to the same, linearly connected minimum under different samples of SGD noise, highlighting the stability of standard vision models to SGD noise early in training.",
        "problem": {
            "definition": "The problem is to determine if neural networks can consistently find the same optimal solutions despite variations in SGD noise during training.",
            "key obstacle": "The core obstacle is the variability introduced by different data orders and augmentations in SGD, which may lead to different optimization outcomes."
        },
        "idea": {
            "intuition": "The idea is inspired by the observation that neural networks become stable to SGD noise early in training, allowing for consistent optimization outcomes.",
            "opinion": "The proposed idea involves studying the stability of neural networks to SGD noise and its implications for iterative magnitude pruning in the context of the lottery ticket hypothesis.",
            "innovation": "The primary innovation lies in demonstrating that subnetworks identified through iterative magnitude pruning achieve full accuracy only when stability to SGD noise is reached, which is a novel insight into their training dynamics."
        },
        "method": {
            "method name": "Iterative Magnitude Pruning (IMP)",
            "method abbreviation": "IMP",
            "method definition": "IMP is a method for identifying subnetworks within a neural network that could be trained to achieve full accuracy independently.",
            "method description": "IMP involves pruning weights iteratively based on their magnitudes to find subnetworks that maintain performance.",
            "principle": "This method is effective in solving the problem because it relies on the stability of subnetworks to SGD noise, ensuring that they can achieve full accuracy under various training conditions."
        },
        "experiments": {
            "evaluation setting": "The experiments were conducted on datasets such as MNIST for small-scale settings and ResNet-50 and Inception-v3 on ImageNet for large-scale settings, comparing the performance of subnetworks identified by IMP.",
            "evaluation method": "The evaluation involved assessing the accuracy of subnetworks and determining the point at which they became stable to SGD noise during training."
        },
        "conclusion": "The outcomes indicate that subnetworks identified through IMP only reach full accuracy when they are stable to SGD noise, providing a significant contribution to understanding the lottery ticket hypothesis.",
        "discussion": {
            "advantage": "The key advantage of the proposed approach is its ability to identify subnetworks that can train effectively under varying conditions, leading to more robust neural network training.",
            "limitation": "A limitation of the method is that it may not address scenarios where stability to SGD noise is not achieved, potentially limiting the applicability of the findings.",
            "future work": "Future research could explore enhancing the robustness of subnetworks against SGD noise and investigating other factors that contribute to their stability during training."
        },
        "other info": []
    },
    "mount_outline": [
        {
            "section number": "2.4",
            "key information": "The primary innovation lies in demonstrating that subnetworks identified through iterative magnitude pruning achieve full accuracy only when stability to SGD noise is reached, which is a novel insight into their training dynamics."
        },
        {
            "section number": "3.1",
            "key information": "The proposed idea involves studying the stability of neural networks to SGD noise and its implications for iterative magnitude pruning in the context of the lottery ticket hypothesis."
        },
        {
            "section number": "4.3",
            "key information": "The core obstacle is the variability introduced by different data orders and augmentations in SGD, which may lead to different optimization outcomes."
        },
        {
            "section number": "5.3",
            "key information": "The key advantage of the proposed approach is its ability to identify subnetworks that can train effectively under varying conditions, leading to more robust neural network training."
        },
        {
            "section number": "6.2",
            "key information": "Future research could explore enhancing the robustness of subnetworks against SGD noise and investigating other factors that contribute to their stability during training."
        }
    ],
    "similarity_score": null,
    "image": null,
    "path": "/home/liudingyuan/code/SurveyX/code/SurveyX-main/outputs/t14a/papers/Linear mode connectivity and the lottery ticket hypothesis.json"
}