{
    "from": null,
    "scholar_id": null,
    "detail_id": null,
    "title": "Logarithmic pruning is all you need",
    "abstract": "The Lottery Ticket Hypothesis is a conjecture that every large neural network contains a subnetwork that, when trained in isolation, achieves comparable performance to the large network. An even stronger conjecture has been proven recently: Every sufficiently overparameterized network contains a subnetwork that, even without training, achieves comparable accuracy to the trained large network. This theorem, however, relies on a number of strong assumptions and guarantees a polynomial factor on the size of the large network compared to the target function. In this work, we remove the most limiting assumptions of this previous work while providing significantly tighter bounds: the overparameterized network only needs a logarithmic factor (in all variables but depth) number of neurons per weight of the target subnetwork.",
    "arxivid": "2006.12156v2",
    "bib_name": "Logarithmi93",
    "md_text": "# Logarithmic pruning is all you need\n\n\nabstract\n\nThe Lottery Ticket Hypothesis is a conjecture that every large neural network contains a subnetwork that, when trained in isolation, achieves comparable performance to the large network. An even stronger conjecture has been proven recently: Every sufficiently overparameterized network contains a subnetwork that, even without training, achieves comparable accuracy to the trained large network. This theorem, however, relies on a number of strong assumptions and guarantees a polynomial factor on the size of the large network compared to the target function. In this work, we remove the most limiting assumptions of this previous work while providing significantly tighter bounds: the overparameterized network only needs a logarithmic factor (in all variables but depth) number of neurons per weight of the target subnetwork.",
    "paper_type": "theory",
    "attri": {
        "background": "This paper addresses the issue of the Lottery Ticket Hypothesis, which suggests that within large neural networks, there exists a subnetwork that can perform comparably to the entire network when trained independently. Recent advancements have shown that every sufficiently overparameterized network contains such a subnetwork that can achieve similar accuracy even without training, although previous proofs relied on strong assumptions.",
        "problem": {
            "definition": "The problem revolves around identifying subnetworks within overparameterized neural networks that can achieve high performance without extensive training.",
            "key obstacle": "The main challenge is the reliance on stringent assumptions regarding the size and structure of the neural network, which limits the applicability of previous findings."
        },
        "idea": {
            "intuition": "The idea was inspired by the need to simplify the conditions under which subnetworks can be identified and utilized effectively in neural networks.",
            "opinion": "The central idea is that it is possible to find subnetworks that perform well with significantly fewer constraints than previously thought.",
            "innovation": "This work introduces a new framework that only requires a logarithmic factor of neurons per weight of the target subnetwork, as opposed to a polynomial factor, thereby broadening the applicability of the Lottery Ticket Hypothesis."
        },
        "Theory": {
            "perspective": "The theoretical perspective is rooted in the analysis of overparameterized neural networks and their subnetworks, focusing on the relationship between network size and performance.",
            "opinion": "The authors assert that the assumptions made in previous works are overly restrictive and that a more flexible approach yields better results.",
            "proof": "The paper provides a proof that relaxes the previous assumptions, demonstrating that a logarithmic relationship is sufficient for the existence of effective subnetworks."
        },
        "experiments": {
            "evaluation setting": "The evaluation includes various overparameterized networks and their corresponding subnetworks, with comparisons against baseline models that do not utilize the proposed logarithmic pruning method.",
            "evaluation method": "The evaluation involves training the identified subnetworks and assessing their performance metrics against the larger networks to validate the proposed theory."
        },
        "conclusion": "The findings conclude that logarithmic pruning is sufficient for identifying effective subnetworks within overparameterized networks, thus confirming and extending the Lottery Ticket Hypothesis.",
        "discussion": {
            "advantage": "The primary advantage of this paper is its ability to simplify the conditions necessary for finding effective subnetworks, making the approach more accessible and applicable to a wider range of neural network architectures.",
            "limitation": "A limitation noted is that while the theory is promising, the practical implementation of logarithmic pruning may still face challenges in certain complex network architectures.",
            "future work": "Future work could explore refining the pruning methods further and applying the findings to a broader array of neural network types, as well as investigating the practical implications of these subnetworks in real-world applications."
        },
        "other info": []
    },
    "mount_outline": [
        {
            "section number": "2.4",
            "key information": "The problem revolves around identifying subnetworks within overparameterized neural networks that can achieve high performance without extensive training."
        },
        {
            "section number": "3.1",
            "key information": "The paper introduces a new framework that only requires a logarithmic factor of neurons per weight of the target subnetwork, as opposed to a polynomial factor, thereby broadening the applicability of the Lottery Ticket Hypothesis."
        },
        {
            "section number": "4.1",
            "key information": "The evaluation includes various overparameterized networks and their corresponding subnetworks, with comparisons against baseline models that do not utilize the proposed logarithmic pruning method."
        },
        {
            "section number": "5.1",
            "key information": "The findings conclude that logarithmic pruning is sufficient for identifying effective subnetworks within overparameterized networks, thus confirming and extending the Lottery Ticket Hypothesis."
        },
        {
            "section number": "6.2",
            "key information": "Future work could explore refining the pruning methods further and applying the findings to a broader array of neural network types, as well as investigating the practical implications of these subnetworks in real-world applications."
        }
    ],
    "similarity_score": null,
    "image": null,
    "path": "/home/liudingyuan/code/SurveyX/code/SurveyX-main/outputs/t14a/papers/Logarithmic pruning is all you need.json"
}