{
    "from": null,
    "scholar_id": null,
    "detail_id": null,
    "title": "LoSparse: Structured compression of large language models based on low-rank and sparse approximation",
    "abstract": "Transformer models have achieved remarkable results in various natural language tasks, but they are often prohibitively large, requiring massive memories and computational resources. To reduce the size and complexity of these models, we propose LoSparse (Low-Rank and Sparse approximation), a novel model compression technique that approximates a weight matrix by the sum of a low-rank matrix and a sparse matrix. Our method combines the advantages of both low-rank approximations and pruning, while avoiding their limitations. Low-rank approximation compresses the coherent and expressive parts in neurons, while pruning removes the incoherent and non-expressive parts in neurons. Pruning enhances the diversity of low-rank approximations, and low-rank approximation prevents pruning from losing too many expressive neurons. We evaluate our method on natural language understanding, question answering, and natural language generation tasks. We show that it significantly outperforms existing compression methods.",
    "arxivid": "2306.11222v2",
    "bib_name": "LoSparse:S164",
    "md_text": "# LoSparse: Structured compression of large language models based on low-rank and sparse approximation\n\n\nabstract\n\nTransformer models have achieved remarkable results in various natural language tasks, but they are often prohibitively large, requiring massive memories and computational resources. To reduce the size and complexity of these models, we propose LoSparse (Low-Rank and Sparse approximation), a novel model compression technique that approximates a weight matrix by the sum of a low-rank matrix and a sparse matrix. Our method combines the advantages of both low-rank approximations and pruning, while avoiding their limitations. Low-rank approximation compresses the coherent and expressive parts in neurons, while pruning removes the incoherent and non-expressive parts in neurons. Pruning enhances the diversity of low-rank approximations, and low-rank approximation prevents pruning from losing too many expressive neurons. We evaluate our method on natural language understanding, question answering, and natural language generation tasks. We show that it significantly outperforms existing compression methods.",
    "paper_type": "method",
    "attri": {
        "background": "Transformer models have achieved remarkable results in various natural language tasks, but they are often prohibitively large, requiring massive memories and computational resources. This necessitates a new breakthrough in model compression techniques to enhance efficiency while maintaining performance.",
        "problem": {
            "definition": "The problem addressed in this paper is the excessive size and computational demands of transformer models, which hinder their deployment in resource-constrained environments.",
            "key obstacle": "The core obstacle is the difficulty in effectively compressing these large models without sacrificing their performance, as existing methods either lose important information or do not achieve sufficient reduction in size."
        },
        "idea": {
            "intuition": "The idea was inspired by the need to balance the benefits of low-rank approximations with the advantages of pruning, leading to a combined approach that retains expressive power while reducing size.",
            "opinion": "LoSparse, the proposed method, entails approximating a weight matrix using both a low-rank matrix and a sparse matrix, leveraging the strengths of both techniques.",
            "innovation": "The primary innovation lies in the combination of low-rank approximation and pruning, which allows for a more effective compression strategy that enhances model performance while reducing size."
        },
        "method": {
            "method name": "LoSparse",
            "method abbreviation": "LS",
            "method definition": "LoSparse is a model compression technique that approximates a weight matrix by summing a low-rank matrix and a sparse matrix, aiming to reduce model size while maintaining performance.",
            "method description": "The core of LoSparse involves a dual approach to model compression that combines low-rank and sparse approximations.",
            "method steps": "1. Identify the weight matrix to be compressed. 2. Apply low-rank approximation to capture coherent parts. 3. Apply pruning to remove incoherent parts. 4. Combine the low-rank and sparse matrices to form the compressed model.",
            "principle": "LoSparse is effective because it retains the expressive capabilities of the model by balancing the retention of important neurons through low-rank approximation while enhancing diversity through pruning."
        },
        "experiments": {
            "evaluation setting": "The evaluation was conducted on natural language understanding, question answering, and natural language generation tasks, comparing LoSparse against existing compression methods.",
            "evaluation method": "The performance of LoSparse was assessed by measuring the model's accuracy and efficiency in the specified tasks, analyzing the results against baseline methods."
        },
        "conclusion": "The experiments demonstrate that LoSparse significantly outperforms existing compression methods, effectively reducing model size while maintaining or improving performance across various natural language tasks.",
        "discussion": {
            "advantage": "The key advantages of LoSparse include its ability to maintain model expressiveness while significantly reducing size, making it suitable for deployment in resource-constrained environments.",
            "limitation": "A limitation of LoSparse may include potential challenges in fine-tuning the balance between low-rank and sparse components, which could affect performance if not optimized properly.",
            "future work": "Future work could explore further refinements to the balance between low-rank and sparse approximations, as well as applications of LoSparse to other model architectures beyond transformers."
        },
        "other info": []
    },
    "mount_outline": [
        {
            "section number": "1.1",
            "key information": "Pruning is crucial for enhancing model efficiency and performance, particularly in the context of large transformer models that require significant computational resources."
        },
        {
            "section number": "2.2",
            "key information": "LoSparse is a model compression technique that approximates a weight matrix by summing a low-rank matrix and a sparse matrix, aiming to reduce model size while maintaining performance."
        },
        {
            "section number": "2.4",
            "key information": "Pruning involves removing incoherent parts of the model while low-rank approximation captures coherent parts, leading to a balance that retains important neurons."
        },
        {
            "section number": "3.1",
            "key information": "LoSparse combines low-rank approximations with pruning, representing a hybrid approach to model compression that retains expressive power while reducing size."
        },
        {
            "section number": "4.1",
            "key information": "The effectiveness of LoSparse is measured by its ability to maintain or improve model accuracy while achieving significant reductions in model size."
        },
        {
            "section number": "5.1",
            "key information": "Experiments show that LoSparse significantly outperforms existing compression methods, effectively reducing model size while maintaining or improving performance across various natural language tasks."
        },
        {
            "section number": "6.2",
            "key information": "Future work could explore further refinements to the balance between low-rank and sparse approximations, as well as applications of LoSparse to other model architectures beyond transformers."
        }
    ],
    "similarity_score": null,
    "image": null,
    "path": "/home/liudingyuan/code/SurveyX/code/SurveyX-main/outputs/t14a/papers/LoSparse_ Structured compression of large language models based on low-rank and sparse approximation.json"
}