{
    "from": null,
    "scholar_id": null,
    "detail_id": null,
    "title": "Lottery ticket preserves weight correlation: Is it desirable or not?\" in ICML",
    "abstract": "In deep model compression, the recent finding\"Lottery Ticket Hypothesis\"(LTH) (Frankle&Carbin, 2018) pointed out that there could exist a winning ticket (i.e., a properly pruned sub-network together with original weight initialization) that can achieve competitive performance than the original dense network. However, it is not easy to observe such winning property in many scenarios, where for example, a relatively large learning rate is used even if it benefits training the original dense model. In this work, we investigate the underlying condition and rationale behind the winning property, and find that the underlying reason is largely attributed to the correlation between initialized weights and final-trained weights when the learning rate is not sufficiently large. Thus, the existence of winning property is correlated with an insufficient DNN pretraining, and is unlikely to occur for a well-trained DNN. To overcome this limitation, we propose the\"pruning&fine-tuning\"method that consistently outperforms lottery ticket sparse training under the same pruning algorithm and the same total training epochs. Extensive experiments over multiple deep models (VGG, ResNet, MobileNet-v2) on different datasets have been conducted to justify our proposals.",
    "arxivid": "2409.05211v1",
    "bib_name": "Lotterytic101",
    "md_text": "# Lottery ticket preserves weight correlation: Is it desirable or not?\" in ICML\n\n\nabstract\n\nIn deep model compression, the recent finding\"Lottery Ticket Hypothesis\"(LTH) (Frankle&Carbin, 2018) pointed out that there could exist a winning ticket (i.e., a properly pruned sub-network together with original weight initialization) that can achieve competitive performance than the original dense network. However, it is not easy to observe such winning property in many scenarios, where for example, a relatively large learning rate is used even if it benefits training the original dense model. In this work, we investigate the underlying condition and rationale behind the winning property, and find that the underlying reason is largely attributed to the correlation between initialized weights and final-trained weights when the learning rate is not sufficiently large. Thus, the existence of winning property is correlated with an insufficient DNN pretraining, and is unlikely to occur for a well-trained DNN. To overcome this limitation, we propose the\"pruning&fine-tuning\"method that consistently outperforms lottery ticket sparse training under the same pruning algorithm and the same total training epochs. Extensive experiments over multiple deep models (VGG, ResNet, MobileNet-v2) on different datasets have been conducted to justify our proposals.",
    "paper_type": "method",
    "attri": {
        "background": "This paper addresses the issue of deep model compression by investigating the Lottery Ticket Hypothesis (LTH), which suggests that a winning ticket, or a properly pruned sub-network with original weight initialization, can achieve competitive performance compared to the original dense network. However, observing this winning property is challenging in scenarios with large learning rates, which may benefit the original dense model but hinder the identification of winning tickets.",
        "problem": {
            "definition": "The problem addressed in this paper is the difficulty in observing the winning property of sub-networks in deep learning models, particularly when large learning rates are used during training.",
            "key obstacle": "The core obstacle is the correlation between initialized weights and final-trained weights, which is weakened when the learning rate is sufficiently large, making it unlikely to observe winning tickets in well-trained deep neural networks."
        },
        "idea": {
            "intuition": "The intuition behind the proposed idea stems from the observation that the winning property is contingent upon the correlation between initialized and final-trained weights, particularly under specific training conditions.",
            "opinion": "The proposed idea involves a new method called 'pruning & fine-tuning,' which aims to consistently outperform lottery ticket sparse training by addressing the limitations of existing approaches under the same pruning algorithm and training epochs.",
            "innovation": "The primary innovation of this method is its ability to maintain weight correlation through careful pruning and fine-tuning, which contrasts with the traditional lottery ticket approach that may not effectively capture winning tickets in all scenarios."
        },
        "method": {
            "method name": "Pruning & Fine-Tuning",
            "method abbreviation": "P&F",
            "method definition": "The pruning & fine-tuning method involves selecting a subset of weights from a trained model and then fine-tuning the remaining weights to improve performance, addressing the limitations of the lottery ticket hypothesis.",
            "method description": "This method enhances model performance by combining weight pruning with subsequent fine-tuning, ensuring better correlation between initialized and final-trained weights.",
            "method steps": "1. Train a dense neural network. 2. Prune the network to create a sparse sub-network. 3. Fine-tune the pruned network to optimize performance.",
            "principle": "The effectiveness of this method lies in its ability to leverage the correlation between initialized and final-trained weights, enhancing the chances of achieving competitive performance through careful manipulation of weight structures."
        },
        "experiments": {
            "evaluation setting": "Extensive experiments were conducted using multiple deep models, including VGG, ResNet, and MobileNet-v2, across different datasets to validate the proposed method.",
            "evaluation method": "The performance of the pruning & fine-tuning method was assessed by comparing it against lottery ticket sparse training under identical pruning algorithms and total training epochs."
        },
        "conclusion": "The experiments demonstrate that the pruning & fine-tuning method consistently outperforms traditional lottery ticket sparse training, providing evidence of its effectiveness in achieving competitive performance in deep model compression.",
        "discussion": {
            "advantage": "The key advantages of the proposed approach include improved performance in model compression and the ability to maintain weight correlation, which enhances the likelihood of observing winning tickets.",
            "limitation": "A limitation of the method may include its dependency on the conditions under which the original dense model is trained, as well as potential challenges in the fine-tuning phase.",
            "future work": "Future research could explore further optimizations in the pruning process and investigate the applicability of the method across a broader range of neural network architectures and datasets."
        },
        "other info": {}
    },
    "mount_outline": [
        {
            "section number": "1.1",
            "key information": "The paper addresses deep model compression, emphasizing the importance of pruning for model efficiency and performance improvement through the Lottery Ticket Hypothesis."
        },
        {
            "section number": "2.4",
            "key information": "Pruning is defined as the process of selecting a subset of weights from a trained model, enhancing model performance through careful manipulation of weight structures."
        },
        {
            "section number": "3.1",
            "key information": "The paper discusses structured vs. unstructured pruning by introducing the 'pruning & fine-tuning' method, which contrasts with traditional lottery ticket approaches."
        },
        {
            "section number": "4.3",
            "key information": "The paper evaluates trade-offs in pruning methods, highlighting the challenges of observing winning tickets with large learning rates and the effectiveness of the proposed pruning & fine-tuning method."
        },
        {
            "section number": "5.1",
            "key information": "Experiments show that the pruning & fine-tuning method consistently outperforms traditional lottery ticket sparse training, impacting model accuracy positively."
        },
        {
            "section number": "6.2",
            "key information": "Future research directions include exploring further optimizations in the pruning process and investigating the applicability of the pruning & fine-tuning method across various neural network architectures."
        }
    ],
    "similarity_score": null,
    "image": null,
    "path": "/home/liudingyuan/code/SurveyX/code/SurveyX-main/outputs/t14a/papers/Lottery ticket preserves weight correlation_ Is it desirable or not__ in ICML.json"
}