{
    "from": null,
    "scholar_id": null,
    "detail_id": null,
    "title": "Manifold regularized dynamic network pruning",
    "abstract": "Neural network pruning is an essential approach for reducing the computational complexity of deep models so that they can be well deployed on resource-limited devices. Compared with conventional methods, the recently developed dynamic pruning methods determine redundant filters variant to each input instance which achieves higher acceleration. Most of the existing methods discover effective subnetworks for each instance independently and do not utilize the relationship between different inputs. To maximally excavate redundancy in the given network architecture, this paper proposes a new paradigm that dynamically removes redundant filters by embedding the manifold information of all instances into the space of pruned networks (dubbed as ManiDP). We first investigate the recognition complexity and feature similarity between images in the training set. Then, the manifold relationship between instances and the pruned sub-networks will be aligned in the training procedure. The effectiveness of the proposed method is verified on several benchmarks, which shows better performance in terms of both accuracy and computational cost compared to the state-of-the-art methods. For example, our method can reduce 55.3% FLOPs of ResNet-34 with only 0.57% top-1 accuracy degradation on ImageNet. The code will be available at https://github.com/huawei-noah/Pruning/tree/master/ManiDP.",
    "arxivid": "2103.05861v1",
    "bib_name": "Manifoldre52",
    "md_text": "# Manifold regularized dynamic network pruning\n\n\nabstract\n\nNeural network pruning is an essential approach for reducing the computational complexity of deep models so that they can be well deployed on resource-limited devices. Compared with conventional methods, the recently developed dynamic pruning methods determine redundant filters variant to each input instance which achieves higher acceleration. Most of the existing methods discover effective subnetworks for each instance independently and do not utilize the relationship between different inputs. To maximally excavate redundancy in the given network architecture, this paper proposes a new paradigm that dynamically removes redundant filters by embedding the manifold information of all instances into the space of pruned networks (dubbed as ManiDP). We first investigate the recognition complexity and feature similarity between images in the training set. Then, the manifold relationship between instances and the pruned sub-networks will be aligned in the training procedure. The effectiveness of the proposed method is verified on several benchmarks, which shows better performance in terms of both accuracy and computational cost compared to the state-of-the-art methods. For example, our method can reduce 55.3% FLOPs of ResNet-34 with only 0.57% top-1 accuracy degradation on ImageNet. The code will be available at https://github.com/huawei-noah/Pruning/tree/master/ManiDP.",
    "paper_type": "method",
    "attri": {
        "background": "This paper addresses the issue of reducing the computational complexity of deep neural networks for deployment on resource-limited devices. Existing dynamic pruning methods focus on identifying redundant filters for individual input instances without leveraging the relationships between different inputs, highlighting the need for a more integrated approach.",
        "problem": {
            "definition": "The problem is the inefficiency of existing dynamic pruning methods that operate independently for each input instance, failing to capitalize on the relationships among different instances.",
            "key obstacle": "The main challenge is the lack of a method that can effectively utilize the manifold information across multiple instances to optimize the pruning process."
        },
        "idea": {
            "intuition": "The idea is inspired by the observation that the relationships between different input instances can reveal additional redundancy in the network that is not captured by traditional pruning methods.",
            "opinion": "The proposed method, ManiDP, dynamically removes redundant filters by embedding the manifold information of all instances into the pruned networks, allowing for a more comprehensive pruning strategy.",
            "innovation": "The key innovation of ManiDP lies in its ability to align the manifold relationships between instances and pruned sub-networks during training, which contrasts with existing methods that treat each instance in isolation."
        },
        "method": {
            "method name": "Manifold Regularized Dynamic Network Pruning",
            "method abbreviation": "ManiDP",
            "method definition": "ManiDP is a method that prunes neural network filters dynamically by utilizing the manifold information of all input instances to enhance the pruning process.",
            "method description": "The core of ManiDP involves embedding manifold information into the pruning procedure to effectively identify and remove redundant filters across instances.",
            "method steps": "1. Investigate recognition complexity and feature similarity among training images. 2. Align manifold relationships between instances and pruned sub-networks during training.",
            "principle": "The effectiveness of ManiDP is based on the principle that by understanding the relationships between input instances, the method can more accurately identify redundant filters, leading to improved performance and reduced computational costs."
        },
        "experiments": {
            "evaluation setting": "The effectiveness of ManiDP was tested on several benchmarks, including ImageNet, where it demonstrated significant reductions in computational cost while maintaining high accuracy.",
            "evaluation method": "Performance was assessed by measuring the reduction in FLOPs and the corresponding accuracy degradation, specifically noting a 55.3% reduction in FLOPs of ResNet-34 with only a 0.57% decrease in top-1 accuracy."
        },
        "conclusion": "The proposed ManiDP method effectively reduces the computational complexity of neural networks while maintaining accuracy, demonstrating its potential as a superior approach compared to state-of-the-art methods.",
        "discussion": {
            "advantage": "The key advantage of ManiDP is its ability to leverage the manifold relationships between instances, resulting in more efficient pruning and better performance metrics.",
            "limitation": "A limitation of the method may include its dependency on the quality of the manifold information extracted from the training data, which could affect performance if the data is not representative.",
            "future work": "Future research could focus on improving the robustness of the manifold extraction process and exploring its application across different network architectures and datasets."
        },
        "other info": {
            "code availability": "The code for the method is available at https://github.com/huawei-noah/Pruning/tree/master/ManiDP."
        }
    },
    "mount_outline": [
        {
            "section number": "2.2",
            "key information": "ManiDP is a method that prunes neural network filters dynamically by utilizing the manifold information of all input instances to enhance the pruning process."
        },
        {
            "section number": "2.4",
            "key information": "The problem is the inefficiency of existing dynamic pruning methods that operate independently for each input instance, failing to capitalize on the relationships among different instances."
        },
        {
            "section number": "3.1",
            "key information": "The key innovation of ManiDP lies in its ability to align the manifold relationships between instances and pruned sub-networks during training, contrasting with existing methods that treat each instance in isolation."
        },
        {
            "section number": "4.1",
            "key information": "The effectiveness of ManiDP was tested on several benchmarks, including ImageNet, where it demonstrated significant reductions in computational cost while maintaining high accuracy."
        },
        {
            "section number": "4.2",
            "key information": "Performance was assessed by measuring the reduction in FLOPs and the corresponding accuracy degradation, specifically noting a 55.3% reduction in FLOPs of ResNet-34 with only a 0.57% decrease in top-1 accuracy."
        },
        {
            "section number": "5.1",
            "key information": "The effectiveness of ManiDP is based on the principle that by understanding the relationships between input instances, the method can more accurately identify redundant filters, leading to improved performance."
        },
        {
            "section number": "6.2",
            "key information": "Future research could focus on improving the robustness of the manifold extraction process and exploring its application across different network architectures and datasets."
        }
    ],
    "similarity_score": null,
    "image": null,
    "path": "/home/liudingyuan/code/SurveyX/code/SurveyX-main/outputs/t14a/papers/Manifold regularized dynamic network pruning.json"
}