{
    "from": null,
    "scholar_id": null,
    "detail_id": null,
    "title": "MetaPruning: Meta learning for automatic neural network channel pruning",
    "abstract": "In this paper, we propose a novel meta learning approach for automatic channel pruning of very deep neural networks. We first train a PruningNet, a kind of meta network, which is able to generate weight parameters for any pruned structure given the target network. We use a simple stochastic structure sampling method for training the PruningNet. Then, we apply an evolutionary procedure to search for good-performing pruned networks. The search is highly efficient because the weights are directly generated by the trained PruningNet and we do not need any finetuning at search time. With a single PruningNet trained for the target network, we can search for various Pruned Networks under different constraints with little human participation. Compared to the state-of-the-art pruning methods, we have demonstrated superior performances on MobileNet V1/V2 and ResNet. Codes are available on https://github.com/liuzechun/MetaPruning.",
    "arxivid": "1903.10258v3",
    "bib_name": "MetaPrunin69",
    "md_text": "# MetaPruning: Meta learning for automatic neural network channel pruning\n\n\nabstract\n\nIn this paper, we propose a novel meta learning approach for automatic channel pruning of very deep neural networks. We first train a PruningNet, a kind of meta network, which is able to generate weight parameters for any pruned structure given the target network. We use a simple stochastic structure sampling method for training the PruningNet. Then, we apply an evolutionary procedure to search for good-performing pruned networks. The search is highly efficient because the weights are directly generated by the trained PruningNet and we do not need any finetuning at search time. With a single PruningNet trained for the target network, we can search for various Pruned Networks under different constraints with little human participation. Compared to the state-of-the-art pruning methods, we have demonstrated superior performances on MobileNet V1/V2 and ResNet. Codes are available on https://github.com/liuzechun/MetaPruning.",
    "paper_type": "method",
    "attri": {
        "background": "This paper addresses the issue of automatic channel pruning in very deep neural networks, highlighting the limitations of previous methods that require extensive finetuning and human intervention for effective pruning.",
        "problem": {
            "definition": "The problem is the challenge of efficiently pruning very deep neural networks while maintaining performance, which has been difficult with existing methods.",
            "key obstacle": "The main difficulty is the need for extensive finetuning and manual adjustments in existing pruning methods, which limits their efficiency and applicability."
        },
        "idea": {
            "intuition": "The idea is inspired by the need for a more automated and efficient approach to neural network pruning that reduces human involvement and finetuning requirements.",
            "opinion": "The proposed method involves training a meta network, called PruningNet, that can generate weight parameters for various pruned structures based on the target network.",
            "innovation": "The primary innovation lies in the use of a trained PruningNet to generate weights directly for pruned networks, eliminating the need for finetuning during the search process."
        },
        "method": {
            "method name": "MetaPruning",
            "method abbreviation": "MP",
            "method definition": "MetaPruning is a meta learning approach that automatically prunes neural networks by generating weight parameters for pruned structures using a trained meta network.",
            "method description": "The method leverages a PruningNet to efficiently search for optimal pruned networks without requiring finetuning.",
            "method steps": [
                "Train the PruningNet using a stochastic structure sampling method.",
                "Apply an evolutionary procedure to search for well-performing pruned networks based on the generated weights."
            ],
            "principle": "The effectiveness of this method is based on the ability of the PruningNet to generate appropriate weights for various pruned structures, streamlining the pruning process."
        },
        "experiments": {
            "evaluation setting": "The experiments were conducted on MobileNet V1/V2 and ResNet architectures, comparing the performance of the proposed method against state-of-the-art pruning techniques.",
            "evaluation method": "Performance was assessed based on accuracy and efficiency metrics, with results analyzed to demonstrate the superiority of the proposed method."
        },
        "conclusion": "The experiments show that MetaPruning achieves superior performance in channel pruning compared to existing methods, confirming its effectiveness and efficiency in automating the pruning process.",
        "discussion": {
            "advantage": "The key advantages include reduced human intervention and the elimination of finetuning, leading to a more efficient pruning process.",
            "limitation": "One limitation may be the dependency on the quality of the trained PruningNet, which could affect the performance of the pruned networks.",
            "future work": "Future research could explore improvements in the PruningNet training process and its application to a wider range of network architectures."
        },
        "other info": {
            "repository": "Codes are available on https://github.com/liuzechun/MetaPruning"
        }
    },
    "mount_outline": [
        {
            "section number": "1.1",
            "key information": "The paper addresses the issue of automatic channel pruning in very deep neural networks, highlighting the limitations of previous methods that require extensive finetuning and human intervention for effective pruning."
        },
        {
            "section number": "2.1",
            "key information": "The problem is the challenge of efficiently pruning very deep neural networks while maintaining performance, which has been difficult with existing methods."
        },
        {
            "section number": "2.2",
            "key information": "MetaPruning is a meta learning approach that automatically prunes neural networks by generating weight parameters for pruned structures using a trained meta network."
        },
        {
            "section number": "3.3",
            "key information": "The proposed method involves training a meta network, called PruningNet, that can generate weight parameters for various pruned structures based on the target network."
        },
        {
            "section number": "4.1",
            "key information": "Performance was assessed based on accuracy and efficiency metrics, with results analyzed to demonstrate the superiority of the proposed method."
        },
        {
            "section number": "5.1",
            "key information": "The experiments show that MetaPruning achieves superior performance in channel pruning compared to existing methods, confirming its effectiveness and efficiency in automating the pruning process."
        },
        {
            "section number": "6.2",
            "key information": "Future research could explore improvements in the PruningNet training process and its application to a wider range of network architectures."
        }
    ],
    "similarity_score": null,
    "image": null,
    "path": "/home/liudingyuan/code/SurveyX/code/SurveyX-main/outputs/t14a/papers/MetaPruning_ Meta learning for automatic neural network channel pruning.json"
}