{
    "from": null,
    "scholar_id": null,
    "detail_id": null,
    "title": "MobileVLM V2: Faster and stronger baseline for vision language model",
    "abstract": "We introduce MobileVLM V2, a family of significantly improved vision language models upon MobileVLM, which proves that a delicate orchestration of novel architectural design, an improved training scheme tailored for mobile VLMs, and rich high-quality dataset curation can substantially benefit VLMs' performance. Specifically, MobileVLM V2 1.7B achieves better or on-par performance on standard VLM benchmarks compared with much larger VLMs at the 3B scale. Notably, our 3B model outperforms a large variety of VLMs at the 7B+ scale. Our models will be released at https://github.com/Meituan-AutoML/MobileVLM .",
    "arxivid": "2402.03766v1",
    "bib_name": "MobileVLMV26",
    "md_text": "# MobileVLM V2: Faster and stronger baseline for vision language model\n\n\nabstract\n\nWe introduce MobileVLM V2, a family of significantly improved vision language models upon MobileVLM, which proves that a delicate orchestration of novel architectural design, an improved training scheme tailored for mobile VLMs, and rich high-quality dataset curation can substantially benefit VLMs' performance. Specifically, MobileVLM V2 1.7B achieves better or on-par performance on standard VLM benchmarks compared with much larger VLMs at the 3B scale. Notably, our 3B model outperforms a large variety of VLMs at the 7B+ scale. Our models will be released at https://github.com/Meituan-AutoML/MobileVLM .",
    "paper_type": "benchmark",
    "attri": {
        "background": "This paper addresses the issue of improving vision language models (VLMs) through novel architectural designs and optimized training schemes tailored for mobile applications. The necessity of this benchmark arises from the need for efficient and high-performing VLMs that can operate on mobile devices, fitting into the broader research landscape focused on enhancing model efficiency without sacrificing performance.",
        "problem": {
            "definition": "The benchmark is designed to address the challenge of achieving competitive performance in vision language tasks while maintaining efficiency suitable for mobile deployment.",
            "key obstacle": "Existing benchmarks often focus on larger models that do not translate well to mobile environments, creating a gap in evaluating smaller, efficient models."
        },
        "idea": {
            "intuition": "The inspiration behind the creation of this benchmark stems from the observation that smaller models can achieve competitive performance if designed and trained effectively.",
            "opinion": "The authors believe that this benchmark is crucial for advancing the field of mobile VLMs, as it encourages the development of models that are both efficient and powerful.",
            "innovation": "MobileVLM V2 introduces architectural improvements and a tailored training scheme that significantly enhance performance compared to previous benchmarks, especially for smaller models.",
            "benchmark abbreviation": "MobileVLM V2"
        },
        "dataset": {
            "source": "The dataset was curated from high-quality sources, ensuring a rich variety of data suitable for training vision language models.",
            "desc": "The dataset includes a diverse set of vision-language pairs designed to test various aspects of VLM performance, making it suitable for comprehensive benchmarking.",
            "content": "The dataset includes text and image data that are relevant to vision-language tasks.",
            "size": "-",
            "domain": "Vision-Language Processing",
            "task format": "Vision-Language Understanding"
        },
        "metrics": {
            "metric name": "Accuracy, F1-score",
            "aspect": "The metrics measure the accuracy and effectiveness of the models in understanding and generating responses based on vision-language tasks.",
            "principle": "The chosen metrics reflect both theoretical considerations of model performance and practical implications for real-world applications.",
            "procedure": "Model performance is evaluated through standardized testing on the benchmark dataset, comparing results against established baselines."
        },
        "experiments": {
            "model": "The experiments tested both state-of-the-art models and the new MobileVLM V2 models to assess their performance against existing benchmarks.",
            "procedure": "Models were trained using optimized parameters and evaluated on a variety of vision-language tasks to ensure comprehensive performance assessment.",
            "result": "The MobileVLM V2 models demonstrated superior performance compared to larger models, achieving competitive results on standard benchmarks.",
            "variability": "Variability in results was accounted for by conducting multiple trials and using different subsets of the dataset to ensure robustness."
        },
        "conclusion": "The experiments indicate that MobileVLM V2 provides a viable solution for efficient vision language modeling, with implications for mobile applications and further research in the field.",
        "discussion": {
            "advantage": "The benchmark strengthens the field by promoting the development of efficient models that can perform well in real-world applications, particularly on mobile devices.",
            "limitation": "Potential limitations include the need for ongoing updates to the benchmark as the field evolves and the challenge of ensuring dataset diversity.",
            "future work": "Future research could explore further optimizations in model architecture and training methods, as well as expanding the benchmark to include more diverse tasks."
        },
        "other info": []
    },
    "mount_outline": [
        {
            "section number": "2.1",
            "key information": "The benchmark addresses the challenge of achieving competitive performance in vision language tasks while maintaining efficiency suitable for mobile deployment."
        },
        {
            "section number": "2.2",
            "key information": "MobileVLM V2 introduces architectural improvements and a tailored training scheme that significantly enhance performance compared to previous benchmarks, especially for smaller models."
        },
        {
            "section number": "2.5",
            "key information": "The necessity of this benchmark arises from the need for efficient and high-performing vision language models that can operate on mobile devices."
        },
        {
            "section number": "3.1",
            "key information": "The benchmark is designed to evaluate smaller, efficient models that can achieve competitive performance in vision language tasks."
        },
        {
            "section number": "4.1",
            "key information": "Model performance is evaluated through standardized testing on the benchmark dataset, comparing results against established baselines, using metrics such as accuracy and F1-score."
        },
        {
            "section number": "5.1",
            "key information": "The MobileVLM V2 models demonstrated superior performance compared to larger models, achieving competitive results on standard benchmarks."
        },
        {
            "section number": "6.2",
            "key information": "Future research could explore further optimizations in model architecture and training methods, as well as expanding the benchmark to include more diverse tasks."
        }
    ],
    "similarity_score": null,
    "image": null,
    "path": "/home/liudingyuan/code/SurveyX/code/SurveyX-main/outputs/t14a/papers/MobileVLM V2_ Faster and stronger baseline for vision language model.json"
}