{
    "from": null,
    "scholar_id": null,
    "detail_id": null,
    "title": "Model pruning enables efficient federated learning on edge devices",
    "abstract": "Federated learning (FL) allows model training from local data collected by edge/mobile devices while preserving data privacy, which has wide applicability to image and vision applications. A challenge is that client devices in FL usually have much more limited computation and communication resources compared to servers in a data center. To overcome this challenge, we propose PruneFL \u2014a novel FL approach with adaptive and distributed parameter pruning, which adapts the model size during FL to reduce both communication and computation overhead and minimize the overall training time, while maintaining a similar accuracy as the original model. PruneFL includes initial pruning at a selected client and further pruning as part of the FL process. The model size is adapted during this process, which includes maximizing the approximate empirical risk reduction divided by the time of one FL round. Our experiments with various datasets on edge devices (e.g., Raspberry Pi) show that: 1) we significantly reduce the training time compared to conventional FL and various other pruning-based methods and 2) the pruned model with automatically determined size converges to an accuracy that is very similar to the original model, and it is also a lottery ticket of the original model.",
    "arxivid": "1909.12326v5",
    "bib_name": "Modelpruni174",
    "md_text": "# Model pruning enables efficient federated learning on edge devices\n\n\nabstract\n\nFederated learning (FL) allows model training from local data collected by edge/mobile devices while preserving data privacy, which has wide applicability to image and vision applications. A challenge is that client devices in FL usually have much more limited computation and communication resources compared to servers in a data center. To overcome this challenge, we propose PruneFL \u2014a novel FL approach with adaptive and distributed parameter pruning, which adapts the model size during FL to reduce both communication and computation overhead and minimize the overall training time, while maintaining a similar accuracy as the original model. PruneFL includes initial pruning at a selected client and further pruning as part of the FL process. The model size is adapted during this process, which includes maximizing the approximate empirical risk reduction divided by the time of one FL round. Our experiments with various datasets on edge devices (e.g., Raspberry Pi) show that: 1) we significantly reduce the training time compared to conventional FL and various other pruning-based methods and 2) the pruned model with automatically determined size converges to an accuracy that is very similar to the original model, and it is also a lottery ticket of the original model.",
    "paper_type": "method",
    "attri": {
        "background": "This paper addresses the issue of limited computation and communication resources on client devices in federated learning (FL), highlighting the necessity for a new method to enhance efficiency while maintaining data privacy.",
        "problem": {
            "definition": "The problem is the inefficiency of federated learning on edge devices due to their limited computational and communication capabilities compared to centralized servers.",
            "key obstacle": "The core obstacle is the challenge of reducing communication and computation overhead while ensuring that the model's accuracy remains comparable to that of the original model."
        },
        "idea": {
            "intuition": "The idea is inspired by the need to adaptively prune model parameters during FL to optimize resource usage and training time.",
            "opinion": "The proposed idea, PruneFL, involves adaptive and distributed parameter pruning that adjusts the model size throughout the federated learning process.",
            "innovation": "The primary innovation of PruneFL lies in its ability to dynamically adapt the model size during training, which is a significant advancement over existing static pruning methods."
        },
        "method": {
            "method name": "PruneFL",
            "method abbreviation": "PFL",
            "method definition": "PruneFL is a federated learning approach that utilizes adaptive and distributed parameter pruning to optimize model training on edge devices.",
            "method description": "The method involves initial pruning at a client followed by further pruning throughout the federated learning process.",
            "method steps": "1) Initial pruning at a selected client; 2) Adaptive pruning during the FL process; 3) Maximizing empirical risk reduction relative to the time of one FL round.",
            "principle": "The effectiveness of PruneFL is based on the principle that reducing model complexity can lead to lower resource consumption without sacrificing performance."
        },
        "experiments": {
            "evaluation setting": "Experiments were conducted on various datasets using edge devices like Raspberry Pi, comparing PruneFL with conventional federated learning and other pruning-based methods.",
            "evaluation method": "Performance was assessed by measuring training time and accuracy of the pruned model against the original model."
        },
        "conclusion": "The experiments demonstrate that PruneFL significantly reduces training time while achieving an accuracy similar to the original model, validating its effectiveness in federated learning scenarios.",
        "discussion": {
            "advantage": "Key advantages of PruneFL include reduced training time and adaptability of model size, making it particularly suitable for resource-constrained edge devices.",
            "limitation": "A limitation of the method may include its dependency on the initial pruning strategy, which could affect overall performance.",
            "future work": "Future research could explore further enhancements in pruning strategies and their impact on different types of models and datasets."
        },
        "other info": []
    },
    "mount_outline": [
        {
            "section number": "1.1",
            "key information": "Pruning is essential for enhancing model efficiency and performance, particularly in scenarios with limited computational resources."
        },
        {
            "section number": "2.2",
            "key information": "PruneFL utilizes adaptive and distributed parameter pruning to optimize model training on edge devices, addressing inefficiencies in federated learning."
        },
        {
            "section number": "2.5",
            "key information": "The concepts of pruning and efficiency are crucial in modern AI applications, especially for federated learning on resource-constrained devices."
        },
        {
            "section number": "3.3",
            "key information": "PruneFL represents a novel pruning technique that dynamically adapts model size during training, which is a significant advancement over static methods."
        },
        {
            "section number": "4.1",
            "key information": "The effectiveness of PruneFL is evaluated based on accuracy and training time, demonstrating its performance relative to conventional federated learning methods."
        },
        {
            "section number": "5.1",
            "key information": "Experiments show that PruneFL significantly reduces training time while maintaining accuracy comparable to the original model."
        },
        {
            "section number": "6.1",
            "key information": "Choosing suitable pruning methods like PruneFL can help optimize network structures based on the specific needs of federated learning applications."
        },
        {
            "section number": "6.2",
            "key information": "Future research could explore enhancements in pruning strategies, particularly in the context of federated learning and different model types."
        }
    ],
    "similarity_score": null,
    "image": null,
    "path": "/home/liudingyuan/code/SurveyX/code/SurveyX-main/outputs/t14a/papers/Model pruning enables efficient federated learning on edge devices.json"
}