{
    "from": null,
    "scholar_id": null,
    "detail_id": null,
    "title": "Model compression and efficient inference for large language models: A survey",
    "abstract": "Transformer based large language models have achieved tremendous success. However, the significant memory and computational costs incurred during the inference process make it challenging to deploy large models on resource-constrained devices. In this paper, we investigate compression and efficient inference methods for large language models from an algorithmic perspective. Regarding taxonomy, similar to smaller models, compression and acceleration algorithms for large language models can still be categorized into quantization, pruning, distillation, compact architecture design, dynamic networks. However, Large language models have two prominent characteristics compared to smaller models: (1) Most of compression algorithms require finetuning or even retraining the model after compression. The most notable aspect of large models is the very high cost associated with model finetuning or training. Therefore, many algorithms for large models, such as quantization and pruning, start to explore tuning-free algorithms. (2) Large models emphasize versatility and generalization rather than performance on a single task. Hence, many algorithms, such as knowledge distillation, focus on how to preserving their versatility and generalization after compression. Since these two characteristics were not very pronounced in early large models, we further distinguish large language models into medium models and ``real'' large models. Additionally, we also provide an introduction to some mature frameworks for efficient inference of large models, which can support basic compression or acceleration algorithms, greatly facilitating model deployment for users.",
    "arxivid": "2402.09748v1",
    "bib_name": "Modelcompr37",
    "md_text": "# Model compression and efficient inference for large language models: A survey\n\n\nabstract\n\nTransformer based large language models have achieved tremendous success. However, the significant memory and computational costs incurred during the inference process make it challenging to deploy large models on resource-constrained devices. In this paper, we investigate compression and efficient inference methods for large language models from an algorithmic perspective. Regarding taxonomy, similar to smaller models, compression and acceleration algorithms for large language models can still be categorized into quantization, pruning, distillation, compact architecture design, dynamic networks. However, Large language models have two prominent characteristics compared to smaller models: (1) Most of compression algorithms require finetuning or even retraining the model after compression. The most notable aspect of large models is the very high cost associated with model finetuning or training. Therefore, many algorithms for large models, such as quantization and pruning, start to explore tuning-free algorithms. (2) Large models emphasize versatility and generalization rather than performance on a single task. Hence, many algorithms, such as knowledge distillation, focus on how to preserving their versatility and generalization after compression. Since these two characteristics were not very pronounced in early large models, we further distinguish large language models into medium models and ``real'' large models. Additionally, we also provide an introduction to some mature frameworks for efficient inference of large models, which can support basic compression or acceleration algorithms, greatly facilitating model deployment for users.",
    "paper_type": "method",
    "attri": {
        "background": "Transformer based large language models have achieved tremendous success. However, the significant memory and computational costs incurred during the inference process make it challenging to deploy large models on resource-constrained devices. This paper investigates compression and efficient inference methods for large language models from an algorithmic perspective.",
        "problem": {
            "definition": "The problem addressed in this paper is the high memory and computational costs associated with deploying large language models on resource-constrained devices.",
            "key obstacle": "The main difficulty is that most compression algorithms require finetuning or retraining the model after compression, which is costly for large models."
        },
        "idea": {
            "intuition": "The idea is inspired by the need to reduce the resource demands of large language models while maintaining their performance and versatility.",
            "opinion": "The proposed approach focuses on exploring tuning-free algorithms for compression and efficient inference that preserve the versatility and generalization of large models.",
            "innovation": "The primary difference between the proposed method and existing approaches is the emphasis on tuning-free algorithms and the preservation of versatility and generalization in large models."
        },
        "method": {
            "method name": "Compression and Efficient Inference Methods",
            "method abbreviation": "CEIM",
            "method definition": "CEIM refers to a set of algorithmic strategies aimed at reducing the memory and computational costs of large language models while ensuring their effective deployment.",
            "method description": "The core of CEIM involves categorizing compression and acceleration algorithms into quantization, pruning, distillation, compact architecture design, and dynamic networks.",
            "principle": "The effectiveness of this method lies in its ability to maintain model performance without the need for extensive finetuning, thereby facilitating deployment on resource-constrained devices."
        },
        "experiments": {
            "evaluation setting": "The paper provides an introduction to mature frameworks for efficient inference that support basic compression or acceleration algorithms.",
            "evaluation method": "The evaluation method involves analyzing existing algorithms for their ability to compress large models while preserving their performance and generalization capabilities."
        },
        "conclusion": "The outcomes of the investigation highlight the necessity for tuning-free algorithms and the importance of preserving the versatility of large language models during compression, facilitating their deployment in various applications.",
        "discussion": {
            "advantage": "The key advantages of the proposed approach include reduced resource demands and the ability to maintain model performance without extensive retraining.",
            "limitation": "A limitation of the method is that some compression algorithms may still require some level of tuning, which can be resource-intensive.",
            "future work": "Future research could focus on developing more advanced tuning-free algorithms and exploring additional methods to enhance the versatility of large language models post-compression."
        },
        "other info": []
    },
    "mount_outline": [
        {
            "section number": "1.1",
            "key information": "Pruning is crucial for reducing memory and computational costs associated with deploying large language models on resource-constrained devices."
        },
        {
            "section number": "2.2",
            "key information": "The core of Compression and Efficient Inference Methods (CEIM) involves categorizing compression algorithms into quantization, pruning, distillation, compact architecture design, and dynamic networks."
        },
        {
            "section number": "3.3",
            "key information": "The proposed approach emphasizes tuning-free algorithms for compression that preserve the versatility and generalization of large models."
        },
        {
            "section number": "4.2",
            "key information": "The method aims to reduce resource demands while maintaining model performance without extensive finetuning."
        },
        {
            "section number": "5.1",
            "key information": "The evaluation method analyzes existing algorithms for their ability to compress large models while preserving performance and generalization capabilities."
        },
        {
            "section number": "6.2",
            "key information": "Future research could focus on developing more advanced tuning-free algorithms and exploring additional methods to enhance the versatility of large language models post-compression."
        }
    ],
    "similarity_score": null,
    "image": null,
    "path": "/home/liudingyuan/code/SurveyX/code/SurveyX-main/outputs/t14a/papers/Model compression and efficient inference for large language models_ A survey.json"
}