{
    "from": null,
    "scholar_id": null,
    "detail_id": null,
    "title": "More is Less: A more complicated network with less inference complexity",
    "abstract": "In this paper, we present a novel and general network structure towards accelerating the inference process of convolutional neural networks, which is more complicated in network structure yet with less inference complexity. The core idea is to equip each original convolutional layer with another low-cost collaborative layer (LCCL), and the element-wise multiplication of the ReLU outputs of these two parallel layers produces the layer-wise output. The combined layer is potentially more discriminative than the original convolutional layer, and its inference is faster for two reasons: 1) the zero cells of the LCCL feature maps will remain zero after element-wise multiplication, and thus it is safe to skip the calculation of the corresponding high-cost convolution in the original convolutional layer, 2) LCCL is very fast if it is implemented as a 1*1 convolution or only a single filter shared by all channels. Extensive experiments on the CIFAR-10, CIFAR-100 and ILSCRC-2012 benchmarks show that our proposed network structure can accelerate the inference process by 32% on average with negligible performance drop.",
    "arxivid": "1703.08651v2",
    "bib_name": "MoreisLess12",
    "md_text": "# More is Less: A more complicated network with less inference complexity\n\n\nabstract\n\nIn this paper, we present a novel and general network structure towards accelerating the inference process of convolutional neural networks, which is more complicated in network structure yet with less inference complexity. The core idea is to equip each original convolutional layer with another low-cost collaborative layer (LCCL), and the element-wise multiplication of the ReLU outputs of these two parallel layers produces the layer-wise output. The combined layer is potentially more discriminative than the original convolutional layer, and its inference is faster for two reasons: 1) the zero cells of the LCCL feature maps will remain zero after element-wise multiplication, and thus it is safe to skip the calculation of the corresponding high-cost convolution in the original convolutional layer, 2) LCCL is very fast if it is implemented as a 1*1 convolution or only a single filter shared by all channels. Extensive experiments on the CIFAR-10, CIFAR-100 and ILSCRC-2012 benchmarks show that our proposed network structure can accelerate the inference process by 32% on average with negligible performance drop.",
    "paper_type": "method",
    "attri": {
        "background": "This paper addresses the issue of accelerating the inference process of convolutional neural networks, which traditionally suffer from high computational costs. Previous methods have focused on simplifying network structures or optimizing existing architectures, but these approaches often compromise performance. This paper proposes a new method that introduces a more complicated network structure while achieving less inference complexity, highlighting the need for innovative solutions to improve efficiency without sacrificing accuracy.",
        "problem": {
            "definition": "The problem being addressed is the high inference complexity of convolutional neural networks, which limits their deployment in real-time applications.",
            "key obstacle": "The core obstacle is the computational burden associated with traditional convolutional layers, which leads to slow inference times and increased resource usage."
        },
        "idea": {
            "intuition": "The intuition behind the proposed idea is to leverage a collaborative layer that works in conjunction with the original convolutional layer to enhance performance while reducing computation.",
            "opinion": "The proposed idea involves equipping each convolutional layer with a low-cost collaborative layer (LCCL) that performs element-wise multiplication with the outputs of the original layer, thereby producing a more discriminative output with reduced computational demands.",
            "innovation": "The primary innovation of this method lies in the introduction of the LCCL, which allows for the skipping of high-cost convolutions when the corresponding feature maps contain zero cells, significantly speeding up the inference process."
        },
        "method": {
            "method name": "Low-Cost Collaborative Layer Network",
            "method abbreviation": "LCCL-N",
            "method definition": "The LCCL-N method enhances convolutional neural networks by incorporating low-cost collaborative layers that facilitate faster inference through selective computation.",
            "method description": "The core of the method involves using element-wise multiplication between the outputs of the original convolutional layer and the collaborative layer to produce the final output.",
            "method steps": [
                "1. Introduce a low-cost collaborative layer parallel to each original convolutional layer.",
                "2. Compute the outputs of both layers.",
                "3. Perform element-wise multiplication of the outputs to obtain the final layer output.",
                "4. Skip computations in the original layer where the collaborative layer outputs are zero."
            ],
            "principle": "This method is effective because it reduces the number of computations required during inference by skipping unnecessary calculations, thus leveraging the sparsity introduced by the LCCL."
        },
        "experiments": {
            "evaluation setting": "Extensive experiments were conducted on the CIFAR-10, CIFAR-100, and ILSCRC-2012 benchmarks to evaluate the performance of the proposed network structure.",
            "evaluation method": "The performance of the LCCL-N method was assessed by comparing inference times and accuracy against baseline methods, measuring the speedup achieved and any performance drops."
        },
        "conclusion": "The proposed LCCL-N structure successfully accelerates the inference process by an average of 32% with negligible performance degradation, demonstrating its effectiveness in enhancing convolutional neural networks.",
        "discussion": {
            "advantage": "The key advantages of the proposed approach include significant reductions in inference time without compromising accuracy, making it suitable for real-time applications.",
            "limitation": "One limitation is that the effectiveness of the LCCL may vary depending on the specific architecture of the original convolutional layers and the nature of the dataset.",
            "future work": "Future research could explore optimizing the design of collaborative layers further and investigate their application in other types of neural network architectures."
        },
        "other info": []
    },
    "mount_outline": [
        {
            "section number": "1.1",
            "key information": "The paper addresses the significance of deep neural network pruning by proposing a method that accelerates the inference process of convolutional neural networks, highlighting the need for innovative solutions to improve efficiency without sacrificing accuracy."
        },
        {
            "section number": "2.2",
            "key information": "The paper discusses model compression techniques, focusing on the introduction of a Low-Cost Collaborative Layer (LCCL) that enhances convolutional networks by facilitating faster inference through selective computation."
        },
        {
            "section number": "3.3",
            "key information": "The paper explores a novel pruning technique called Low-Cost Collaborative Layer Network (LCCL-N), which introduces collaborative layers to reduce inference complexity while maintaining performance."
        },
        {
            "section number": "4.1",
            "key information": "The evaluation of the LCCL-N method includes metrics such as inference times and accuracy, demonstrating its effectiveness in reducing computational costs while achieving comparable performance."
        },
        {
            "section number": "5.1",
            "key information": "The proposed LCCL-N structure accelerates the inference process by an average of 32% with negligible performance degradation, indicating a positive impact on model accuracy and inference time."
        },
        {
            "section number": "6.1",
            "key information": "The paper suggests strategies for selecting pruning methods by emphasizing the importance of reducing inference time while maintaining accuracy, making it suitable for real-time applications."
        }
    ],
    "similarity_score": null,
    "image": null,
    "path": "/home/liudingyuan/code/SurveyX/code/SurveyX-main/outputs/t14a/papers/More is Less_ A more complicated network with less inference complexity.json"
}