{
    "from": null,
    "scholar_id": null,
    "detail_id": null,
    "title": "Movement pruning: Adaptive sparsity by fine-tuning",
    "abstract": "Magnitude pruning is a widely used strategy for reducing model size in pure supervised learning; however, it is less effective in the transfer learning regime that has become standard for state-of-the-art natural language processing applications. We propose the use of movement pruning, a simple, deterministic first-order weight pruning method that is more adaptive to pretrained model fine-tuning. We give mathematical foundations to the method and compare it to existing zeroth- and first-order pruning methods. Experiments show that when pruning large pretrained language models, movement pruning shows significant improvements in high-sparsity regimes. When combined with distillation, the approach achieves minimal accuracy loss with down to only 3% of the model parameters.",
    "arxivid": "2005.07683v2",
    "bib_name": "Movementpr152",
    "md_text": "# Movement pruning: Adaptive sparsity by fine-tuning\n\n\nabstract\n\nMagnitude pruning is a widely used strategy for reducing model size in pure supervised learning; however, it is less effective in the transfer learning regime that has become standard for state-of-the-art natural language processing applications. We propose the use of movement pruning, a simple, deterministic first-order weight pruning method that is more adaptive to pretrained model fine-tuning. We give mathematical foundations to the method and compare it to existing zeroth- and first-order pruning methods. Experiments show that when pruning large pretrained language models, movement pruning shows significant improvements in high-sparsity regimes. When combined with distillation, the approach achieves minimal accuracy loss with down to only 3% of the model parameters.",
    "paper_type": "method",
    "attri": {
        "background": "Magnitude pruning is a widely used strategy for reducing model size in pure supervised learning; however, it is less effective in the transfer learning regime that has become standard for state-of-the-art natural language processing applications. This paper introduces movement pruning as a new method to address these limitations.",
        "problem": {
            "definition": "The problem addressed in this paper is the ineffectiveness of existing pruning methods, particularly magnitude pruning, in the context of transfer learning for natural language processing.",
            "key obstacle": "The core obstacle is that current pruning techniques do not adapt well to the fine-tuning of pretrained models, leading to suboptimal performance in high-sparsity scenarios."
        },
        "idea": {
            "intuition": "The intuition behind movement pruning stems from the observation that weight changes during fine-tuning can be leveraged to make pruning decisions more effective.",
            "opinion": "Movement pruning is a simple, deterministic first-order weight pruning method that adapts better to the fine-tuning process of pretrained models.",
            "innovation": "The primary innovation of movement pruning is its adaptive nature, which contrasts with existing zeroth- and first-order pruning methods that do not account for the dynamics of weight changes during fine-tuning."
        },
        "method": {
            "method name": "Movement Pruning",
            "method abbreviation": "MP",
            "method definition": "Movement pruning is a weight pruning method that uses first-order information to determine which weights to prune based on their movement during the fine-tuning process.",
            "method description": "The method involves pruning weights based on their sensitivity to changes during the fine-tuning of pretrained models.",
            "method steps": "1. Identify weights in the model. 2. Analyze the movement of these weights during fine-tuning. 3. Prune the weights that exhibit the least movement.",
            "principle": "Movement pruning is effective because it utilizes the changes in weights during fine-tuning to make informed pruning decisions, thereby maintaining model performance while reducing size."
        },
        "experiments": {
            "evaluation setting": "Experiments were conducted on large pretrained language models, comparing movement pruning against existing zeroth- and first-order pruning methods under high-sparsity conditions.",
            "evaluation method": "The performance of the model was measured by assessing accuracy loss and the percentage of model parameters retained after applying movement pruning."
        },
        "conclusion": "The experiments demonstrate that movement pruning significantly improves performance in high-sparsity regimes and achieves minimal accuracy loss while reducing model parameters to as low as 3% when combined with distillation.",
        "discussion": {
            "advantage": "The key advantage of movement pruning is its adaptability to the fine-tuning process, allowing for effective pruning without substantial accuracy loss.",
            "limitation": "A limitation of the method may include its reliance on the dynamics of weight movement, which could vary across different models or tasks.",
            "future work": "Future research could explore enhancing the movement pruning technique to further optimize performance across a wider range of models and applications."
        },
        "other info": []
    },
    "mount_outline": [
        {
            "section number": "2.4",
            "key information": "Movement pruning is a weight pruning method that uses first-order information to determine which weights to prune based on their movement during the fine-tuning process."
        },
        {
            "section number": "3.1",
            "key information": "Magnitude pruning is a widely used strategy for reducing model size in supervised learning; however, it is less effective in the transfer learning regime."
        },
        {
            "section number": "3.3",
            "key information": "The primary innovation of movement pruning is its adaptive nature, which contrasts with existing zeroth- and first-order pruning methods that do not account for the dynamics of weight changes during fine-tuning."
        },
        {
            "section number": "4.1",
            "key information": "The performance of the model was measured by assessing accuracy loss and the percentage of model parameters retained after applying movement pruning."
        },
        {
            "section number": "5.1",
            "key information": "The experiments demonstrate that movement pruning significantly improves performance in high-sparsity regimes and achieves minimal accuracy loss while reducing model parameters to as low as 3% when combined with distillation."
        },
        {
            "section number": "6.2",
            "key information": "Future research could explore enhancing the movement pruning technique to further optimize performance across a wider range of models and applications."
        }
    ],
    "similarity_score": null,
    "image": null,
    "path": "/home/liudingyuan/code/SurveyX/code/SurveyX-main/outputs/t14a/papers/Movement pruning_ Adaptive sparsity by fine-tuning.json"
}