{
    "from": null,
    "scholar_id": null,
    "detail_id": null,
    "title": "Multi-dimensional model compression of vision transformer",
    "abstract": "Vision transformers (ViT) have recently attracted considerable attentions, but the huge computational cost remains an issue for practical deployment. Previous ViT pruning methods tend to prune the model along one dimension solely, which may suffer from excessive reduction and lead to sub-optimal model quality. In contrast, we advocate a multi-dimensional ViT compression paradigm, and propose to harness the redundancy reduction from attention head, neuron and sequence dimensions jointly. We firstly propose a statistical dependence based pruning criterion that is generalizable to different dimensions for identifying deleterious components. Moreover, we cast the multi-dimensional compression as an optimization, learning the optimal pruning policy across the three dimensions that maximizes the compressed model's accuracy under a computational budget. The problem is solved by our adapted Gaussian process search with expected improvement. Experimental results show that our method effectively reduces the computational cost of various ViT models. For example, our method reduces 40% FLOPs without top-1 accuracy loss for DeiT and T2T-ViT models, outperforming previous state-of-the-arts.",
    "arxivid": "2201.00043v1",
    "bib_name": "Multi-dime191",
    "md_text": "# Multi-dimensional model compression of vision transformer\n\n\nabstract\n\nVision transformers (ViT) have recently attracted considerable attentions, but the huge computational cost remains an issue for practical deployment. Previous ViT pruning methods tend to prune the model along one dimension solely, which may suffer from excessive reduction and lead to sub-optimal model quality. In contrast, we advocate a multi-dimensional ViT compression paradigm, and propose to harness the redundancy reduction from attention head, neuron and sequence dimensions jointly. We firstly propose a statistical dependence based pruning criterion that is generalizable to different dimensions for identifying deleterious components. Moreover, we cast the multi-dimensional compression as an optimization, learning the optimal pruning policy across the three dimensions that maximizes the compressed model's accuracy under a computational budget. The problem is solved by our adapted Gaussian process search with expected improvement. Experimental results show that our method effectively reduces the computational cost of various ViT models. For example, our method reduces 40% FLOPs without top-1 accuracy loss for DeiT and T2T-ViT models, outperforming previous state-of-the-arts.",
    "paper_type": "method",
    "attri": {
        "background": "Vision transformers (ViT) have recently attracted considerable attention, but the huge computational cost remains a significant issue for practical deployment. Previous ViT pruning methods have primarily focused on reducing the model along a single dimension, which often results in excessive reduction and sub-optimal model quality. This paper introduces a multi-dimensional ViT compression paradigm to address these limitations.",
        "problem": {
            "definition": "The problem addressed in this paper is the high computational cost associated with deploying vision transformers, which limits their practical usability.",
            "key obstacle": "The main challenge is that existing pruning methods tend to focus on a single dimension, which can lead to a loss in model quality and efficiency."
        },
        "idea": {
            "intuition": "The intuition behind the proposed idea is that by considering multiple dimensions for pruning, one can achieve a more effective reduction of redundancies without sacrificing model performance.",
            "opinion": "The proposed idea involves a multi-dimensional compression approach that jointly reduces redundancies across attention heads, neurons, and sequence dimensions.",
            "innovation": "The key innovation of this method lies in its statistical dependence-based pruning criterion, which is adaptable across multiple dimensions, allowing for a more holistic optimization of the model."
        },
        "method": {
            "method name": "Multi-dimensional ViT compression",
            "method abbreviation": "MDVC",
            "method definition": "MDVC is defined as a method that optimally prunes redundant components of vision transformers across attention heads, neurons, and sequence dimensions to reduce computational cost while maintaining model accuracy.",
            "method description": "The core of the method involves identifying and removing less important components in a multi-dimensional space to enhance efficiency.",
            "method steps": "1. Identify deleterious components using a statistical dependence-based criterion. 2. Formulate the pruning process as an optimization problem. 3. Utilize Gaussian process search with expected improvement to learn the optimal pruning policy.",
            "principle": "This method is effective because it leverages the redundancy across multiple dimensions, allowing for a more balanced and effective pruning strategy that maintains model accuracy."
        },
        "experiments": {
            "evaluation setting": "The experiments were conducted on various ViT models, including DeiT and T2T-ViT, comparing the performance of MDVC against previous state-of-the-art methods.",
            "evaluation method": "The performance was assessed based on the reduction of FLOPs and the preservation of top-1 accuracy, measuring how well the model maintained its performance after pruning."
        },
        "conclusion": "The experimental results demonstrate that the proposed multi-dimensional compression method effectively reduces the computational cost of various ViT models, achieving a 40% reduction in FLOPs without loss of top-1 accuracy, outperforming existing methods.",
        "discussion": {
            "advantage": "The key advantages of the proposed approach include its ability to reduce computational costs significantly while maintaining high model accuracy, which is not achieved by traditional single-dimensional pruning methods.",
            "limitation": "One limitation of the method may include the complexity of implementing the multi-dimensional pruning process, which could require more computational resources during the optimization phase.",
            "future work": "Future research could focus on refining the pruning criterion further and exploring its applicability to other neural network architectures beyond vision transformers."
        },
        "other info": {}
    },
    "mount_outline": [
        {
            "section number": "1.1",
            "key information": "Pruning is essential for reducing the computational cost of vision transformers, which is a significant barrier to their practical deployment."
        },
        {
            "section number": "2.2",
            "key information": "The paper introduces a multi-dimensional ViT compression method (MDVC) that optimally prunes redundant components across attention heads, neurons, and sequence dimensions."
        },
        {
            "section number": "3.1",
            "key information": "Existing pruning methods primarily focus on a single dimension, leading to excessive reduction and sub-optimal model quality."
        },
        {
            "section number": "4.2",
            "key information": "The evaluation method assesses the reduction of FLOPs and preservation of top-1 accuracy, indicating the efficiency of the pruning method."
        },
        {
            "section number": "5.1",
            "key information": "The proposed method achieves a 40% reduction in FLOPs without loss of top-1 accuracy, demonstrating its effectiveness in maintaining model performance."
        },
        {
            "section number": "6.2",
            "key information": "Future research could refine the pruning criterion and explore its applicability to other neural network architectures beyond vision transformers."
        }
    ],
    "similarity_score": null,
    "image": null,
    "path": "/home/liudingyuan/code/SurveyX/code/SurveyX-main/outputs/t14a/papers/Multi-dimensional model compression of vision transformer.json"
}