{
    "from": null,
    "scholar_id": null,
    "detail_id": null,
    "title": "NeST: A neural network synthesis tool based on a grow-and-prune paradigm",
    "abstract": "Deep neural networks (DNNs) have begun to have a pervasive impact on various applications of machine learning. However, the problem of finding an optimal DNN architecture for large applications is challenging. Common approaches go for deeper and larger DNN architectures but may incur substantial redundancy. To address these problems, we introduce a network growth algorithm that complements network pruning to learn both weights and compact DNN architectures during training. We propose a DNN synthesis tool (NeST) that combines both methods to automate the generation of compact and accurate DNNs. NeST starts with a randomly initialized sparse network called the seed architecture. It iteratively tunes the architecture with gradient-based growth and magnitude-based pruning of neurons and connections. Our experimental results show that NeST yields accurate, yet very compact DNNs, with a wide range of seed architecture selection. For the LeNet-300-100 (LeNet-5) architecture, we reduce network parameters by $70.2\\times$70.2\u00d7 ($74.3\\times$74.3\u00d7) and floating-point operations (FLOPs) by $79.4\\times$79.4\u00d7 ($43.7\\times$43.7\u00d7). For the AlexNet, VGG-16, and ResNet-50 architectures, we reduce network parameters (FLOPs) by $15.7\\times$15.7\u00d7 ($4.6\\times$4.6\u00d7), $33.2\\times$33.2\u00d7 ($8.9\\times$8.9\u00d7), and $4.1\\times$4.1\u00d7 ($2.1\\times$2.1\u00d7) respectively. NeST's grow-and-prune paradigm delivers significant additional parameter and FLOPs reduction relative to pruning-only methods.",
    "arxivid": "1711.02017v3",
    "bib_name": "NeST:Aneur75",
    "md_text": "# NeST: A neural network synthesis tool based on a grow-and-prune paradigm\n\n\nabstract\n\nDeep neural networks (DNNs) have begun to have a pervasive impact on various applications of machine learning. However, the problem of finding an optimal DNN architecture for large applications is challenging. Common approaches go for deeper and larger DNN architectures but may incur substantial redundancy. To address these problems, we introduce a network growth algorithm that complements network pruning to learn both weights and compact DNN architectures during training. We propose a DNN synthesis tool (NeST) that combines both methods to automate the generation of compact and accurate DNNs. NeST starts with a randomly initialized sparse network called the seed architecture. It iteratively tunes the architecture with gradient-based growth and magnitude-based pruning of neurons and connections. Our experimental results show that NeST yields accurate, yet very compact DNNs, with a wide range of seed architecture selection. For the LeNet-300-100 (LeNet-5) architecture, we reduce network parameters by $70.2\\times$70.2\u00d7 ($74.3\\times$74.3\u00d7) and floating-point operations (FLOPs) by $79.4\\times$79.4\u00d7 ($43.7\\times$43.7\u00d7). For the AlexNet, VGG-16, and ResNet-50 architectures, we reduce network parameters (FLOPs) by $15.7\\times$15.7\u00d7 ($4.6\\times$4.6\u00d7), $33.2\\times$33.2\u00d7 ($8.9\\times$8.9\u00d7), and $4.1\\times$4.1\u00d7 ($2.1\\times$2.1\u00d7) respectively. NeST's grow-and-prune paradigm delivers significant additional parameter and FLOPs reduction relative to pruning-only methods.",
    "paper_type": "method",
    "attri": {
        "background": "This paper addresses the challenge of finding optimal deep neural network (DNN) architectures for large applications, highlighting the limitations of existing methods that tend to create deeper and larger architectures with substantial redundancy. A new breakthrough is necessary to automate the generation of compact and accurate DNNs.",
        "problem": {
            "definition": "The problem is the difficulty in optimizing DNN architectures for large-scale applications, leading to inefficiencies and redundancies in network design.",
            "key obstacle": "The core obstacle is the reliance on traditional methods that focus on increasing depth and size of networks without effectively managing redundancy and compactness."
        },
        "idea": {
            "intuition": "The idea is inspired by the need for a more efficient approach to DNN architecture design that combines growth and pruning methods to enhance performance while reducing complexity.",
            "opinion": "The proposed idea is a synthesis tool named NeST that automates the generation of compact DNNs through a process of iterative growth and pruning.",
            "innovation": "NeST's primary innovation lies in its grow-and-prune paradigm, which integrates both architecture growth and weight pruning during training, offering significant reductions in parameters and computational operations compared to existing methods."
        },
        "method": {
            "method name": "NeST",
            "method abbreviation": "NeST",
            "method definition": "NeST is a neural network synthesis tool that utilizes a combination of growth and pruning algorithms to optimize DNN architectures during training.",
            "method description": "NeST starts with a sparse seed architecture and iteratively adjusts the network through gradient-based growth and magnitude-based pruning.",
            "method steps": "1. Initialize a sparse seed architecture. 2. Apply gradient-based growth to add neurons and connections. 3. Perform magnitude-based pruning to remove less significant neurons and connections. 4. Repeat the growth and pruning process iteratively until the desired architecture is achieved.",
            "principle": "The effectiveness of NeST is based on the principle that simultaneous growth and pruning allow for the discovery of compact architectures while maintaining accuracy, reducing redundancy and computational costs."
        },
        "experiments": {
            "evaluation setting": "The experiments were conducted using various DNN architectures including LeNet-300-100, AlexNet, VGG-16, and ResNet-50, comparing NeST with baseline pruning-only methods.",
            "evaluation method": "Performance was assessed by measuring reductions in network parameters and floating-point operations (FLOPs) achieved by NeST across different architectures."
        },
        "conclusion": "The experimental results demonstrate that NeST effectively produces compact and accurate DNNs, achieving significant reductions in parameters and FLOPs compared to traditional methods.",
        "discussion": {
            "advantage": "The key advantages of NeST include its ability to automate the generation of efficient DNN architectures and achieve substantial reductions in both parameters and computational operations.",
            "limitation": "One limitation of NeST may be its dependency on the initial seed architecture, which could influence the final performance and efficiency.",
            "future work": "Future research could focus on exploring different seed architectures, refining the growth and pruning algorithms, and applying NeST to other types of neural networks."
        },
        "other info": []
    },
    "mount_outline": [
        {
            "section number": "1.1",
            "key information": "The paper addresses the challenge of finding optimal deep neural network (DNN) architectures for large applications, highlighting the limitations of existing methods that create deeper and larger architectures with substantial redundancy."
        },
        {
            "section number": "1.2",
            "key information": "The key goals of the survey include presenting a taxonomy of pruning methods, comparing different techniques, analyzing their impacts, and providing recommendations, which aligns with NeST's approach to automating the generation of compact DNNs."
        },
        {
            "section number": "2.2",
            "key information": "NeST utilizes a combination of growth and pruning algorithms to optimize DNN architectures during training, which can be categorized under model compression techniques."
        },
        {
            "section number": "3.3",
            "key information": "NeST's primary innovation lies in its grow-and-prune paradigm, which integrates both architecture growth and weight pruning during training, representing a novel pruning technique."
        },
        {
            "section number": "4.1",
            "key information": "Performance was assessed by measuring reductions in network parameters and floating-point operations (FLOPs) achieved by NeST, which can serve as effectiveness metrics."
        },
        {
            "section number": "5.1",
            "key information": "The experimental results demonstrate that NeST effectively produces compact and accurate DNNs, achieving significant reductions in parameters and FLOPs compared to traditional methods, impacting model accuracy and inference time."
        },
        {
            "section number": "6.1",
            "key information": "NeST offers strategies for selecting pruning methods based on its iterative growth and pruning process, guiding users on optimizing network structures."
        },
        {
            "section number": "6.2",
            "key information": "Future research could focus on exploring different seed architectures and refining the growth and pruning algorithms, indicating promising areas for further research in pruning."
        }
    ],
    "similarity_score": null,
    "image": null,
    "path": "/home/liudingyuan/code/SurveyX/code/SurveyX-main/outputs/t14a/papers/NeST_ A neural network synthesis tool based on a grow-and-prune paradigm.json"
}