{
    "from": null,
    "scholar_id": null,
    "detail_id": null,
    "title": "Network pruning via transformable architecture search",
    "abstract": "Network pruning reduces the computation costs of an over-parameterized network without performance damage. Prevailing pruning algorithms pre-define the width and depth of the pruned networks, and then transfer parameters from the unpruned network to pruned networks. To break the structure limitation of the pruned networks, we propose to apply neural architecture search to search directly for a network with flexible channel and layer sizes. The number of the channels/layers is learned by minimizing the loss of the pruned networks. The feature map of the pruned network is an aggregation of K feature map fragments (generated by K networks of different sizes), which are sampled based on the probability distribution.The loss can be back-propagated not only to the network weights, but also to the parameterized distribution to explicitly tune the size of the channels/layers. Specifically, we apply channel-wise interpolation to keep the feature map with different channel sizes aligned in the aggregation procedure. The maximum probability for the size in each distribution serves as the width and depth of the pruned network, whose parameters are learned by knowledge transfer, e.g., knowledge distillation, from the original networks. Experiments on CIFAR-10, CIFAR-100 and ImageNet demonstrate the effectiveness of our new perspective of network pruning compared to traditional network pruning algorithms. Various searching and knowledge transfer approaches are conducted to show the effectiveness of the two components. Code is at: this https URL.",
    "arxivid": "1905.09717v5",
    "bib_name": "Networkpru165",
    "md_text": "# Network pruning via transformable architecture search\n\n\nabstract\n\nNetwork pruning reduces the computation costs of an over-parameterized network without performance damage. Prevailing pruning algorithms pre-define the width and depth of the pruned networks, and then transfer parameters from the unpruned network to pruned networks. To break the structure limitation of the pruned networks, we propose to apply neural architecture search to search directly for a network with flexible channel and layer sizes. The number of the channels/layers is learned by minimizing the loss of the pruned networks. The feature map of the pruned network is an aggregation of K feature map fragments (generated by K networks of different sizes), which are sampled based on the probability distribution.The loss can be back-propagated not only to the network weights, but also to the parameterized distribution to explicitly tune the size of the channels/layers. Specifically, we apply channel-wise interpolation to keep the feature map with different channel sizes aligned in the aggregation procedure. The maximum probability for the size in each distribution serves as the width and depth of the pruned network, whose parameters are learned by knowledge transfer, e.g., knowledge distillation, from the original networks. Experiments on CIFAR-10, CIFAR-100 and ImageNet demonstrate the effectiveness of our new perspective of network pruning compared to traditional network pruning algorithms. Various searching and knowledge transfer approaches are conducted to show the effectiveness of the two components. Code is at: this https URL.",
    "paper_type": "method",
    "attri": {
        "background": "This paper addresses the issue of reducing computation costs in over-parameterized networks through network pruning, highlighting the limitations of existing methods that pre-define network structures.",
        "problem": {
            "definition": "The problem is the inefficiency of current network pruning methods that require fixed architectures, which may not optimize performance effectively.",
            "key obstacle": "The main difficulty is the structural limitation imposed by predefined widths and depths of pruned networks, which restricts the optimization of network performance."
        },
        "idea": {
            "intuition": "The idea is inspired by the observation that flexible architectures can lead to better performance in network pruning.",
            "opinion": "The proposed method utilizes neural architecture search to dynamically determine the optimal channel and layer sizes for pruned networks.",
            "innovation": "The key innovation is the ability to learn the number of channels and layers directly from the data, rather than relying on a fixed structure, thus enhancing the adaptability of the pruned network."
        },
        "method": {
            "method name": "Transformable Architecture Search for Network Pruning",
            "method abbreviation": "TASNP",
            "method definition": "TASNP is a method that employs neural architecture search to determine the optimal channel and layer sizes for network pruning by minimizing the loss of the pruned networks.",
            "method description": "The core of TASNP involves aggregating feature map fragments from multiple networks of varying sizes, optimizing the network structure based on learned probabilities.",
            "method steps": [
                "1. Conduct neural architecture search to identify channel and layer sizes.",
                "2. Generate feature map fragments from K networks with different sizes.",
                "3. Sample feature maps based on a learned probability distribution.",
                "4. Apply channel-wise interpolation to align feature maps.",
                "5. Transfer knowledge from the original network to the pruned network."
            ],
            "principle": "The effectiveness of TASNP lies in its ability to adaptively tune network sizes based on data-driven insights, allowing for better performance without the constraints of fixed architectures."
        },
        "experiments": {
            "evaluation setting": "Experiments were conducted on CIFAR-10, CIFAR-100, and ImageNet datasets, comparing the proposed method against traditional network pruning algorithms.",
            "evaluation method": "The performance was assessed by measuring the accuracy and computational costs of the pruned networks, analyzing the impact of the searching and knowledge transfer approaches."
        },
        "conclusion": "The experiments demonstrate that the proposed method significantly improves network pruning outcomes compared to traditional methods, showcasing its effectiveness and adaptability.",
        "discussion": {
            "advantage": "The key advantages of TASNP include its flexibility in architecture design and improved performance through adaptive learning of network sizes.",
            "limitation": "A limitation of the method is the potential increased computational cost during the architecture search process.",
            "future work": "Future research could explore optimizing the architecture search process to reduce computational overhead and further enhance the efficiency of network pruning."
        },
        "other info": []
    },
    "mount_outline": [
        {
            "section number": "1.1",
            "key information": "This paper addresses the issue of reducing computation costs in over-parameterized networks through network pruning, highlighting the limitations of existing methods that pre-define network structures."
        },
        {
            "section number": "2.2",
            "key information": "The problem is the inefficiency of current network pruning methods that require fixed architectures, which may not optimize performance effectively."
        },
        {
            "section number": "3.3",
            "key information": "The proposed method utilizes neural architecture search to dynamically determine the optimal channel and layer sizes for pruned networks."
        },
        {
            "section number": "4.1",
            "key information": "The performance was assessed by measuring the accuracy and computational costs of the pruned networks, analyzing the impact of the searching and knowledge transfer approaches."
        },
        {
            "section number": "5.1",
            "key information": "The experiments demonstrate that the proposed method significantly improves network pruning outcomes compared to traditional methods, showcasing its effectiveness and adaptability."
        },
        {
            "section number": "6.2",
            "key information": "Future research could explore optimizing the architecture search process to reduce computational overhead and further enhance the efficiency of network pruning."
        }
    ],
    "similarity_score": null,
    "image": null,
    "path": "/home/liudingyuan/code/SurveyX/code/SurveyX-main/outputs/t14a/papers/Network pruning via transformable architecture search.json"
}