{
    "from": null,
    "scholar_id": null,
    "detail_id": null,
    "title": "Neural tangent kernel: Convergence and generalization in neural networks",
    "abstract": "At initialization, artificial neural networks (ANNs) are equivalent to Gaussian processes in the infinite-width limit, thus connecting them to kernel methods. We prove that the evolution of an ANN during training can also be described by a kernel: during gradient descent on the parameters of an ANN, the network function (which maps input vectors to output vectors) follows the so-called kernel gradient associated with a new object, which we call the Neural Tangent Kernel (NTK). This kernel is central to describe the generalization features of ANNs. While the NTK is random at initialization and varies during training, in the infinite-width limit it converges to an explicit limiting kernel and stays constant during training. This makes it possible to study the training of ANNs in function space instead of parameter space. Convergence of the training can then be related to the positive-definiteness of the limiting NTK. We then focus on the setting of least-squares regression and show that in the infinite-width limit, the network function follows a linear differential equation during training. The convergence is fastest along the largest kernel principal components of the input data with respect to the NTK, hence suggesting a theoretical motivation for early stopping. Finally we study the NTK numerically, observe its behavior for wide networks, and compare it to the infinite-width limit.",
    "arxivid": "1806.07572v4",
    "bib_name": "Neuraltang63",
    "md_text": "# Neural tangent kernel: Convergence and generalization in neural networks\n\n\nabstract\n\nAt initialization, artificial neural networks (ANNs) are equivalent to Gaussian processes in the infinite-width limit, thus connecting them to kernel methods. We prove that the evolution of an ANN during training can also be described by a kernel: during gradient descent on the parameters of an ANN, the network function (which maps input vectors to output vectors) follows the so-called kernel gradient associated with a new object, which we call the Neural Tangent Kernel (NTK). This kernel is central to describe the generalization features of ANNs. While the NTK is random at initialization and varies during training, in the infinite-width limit it converges to an explicit limiting kernel and stays constant during training. This makes it possible to study the training of ANNs in function space instead of parameter space. Convergence of the training can then be related to the positive-definiteness of the limiting NTK. We then focus on the setting of least-squares regression and show that in the infinite-width limit, the network function follows a linear differential equation during training. The convergence is fastest along the largest kernel principal components of the input data with respect to the NTK, hence suggesting a theoretical motivation for early stopping. Finally we study the NTK numerically, observe its behavior for wide networks, and compare it to the infinite-width limit.",
    "paper_type": "theory",
    "attri": {
        "background": "This paper addresses the issue of understanding the behavior of artificial neural networks (ANNs) during training, specifically through the lens of the Neural Tangent Kernel (NTK), which connects ANNs to kernel methods and Gaussian processes.",
        "problem": {
            "definition": "The problem is to analyze the convergence and generalization properties of ANNs during training.",
            "key obstacle": "The main challenge lies in the complexity of the training dynamics of ANNs and how they can be effectively described and analyzed."
        },
        "idea": {
            "intuition": "The idea was inspired by the observation that at initialization, ANNs behave like Gaussian processes, suggesting a deeper connection between neural networks and kernel methods.",
            "opinion": "The proposed idea is that the evolution of an ANN during training can be captured by the Neural Tangent Kernel, which simplifies the analysis of training dynamics.",
            "innovation": "The main difference compared to previous methods is the introduction of the NTK framework, which allows for studying the training in function space rather than parameter space and provides a clear link to convergence properties."
        },
        "Theory": {
            "perspective": "The perspective of the theory is that the NTK provides a new way to understand the behavior of ANNs, particularly in the infinite-width limit, where the NTK becomes constant during training.",
            "opinion": "The view is that the positive-definiteness of the limiting NTK is crucial for establishing convergence during training.",
            "proof": "The proof involves showing that in the infinite-width limit, the network function can be described by a linear differential equation, leading to insights on convergence and generalization."
        },
        "experiments": {
            "evaluation setting": "The evaluation is set in the context of least-squares regression, examining the behavior of the NTK for wide networks compared to its infinite-width limit.",
            "evaluation method": "The specific evaluation steps include analyzing the NTK's behavior numerically and comparing it to theoretical predictions from the infinite-width limit."
        },
        "conclusion": "The conclusion of the experiments is that the NTK framework provides a robust understanding of convergence and generalization in ANNs, particularly emphasizing the role of the largest kernel principal components for training dynamics.",
        "discussion": {
            "advantage": "The advantages of this paper include a novel theoretical framework that simplifies the analysis of ANNs and provides insights into their training behavior.",
            "limitation": "The limitations include the reliance on the infinite-width assumption, which may not hold for practical finite-width networks.",
            "future work": "Future work can focus on extending the NTK analysis to finite-width networks and exploring its implications for different types of neural architectures."
        },
        "other info": []
    },
    "mount_outline": [
        {
            "section number": "2.4",
            "key information": "Pruning, sparsity, and efficiency are crucial concepts in neural networks that can be analyzed through the lens of the Neural Tangent Kernel (NTK), which connects ANNs to kernel methods."
        },
        {
            "section number": "3.1",
            "key information": "The NTK framework provides a new perspective on understanding the behavior of ANNs, particularly in the infinite-width limit, where the NTK becomes constant during training."
        },
        {
            "section number": "4.3",
            "key information": "The analysis of convergence and generalization properties of ANNs during training highlights the trade-offs encountered when considering different pruning techniques."
        },
        {
            "section number": "5.3",
            "key information": "The positive-definiteness of the limiting NTK is crucial for establishing convergence during training, which affects the models' ability to generalize and remain robust."
        },
        {
            "section number": "6.2",
            "key information": "Future work can focus on extending the NTK analysis to finite-width networks, which may inform new pruning strategies and optimizations in neural network structures."
        }
    ],
    "similarity_score": null,
    "image": null,
    "path": "/home/liudingyuan/code/SurveyX/code/SurveyX-main/outputs/t14a/papers/Neural tangent kernel_ Convergence and generalization in neural networks.json"
}