{
    "from": null,
    "scholar_id": null,
    "detail_id": null,
    "title": "Neural pruning via growing regularization",
    "abstract": "Regularization has long been utilized to learn sparsity in deep neural network pruning. However, its role is mainly explored in the small penalty strength regime. In this work, we extend its application to a new scenario where the regularization grows large gradually to tackle two central problems of pruning: pruning schedule and weight importance scoring. (1) The former topic is newly brought up in this work, which we find critical to the pruning performance while receives little research attention. Specifically, we propose an L2 regularization variant with rising penalty factors and show it can bring significant accuracy gains compared with its one-shot counterpart, even when the same weights are removed. (2) The growing penalty scheme also brings us an approach to exploit the Hessian information for more accurate pruning without knowing their specific values, thus not bothered by the common Hessian approximation problems. Empirically, the proposed algorithms are easy to implement and scalable to large datasets and networks in both structured and unstructured pruning. Their effectiveness is demonstrated with modern deep neural networks on the CIFAR and ImageNet datasets, achieving competitive results compared to many state-of-the-art algorithms. Our code and trained models are publicly available at this https URL.",
    "arxivid": "2012.09243v2",
    "bib_name": "Neuralprun84",
    "md_text": "# Neural pruning via growing regularization\n\n\nabstract\n\nRegularization has long been utilized to learn sparsity in deep neural network pruning. However, its role is mainly explored in the small penalty strength regime. In this work, we extend its application to a new scenario where the regularization grows large gradually to tackle two central problems of pruning: pruning schedule and weight importance scoring. (1) The former topic is newly brought up in this work, which we find critical to the pruning performance while receives little research attention. Specifically, we propose an L2 regularization variant with rising penalty factors and show it can bring significant accuracy gains compared with its one-shot counterpart, even when the same weights are removed. (2) The growing penalty scheme also brings us an approach to exploit the Hessian information for more accurate pruning without knowing their specific values, thus not bothered by the common Hessian approximation problems. Empirically, the proposed algorithms are easy to implement and scalable to large datasets and networks in both structured and unstructured pruning. Their effectiveness is demonstrated with modern deep neural networks on the CIFAR and ImageNet datasets, achieving competitive results compared to many state-of-the-art algorithms. Our code and trained models are publicly available at this https URL.",
    "paper_type": "method",
    "attri": {
        "background": "This paper addresses the issue of deep neural network pruning, focusing on the role of regularization in learning sparsity. Previous methods primarily explored small penalty strengths, but this work extends regularization to a scenario with gradually increasing penalties to improve pruning performance.",
        "problem": {
            "definition": "The paper aims to solve the issues related to pruning schedules and weight importance scoring in deep neural networks.",
            "key obstacle": "The main challenge is the lack of research attention on the pruning schedule, which is critical for effective pruning performance."
        },
        "idea": {
            "intuition": "The idea is inspired by the observation that a gradual increase in regularization penalties can lead to better pruning outcomes.",
            "opinion": "The proposed method involves an L2 regularization variant with rising penalty factors that enhances pruning efficiency.",
            "innovation": "The primary difference of this method lies in its growing penalty scheme, which allows for more accurate pruning by utilizing Hessian information without needing specific value approximations."
        },
        "method": {
            "method name": "Growing Regularization Pruning",
            "method abbreviation": "GRP",
            "method definition": "GRP is defined as an approach that applies an L2 regularization with increasing penalty factors to improve the pruning process.",
            "method description": "The core of the method involves gradually increasing the regularization strength during training to enhance weight pruning.",
            "method steps": "1. Initialize weights with standard training. 2. Apply L2 regularization with a small penalty. 3. Gradually increase the penalty during training. 4. Evaluate weight importance using Hessian information. 5. Prune less important weights based on the adjusted penalties.",
            "principle": "This method is effective because the growing regularization allows for better adaptation to weight significance, leading to improved pruning decisions."
        },
        "experiments": {
            "evaluation setting": "The experiments were conducted on modern deep neural networks using the CIFAR and ImageNet datasets, comparing the proposed method against various state-of-the-art algorithms.",
            "evaluation method": "Performance was assessed by measuring accuracy and pruning effectiveness, specifically looking at the impact of the growing penalty on pruning outcomes."
        },
        "conclusion": "The results demonstrate that the proposed growing regularization method significantly improves pruning performance, achieving competitive accuracy compared to existing methods.",
        "discussion": {
            "advantage": "The key advantages include improved pruning schedules and more accurate weight importance scoring, leading to better model performance.",
            "limitation": "One limitation is that the method may depend on the specific training dynamics and may not generalize to all network architectures.",
            "future work": "Future research could explore further enhancements to the growing regularization approach and its application to different types of neural network architectures."
        },
        "other info": {
            "code availability": "The code and trained models are publicly available at the specified URL."
        }
    },
    "mount_outline": [
        {
            "section number": "1.1",
            "key information": "This paper addresses the issue of deep neural network pruning, focusing on the role of regularization in learning sparsity."
        },
        {
            "section number": "1.2",
            "key information": "The paper aims to solve the issues related to pruning schedules and weight importance scoring in deep neural networks."
        },
        {
            "section number": "2.4",
            "key information": "The proposed method involves an L2 regularization variant with rising penalty factors that enhances pruning efficiency."
        },
        {
            "section number": "3.3",
            "key information": "The primary difference of this method lies in its growing penalty scheme, which allows for more accurate pruning by utilizing Hessian information."
        },
        {
            "section number": "4.1",
            "key information": "Performance was assessed by measuring accuracy and pruning effectiveness, specifically looking at the impact of the growing penalty on pruning outcomes."
        },
        {
            "section number": "5.1",
            "key information": "The results demonstrate that the proposed growing regularization method significantly improves pruning performance, achieving competitive accuracy compared to existing methods."
        },
        {
            "section number": "6.2",
            "key information": "Future research could explore further enhancements to the growing regularization approach and its application to different types of neural network architectures."
        }
    ],
    "similarity_score": null,
    "image": null,
    "path": "/home/liudingyuan/code/SurveyX/code/SurveyX-main/outputs/t14a/papers/Neural pruning via growing regularization.json"
}