{
    "from": null,
    "scholar_id": null,
    "detail_id": null,
    "title": "Never train from scratch: Fair comparison of long-sequence models requires data-driven priors",
    "abstract": "This paper is an extended abstract of our ICLR 2024 Outstanding Paper Award work. Modeling long-range dependencies across sequences is a longstanding goal in machine learning. While state space models reportedly outperform Transformers on benchmarks like Long Range Arena, we show that random initialization significantly overestimates architectural differences. Pretraining with standard denoising objectives on downstream task data leads to dramatic gains across architectures and minimal performance gaps between Transformers and state space models (SSMs). We demonstrate that properly pretrained vanilla Transformers match S4 performance on Long Range Arena and improve SSM results on PathX-256 by 20 absolute points. Our analysis shows previously-proposed structured parameterizations for SSMs become largely redundant with pretraining. When evaluating architectures on supervised tasks, incorporating data-driven priors via pretraining is essential for reliable performance estimation.",
    "arxivid": "2310.02980v4",
    "bib_name": "Nevertrain140",
    "md_text": "# Never train from scratch: Fair comparison of long-sequence models requires data-driven priors\n\n\nabstract\n\nThis paper is an extended abstract of our ICLR 2024 Outstanding Paper Award work. Modeling long-range dependencies across sequences is a longstanding goal in machine learning. While state space models reportedly outperform Transformers on benchmarks like Long Range Arena, we show that random initialization significantly overestimates architectural differences. Pretraining with standard denoising objectives on downstream task data leads to dramatic gains across architectures and minimal performance gaps between Transformers and state space models (SSMs). We demonstrate that properly pretrained vanilla Transformers match S4 performance on Long Range Arena and improve SSM results on PathX-256 by 20 absolute points. Our analysis shows previously-proposed structured parameterizations for SSMs become largely redundant with pretraining. When evaluating architectures on supervised tasks, incorporating data-driven priors via pretraining is essential for reliable performance estimation.",
    "paper_type": "benchmark",
    "attri": {
        "background": "Modeling long-range dependencies across sequences is a longstanding goal in machine learning. The necessity for this benchmark arises from the observed architectural differences in performance metrics, which are significantly affected by random initialization.",
        "problem": {
            "definition": "The benchmark is designed to address the challenge of accurately comparing the performance of long-sequence models, specifically between state space models and Transformers.",
            "key obstacle": "Existing benchmarks, such as Long Range Arena, fail to provide a fair comparison due to the overestimation of architectural differences caused by random initialization."
        },
        "idea": {
            "intuition": "The thought process behind creating this benchmark stems from the observation that pretraining with standard denoising objectives can lead to significant performance improvements across different architectures.",
            "opinion": "The authors believe that incorporating data-driven priors through pretraining is essential for reliable performance estimation in long-sequence models.",
            "innovation": "This benchmark introduces the concept that proper pretraining can equalize performance across different architectures, making previously proposed structured parameterizations for SSMs redundant.",
            "benchmark abbreviation": "LRA"
        },
        "dataset": {
            "source": "The dataset was created by utilizing downstream task data for pretraining models, rather than relying solely on random initialization.",
            "desc": "The dataset is characterized by its focus on long-sequence tasks and is structured to evaluate model performance under pretraining conditions.",
            "content": "The types of data included in the dataset primarily relate to long-sequence modeling tasks, such as time-series or sequential data.",
            "size": "-",
            "domain": "Machine Learning",
            "task format": "Long-sequence modeling"
        },
        "metrics": {
            "metric name": "Accuracy, Performance Gain",
            "aspect": "Model performance and reliability of architectural comparisons",
            "principle": "The choice of metrics is guided by the need to measure performance improvements attributable to pretraining and to ensure fair comparisons across architectures.",
            "procedure": "Models are evaluated based on their performance on supervised tasks after undergoing pretraining with standard denoising objectives."
        },
        "experiments": {
            "model": "The benchmark tests include both state-of-the-art models and baseline models, specifically focusing on Transformers and state space models.",
            "procedure": "Models were trained with specific parameters and pretraining strategies, ensuring a controlled comparison environment.",
            "result": "The experiments demonstrate that pretrained vanilla Transformers can match S4 performance and improve SSM results significantly.",
            "variability": "Variability was accounted for by evaluating model performance across multiple trials and using different subsets of the dataset."
        },
        "conclusion": "The key findings indicate that proper pretraining diminishes the performance gap between different architectures, leading to more reliable performance estimation.",
        "discussion": {
            "advantage": "The benchmark provides a fair comparison framework that incorporates pretraining, thus enhancing the reliability of model evaluations.",
            "limitation": "Potential limitations include the reliance on specific pretraining objectives, which may not generalize across all tasks.",
            "future work": "Future research could explore diverse pretraining strategies and their impacts on various architectures beyond the current scope."
        },
        "other info": []
    },
    "mount_outline": [
        {
            "section number": "2.1",
            "key information": "Modeling long-range dependencies across sequences is a longstanding goal in machine learning, significantly affecting performance metrics."
        },
        {
            "section number": "2.4",
            "key information": "The benchmark is designed to address the challenge of accurately comparing the performance of long-sequence models, specifically between state space models and Transformers."
        },
        {
            "section number": "4.1",
            "key information": "Models are evaluated based on their performance on supervised tasks after undergoing pretraining with standard denoising objectives, focusing on accuracy and performance gain."
        },
        {
            "section number": "5.1",
            "key information": "The key findings indicate that proper pretraining diminishes the performance gap between different architectures, leading to more reliable performance estimation."
        },
        {
            "section number": "6.2",
            "key information": "Future research could explore diverse pretraining strategies and their impacts on various architectures beyond the current scope."
        }
    ],
    "similarity_score": null,
    "image": null,
    "path": "/home/liudingyuan/code/SurveyX/code/SurveyX-main/outputs/t14a/papers/Never train from scratch_ Fair comparison of long-sequence models requires data-driven priors.json"
}