{
    "from": null,
    "scholar_id": null,
    "detail_id": null,
    "title": "NPAS: A compiler-aware framework of unified network pruning and architecture search for beyond real-time mobile acceleration",
    "abstract": "With the increasing demand to efficiently deploy DNNs on mobile edge devices, it becomes much more important to reduce unnecessary computation and increase the execution speed. Prior methods towards this goal, including model compression and network architecture search (NAS), are largely performed independently, and do not fully consider compiler-level optimizations which is a must-do for mobile acceleration. In this work, we first propose (i) a general category of fine-grained structured pruning applicable to various DNN layers, and (ii) a comprehensive, compiler automatic code generation framework supporting different DNNs and different pruning schemes, which bridge the gap of model compression and NAS. We further propose NPAS, a compiler-aware unified network pruning and architecture search. To deal with large search space, we propose a meta-modeling procedure based on reinforcement learning with fast evaluation and Bayesian optimization, ensuring the total number of training epochs comparable with representative NAS frameworks. Our framework achieves 6.7ms, 5.9ms, and 3.9ms ImageNet inference times with 78.2%, 75% (MobileNet-V3 level), and 71% (MobileNet-V2 level) Top-1 accuracy respectively on an off-the-shelf mobile phone, consistently outperforming prior work.",
    "arxivid": "2012.00596v3",
    "bib_name": "NPAS:Acomp56",
    "md_text": "# NPAS: A compiler-aware framework of unified network pruning and architecture search for beyond real-time mobile acceleration\n\n\nabstract\n\nWith the increasing demand to efficiently deploy DNNs on mobile edge devices, it becomes much more important to reduce unnecessary computation and increase the execution speed. Prior methods towards this goal, including model compression and network architecture search (NAS), are largely performed independently, and do not fully consider compiler-level optimizations which is a must-do for mobile acceleration. In this work, we first propose (i) a general category of fine-grained structured pruning applicable to various DNN layers, and (ii) a comprehensive, compiler automatic code generation framework supporting different DNNs and different pruning schemes, which bridge the gap of model compression and NAS. We further propose NPAS, a compiler-aware unified network pruning and architecture search. To deal with large search space, we propose a meta-modeling procedure based on reinforcement learning with fast evaluation and Bayesian optimization, ensuring the total number of training epochs comparable with representative NAS frameworks. Our framework achieves 6.7ms, 5.9ms, and 3.9ms ImageNet inference times with 78.2%, 75% (MobileNet-V3 level), and 71% (MobileNet-V2 level) Top-1 accuracy respectively on an off-the-shelf mobile phone, consistently outperforming prior work.",
    "paper_type": "method",
    "attri": {
        "background": "This paper addresses the issue of efficiently deploying deep neural networks (DNNs) on mobile edge devices, highlighting the limitations of prior methods such as model compression and network architecture search (NAS) that do not consider compiler-level optimizations necessary for mobile acceleration.",
        "problem": {
            "definition": "The problem is the inefficient deployment of DNNs on mobile devices due to excessive computation and slow execution speeds, compounded by the lack of integration between model compression and NAS techniques.",
            "key obstacle": "The main challenge is the large search space associated with optimizing DNNs, which existing methods fail to navigate effectively without compromising performance."
        },
        "idea": {
            "intuition": "The idea was inspired by the need for a more integrated approach that combines structured pruning with architecture search while leveraging compiler optimizations.",
            "opinion": "The proposed idea entails NPAS, a compiler-aware framework that unifies network pruning and architecture search to enhance the efficiency of DNN deployment on mobile devices.",
            "innovation": "The key innovation lies in the introduction of a meta-modeling procedure using reinforcement learning and Bayesian optimization, which allows for efficient exploration of the search space while maintaining competitive training epochs compared to existing NAS frameworks."
        },
        "method": {
            "method name": "NPAS",
            "method abbreviation": "NPAS",
            "method definition": "NPAS is a compiler-aware framework that integrates network pruning and architecture search to optimize DNNs for mobile deployment.",
            "method description": "The method combines fine-grained structured pruning with a comprehensive automatic code generation framework to enhance DNN performance on mobile devices.",
            "method steps": "1. Implement fine-grained structured pruning applicable to various DNN layers. 2. Utilize a compiler automatic code generation framework. 3. Apply a meta-modeling procedure based on reinforcement learning and Bayesian optimization for efficient architecture search.",
            "principle": "The effectiveness of NPAS in solving the problem stems from its ability to bridge the gap between model compression and NAS while incorporating compiler optimizations, thus reducing unnecessary computations and improving execution speed."
        },
        "experiments": {
            "evaluation setting": "The experimental setup includes testing on an off-the-shelf mobile phone with ImageNet dataset, comparing the performance of NPAS against prior works.",
            "evaluation method": "The evaluation method involves measuring inference times and Top-1 accuracy to assess the performance of the proposed framework."
        },
        "conclusion": "The experiments demonstrate that NPAS achieves inference times of 6.7ms, 5.9ms, and 3.9ms with Top-1 accuracies of 78.2%, 75%, and 71% respectively, outperforming previous methods and confirming the effectiveness of the proposed approach.",
        "discussion": {
            "advantage": "The key advantages of NPAS include its ability to efficiently combine pruning and architecture search while leveraging compiler optimizations, resulting in faster inference times without significant accuracy loss.",
            "limitation": "A limitation of the method is that it may require extensive computational resources for the reinforcement learning and optimization processes involved in the architecture search.",
            "future work": "Future work could focus on further refining the meta-modeling procedure and exploring additional pruning strategies to enhance the framework's efficiency and applicability across more diverse DNN architectures."
        },
        "other info": []
    },
    "mount_outline": [
        {
            "section number": "1.1",
            "key information": "The paper addresses the issue of efficiently deploying deep neural networks (DNNs) on mobile edge devices, highlighting the limitations of prior methods such as model compression and network architecture search (NAS) that do not consider compiler-level optimizations necessary for mobile acceleration."
        },
        {
            "section number": "2.2",
            "key information": "The problem of inefficient deployment of DNNs on mobile devices is due to excessive computation and slow execution speeds, compounded by the lack of integration between model compression and NAS techniques."
        },
        {
            "section number": "3.1",
            "key information": "The proposed NPAS framework integrates structured pruning with architecture search while leveraging compiler optimizations to enhance the efficiency of DNN deployment on mobile devices."
        },
        {
            "section number": "4.1",
            "key information": "The evaluation method involves measuring inference times and Top-1 accuracy to assess the performance of the proposed NPAS framework, which achieves inference times of 6.7ms, 5.9ms, and 3.9ms with Top-1 accuracies of 78.2%, 75%, and 71% respectively."
        },
        {
            "section number": "5.1",
            "key information": "The experiments demonstrate that NPAS outperforms previous methods in terms of inference times while maintaining competitive accuracy, confirming its effectiveness."
        },
        {
            "section number": "6.2",
            "key information": "Future work could focus on further refining the meta-modeling procedure and exploring additional pruning strategies to enhance the framework's efficiency and applicability across more diverse DNN architectures."
        }
    ],
    "similarity_score": null,
    "image": null,
    "path": "/home/liudingyuan/code/SurveyX/code/SurveyX-main/outputs/t14a/papers/NPAS_ A compiler-aware framework of unified network pruning and architecture search for beyond real-time mobile acceleration.json"
}