{
    "from": null,
    "scholar_id": null,
    "detail_id": null,
    "title": "NTK-SAP: Improving neural network pruning by aligning training dynamics",
    "abstract": "Pruning neural networks before training has received increasing interest due to its potential to reduce training time and memory. One popular method is to prune the connections based on a certain metric, but it is not entirely clear what metric is the best choice. Recent advances in neural tangent kernel (NTK) theory suggest that the training dynamics of large enough neural networks is closely related to the spectrum of the NTK. Motivated by this finding, we propose to prune the connections that have the least influence on the spectrum of the NTK. This method can help maintain the NTK spectrum, which may help align the training dynamics to that of its dense counterpart. However, one possible issue is that the fixed-weight-NTK corresponding to a given initial point can be very different from the NTK corresponding to later iterates during the training phase. We further propose to sample multiple realizations of random weights to estimate the NTK spectrum. Note that our approach is weight-agnostic, which is different from most existing methods that are weight-dependent. In addition, we use random inputs to compute the fixed-weight-NTK, making our method data-agnostic as well. We name our foresight pruning algorithm Neural Tangent Kernel Spectrum-Aware Pruning (NTK-SAP). Empirically, our method achieves better performance than all baselines on multiple datasets.",
    "arxivid": "2304.02840v1",
    "bib_name": "NTK-SAP:Im186",
    "md_text": "# NTK-SAP: Improving neural network pruning by aligning training dynamics\n\n\nabstract\n\nPruning neural networks before training has received increasing interest due to its potential to reduce training time and memory. One popular method is to prune the connections based on a certain metric, but it is not entirely clear what metric is the best choice. Recent advances in neural tangent kernel (NTK) theory suggest that the training dynamics of large enough neural networks is closely related to the spectrum of the NTK. Motivated by this finding, we propose to prune the connections that have the least influence on the spectrum of the NTK. This method can help maintain the NTK spectrum, which may help align the training dynamics to that of its dense counterpart. However, one possible issue is that the fixed-weight-NTK corresponding to a given initial point can be very different from the NTK corresponding to later iterates during the training phase. We further propose to sample multiple realizations of random weights to estimate the NTK spectrum. Note that our approach is weight-agnostic, which is different from most existing methods that are weight-dependent. In addition, we use random inputs to compute the fixed-weight-NTK, making our method data-agnostic as well. We name our foresight pruning algorithm Neural Tangent Kernel Spectrum-Aware Pruning (NTK-SAP). Empirically, our method achieves better performance than all baselines on multiple datasets.",
    "paper_type": "method",
    "attri": {
        "background": "Pruning neural networks before training has gained attention for its potential to decrease training time and memory usage. Previous methods have focused on pruning connections based on various metrics, but the optimal metric remains unclear. Recent developments in neural tangent kernel (NTK) theory indicate that the training dynamics of sufficiently large neural networks are closely linked to the NTK spectrum, prompting the need for a new approach to pruning.",
        "problem": {
            "definition": "The paper aims to address the challenge of effectively pruning neural networks while maintaining their training dynamics and performance.",
            "key obstacle": "A significant challenge is that existing pruning methods often rely on weight-dependent metrics, which can lead to suboptimal pruning decisions and hinder the alignment of training dynamics."
        },
        "idea": {
            "intuition": "The idea is inspired by the relationship between the NTK spectrum and training dynamics, suggesting that pruning connections with minimal influence on the NTK spectrum could enhance performance.",
            "opinion": "The proposed method, NTK-SAP, involves pruning connections based on their impact on the NTK spectrum, aiming to align training dynamics with those of the dense network.",
            "innovation": "The primary innovation of NTK-SAP lies in its weight-agnostic and data-agnostic approach, contrasting with existing methods that depend on specific weights or data."
        },
        "method": {
            "method name": "Neural Tangent Kernel Spectrum-Aware Pruning",
            "method abbreviation": "NTK-SAP",
            "method definition": "NTK-SAP prunes neural network connections by evaluating their influence on the NTK spectrum, ensuring that the pruning process does not disrupt the training dynamics.",
            "method description": "The method focuses on maintaining the NTK spectrum during pruning to align the training dynamics with those of the full network.",
            "method steps": "1. Sample multiple realizations of random weights. 2. Compute the fixed-weight NTK using random inputs. 3. Identify and prune connections with minimal influence on the NTK spectrum.",
            "principle": "The effectiveness of NTK-SAP is grounded in the theory that preserving the NTK spectrum is crucial for maintaining favorable training dynamics, thereby enhancing overall network performance."
        },
        "experiments": {
            "evaluation setting": "The experiments were conducted on multiple datasets, comparing NTK-SAP against various baseline pruning methods to assess its performance.",
            "evaluation method": "Performance was measured by evaluating the accuracy and efficiency of the pruned networks on the test datasets, analyzing how well they retained the training dynamics of their dense counterparts."
        },
        "conclusion": "The experiments demonstrated that NTK-SAP outperforms all baseline methods across multiple datasets, confirming its effectiveness in improving neural network pruning.",
        "discussion": {
            "advantage": "NTK-SAP's key advantages include its ability to maintain training dynamics and improve performance through a weight-agnostic and data-agnostic approach.",
            "limitation": "A limitation of the method is that it may require careful tuning of parameters related to the sampling of random weights to achieve optimal results.",
            "future work": "Future research could explore further refinements to the sampling process and investigate the application of NTK-SAP in different neural network architectures."
        },
        "other info": []
    },
    "mount_outline": [
        {
            "section number": "2.2",
            "key information": "Pruning neural networks before training has gained attention for its potential to decrease training time and memory usage."
        },
        {
            "section number": "2.4",
            "key information": "The primary innovation of NTK-SAP lies in its weight-agnostic and data-agnostic approach, contrasting with existing methods that depend on specific weights or data."
        },
        {
            "section number": "3.3",
            "key information": "The proposed method, NTK-SAP, involves pruning connections based on their impact on the NTK spectrum, aiming to align training dynamics with those of the dense network."
        },
        {
            "section number": "4.1",
            "key information": "Performance was measured by evaluating the accuracy and efficiency of the pruned networks on the test datasets, analyzing how well they retained the training dynamics of their dense counterparts."
        },
        {
            "section number": "5.1",
            "key information": "The experiments demonstrated that NTK-SAP outperforms all baseline methods across multiple datasets, confirming its effectiveness in improving neural network pruning."
        },
        {
            "section number": "6.2",
            "key information": "Future research could explore further refinements to the sampling process and investigate the application of NTK-SAP in different neural network architectures."
        }
    ],
    "similarity_score": null,
    "image": null,
    "path": "/home/liudingyuan/code/SurveyX/code/SurveyX-main/outputs/t14a/papers/NTK-SAP_ Improving neural network pruning by aligning training dynamics.json"
}