{
    "from": null,
    "scholar_id": null,
    "detail_id": null,
    "title": "On the predictability of pruning across scales",
    "abstract": "We show that the error of iteratively-pruned networks empirically follows a scaling law with interpretable coefficients that depend on the architecture and task. We functionally approximate the error of the pruned networks, showing that it is predictable in terms of an invariant tying width, depth, and pruning level, such that networks of vastly different sparsities are freely interchangeable. We demonstrate the accuracy of this functional approximation over scales spanning orders of magnitude in depth, width, dataset size, and sparsity. We show that the scaling law functional form holds (generalizes) for large scale data (CIFAR-10, ImageNet), architectures (ResNets, VGGs) and iterative pruning algorithms (IMP, SynFlow). As neural networks become ever larger and more expensive to train, our findings suggest a framework for reasoning conceptually and analytically about pruning.",
    "arxivid": "2006.10621v3",
    "bib_name": "Onthepredi122",
    "md_text": "# On the predictability of pruning across scales\n\n\nabstract\n\nWe show that the error of iteratively-pruned networks empirically follows a scaling law with interpretable coefficients that depend on the architecture and task. We functionally approximate the error of the pruned networks, showing that it is predictable in terms of an invariant tying width, depth, and pruning level, such that networks of vastly different sparsities are freely interchangeable. We demonstrate the accuracy of this functional approximation over scales spanning orders of magnitude in depth, width, dataset size, and sparsity. We show that the scaling law functional form holds (generalizes) for large scale data (CIFAR-10, ImageNet), architectures (ResNets, VGGs) and iterative pruning algorithms (IMP, SynFlow). As neural networks become ever larger and more expensive to train, our findings suggest a framework for reasoning conceptually and analytically about pruning.",
    "paper_type": "theory",
    "attri": {
        "background": "This paper addresses the issue of predictability in the performance of iteratively-pruned neural networks, highlighting the importance of understanding how pruning affects network performance across different architectures and tasks.",
        "problem": {
            "definition": "The problem is to determine how the error of pruned networks can be predicted and how this prediction scales with various parameters of the network.",
            "key obstacle": "The main challenge is the variability in network architectures and tasks, which complicates the predictability of pruning outcomes."
        },
        "idea": {
            "intuition": "The idea was inspired by the observation that different neural network architectures exhibit predictable error patterns when pruned.",
            "opinion": "The core idea is that pruning can be effectively characterized by a scaling law that relates network width, depth, and pruning levels.",
            "innovation": "The primary improvement over previous methods is the introduction of a functional approximation that allows for the interchangeability of networks with varying sparsities while maintaining predictable performance."
        },
        "Theory": {
            "perspective": "The theoretical perspective is based on scaling laws that govern the relationship between network architecture and performance metrics under pruning.",
            "opinion": "The view is that understanding these scaling laws can provide insights into the behavior of large-scale neural networks.",
            "proof": "The proof involves empirical validation of the functional approximation across different datasets and architectures, demonstrating that the scaling law holds consistently."
        },
        "experiments": {
            "evaluation setting": "The experiments utilize large-scale datasets such as CIFAR-10 and ImageNet, and architectures including ResNets and VGGs, along with various iterative pruning algorithms like IMP and SynFlow.",
            "evaluation method": "The evaluation method includes measuring the error of pruned networks and comparing it against the predicted values derived from the scaling law."
        },
        "conclusion": "The conclusion drawn is that the error of pruned networks can be accurately predicted using a scaling law, which holds across different architectures and datasets, providing a new framework for understanding pruning.",
        "discussion": {
            "advantage": "The advantages of this paper include the ability to generalize findings across different scales and architectures, which simplifies the understanding of pruning effects.",
            "limitation": "A limitation is that the empirical nature of the findings may not cover all possible architectures or pruning strategies.",
            "future work": "Future work could focus on extending the framework to more complex architectures and exploring the implications of pruning on model robustness and generalization."
        },
        "other info": []
    },
    "mount_outline": [
        {
            "section number": "2.4",
            "key information": "The paper defines the problem of predictability in the performance of iteratively-pruned neural networks, emphasizing the relationship between pruning, network architecture, and performance metrics."
        },
        {
            "section number": "3.3",
            "key information": "The paper explores recent advancements in pruning by introducing a functional approximation that characterizes pruning through a scaling law related to network width, depth, and pruning levels."
        },
        {
            "section number": "4.3",
            "key information": "The paper evaluates the trade-offs in pruning methods by demonstrating how predictability of error in pruned networks can vary across different architectures and tasks."
        },
        {
            "section number": "5.3",
            "key information": "The paper examines the effects of pruning on models' ability to generalize and remain robust, highlighting the need for understanding scaling laws in large-scale neural networks."
        },
        {
            "section number": "6.2",
            "key information": "The paper identifies promising areas for future research, including extending the framework to more complex architectures and exploring implications of pruning on model robustness and generalization."
        }
    ],
    "similarity_score": null,
    "image": null,
    "path": "/home/liudingyuan/code/SurveyX/code/SurveyX-main/outputs/t14a/papers/On the predictability of pruning across scales.json"
}