{
    "from": null,
    "scholar_id": null,
    "detail_id": null,
    "title": "ParameterNet: Parameters are all you need",
    "abstract": "The large-scale visual pretraining has significantly improve the performance of large vision models. However, we observe the low FLOPs pitfall that the existing low-FLOPs models cannot benefit from large-scale pretraining. In this paper, we introduce a novel design principle, termed ParameterNet, aimed at augmenting the number of parameters in large-scale visual pretraining models while minimizing the increase in FLOPs. We leverage dynamic convolutions to incorporate additional parameters into the networks with only a marginal rise in FLOPs. The ParameterNet approach allows low-FLOPs networks to take advantage of large-scale visual pretraining. Furthermore, we extend the ParameterNet concept to the language domain to enhance inference results while preserving inference speed. Experiments on the large-scale ImageNet-22K have shown the superiority of our ParameterNet scheme. For example, ParameterNet-600M can achieve higher accuracy than the widely-used Swin Transformer (81.6% vs. 80.9%) and has much lower FLOPs (0.6G vs. 4.5G). The code will be released at https://parameternet.github.io/.",
    "arxivid": "2306.14525v2",
    "bib_name": "ParameterN171",
    "md_text": "# ParameterNet: Parameters are all you need\n\n\nabstract\n\nThe large-scale visual pretraining has significantly improve the performance of large vision models. However, we observe the low FLOPs pitfall that the existing low-FLOPs models cannot benefit from large-scale pretraining. In this paper, we introduce a novel design principle, termed ParameterNet, aimed at augmenting the number of parameters in large-scale visual pretraining models while minimizing the increase in FLOPs. We leverage dynamic convolutions to incorporate additional parameters into the networks with only a marginal rise in FLOPs. The ParameterNet approach allows low-FLOPs networks to take advantage of large-scale visual pretraining. Furthermore, we extend the ParameterNet concept to the language domain to enhance inference results while preserving inference speed. Experiments on the large-scale ImageNet-22K have shown the superiority of our ParameterNet scheme. For example, ParameterNet-600M can achieve higher accuracy than the widely-used Swin Transformer (81.6% vs. 80.9%) and has much lower FLOPs (0.6G vs. 4.5G). The code will be released at https://parameternet.github.io/.",
    "paper_type": "method",
    "attri": {
        "background": "This paper addresses the issue of low FLOPs models not benefiting from large-scale visual pretraining despite the improvements in performance achieved by large-scale visual pretraining in vision models.",
        "problem": {
            "definition": "The problem defined in this paper is the inability of existing low-FLOPs models to leverage the advantages of large-scale visual pretraining.",
            "key obstacle": "The core obstacle is that low-FLOPs models cannot increase their parameter count significantly without a corresponding rise in FLOPs, which limits their performance."
        },
        "idea": {
            "intuition": "The intuition behind the proposed idea is to enhance the number of parameters in low-FLOPs models without substantially increasing FLOPs, thereby enabling them to benefit from large-scale pretraining.",
            "opinion": "The proposed idea, ParameterNet, introduces a method to incorporate additional parameters into networks using dynamic convolutions, thus improving performance while maintaining efficiency.",
            "innovation": "The primary innovation of ParameterNet lies in its ability to augment model parameters with minimal increase in computational cost, distinguishing it from existing approaches that do not effectively balance parameter increase and FLOPs."
        },
        "method": {
            "method name": "ParameterNet",
            "method abbreviation": "PN",
            "method definition": "ParameterNet is a design principle that allows the integration of additional parameters into low-FLOPs models through dynamic convolutions, facilitating the benefits of large-scale visual pretraining.",
            "method description": "ParameterNet enhances low-FLOPs models by increasing their parameter count while keeping the FLOPs low.",
            "method steps": "1. Identify a low-FLOPs model; 2. Apply dynamic convolutions to integrate additional parameters; 3. Train the model using large-scale visual pretraining.",
            "principle": "The principle of ParameterNet's effectiveness is based on the ability to add parameters without a significant increase in FLOPs, allowing for improved model performance while maintaining speed."
        },
        "experiments": {
            "evaluation setting": "Experiments were conducted on the large-scale ImageNet-22K dataset, comparing ParameterNet-600M against the Swin Transformer as a baseline.",
            "evaluation method": "Performance was assessed by measuring accuracy and FLOPs during inference, highlighting the advantages of ParameterNet over existing methods."
        },
        "conclusion": "The experiments demonstrate that ParameterNet can achieve higher accuracy than the Swin Transformer while maintaining lower FLOPs, showcasing its effectiveness in enhancing model performance.",
        "discussion": {
            "advantage": "Key advantages of ParameterNet include improved accuracy with lower computational costs, enabling low-FLOPs models to benefit from large-scale pretraining.",
            "limitation": "A limitation of the method may include dependency on the architecture of the base model and potential challenges in generalizing across different domains.",
            "future work": "Future work could explore further enhancements to the ParameterNet approach and its application to other domains beyond vision, as well as optimizing the balance between parameters and FLOPs."
        },
        "other info": [
            {
                "info1": "The code will be released at https://parameternet.github.io."
            }
        ]
    },
    "mount_outline": [
        {
            "section number": "1.1",
            "key information": "The paper addresses the significance of enhancing low-FLOPs models to leverage large-scale visual pretraining, highlighting the importance of pruning in improving model efficiency."
        },
        {
            "section number": "2.2",
            "key information": "ParameterNet is introduced as a method for integrating additional parameters into low-FLOPs models while maintaining low FLOPs, representing a model compression technique."
        },
        {
            "section number": "3.3",
            "key information": "ParameterNet represents a novel pruning technique that improves performance by adding parameters through dynamic convolutions without significantly increasing computational costs."
        },
        {
            "section number": "4.1",
            "key information": "The paper evaluates the effectiveness of ParameterNet by measuring accuracy and FLOPs during inference, comparing it against the Swin Transformer."
        },
        {
            "section number": "5.1",
            "key information": "Experiments demonstrate that ParameterNet achieves higher accuracy than the Swin Transformer while maintaining lower FLOPs, indicating its positive impact on model performance."
        },
        {
            "section number": "6.2",
            "key information": "Future work suggested in the paper includes exploring enhancements to ParameterNet and its application to other domains beyond vision, indicating potential research directions."
        }
    ],
    "similarity_score": null,
    "image": null,
    "path": "/home/liudingyuan/code/SurveyX/code/SurveyX-main/outputs/t14a/papers/ParameterNet_ Parameters are all you need.json"
}