{
    "from": null,
    "scholar_id": null,
    "detail_id": null,
    "title": "Parameter efficient training of deep convolutional neural networks by dynamic sparse reparameterization",
    "abstract": "Modern deep neural networks are typically highly overparameterized. Pruning techniques are able to remove a significant fraction of network parameters with little loss in accuracy. Recently, techniques based on dynamic reallocation of non-zero parameters have emerged, allowing direct training of sparse networks without having to pre-train a large dense model. Here we present a novel dynamic sparse reparameterization method that addresses the limitations of previous techniques such as high computational cost and the need for manual configuration of the number of free parameters allocated to each layer. We evaluate the performance of dynamic reallocation methods in training deep convolutional networks and show that our method outperforms previous static and dynamic reparameterization methods, yielding the best accuracy for a fixed parameter budget, on par with accuracies obtained by iteratively pruning a pre-trained dense model. We further investigated the mechanisms underlying the superior generalization performance of the resultant sparse networks. We found that neither the structure, nor the initialization of the non-zero parameters were sufficient to explain the superior performance. Rather, effective learning crucially depended on the continuous exploration of the sparse network structure space during training. Our work suggests that exploring structural degrees of freedom during training is more effective than adding extra parameters to the network.",
    "arxivid": "1902.05967v3",
    "bib_name": "Parametere76",
    "md_text": "# Parameter efficient training of deep convolutional neural networks by dynamic sparse reparameterization\n\n\nabstract\n\nModern deep neural networks are typically highly overparameterized. Pruning techniques are able to remove a significant fraction of network parameters with little loss in accuracy. Recently, techniques based on dynamic reallocation of non-zero parameters have emerged, allowing direct training of sparse networks without having to pre-train a large dense model. Here we present a novel dynamic sparse reparameterization method that addresses the limitations of previous techniques such as high computational cost and the need for manual configuration of the number of free parameters allocated to each layer. We evaluate the performance of dynamic reallocation methods in training deep convolutional networks and show that our method outperforms previous static and dynamic reparameterization methods, yielding the best accuracy for a fixed parameter budget, on par with accuracies obtained by iteratively pruning a pre-trained dense model. We further investigated the mechanisms underlying the superior generalization performance of the resultant sparse networks. We found that neither the structure, nor the initialization of the non-zero parameters were sufficient to explain the superior performance. Rather, effective learning crucially depended on the continuous exploration of the sparse network structure space during training. Our work suggests that exploring structural degrees of freedom during training is more effective than adding extra parameters to the network.",
    "paper_type": "method",
    "attri": {
        "background": "This paper addresses the issue of overparameterization in modern deep neural networks and highlights the limitations of previous methods such as high computational costs and manual configuration of parameters, necessitating a new approach for efficient training.",
        "problem": {
            "definition": "The problem is the inefficiency in training deep convolutional networks due to their overparameterized nature, which leads to excessive computational costs and suboptimal performance in sparse networks.",
            "key obstacle": "The main challenge is the high computational cost associated with existing methods and the requirement for manual tuning of the number of parameters allocated to each layer."
        },
        "idea": {
            "intuition": "The idea is inspired by the observation that dynamic reallocation of non-zero parameters can lead to more efficient training of sparse networks compared to static methods.",
            "opinion": "The proposed method involves a novel dynamic sparse reparameterization technique that allows for effective training of sparse networks without pre-training a dense model.",
            "innovation": "The primary difference is the method's ability to dynamically adjust the allocation of parameters during training, thus eliminating the need for manual configuration and reducing computational costs."
        },
        "method": {
            "method name": "Dynamic Sparse Reparameterization",
            "method abbreviation": "DSR",
            "method definition": "DSR is a training method that dynamically reallocates non-zero parameters in a neural network during training to optimize performance while maintaining a fixed parameter budget.",
            "method description": "The core of the method involves continuously exploring the sparse network structure space to enhance learning efficiency.",
            "method steps": "1. Initialize a sparse network structure. 2. Dynamically adjust the allocation of non-zero parameters during training. 3. Evaluate performance and adjust as necessary.",
            "principle": "The method is effective because it allows for continuous exploration of the network's structural degrees of freedom, leading to better generalization performance."
        },
        "experiments": {
            "evaluation setting": "The experimental setup involved training deep convolutional networks using the proposed method and comparing its performance against static and dynamic reparameterization methods on a fixed parameter budget.",
            "evaluation method": "Performance was assessed based on accuracy metrics, comparing the proposed method with baseline methods and analyzing the generalization capabilities of the resultant sparse networks."
        },
        "conclusion": "The experiments demonstrated that the proposed dynamic sparse reparameterization method outperforms existing methods, achieving superior accuracy while maintaining efficiency, suggesting that exploring structural variations during training is critical for effective learning.",
        "discussion": {
            "advantage": "The key advantages of the proposed method include reduced computational costs, elimination of manual parameter tuning, and improved accuracy compared to both static and dynamic methods.",
            "limitation": "One limitation of the method may be its dependence on the continuous exploration of the sparse structure, which could require careful implementation to avoid inefficiencies.",
            "future work": "Future research could focus on optimizing the exploration strategy of the sparse structure and investigating additional applications of the dynamic reparameterization approach in other types of neural networks."
        },
        "other info": []
    },
    "mount_outline": [
        {
            "section number": "1.1",
            "key information": "The paper addresses the issue of overparameterization in modern deep neural networks, highlighting the importance of pruning for improving model efficiency and performance."
        },
        {
            "section number": "2.2",
            "key information": "The proposed method, Dynamic Sparse Reparameterization (DSR), optimizes performance while maintaining a fixed parameter budget, representing a novel model compression technique."
        },
        {
            "section number": "2.4",
            "key information": "The concepts of pruning and sparsity are central to the proposed method, which dynamically reallocates non-zero parameters to enhance learning efficiency."
        },
        {
            "section number": "3.1",
            "key information": "The paper discusses the advantages of dynamic pruning methods, specifically how DSR contrasts with static methods by allowing for continuous adjustment of parameter allocation."
        },
        {
            "section number": "4.1",
            "key information": "Performance evaluation metrics in the experiments include accuracy, which is used to compare the proposed DSR method against baseline static and dynamic methods."
        },
        {
            "section number": "5.1",
            "key information": "The experiments demonstrated that the DSR method achieves superior accuracy while maintaining efficiency, thus impacting model performance positively."
        },
        {
            "section number": "6.2",
            "key information": "Future research could focus on optimizing the exploration strategy of the sparse structure, suggesting promising areas for further advancements in pruning techniques."
        }
    ],
    "similarity_score": null,
    "image": null,
    "path": "/home/liudingyuan/code/SurveyX/code/SurveyX-main/outputs/t14a/papers/Parameter efficient training of deep convolutional neural networks by dynamic sparse reparameterization.json"
}