{
    "from": null,
    "scholar_id": null,
    "detail_id": null,
    "title": "PARP: Prune, adjust and re-prune for self-supervised speech recognition",
    "abstract": "Self-supervised speech representation learning (speech SSL) has demonstrated the benefit of scale in learning rich representations for Automatic Speech Recognition (ASR) with limited paired data, such as wav2vec 2.0. We investigate the existence of sparse subnetworks in pre-trained speech SSL models that achieve even better low-resource ASR results. However, directly applying widely adopted pruning methods such as the Lottery Ticket Hypothesis (LTH) is suboptimal in the computational cost needed. Moreover, we show that the discovered subnetworks yield minimal performance gain compared to the original dense network. We present Prune-Adjust-Re-Prune (PARP), which discovers and finetunes subnetworks for much better performance, while only requiring a single downstream ASR finetuning run. PARP is inspired by our surprising observation that subnetworks pruned for pre-training tasks need merely a slight adjustment to achieve a sizeable performance boost in downstream ASR tasks. Extensive experiments on low-resource ASR verify (1) sparse subnetworks exist in mono-lingual/multi-lingual pre-trained speech SSL, and (2) the computational advantage and performance gain of PARP over baseline pruning methods. In particular, on the 10min Librispeech split without LM decoding, PARP discovers subnetworks from wav2vec 2.0 with an absolute 10.9%/12.6% WER decrease compared to the full model. We further demonstrate the effectiveness of PARP via: cross-lingual pruning without any phone recognition degradation, the discovery of a multi-lingual subnetwork for 10 spoken languages in 1 finetuning run, and its applicability to pre-trained BERT/XLNet for natural language tasks.",
    "arxivid": "2106.05933v2",
    "bib_name": "PARP:Prune161",
    "md_text": "# PARP: Prune, adjust and re-prune for self-supervised speech recognition\n\n\nabstract\n\nSelf-supervised speech representation learning (speech SSL) has demonstrated the benefit of scale in learning rich representations for Automatic Speech Recognition (ASR) with limited paired data, such as wav2vec 2.0. We investigate the existence of sparse subnetworks in pre-trained speech SSL models that achieve even better low-resource ASR results. However, directly applying widely adopted pruning methods such as the Lottery Ticket Hypothesis (LTH) is suboptimal in the computational cost needed. Moreover, we show that the discovered subnetworks yield minimal performance gain compared to the original dense network. We present Prune-Adjust-Re-Prune (PARP), which discovers and finetunes subnetworks for much better performance, while only requiring a single downstream ASR finetuning run. PARP is inspired by our surprising observation that subnetworks pruned for pre-training tasks need merely a slight adjustment to achieve a sizeable performance boost in downstream ASR tasks. Extensive experiments on low-resource ASR verify (1) sparse subnetworks exist in mono-lingual/multi-lingual pre-trained speech SSL, and (2) the computational advantage and performance gain of PARP over baseline pruning methods. In particular, on the 10min Librispeech split without LM decoding, PARP discovers subnetworks from wav2vec 2.0 with an absolute 10.9%/12.6% WER decrease compared to the full model. We further demonstrate the effectiveness of PARP via: cross-lingual pruning without any phone recognition degradation, the discovery of a multi-lingual subnetwork for 10 spoken languages in 1 finetuning run, and its applicability to pre-trained BERT/XLNet for natural language tasks.",
    "paper_type": "method",
    "attri": {
        "background": "This paper addresses the issue of improving Automatic Speech Recognition (ASR) performance in low-resource settings by investigating sparse subnetworks in pre-trained speech self-supervised learning (SSL) models, highlighting the inadequacies of existing pruning methods like the Lottery Ticket Hypothesis (LTH).",
        "problem": {
            "definition": "The problem is the challenge of achieving efficient and effective ASR performance with limited paired data and the need for improved methods to discover and utilize sparse subnetworks in pre-trained models.",
            "key obstacle": "The key obstacle is that traditional pruning methods are computationally expensive and yield minimal performance improvements compared to the original dense networks."
        },
        "idea": {
            "intuition": "The intuition behind the proposed idea is based on the observation that subnetworks pruned for pre-training tasks require only slight adjustments to enhance performance significantly in downstream ASR tasks.",
            "opinion": "The proposed idea, Prune-Adjust-Re-Prune (PARP), involves discovering and fine-tuning subnetworks to achieve better performance with reduced computational cost, specifically requiring only a single downstream ASR finetuning run.",
            "innovation": "The innovation lies in the PARP method's ability to effectively discover and adjust subnetworks for improved performance, contrasting with existing methods that do not yield substantial gains."
        },
        "method": {
            "method name": "Prune-Adjust-Re-Prune",
            "method abbreviation": "PARP",
            "method definition": "PARP is a method that discovers and fine-tunes sparse subnetworks from pre-trained speech SSL models to enhance ASR performance while minimizing computational requirements.",
            "method description": "PARP identifies efficient subnetworks through pruning, adjusts them slightly, and re-prunes to optimize performance for ASR tasks.",
            "method steps": "1. Identify subnetworks through pruning from a pre-trained model. 2. Fine-tune the identified subnetworks. 3. Re-prune the subnetworks for further optimization.",
            "principle": "The effectiveness of PARP is based on the principle that slight adjustments to pruned subnetworks can lead to significant performance improvements in downstream tasks."
        },
        "experiments": {
            "evaluation setting": "Extensive experiments were conducted on low-resource ASR tasks using the 10min Librispeech split without language model decoding, comparing PARP against baseline pruning methods.",
            "evaluation method": "The evaluation involved measuring word error rates (WER) to assess the performance of the discovered subnetworks against the full model and other baseline methods."
        },
        "conclusion": "The experiments demonstrated that PARP significantly improves performance by discovering effective subnetworks, achieving a 10.9%/12.6% decrease in WER compared to the full model, and confirming the computational advantages of the method over traditional pruning techniques.",
        "discussion": {
            "advantage": "The key advantages of PARP include its ability to discover sparse subnetworks that enhance ASR performance with minimal computational cost and the requirement of only one finetuning run.",
            "limitation": "A limitation of the method may include its reliance on the specific characteristics of the pre-trained models, which could affect the generalizability of the findings to other architectures.",
            "future work": "Future work could explore the application of PARP to other domains and model architectures, as well as investigate further optimizations and adjustments for improved performance."
        },
        "other info": []
    },
    "mount_outline": [
        {
            "section number": "1.1",
            "key information": "Pruning is essential for improving Automatic Speech Recognition (ASR) performance in low-resource settings by discovering sparse subnetworks in pre-trained models."
        },
        {
            "section number": "1.2",
            "key information": "The key goals of this survey include presenting the Prune-Adjust-Re-Prune (PARP) method, comparing it against existing pruning methods, and analyzing its impact on ASR performance."
        },
        {
            "section number": "2.4",
            "key information": "Pruning in the context of this paper is defined as the process of discovering and fine-tuning sparse subnetworks to enhance performance while minimizing computational requirements."
        },
        {
            "section number": "3.1",
            "key information": "The PARP method highlights structured pruning by identifying and fine-tuning subnetworks, contrasting with traditional methods that are computationally expensive and less effective."
        },
        {
            "section number": "4.1",
            "key information": "The effectiveness of pruning methods, including PARP, is evaluated using metrics like word error rates (WER) to assess performance improvements in ASR tasks."
        },
        {
            "section number": "5.1",
            "key information": "PARP achieves a 10.9%/12.6% decrease in WER compared to the full model, demonstrating significant improvements in accuracy and inference time."
        },
        {
            "section number": "6.1",
            "key information": "The PARP method provides a strategy for selecting pruning methods that require only a single downstream ASR finetuning run, optimizing the process for specific needs."
        },
        {
            "section number": "6.2",
            "key information": "Future research directions may include exploring the application of PARP to other domains and model architectures, aiming for further optimizations and adjustments."
        }
    ],
    "similarity_score": null,
    "image": null,
    "path": "/home/liudingyuan/code/SurveyX/code/SurveyX-main/outputs/t14a/papers/PARP_ Prune, adjust and re-prune for self-supervised speech recognition.json"
}