{
    "from": null,
    "scholar_id": null,
    "detail_id": null,
    "title": "PDP: Parameter-free differentiable pruning is all you need",
    "abstract": "DNN pruning is a popular way to reduce the size of a model, improve the inference latency, and minimize the power consumption on DNN accelerators. However, existing approaches might be too complex, expensive or ineffective to apply to a variety of vision/language tasks, DNN architectures and to honor structured pruning constraints. In this paper, we propose an efficient yet effective train-time pruning scheme, Parameter-free Differentiable Pruning (PDP), which offers state-of-the-art qualities in model size, accuracy, and training cost. PDP uses a dynamic function of weights during training to generate soft pruning masks for the weights in a parameter-free manner for a given pruning target. While differentiable, the simplicity and efficiency of PDP make it universal enough to deliver state-of-the-art random/structured/channel pruning results on various vision and natural language tasks. For example, for MobileNet-v1, PDP can achieve 68.2% top-1 ImageNet1k accuracy at 86.6% sparsity, which is 1.7% higher accuracy than those from the state-of-the-art algorithms. Also, PDP yields over 83.1% accuracy on Multi-Genre Natural Language Inference with 90% sparsity for BERT, while the next best from the existing techniques shows 81.5% accuracy. In addition, PDP can be applied to structured pruning, such as N:M pruning and channel pruning. For 1:4 structured pruning of ResNet18, PDP improved the top-1 ImageNet1k accuracy by over 3.6% over the state-of-the-art. For channel pruning of ResNet50, PDP reduced the top-1 ImageNet1k accuracy by 0.6% from the state-of-the-art.",
    "arxivid": "2305.11203v3",
    "bib_name": "PDP:Parame71",
    "md_text": "# PDP: Parameter-free differentiable pruning is all you need\n\n\nabstract\n\nDNN pruning is a popular way to reduce the size of a model, improve the inference latency, and minimize the power consumption on DNN accelerators. However, existing approaches might be too complex, expensive or ineffective to apply to a variety of vision/language tasks, DNN architectures and to honor structured pruning constraints. In this paper, we propose an efficient yet effective train-time pruning scheme, Parameter-free Differentiable Pruning (PDP), which offers state-of-the-art qualities in model size, accuracy, and training cost. PDP uses a dynamic function of weights during training to generate soft pruning masks for the weights in a parameter-free manner for a given pruning target. While differentiable, the simplicity and efficiency of PDP make it universal enough to deliver state-of-the-art random/structured/channel pruning results on various vision and natural language tasks. For example, for MobileNet-v1, PDP can achieve 68.2% top-1 ImageNet1k accuracy at 86.6% sparsity, which is 1.7% higher accuracy than those from the state-of-the-art algorithms. Also, PDP yields over 83.1% accuracy on Multi-Genre Natural Language Inference with 90% sparsity for BERT, while the next best from the existing techniques shows 81.5% accuracy. In addition, PDP can be applied to structured pruning, such as N:M pruning and channel pruning. For 1:4 structured pruning of ResNet18, PDP improved the top-1 ImageNet1k accuracy by over 3.6% over the state-of-the-art. For channel pruning of ResNet50, PDP reduced the top-1 ImageNet1k accuracy by 0.6% from the state-of-the-art.",
    "paper_type": "method",
    "attri": {
        "background": "DNN pruning is a popular way to reduce the size of a model, improve the inference latency, and minimize the power consumption on DNN accelerators. However, existing approaches might be too complex, expensive or ineffective to apply to a variety of vision/language tasks, DNN architectures and to honor structured pruning constraints.",
        "problem": {
            "definition": "The paper aims to address the inefficiencies and complexities of existing DNN pruning methods that hinder their applicability across different tasks and architectures.",
            "key obstacle": "The core obstacle is the complexity and expense of current pruning methods, which limits their effectiveness and adaptability in various scenarios."
        },
        "idea": {
            "intuition": "The idea is inspired by the need for a simpler and more efficient pruning method that can be easily applied across diverse DNN architectures without the burden of parameter tuning.",
            "opinion": "The proposed idea, Parameter-free Differentiable Pruning (PDP), entails a train-time pruning scheme that generates soft pruning masks dynamically during training without requiring additional parameters.",
            "innovation": "The primary innovation of PDP lies in its parameter-free approach and its ability to deliver state-of-the-art results in both random and structured pruning without the complexities of traditional methods."
        },
        "method": {
            "method name": "Parameter-free Differentiable Pruning",
            "method abbreviation": "PDP",
            "method definition": "PDP is a dynamic pruning method that generates soft pruning masks during training in a parameter-free manner, targeting specific pruning goals.",
            "method description": "PDP simplifies the pruning process by utilizing a dynamic function of weights to create pruning masks efficiently.",
            "method steps": "1. Define the pruning target. 2. Utilize a dynamic function of weights to generate soft pruning masks during training. 3. Apply the masks to achieve the desired sparsity.",
            "principle": "The effectiveness of PDP is rooted in its differentiable nature, allowing for seamless integration into the training process and enabling adaptive pruning without additional parameters."
        },
        "experiments": {
            "evaluation setting": "PDP was evaluated on various models including MobileNet-v1 and BERT, comparing its performance against state-of-the-art methods under different sparsity levels.",
            "evaluation method": "The performance of PDP was measured by accuracy metrics on standard datasets such as ImageNet1k and Multi-Genre Natural Language Inference, assessing improvements over existing techniques."
        },
        "conclusion": "PDP demonstrates significant improvements in model accuracy and efficiency, achieving higher accuracy rates at greater sparsity levels compared to existing pruning algorithms.",
        "discussion": {
            "advantage": "The key advantages of PDP include its parameter-free nature, simplicity in application, and the ability to achieve state-of-the-art results across various DNN architectures and tasks.",
            "limitation": "One limitation of PDP is its potential reduction in accuracy for certain structured pruning scenarios, as observed in channel pruning of ResNet50.",
            "future work": "Future research could explore enhancing the performance of PDP in structured pruning contexts and investigating its applicability to other DNN architectures."
        },
        "other info": []
    },
    "mount_outline": [
        {
            "section number": "1.1",
            "key information": "DNN pruning is a popular way to reduce the size of a model, improve the inference latency, and minimize the power consumption on DNN accelerators."
        },
        {
            "section number": "1.2",
            "key information": "The paper aims to address the inefficiencies and complexities of existing DNN pruning methods that hinder their applicability across different tasks and architectures."
        },
        {
            "section number": "2.4",
            "key information": "The proposed method, Parameter-free Differentiable Pruning (PDP), generates soft pruning masks dynamically during training without requiring additional parameters."
        },
        {
            "section number": "3.3",
            "key information": "PDP is a dynamic pruning method that simplifies the pruning process by utilizing a dynamic function of weights to create pruning masks efficiently."
        },
        {
            "section number": "4.1",
            "key information": "PDP was evaluated on various models including MobileNet-v1 and BERT, comparing its performance against state-of-the-art methods under different sparsity levels."
        },
        {
            "section number": "5.1",
            "key information": "PDP demonstrates significant improvements in model accuracy and efficiency, achieving higher accuracy rates at greater sparsity levels compared to existing pruning algorithms."
        },
        {
            "section number": "6.2",
            "key information": "Future research could explore enhancing the performance of PDP in structured pruning contexts and investigating its applicability to other DNN architectures."
        }
    ],
    "similarity_score": null,
    "image": null,
    "path": "/home/liudingyuan/code/SurveyX/code/SurveyX-main/outputs/t14a/papers/PDP_ Parameter-free differentiable pruning is all you need.json"
}