{
    "from": null,
    "scholar_id": null,
    "detail_id": null,
    "title": "Picking winning tickets before training by preserving gradient flow",
    "abstract": "Overparameterization has been shown to benefit both the optimization and generalization of neural networks, but large networks are resource hungry at both training and test time. Network pruning can reduce test-time resource requirements, but is typically applied to trained networks and therefore cannot avoid the expensive training process. We aim to prune networks at initialization, thereby saving resources at training time as well. Specifically, we argue that efficient training requires preserving the gradient flow through the network. This leads to a simple but effective pruning criterion we term Gradient Signal Preservation (GraSP). We empirically investigate the effectiveness of the proposed method with extensive experiments on CIFAR-10, CIFAR-100, Tiny-ImageNet and ImageNet, using VGGNet and ResNet architectures. Our method can prune 80% of the weights of a VGG-16 network on ImageNet at initialization, with only a 1.6% drop in top-1 accuracy. Moreover, our method achieves significantly better performance than the baseline at extreme sparsity levels.",
    "arxivid": "2002.07376v2",
    "bib_name": "Pickingwin44",
    "md_text": "# Picking winning tickets before training by preserving gradient flow\n\n\nabstract\n\nOverparameterization has been shown to benefit both the optimization and generalization of neural networks, but large networks are resource hungry at both training and test time. Network pruning can reduce test-time resource requirements, but is typically applied to trained networks and therefore cannot avoid the expensive training process. We aim to prune networks at initialization, thereby saving resources at training time as well. Specifically, we argue that efficient training requires preserving the gradient flow through the network. This leads to a simple but effective pruning criterion we term Gradient Signal Preservation (GraSP). We empirically investigate the effectiveness of the proposed method with extensive experiments on CIFAR-10, CIFAR-100, Tiny-ImageNet and ImageNet, using VGGNet and ResNet architectures. Our method can prune 80% of the weights of a VGG-16 network on ImageNet at initialization, with only a 1.6% drop in top-1 accuracy. Moreover, our method achieves significantly better performance than the baseline at extreme sparsity levels.",
    "paper_type": "method",
    "attri": {
        "background": "This paper addresses the issue of resource consumption in training and testing large neural networks, highlighting the limitations of traditional network pruning methods that are typically applied post-training, which do not alleviate the expensive training process.",
        "problem": {
            "definition": "The problem defined in this paper is the inefficient resource usage during the training of overparameterized neural networks, which are costly in terms of computational resources.",
            "key obstacle": "The main difficulty is that existing pruning methods apply to already trained networks, failing to reduce resource consumption during the expensive training phase."
        },
        "idea": {
            "intuition": "The intuition behind the proposed idea is that preserving gradient flow through the network during training can lead to more efficient training and better generalization.",
            "opinion": "The proposed idea entails pruning networks at initialization by using a criterion called Gradient Signal Preservation (GraSP), which aims to maintain effective gradient flow.",
            "innovation": "The primary innovation of this method is its ability to prune networks before training begins, thereby saving resources while ensuring that the training process remains efficient."
        },
        "method": {
            "method name": "Gradient Signal Preservation",
            "method abbreviation": "GraSP",
            "method definition": "GraSP is defined as a pruning criterion that maintains the gradient flow through the network, allowing for efficient training of pruned networks.",
            "method description": "The core of GraSP is to prune weights at initialization based on their contribution to preserving gradient flow, thereby optimizing resource usage.",
            "method steps": "1. Identify weights to prune based on their impact on gradient flow; 2. Apply pruning to the network at initialization; 3. Train the pruned network.",
            "principle": "The effectiveness of this method lies in its ability to maintain gradient flow, which is crucial for efficient training and better performance of neural networks."
        },
        "experiments": {
            "evaluation setting": "Extensive experiments were conducted on CIFAR-10, CIFAR-100, Tiny-ImageNet, and ImageNet datasets, using VGGNet and ResNet architectures for evaluation.",
            "evaluation method": "The performance of the method was assessed by measuring the top-1 accuracy of pruned networks compared to baseline models, focusing on the trade-off between weight reduction and accuracy."
        },
        "conclusion": "The experiments demonstrate that GraSP can prune 80% of the weights of a VGG-16 network on ImageNet with only a 1.6% drop in top-1 accuracy, showing significant improvements over baseline methods at extreme sparsity levels.",
        "discussion": {
            "advantage": "The key advantages of GraSP include substantial resource savings during training and improved performance at high levels of sparsity compared to traditional methods.",
            "limitation": "One limitation of the method may be its dependency on the initial network architecture and the specific datasets used for pruning.",
            "future work": "Future research could explore the application of GraSP to other network architectures and datasets, as well as investigate alternative criteria for pruning that further enhance performance."
        },
        "other info": []
    },
    "mount_outline": [
        {
            "section number": "1.1",
            "key information": "Pruning is crucial for reducing resource consumption during the training of large neural networks and improving model efficiency."
        },
        {
            "section number": "1.2",
            "key information": "The key goals of this survey include presenting a taxonomy of pruning methods, comparing existing techniques, analyzing their impacts, and providing recommendations for future research."
        },
        {
            "section number": "2.2",
            "key information": "Traditional network pruning methods are typically applied post-training, which do not alleviate the expensive training process."
        },
        {
            "section number": "2.4",
            "key information": "Pruning is defined as a technique to reduce the number of parameters in neural networks, enhancing efficiency and performance."
        },
        {
            "section number": "3.1",
            "key information": "The proposed method, Gradient Signal Preservation (GraSP), prunes networks at initialization, which is a novel approach compared to traditional methods that apply pruning post-training."
        },
        {
            "section number": "4.1",
            "key information": "The effectiveness of GraSP is evaluated by measuring the top-1 accuracy of pruned networks compared to baseline models, focusing on the trade-off between weight reduction and accuracy."
        },
        {
            "section number": "5.1",
            "key information": "GraSP demonstrates the ability to prune 80% of the weights of a VGG-16 network on ImageNet with only a 1.6% drop in top-1 accuracy."
        },
        {
            "section number": "6.1",
            "key information": "Strategies for selecting pruning methods should consider the specific needs and limitations of applications, such as the dependency on initial network architecture."
        },
        {
            "section number": "6.2",
            "key information": "Future research could explore the application of GraSP to other network architectures and datasets, as well as investigate alternative criteria for pruning."
        }
    ],
    "similarity_score": null,
    "image": null,
    "path": "/home/liudingyuan/code/SurveyX/code/SurveyX-main/outputs/t14a/papers/Picking winning tickets before training by preserving gradient flow.json"
}