{
    "from": null,
    "scholar_id": null,
    "detail_id": null,
    "title": "PIQA: Reasoning about physical commonsense in natural language",
    "abstract": "To apply eyeshadow without a brush, should I use a cotton swab or a toothpick? Questions requiring this kind of physical commonsense pose a challenge to today's natural language understanding systems. While recent pretrained models (such as BERT) have made progress on question answering over more abstract domains \u2013 such as news articles and encyclopedia entries, where text is plentiful \u2013 in more physical domains, text is inherently limited due to reporting bias. Can AI systems learn to reliably answer physical commonsense questions without experiencing the physical world?In this paper, we introduce the task of physical commonsense reasoning and a corresponding benchmark dataset Physical Interaction: Question Answering or PIQA. Though humans find the dataset easy (95% accuracy), large pretrained models struggle (\u223c75%). We provide analysis about the dimensions of knowledge that existing models lack, which offers significant opportunities for future research.",
    "arxivid": "1911.11641v1",
    "bib_name": "PIQA:Reaso181",
    "md_text": "# PIQA: Reasoning about physical commonsense in natural language\n\n\nabstract\n\nTo apply eyeshadow without a brush, should I use a cotton swab or a toothpick? Questions requiring this kind of physical commonsense pose a challenge to today's natural language understanding systems. While recent pretrained models (such as BERT) have made progress on question answering over more abstract domains \u2013 such as news articles and encyclopedia entries, where text is plentiful \u2013 in more physical domains, text is inherently limited due to reporting bias. Can AI systems learn to reliably answer physical commonsense questions without experiencing the physical world?In this paper, we introduce the task of physical commonsense reasoning and a corresponding benchmark dataset Physical Interaction: Question Answering or PIQA. Though humans find the dataset easy (95% accuracy), large pretrained models struggle (\u223c75%). We provide analysis about the dimensions of knowledge that existing models lack, which offers significant opportunities for future research.",
    "paper_type": "benchmark",
    "attri": {
        "background": "This paper addresses the challenge of applying physical commonsense reasoning in natural language understanding, highlighting the limitations of current models in answering questions related to physical interactions despite their success in more abstract domains.",
        "problem": {
            "definition": "The benchmark is designed to address the task of physical commonsense reasoning, specifically focusing on how to answer questions that require understanding physical interactions.",
            "key obstacle": "Existing benchmarks do not adequately assess the capability of models to reason about physical commonsense, leading to significant gaps in model performance."
        },
        "idea": {
            "intuition": "The inspiration for creating this benchmark stems from the observation that while humans easily answer physical commonsense questions, AI systems struggle due to their lack of experiential knowledge.",
            "opinion": "The authors believe that this benchmark is crucial for advancing the field of natural language understanding by providing a clear challenge that reflects real-world reasoning.",
            "innovation": "PIQA differs from previous benchmarks by focusing specifically on physical commonsense reasoning, offering insights into model limitations and areas for improvement.",
            "benchmark abbreviation": "PIQA"
        },
        "dataset": {
            "source": "The dataset was created by curating questions that require physical commonsense reasoning, likely sourced from real-world scenarios.",
            "desc": "The PIQA dataset consists of questions that are easy for humans but challenging for models, highlighting the gap in physical commonsense knowledge.",
            "content": "The dataset includes questions related to physical interactions and commonsense reasoning.",
            "size": "-",
            "domain": "Physical Interaction",
            "task format": "Question Answering"
        },
        "metrics": {
            "metric name": "Accuracy",
            "aspect": "Model performance in answering physical commonsense questions.",
            "principle": "Accuracy was chosen as it directly reflects the model's ability to correctly answer the questions posed in the benchmark.",
            "procedure": "Models were evaluated based on their performance in answering the questions correctly, with comparisons made to human performance."
        },
        "experiments": {
            "model": "The experiments included large pretrained models, which were tested against the PIQA dataset.",
            "procedure": "Models were trained on existing datasets and then evaluated on the PIQA benchmark to assess their performance.",
            "result": "The large pretrained models achieved approximately 75% accuracy, significantly lower than the 95% accuracy achieved by humans.",
            "variability": "Variability in results was accounted for by analyzing the performance of multiple models across different subsets of the dataset."
        },
        "conclusion": "The experiments revealed that while humans excel at physical commonsense reasoning, current models fall short, indicating a need for further research in this area.",
        "discussion": {
            "advantage": "The benchmark provides a clear and relevant challenge for natural language understanding systems, highlighting areas where they need improvement.",
            "limitation": "One limitation is that the benchmark may not encompass all aspects of physical commonsense reasoning, possibly leading to an incomplete assessment of model capabilities.",
            "future work": "Future research should focus on developing models that can better incorporate physical commonsense knowledge and exploring additional dimensions of reasoning."
        },
        "other info": {}
    },
    "mount_outline": [
        {
            "section number": "1",
            "key information": "This paper addresses the challenge of applying physical commonsense reasoning in natural language understanding, highlighting the limitations of current models in answering questions related to physical interactions despite their success in more abstract domains."
        },
        {
            "section number": "2.4",
            "key information": "The benchmark is designed to address the task of physical commonsense reasoning, specifically focusing on how to answer questions that require understanding physical interactions."
        },
        {
            "section number": "4.1",
            "key information": "Models were evaluated based on their performance in answering the questions correctly, with comparisons made to human performance."
        },
        {
            "section number": "5.3",
            "key information": "The experiments revealed that while humans excel at physical commonsense reasoning, current models fall short, indicating a need for further research in this area."
        },
        {
            "section number": "6.2",
            "key information": "Future research should focus on developing models that can better incorporate physical commonsense knowledge and exploring additional dimensions of reasoning."
        }
    ],
    "similarity_score": null,
    "image": null,
    "path": "/home/liudingyuan/code/SurveyX/code/SurveyX-main/outputs/t14a/papers/PIQA_ Reasoning about physical commonsense in natural language.json"
}