{
    "from": null,
    "scholar_id": null,
    "detail_id": null,
    "title": "PLATON: Pruning large transformer models with upper confidence bound of weight importance",
    "abstract": "Large Transformer-based models have exhibited superior performance in various natural language processing and computer vision tasks. However, these models contain enormous amounts of parameters, which restrict their deployment to real-world applications. To reduce the model size, researchers prune these models based on the weights' importance scores. However, such scores are usually estimated on mini-batches during training, which incurs large variability/uncertainty due to mini-batch sampling and complicated training dynamics. As a result, some crucial weights could be pruned by commonly used pruning methods because of such uncertainty, which makes training unstable and hurts generalization. To resolve this issue, we propose PLATON, which captures the uncertainty of importance scores by upper confidence bound (UCB) of importance estimation. In particular, for the weights with low importance scores but high uncertainty, PLATON tends to retain them and explores their capacity. We conduct extensive experiments with several Transformer-based models on natural language understanding, question answering and image classification to validate the effectiveness of PLATON. Results demonstrate that PLATON manifests notable improvement under different sparsity levels. Our code is publicly available at https://github.com/QingruZhang/PLATON.",
    "arxivid": "2206.12562v1",
    "bib_name": "PLATON:Pru187",
    "md_text": "# PLATON: Pruning large transformer models with upper confidence bound of weight importance\n\n\nabstract\n\nLarge Transformer-based models have exhibited superior performance in various natural language processing and computer vision tasks. However, these models contain enormous amounts of parameters, which restrict their deployment to real-world applications. To reduce the model size, researchers prune these models based on the weights' importance scores. However, such scores are usually estimated on mini-batches during training, which incurs large variability/uncertainty due to mini-batch sampling and complicated training dynamics. As a result, some crucial weights could be pruned by commonly used pruning methods because of such uncertainty, which makes training unstable and hurts generalization. To resolve this issue, we propose PLATON, which captures the uncertainty of importance scores by upper confidence bound (UCB) of importance estimation. In particular, for the weights with low importance scores but high uncertainty, PLATON tends to retain them and explores their capacity. We conduct extensive experiments with several Transformer-based models on natural language understanding, question answering and image classification to validate the effectiveness of PLATON. Results demonstrate that PLATON manifests notable improvement under different sparsity levels. Our code is publicly available at https://github.com/QingruZhang/PLATON.",
    "paper_type": "method",
    "attri": {
        "background": "Large Transformer-based models have exhibited superior performance in various natural language processing and computer vision tasks. However, these models contain enormous amounts of parameters, which restrict their deployment to real-world applications. To reduce the model size, researchers prune these models based on the weights' importance scores. However, such scores are usually estimated on mini-batches during training, which incurs large variability/uncertainty due to mini-batch sampling and complicated training dynamics. As a result, some crucial weights could be pruned by commonly used pruning methods because of such uncertainty, which makes training unstable and hurts generalization.",
        "problem": {
            "definition": "The problem addressed in this paper is the instability and poor generalization of Transformer models due to the unreliable estimation of weight importance scores during pruning.",
            "key obstacle": "The main difficulty is the large variability and uncertainty in weight importance scores caused by mini-batch sampling during training, leading to the potential pruning of crucial weights."
        },
        "idea": {
            "intuition": "The idea is inspired by the observation that weights with low importance scores can still be significant if their importance estimates are uncertain.",
            "opinion": "The proposed idea, PLATON, utilizes the upper confidence bound of importance estimation to retain weights that may be important but are uncertain, thereby enhancing model robustness.",
            "innovation": "The key innovation of PLATON lies in its approach to capture the uncertainty of weight importance scores, allowing it to better preserve crucial weights compared to existing pruning methods."
        },
        "method": {
            "method name": "PLATON",
            "method abbreviation": "PLATON",
            "method definition": "PLATON is a pruning method that captures the uncertainty of weight importance scores using the upper confidence bound, enabling smarter weight retention during model pruning.",
            "method description": "PLATON retains weights with low importance scores but high uncertainty to explore their potential capacity.",
            "method steps": "1. Estimate weight importance scores on mini-batches; 2. Calculate the upper confidence bound for each weight; 3. Retain weights with low scores but high uncertainty based on the UCB; 4. Prune the remaining weights.",
            "principle": "The effectiveness of PLATON is rooted in its ability to mitigate the risks associated with pruning crucial weights by incorporating uncertainty into the decision-making process."
        },
        "experiments": {
            "evaluation setting": "Extensive experiments were conducted on several Transformer-based models across natural language understanding, question answering, and image classification tasks, comparing PLATON against baseline pruning methods.",
            "evaluation method": "The performance of PLATON was assessed by measuring model accuracy and generalization under different sparsity levels, analyzing the results to establish its effectiveness."
        },
        "conclusion": "The experiments demonstrate that PLATON significantly improves model performance and generalization at various sparsity levels, validating its effectiveness as a pruning method.",
        "discussion": {
            "advantage": "PLATON stands out due to its ability to retain important weights that would otherwise be pruned, enhancing model stability and performance.",
            "limitation": "One limitation of PLATON may be the computational overhead associated with estimating uncertainty for weight importance scores.",
            "future work": "Future research could explore optimizing the uncertainty estimation process and applying PLATON to other model architectures beyond Transformers."
        },
        "other info": {
            "code repository": "https://github.com/QingruZhang/PLATON"
        }
    },
    "mount_outline": [
        {
            "section number": "2.4",
            "key information": "The problem addressed in this paper is the instability and poor generalization of Transformer models due to the unreliable estimation of weight importance scores during pruning."
        },
        {
            "section number": "3.1",
            "key information": "PLATON is a pruning method that captures the uncertainty of weight importance scores using the upper confidence bound, enabling smarter weight retention during model pruning."
        },
        {
            "section number": "4.1",
            "key information": "The performance of PLATON was assessed by measuring model accuracy and generalization under different sparsity levels, analyzing the results to establish its effectiveness."
        },
        {
            "section number": "5.3",
            "key information": "PLATON stands out due to its ability to retain important weights that would otherwise be pruned, enhancing model stability and performance."
        },
        {
            "section number": "6.2",
            "key information": "Future research could explore optimizing the uncertainty estimation process and applying PLATON to other model architectures beyond Transformers."
        }
    ],
    "similarity_score": null,
    "image": null,
    "path": "/home/liudingyuan/code/SurveyX/code/SurveyX-main/outputs/t14a/papers/PLATON_ Pruning large transformer models with upper confidence bound of weight importance.json"
}