{
    "from": null,
    "scholar_id": null,
    "detail_id": null,
    "title": "Playing lottery tickets with vision and language",
    "abstract": "Large-scale pre-training has recently revolutionized vision-and-language (VL) research. Models such as LXMERT and UNITER have significantly lifted the state of the art over a wide range of VL tasks. However, the large number of parameters in such models hinders their application in practice. In parallel, work on the lottery ticket hypothesis (LTH) has shown that deep neural networks contain small matching subnetworks that can achieve on par or even better performance than the dense networks when trained in isolation. In this work, we perform the first empirical study to assess whether such trainable subnetworks also exist in pre-trained VL models. We use UNITER as the main testbed (also test on LXMERT and ViLT), and consolidate 7 representative VL tasks for experiments, including visual question answering, visual commonsense reasoning, visual entailment, referring expression comprehension, image-text retrieval, GQA, and NLVR2. Through comprehensive analysis, we summarize our main findings as follows. (i) It is difficult to find subnetworks that strictly match the performance of the full model. However, we can find relaxed winning tickets at 50%-70% sparsity that maintain 99% of the full accuracy. (ii) Subnetworks found by task-specific pruning transfer reasonably well to the other tasks, while those found on the pre-training tasks at 60%/70% sparsity transfer universally, matching 98%/96% of the full accuracy on average over all the tasks. (iii) Besides UNITER, other models such as LXMERT and ViLT can also play lottery tickets. However, the highest sparsity we can achieve for ViLT is far lower than LXMERT and UNITER (30% vs. 70%). (iv) LTH also remains relevant when using other training methods (e.g., adversarial training).",
    "arxivid": "2104.11832v2",
    "bib_name": "Playinglot96",
    "md_text": "# Playing lottery tickets with vision and language\n\n\nabstract\n\nLarge-scale pre-training has recently revolutionized vision-and-language (VL) research. Models such as LXMERT and UNITER have significantly lifted the state of the art over a wide range of VL tasks. However, the large number of parameters in such models hinders their application in practice. In parallel, work on the lottery ticket hypothesis (LTH) has shown that deep neural networks contain small matching subnetworks that can achieve on par or even better performance than the dense networks when trained in isolation. In this work, we perform the first empirical study to assess whether such trainable subnetworks also exist in pre-trained VL models. We use UNITER as the main testbed (also test on LXMERT and ViLT), and consolidate 7 representative VL tasks for experiments, including visual question answering, visual commonsense reasoning, visual entailment, referring expression comprehension, image-text retrieval, GQA, and NLVR2. Through comprehensive analysis, we summarize our main findings as follows. (i) It is difficult to find subnetworks that strictly match the performance of the full model. However, we can find relaxed winning tickets at 50%-70% sparsity that maintain 99% of the full accuracy. (ii) Subnetworks found by task-specific pruning transfer reasonably well to the other tasks, while those found on the pre-training tasks at 60%/70% sparsity transfer universally, matching 98%/96% of the full accuracy on average over all the tasks. (iii) Besides UNITER, other models such as LXMERT and ViLT can also play lottery tickets. However, the highest sparsity we can achieve for ViLT is far lower than LXMERT and UNITER (30% vs. 70%). (iv) LTH also remains relevant when using other training methods (e.g., adversarial training).",
    "paper_type": "benchmark",
    "attri": {
        "background": "This paper addresses the issue of effectively utilizing large-scale pre-trained vision-and-language models, which often have a high number of parameters that limit their practical application. The research is situated within the broader context of the lottery ticket hypothesis, which suggests that smaller subnetworks within larger models can perform comparably when trained independently.",
        "problem": {
            "definition": "The benchmark is designed to assess the existence and performance of trainable subnetworks within pre-trained vision-and-language models.",
            "key obstacle": "Existing benchmarks do not adequately evaluate the performance and transferability of subnetworks derived from large models, particularly in the context of vision-and-language tasks."
        },
        "idea": {
            "intuition": "The inspiration behind the benchmark stems from the lottery ticket hypothesis, suggesting that smaller, efficient subnetworks can achieve high performance, which prompts the exploration of such subnetworks in vision-and-language models.",
            "opinion": "The authors believe that identifying effective subnetworks can significantly enhance the efficiency and applicability of vision-and-language models in real-world scenarios.",
            "innovation": "This benchmark differs from previous ones by focusing specifically on the discovery and evaluation of subnetworks within pre-trained models, offering insights into their performance across multiple tasks.",
            "benchmark abbreviation": "VL-LTH"
        },
        "dataset": {
            "source": "The dataset was created by consolidating existing vision-and-language tasks and leveraging pre-trained models like UNITER, LXMERT, and ViLT.",
            "desc": "The dataset includes 7 representative vision-and-language tasks, enabling comprehensive evaluation of subnetworks in different contexts.",
            "content": "The dataset includes tasks such as visual question answering, visual commonsense reasoning, visual entailment, referring expression comprehension, image-text retrieval, GQA, and NLVR2.",
            "size": "-",
            "domain": "Vision-and-Language",
            "task format": "Visual Question Answering"
        },
        "metrics": {
            "metric name": "Accuracy, Sparsity",
            "aspect": "Model performance and efficiency in terms of parameter count.",
            "principle": "The metrics were chosen to evaluate both the performance accuracy of subnetworks and their sparsity, reflecting the goals of the lottery ticket hypothesis.",
            "procedure": "Models were trained and evaluated on the defined tasks, measuring accuracy and sparsity of the subnetworks against the full models."
        },
        "experiments": {
            "model": "UNITER, LXMERT, and ViLT were tested, with a focus on state-of-the-art models.",
            "procedure": "The models were subjected to task-specific pruning to identify subnetworks, followed by evaluation on both pre-training and task-specific benchmarks.",
            "result": "The experiments revealed that while strict matching of full model performance was challenging, relaxed winning tickets at 50%-70% sparsity maintained high accuracy.",
            "variability": "Variability was accounted for through comprehensive analysis across multiple tasks and different sparsity levels."
        },
        "conclusion": "The findings indicate that while it is challenging to find exact performance-matching subnetworks, relaxed winning tickets can achieve high accuracy, suggesting potential for efficient model deployment in practice.",
        "discussion": {
            "advantage": "The benchmark provides insights into the efficiency of vision-and-language models, promoting the use of smaller subnetworks that maintain performance.",
            "limitation": "The limitation lies in the difficulty of achieving strict performance matches, which may affect confidence in using subnetworks for all tasks.",
            "future work": "Future research could explore the generalization of subnetworks across more diverse tasks and improve methods for identifying and training these subnetworks."
        },
        "other info": []
    },
    "mount_outline": [
        {
            "section number": "2.4",
            "key information": "The paper defines and explains the concept of sparsity in the context of model performance and efficiency, specifically related to subnetworks within large-scale pre-trained vision-and-language models."
        },
        {
            "section number": "3.1",
            "key information": "The paper discusses structured versus unstructured pruning by examining task-specific pruning methods used to identify effective subnetworks within models like UNITER, LXMERT, and ViLT."
        },
        {
            "section number": "4.1",
            "key information": "The paper evaluates model performance using accuracy as a metric, demonstrating how subnetworks can achieve high accuracy despite being smaller and sparser than full models."
        },
        {
            "section number": "5.1",
            "key information": "The findings reveal that relaxed winning tickets at 50%-70% sparsity maintain high accuracy, indicating the impact of pruning on model accuracy and inference time."
        },
        {
            "section number": "6.2",
            "key information": "Future research directions suggested in the paper include exploring the generalization of subnetworks across diverse tasks and improving methods for identifying and training these subnetworks."
        }
    ],
    "similarity_score": null,
    "image": null,
    "path": "/home/liudingyuan/code/SurveyX/code/SurveyX-main/outputs/t14a/papers/Playing lottery tickets with vision and language.json"
}