{
    "from": null,
    "scholar_id": null,
    "detail_id": null,
    "title": "Pointer sentinel mixture models",
    "abstract": "Recent neural network sequence models with softmax classifiers have achieved their best language modeling performance only with very large hidden states and large vocabularies. Even then they struggle to predict rare or unseen words even if the context makes the prediction unambiguous. We introduce the pointer sentinel mixture architecture for neural sequence models which has the ability to either reproduce a word from the recent context or produce a word from a standard softmax classifier. Our pointer sentinel-LSTM model achieves state of the art language modeling performance on the Penn Treebank (70.9 perplexity) while using far fewer parameters than a standard softmax LSTM. In order to evaluate how well language models can exploit longer contexts and deal with more realistic vocabularies and larger corpora we also introduce the freely available WikiText corpus.",
    "arxivid": "1609.07843v1",
    "bib_name": "Pointersen133",
    "md_text": "# Pointer sentinel mixture models\n\n\nabstract\n\nRecent neural network sequence models with softmax classifiers have achieved their best language modeling performance only with very large hidden states and large vocabularies. Even then they struggle to predict rare or unseen words even if the context makes the prediction unambiguous. We introduce the pointer sentinel mixture architecture for neural sequence models which has the ability to either reproduce a word from the recent context or produce a word from a standard softmax classifier. Our pointer sentinel-LSTM model achieves state of the art language modeling performance on the Penn Treebank (70.9 perplexity) while using far fewer parameters than a standard softmax LSTM. In order to evaluate how well language models can exploit longer contexts and deal with more realistic vocabularies and larger corpora we also introduce the freely available WikiText corpus.",
    "paper_type": "method",
    "attri": {
        "background": "This paper addresses the issue of language modeling in neural network sequence models, particularly focusing on the challenges faced by existing softmax classifiers in predicting rare or unseen words, even when context is clear. It highlights the limitations of previous methods and the need for a new approach to improve performance.",
        "problem": {
            "definition": "The problem defined in this paper is the difficulty neural sequence models face in accurately predicting rare or unseen words, which is exacerbated by the reliance on large hidden states and vocabularies.",
            "key obstacle": "The core obstacle is the inability of existing models to effectively utilize context when predicting words that are not frequently encountered in the training data."
        },
        "idea": {
            "intuition": "The intuition behind the proposed idea is to combine the strengths of reproducing words from recent context with the capabilities of a standard softmax classifier, allowing for more flexible and accurate predictions.",
            "opinion": "The proposed idea is the pointer sentinel mixture architecture, which enables the model to either reproduce a word from context or generate a word using a softmax classifier, enhancing prediction accuracy.",
            "innovation": "The primary innovation of this method lies in its ability to blend the advantages of context-based word reproduction and traditional softmax classification, resulting in improved performance with fewer parameters."
        },
        "method": {
            "method name": "Pointer Sentinel-LSTM",
            "method abbreviation": "PS-LSTM",
            "method definition": "The Pointer Sentinel-LSTM is a neural sequence model that integrates a pointer mechanism to reproduce words from context alongside a softmax classifier for generating words.",
            "method description": "This method combines contextual word reproduction with standard softmax classification to enhance language modeling performance.",
            "method steps": "1. Analyze recent context for potential word reproduction; 2. Use softmax classifier for word generation; 3. Combine outputs for final predictions.",
            "principle": "The effectiveness of this method is supported by its dual approach, allowing it to leverage both contextual understanding and broader vocabulary representation."
        },
        "experiments": {
            "evaluation setting": "The experiments were conducted on the Penn Treebank dataset, comparing the performance of the PS-LSTM model against standard softmax LSTMs and evaluating its ability to handle longer contexts and larger vocabularies with the introduction of the WikiText corpus.",
            "evaluation method": "Performance was assessed using perplexity as the metric, measuring how well the model predicts a sample of text, with lower perplexity indicating better performance."
        },
        "conclusion": "The PS-LSTM model achieved state-of-the-art language modeling performance on the Penn Treebank with a perplexity of 70.9, demonstrating its effectiveness in utilizing context and reducing parameter count compared to traditional models.",
        "discussion": {
            "advantage": "The key advantages of the proposed approach include improved prediction accuracy for rare words and reduced parameter requirements, making it more efficient than existing models.",
            "limitation": "A limitation of the method may be its dependency on the quality and representativeness of the context used for word reproduction, which could affect performance in certain scenarios.",
            "future work": "Future research could explore enhancing the pointer mechanism further or integrating additional contextual features to improve predictions even more."
        },
        "other info": []
    },
    "mount_outline": [
        {
            "section number": "2.1",
            "key information": "This paper addresses the issue of language modeling in neural network sequence models, particularly focusing on the challenges faced by existing softmax classifiers in predicting rare or unseen words."
        },
        {
            "section number": "2.4",
            "key information": "The problem defined in this paper is the difficulty neural sequence models face in accurately predicting rare or unseen words, which is exacerbated by the reliance on large hidden states and vocabularies."
        },
        {
            "section number": "3.1",
            "key information": "The proposed idea is the pointer sentinel mixture architecture, which enables the model to either reproduce a word from context or generate a word using a softmax classifier, enhancing prediction accuracy."
        },
        {
            "section number": "4.1",
            "key information": "Performance was assessed using perplexity as the metric, measuring how well the model predicts a sample of text, with lower perplexity indicating better performance."
        },
        {
            "section number": "5.1",
            "key information": "The PS-LSTM model achieved state-of-the-art language modeling performance on the Penn Treebank with a perplexity of 70.9, demonstrating its effectiveness in utilizing context and reducing parameter count compared to traditional models."
        },
        {
            "section number": "6.2",
            "key information": "Future research could explore enhancing the pointer mechanism further or integrating additional contextual features to improve predictions even more."
        }
    ],
    "similarity_score": null,
    "image": null,
    "path": "/home/liudingyuan/code/SurveyX/code/SurveyX-main/outputs/t14a/papers/Pointer sentinel mixture models.json"
}