{
    "from": null,
    "scholar_id": null,
    "detail_id": null,
    "title": "Progressive skeletonization: trimming more fat from a network at initialization",
    "abstract": "Recent studies have shown that skeletonization (pruning parameters) of networks at initialization provides all the practical benefits of sparsity both at inference and training time, while only marginally degrading their performance. However, we observe that beyond a certain level of sparsity (approx 95%), these approaches fail to preserve the network performance, and to our surprise, in many cases perform even worse than trivial random pruning. To this end, we propose to find a skeletonized network with maximum foresight connection sensitivity (FORCE). Intuitively, out of all possible sub-networks, we propose to find the one whose connections would have a maximum impact on the loss when perturbed. Our approximate solution to maximize the FORCE, progressively prunes connections of a given network at initialization. This allows parameters that were unimportant at earlier stages of skeletonization to become important at later stages. In many cases, our approach enables us to remove up to 99.9% parameters, while keeping networks trainable and providing significantly better performance than recent approaches. We demonstrate the effectiveness of our approach at various levels of sparsity (from medium to extreme) through extensive experiments and analysis. Code can be found in this https URL.",
    "arxivid": "2006.09081v5",
    "bib_name": "Progressiv184",
    "md_text": "# Progressive skeletonization: trimming more fat from a network at initialization\n\n\nabstract\n\nRecent studies have shown that skeletonization (pruning parameters) of networks at initialization provides all the practical benefits of sparsity both at inference and training time, while only marginally degrading their performance. However, we observe that beyond a certain level of sparsity (approx 95%), these approaches fail to preserve the network performance, and to our surprise, in many cases perform even worse than trivial random pruning. To this end, we propose to find a skeletonized network with maximum foresight connection sensitivity (FORCE). Intuitively, out of all possible sub-networks, we propose to find the one whose connections would have a maximum impact on the loss when perturbed. Our approximate solution to maximize the FORCE, progressively prunes connections of a given network at initialization. This allows parameters that were unimportant at earlier stages of skeletonization to become important at later stages. In many cases, our approach enables us to remove up to 99.9% parameters, while keeping networks trainable and providing significantly better performance than recent approaches. We demonstrate the effectiveness of our approach at various levels of sparsity (from medium to extreme) through extensive experiments and analysis. Code can be found in this https URL.",
    "paper_type": "method",
    "attri": {
        "background": "This paper addresses the issue of network performance degradation caused by excessive skeletonization (pruning) of neural networks at initialization, noting that existing methods tend to fail when sparsity exceeds approximately 95%. A new approach is necessary to optimize pruning while maintaining performance.",
        "problem": {
            "definition": "The problem is the inability of current skeletonization methods to preserve network performance beyond a certain level of sparsity, leading to worse outcomes than random pruning.",
            "key obstacle": "The core obstacle is the challenge of identifying which connections in a network are critical for performance, particularly as the level of sparsity increases."
        },
        "idea": {
            "intuition": "The idea is inspired by the observation that certain connections in a network may have varying importance at different stages of the pruning process, suggesting a need for a dynamic approach to skeletonization.",
            "opinion": "The proposed idea involves progressively pruning connections based on their foresight connection sensitivity (FORCE), thereby optimizing the pruning process to maintain network performance.",
            "innovation": "The primary innovation lies in the progressive approach to pruning, which allows previously unimportant parameters to gain significance later in the process, thereby achieving higher levels of sparsity without sacrificing performance."
        },
        "method": {
            "method name": "Progressive skeletonization",
            "method abbreviation": "PS",
            "method definition": "Progressive skeletonization is a method that prunes connections in a neural network at initialization by maximizing the foresight connection sensitivity (FORCE), ensuring that important connections are preserved as pruning progresses.",
            "method description": "The core of the method involves gradually removing connections from the network based on their impact on the loss function when perturbed.",
            "principle": "This method is effective because it allows for a more nuanced understanding of connection importance, adapting the pruning strategy as the network evolves."
        },
        "experiments": {
            "evaluation setting": "The experimental setup includes testing the proposed method at various levels of sparsity, comparing its performance against baseline methods, and analyzing the results to validate effectiveness.",
            "evaluation method": "The evaluation method involves measuring the performance of the pruned networks through loss analysis and comparison with existing skeletonization techniques."
        },
        "conclusion": "The experiments demonstrate that the progressive skeletonization method allows for the removal of up to 99.9% of parameters while maintaining trainability and outperforming recent approaches, highlighting its effectiveness in achieving high sparsity without performance loss.",
        "discussion": {
            "advantage": "The key advantages of the proposed approach include significantly improved performance at high levels of sparsity and the ability to adaptively prune connections based on their importance.",
            "limitation": "A limitation of the method may include potential computational overhead associated with progressively assessing connection importance during pruning.",
            "future work": "Future work could explore further refinements to the pruning criteria, investigate the applicability of the method to different network architectures, and assess its performance in various application domains."
        },
        "other info": []
    },
    "mount_outline": [
        {
            "section number": "1.1",
            "key information": "Pruning is crucial for enhancing model efficiency and performance, especially when addressing the performance degradation caused by excessive skeletonization."
        },
        {
            "section number": "2.4",
            "key information": "Pruning, in this context, refers to the process of removing connections in a neural network to improve efficiency, with a focus on maintaining performance at high levels of sparsity."
        },
        {
            "section number": "3.1",
            "key information": "The proposed method, Progressive Skeletonization (PS), represents a structured approach to pruning that adapts based on connection importance throughout the pruning process."
        },
        {
            "section number": "4.1",
            "key information": "The evaluation of the proposed method demonstrates its ability to maintain network performance while achieving up to 99.9% parameter removal, indicating high effectiveness in pruning."
        },
        {
            "section number": "5.1",
            "key information": "The experiments validate that the progressive skeletonization method maintains trainability and performance, even at extreme levels of sparsity, which positively impacts model accuracy and inference time."
        },
        {
            "section number": "6.2",
            "key information": "Future research directions include refining pruning criteria and exploring the applicability of the Progressive Skeletonization method across various network architectures and application domains."
        }
    ],
    "similarity_score": null,
    "image": null,
    "path": "/home/liudingyuan/code/SurveyX/code/SurveyX-main/outputs/t14a/papers/Progressive skeletonization_ trimming more fat from a network at initialization.json"
}