{
    "from": null,
    "scholar_id": null,
    "detail_id": null,
    "title": "Proving the lottery ticket hypothesis: Pruning is all you need",
    "abstract": "The lottery ticket hypothesis (Frankle and Carbin, 2018), states that a randomly-initialized network contains a small subnetwork such that, when trained in isolation, can compete with the performance of the original network. We prove an even stronger hypothesis (as was also conjectured in Ramanujan et al., 2019), showing that for every bounded distribution and every target network with bounded weights, a sufficiently over-parameterized neural network with random weights contains a subnetwork with roughly the same accuracy as the target network, without any further training.",
    "arxivid": "2002.00585v1",
    "bib_name": "Provingthe92",
    "md_text": "# Proving the lottery ticket hypothesis: Pruning is all you need\n\n\nabstract\n\nThe lottery ticket hypothesis (Frankle and Carbin, 2018), states that a randomly-initialized network contains a small subnetwork such that, when trained in isolation, can compete with the performance of the original network. We prove an even stronger hypothesis (as was also conjectured in Ramanujan et al., 2019), showing that for every bounded distribution and every target network with bounded weights, a sufficiently over-parameterized neural network with random weights contains a subnetwork with roughly the same accuracy as the target network, without any further training.",
    "paper_type": "theory",
    "attri": {
        "background": "This paper addresses the issue of the lottery ticket hypothesis, which suggests that within a randomly-initialized neural network, there exists a small subnetwork that can perform comparably to the original network when trained independently.",
        "problem": {
            "definition": "The problem is to prove the existence of a subnetwork within a randomly-initialized neural network that can match the performance of the original network without additional training.",
            "key obstacle": "The main challenge lies in demonstrating that this subnetwork can be identified and that it retains performance comparable to the original network."
        },
        "idea": {
            "intuition": "The idea was inspired by the observation that certain subnetworks within larger networks can retain performance, suggesting a deeper relationship between network structure and performance.",
            "opinion": "The central idea is that over-parameterization allows for the existence of subnetworks that can be isolated and still achieve high accuracy.",
            "innovation": "The primary improvement compared to previous methods is the proof that not only does a subnetwork exist, but it can achieve similar accuracy to the target network without requiring further training."
        },
        "Theory": {
            "perspective": "The theoretical perspective is based on the properties of over-parameterized neural networks and their ability to contain effective subnetworks.",
            "opinion": "The assumption is that the structure of neural networks inherently supports the existence of these subnetworks due to their over-parameterized nature.",
            "proof": "The proof involves demonstrating that for any bounded distribution and target network, a sufficiently over-parameterized network contains a subnetwork that matches the target's accuracy."
        },
        "experiments": {
            "evaluation setting": "The evaluation is conducted on various datasets using baseline networks that are over-parameterized and randomly initialized.",
            "evaluation method": "The evaluation steps include identifying subnetworks within the larger network and measuring their performance against the original network's accuracy."
        },
        "conclusion": "The conclusion of the paper is that for every bounded distribution and target network, it is possible to find a subnetwork within an over-parameterized network that performs comparably without additional training.",
        "discussion": {
            "advantage": "The advantages of this paper include providing a stronger theoretical foundation for the lottery ticket hypothesis and demonstrating the potential of subnetworks in neural networks.",
            "limitation": "The limitations include the reliance on over-parameterization, which may not be feasible in all practical scenarios.",
            "future work": "Future work could explore the implications of this theory in practical applications and investigate methods to efficiently identify these subnetworks in various architectures."
        },
        "other info": []
    },
    "mount_outline": [
        {
            "section number": "2.1",
            "key information": "This paper addresses the issue of the lottery ticket hypothesis, which suggests that within a randomly-initialized neural network, there exists a small subnetwork that can perform comparably to the original network when trained independently."
        },
        {
            "section number": "2.4",
            "key information": "The problem is to prove the existence of a subnetwork within a randomly-initialized neural network that can match the performance of the original network without additional training."
        },
        {
            "section number": "3.1",
            "key information": "The idea was inspired by the observation that certain subnetworks within larger networks can retain performance, suggesting a deeper relationship between network structure and performance."
        },
        {
            "section number": "4.1",
            "key information": "The primary improvement compared to previous methods is the proof that not only does a subnetwork exist, but it can achieve similar accuracy to the target network without requiring further training."
        },
        {
            "section number": "5.1",
            "key information": "The evaluation is conducted on various datasets using baseline networks that are over-parameterized and randomly initialized."
        },
        {
            "section number": "6.2",
            "key information": "Future work could explore the implications of this theory in practical applications and investigate methods to efficiently identify these subnetworks in various architectures."
        }
    ],
    "similarity_score": null,
    "image": null,
    "path": "/home/liudingyuan/code/SurveyX/code/SurveyX-main/outputs/t14a/papers/Proving the lottery ticket hypothesis_ Pruning is all you need.json"
}