{
    "from": null,
    "scholar_id": null,
    "detail_id": null,
    "title": "Pruning filters for efficient convnets",
    "abstract": "The success of CNNs in various applications is accompanied by a significant increase in the computation and parameter storage costs. Recent efforts toward reducing these overheads involve pruning and compressing the weights of various layers without hurting original accuracy. However, magnitude-based pruning of weights reduces a significant number of parameters from the fully connected layers and may not adequately reduce the computation costs in the convolutional layers due to irregular sparsity in the pruned networks. We present an acceleration method for CNNs, where we prune filters from CNNs that are identified as having a small effect on the output accuracy. By removing whole filters in the network together with their connecting feature maps, the computation costs are reduced significantly. In contrast to pruning weights, this approach does not result in sparse connectivity patterns. Hence, it does not need the support of sparse convolution libraries and can work with existing efficient BLAS libraries for dense matrix multiplications. We show that even simple filter pruning techniques can reduce inference costs for VGG-16 by up to 34% and ResNet-110 by up to 38% on CIFAR10 while regaining close to the original accuracy by retraining the networks.",
    "arxivid": "1608.08710v3",
    "bib_name": "Pruningfil51",
    "md_text": "# Pruning filters for efficient convnets\n\n\nabstract\n\nThe success of CNNs in various applications is accompanied by a significant increase in the computation and parameter storage costs. Recent efforts toward reducing these overheads involve pruning and compressing the weights of various layers without hurting original accuracy. However, magnitude-based pruning of weights reduces a significant number of parameters from the fully connected layers and may not adequately reduce the computation costs in the convolutional layers due to irregular sparsity in the pruned networks. We present an acceleration method for CNNs, where we prune filters from CNNs that are identified as having a small effect on the output accuracy. By removing whole filters in the network together with their connecting feature maps, the computation costs are reduced significantly. In contrast to pruning weights, this approach does not result in sparse connectivity patterns. Hence, it does not need the support of sparse convolution libraries and can work with existing efficient BLAS libraries for dense matrix multiplications. We show that even simple filter pruning techniques can reduce inference costs for VGG-16 by up to 34% and ResNet-110 by up to 38% on CIFAR10 while regaining close to the original accuracy by retraining the networks.",
    "paper_type": "method",
    "attri": {
        "background": "The success of CNNs in various applications is accompanied by a significant increase in the computation and parameter storage costs. Recent efforts toward reducing these overheads involve pruning and compressing the weights of various layers without hurting original accuracy.",
        "problem": {
            "definition": "The problem addressed in this paper is the high computation and parameter storage costs associated with CNNs, particularly in the convolutional layers where magnitude-based pruning of weights does not adequately reduce computation costs due to irregular sparsity.",
            "key obstacle": "The core obstacle is that existing weight pruning methods primarily reduce parameters in fully connected layers and do not effectively address the irregular sparsity in convolutional layers, leading to continued high computation costs."
        },
        "idea": {
            "intuition": "The idea is inspired by the observation that certain filters in CNNs have a small effect on the output accuracy, suggesting that pruning these filters could lead to significant reductions in computation costs without greatly impacting performance.",
            "opinion": "The proposed idea entails pruning entire filters from CNNs, along with their connecting feature maps, which simplifies the network and reduces computation costs more effectively than traditional weight pruning methods.",
            "innovation": "The key innovation of this method is that it eliminates whole filters rather than individual weights, thereby avoiding sparse connectivity patterns and allowing the use of existing efficient dense matrix multiplication libraries."
        },
        "method": {
            "method name": "Filter Pruning",
            "method abbreviation": "FP",
            "method definition": "Filter Pruning is a method that identifies and removes filters from CNNs that have a minimal impact on output accuracy, thus reducing computation costs significantly.",
            "method description": "The core of the method involves pruning filters instead of individual weights, which leads to a more efficient network architecture.",
            "method steps": "1. Identify filters with low impact on accuracy. 2. Remove these filters along with their connecting feature maps. 3. Retrain the network to regain accuracy.",
            "principle": "This method is effective because it maintains dense connectivity patterns, allowing for efficient computation without the need for specialized sparse convolution libraries."
        },
        "experiments": {
            "evaluation setting": "The experiments were conducted on the VGG-16 and ResNet-110 architectures using the CIFAR10 dataset, comparing the performance of filter pruning against baseline methods.",
            "evaluation method": "The evaluation involved measuring inference costs and accuracy before and after applying filter pruning, along with retraining the networks to assess the retention of original accuracy."
        },
        "conclusion": "The paper concludes that simple filter pruning techniques can significantly reduce inference costs by up to 34% for VGG-16 and 38% for ResNet-110 on CIFAR10, while closely regaining original accuracy through retraining.",
        "discussion": {
            "advantage": "The key advantage of the proposed approach is its ability to reduce computation costs without resulting in sparse connectivity, allowing for compatibility with existing dense matrix libraries.",
            "limitation": "A limitation of the method may include the potential for reduced flexibility in adapting to different network architectures or datasets that may not yield the same pruning effectiveness.",
            "future work": "Future work could explore optimizing the filter pruning criteria further and investigating its application across a wider range of CNN architectures and datasets."
        },
        "other info": []
    },
    "mount_outline": [
        {
            "section number": "1.1",
            "key information": "The success of CNNs in various applications is accompanied by a significant increase in the computation and parameter storage costs."
        },
        {
            "section number": "1.2",
            "key information": "Recent efforts toward reducing these overheads involve pruning and compressing the weights of various layers without hurting original accuracy."
        },
        {
            "section number": "2.2",
            "key information": "The problem addressed in this paper is the high computation and parameter storage costs associated with CNNs, particularly in the convolutional layers."
        },
        {
            "section number": "2.4",
            "key information": "The key innovation of this method is that it eliminates whole filters rather than individual weights, thereby avoiding sparse connectivity patterns."
        },
        {
            "section number": "3.1",
            "key information": "The proposed idea entails pruning entire filters from CNNs, along with their connecting feature maps, which simplifies the network and reduces computation costs."
        },
        {
            "section number": "4.1",
            "key information": "The experiments were conducted on the VGG-16 and ResNet-110 architectures using the CIFAR10 dataset, comparing the performance of filter pruning against baseline methods."
        },
        {
            "section number": "5.1",
            "key information": "The paper concludes that simple filter pruning techniques can significantly reduce inference costs by up to 34% for VGG-16 and 38% for ResNet-110 on CIFAR10."
        },
        {
            "section number": "6.2",
            "key information": "Future work could explore optimizing the filter pruning criteria further and investigating its application across a wider range of CNN architectures and datasets."
        }
    ],
    "similarity_score": null,
    "image": null,
    "path": "/home/liudingyuan/code/SurveyX/code/SurveyX-main/outputs/t14a/papers/Pruning filters for efficient convnets.json"
}