{
    "from": null,
    "scholar_id": null,
    "detail_id": null,
    "title": "Prune your model before distill it",
    "abstract": "Knowledge distillation transfers the knowledge from a cumbersome teacher to a small student. Recent results suggest that the student-friendly teacher is more appropriate to distill since it provides more transferable knowledge. In this work, we propose the novel framework,\"prune, then distill,\"that prunes the model first to make it more transferrable and then distill it to the student. We provide several exploratory examples where the pruned teacher teaches better than the original unpruned networks. We further show theoretically that the pruned teacher plays the role of regularizer in distillation, which reduces the generalization error. Based on this result, we propose a novel neural network compression scheme where the student network is formed based on the pruned teacher and then apply the\"prune, then distill\"strategy. The code is available at https://github.com/ososos888/prune-then-distill",
    "arxivid": "2109.14960v3",
    "bib_name": "Pruneyourm166",
    "md_text": "# Prune your model before distill it\n\n\nabstract\n\nKnowledge distillation transfers the knowledge from a cumbersome teacher to a small student. Recent results suggest that the student-friendly teacher is more appropriate to distill since it provides more transferable knowledge. In this work, we propose the novel framework,\"prune, then distill,\"that prunes the model first to make it more transferrable and then distill it to the student. We provide several exploratory examples where the pruned teacher teaches better than the original unpruned networks. We further show theoretically that the pruned teacher plays the role of regularizer in distillation, which reduces the generalization error. Based on this result, we propose a novel neural network compression scheme where the student network is formed based on the pruned teacher and then apply the\"prune, then distill\"strategy. The code is available at https://github.com/ososos888/prune-then-distill",
    "paper_type": "method",
    "attri": {
        "background": "This paper addresses the issue of transferring knowledge from a cumbersome teacher model to a smaller student model, highlighting the need for a more student-friendly teacher to enhance the transferability of knowledge.",
        "problem": {
            "definition": "The problem is the inefficiency in knowledge transfer during the distillation process from a large teacher model to a small student model, which often results in suboptimal performance.",
            "key obstacle": "The main challenge is that existing teacher models may not provide the most transferable knowledge, leading to higher generalization errors in the student model."
        },
        "idea": {
            "intuition": "The inspiration for the proposed idea comes from the observation that pruning a model can enhance its ability to transfer knowledge effectively.",
            "opinion": "The proposed idea is to first prune the teacher model to improve its transferability and then use this pruned model for distillation to the student model.",
            "innovation": "The key innovation lies in the 'prune, then distill' framework, which contrasts with traditional methods by prioritizing model pruning before the distillation process."
        },
        "method": {
            "method name": "Prune, then Distill",
            "method abbreviation": "PTD",
            "method definition": "This method involves first pruning a teacher model to enhance its transferability and then distilling the knowledge from this pruned model to a student model.",
            "method description": "The core of the method is to improve knowledge transfer by first reducing the complexity of the teacher model through pruning.",
            "method steps": [
                "Identify and prune the teacher model.",
                "Use the pruned teacher model to perform knowledge distillation to the student model."
            ],
            "principle": "The effectiveness of this method stems from the pruned teacher acting as a regularizer during the distillation process, which helps reduce the generalization error."
        },
        "experiments": {
            "evaluation setting": "Several exploratory examples were provided where the performance of the pruned teacher was compared against the original unpruned networks to assess its effectiveness in teaching.",
            "evaluation method": "The performance was measured by analyzing the generalization error of the student model after applying the 'prune, then distill' strategy."
        },
        "conclusion": "The outcomes demonstrate that the 'prune, then distill' framework significantly improves knowledge transfer from the teacher to the student, resulting in better performance and lower generalization error.",
        "discussion": {
            "advantage": "The key advantage of the proposed approach is its ability to enhance the transferability of knowledge from teacher to student, leading to improved model performance.",
            "limitation": "Potential limitations include the dependency on the initial teacher model's architecture and the effectiveness of the pruning strategy employed.",
            "future work": "Future research may explore optimizing the pruning process and examining different architectures for teacher models to further enhance the distillation process."
        },
        "other info": {
            "code repository": "https://github.com/ososos888/prune-then-distill"
        }
    },
    "mount_outline": [
        {
            "section number": "2.4",
            "key information": "Pruning a model can enhance its ability to transfer knowledge effectively."
        },
        {
            "section number": "3.3",
            "key information": "The proposed idea is to first prune the teacher model to improve its transferability and then use this pruned model for distillation to the student model."
        },
        {
            "section number": "4.1",
            "key information": "The performance was measured by analyzing the generalization error of the student model after applying the 'prune, then distill' strategy."
        },
        {
            "section number": "5.3",
            "key information": "The effectiveness of the 'prune, then distill' method helps reduce the generalization error during the knowledge transfer process."
        },
        {
            "section number": "6.2",
            "key information": "Future research may explore optimizing the pruning process and examining different architectures for teacher models to further enhance the distillation process."
        }
    ],
    "similarity_score": null,
    "image": null,
    "path": "/home/liudingyuan/code/SurveyX/code/SurveyX-main/outputs/t14a/papers/Prune your model before distill it.json"
}