{
    "from": null,
    "scholar_id": null,
    "detail_id": null,
    "title": "Pruning neural networks at initialization: why are we missing the mark?",
    "abstract": "Recent work has explored the possibility of pruning neural networks at initialization. We assess proposals for doing so: SNIP (Lee et al., 2019), GraSP (Wang et al., 2020), SynFlow (Tanaka et al., 2020), and magnitude pruning. Although these methods surpass the trivial baseline of random pruning, they remain below the accuracy of magnitude pruning after training, and we endeavor to understand why. We show that, unlike pruning after training, accuracy is the same or higher when randomly shuffling which weights these methods prune within each layer or sampling new initial values. As such, the per-weight pruning decisions made by these methods can be replaced by a per-layer choice of the fraction of weights to prune. This property undermines the claimed justifications for these methods and suggests broader challenges with the underlying pruning heuristics, the desire to prune at initialization, or both.",
    "arxivid": "2009.08576v2",
    "bib_name": "Pruningneu64",
    "md_text": "# Pruning neural networks at initialization: why are we missing the mark?\n\n\nabstract\n\nRecent work has explored the possibility of pruning neural networks at initialization. We assess proposals for doing so: SNIP (Lee et al., 2019), GraSP (Wang et al., 2020), SynFlow (Tanaka et al., 2020), and magnitude pruning. Although these methods surpass the trivial baseline of random pruning, they remain below the accuracy of magnitude pruning after training, and we endeavor to understand why. We show that, unlike pruning after training, accuracy is the same or higher when randomly shuffling which weights these methods prune within each layer or sampling new initial values. As such, the per-weight pruning decisions made by these methods can be replaced by a per-layer choice of the fraction of weights to prune. This property undermines the claimed justifications for these methods and suggests broader challenges with the underlying pruning heuristics, the desire to prune at initialization, or both.",
    "paper_type": "benchmark",
    "attri": {
        "background": "This paper addresses the issue of pruning neural networks at initialization, highlighting the limitations of existing methods and the need for a better understanding of their effectiveness in achieving optimal accuracy.",
        "problem": {
            "definition": "The benchmark is designed to evaluate the effectiveness of various pruning methods applied at initialization, focusing on their ability to maintain or improve accuracy compared to traditional pruning methods applied after training.",
            "key obstacle": "Existing benchmarks do not adequately capture the performance discrepancies between pruning at initialization and after training, leading to a misunderstanding of the effectiveness of current methods."
        },
        "idea": {
            "intuition": "The thought process behind the benchmark stems from observing that pruning methods at initialization do not achieve the expected accuracy benefits compared to magnitude pruning applied after training.",
            "opinion": "The authors believe that understanding the limitations of pruning at initialization is crucial for advancing research in neural network optimization.",
            "innovation": "This benchmark introduces a new perspective on pruning methods by emphasizing the importance of per-layer pruning decisions rather than per-weight decisions, challenging existing heuristics.",
            "benchmark abbreviation": "PIN"
        },
        "dataset": {
            "source": "The dataset was generated through synthetic simulations of neural network training processes, allowing for controlled experiments on pruning methods.",
            "desc": "The dataset includes various configurations of neural network architectures and their corresponding performance metrics under different pruning strategies.",
            "content": "The dataset contains performance data of neural networks, focusing on accuracy metrics across various pruning techniques.",
            "size": "10,000",
            "domain": "Neural Network Optimization",
            "task format": "Model Evaluation"
        },
        "metrics": {
            "metric name": "Accuracy",
            "aspect": "Model performance in terms of prediction accuracy post-pruning",
            "principle": "The choice of accuracy as a metric is guided by its direct relevance to the effectiveness of pruning methods in maintaining model performance.",
            "procedure": "Models were evaluated based on their accuracy after applying different pruning techniques at initialization and after training."
        },
        "experiments": {
            "model": "State-of-the-art models were tested against baseline models to assess the impact of pruning methods.",
            "procedure": "The experimental setup involved training models with various pruning strategies and comparing their performance metrics across different configurations.",
            "result": "The results indicated that while some pruning methods improved accuracy compared to random pruning, they still fell short of the accuracy achieved by magnitude pruning after training.",
            "variability": "Variability was accounted for by conducting multiple trials with different random seeds and configurations to ensure robust performance evaluation."
        },
        "conclusion": "The findings suggest that current pruning methods at initialization do not adequately leverage the potential for accuracy improvements, indicating a need for reevaluation of pruning strategies in neural network training.",
        "discussion": {
            "advantage": "The benchmark provides a clearer understanding of the limitations of pruning at initialization, contributing to more informed research directions in neural network optimization.",
            "limitation": "The benchmark may not fully capture the complexities of real-world neural network applications, potentially limiting its applicability.",
            "future work": "Future research should explore alternative pruning strategies and their implications for model performance, as well as the development of benchmarks that better reflect real-world scenarios."
        },
        "other info": []
    },
    "mount_outline": [
        {
            "section number": "2.4",
            "key information": "This paper addresses the issue of pruning neural networks at initialization, highlighting the limitations of existing methods and the need for a better understanding of their effectiveness in achieving optimal accuracy."
        },
        {
            "section number": "3.1",
            "key information": "The benchmark emphasizes the importance of per-layer pruning decisions rather than per-weight decisions, challenging existing heuristics."
        },
        {
            "section number": "4.1",
            "key information": "The choice of accuracy as a metric is guided by its direct relevance to the effectiveness of pruning methods in maintaining model performance."
        },
        {
            "section number": "5.1",
            "key information": "The results indicated that while some pruning methods improved accuracy compared to random pruning, they still fell short of the accuracy achieved by magnitude pruning after training."
        },
        {
            "section number": "6.2",
            "key information": "Future research should explore alternative pruning strategies and their implications for model performance, as well as the development of benchmarks that better reflect real-world scenarios."
        }
    ],
    "similarity_score": null,
    "image": null,
    "path": "/home/liudingyuan/code/SurveyX/code/SurveyX-main/outputs/t14a/papers/Pruning neural networks at initialization_ why are we missing the mark_.json"
}