{
    "from": null,
    "scholar_id": null,
    "detail_id": null,
    "title": "Pruning filter in filter",
    "abstract": "Pruning has become a very powerful and effective technique to compress and accelerate modern neural networks. Existing pruning methods can be grouped into two categories: filter pruning (FP) and weight pruning (WP). FP wins at hardware compatibility but loses at the compression ratio compared with WP. To converge the strength of both methods, we propose to prune the filter in the filter. Specifically, we treat a filter $F \\in \\mathbb{R}^{C\\times K\\times K}$ as $K \\times K$ stripes, \\emph{i.e.}, $1\\times 1$ filters $\\in \\mathbb{R}^{C}$, then by pruning the stripes instead of the whole filter, we can achieve finer granularity than traditional FP while being hardware friendly. We term our method as SWP (\\emph{Stripe-Wise Pruning}). SWP is implemented by introducing a novel learnable matrix called Filter Skeleton, whose values reflect the shape of each filter. As some recent work has shown that the pruned architecture is more crucial than the inherited important weights, we argue that the architecture of a single filter, \\emph{i.e.}, the shape, also matters. Through extensive experiments, we demonstrate that SWP is more effective compared to the previous FP-based methods and achieves the state-of-art pruning ratio on CIFAR-10 and ImageNet datasets without obvious accuracy drop. Code is available at this https URL",
    "arxivid": "2009.14410v3",
    "bib_name": "Pruningfil41",
    "md_text": "# Pruning filter in filter\n\n\nabstract\n\nPruning has become a very powerful and effective technique to compress and accelerate modern neural networks. Existing pruning methods can be grouped into two categories: filter pruning (FP) and weight pruning (WP). FP wins at hardware compatibility but loses at the compression ratio compared with WP. To converge the strength of both methods, we propose to prune the filter in the filter. Specifically, we treat a filter $F \\in \\mathbb{R}^{C\\times K\\times K}$ as $K \\times K$ stripes, \\emph{i.e.}, $1\\times 1$ filters $\\in \\mathbb{R}^{C}$, then by pruning the stripes instead of the whole filter, we can achieve finer granularity than traditional FP while being hardware friendly. We term our method as SWP (\\emph{Stripe-Wise Pruning}). SWP is implemented by introducing a novel learnable matrix called Filter Skeleton, whose values reflect the shape of each filter. As some recent work has shown that the pruned architecture is more crucial than the inherited important weights, we argue that the architecture of a single filter, \\emph{i.e.}, the shape, also matters. Through extensive experiments, we demonstrate that SWP is more effective compared to the previous FP-based methods and achieves the state-of-art pruning ratio on CIFAR-10 and ImageNet datasets without obvious accuracy drop. Code is available at this https URL",
    "paper_type": "method",
    "attri": {
        "background": "Pruning has become a very powerful and effective technique to compress and accelerate modern neural networks. Existing pruning methods can be grouped into two categories: filter pruning (FP) and weight pruning (WP). FP wins at hardware compatibility but loses at the compression ratio compared with WP. To converge the strength of both methods, we propose to prune the filter in the filter.",
        "problem": {
            "definition": "The problem addressed in this paper is the limitation of existing filter pruning methods which achieve lower compression ratios compared to weight pruning methods, while also considering the need for hardware compatibility.",
            "key obstacle": "The core obstacle is the trade-off between achieving a high compression ratio and maintaining hardware compatibility in neural network pruning methods."
        },
        "idea": {
            "intuition": "The intuition behind the proposed idea is that by treating a filter as stripes, we can achieve finer granularity in pruning while still being compatible with hardware.",
            "opinion": "The proposed idea, termed Stripe-Wise Pruning (SWP), involves pruning stripes of a filter instead of the entire filter, allowing for more effective pruning.",
            "innovation": "The primary innovation of SWP lies in its ability to prune at a finer granularity than traditional filter pruning methods while maintaining hardware friendliness."
        },
        "method": {
            "method name": "Stripe-Wise Pruning",
            "method abbreviation": "SWP",
            "method definition": "SWP is defined as a method that prunes filters by treating them as stripes, allowing for selective pruning of 1x1 filters within a larger filter structure.",
            "method description": "The core of the method is to prune stripes of filters rather than the entire filter, achieving a balance between compression and hardware compatibility.",
            "method steps": "1. Treat each filter as KxK stripes; 2. Introduce a learnable matrix called Filter Skeleton; 3. Prune based on the shape of the filter as determined by the Filter Skeleton.",
            "principle": "The effectiveness of SWP in solving the problem is based on the premise that the architecture of a filter, specifically its shape, significantly impacts the performance of pruned networks."
        },
        "experiments": {
            "evaluation setting": "Extensive experiments were conducted on CIFAR-10 and ImageNet datasets, comparing SWP with previous FP-based methods.",
            "evaluation method": "The performance of SWP was assessed by measuring the pruning ratio achieved and the accuracy drop compared to baseline models."
        },
        "conclusion": "The outcomes of the experiments demonstrate that SWP is more effective than previous filter pruning methods and achieves state-of-the-art pruning ratios on both CIFAR-10 and ImageNet datasets without significant accuracy loss.",
        "discussion": {
            "advantage": "The key advantage of SWP is its ability to achieve a higher compression ratio while maintaining hardware compatibility compared to traditional filter pruning methods.",
            "limitation": "One limitation of the method may be its dependency on the design of the Filter Skeleton, which could impact the performance if not optimally configured.",
            "future work": "Future work could explore further refinements to the Filter Skeleton design and investigate the application of SWP to other neural network architectures."
        },
        "other info": {
            "code availability": "Code is available at the provided URL."
        }
    },
    "mount_outline": [
        {
            "section number": "2.2",
            "key information": "Existing pruning methods can be grouped into two categories: filter pruning (FP) and weight pruning (WP). FP wins at hardware compatibility but loses at the compression ratio compared with WP."
        },
        {
            "section number": "3.1",
            "key information": "The proposed idea, termed Stripe-Wise Pruning (SWP), involves pruning stripes of a filter instead of the entire filter, allowing for more effective pruning."
        },
        {
            "section number": "3.2",
            "key information": "The core obstacle is the trade-off between achieving a high compression ratio and maintaining hardware compatibility in neural network pruning methods."
        },
        {
            "section number": "4.1",
            "key information": "The performance of SWP was assessed by measuring the pruning ratio achieved and the accuracy drop compared to baseline models."
        },
        {
            "section number": "5.1",
            "key information": "The outcomes of the experiments demonstrate that SWP is more effective than previous filter pruning methods and achieves state-of-the-art pruning ratios on both CIFAR-10 and ImageNet datasets without significant accuracy loss."
        },
        {
            "section number": "6.2",
            "key information": "Future work could explore further refinements to the Filter Skeleton design and investigate the application of SWP to other neural network architectures."
        }
    ],
    "similarity_score": null,
    "image": null,
    "path": "/home/liudingyuan/code/SurveyX/code/SurveyX-main/outputs/t14a/papers/Pruning filter in filter.json"
}