{
    "from": null,
    "scholar_id": null,
    "detail_id": null,
    "title": "Pruning convolutional neural networks with self-supervision",
    "abstract": "Convolutional neural networks trained without supervision come close to matching performance with supervised pre-training, but sometimes at the cost of an even higher number of parameters. Extracting subnetworks from these large unsupervised convnets with preserved performance is of particular interest to make them less computationally intensive. Typical pruning methods operate during training on a task while trying to maintain the performance of the pruned network on the same task. However, in self-supervised feature learning, the training objective is agnostic on the representation transferability to downstream tasks. Thus, preserving performance for this objective does not ensure that the pruned subnetwork remains effective for solving downstream tasks. In this work, we investigate the use of standard pruning methods, developed primarily for supervised learning, for networks trained without labels (i.e. on self-supervised tasks). We show that pruned masks obtained with or without labels reach comparable performance when retrained on labels, suggesting that pruning operates similarly for self-supervised and supervised learning. Interestingly, we also find that pruning preserves the transfer performance of self-supervised subnetwork representations.",
    "arxivid": "2001.03554v1",
    "bib_name": "Pruningcon158",
    "md_text": "# Pruning convolutional neural networks with self-supervision\n\n\nabstract\n\nConvolutional neural networks trained without supervision come close to matching performance with supervised pre-training, but sometimes at the cost of an even higher number of parameters. Extracting subnetworks from these large unsupervised convnets with preserved performance is of particular interest to make them less computationally intensive. Typical pruning methods operate during training on a task while trying to maintain the performance of the pruned network on the same task. However, in self-supervised feature learning, the training objective is agnostic on the representation transferability to downstream tasks. Thus, preserving performance for this objective does not ensure that the pruned subnetwork remains effective for solving downstream tasks. In this work, we investigate the use of standard pruning methods, developed primarily for supervised learning, for networks trained without labels (i.e. on self-supervised tasks). We show that pruned masks obtained with or without labels reach comparable performance when retrained on labels, suggesting that pruning operates similarly for self-supervised and supervised learning. Interestingly, we also find that pruning preserves the transfer performance of self-supervised subnetwork representations.",
    "paper_type": "method",
    "attri": {
        "background": "This paper addresses the issue of pruning convolutional neural networks (CNNs) trained without supervision, which can achieve performance close to that of supervised pre-training but often with a higher number of parameters. The goal is to extract subnetworks from these large unsupervised CNNs while maintaining performance to reduce computational intensity.",
        "problem": {
            "definition": "The problem is the challenge of effectively pruning CNNs trained on self-supervised tasks while ensuring that the pruned networks retain their performance on downstream tasks.",
            "key obstacle": "The core obstacle is that typical pruning methods are designed for supervised learning and do not guarantee that the performance of pruned networks will be effective for self-supervised tasks, which do not prioritize representation transferability."
        },
        "idea": {
            "intuition": "The idea is inspired by the observation that pruning methods used in supervised learning may still be applicable to self-supervised networks, despite the differences in training objectives.",
            "opinion": "The proposed idea is to investigate the effectiveness of standard pruning methods on self-supervised networks and to evaluate their performance in retaining transferability to downstream tasks.",
            "innovation": "The innovation lies in demonstrating that pruned masks from self-supervised networks can achieve comparable performance to those pruned from supervised networks when retrained, indicating that pruning can be effective across different training paradigms."
        },
        "method": {
            "method name": "Pruning Convolutional Neural Networks with Self-Supervision",
            "method abbreviation": "PCN-SS",
            "method definition": "This method involves applying standard pruning techniques to convolutional neural networks trained on self-supervised tasks, aiming to extract effective subnetworks while maintaining their performance.",
            "method description": "The core of the method is to prune networks trained without labels and evaluate their performance on downstream tasks.",
            "method steps": "1. Train a convolutional neural network using self-supervised learning. 2. Apply standard pruning techniques to create pruned masks. 3. Retrain the pruned networks on labeled data. 4. Evaluate the performance of the pruned networks on downstream tasks.",
            "principle": "This method is effective because it leverages the similarity in pruning behavior between self-supervised and supervised networks, allowing for the retention of transfer performance despite the lack of labels during initial training."
        },
        "experiments": {
            "evaluation setting": "The experimental setup involves training convolutional neural networks on self-supervised tasks and then applying pruning methods. The performance is compared against networks pruned from supervised learning.",
            "evaluation method": "The evaluation method includes measuring the performance of pruned networks after retraining them on labeled datasets and assessing their effectiveness on various downstream tasks."
        },
        "conclusion": "The outcomes of the experiments indicate that pruning methods can be effectively applied to self-supervised networks, with pruned subnetworks maintaining comparable performance to those trained with labels, thus contributing to the efficiency of CNNs.",
        "discussion": {
            "advantage": "The key advantages of the proposed approach include reduced computational costs and maintained performance for downstream tasks, making CNNs more efficient without sacrificing effectiveness.",
            "limitation": "A limitation of the method is that the effectiveness of pruning may vary depending on the specific self-supervised task and the architecture of the network used.",
            "future work": "Future research could explore optimizing pruning techniques tailored specifically for self-supervised learning and investigate their applicability across different network architectures and tasks."
        },
        "other info": []
    },
    "mount_outline": [
        {
            "section number": "1.1",
            "key information": "Pruning convolutional neural networks (CNNs) trained without supervision can achieve performance close to that of supervised pre-training while reducing computational intensity."
        },
        {
            "section number": "2.4",
            "key information": "Key concepts include pruning, which involves extracting subnetworks from large unsupervised CNNs while maintaining performance, and efficiency, which refers to reduced computational costs."
        },
        {
            "section number": "3.1",
            "key information": "The proposed approach investigates the effectiveness of standard pruning methods on self-supervised networks, demonstrating that pruned masks can achieve comparable performance to those pruned from supervised networks."
        },
        {
            "section number": "4.1",
            "key information": "The evaluation method includes measuring the performance of pruned networks after retraining them on labeled datasets and assessing their effectiveness on various downstream tasks."
        },
        {
            "section number": "5.3",
            "key information": "Pruned subnetworks maintain comparable performance to those trained with labels, contributing to the efficiency of CNNs while ensuring performance on downstream tasks."
        },
        {
            "section number": "6.2",
            "key information": "Future research could explore optimizing pruning techniques tailored specifically for self-supervised learning and investigate their applicability across different network architectures and tasks."
        }
    ],
    "similarity_score": null,
    "image": null,
    "path": "/home/liudingyuan/code/SurveyX/code/SurveyX-main/outputs/t14a/papers/Pruning convolutional neural networks with self-supervision.json"
}