{
    "from": null,
    "scholar_id": null,
    "detail_id": null,
    "title": "Pruning algorithms to accelerate convolutional neural networks for edge applications: A survey",
    "abstract": "With the general trend of increasing Convolutional Neural Network (CNN) model sizes, model compression and acceleration techniques have become critical for the deployment of these models on edge devices. In this paper, we provide a comprehensive survey on Pruning, a major compression strategy that removes non-critical or redundant neurons from a CNN model. The survey covers the overarching motivation for pruning, different strategies and criteria, their advantages and drawbacks, along with a compilation of major pruning techniques. We conclude the survey with a discussion on alternatives to pruning and current challenges for the model compression community.",
    "arxivid": "2005.04275v1",
    "bib_name": "Pruningalg35",
    "md_text": "# Pruning algorithms to accelerate convolutional neural networks for edge applications: A survey\n\n\nabstract\n\nWith the general trend of increasing Convolutional Neural Network (CNN) model sizes, model compression and acceleration techniques have become critical for the deployment of these models on edge devices. In this paper, we provide a comprehensive survey on Pruning, a major compression strategy that removes non-critical or redundant neurons from a CNN model. The survey covers the overarching motivation for pruning, different strategies and criteria, their advantages and drawbacks, along with a compilation of major pruning techniques. We conclude the survey with a discussion on alternatives to pruning and current challenges for the model compression community.",
    "paper_type": "survey",
    "attri": {
        "background": {
            "purpose": "This survey aims to address the increasing size of Convolutional Neural Networks (CNNs) and the need for effective model compression and acceleration techniques, specifically focusing on pruning as a strategy to remove non-critical neurons.",
            "scope": "The survey includes various pruning strategies, their advantages and disadvantages, and a compilation of major techniques. It excludes other compression methods not related to pruning to maintain focus on this specific area."
        },
        "problem": {
            "definition": "The core issue explored in this survey is the challenge of deploying large CNN models on edge devices due to their size and computational requirements.",
            "key obstacle": "The primary challenges include identifying non-critical neurons for removal without significantly impacting model performance and the overall complexity of pruning methods."
        },
        "architecture": {
            "perspective": "The survey categorizes existing pruning methods based on their strategies and criteria, providing a structured framework for understanding the various approaches in the field.",
            "fields/stages": "The survey organizes current methods into categories such as weight pruning, neuron pruning, and structured pruning, using criteria like the impact on model accuracy and computational efficiency for this categorization."
        },
        "conclusion": {
            "comparisions": "The survey conducts a comparative analysis of different pruning techniques, highlighting their effectiveness and approaches in reducing model size while maintaining performance.",
            "results": "Key takeaways include the effectiveness of pruning as a major strategy in model compression, the trade-offs involved, and the need for further research into alternative methods."
        },
        "discussion": {
            "advantage": "The strengths of existing research include significant advancements in model compression techniques that enable the deployment of CNNs on resource-constrained edge devices.",
            "limitation": "Current research often falls short in addressing the balance between pruning efficiency and model accuracy, as well as the complexity of applying these techniques in practice.",
            "gaps": "Unanswered questions include the optimal criteria for pruning and how to generalize pruning methods across different architectures and applications.",
            "future work": "Emerging trends suggest a need for more adaptive pruning techniques and exploration of alternatives to pruning that could complement or enhance model compression efforts."
        },
        "other info": {
            "info1": "The survey also discusses current challenges faced by the model compression community.",
            "info2": {
                "info2.1": "The importance of balancing model performance and size reduction.",
                "info2.2": "The impact of pruning on real-time applications in edge computing."
            }
        }
    },
    "mount_outline": [
        {
            "section number": "1.1",
            "key information": "The survey addresses the increasing size of Convolutional Neural Networks (CNNs) and the need for effective model compression and acceleration techniques, specifically focusing on pruning as a strategy to remove non-critical neurons."
        },
        {
            "section number": "1.2",
            "key information": "The survey includes various pruning strategies, their advantages and disadvantages, and a compilation of major techniques, maintaining focus specifically on pruning."
        },
        {
            "section number": "2.2",
            "key information": "The survey organizes current methods into categories such as weight pruning, neuron pruning, and structured pruning, using criteria like the impact on model accuracy and computational efficiency for this categorization."
        },
        {
            "section number": "3.1",
            "key information": "The survey categorizes existing pruning methods based on their strategies and criteria, providing a structured framework for understanding the various approaches in the field."
        },
        {
            "section number": "4.1",
            "key information": "The survey conducts a comparative analysis of different pruning techniques, highlighting their effectiveness in reducing model size while maintaining performance."
        },
        {
            "section number": "5.1",
            "key information": "The primary challenges include identifying non-critical neurons for removal without significantly impacting model performance and the overall complexity of pruning methods."
        },
        {
            "section number": "6.2",
            "key information": "Emerging trends suggest a need for more adaptive pruning techniques and exploration of alternatives to pruning that could complement or enhance model compression efforts."
        }
    ],
    "similarity_score": null,
    "image": null,
    "path": "/home/liudingyuan/code/SurveyX/code/SurveyX-main/outputs/t14a/papers/Pruning algorithms to accelerate convolutional neural networks for edge applications_ A survey.json"
}