{
    "from": null,
    "scholar_id": null,
    "detail_id": null,
    "title": "Prune once for all: Sparse pre-trained language models",
    "abstract": "Transformer-based language models are applied to a wide range of applications in natural language processing. However, they are inefficient and difficult to deploy. In recent years, many compression algorithms have been proposed to increase the implementation efficiency of large Transformer-based models on target hardware. In this work we present a new method for training sparse pre-trained Transformer language models by integrating weight pruning and model distillation. These sparse pre-trained models can be used to transfer learning for a wide range of tasks while maintaining their sparsity pattern. We demonstrate our method with three known architectures to create sparse pre-trained BERT-Base, BERT-Large and DistilBERT. We show how the compressed sparse pre-trained models we trained transfer their knowledge to five different downstream natural language tasks with minimal accuracy loss. Moreover, we show how to further compress the sparse models' weights to 8bit precision using quantization-aware training. For example, with our sparse pre-trained BERT-Large fine-tuned on SQuADv1.1 and quantized to 8bit we achieve a compression ratio of $40$X for the encoder with less than $1\\%$ accuracy loss. To the best of our knowledge, our results show the best compression-to-accuracy ratio for BERT-Base, BERT-Large, and DistilBERT.",
    "arxivid": "2111.05754v1",
    "bib_name": "Pruneoncef198",
    "md_text": "# Prune once for all: Sparse pre-trained language models\n\n\nabstract\n\nTransformer-based language models are applied to a wide range of applications in natural language processing. However, they are inefficient and difficult to deploy. In recent years, many compression algorithms have been proposed to increase the implementation efficiency of large Transformer-based models on target hardware. In this work we present a new method for training sparse pre-trained Transformer language models by integrating weight pruning and model distillation. These sparse pre-trained models can be used to transfer learning for a wide range of tasks while maintaining their sparsity pattern. We demonstrate our method with three known architectures to create sparse pre-trained BERT-Base, BERT-Large and DistilBERT. We show how the compressed sparse pre-trained models we trained transfer their knowledge to five different downstream natural language tasks with minimal accuracy loss. Moreover, we show how to further compress the sparse models' weights to 8bit precision using quantization-aware training. For example, with our sparse pre-trained BERT-Large fine-tuned on SQuADv1.1 and quantized to 8bit we achieve a compression ratio of $40$X for the encoder with less than $1\\%$ accuracy loss. To the best of our knowledge, our results show the best compression-to-accuracy ratio for BERT-Base, BERT-Large, and DistilBERT.",
    "paper_type": "method",
    "attri": {
        "background": "Transformer-based language models are widely used in natural language processing but face challenges in efficiency and deployment. Previous methods for model compression have been developed to enhance the implementation efficiency of these large models, necessitating a breakthrough approach for further progress.",
        "problem": {
            "definition": "The problem addressed in this paper is the inefficiency and deployment difficulties of large Transformer-based language models, which hinder their practical applications.",
            "key obstacle": "The core obstacle preventing existing methods from effectively solving this problem is the balance between model size and performance, as traditional compression techniques often lead to significant accuracy loss."
        },
        "idea": {
            "intuition": "The idea is inspired by the need for efficient language models that retain performance while being lightweight, leading to the integration of weight pruning and model distillation.",
            "opinion": "The proposed idea involves training sparse pre-trained Transformer language models that maintain their sparsity pattern while being applicable to various downstream tasks.",
            "innovation": "This method innovatively combines weight pruning with model distillation to create sparse pre-trained models, offering a superior compression-to-accuracy ratio compared to existing approaches."
        },
        "method": {
            "method name": "Sparse Pre-trained Language Models",
            "method abbreviation": "SPLM",
            "method definition": "The SPLM method integrates weight pruning and model distillation to train sparse pre-trained Transformer language models that are efficient for transfer learning.",
            "method description": "The core of the SPLM method involves training a sparse model that retains a specific sparsity pattern while effectively transferring knowledge across tasks.",
            "method steps": "1. Apply weight pruning to reduce model size. 2. Use model distillation to maintain performance. 3. Fine-tune the sparse model on specific tasks. 4. Optionally apply quantization-aware training for further compression.",
            "principle": "The effectiveness of this method lies in its ability to maintain model performance while significantly reducing the model size, allowing for efficient deployment."
        },
        "experiments": {
            "evaluation setting": "The experiments were conducted using three known architectures: BERT-Base, BERT-Large, and DistilBERT, evaluated on five different downstream natural language tasks.",
            "evaluation method": "Performance was assessed by measuring accuracy and compression ratios, particularly focusing on the impact of quantization-aware training on the sparse models."
        },
        "conclusion": "The experiments demonstrate that the proposed method achieves a compression ratio of 40X for BERT-Large with less than 1% accuracy loss, showcasing the best compression-to-accuracy ratio for the evaluated models.",
        "discussion": {
            "advantage": "Key advantages of the proposed approach include significant model compression without substantial accuracy loss, making it suitable for deployment in resource-constrained environments.",
            "limitation": "One limitation is that the method's effectiveness may vary depending on the specific architecture and task, potentially limiting its generalizability.",
            "future work": "Future research could explore further optimization techniques, additional architectures, and the applicability of the method to other domains beyond natural language processing."
        },
        "other info": []
    },
    "mount_outline": [
        {
            "section number": "1.1",
            "key information": "The problem addressed in this paper is the inefficiency and deployment difficulties of large Transformer-based language models, which hinder their practical applications."
        },
        {
            "section number": "1.2",
            "key information": "The proposed idea involves training sparse pre-trained Transformer language models that maintain their sparsity pattern while being applicable to various downstream tasks."
        },
        {
            "section number": "2.2",
            "key information": "Previous methods for model compression have been developed to enhance the implementation efficiency of these large models, necessitating a breakthrough approach for further progress."
        },
        {
            "section number": "3.1",
            "key information": "The SPLM method integrates weight pruning and model distillation to train sparse pre-trained Transformer language models that are efficient for transfer learning."
        },
        {
            "section number": "4.1",
            "key information": "Performance was assessed by measuring accuracy and compression ratios, particularly focusing on the impact of quantization-aware training on the sparse models."
        },
        {
            "section number": "5.1",
            "key information": "The experiments demonstrate that the proposed method achieves a compression ratio of 40X for BERT-Large with less than 1% accuracy loss, showcasing the best compression-to-accuracy ratio for the evaluated models."
        },
        {
            "section number": "6.2",
            "key information": "Future research could explore further optimization techniques, additional architectures, and the applicability of the method to other domains beyond natural language processing."
        }
    ],
    "similarity_score": null,
    "image": null,
    "path": "/home/liudingyuan/code/SurveyX/code/SurveyX-main/outputs/t14a/papers/Prune once for all_ Sparse pre-trained language models.json"
}