{
    "from": null,
    "scholar_id": null,
    "detail_id": null,
    "title": "Pruning neural networks without any data by iteratively conserving synaptic flow",
    "abstract": "Pruning the parameters of deep neural networks has generated intense interest due to potential savings in time, memory and energy both during training and at test time. Recent works have identified, through an expensive sequence of training and pruning cycles, the existence of winning lottery tickets or sparse trainable subnetworks at initialization. This raises a foundational question: can we identify highly sparse trainable subnetworks at initialization, without ever training, or indeed without ever looking at the data? We provide an affirmative answer to this question through theory driven algorithm design. We first mathematically formulate and experimentally verify a conservation law that explains why existing gradient-based pruning algorithms at initialization suffer from layer-collapse, the premature pruning of an entire layer rendering a network untrainable. This theory also elucidates how layer-collapse can be entirely avoided, motivating a novel pruning algorithm Iterative Synaptic Flow Pruning (SynFlow). This algorithm can be interpreted as preserving the total flow of synaptic strengths through the network at initialization subject to a sparsity constraint. Notably, this algorithm makes no reference to the training data and consistently competes with or outperforms existing state-of-the-art pruning algorithms at initialization over a range of models (VGG and ResNet), datasets (CIFAR-10/100 and Tiny ImageNet), and sparsity constraints (up to 99.99 percent). Thus our data-agnostic pruning algorithm challenges the existing paradigm that, at initialization, data must be used to quantify which synapses are important.",
    "arxivid": "2006.05467v3",
    "bib_name": "Pruningneu40",
    "md_text": "# Pruning neural networks without any data by iteratively conserving synaptic flow\n\n\nabstract\n\nPruning the parameters of deep neural networks has generated intense interest due to potential savings in time, memory and energy both during training and at test time. Recent works have identified, through an expensive sequence of training and pruning cycles, the existence of winning lottery tickets or sparse trainable subnetworks at initialization. This raises a foundational question: can we identify highly sparse trainable subnetworks at initialization, without ever training, or indeed without ever looking at the data? We provide an affirmative answer to this question through theory driven algorithm design. We first mathematically formulate and experimentally verify a conservation law that explains why existing gradient-based pruning algorithms at initialization suffer from layer-collapse, the premature pruning of an entire layer rendering a network untrainable. This theory also elucidates how layer-collapse can be entirely avoided, motivating a novel pruning algorithm Iterative Synaptic Flow Pruning (SynFlow). This algorithm can be interpreted as preserving the total flow of synaptic strengths through the network at initialization subject to a sparsity constraint. Notably, this algorithm makes no reference to the training data and consistently competes with or outperforms existing state-of-the-art pruning algorithms at initialization over a range of models (VGG and ResNet), datasets (CIFAR-10/100 and Tiny ImageNet), and sparsity constraints (up to 99.99 percent). Thus our data-agnostic pruning algorithm challenges the existing paradigm that, at initialization, data must be used to quantify which synapses are important.",
    "paper_type": "method",
    "attri": {
        "background": "Pruning the parameters of deep neural networks has generated intense interest due to potential savings in time, memory and energy both during training and at test time. Recent works have identified, through an expensive sequence of training and pruning cycles, the existence of winning lottery tickets or sparse trainable subnetworks at initialization. This raises a foundational question: can we identify highly sparse trainable subnetworks at initialization, without ever training, or indeed without ever looking at the data?",
        "problem": {
            "definition": "The problem addressed is the identification of sparse trainable subnetworks at initialization without the need for training or data.",
            "key obstacle": "Existing gradient-based pruning algorithms suffer from layer-collapse, where an entire layer is prematurely pruned, making the network untrainable."
        },
        "idea": {
            "intuition": "The idea is inspired by the observation that existing methods fail due to layer-collapse, prompting the need for a more theoretical approach to pruning.",
            "opinion": "The proposed method, Iterative Synaptic Flow Pruning (SynFlow), preserves the total flow of synaptic strengths at initialization while adhering to a sparsity constraint.",
            "innovation": "The key innovation is that SynFlow does not require any reference to training data, challenging the conventional belief that data is necessary to determine important synapses."
        },
        "method": {
            "method name": "Iterative Synaptic Flow Pruning",
            "method abbreviation": "SynFlow",
            "method definition": "SynFlow is a pruning algorithm that preserves the total flow of synaptic strengths through the network at initialization under a sparsity constraint.",
            "method description": "The core of SynFlow involves maintaining synaptic flow while achieving high sparsity in the network.",
            "method steps": "1. Formulate the conservation law. 2. Apply the law to preserve synaptic flow. 3. Implement sparsity constraints iteratively.",
            "principle": "The principle behind SynFlow's effectiveness lies in its ability to avoid layer-collapse by maintaining synaptic flow without relying on training data."
        },
        "experiments": {
            "evaluation setting": "Experiments were conducted on various models (VGG and ResNet) and datasets (CIFAR-10/100 and Tiny ImageNet) with sparsity constraints of up to 99.99%.",
            "evaluation method": "Performance was assessed by comparing SynFlow with existing state-of-the-art pruning algorithms at initialization."
        },
        "conclusion": "The experiments demonstrate that SynFlow consistently competes with or outperforms existing pruning methods, validating its effectiveness and contribution to the field of neural network pruning.",
        "discussion": {
            "advantage": "The main advantage of SynFlow is its data-agnostic nature, allowing for effective pruning without the need for training data.",
            "limitation": "A limitation of the method may include its dependency on the theoretical formulation, which could restrict its applicability in certain contexts.",
            "future work": "Future research could explore enhancing the theoretical foundations of SynFlow and its application to more complex network architectures."
        },
        "other info": []
    },
    "mount_outline": [
        {
            "section number": "1.1",
            "key information": "Pruning the parameters of deep neural networks has generated intense interest due to potential savings in time, memory and energy both during training and at test time."
        },
        {
            "section number": "2.4",
            "key information": "The problem addressed is the identification of sparse trainable subnetworks at initialization without the need for training or data."
        },
        {
            "section number": "3.2",
            "key information": "The key innovation is that SynFlow does not require any reference to training data, challenging the conventional belief that data is necessary to determine important synapses."
        },
        {
            "section number": "4.1",
            "key information": "Performance was assessed by comparing SynFlow with existing state-of-the-art pruning algorithms at initialization."
        },
        {
            "section number": "5.1",
            "key information": "The experiments demonstrate that SynFlow consistently competes with or outperforms existing pruning methods, validating its effectiveness and contribution to the field of neural network pruning."
        },
        {
            "section number": "6.2",
            "key information": "Future research could explore enhancing the theoretical foundations of SynFlow and its application to more complex network architectures."
        }
    ],
    "similarity_score": null,
    "image": null,
    "path": "/home/liudingyuan/code/SurveyX/code/SurveyX-main/outputs/t14a/papers/Pruning neural networks without any data by iteratively conserving synaptic flow.json"
}