{
    "from": null,
    "scholar_id": null,
    "detail_id": null,
    "title": "Pruning self-attentions into convolutional layers in single path",
    "abstract": "Vision Transformers (ViTs) have achieved impressive performance over various computer vision tasks. However, modeling global correlations with multi-head self-attention (MSA) layers leads to two widely recognized issues: the massive computational resource consumption and the lack of intrinsic inductive bias for modeling local visual patterns. To solve both issues, we devise a simple yet effective method named Single-Path Vision Transformer pruning (SPViT), to efficiently and automatically compress the pre-trained ViTs into compact models with proper locality added. Specifically, we first propose a novel weight-sharing scheme between MSA and convolutional operations, delivering a single-path space to encode all candidate operations. In this way, we cast the operation search problem as finding which subset of parameters to use in each MSA layer, which significantly reduces the computational cost and optimization difficulty, and the convolution kernels can be well initialized using pre-trained MSA parameters. Relying on the single-path space, we introduce learnable binary gates to encode the operation choices in MSA layers. Similarly, we further employ learnable gates to encode the fine-grained MLP expansion ratios of FFN layers. In this way, our SPViT optimizes the learnable gates to automatically explore from a vast and unified search space and flexibly adjust the MSA-FFN pruning proportions for each individual dense model. We conduct extensive experiments on two representative ViTs showing that our SPViT achieves a new SOTA for pruning on ImageNet-1 k. For example, our SPViT can trim 52.0% FLOPs for DeiT-B and get an impressive 0.6% top-1 accuracy gain simultaneously.",
    "arxivid": "2111.11802v4",
    "bib_name": "Pruningsel185",
    "md_text": "# Pruning self-attentions into convolutional layers in single path\n\n\nabstract\n\nVision Transformers (ViTs) have achieved impressive performance over various computer vision tasks. However, modeling global correlations with multi-head self-attention (MSA) layers leads to two widely recognized issues: the massive computational resource consumption and the lack of intrinsic inductive bias for modeling local visual patterns. To solve both issues, we devise a simple yet effective method named Single-Path Vision Transformer pruning (SPViT), to efficiently and automatically compress the pre-trained ViTs into compact models with proper locality added. Specifically, we first propose a novel weight-sharing scheme between MSA and convolutional operations, delivering a single-path space to encode all candidate operations. In this way, we cast the operation search problem as finding which subset of parameters to use in each MSA layer, which significantly reduces the computational cost and optimization difficulty, and the convolution kernels can be well initialized using pre-trained MSA parameters. Relying on the single-path space, we introduce learnable binary gates to encode the operation choices in MSA layers. Similarly, we further employ learnable gates to encode the fine-grained MLP expansion ratios of FFN layers. In this way, our SPViT optimizes the learnable gates to automatically explore from a vast and unified search space and flexibly adjust the MSA-FFN pruning proportions for each individual dense model. We conduct extensive experiments on two representative ViTs showing that our SPViT achieves a new SOTA for pruning on ImageNet-1 k. For example, our SPViT can trim 52.0% FLOPs for DeiT-B and get an impressive 0.6% top-1 accuracy gain simultaneously.",
    "paper_type": "method",
    "attri": {
        "background": "This paper addresses the issue of high computational resource consumption and lack of intrinsic inductive bias in Vision Transformers (ViTs) due to the use of multi-head self-attention (MSA) layers. Previous methods have struggled to efficiently compress pre-trained ViTs while maintaining performance, highlighting the need for a new approach.",
        "problem": {
            "definition": "The problem involves the inefficiency in modeling global correlations in ViTs, particularly through the MSA layers, which leads to excessive computational costs and inadequate modeling of local visual patterns.",
            "key obstacle": "The main challenge is the difficulty in optimizing MSA layers while ensuring effective compression of the model without sacrificing accuracy."
        },
        "idea": {
            "intuition": "The idea is inspired by the need to balance computational efficiency and the ability to model local patterns in visual data, leading to the development of a pruning strategy that integrates convolutional operations with MSA.",
            "opinion": "The proposed method, Single-Path Vision Transformer pruning (SPViT), involves a weight-sharing scheme that allows for efficient operation selection within the MSA layers, thereby reducing computational costs.",
            "innovation": "The primary innovation lies in the introduction of a single-path space that encodes all candidate operations and the use of learnable binary gates to optimize operation choices, which differentiates SPViT from existing methods."
        },
        "method": {
            "method name": "Single-Path Vision Transformer pruning",
            "method abbreviation": "SPViT",
            "method definition": "SPViT is a method for compressing pre-trained Vision Transformers by integrating convolutional operations with MSA layers through a weight-sharing scheme and learnable gates.",
            "method description": "SPViT efficiently prunes ViTs by selecting operations within a unified search space, optimizing both MSA and FFN layers.",
            "method steps": "1. Propose a weight-sharing scheme between MSA and convolutional layers. 2. Introduce learnable binary gates for operation selection in MSA layers. 3. Optimize the gates to explore the search space and adjust pruning proportions.",
            "principle": "The effectiveness of SPViT is based on its ability to reduce computational costs while maintaining model performance through a structured approach to operation selection and parameter sharing."
        },
        "experiments": {
            "evaluation setting": "Extensive experiments were conducted on two representative ViTs, specifically evaluating the performance of SPViT against baseline methods on the ImageNet-1k dataset.",
            "evaluation method": "The performance was measured by assessing the reduction in FLOPs and the corresponding impact on top-1 accuracy."
        },
        "conclusion": "The experiments demonstrate that SPViT achieves a new state-of-the-art performance for pruning on ImageNet-1k, effectively reducing FLOPs by 52.0% for DeiT-B while simultaneously improving top-1 accuracy by 0.6%.",
        "discussion": {
            "advantage": "SPViT stands out due to its ability to efficiently compress models without sacrificing accuracy, leveraging a novel weight-sharing approach and learnable gates.",
            "limitation": "One limitation may be the reliance on the initial pre-trained MSA parameters, which could affect the pruning effectiveness if the initial model is not sufficiently robust.",
            "future work": "Future research could explore further enhancements in the weight-sharing scheme and the potential for applying SPViT to other architectures beyond ViTs."
        },
        "other info": []
    },
    "mount_outline": [
        {
            "section number": "2.2",
            "key information": "The problem involves the inefficiency in modeling global correlations in Vision Transformers (ViTs), particularly through the multi-head self-attention (MSA) layers, leading to excessive computational costs."
        },
        {
            "section number": "2.4",
            "key information": "SPViT is a method for compressing pre-trained Vision Transformers by integrating convolutional operations with MSA layers through a weight-sharing scheme and learnable gates."
        },
        {
            "section number": "3.1",
            "key information": "SPViT introduces a weight-sharing scheme that allows for efficient operation selection within the MSA layers, differentiating it from existing methods."
        },
        {
            "section number": "4.1",
            "key information": "The performance was measured by assessing the reduction in FLOPs and the corresponding impact on top-1 accuracy, demonstrating the effectiveness of SPViT."
        },
        {
            "section number": "5.1",
            "key information": "The experiments demonstrate that SPViT achieves a reduction of 52.0% in FLOPs while improving top-1 accuracy by 0.6% on the ImageNet-1k dataset."
        },
        {
            "section number": "6.2",
            "key information": "Future research could explore further enhancements in the weight-sharing scheme and the potential for applying SPViT to other architectures beyond ViTs."
        }
    ],
    "similarity_score": null,
    "image": null,
    "path": "/home/liudingyuan/code/SurveyX/code/SurveyX-main/outputs/t14a/papers/Pruning self-attentions into convolutional layers in single path.json"
}