{
    "from": null,
    "scholar_id": null,
    "detail_id": null,
    "title": "Pruning from scratch",
    "abstract": "Network pruning is an important research field aiming at reducing computational costs of neural networks. Conventional approaches follow a fixed paradigm which first trains a large and redundant network, and then determines which units (e.g., channels) are less important and thus can be removed. In this work, we find that pre-training an over-parameterized model is not necessary for obtaining the target pruned structure. In fact, a fully-trained over-parameterized model will reduce the search space for the pruned structure. We empirically show that more diverse pruned structures can be directly pruned from randomly initialized weights, including potential models with better performance. Therefore, we propose a novel network pruning pipeline which allows pruning from scratch with little training overhead. In the experiments for compressing classification models on CIFAR10 and ImageNet datasets, our approach not only greatly reduces the pre-training burden of traditional pruning methods, but also achieves similar or even higher accuracy under the same computation budgets. Our results facilitate the community to rethink the effectiveness of existing techniques used for network pruning.",
    "arxivid": "1909.12579v1",
    "bib_name": "Pruningfro58",
    "md_text": "# Pruning from scratch\n\n\nabstract\n\nNetwork pruning is an important research field aiming at reducing computational costs of neural networks. Conventional approaches follow a fixed paradigm which first trains a large and redundant network, and then determines which units (e.g., channels) are less important and thus can be removed. In this work, we find that pre-training an over-parameterized model is not necessary for obtaining the target pruned structure. In fact, a fully-trained over-parameterized model will reduce the search space for the pruned structure. We empirically show that more diverse pruned structures can be directly pruned from randomly initialized weights, including potential models with better performance. Therefore, we propose a novel network pruning pipeline which allows pruning from scratch with little training overhead. In the experiments for compressing classification models on CIFAR10 and ImageNet datasets, our approach not only greatly reduces the pre-training burden of traditional pruning methods, but also achieves similar or even higher accuracy under the same computation budgets. Our results facilitate the community to rethink the effectiveness of existing techniques used for network pruning.",
    "paper_type": "method",
    "attri": {
        "background": "This paper addresses the issue of network pruning, which aims to reduce computational costs of neural networks. Conventional methods involve training a large network before determining which units can be removed, but this approach has limitations that necessitate a new breakthrough.",
        "problem": {
            "definition": "The problem is the inefficiency of current network pruning methods that rely on pre-training large models before pruning, which can be time-consuming and resource-intensive.",
            "key obstacle": "The main difficulty is the assumption that an over-parameterized model must be fully trained to identify less important units for pruning, limiting the exploration of diverse pruned structures."
        },
        "idea": {
            "intuition": "The intuition behind the proposed idea is that pre-training is not essential for effective pruning; instead, pruning can be performed directly from randomly initialized weights.",
            "opinion": "The proposed idea suggests a novel pipeline that allows for pruning from scratch, significantly reducing the pre-training burden while maintaining or improving accuracy.",
            "innovation": "The primary innovation is the demonstration that diverse pruned structures can be obtained without the need for an over-parameterized model, challenging the conventional paradigm of network pruning."
        },
        "method": {
            "method name": "Pruning from Scratch",
            "method abbreviation": "PFS",
            "method definition": "Pruning from Scratch is a method that enables the pruning of neural networks directly from randomly initialized weights without the need for extensive pre-training.",
            "method description": "This method allows for efficient network pruning by eliminating the pre-training phase, thus facilitating faster model optimization.",
            "method steps": "1. Initialize the neural network with random weights. 2. Apply the pruning algorithm to identify and remove less important units. 3. Fine-tune the pruned model to optimize performance.",
            "principle": "This method is effective because it reduces the search space for pruned structures, allowing for the discovery of diverse and potentially more effective models."
        },
        "experiments": {
            "evaluation setting": "The experiments were conducted on CIFAR10 and ImageNet datasets, comparing the proposed method against traditional pruning techniques.",
            "evaluation method": "Performance was assessed based on accuracy and computational efficiency, measuring how well the pruned models performed under the same budget constraints."
        },
        "conclusion": "The results indicate that pruning from scratch not only reduces the pre-training burden but also achieves similar or higher accuracy compared to traditional methods, prompting a reevaluation of existing pruning techniques.",
        "discussion": {
            "advantage": "The key advantage of the proposed approach is its ability to prune networks without extensive pre-training, leading to significant time and resource savings.",
            "limitation": "A limitation of this method may include the potential for less optimal performance in certain scenarios where pre-training could yield better initial weights.",
            "future work": "Future research could explore further optimizations of the pruning process and investigate the applicability of this method to other types of neural networks."
        },
        "other info": {
            "info1": "The proposed method was empirically validated through experiments demonstrating its effectiveness.",
            "info2": {
                "info2.1": "The method challenges traditional views on network pruning.",
                "info2.2": "Further studies may extend this approach to other datasets and model architectures."
            }
        }
    },
    "mount_outline": [
        {
            "section number": "1.1",
            "key information": "This paper addresses the issue of network pruning, which aims to reduce computational costs of neural networks."
        },
        {
            "section number": "1.2",
            "key information": "The proposed idea suggests a novel pipeline that allows for pruning from scratch, significantly reducing the pre-training burden while maintaining or improving accuracy."
        },
        {
            "section number": "1.3",
            "key information": "The results indicate that pruning from scratch not only reduces the pre-training burden but also achieves similar or higher accuracy compared to traditional methods."
        },
        {
            "section number": "2.2",
            "key information": "The primary innovation is the demonstration that diverse pruned structures can be obtained without the need for an over-parameterized model, challenging the conventional paradigm of network pruning."
        },
        {
            "section number": "3.1",
            "key information": "The main difficulty is the assumption that an over-parameterized model must be fully trained to identify less important units for pruning, limiting the exploration of diverse pruned structures."
        },
        {
            "section number": "4.1",
            "key information": "Performance was assessed based on accuracy and computational efficiency, measuring how well the pruned models performed under the same budget constraints."
        },
        {
            "section number": "5.1",
            "key information": "The key advantage of the proposed approach is its ability to prune networks without extensive pre-training, leading to significant time and resource savings."
        },
        {
            "section number": "6.2",
            "key information": "Future research could explore further optimizations of the pruning process and investigate the applicability of this method to other types of neural networks."
        }
    ],
    "similarity_score": null,
    "image": null,
    "path": "/home/liudingyuan/code/SurveyX/code/SurveyX-main/outputs/t14a/papers/Pruning from scratch.json"
}