{
    "from": null,
    "scholar_id": null,
    "detail_id": null,
    "title": "Recent advances on neural network pruning at initialization",
    "abstract": "Neural network pruning typically removes connections or neurons from a pretrained converged model; while a new pruning paradigm, pruning at initialization (PaI), attempts to prune a randomly initialized network. This paper offers the first survey concentrated on this emerging pruning fashion. We first introduce a generic formulation of neural network pruning, followed by the major classic pruning topics. Then, as the main body of this paper, a thorough and structured literature review of PaI methods is presented, consisting of two major tracks (sparse training and sparse selection). Finally, we summarize the surge of PaI compared to PaT and discuss the open problems. Apart from the dedicated literature review, this paper also offers a code base for easy sanity-checking and benchmarking of different PaI methods.",
    "arxivid": "2103.06460v3",
    "bib_name": "Recentadva29",
    "md_text": "# Recent advances on neural network pruning at initialization\n\n\nabstract\n\nNeural network pruning typically removes connections or neurons from a pretrained converged model; while a new pruning paradigm, pruning at initialization (PaI), attempts to prune a randomly initialized network. This paper offers the first survey concentrated on this emerging pruning fashion. We first introduce a generic formulation of neural network pruning, followed by the major classic pruning topics. Then, as the main body of this paper, a thorough and structured literature review of PaI methods is presented, consisting of two major tracks (sparse training and sparse selection). Finally, we summarize the surge of PaI compared to PaT and discuss the open problems. Apart from the dedicated literature review, this paper also offers a code base for easy sanity-checking and benchmarking of different PaI methods.",
    "paper_type": "survey",
    "attri": {
        "background": {
            "purpose": "This paper aims to provide a comprehensive survey on the emerging paradigm of pruning neural networks at initialization, addressing the knowledge gap regarding this novel approach compared to traditional pruning methods.",
            "scope": "The survey focuses on pruning at initialization (PaI) methods, specifically covering sparse training and sparse selection tracks. It excludes traditional pruning methods applied post-training to highlight the differences and advancements in the PaI approach."
        },
        "problem": {
            "definition": "The core issue explored is the effectiveness and methodologies of pruning neural networks while they are still in the initialization phase, as opposed to after they have been trained.",
            "key obstacle": "The primary challenge in this area is the lack of extensive research and established frameworks for effectively implementing pruning at initialization, which poses barriers to achieving optimal performance."
        },
        "architecture": {
            "perspective": "The survey introduces a novel perspective by categorizing existing PaI methods into two main tracks: sparse training and sparse selection, providing a structured framework for understanding the current landscape.",
            "fields/stages": "The survey organizes the methods into two stages: 1) Sparse Training, which focuses on training models to be inherently sparse from the beginning, and 2) Sparse Selection, which involves selecting which weights or neurons to prune during initialization."
        },
        "conclusion": {
            "comparisions": "The survey compares PaI methods with traditional pruning approaches (PaT), highlighting differences in effectiveness and outcomes, particularly in terms of model performance and computational efficiency.",
            "results": "Key takeaways include the potential advantages of PaI in achieving better performance with fewer parameters and the importance of further exploring this novel pruning methodology."
        },
        "discussion": {
            "advantage": "The existing research shows that pruning at initialization can lead to more efficient models that retain performance while reducing complexity, showcasing a significant advancement in neural network design.",
            "limitation": "Current studies often lack comprehensive benchmarks and comparisons against traditional methods, which limits the understanding of the full potential of PaI.",
            "gaps": "Unanswered questions remain regarding the optimal strategies for implementing PaI and how different architectures respond to this pruning method.",
            "future work": "Future research should focus on developing standardized benchmarks for PaI, exploring its application across various neural network architectures, and identifying best practices for implementation."
        },
        "other info": {
            "code base": "The paper provides a code base for benchmarking different PaI methods, facilitating further research and validation of findings."
        }
    },
    "mount_outline": [
        {
            "section number": "1.1",
            "key information": "Pruning is essential for enhancing model efficiency and performance, particularly through the emerging paradigm of pruning at initialization (PaI), which contrasts with traditional methods."
        },
        {
            "section number": "1.2",
            "key information": "The survey aims to address the knowledge gap regarding pruning at initialization methods, focusing on sparse training and sparse selection tracks."
        },
        {
            "section number": "2.2",
            "key information": "The paper discusses pruning at initialization methods, emphasizing their differences from traditional pruning techniques applied post-training."
        },
        {
            "section number": "2.4",
            "key information": "Key concepts include pruning at initialization, sparse training, and sparse selection, which are crucial for understanding the proposed methods."
        },
        {
            "section number": "3.1",
            "key information": "The paper categorizes existing PaI methods into two main tracks: sparse training and sparse selection, providing a structured framework for understanding these approaches."
        },
        {
            "section number": "4.3",
            "key information": "The comparison of pruning at initialization methods with traditional pruning approaches highlights differences in effectiveness and outcomes, particularly regarding model performance and computational efficiency."
        },
        {
            "section number": "5.1",
            "key information": "Pruning at initialization can lead to more efficient models that retain performance while reducing complexity, showcasing potential advantages over traditional methods."
        },
        {
            "section number": "6.2",
            "key information": "Future research should focus on developing standardized benchmarks for pruning at initialization and exploring its application across various neural network architectures."
        }
    ],
    "similarity_score": null,
    "image": null,
    "path": "/home/liudingyuan/code/SurveyX/code/SurveyX-main/outputs/t14a/papers/Recent advances on neural network pruning at initialization.json"
}