{
    "from": null,
    "scholar_id": null,
    "detail_id": null,
    "title": "RepVGG: making VGG-style ConvNets great again",
    "abstract": "We present a simple but powerful architecture of convolutional neural network, which has a VGG-like inference-time body composed of nothing but a stack of 3 \u00d7 3 convolution and ReLU, while the training-time model has a multi-branch topology. Such decoupling of the training-time and inference-time architecture is realized by a structural re-parameterization technique so that the model is named RepVGG. On ImageNet, RepVGG reaches over 80% top-1 accuracy, which is the first time for a plain model, to the best of our knowledge. On NVIDIA 1080Ti GPU, RepVGG models run 83% faster than ResNet-50 or 101% faster than ResNet-101 with higher accuracy and show favorable accuracy-speed trade-off compared to the state-of-the-art models like EfficientNet and RegNet. The code and trained models are available at https://github.com/megvii-model/RepVGG.",
    "arxivid": "2101.03697v3",
    "bib_name": "RepVGG:mak25",
    "md_text": "# RepVGG: making VGG-style ConvNets great again\n\n\nabstract\n\nWe present a simple but powerful architecture of convolutional neural network, which has a VGG-like inference-time body composed of nothing but a stack of 3 \u00d7 3 convolution and ReLU, while the training-time model has a multi-branch topology. Such decoupling of the training-time and inference-time architecture is realized by a structural re-parameterization technique so that the model is named RepVGG. On ImageNet, RepVGG reaches over 80% top-1 accuracy, which is the first time for a plain model, to the best of our knowledge. On NVIDIA 1080Ti GPU, RepVGG models run 83% faster than ResNet-50 or 101% faster than ResNet-101 with higher accuracy and show favorable accuracy-speed trade-off compared to the state-of-the-art models like EfficientNet and RegNet. The code and trained models are available at https://github.com/megvii-model/RepVGG.",
    "paper_type": "method",
    "attri": {
        "background": "This paper addresses the issue of improving the performance of convolutional neural networks (CNNs) by introducing a new architecture that combines the simplicity of VGG with advanced training techniques.",
        "problem": {
            "definition": "The problem is the limitation of existing CNN architectures in achieving high accuracy while maintaining efficiency during inference, particularly with plain models.",
            "key obstacle": "The main challenge is the difficulty in balancing model complexity and inference speed while ensuring high accuracy in performance metrics."
        },
        "idea": {
            "intuition": "The idea was inspired by the need for a model that can decouple training and inference architectures to enhance performance without increasing complexity.",
            "opinion": "The proposed idea is to utilize a simple VGG-like structure for inference while employing a multi-branch topology during training, allowing for better optimization.",
            "innovation": "The key innovation lies in the structural re-parameterization technique that enables the separation of training and inference architectures, leading to improved accuracy and efficiency."
        },
        "method": {
            "method name": "RepVGG",
            "method abbreviation": "RepVGG",
            "method definition": "RepVGG is a convolutional neural network architecture that employs a stack of 3 \u00d7 3 convolutions and ReLU for inference while utilizing a multi-branch structure during training.",
            "method description": "The core of the method is the structural re-parameterization that allows for a simple inference-time architecture with a complex training-time model.",
            "method steps": "1. Train the model using a multi-branch topology; 2. Apply structural re-parameterization; 3. Use a VGG-like architecture for inference.",
            "principle": "This method is effective because it leverages the strengths of VGG architectures for inference while optimizing the training process through a more complex design."
        },
        "experiments": {
            "evaluation setting": "The evaluation was conducted on the ImageNet dataset, comparing RepVGG with baseline methods like ResNet-50 and state-of-the-art models such as EfficientNet.",
            "evaluation method": "Performance was assessed based on top-1 accuracy and inference speed, measuring how quickly the models run while achieving high accuracy."
        },
        "conclusion": "RepVGG achieves over 80% top-1 accuracy on ImageNet and demonstrates significant speed improvements over traditional architectures, marking a breakthrough for plain models.",
        "discussion": {
            "advantage": "The main advantages include high accuracy, faster inference times compared to existing models, and the ability to maintain simplicity in the architecture.",
            "limitation": "A potential limitation is that the model's complexity during training may require more resources and time compared to simpler architectures.",
            "future work": "Future research could explore further optimizations in the training process and the application of RepVGG to other tasks beyond image classification."
        },
        "other info": {
            "code availability": "The code and trained models are available at https://github.com/megvii-model/RepVGG."
        }
    },
    "mount_outline": [
        {
            "section number": "1.1",
            "key information": "The problem is the limitation of existing CNN architectures in achieving high accuracy while maintaining efficiency during inference, particularly with plain models."
        },
        {
            "section number": "1.2",
            "key information": "Highlighting the goal of improving performance in CNNs through a new architecture that combines simplicity with advanced training techniques."
        },
        {
            "section number": "2.1",
            "key information": "RepVGG is a convolutional neural network architecture that employs a stack of 3 \u00d7 3 convolutions and ReLU for inference while utilizing a multi-branch structure during training."
        },
        {
            "section number": "2.2",
            "key information": "The core of the method is the structural re-parameterization that allows for a simple inference-time architecture with a complex training-time model."
        },
        {
            "section number": "3.1",
            "key information": "The proposed idea is to utilize a simple VGG-like structure for inference while employing a multi-branch topology during training, allowing for better optimization."
        },
        {
            "section number": "4.1",
            "key information": "Performance was assessed based on top-1 accuracy and inference speed, measuring how quickly the models run while achieving high accuracy."
        },
        {
            "section number": "5.1",
            "key information": "RepVGG achieves over 80% top-1 accuracy on ImageNet and demonstrates significant speed improvements over traditional architectures."
        },
        {
            "section number": "6.2",
            "key information": "Future research could explore further optimizations in the training process and the application of RepVGG to other tasks beyond image classification."
        }
    ],
    "similarity_score": null,
    "image": null,
    "path": "/home/liudingyuan/code/SurveyX/code/SurveyX-main/outputs/t14a/papers/RepVGG_ making VGG-style ConvNets great again.json"
}