{
    "from": null,
    "scholar_id": null,
    "detail_id": null,
    "title": "Rethinking graph lottery tickets: Graph sparsity matters",
    "abstract": "Lottery Ticket Hypothesis (LTH) claims the existence of a winning ticket (i.e., a properly pruned sub-network together with original weight initialization) that can achieve competitive performance to the original dense network. A recent work, called UGS, extended LTH to prune graph neural networks (GNNs) for effectively accelerating GNN inference. UGS simultaneously prunes the graph adjacency matrix and the model weights using the same masking mechanism, but since the roles of the graph adjacency matrix and the weight matrices are very different, we find that their sparsifications lead to different performance characteristics. Specifically, we find that the performance of a sparsified GNN degrades significantly when the graph sparsity goes beyond a certain extent. Therefore, we propose two techniques to improve GNN performance when the graph sparsity is high. First, UGS prunes the adjacency matrix using a loss formulation which, however, does not properly involve all elements of the adjacency matrix; in contrast, we add a new auxiliary loss head to better guide the edge pruning by involving the entire adjacency matrix. Second, by regarding unfavorable graph sparsification as adversarial data perturbations, we formulate the pruning process as a min-max optimization problem to gain the robustness of lottery tickets when the graph sparsity is high. We further investigate the question: Can the\"retrainable\"winning ticket of a GNN be also effective for graph transferring learning? We call it the transferable graph lottery ticket (GLT) hypothesis. Extensive experiments were conducted which demonstrate the superiority of our proposed sparsification method over UGS, and which empirically verified our transferable GLT hypothesis.",
    "arxivid": "2305.02190v1",
    "bib_name": "Rethinking90",
    "md_text": "# Rethinking graph lottery tickets: Graph sparsity matters\n\n\nabstract\n\nLottery Ticket Hypothesis (LTH) claims the existence of a winning ticket (i.e., a properly pruned sub-network together with original weight initialization) that can achieve competitive performance to the original dense network. A recent work, called UGS, extended LTH to prune graph neural networks (GNNs) for effectively accelerating GNN inference. UGS simultaneously prunes the graph adjacency matrix and the model weights using the same masking mechanism, but since the roles of the graph adjacency matrix and the weight matrices are very different, we find that their sparsifications lead to different performance characteristics. Specifically, we find that the performance of a sparsified GNN degrades significantly when the graph sparsity goes beyond a certain extent. Therefore, we propose two techniques to improve GNN performance when the graph sparsity is high. First, UGS prunes the adjacency matrix using a loss formulation which, however, does not properly involve all elements of the adjacency matrix; in contrast, we add a new auxiliary loss head to better guide the edge pruning by involving the entire adjacency matrix. Second, by regarding unfavorable graph sparsification as adversarial data perturbations, we formulate the pruning process as a min-max optimization problem to gain the robustness of lottery tickets when the graph sparsity is high. We further investigate the question: Can the\"retrainable\"winning ticket of a GNN be also effective for graph transferring learning? We call it the transferable graph lottery ticket (GLT) hypothesis. Extensive experiments were conducted which demonstrate the superiority of our proposed sparsification method over UGS, and which empirically verified our transferable GLT hypothesis.",
    "paper_type": "method",
    "attri": {
        "background": "This paper addresses the issue of graph neural networks (GNNs) and their performance degradation when the graph sparsity exceeds a certain threshold, building upon the Lottery Ticket Hypothesis (LTH) and previous methods like UGS that pruned GNNs.",
        "problem": {
            "definition": "The problem is the significant performance degradation of sparsified GNNs when the graph sparsity is too high, which current methods fail to address adequately.",
            "key obstacle": "The core obstacle is the differing roles of the graph adjacency matrix and weight matrices, leading to performance characteristics that are not effectively captured by existing pruning methods."
        },
        "idea": {
            "intuition": "The intuition is that by better understanding the roles of the adjacency matrix and weight matrices, and by improving the pruning process, it is possible to enhance GNN performance even at high sparsity levels.",
            "opinion": "The proposed idea involves introducing a new auxiliary loss head for edge pruning and treating unfavorable graph sparsification as adversarial perturbations, leading to a min-max optimization formulation.",
            "innovation": "The primary innovation is the introduction of techniques that utilize the entire adjacency matrix for pruning and a new optimization approach that enhances robustness against high graph sparsity."
        },
        "method": {
            "method name": "Graph Lottery Ticket Method",
            "method abbreviation": "GLT",
            "method definition": "This method involves pruning the graph adjacency matrix and model weights while incorporating a new auxiliary loss to guide edge pruning and framing the pruning process as a min-max optimization problem.",
            "method description": "The core of the method is to enhance GNN performance by improving the pruning process and ensuring robustness against high sparsity.",
            "method steps": [
                "Introduce a new auxiliary loss head for edge pruning.",
                "Utilize the entire adjacency matrix in the loss formulation.",
                "Formulate the pruning as a min-max optimization problem to increase robustness."
            ],
            "principle": "The method is effective due to its ability to better manage the roles of the adjacency matrix and weight matrices, leading to improved performance even with high graph sparsity."
        },
        "experiments": {
            "evaluation setting": "Extensive experiments were conducted comparing the proposed method with UGS on various datasets to assess performance under different levels of graph sparsity.",
            "evaluation method": "The performance was measured by analyzing the results of the pruning methods and verifying the effectiveness of the transferable GLT hypothesis."
        },
        "conclusion": "The experiments demonstrated the superiority of the proposed sparsification method over UGS and validated the transferable GLT hypothesis, indicating significant contributions to the field of GNNs.",
        "discussion": {
            "advantage": "The key advantages include improved performance of GNNs at high sparsity levels and the ability to transfer learned representations effectively.",
            "limitation": "One limitation may be the complexity introduced by the new auxiliary loss head and the min-max optimization, which could impact computational efficiency.",
            "future work": "Future research could focus on further refining the pruning techniques and exploring additional applications of the transferable GLT hypothesis in different types of networks."
        },
        "other info": []
    },
    "mount_outline": [
        {
            "section number": "2.4",
            "key information": "The problem is the significant performance degradation of sparsified GNNs when the graph sparsity is too high, which current methods fail to address adequately."
        },
        {
            "section number": "3.3",
            "key information": "The primary innovation is the introduction of techniques that utilize the entire adjacency matrix for pruning and a new optimization approach that enhances robustness against high graph sparsity."
        },
        {
            "section number": "4.1",
            "key information": "The performance was measured by analyzing the results of the pruning methods and verifying the effectiveness of the transferable GLT hypothesis."
        },
        {
            "section number": "5.1",
            "key information": "The core of the method is to enhance GNN performance by improving the pruning process and ensuring robustness against high sparsity."
        },
        {
            "section number": "6.2",
            "key information": "Future research could focus on further refining the pruning techniques and exploring additional applications of the transferable GLT hypothesis in different types of networks."
        }
    ],
    "similarity_score": null,
    "image": null,
    "path": "/home/liudingyuan/code/SurveyX/code/SurveyX-main/outputs/t14a/papers/Rethinking graph lottery tickets_ Graph sparsity matters.json"
}