{
    "from": null,
    "scholar_id": null,
    "detail_id": null,
    "title": "Rethinking the value of network pruning",
    "abstract": "Network pruning is widely used for reducing the heavy inference cost of deep models in low-resource settings. A typical pruning algorithm is a three-stage pipeline, i.e., training (a large model), pruning and fine-tuning. During pruning, according to a certain criterion, redundant weights are pruned and important weights are kept to best preserve the accuracy. In this work, we make several surprising observations which contradict common beliefs. For all state-of-the-art structured pruning algorithms we examined, fine-tuning a pruned model only gives comparable or worse performance than training that model with randomly initialized weights. For pruning algorithms which assume a predefined target network architecture, one can get rid of the full pipeline and directly train the target network from scratch. Our observations are consistent for multiple network architectures, datasets, and tasks, which imply that: 1) training a large, over-parameterized model is often not necessary to obtain an efficient final model, 2) learned \"important\" weights of the large model are typically not useful for the small pruned model, 3) the pruned architecture itself, rather than a set of inherited \"important\" weights, is more crucial to the efficiency in the final model, which suggests that in some cases pruning can be useful as an architecture search paradigm. Our results suggest the need for more careful baseline evaluations in future research on structured pruning methods. We also compare with the \"Lottery Ticket Hypothesis\" (Frankle & Carbin 2019), and find that with optimal learning rate, the \"winning ticket\" initialization as used in Frankle & Carbin (2019) does not bring improvement over random initialization.",
    "arxivid": "1810.05270v2",
    "bib_name": "Rethinking85",
    "md_text": "# Rethinking the value of network pruning\n\n\nabstract\n\nNetwork pruning is widely used for reducing the heavy inference cost of deep models in low-resource settings. A typical pruning algorithm is a three-stage pipeline, i.e., training (a large model), pruning and fine-tuning. During pruning, according to a certain criterion, redundant weights are pruned and important weights are kept to best preserve the accuracy. In this work, we make several surprising observations which contradict common beliefs. For all state-of-the-art structured pruning algorithms we examined, fine-tuning a pruned model only gives comparable or worse performance than training that model with randomly initialized weights. For pruning algorithms which assume a predefined target network architecture, one can get rid of the full pipeline and directly train the target network from scratch. Our observations are consistent for multiple network architectures, datasets, and tasks, which imply that: 1) training a large, over-parameterized model is often not necessary to obtain an efficient final model, 2) learned \"important\" weights of the large model are typically not useful for the small pruned model, 3) the pruned architecture itself, rather than a set of inherited \"important\" weights, is more crucial to the efficiency in the final model, which suggests that in some cases pruning can be useful as an architecture search paradigm. Our results suggest the need for more careful baseline evaluations in future research on structured pruning methods. We also compare with the \"Lottery Ticket Hypothesis\" (Frankle & Carbin 2019), and find that with optimal learning rate, the \"winning ticket\" initialization as used in Frankle & Carbin (2019) does not bring improvement over random initialization.",
    "paper_type": "benchmark",
    "attri": {
        "background": "Network pruning is a technique employed to reduce the inference cost of deep models, particularly in low-resource settings. The necessity for this benchmark arises from the need to evaluate the effectiveness of various pruning algorithms and their impact on model performance in a more nuanced manner.",
        "problem": {
            "definition": "The benchmark is designed to address the efficacy of structured pruning algorithms in improving model performance without the need for extensive training of large models.",
            "key obstacle": "Existing benchmarks often assume that fine-tuning pruned models will yield better performance, which this benchmark challenges by demonstrating that such assumptions may not hold true."
        },
        "idea": {
            "intuition": "The observations leading to this benchmark stem from the realization that fine-tuning pruned models does not necessarily enhance their performance compared to models trained from scratch.",
            "opinion": "The authors believe that this benchmark is crucial for reevaluating the assumptions surrounding structured pruning methods and their effectiveness.",
            "innovation": "This benchmark differs from previous ones by focusing on direct training of target networks rather than relying on pruned weights from larger models, thus proposing a new perspective on model efficiency.",
            "benchmark abbreviation": "NP"
        },
        "dataset": {
            "source": "The dataset was sourced from multiple existing datasets used in evaluating structured pruning algorithms across various tasks.",
            "desc": "The dataset includes a range of architectures and tasks to comprehensively assess the performance of pruning algorithms.",
            "content": "The dataset consists of various deep learning models and their performance metrics across different tasks, including accuracy and inference cost.",
            "size": "-",
            "domain": "Deep Learning",
            "task format": "Model Evaluation"
        },
        "metrics": {
            "metric name": "Accuracy, Inference Cost",
            "aspect": "Model performance and efficiency",
            "principle": "The metrics were chosen based on their relevance to evaluating the effectiveness of pruning methods in maintaining model accuracy while reducing computational costs.",
            "procedure": "Models were evaluated based on their accuracy and inference cost after applying pruning techniques and comparing them to models trained from scratch."
        },
        "experiments": {
            "model": "State-of-the-art structured pruning models and randomly initialized models.",
            "procedure": "Models were subjected to a three-stage pipeline, but the emphasis was on direct training of target networks without the full pruning pipeline.",
            "result": "The experiments revealed that pruned models often performed comparably or worse than models trained from scratch, challenging previous assumptions.",
            "variability": "Variability was accounted for by testing multiple architectures and datasets to ensure robust conclusions."
        },
        "conclusion": "The findings suggest that the traditional approach to pruning may be flawed, prompting a reevaluation of structured pruning methods and their assumptions.",
        "discussion": {
            "advantage": "This benchmark contributes to the field by questioning established practices in model pruning and encouraging more rigorous evaluations.",
            "limitation": "The benchmark may not account for all possible scenarios in pruning, and further research is needed to explore its applicability across different architectures.",
            "future work": "Future research should focus on exploring alternative pruning strategies and their implications for model efficiency and performance."
        },
        "other info": []
    },
    "mount_outline": [
        {
            "section number": "2.2",
            "key information": "Network pruning is a technique employed to reduce the inference cost of deep models, particularly in low-resource settings."
        },
        {
            "section number": "2.4",
            "key information": "The benchmark is designed to address the efficacy of structured pruning algorithms in improving model performance without the need for extensive training of large models."
        },
        {
            "section number": "4.1",
            "key information": "The metrics chosen for evaluation include accuracy and inference cost, which are relevant to assessing the effectiveness of pruning methods."
        },
        {
            "section number": "5.1",
            "key information": "The experiments revealed that pruned models often performed comparably or worse than models trained from scratch, challenging previous assumptions."
        },
        {
            "section number": "6.2",
            "key information": "Future research should focus on exploring alternative pruning strategies and their implications for model efficiency and performance."
        },
        {
            "section number": "7",
            "key information": "The findings suggest that the traditional approach to pruning may be flawed, prompting a reevaluation of structured pruning methods and their assumptions."
        }
    ],
    "similarity_score": null,
    "image": null,
    "path": "/home/liudingyuan/code/SurveyX/code/SurveyX-main/outputs/t14a/papers/Rethinking the value of network pruning.json"
}