{
    "from": null,
    "scholar_id": null,
    "detail_id": null,
    "title": "Rigging the lottery: Making all tickets winners",
    "abstract": "Many applications require sparse neural networks due to space or inference time restrictions. There is a large body of work on training dense networks to yield sparse networks for inference, but this limits the size of the largest trainable sparse model to that of the largest trainable dense model. In this paper we introduce a method to train sparse neural networks with a fixed parameter count and a fixed computational cost throughout training, without sacrificing accuracy relative to existing dense-to-sparse training methods. Our method updates the topology of the sparse network during training by using parameter magnitudes and infrequent gradient calculations. We show that this approach requires fewer floating-point operations (FLOPs) to achieve a given level of accuracy compared to prior techniques. We demonstrate state-of-the-art sparse training results on a variety of networks and datasets, including ResNet-50, MobileNets on Imagenet-2012, and RNNs on WikiText-103. Finally, we provide some insights into why allowing the topology to change during the optimization can overcome local minima encountered when the topology remains static. Code used in our work can be found in this http URL.",
    "arxivid": "1911.11134v3",
    "bib_name": "Riggingthe67",
    "md_text": "# Rigging the lottery: Making all tickets winners\n\n\nabstract\n\nMany applications require sparse neural networks due to space or inference time restrictions. There is a large body of work on training dense networks to yield sparse networks for inference, but this limits the size of the largest trainable sparse model to that of the largest trainable dense model. In this paper we introduce a method to train sparse neural networks with a fixed parameter count and a fixed computational cost throughout training, without sacrificing accuracy relative to existing dense-to-sparse training methods. Our method updates the topology of the sparse network during training by using parameter magnitudes and infrequent gradient calculations. We show that this approach requires fewer floating-point operations (FLOPs) to achieve a given level of accuracy compared to prior techniques. We demonstrate state-of-the-art sparse training results on a variety of networks and datasets, including ResNet-50, MobileNets on Imagenet-2012, and RNNs on WikiText-103. Finally, we provide some insights into why allowing the topology to change during the optimization can overcome local minima encountered when the topology remains static. Code used in our work can be found in this http URL.",
    "paper_type": "method",
    "attri": {
        "background": "This paper addresses the issue of training sparse neural networks while maintaining a fixed parameter count and computational cost throughout training, contrasting with previous methods that rely on dense-to-sparse training, which limits the size of the largest trainable sparse model.",
        "problem": {
            "definition": "The problem is the difficulty of training sparse neural networks effectively without compromising accuracy or exceeding computational constraints.",
            "key obstacle": "The core obstacle is that existing methods are limited by the largest trainable dense model, which restricts the potential of sparse networks."
        },
        "idea": {
            "intuition": "The intuition behind the proposed idea is that by allowing the topology of the sparse network to change during training, it can adapt more effectively to the optimization landscape.",
            "opinion": "The proposed idea involves dynamically updating the topology of the sparse network based on parameter magnitudes and infrequent gradient calculations, which can lead to better performance.",
            "innovation": "The primary innovation lies in the method's ability to maintain a fixed computational cost while enabling dynamic changes in the network topology, setting it apart from traditional dense-to-sparse training methods."
        },
        "method": {
            "method name": "Dynamic Sparse Training",
            "method abbreviation": "DST",
            "method definition": "Dynamic Sparse Training is a method that trains sparse neural networks by updating their topology during training, using parameter magnitudes and infrequent gradient calculations to maintain a fixed computational cost.",
            "method description": "The core of the method involves adapting the network structure dynamically to optimize performance without increasing computational requirements.",
            "method steps": "1. Initialize a sparse network with a fixed parameter count. 2. During training, update the topology based on parameter magnitudes. 3. Perform infrequent gradient calculations to adjust the network. 4. Maintain a fixed computational cost throughout the training process.",
            "principle": "This method is effective because it allows the network to escape local minima by adapting its structure, which enhances the optimization process."
        },
        "experiments": {
            "evaluation setting": "The experiments were conducted on various networks including ResNet-50 and MobileNets on Imagenet-2012, and RNNs on WikiText-103, comparing performance against baseline methods.",
            "evaluation method": "The evaluation involved measuring the accuracy achieved with fewer floating-point operations (FLOPs) and analyzing the performance improvements over existing techniques."
        },
        "conclusion": "The results demonstrate state-of-the-art performance in sparse training, showing that the proposed method effectively overcomes limitations of previous approaches and provides insights into the benefits of dynamic topology adjustments.",
        "discussion": {
            "advantage": "The key advantage of the proposed approach is its ability to maintain accuracy while reducing the computational cost, allowing for training of larger sparse models.",
            "limitation": "A limitation of the method may include the complexity of implementing dynamic topology updates and the potential for increased training time due to infrequent gradient calculations.",
            "future work": "Future research could explore further optimizations in the dynamic topology update process and investigate applications of this method in other types of neural network architectures."
        },
        "other info": []
    },
    "mount_outline": [
        {
            "section number": "2.2",
            "key information": "Dynamic Sparse Training is a method that trains sparse neural networks by updating their topology during training, using parameter magnitudes and infrequent gradient calculations to maintain a fixed computational cost."
        },
        {
            "section number": "2.4",
            "key information": "The problem is the difficulty of training sparse neural networks effectively without compromising accuracy or exceeding computational constraints."
        },
        {
            "section number": "3.3",
            "key information": "The primary innovation lies in the method's ability to maintain a fixed computational cost while enabling dynamic changes in the network topology, setting it apart from traditional dense-to-sparse training methods."
        },
        {
            "section number": "4.1",
            "key information": "The evaluation involved measuring the accuracy achieved with fewer floating-point operations (FLOPs) and analyzing the performance improvements over existing techniques."
        },
        {
            "section number": "5.1",
            "key information": "The results demonstrate state-of-the-art performance in sparse training, showing that the proposed method effectively overcomes limitations of previous approaches and provides insights into the benefits of dynamic topology adjustments."
        },
        {
            "section number": "6.1",
            "key information": "The key advantage of the proposed approach is its ability to maintain accuracy while reducing the computational cost, allowing for training of larger sparse models."
        }
    ],
    "similarity_score": null,
    "image": null,
    "path": "/home/liudingyuan/code/SurveyX/code/SurveyX-main/outputs/t14a/papers/Rigging the lottery_ Making all tickets winners.json"
}