{
    "from": null,
    "scholar_id": null,
    "detail_id": null,
    "title": "Robust pruning at initialization",
    "abstract": "Overparameterized Neural Networks (NN) display state-of-the-art performance. However, there is a growing need for smaller, energy-efficient, neural networks tobe able to use machine learning applications on devices with limited computational resources. A popular approach consists of using pruning techniques. While these techniques have traditionally focused on pruning pre-trained NN (LeCun et al.,1990; Hassibi et al., 1993), recent work by Lee et al. (2018) has shown promising results when pruning at initialization. However, for Deep NNs, such procedures remain unsatisfactory as the resulting pruned networks can be difficult to train and, for instance, they do not prevent one layer from being fully pruned. In this paper, we provide a comprehensive theoretical analysis of Magnitude and Gradient based pruning at initialization and training of sparse architectures. This allows us to propose novel principled approaches which we validate experimentally on a variety of NN architectures.",
    "arxivid": "2002.08797v5",
    "bib_name": "Robustprun179",
    "md_text": "# Robust pruning at initialization\n\n\nabstract\n\nOverparameterized Neural Networks (NN) display state-of-the-art performance. However, there is a growing need for smaller, energy-efficient, neural networks tobe able to use machine learning applications on devices with limited computational resources. A popular approach consists of using pruning techniques. While these techniques have traditionally focused on pruning pre-trained NN (LeCun et al.,1990; Hassibi et al., 1993), recent work by Lee et al. (2018) has shown promising results when pruning at initialization. However, for Deep NNs, such procedures remain unsatisfactory as the resulting pruned networks can be difficult to train and, for instance, they do not prevent one layer from being fully pruned. In this paper, we provide a comprehensive theoretical analysis of Magnitude and Gradient based pruning at initialization and training of sparse architectures. This allows us to propose novel principled approaches which we validate experimentally on a variety of NN architectures.",
    "paper_type": "method",
    "attri": {
        "background": "This paper addresses the issue of creating smaller, energy-efficient neural networks to facilitate machine learning applications on devices with limited computational resources, highlighting the limitations of traditional pruning techniques that focus on pre-trained neural networks.",
        "problem": {
            "definition": "The problem is the difficulty in effectively training pruned deep neural networks, particularly when traditional pruning methods do not prevent entire layers from being pruned.",
            "key obstacle": "The core obstacle is that existing pruning techniques at initialization do not yield satisfactory results, leading to challenges in training the resulting sparse architectures."
        },
        "idea": {
            "intuition": "The intuition behind the proposed idea is rooted in the need for a more effective pruning strategy that can be applied at initialization, which can enhance the training process of deep neural networks.",
            "opinion": "The proposed idea involves a comprehensive theoretical analysis of Magnitude and Gradient based pruning at initialization, leading to novel approaches for training sparse neural network architectures.",
            "innovation": "The primary innovation lies in the introduction of principled methods for pruning at initialization that improve upon existing techniques by addressing the training difficulties associated with sparse networks."
        },
        "method": {
            "method name": "Robust Pruning at Initialization",
            "method abbreviation": "RPI",
            "method definition": "Robust Pruning at Initialization is a method that applies pruning techniques based on Magnitude and Gradient analysis at the initialization stage of neural networks to facilitate better training of sparse architectures.",
            "method description": "The core of the method involves a theoretical framework for pruning that enhances the training of deep neural networks by preventing entire layers from being pruned.",
            "method steps": "1. Analyze the neural network architecture. 2. Apply Magnitude and Gradient based pruning at initialization. 3. Train the resulting sparse architecture. 4. Evaluate performance against baseline methods.",
            "principle": "The effectiveness of this method is supported by the theoretical analysis which demonstrates that appropriate pruning at initialization can lead to better training outcomes and more efficient neural networks."
        },
        "experiments": {
            "evaluation setting": "The experiments were conducted on a variety of neural network architectures, comparing the performance of the proposed pruning method against baseline methods.",
            "evaluation method": "The evaluation involved measuring the performance of the pruned networks during training and assessing their effectiveness in terms of accuracy and computational efficiency."
        },
        "conclusion": "The outcomes of the experiments indicate that the proposed robust pruning method at initialization significantly improves the training of sparse neural networks, contributing to the development of smaller and more efficient models.",
        "discussion": {
            "advantage": "The key advantages of the proposed approach include improved training stability and the ability to maintain performance while reducing model size.",
            "limitation": "A limitation of the method may be its reliance on specific network architectures, which could impact its generalizability across different types of neural networks.",
            "future work": "Future work should focus on optimizing the pruning techniques for a broader range of architectures and exploring the integration of this method with other model compression strategies."
        },
        "other info": []
    },
    "mount_outline": [
        {
            "section number": "1.1",
            "key information": "This paper addresses the issue of creating smaller, energy-efficient neural networks to facilitate machine learning applications on devices with limited computational resources."
        },
        {
            "section number": "1.2",
            "key information": "The key goals of this survey include presenting a comprehensive theoretical analysis of pruning techniques and proposing novel approaches for training sparse neural network architectures."
        },
        {
            "section number": "2.4",
            "key information": "The proposed method, Robust Pruning at Initialization, applies pruning techniques based on Magnitude and Gradient analysis at the initialization stage of neural networks."
        },
        {
            "section number": "3.1",
            "key information": "The core obstacle in existing pruning techniques is that they do not prevent entire layers from being pruned, leading to challenges in training sparse architectures."
        },
        {
            "section number": "4.1",
            "key information": "The evaluation involved measuring the performance of the pruned networks during training and assessing their effectiveness in terms of accuracy and computational efficiency."
        },
        {
            "section number": "5.1",
            "key information": "The outcomes of the experiments indicate that the proposed robust pruning method at initialization significantly improves the training of sparse neural networks."
        },
        {
            "section number": "6.2",
            "key information": "Future work should focus on optimizing the pruning techniques for a broader range of architectures and exploring the integration of this method with other model compression strategies."
        }
    ],
    "similarity_score": null,
    "image": null,
    "path": "/home/liudingyuan/code/SurveyX/code/SurveyX-main/outputs/t14a/papers/Robust pruning at initialization.json"
}