{
    "from": null,
    "scholar_id": null,
    "detail_id": null,
    "title": "Sanity checks for lottery tickets: Does your winning ticket really win the jackpot?",
    "abstract": "There have been long-standing controversies and inconsistencies over the experiment setup and criteria for identifying the\"winning ticket\"in literature. To reconcile such, we revisit the definition of lottery ticket hypothesis, with comprehensive and more rigorous conditions. Under our new definition, we show concrete evidence to clarify whether the winning ticket exists across the major DNN architectures and/or applications. Through extensive experiments, we perform quantitative analysis on the correlations between winning tickets and various experimental factors, and empirically study the patterns of our observations. We find that the key training hyperparameters, such as learning rate and training epochs, as well as the architecture characteristics such as capacities and residual connections, are all highly correlated with whether and when the winning tickets can be identified. Based on our analysis, we summarize a guideline for parameter settings in regards of specific architecture characteristics, which we hope to catalyze the research progress on the topic of lottery ticket hypothesis. Our codes are publicly available at: https://github.com/boone891214/sanity-check-LTH.",
    "arxivid": "2107.00166v4",
    "bib_name": "Sanitychec100",
    "md_text": "# Sanity checks for lottery tickets: Does your winning ticket really win the jackpot?\n\n\nabstract\n\nThere have been long-standing controversies and inconsistencies over the experiment setup and criteria for identifying the\"winning ticket\"in literature. To reconcile such, we revisit the definition of lottery ticket hypothesis, with comprehensive and more rigorous conditions. Under our new definition, we show concrete evidence to clarify whether the winning ticket exists across the major DNN architectures and/or applications. Through extensive experiments, we perform quantitative analysis on the correlations between winning tickets and various experimental factors, and empirically study the patterns of our observations. We find that the key training hyperparameters, such as learning rate and training epochs, as well as the architecture characteristics such as capacities and residual connections, are all highly correlated with whether and when the winning tickets can be identified. Based on our analysis, we summarize a guideline for parameter settings in regards of specific architecture characteristics, which we hope to catalyze the research progress on the topic of lottery ticket hypothesis. Our codes are publicly available at: https://github.com/boone891214/sanity-check-LTH.",
    "paper_type": "benchmark",
    "attri": {
        "background": "There have been long-standing controversies and inconsistencies over the experiment setup and criteria for identifying the 'winning ticket' in literature. This benchmark is necessary to clarify whether the winning ticket exists across major DNN architectures and applications, fitting into the broader research landscape of deep learning and model optimization.",
        "problem": {
            "definition": "The benchmark is designed to address the identification of winning tickets in deep neural networks (DNNs) and the factors influencing their existence.",
            "key obstacle": "Existing benchmarks lack rigorous definitions and consistent criteria for identifying winning tickets, leading to confusion and inconsistent results in the literature."
        },
        "idea": {
            "intuition": "The thought process behind the benchmark stems from the need to reconcile discrepancies in the literature regarding the lottery ticket hypothesis.",
            "opinion": "The authors believe that establishing a clear and rigorous benchmark will significantly impact the understanding and research of the lottery ticket hypothesis in DNNs.",
            "innovation": "This benchmark offers a more comprehensive and rigorous definition of winning tickets, addressing the inconsistencies of previous benchmarks and providing clear guidelines for parameter settings.",
            "benchmark abbreviation": "LTH"
        },
        "dataset": {
            "source": "The dataset was created through extensive experiments on various DNN architectures, utilizing real-world data and synthetic data as needed.",
            "desc": "The dataset includes quantitative analyses of winning tickets across different architectures and training conditions, providing a robust basis for evaluation.",
            "content": "The dataset includes various forms of performance metrics related to DNN architectures, such as training hyperparameters and architectural characteristics.",
            "size": "-",
            "domain": "Deep Learning",
            "task format": "Model Optimization"
        },
        "metrics": {
            "metric name": "Correlation Analysis",
            "aspect": "Model performance and identification of winning tickets.",
            "principle": "The metrics were chosen to empirically study the relationships between training conditions and winning ticket identification.",
            "procedure": "The evaluation involved extensive experiments analyzing correlations between winning tickets and various experimental factors."
        },
        "experiments": {
            "model": "The models tested include various deep neural network architectures, focusing on state-of-the-art models.",
            "procedure": "Models were trained under different hyperparameter settings, including learning rates and training epochs, to observe the impact on winning ticket identification.",
            "result": "The experiments showed significant correlations between training hyperparameters and the identification of winning tickets, providing concrete evidence for the lottery ticket hypothesis.",
            "variability": "Variability was accounted for through multiple trials and different subsets of DNN architectures."
        },
        "conclusion": "The findings clarify the conditions under which winning tickets can be identified and provide guidelines for future research in the field of deep learning.",
        "discussion": {
            "advantage": "The benchmark contributes to the field by providing a clear and rigorous framework for understanding the lottery ticket hypothesis.",
            "limitation": "Potential limitations include the generalizability of the findings across all DNN architectures and applications.",
            "future work": "Future research could explore the implications of the benchmark on various architectures and the broader impacts on model optimization strategies."
        },
        "other info": []
    },
    "mount_outline": [
        {
            "section number": "2.5",
            "key information": "The benchmark is necessary to clarify whether the winning ticket exists across major DNN architectures and applications, fitting into the broader research landscape of deep learning and model optimization."
        },
        {
            "section number": "3.1",
            "key information": "The benchmark offers a more comprehensive and rigorous definition of winning tickets, addressing the inconsistencies of previous benchmarks and providing clear guidelines for parameter settings."
        },
        {
            "section number": "4.1",
            "key information": "The experiments showed significant correlations between training hyperparameters and the identification of winning tickets, providing concrete evidence for the lottery ticket hypothesis."
        },
        {
            "section number": "5.4",
            "key information": "The findings clarify the conditions under which winning tickets can be identified and provide guidelines for future research in the field of deep learning."
        },
        {
            "section number": "6.2",
            "key information": "Future research could explore the implications of the benchmark on various architectures and the broader impacts on model optimization strategies."
        }
    ],
    "similarity_score": null,
    "image": null,
    "path": "/home/liudingyuan/code/SurveyX/code/SurveyX-main/outputs/t14a/papers/Sanity checks for lottery tickets_ Does your winning ticket really win the jackpot_.json"
}