{
    "from": null,
    "scholar_id": null,
    "detail_id": null,
    "title": "Sanity-checking pruning methods: random tickets can win the jackpot",
    "abstract": "Network pruning is a method for reducing test-time computational resource requirements with minimal performance degradation. Conventional wisdom of pruning algorithms suggests that: (1) Pruning methods exploit information from training data to find good subnetworks; (2) The architecture of the pruned network is crucial for good performance. In this paper, we conduct sanity checks for the above beliefs on several recent unstructured pruning methods and surprisingly find that: (1) A set of methods which aims to find good subnetworks of the randomly-initialized network (which we call \"initial tickets\"), hardly exploits any information from the training data; (2) For the pruned networks obtained by these methods, randomly changing the preserved weights in each layer, while keeping the total number of preserved weights unchanged per layer, does not affect the final performance. These findings inspire us to choose a series of simple \\emph{data-independent} prune ratios for each layer, and randomly prune each layer accordingly to get a subnetwork (which we call \"random tickets\"). Experimental results show that our zero-shot random tickets outperform or attain a similar performance compared to existing \"initial tickets\". In addition, we identify one existing pruning method that passes our sanity checks. We hybridize the ratios in our random ticket with this method and propose a new method called \"hybrid tickets\", which achieves further improvement. (Our code is publicly available at this https URL)",
    "arxivid": "2009.11094v2",
    "bib_name": "Sanity-che43",
    "md_text": "# Sanity-checking pruning methods: random tickets can win the jackpot\n\n\nabstract\n\nNetwork pruning is a method for reducing test-time computational resource requirements with minimal performance degradation. Conventional wisdom of pruning algorithms suggests that: (1) Pruning methods exploit information from training data to find good subnetworks; (2) The architecture of the pruned network is crucial for good performance. In this paper, we conduct sanity checks for the above beliefs on several recent unstructured pruning methods and surprisingly find that: (1) A set of methods which aims to find good subnetworks of the randomly-initialized network (which we call \"initial tickets\"), hardly exploits any information from the training data; (2) For the pruned networks obtained by these methods, randomly changing the preserved weights in each layer, while keeping the total number of preserved weights unchanged per layer, does not affect the final performance. These findings inspire us to choose a series of simple \\emph{data-independent} prune ratios for each layer, and randomly prune each layer accordingly to get a subnetwork (which we call \"random tickets\"). Experimental results show that our zero-shot random tickets outperform or attain a similar performance compared to existing \"initial tickets\". In addition, we identify one existing pruning method that passes our sanity checks. We hybridize the ratios in our random ticket with this method and propose a new method called \"hybrid tickets\", which achieves further improvement. (Our code is publicly available at this https URL)",
    "paper_type": "method",
    "attri": {
        "background": "This paper addresses the issue of network pruning, which is a method for reducing computational resource requirements during testing with minimal performance degradation. It challenges the conventional wisdom that pruning methods rely heavily on training data and that the architecture of the pruned network is crucial for performance.",
        "problem": {
            "definition": "The problem revolves around the effectiveness of current pruning methods that are believed to leverage training data to identify optimal subnetworks.",
            "key obstacle": "The core obstacle is the reliance on training data and the assumption that the architecture of pruned networks significantly impacts their performance, which this study questions."
        },
        "idea": {
            "intuition": "The authors were inspired by the surprising finding that methods targeting good subnetworks of randomly-initialized networks do not exploit training data effectively.",
            "opinion": "The proposed idea is to use a series of simple data-independent prune ratios for each layer, resulting in a subnetwork termed 'random tickets'.",
            "innovation": "The primary innovation lies in demonstrating that random pruning can yield competitive or superior performance compared to existing methods that rely on initial tickets."
        },
        "method": {
            "method name": "Random Tickets",
            "method abbreviation": "RT",
            "method definition": "Random Tickets is a pruning method that employs data-independent ratios to prune layers of a neural network without relying on training data.",
            "method description": "This method randomly prunes each layer based on predefined ratios to create a subnetwork.",
            "method steps": "1. Define data-independent prune ratios for each layer. 2. Randomly prune each layer according to these ratios. 3. Evaluate the performance of the resulting subnetwork.",
            "principle": "The effectiveness of this method is based on the observation that randomly changing preserved weights does not significantly affect performance, suggesting that structured pruning may not be as critical as previously thought."
        },
        "experiments": {
            "evaluation setting": "The experiments were conducted using various recent unstructured pruning methods to compare the performance of random tickets against initial tickets.",
            "evaluation method": "Performance was measured by comparing the results of the random tickets and hybrid tickets against existing methods, assessing their effectiveness without reliance on training data."
        },
        "conclusion": "The experimental results indicate that zero-shot random tickets outperform or match the performance of traditional initial tickets, validating the proposed approach.",
        "discussion": {
            "advantage": "The key advantage of the proposed approach is its simplicity and independence from training data, which allows for effective pruning without the need for complex architectures.",
            "limitation": "A limitation of the method may include its reliance on the selection of appropriate data-independent prune ratios, which could vary in effectiveness across different networks.",
            "future work": "Future research could explore refining the selection of prune ratios further and investigating the integration of additional techniques to enhance pruning efficiency."
        },
        "other info": {
            "code availability": "The code for this method is publicly available at the provided URL."
        }
    },
    "mount_outline": [
        {
            "section number": "2.2",
            "key information": "Random Tickets is a pruning method that employs data-independent ratios to prune layers of a neural network without relying on training data."
        },
        {
            "section number": "2.4",
            "key information": "The primary innovation lies in demonstrating that random pruning can yield competitive or superior performance compared to existing methods that rely on initial tickets."
        },
        {
            "section number": "3.1",
            "key information": "The core obstacle is the reliance on training data and the assumption that the architecture of pruned networks significantly impacts their performance, which this study questions."
        },
        {
            "section number": "4.1",
            "key information": "Performance was measured by comparing the results of the random tickets and hybrid tickets against existing methods, assessing their effectiveness without reliance on training data."
        },
        {
            "section number": "5.1",
            "key information": "The experimental results indicate that zero-shot random tickets outperform or match the performance of traditional initial tickets, validating the proposed approach."
        },
        {
            "section number": "6.2",
            "key information": "Future research could explore refining the selection of prune ratios further and investigating the integration of additional techniques to enhance pruning efficiency."
        }
    ],
    "similarity_score": null,
    "image": null,
    "path": "/home/liudingyuan/code/SurveyX/code/SurveyX-main/outputs/t14a/papers/Sanity-checking pruning methods_ random tickets can win the jackpot.json"
}