{
    "from": null,
    "scholar_id": null,
    "detail_id": null,
    "title": "Scalable training of artificial neural networks with adaptive sparse connectivity inspired by network science",
    "abstract": "Through the success of deep learning in various domains, artificial neural networks are currently among the most used artificial intelligence methods. Taking inspiration from the network properties of biological neural networks (e.g. sparsity, scale-freeness), we argue that (contrary to general practice) artificial neural networks, too, should not have fully-connected layers. Here we propose sparse evolutionary training of artificial neural networks, an algorithm which evolves an initial sparse topology (Erd\u0151s\u2013R\u00e9nyi random graph) of two consecutive layers of neurons into a scale-free topology, during learning. Our method replaces artificial neural networks fully-connected layers with sparse ones before training, reducing quadratically the number of parameters, with no decrease in accuracy. We demonstrate our claims on restricted Boltzmann machines, multi-layer perceptrons, and convolutional neural networks for unsupervised and supervised learning on 15 datasets. Our approach has the potential to enable artificial neural networks to scale up beyond what is currently possible. Artificial neural networks are artificial intelligence computing methods which are inspired by biological neural networks. Here the authors propose a method to design neural networks as sparse scale-free networks, which leads to a reduction in computational time required for training and inference.",
    "arxivid": "1707.04780v2",
    "bib_name": "Scalabletr72",
    "md_text": "# Scalable training of artificial neural networks with adaptive sparse connectivity inspired by network science\n\n\nabstract\n\nThrough the success of deep learning in various domains, artificial neural networks are currently among the most used artificial intelligence methods. Taking inspiration from the network properties of biological neural networks (e.g. sparsity, scale-freeness), we argue that (contrary to general practice) artificial neural networks, too, should not have fully-connected layers. Here we propose sparse evolutionary training of artificial neural networks, an algorithm which evolves an initial sparse topology (Erd\u0151s\u2013R\u00e9nyi random graph) of two consecutive layers of neurons into a scale-free topology, during learning. Our method replaces artificial neural networks fully-connected layers with sparse ones before training, reducing quadratically the number of parameters, with no decrease in accuracy. We demonstrate our claims on restricted Boltzmann machines, multi-layer perceptrons, and convolutional neural networks for unsupervised and supervised learning on 15 datasets. Our approach has the potential to enable artificial neural networks to scale up beyond what is currently possible. Artificial neural networks are artificial intelligence computing methods which are inspired by biological neural networks. Here the authors propose a method to design neural networks as sparse scale-free networks, which leads to a reduction in computational time required for training and inference.",
    "paper_type": "method",
    "attri": {
        "background": "This paper addresses the issue of inefficient training in artificial neural networks due to fully-connected layers, highlighting the need for a new approach inspired by the network properties of biological neural networks.",
        "problem": {
            "definition": "The problem defined is the inefficiency in training artificial neural networks caused by their reliance on fully-connected layers, which leads to excessive computational resource requirements.",
            "key obstacle": "The core obstacle is the quadratic increase in the number of parameters associated with fully-connected layers, which hampers scalability and efficiency in training neural networks."
        },
        "idea": {
            "intuition": "The idea is inspired by the observation that biological neural networks exhibit sparse connectivity and scale-free properties, suggesting that artificial neural networks could benefit from similar structures.",
            "opinion": "The proposed idea involves evolving an initial sparse topology of two consecutive layers of neurons into a scale-free topology during the training process.",
            "innovation": "The primary innovation is the replacement of fully-connected layers with sparse layers before training, significantly reducing the number of parameters without compromising accuracy."
        },
        "method": {
            "method name": "Sparse Evolutionary Training of Artificial Neural Networks",
            "method abbreviation": "SET-ANN",
            "method definition": "SET-ANN is an algorithm that evolves an initial sparse topology of artificial neural networks into a scale-free topology during the learning phase.",
            "method description": "The method transforms fully-connected layers into sparse layers, optimizing the network structure while maintaining performance.",
            "method steps": "1. Initialize a sparse topology using an Erd\u0151s\u2013R\u00e9nyi random graph. 2. Evolve the topology into a scale-free structure during training. 3. Train the network on the specified dataset.",
            "principle": "This method is effective because it reduces the number of parameters quadratically, leading to faster training and inference times while preserving accuracy."
        },
        "experiments": {
            "evaluation setting": "The experiments were conducted on 15 datasets using restricted Boltzmann machines, multi-layer perceptrons, and convolutional neural networks for both unsupervised and supervised learning.",
            "evaluation method": "The performance of the proposed method was assessed by comparing it to baseline methods, measuring accuracy and computational efficiency."
        },
        "conclusion": "The outcomes of the experiments demonstrate that the proposed method allows artificial neural networks to scale up effectively, reducing training time and computational resources without sacrificing accuracy.",
        "discussion": {
            "advantage": "The key advantage of the proposed approach is its ability to significantly reduce the number of parameters in neural networks, leading to improved scalability and efficiency.",
            "limitation": "One limitation is that the method's effectiveness may vary depending on the specific architecture and dataset used.",
            "future work": "Future research could explore further optimizations of the topology evolution process and investigate the application of this method to more complex neural network architectures."
        },
        "other info": []
    },
    "mount_outline": [
        {
            "section number": "2.2",
            "key information": "The problem defined is the inefficiency in training artificial neural networks caused by their reliance on fully-connected layers, which leads to excessive computational resource requirements."
        },
        {
            "section number": "2.4",
            "key information": "The primary innovation is the replacement of fully-connected layers with sparse layers before training, significantly reducing the number of parameters without compromising accuracy."
        },
        {
            "section number": "3.1",
            "key information": "The idea is inspired by the observation that biological neural networks exhibit sparse connectivity and scale-free properties, suggesting that artificial neural networks could benefit from similar structures."
        },
        {
            "section number": "3.3",
            "key information": "SET-ANN is an algorithm that evolves an initial sparse topology of artificial neural networks into a scale-free topology during the learning phase."
        },
        {
            "section number": "4.2",
            "key information": "The method transforms fully-connected layers into sparse layers, optimizing the network structure while maintaining performance."
        },
        {
            "section number": "5.1",
            "key information": "The outcomes of the experiments demonstrate that the proposed method allows artificial neural networks to scale up effectively, reducing training time and computational resources without sacrificing accuracy."
        },
        {
            "section number": "6.2",
            "key information": "Future research could explore further optimizations of the topology evolution process and investigate the application of this method to more complex neural network architectures."
        }
    ],
    "similarity_score": null,
    "image": null,
    "path": "/home/liudingyuan/code/SurveyX/code/SurveyX-main/outputs/t14a/papers/Scalable training of artificial neural networks with adaptive sparse connectivity inspired by network science.json"
}