{
    "from": null,
    "scholar_id": null,
    "detail_id": null,
    "title": "SCOP: Scientific control for reliable neural network pruning",
    "abstract": "This paper proposes a reliable neural network pruning algorithm by setting up a scientific control. Existing pruning methods have developed various hypotheses to approximate the importance of filters to the network and then execute filter pruning accordingly. To increase the reliability of the results, we prefer to have a more rigorous research design by including a scientific control group as an essential part to minimize the effect of all factors except the association between the filter and expected network output. Acting as a control group, knockoff feature is generated to mimic the feature map produced by the network filter, but they are conditionally independent of the example label given the real feature map. We theoretically suggest that the knockoff condition can be approximately preserved given the information propagation of network layers. Besides the real feature map on an intermediate layer, the corresponding knockoff feature is brought in as another auxiliary input signal for the subsequent layers. Redundant filters can be discovered in the adversarial process of different features. Through experiments, we demonstrate the superiority of the proposed algorithm over state-of-the-art methods. For example, our method can reduce 57.8% parameters and 60.2% FLOPs of ResNet-101 with only 0.01% top-1 accuracy loss on ImageNet.",
    "arxivid": "2010.10732v2",
    "bib_name": "SCOP:Scien183",
    "md_text": "# SCOP: Scientific control for reliable neural network pruning\n\n\nabstract\n\nThis paper proposes a reliable neural network pruning algorithm by setting up a scientific control. Existing pruning methods have developed various hypotheses to approximate the importance of filters to the network and then execute filter pruning accordingly. To increase the reliability of the results, we prefer to have a more rigorous research design by including a scientific control group as an essential part to minimize the effect of all factors except the association between the filter and expected network output. Acting as a control group, knockoff feature is generated to mimic the feature map produced by the network filter, but they are conditionally independent of the example label given the real feature map. We theoretically suggest that the knockoff condition can be approximately preserved given the information propagation of network layers. Besides the real feature map on an intermediate layer, the corresponding knockoff feature is brought in as another auxiliary input signal for the subsequent layers. Redundant filters can be discovered in the adversarial process of different features. Through experiments, we demonstrate the superiority of the proposed algorithm over state-of-the-art methods. For example, our method can reduce 57.8% parameters and 60.2% FLOPs of ResNet-101 with only 0.01% top-1 accuracy loss on ImageNet.",
    "paper_type": "method",
    "attri": {
        "background": "This paper addresses the issue of unreliable neural network pruning methods that have developed various hypotheses to approximate the importance of filters to the network. A new breakthrough is necessary to increase the reliability of pruning results by implementing a scientific control.",
        "problem": {
            "definition": "The problem this paper aims to solve is the lack of reliability in existing neural network pruning methods, which do not adequately account for the effects of various factors on the importance of filters.",
            "key obstacle": "The core obstacle is that existing methods often fail to isolate the relationship between the filter and the expected network output, leading to unreliable pruning outcomes."
        },
        "idea": {
            "intuition": "The intuition behind the proposed idea is to incorporate a scientific control group in the pruning process to minimize external influences and better assess the importance of filters.",
            "opinion": "The proposed idea involves generating knockoff features that mimic the feature map produced by the network filter while maintaining conditional independence from the example label, thus acting as a control.",
            "innovation": "The primary innovation of this method lies in the introduction of knockoff features as an auxiliary input signal, which allows for a more rigorous evaluation of filter importance compared to existing methods."
        },
        "method": {
            "method name": "SCOP",
            "method abbreviation": "SCOP",
            "method definition": "SCOP is a neural network pruning algorithm that employs a scientific control by using knockoff features to assess the importance of filters more reliably.",
            "method description": "The core of the SCOP method involves generating knockoff features to serve as a control for the real feature map, enhancing the pruning process.",
            "method steps": "1. Generate knockoff features based on the real feature map. 2. Introduce knockoff features as auxiliary input signals for subsequent layers. 3. Execute the pruning process by identifying redundant filters through adversarial feature comparison.",
            "principle": "This method is effective because it reduces the influence of confounding factors, allowing for a clearer understanding of the relationship between filters and network output."
        },
        "experiments": {
            "evaluation setting": "The experiments were conducted using ResNet-101 on the ImageNet dataset, comparing the proposed method against state-of-the-art pruning methods.",
            "evaluation method": "The performance of the method was assessed by measuring the reduction in parameters and FLOPs, as well as the impact on top-1 accuracy."
        },
        "conclusion": "The experiments demonstrated that the SCOP method can significantly reduce parameters by 57.8% and FLOPs by 60.2%, with only a 0.01% loss in top-1 accuracy, indicating its effectiveness and reliability in neural network pruning.",
        "discussion": {
            "advantage": "The key advantage of the SCOP approach is its rigorous incorporation of scientific controls, leading to more reliable pruning outcomes compared to traditional methods.",
            "limitation": "One limitation of the method may include the computational overhead associated with generating and processing knockoff features.",
            "future work": "Future research could focus on optimizing the generation of knockoff features and exploring the applicability of SCOP to other neural network architectures."
        },
        "other info": []
    },
    "mount_outline": [
        {
            "section number": "2.2",
            "key information": "SCOP is a neural network pruning algorithm that employs a scientific control by using knockoff features to assess the importance of filters more reliably."
        },
        {
            "section number": "2.4",
            "key information": "The proposed idea involves generating knockoff features that mimic the feature map produced by the network filter while maintaining conditional independence from the example label."
        },
        {
            "section number": "3.1",
            "key information": "The key advantage of the SCOP approach is its rigorous incorporation of scientific controls, leading to more reliable pruning outcomes compared to traditional methods."
        },
        {
            "section number": "4.1",
            "key information": "The experiments demonstrated that the SCOP method can significantly reduce parameters by 57.8% and FLOPs by 60.2%, with only a 0.01% loss in top-1 accuracy."
        },
        {
            "section number": "5.2",
            "key information": "The performance of the method was assessed by measuring the reduction in parameters and FLOPs, as well as the impact on top-1 accuracy."
        },
        {
            "section number": "6.2",
            "key information": "Future research could focus on optimizing the generation of knockoff features and exploring the applicability of SCOP to other neural network architectures."
        }
    ],
    "similarity_score": null,
    "image": null,
    "path": "/home/liudingyuan/code/SurveyX/code/SurveyX-main/outputs/t14a/papers/SCOP_ Scientific control for reliable neural network pruning.json"
}