{
    "from": null,
    "scholar_id": null,
    "detail_id": null,
    "title": "Self-supervised learning: Generative or contrastive",
    "abstract": "Deep supervised learning has achieved great success in the last decade. However, its defects of heavy dependence on manual labels and vulnerability to attacks have driven people to find other paradigms. As an alternative, self-supervised learning (SSL) attracts many researchers for its soaring performance on representation learning in the last several years. Self-supervised representation learning leverages input data itself as supervision and benefits almost all types of downstream tasks. In this survey, we take a look into new self-supervised learning methods for representation in computer vision, natural language processing, and graph learning. We comprehensively review the existing empirical methods and summarize them into three main categories according to their objectives: generative, contrastive, and generative-contrastive (adversarial). We further collect related theoretical analysis on self-supervised learning to provide deeper thoughts on why self-supervised learning works. Finally, we briefly discuss open problems and future directions for self-supervised learning. An outline slide for the survey is provided<inline-formula><tex-math notation=\"LaTeX\">$^1$</tex-math><alternatives><mml:math><mml:msup><mml:mrow/><mml:mn>1</mml:mn></mml:msup></mml:math><inline-graphic xlink:href=\"liu-ieq1-3090866.gif\"/></alternatives></inline-formula>.",
    "arxivid": "2006.08218v5",
    "bib_name": "Self-super157",
    "md_text": "# Self-supervised learning: Generative or contrastive\n\n\nabstract\n\nDeep supervised learning has achieved great success in the last decade. However, its defects of heavy dependence on manual labels and vulnerability to attacks have driven people to find other paradigms. As an alternative, self-supervised learning (SSL) attracts many researchers for its soaring performance on representation learning in the last several years. Self-supervised representation learning leverages input data itself as supervision and benefits almost all types of downstream tasks. In this survey, we take a look into new self-supervised learning methods for representation in computer vision, natural language processing, and graph learning. We comprehensively review the existing empirical methods and summarize them into three main categories according to their objectives: generative, contrastive, and generative-contrastive (adversarial). We further collect related theoretical analysis on self-supervised learning to provide deeper thoughts on why self-supervised learning works. Finally, we briefly discuss open problems and future directions for self-supervised learning. An outline slide for the survey is provided<inline-formula><tex-math notation=\"LaTeX\">$^1$</tex-math><alternatives><mml:math><mml:msup><mml:mrow/><mml:mn>1</mml:mn></mml:msup></mml:math><inline-graphic xlink:href=\"liu-ieq1-3090866.gif\"/></alternatives></inline-formula>.",
    "paper_type": "survey",
    "attri": {
        "background": {
            "purpose": "This survey aims to explore the emerging paradigm of self-supervised learning (SSL) as an alternative to supervised learning, addressing its effectiveness in representation learning across various domains.",
            "scope": "The survey covers self-supervised learning methods in computer vision, natural language processing, and graph learning, while excluding traditional supervised methods and other learning paradigms not directly related to SSL."
        },
        "problem": {
            "definition": "The core issue explored is the transition from supervised learning, which relies heavily on labeled data, to self-supervised learning that utilizes the input data itself for supervision.",
            "key obstacle": "The primary challenge is the need for effective methods that can leverage unlabeled data to achieve performance comparable to or exceeding that of supervised approaches."
        },
        "architecture": {
            "perspective": "The survey categorizes self-supervised learning methods into three main types based on their objectives: generative, contrastive, and generative-contrastive (adversarial).",
            "fields/stages": "The methods are organized into categories that reflect their learning objectives and approaches, allowing for a clearer understanding of the landscape of self-supervised learning."
        },
        "conclusion": {
            "comparisions": "The survey provides a comparative analysis of the three categories of self-supervised learning methods, highlighting their effectiveness and differences in approach and outcomes.",
            "results": "Key takeaways include the identification of the strengths of self-supervised learning in representation tasks and the potential for further advancements in this area."
        },
        "discussion": {
            "advantage": "The existing research demonstrates significant achievements in representation learning, showcasing the ability of self-supervised methods to perform well without manual labeling.",
            "limitation": "Current studies often lack thorough theoretical grounding, and the performance of SSL methods can vary greatly depending on the task and data used.",
            "gaps": "Unanswered questions include the optimal conditions for SSL effectiveness and the exploration of new architectures or techniques that could enhance SSL further.",
            "future work": "Future research should focus on developing more robust theoretical frameworks, exploring hybrid methods, and investigating the scalability of SSL techniques across diverse applications."
        },
        "other info": {}
    },
    "mount_outline": [
        {
            "section number": "1.1",
            "key information": "The survey aims to explore the emerging paradigm of self-supervised learning (SSL) as an alternative to supervised learning, addressing its effectiveness in representation learning across various domains."
        },
        {
            "section number": "1.2",
            "key information": "The survey covers self-supervised learning methods in computer vision, natural language processing, and graph learning, while excluding traditional supervised methods and other learning paradigms not directly related to SSL."
        },
        {
            "section number": "2.4",
            "key information": "The core issue explored is the transition from supervised learning, which relies heavily on labeled data, to self-supervised learning that utilizes the input data itself for supervision."
        },
        {
            "section number": "2.5",
            "key information": "The primary challenge is the need for effective methods that can leverage unlabeled data to achieve performance comparable to or exceeding that of supervised approaches."
        },
        {
            "section number": "3.1",
            "key information": "The survey categorizes self-supervised learning methods into three main types based on their objectives: generative, contrastive, and generative-contrastive (adversarial)."
        },
        {
            "section number": "4.1",
            "key information": "The survey provides a comparative analysis of the three categories of self-supervised learning methods, highlighting their effectiveness and differences in approach and outcomes."
        },
        {
            "section number": "6.2",
            "key information": "Future research should focus on developing more robust theoretical frameworks, exploring hybrid methods, and investigating the scalability of SSL techniques across diverse applications."
        }
    ],
    "similarity_score": null,
    "image": null,
    "path": "/home/liudingyuan/code/SurveyX/code/SurveyX-main/outputs/t14a/papers/Self-supervised learning_ Generative or contrastive.json"
}