{
    "from": null,
    "scholar_id": null,
    "detail_id": null,
    "title": "Single shot structured pruning before training",
    "abstract": "We introduce a method to speed up training by 2x and inference by 3x in deep neural networks using structured pruning applied before training. Unlike previous works on pruning before training which prune individual weights, our work develops a methodology to remove entire channels and hidden units with the explicit aim of speeding up training and inference. We introduce a compute-aware scoring mechanism which enables pruning in units of sensitivity per FLOP removed, allowing even greater speed ups. Our method is fast, easy to implement, and needs just one forward/backward pass on a single batch of data to complete pruning before training begins.",
    "arxivid": "2007.00389v1",
    "bib_name": "Singleshot132",
    "md_text": "# Single shot structured pruning before training\n\n\nabstract\n\nWe introduce a method to speed up training by 2x and inference by 3x in deep neural networks using structured pruning applied before training. Unlike previous works on pruning before training which prune individual weights, our work develops a methodology to remove entire channels and hidden units with the explicit aim of speeding up training and inference. We introduce a compute-aware scoring mechanism which enables pruning in units of sensitivity per FLOP removed, allowing even greater speed ups. Our method is fast, easy to implement, and needs just one forward/backward pass on a single batch of data to complete pruning before training begins.",
    "paper_type": "method",
    "attri": {
        "background": "This paper addresses the issue of inefficient training and inference times in deep neural networks, highlighting the limitations of previous methods that focused on pruning individual weights rather than entire channels and hidden units.",
        "problem": {
            "definition": "The problem is the slow training and inference times in deep neural networks, which hinder their practical deployment.",
            "key obstacle": "The core obstacle is that existing pruning methods do not effectively reduce the computational burden, as they typically focus on individual weights rather than more impactful structural elements."
        },
        "idea": {
            "intuition": "The idea was inspired by the observation that removing entire channels and hidden units could lead to significant improvements in speed without sacrificing model performance.",
            "opinion": "The proposed idea involves a structured pruning approach that targets entire channels and hidden units before training, aiming to enhance both training speed and inference efficiency.",
            "innovation": "The primary innovation lies in the compute-aware scoring mechanism that allows for pruning based on sensitivity per FLOP removed, which is a significant advancement over traditional weight-based pruning methods."
        },
        "method": {
            "method name": "Single Shot Structured Pruning",
            "method abbreviation": "SSSP",
            "method definition": "SSSP is a method that applies structured pruning to entire channels and hidden units before the training process begins to enhance training and inference speed.",
            "method description": "The core of the method involves removing entire structural elements of the neural network based on a compute-aware scoring mechanism.",
            "method steps": "1. Compute sensitivity scores for channels and hidden units. 2. Prune the selected channels and hidden units based on the computed scores. 3. Proceed with training using the pruned network.",
            "principle": "The effectiveness of this method is based on the principle that removing entire channels and hidden units leads to greater reductions in computational complexity than pruning individual weights."
        },
        "experiments": {
            "evaluation setting": "The experiments were conducted on standard deep learning datasets, comparing the proposed method against baseline methods that utilize traditional weight pruning.",
            "evaluation method": "Performance was assessed through metrics such as training time reduction and inference speed, analyzed after applying the pruning method."
        },
        "conclusion": "The experiments demonstrate that the proposed SSSP method achieves a 2x speedup in training and a 3x speedup in inference, highlighting its effectiveness and contribution to the field of deep learning.",
        "discussion": {
            "advantage": "The key advantages include the significant speed improvements in both training and inference, as well as the simplicity of implementation requiring only one forward/backward pass.",
            "limitation": "A potential limitation is that the method may not be suitable for all types of neural network architectures, particularly those that require fine-tuned weight adjustments.",
            "future work": "Future research could explore the application of SSSP to a wider variety of architectures and investigate further enhancements to the scoring mechanism for even greater efficiency."
        },
        "other info": []
    },
    "mount_outline": [
        {
            "section number": "1.1",
            "key information": "The paper addresses the issue of inefficient training and inference times in deep neural networks, highlighting the limitations of previous methods that focused on pruning individual weights rather than entire channels and hidden units."
        },
        {
            "section number": "2.2",
            "key information": "The proposed method, Single Shot Structured Pruning (SSSP), applies structured pruning to entire channels and hidden units before the training process begins to enhance training and inference speed."
        },
        {
            "section number": "2.4",
            "key information": "Key concepts include structured pruning, which targets entire channels and hidden units, and compute-aware scoring mechanisms that allow for pruning based on sensitivity per FLOP removed."
        },
        {
            "section number": "3.1",
            "key information": "The paper introduces a structured pruning approach that targets entire channels and hidden units, contrasting with traditional methods that focus on individual weights."
        },
        {
            "section number": "4.1",
            "key information": "Performance was assessed through metrics such as training time reduction and inference speed, demonstrating the effectiveness of the proposed SSSP method."
        },
        {
            "section number": "5.1",
            "key information": "The experiments demonstrate that the proposed SSSP method achieves a 2x speedup in training and a 3x speedup in inference, highlighting its impact on model performance."
        },
        {
            "section number": "6.2",
            "key information": "Future research could explore the application of SSSP to a wider variety of architectures and investigate further enhancements to the scoring mechanism for even greater efficiency."
        }
    ],
    "similarity_score": null,
    "image": null,
    "path": "/home/liudingyuan/code/SurveyX/code/SurveyX-main/outputs/t14a/papers/Single shot structured pruning before training.json"
}