{
    "from": null,
    "scholar_id": null,
    "detail_id": null,
    "title": "SNIP: Single-shot network pruning based on connection sensitivity",
    "abstract": "Pruning large neural networks while maintaining their performance is often desirable due to the reduced space and time complexity. In existing methods, pruning is done within an iterative optimization procedure with either heuristically designed pruning schedules or additional hyperparameters, undermining their utility. In this work, we present a new approach that prunes a given network once at initialization prior to training. To achieve this, we introduce a saliency criterion based on connection sensitivity that identifies structurally important connections in the network for the given task. This eliminates the need for both pretraining and the complex pruning schedule while making it robust to architecture variations. After pruning, the sparse network is trained in the standard way. Our method obtains extremely sparse networks with virtually the same accuracy as the reference network on the MNIST, CIFAR-10, and Tiny-ImageNet classification tasks and is broadly applicable to various architectures including convolutional, residual and recurrent networks. Unlike existing methods, our approach enables us to demonstrate that the retained connections are indeed relevant to the given task.",
    "arxivid": "1810.02340v2",
    "bib_name": "SNIP:Singl42",
    "md_text": "# SNIP: Single-shot network pruning based on connection sensitivity\n\n\nabstract\n\nPruning large neural networks while maintaining their performance is often desirable due to the reduced space and time complexity. In existing methods, pruning is done within an iterative optimization procedure with either heuristically designed pruning schedules or additional hyperparameters, undermining their utility. In this work, we present a new approach that prunes a given network once at initialization prior to training. To achieve this, we introduce a saliency criterion based on connection sensitivity that identifies structurally important connections in the network for the given task. This eliminates the need for both pretraining and the complex pruning schedule while making it robust to architecture variations. After pruning, the sparse network is trained in the standard way. Our method obtains extremely sparse networks with virtually the same accuracy as the reference network on the MNIST, CIFAR-10, and Tiny-ImageNet classification tasks and is broadly applicable to various architectures including convolutional, residual and recurrent networks. Unlike existing methods, our approach enables us to demonstrate that the retained connections are indeed relevant to the given task.",
    "paper_type": "method",
    "attri": {
        "background": "Pruning large neural networks while maintaining their performance is often desirable due to the reduced space and time complexity. Existing methods involve iterative optimization with heuristically designed pruning schedules or additional hyperparameters, which limits their effectiveness.",
        "problem": {
            "definition": "The problem addressed is the challenge of effectively pruning neural networks to reduce complexity without sacrificing performance.",
            "key obstacle": "The main difficulty lies in the reliance on iterative optimization and complex schedules, which complicate the pruning process and may lead to suboptimal results."
        },
        "idea": {
            "intuition": "The idea is inspired by the need for a more straightforward and effective pruning method that can be applied at initialization without extensive pretraining.",
            "opinion": "The proposed idea entails a single-shot pruning method based on connection sensitivity, allowing for the identification of important connections before training begins.",
            "innovation": "The key innovation is the introduction of a saliency criterion based on connection sensitivity that simplifies the pruning process and enhances robustness across various network architectures."
        },
        "method": {
            "method name": "Single-shot network pruning",
            "method abbreviation": "SNIP",
            "method definition": "SNIP prunes a neural network once at initialization based on a saliency criterion that identifies important connections for the task at hand.",
            "method description": "The core of the method is to perform pruning before training, eliminating the need for pretraining and complex schedules.",
            "method steps": "1. Calculate connection sensitivity for the network; 2. Identify and prune unimportant connections based on sensitivity; 3. Train the resulting sparse network using standard training procedures.",
            "principle": "This method is effective because it focuses on retaining connections that are crucial for the task, thus ensuring performance is maintained while reducing complexity."
        },
        "experiments": {
            "evaluation setting": "The method was evaluated on the MNIST, CIFAR-10, and Tiny-ImageNet classification tasks, comparing the performance of the pruned networks against reference networks.",
            "evaluation method": "Performance was measured by assessing accuracy on the classification tasks after training the pruned networks."
        },
        "conclusion": "The results demonstrate that the proposed method can achieve extremely sparse networks with performance comparable to the original networks, showcasing its applicability across different architectures.",
        "discussion": {
            "advantage": "The main advantage is the simplification of the pruning process, enabling effective network reduction without the need for complex schedules or pretraining.",
            "limitation": "A potential limitation is that the method's effectiveness may vary depending on the specific architecture and task complexities.",
            "future work": "Future research could explore enhancing the saliency criterion or adapting the method for different types of neural network architectures."
        },
        "other info": []
    },
    "mount_outline": [
        {
            "section number": "1.1",
            "key information": "Pruning large neural networks while maintaining their performance is often desirable due to the reduced space and time complexity."
        },
        {
            "section number": "1.2",
            "key information": "The paper addresses the challenge of effectively pruning neural networks to reduce complexity without sacrificing performance."
        },
        {
            "section number": "2.4",
            "key information": "The proposed idea entails a single-shot pruning method based on connection sensitivity, allowing for the identification of important connections before training begins."
        },
        {
            "section number": "3.3",
            "key information": "The key innovation is the introduction of a saliency criterion based on connection sensitivity that simplifies the pruning process and enhances robustness across various network architectures."
        },
        {
            "section number": "4.1",
            "key information": "Performance was measured by assessing accuracy on the classification tasks after training the pruned networks."
        },
        {
            "section number": "5.1",
            "key information": "The results demonstrate that the proposed method can achieve extremely sparse networks with performance comparable to the original networks."
        },
        {
            "section number": "6.1",
            "key information": "The main advantage is the simplification of the pruning process, enabling effective network reduction without the need for complex schedules or pretraining."
        },
        {
            "section number": "6.2",
            "key information": "Future research could explore enhancing the saliency criterion or adapting the method for different types of neural network architectures."
        }
    ],
    "similarity_score": null,
    "image": null,
    "path": "/home/liudingyuan/code/SurveyX/code/SurveyX-main/outputs/t14a/papers/SNIP_ Single-shot network pruning based on connection sensitivity.json"
}