{
    "from": null,
    "scholar_id": null,
    "detail_id": null,
    "title": "Soft filter pruning for accelerating deep convolutional neural networks",
    "abstract": "This paper proposed a Soft Filter Pruning (SFP) method to accelerate the inference procedure of deep Convolutional Neural Networks (CNNs). Specifically, the proposed SFP enables the pruned filters to be updated when training the model after pruning. SFP has two advantages over previous works: (1) Larger model capacity. Updating previously pruned filters provides our approach with larger optimization space than fixing the filters to zero. Therefore, the network trained by our method has a larger model capacity to learn from the training data. (2) Less dependence on the pretrained model. Large capacity enables SFP to train from scratch and prune the model simultaneously. In contrast, previous filter pruning methods should be conducted on the basis of the pre-trained model to guarantee their performance. Empirically, SFP from scratch outperforms the previous filter pruning methods. Moreover, our approach has been demonstrated effective for many advanced CNN architectures. Notably, on ILSCRC-2012, SFP reduces more than 42% FLOPs on ResNet-101 with even 0.2% top-5 accuracy improvement, which has advanced the state-of-the-art. Code is publicly available on GitHub: https://github.com/he-y/softfilter-pruning",
    "arxivid": "1808.06866v1",
    "bib_name": "Softfilter68",
    "md_text": "# Soft filter pruning for accelerating deep convolutional neural networks\n\n\nabstract\n\nThis paper proposed a Soft Filter Pruning (SFP) method to accelerate the inference procedure of deep Convolutional Neural Networks (CNNs). Specifically, the proposed SFP enables the pruned filters to be updated when training the model after pruning. SFP has two advantages over previous works: (1) Larger model capacity. Updating previously pruned filters provides our approach with larger optimization space than fixing the filters to zero. Therefore, the network trained by our method has a larger model capacity to learn from the training data. (2) Less dependence on the pretrained model. Large capacity enables SFP to train from scratch and prune the model simultaneously. In contrast, previous filter pruning methods should be conducted on the basis of the pre-trained model to guarantee their performance. Empirically, SFP from scratch outperforms the previous filter pruning methods. Moreover, our approach has been demonstrated effective for many advanced CNN architectures. Notably, on ILSCRC-2012, SFP reduces more than 42% FLOPs on ResNet-101 with even 0.2% top-5 accuracy improvement, which has advanced the state-of-the-art. Code is publicly available on GitHub: https://github.com/he-y/softfilter-pruning",
    "paper_type": "method",
    "attri": {
        "background": "This paper addresses the issue of accelerating the inference procedure of deep Convolutional Neural Networks (CNNs) through a novel Soft Filter Pruning (SFP) method, highlighting the limitations of previous methods that fix pruned filters to zero and require a pre-trained model.",
        "problem": {
            "definition": "The problem is the inefficiency of inference in deep CNNs due to the large number of parameters and computations required.",
            "key obstacle": "The main challenge is that existing filter pruning methods do not allow for the optimization of pruned filters, which limits the model's capacity and performance."
        },
        "idea": {
            "intuition": "The idea is inspired by the observation that allowing pruned filters to be updated during training can enhance the model's capacity and learning ability.",
            "opinion": "The proposed SFP method allows for the simultaneous training and pruning of the model, providing a more flexible and effective approach to filter pruning.",
            "innovation": "The key innovation of SFP is that it enables the updating of pruned filters, thereby providing a larger optimization space compared to traditional methods that fix filters to zero."
        },
        "method": {
            "method name": "Soft Filter Pruning",
            "method abbreviation": "SFP",
            "method definition": "SFP is a method that allows for the dynamic updating of pruned filters during the training of CNNs, enhancing model capacity and performance.",
            "method description": "SFP accelerates CNN inference by pruning filters while simultaneously training the model, allowing for filter updates.",
            "method steps": "1. Identify and prune less important filters. 2. Update the pruned filters during training. 3. Continue training the model with the updated structure.",
            "principle": "The effectiveness of SFP lies in its ability to provide a larger optimization space by allowing pruned filters to be adjusted, leading to improved performance and capacity."
        },
        "experiments": {
            "evaluation setting": "The experiments were conducted on the ILSCRC-2012 dataset, comparing SFP against baseline methods on ResNet-101.",
            "evaluation method": "Performance was assessed by measuring the reduction in FLOPs and top-5 accuracy improvements."
        },
        "conclusion": "SFP demonstrates significant improvements in reducing FLOPs by over 42% on ResNet-101 while achieving a 0.2% increase in top-5 accuracy, showcasing its effectiveness and contribution to the field of CNNs.",
        "discussion": {
            "advantage": "The main advantages of SFP include its larger model capacity and reduced dependence on pre-trained models, allowing for training from scratch.",
            "limitation": "One limitation of the method may be its reliance on the specific architecture of CNNs, which could affect its generalizability to other models.",
            "future work": "Future research could explore enhancing SFP's applicability to a wider range of CNN architectures and improving its efficiency further."
        },
        "other info": []
    },
    "mount_outline": [
        {
            "section number": "2.2",
            "key information": "SFP is a method that allows for the dynamic updating of pruned filters during the training of CNNs, enhancing model capacity and performance."
        },
        {
            "section number": "2.4",
            "key information": "The key innovation of SFP is that it enables the updating of pruned filters, thereby providing a larger optimization space compared to traditional methods that fix filters to zero."
        },
        {
            "section number": "3.1",
            "key information": "The proposed SFP method allows for the simultaneous training and pruning of the model, providing a more flexible and effective approach to filter pruning."
        },
        {
            "section number": "4.1",
            "key information": "Performance was assessed by measuring the reduction in FLOPs and top-5 accuracy improvements."
        },
        {
            "section number": "5.1",
            "key information": "SFP demonstrates significant improvements in reducing FLOPs by over 42% on ResNet-101 while achieving a 0.2% increase in top-5 accuracy, showcasing its effectiveness and contribution to the field of CNNs."
        },
        {
            "section number": "6.2",
            "key information": "Future research could explore enhancing SFP's applicability to a wider range of CNN architectures and improving its efficiency further."
        }
    ],
    "similarity_score": null,
    "image": null,
    "path": "/home/liudingyuan/code/SurveyX/code/SurveyX-main/outputs/t14a/papers/Soft filter pruning for accelerating deep convolutional neural networks.json"
}