{
    "from": null,
    "scholar_id": null,
    "detail_id": null,
    "title": "Sora: A review on background, technology, limitations, and opportunities of large vision models",
    "abstract": "Sora is a text-to-video generative AI model, released by OpenAI in February 2024. The model is trained to generate videos of realistic or imaginative scenes from text instructions and show potential in simulating the physical world. Based on public technical reports and reverse engineering, this paper presents a comprehensive review of the model's background, related technologies, applications, remaining challenges, and future directions of text-to-video AI models. We first trace Sora's development and investigate the underlying technologies used to build this\"world simulator\". Then, we describe in detail the applications and potential impact of Sora in multiple industries ranging from film-making and education to marketing. We discuss the main challenges and limitations that need to be addressed to widely deploy Sora, such as ensuring safe and unbiased video generation. Lastly, we discuss the future development of Sora and video generation models in general, and how advancements in the field could enable new ways of human-AI interaction, boosting productivity and creativity of video generation.",
    "arxivid": "2402.17177v3",
    "bib_name": "Sora:Arevi6",
    "md_text": "# Sora: A review on background, technology, limitations, and opportunities of large vision models\n\n\nabstract\n\nSora is a text-to-video generative AI model, released by OpenAI in February 2024. The model is trained to generate videos of realistic or imaginative scenes from text instructions and show potential in simulating the physical world. Based on public technical reports and reverse engineering, this paper presents a comprehensive review of the model's background, related technologies, applications, remaining challenges, and future directions of text-to-video AI models. We first trace Sora's development and investigate the underlying technologies used to build this\"world simulator\". Then, we describe in detail the applications and potential impact of Sora in multiple industries ranging from film-making and education to marketing. We discuss the main challenges and limitations that need to be addressed to widely deploy Sora, such as ensuring safe and unbiased video generation. Lastly, we discuss the future development of Sora and video generation models in general, and how advancements in the field could enable new ways of human-AI interaction, boosting productivity and creativity of video generation.",
    "paper_type": "survey",
    "attri": {
        "background": {
            "purpose": "This paper aims to provide a comprehensive review of the Sora model, focusing on its background, technologies, applications, challenges, and future directions in text-to-video AI.",
            "scope": "The survey includes the development of Sora, its underlying technologies, applications across various industries, and challenges to deployment. Areas excluded are specific technical implementations and proprietary details of the model."
        },
        "problem": {
            "definition": "The survey focuses on the challenges and limitations of deploying large vision models like Sora, particularly in the context of safe and unbiased video generation.",
            "key obstacle": "Primary challenges include ensuring the safety and impartiality of the generated content, which poses barriers to widespread adoption."
        },
        "architecture": {
            "perspective": "The survey categorizes existing research into different aspects of video generation, highlighting the technological frameworks that underpin models like Sora.",
            "fields/stages": "The review organizes current methods into stages of development, applications, and challenges, using criteria such as technological readiness and application potential."
        },
        "conclusion": {
            "comparisions": "The paper compares various text-to-video models, discussing their effectiveness and approaches in generating realistic content.",
            "results": "Key takeaways include the identification of significant challenges in safe video generation and the potential for innovative applications across multiple industries."
        },
        "discussion": {
            "advantage": "The existing research demonstrates significant advancements in text-to-video generation, showcasing potential applications that enhance creativity and productivity.",
            "limitation": "Current studies often fall short in addressing the ethical implications and safety concerns associated with generated content.",
            "gaps": "Unanswered questions remain regarding the long-term impacts of video generation technology on society and the effectiveness of safety measures.",
            "future work": "Future research should focus on improving the safety and bias mitigation of generated content, exploring new interaction paradigms between humans and AI."
        },
        "other info": {
            "info1": "Sora was released by OpenAI in February 2024.",
            "info2": {
                "info2.1": "The model is capable of generating both realistic and imaginative scenes from text instructions.",
                "info2.2": "Applications of Sora span multiple industries, including film-making, education, and marketing."
            }
        }
    },
    "mount_outline": [
        {
            "section number": "1.1",
            "key information": "The survey highlights the significance of deep neural network pruning in enhancing model efficiency and performance improvement."
        },
        {
            "section number": "1.2",
            "key information": "The objectives of the survey include providing a comprehensive review of the Sora model, focusing on its background, technologies, applications, challenges, and future directions in text-to-video AI."
        },
        {
            "section number": "2.5",
            "key information": "The paper discusses the importance of safe and unbiased video generation in current AI implementations, which is crucial for widespread adoption."
        },
        {
            "section number": "3.1",
            "key information": "The survey categorizes existing research into different aspects of video generation, highlighting various technological frameworks that underpin models like Sora."
        },
        {
            "section number": "4.1",
            "key information": "The paper compares various text-to-video models, discussing their effectiveness and approaches in generating realistic content."
        },
        {
            "section number": "5.3",
            "key information": "The discussion addresses the impact of video generation on society and the effectiveness of safety measures, examining generalization and robustness in generated content."
        },
        {
            "section number": "6.2",
            "key information": "Future research should focus on improving the safety and bias mitigation of generated content, exploring new interaction paradigms between humans and AI."
        }
    ],
    "similarity_score": null,
    "image": null,
    "path": "/home/liudingyuan/code/SurveyX/code/SurveyX-main/outputs/t14a/papers/Sora_ A review on background, technology, limitations, and opportunities of large vision models.json"
}