{
    "from": null,
    "scholar_id": null,
    "detail_id": null,
    "title": "SOSP: Efficiently capturing global correlations by second-order structured pruning",
    "abstract": "Pruning neural networks reduces inference time and memory costs. On standard hardware, these benefits will be especially prominent if coarse-grained structures, like feature maps, are pruned. We devise two novel saliency-based methods for second-order structured pruning (SOSP) which include correlations among all structures and layers. Our main method SOSP-H employs an innovative second-order approximation, which enables saliency evaluations by fast Hessian-vector products. SOSP-H thereby scales like a first-order method despite taking into account the full Hessian. We validate SOSP-H by comparing it to our second method SOSP-I that uses a well-established Hessian approximation, and to numerous state-of-the-art methods. While SOSP-H performs on par or better in terms of accuracy, it has clear advantages in terms of scalability and efficiency. This allowed us to scale SOSP-H to large-scale vision tasks, even though it captures correlations across all layers of the network. To underscore the global nature of our pruning methods, we evaluate their performance not only by removing structures from a pretrained network, but also by detecting architectural bottlenecks. We show that our algorithms allow to systematically reveal architectural bottlenecks, which we then remove to further increase the accuracy of the networks.",
    "arxivid": "2110.11395v2",
    "bib_name": "SOSP:Effic55",
    "md_text": "# SOSP: Efficiently capturing global correlations by second-order structured pruning\n\n\nabstract\n\nPruning neural networks reduces inference time and memory costs. On standard hardware, these benefits will be especially prominent if coarse-grained structures, like feature maps, are pruned. We devise two novel saliency-based methods for second-order structured pruning (SOSP) which include correlations among all structures and layers. Our main method SOSP-H employs an innovative second-order approximation, which enables saliency evaluations by fast Hessian-vector products. SOSP-H thereby scales like a first-order method despite taking into account the full Hessian. We validate SOSP-H by comparing it to our second method SOSP-I that uses a well-established Hessian approximation, and to numerous state-of-the-art methods. While SOSP-H performs on par or better in terms of accuracy, it has clear advantages in terms of scalability and efficiency. This allowed us to scale SOSP-H to large-scale vision tasks, even though it captures correlations across all layers of the network. To underscore the global nature of our pruning methods, we evaluate their performance not only by removing structures from a pretrained network, but also by detecting architectural bottlenecks. We show that our algorithms allow to systematically reveal architectural bottlenecks, which we then remove to further increase the accuracy of the networks.",
    "paper_type": "method",
    "attri": {
        "background": "Pruning neural networks reduces inference time and memory costs. On standard hardware, these benefits will be especially prominent if coarse-grained structures, like feature maps, are pruned.",
        "problem": {
            "definition": "The problem addressed is the inefficiency of existing pruning methods that do not effectively capture global correlations among structures and layers in neural networks.",
            "key obstacle": "The main difficulty is that traditional methods often rely on first-order approximations, which do not fully utilize the information contained in the Hessian, leading to suboptimal pruning decisions."
        },
        "idea": {
            "intuition": "The idea is inspired by the observation that capturing second-order information can significantly improve the pruning process by considering correlations across all layers.",
            "opinion": "The proposed method, SOSP, utilizes second-order structured pruning to enhance the effectiveness of neural network pruning by incorporating full Hessian information.",
            "innovation": "The key innovation of SOSP lies in its second-order approximation that allows fast Hessian-vector products, enabling efficient saliency evaluations while maintaining scalability akin to first-order methods."
        },
        "method": {
            "method name": "Second-Order Structured Pruning",
            "method abbreviation": "SOSP",
            "method definition": "SOSP is a pruning method that employs second-order information to evaluate the saliency of structures in neural networks, allowing for more informed pruning decisions.",
            "method description": "SOSP captures global correlations across all layers of a neural network to enhance pruning efficiency and accuracy.",
            "method steps": "1. Compute Hessian-vector products; 2. Evaluate saliency using second-order information; 3. Prune structures based on saliency scores; 4. Validate performance through accuracy assessments.",
            "principle": "The effectiveness of SOSP is based on the principle that second-order information provides a richer understanding of the interdependencies among network parameters, leading to better pruning outcomes."
        },
        "experiments": {
            "evaluation setting": "The experiments were conducted on large-scale vision tasks, comparing SOSP-H against SOSP-I and various state-of-the-art methods.",
            "evaluation method": "Performance was assessed by measuring accuracy and efficiency metrics, including inference time and memory costs, across different pruning configurations."
        },
        "conclusion": "SOSP-H demonstrates comparable or superior accuracy to existing methods while offering significant advantages in scalability and efficiency, allowing it to be applied to larger networks effectively.",
        "discussion": {
            "advantage": "Key advantages include the ability to capture global correlations, leading to more effective pruning and the systematic identification and removal of architectural bottlenecks.",
            "limitation": "One limitation of the method may be its dependency on accurate Hessian approximations, which could affect performance if the underlying assumptions do not hold.",
            "future work": "Future research could explore further enhancements to the Hessian approximation methods and investigate additional applications of SOSP in other domains."
        },
        "other info": []
    },
    "mount_outline": [
        {
            "section number": "1.1",
            "key information": "Pruning neural networks reduces inference time and memory costs. On standard hardware, these benefits will be especially prominent if coarse-grained structures, like feature maps, are pruned."
        },
        {
            "section number": "2.2",
            "key information": "SOSP is a pruning method that employs second-order information to evaluate the saliency of structures in neural networks, allowing for more informed pruning decisions."
        },
        {
            "section number": "2.4",
            "key information": "The proposed method, SOSP, utilizes second-order structured pruning to enhance the effectiveness of neural network pruning by incorporating full Hessian information."
        },
        {
            "section number": "3.1",
            "key information": "The main difficulty is that traditional methods often rely on first-order approximations, which do not fully utilize the information contained in the Hessian, leading to suboptimal pruning decisions."
        },
        {
            "section number": "4.1",
            "key information": "Performance was assessed by measuring accuracy and efficiency metrics, including inference time and memory costs, across different pruning configurations."
        },
        {
            "section number": "5.1",
            "key information": "SOSP-H demonstrates comparable or superior accuracy to existing methods while offering significant advantages in scalability and efficiency."
        },
        {
            "section number": "6.2",
            "key information": "Future research could explore further enhancements to the Hessian approximation methods and investigate additional applications of SOSP in other domains."
        }
    ],
    "similarity_score": null,
    "image": null,
    "path": "/home/liudingyuan/code/SurveyX/code/SurveyX-main/outputs/t14a/papers/SOSP_ Efficiently capturing global correlations by second-order structured pruning.json"
}