{
    "from": null,
    "scholar_id": null,
    "detail_id": null,
    "title": "Sparse networks from scratch: Faster training without losing performance",
    "abstract": "We demonstrate the possibility of what we call sparse learning: accelerated training of deep neural networks that maintain sparse weights throughout training while achieving dense performance levels. We accomplish this by developing sparse momentum, an algorithm which uses exponentially smoothed gradients (momentum) to identify layers and weights which reduce the error efficiently. Sparse momentum redistributes pruned weights across layers according to the mean momentum magnitude of each layer. Within a layer, sparse momentum grows weights according to the momentum magnitude of zero-valued weights. We demonstrate state-of-the-art sparse performance on MNIST, CIFAR-10, and ImageNet, decreasing the mean error by a relative 8%, 15%, and 6% compared to other sparse algorithms. Furthermore, we show that sparse momentum reliably reproduces dense performance levels while providing up to 5.61x faster training. In our analysis, ablations show that the benefits of momentum redistribution and growth increase with the depth and size of the network. Additionally, we find that sparse momentum is insensitive to the choice of its hyperparameters suggesting that sparse momentum is robust and easy to use.",
    "arxivid": "1907.04840v2",
    "bib_name": "Sparsenetw78",
    "md_text": "# Sparse networks from scratch: Faster training without losing performance\n\n\nabstract\n\nWe demonstrate the possibility of what we call sparse learning: accelerated training of deep neural networks that maintain sparse weights throughout training while achieving dense performance levels. We accomplish this by developing sparse momentum, an algorithm which uses exponentially smoothed gradients (momentum) to identify layers and weights which reduce the error efficiently. Sparse momentum redistributes pruned weights across layers according to the mean momentum magnitude of each layer. Within a layer, sparse momentum grows weights according to the momentum magnitude of zero-valued weights. We demonstrate state-of-the-art sparse performance on MNIST, CIFAR-10, and ImageNet, decreasing the mean error by a relative 8%, 15%, and 6% compared to other sparse algorithms. Furthermore, we show that sparse momentum reliably reproduces dense performance levels while providing up to 5.61x faster training. In our analysis, ablations show that the benefits of momentum redistribution and growth increase with the depth and size of the network. Additionally, we find that sparse momentum is insensitive to the choice of its hyperparameters suggesting that sparse momentum is robust and easy to use.",
    "paper_type": "method",
    "attri": {
        "background": "This paper addresses the issue of training deep neural networks efficiently while maintaining sparse weights. Previous methods often struggle to balance the trade-off between sparsity and performance, necessitating a breakthrough to improve training speed without sacrificing accuracy.",
        "problem": {
            "definition": "The problem involves the challenge of training deep neural networks with sparse weights while ensuring that they achieve performance levels comparable to fully dense networks.",
            "key obstacle": "The core obstacle is that existing sparse training methods typically do not maintain dense performance levels, leading to inefficiencies and longer training times."
        },
        "idea": {
            "intuition": "The idea of sparse learning was inspired by the observation that maintaining sparsity throughout training can lead to faster convergence without compromising accuracy.",
            "opinion": "The proposed idea involves the use of a novel algorithm called sparse momentum, which strategically redistributes weights and utilizes momentum to enhance training efficiency.",
            "innovation": "The primary innovation of this method lies in its ability to maintain sparse weights while achieving state-of-the-art performance, significantly reducing training time compared to existing sparse algorithms."
        },
        "method": {
            "method name": "Sparse Momentum",
            "method abbreviation": "SM",
            "method definition": "Sparse momentum is an algorithm that employs exponentially smoothed gradients to identify and optimize the distribution of weights in deep neural networks during training.",
            "method description": "The core of the method is to use momentum to grow and redistribute weights across layers based on their contribution to reducing error.",
            "method steps": "1. Use exponentially smoothed gradients to determine weight adjustments. 2. Redistribute pruned weights according to the mean momentum magnitude of each layer. 3. Grow weights within a layer based on the momentum of zero-valued weights.",
            "principle": "This method is effective because it leverages the benefits of momentum to enhance weight adjustment, allowing for efficient training while maintaining performance."
        },
        "experiments": {
            "evaluation setting": "The experiments were conducted on datasets including MNIST, CIFAR-10, and ImageNet, comparing the performance of sparse momentum against other sparse algorithms.",
            "evaluation method": "Performance was assessed by measuring mean error rates and training speed, with ablation studies to analyze the effects of momentum redistribution and growth."
        },
        "conclusion": "The experiments demonstrate that sparse momentum achieves state-of-the-art sparse performance with significant reductions in mean error and up to 5.61x faster training compared to existing methods, while reliably reproducing dense performance levels.",
        "discussion": {
            "advantage": "The key advantages of the proposed approach include faster training times, maintenance of dense performance levels, and robustness to hyperparameter choices.",
            "limitation": "The limitations of the method may include its dependency on the architecture of the neural networks being trained, which could affect its generalizability.",
            "future work": "Future research could explore further optimizations of the sparse momentum algorithm and its application to more diverse network architectures and tasks."
        },
        "other info": []
    },
    "mount_outline": [
        {
            "section number": "1.1",
            "key information": "The paper addresses the issue of training deep neural networks efficiently while maintaining sparse weights, highlighting the importance of pruning in improving model efficiency and performance."
        },
        {
            "section number": "2.4",
            "key information": "Key concepts defined in the paper include sparse weights and the challenge of maintaining performance levels comparable to fully dense networks."
        },
        {
            "section number": "3.3",
            "key information": "The paper introduces a novel algorithm called sparse momentum, which represents a recent advancement in pruning techniques aimed at enhancing training efficiency."
        },
        {
            "section number": "4.1",
            "key information": "Performance metrics in the experiments include mean error rates and training speed, demonstrating the effectiveness of the sparse momentum method."
        },
        {
            "section number": "5.1",
            "key information": "The experiments show that sparse momentum achieves state-of-the-art performance with significant reductions in mean error and faster training times, impacting model accuracy and inference time."
        },
        {
            "section number": "6.2",
            "key information": "Future research directions mentioned in the paper include exploring further optimizations of the sparse momentum algorithm and its application to diverse network architectures."
        }
    ],
    "similarity_score": null,
    "image": null,
    "path": "/home/liudingyuan/code/SurveyX/code/SurveyX-main/outputs/t14a/papers/Sparse networks from scratch_ Faster training without losing performance.json"
}