{
    "from": null,
    "scholar_id": null,
    "detail_id": null,
    "title": "Sparsity in deep learning: pruning and growth for efficient inference and training in neural networks",
    "abstract": "The growing energy and performance costs of deep learning have driven the community to reduce the size of neural networks by selectively pruning components. Similarly to their biological counterparts, sparse networks generalize just as well, if not better than, the original dense networks. Sparsity can reduce the memory footprint of regular networks to fit mobile devices, as well as shorten training time for ever growing networks. In this paper, we survey prior work on sparsity in deep learning and provide an extensive tutorial of sparsification for both inference and training. We describe approaches to remove and add elements of neural networks, different training strategies to achieve model sparsity, and mechanisms to exploit sparsity in practice. Our work distills ideas from more than 300 research papers and provides guidance to practitioners who wish to utilize sparsity today, as well as to researchers whose goal is to push the frontier forward. We include the necessary background on mathematical methods in sparsification, describe phenomena such as early structure adaptation, the intricate relations between sparsity and the training process, and show techniques for achieving acceleration on real hardware. We also define a metric of pruned parameter efficiency that could serve as a baseline for comparison of different sparse networks. We close by speculating on how sparsity can improve future workloads and outline major open problems in the field.",
    "arxivid": "2102.00554v1",
    "bib_name": "Sparsityin36",
    "md_text": "# Sparsity in deep learning: pruning and growth for efficient inference and training in neural networks\n\n\nabstract\n\nThe growing energy and performance costs of deep learning have driven the community to reduce the size of neural networks by selectively pruning components. Similarly to their biological counterparts, sparse networks generalize just as well, if not better than, the original dense networks. Sparsity can reduce the memory footprint of regular networks to fit mobile devices, as well as shorten training time for ever growing networks. In this paper, we survey prior work on sparsity in deep learning and provide an extensive tutorial of sparsification for both inference and training. We describe approaches to remove and add elements of neural networks, different training strategies to achieve model sparsity, and mechanisms to exploit sparsity in practice. Our work distills ideas from more than 300 research papers and provides guidance to practitioners who wish to utilize sparsity today, as well as to researchers whose goal is to push the frontier forward. We include the necessary background on mathematical methods in sparsification, describe phenomena such as early structure adaptation, the intricate relations between sparsity and the training process, and show techniques for achieving acceleration on real hardware. We also define a metric of pruned parameter efficiency that could serve as a baseline for comparison of different sparse networks. We close by speculating on how sparsity can improve future workloads and outline major open problems in the field.",
    "paper_type": "survey",
    "attri": {
        "background": {
            "purpose": "This survey aims to address the growing energy and performance costs of deep learning by exploring methods to reduce the size of neural networks through sparsity, filling knowledge gaps regarding effective sparsification techniques.",
            "scope": "The survey includes topics related to the pruning and growth of neural networks for efficient inference and training. It excludes unrelated optimization methods and focuses specifically on sparsity, as this is a critical area for improving model efficiency."
        },
        "problem": {
            "definition": "The core issue being explored is how to effectively prune and grow neural networks to achieve sparsity without sacrificing performance.",
            "key obstacle": "The primary challenges include determining which components of the network to prune effectively and how to maintain or improve generalization performance during and after the sparsification process."
        },
        "architecture": {
            "perspective": "The survey introduces a framework for understanding sparsification in neural networks, categorizing existing research based on techniques for removing and adding elements, as well as training strategies.",
            "fields/stages": "The survey organizes current methods into stages such as initial sparsification, dynamic sparsity adaptation, and hardware acceleration, using criteria like effectiveness, efficiency, and practical applicability."
        },
        "conclusion": {
            "comparisions": "The survey conducts a comparative analysis of different sparsification methods, highlighting their effectiveness and the trade-offs involved in various approaches.",
            "results": "Key takeaways include the potential for sparse networks to generalize as well as dense networks and the importance of developing metrics for evaluating pruned parameter efficiency."
        },
        "discussion": {
            "advantage": "Strengths of existing research include the demonstrated ability of sparse networks to maintain performance while reducing computational requirements, making them suitable for deployment on mobile devices.",
            "limitation": "Current studies often fall short in providing comprehensive guidelines for practitioners and may not address all scenarios in which sparsity can be beneficial.",
            "gaps": "There are still unanswered questions regarding the optimal strategies for sparsification across different types of neural architectures and tasks.",
            "future work": "Emerging trends suggest a focus on dynamic sparsity methods and further exploration of sparsity's impact on future workloads, indicating a need for continued research in this area."
        },
        "other info": {
            "info1": "The survey distills ideas from more than 300 research papers.",
            "info2": {
                "info2.1": "It includes a background on mathematical methods in sparsification.",
                "info2.2": "The paper discusses early structure adaptation and the relations between sparsity and training processes."
            }
        }
    },
    "mount_outline": [
        {
            "section number": "1.1",
            "key information": "The survey aims to address the growing energy and performance costs of deep learning by exploring methods to reduce the size of neural networks through sparsity."
        },
        {
            "section number": "1.2",
            "key information": "The key goals of conducting this survey include filling knowledge gaps regarding effective sparsification techniques and focusing specifically on sparsity to improve model efficiency."
        },
        {
            "section number": "2.4",
            "key information": "The core issue being explored is how to effectively prune and grow neural networks to achieve sparsity without sacrificing performance."
        },
        {
            "section number": "2.5",
            "key information": "The survey discusses the importance of sparsity in improving model efficiency, particularly in the context of reducing computational requirements for deployment on mobile devices."
        },
        {
            "section number": "3.1",
            "key information": "The survey introduces a framework for understanding sparsification in neural networks, categorizing existing research based on techniques for removing and adding elements."
        },
        {
            "section number": "4.3",
            "key information": "The survey conducts a comparative analysis of different sparsification methods, highlighting their effectiveness and the trade-offs involved in various approaches."
        },
        {
            "section number": "5.3",
            "key information": "Key takeaways include the potential for sparse networks to generalize as well as dense networks, indicating that sparsification can maintain model performance."
        },
        {
            "section number": "6.2",
            "key information": "Emerging trends suggest a focus on dynamic sparsity methods and further exploration of sparsity's impact on future workloads, indicating a need for continued research in this area."
        }
    ],
    "similarity_score": null,
    "image": null,
    "path": "/home/liudingyuan/code/SurveyX/code/SurveyX-main/outputs/t14a/papers/Sparsity in deep learning_ pruning and growth for efficient inference and training in neural networks.json"
}