{
    "from": null,
    "scholar_id": null,
    "detail_id": null,
    "title": "Sparse training via boosting pruning plasticity with neuroregeneration",
    "abstract": "Works on lottery ticket hypothesis (LTH) and single-shot network pruning (SNIP) have raised a lot of attention currently on post-training pruning (iterative magnitude pruning), and before-training pruning (pruning at initialization). The former method suffers from an extremely large computation cost and the latter usually struggles with insufficient performance. In comparison, during-training pruning, a class of pruning methods that simultaneously enjoys the training/inference efficiency and the comparable performance, temporarily, has been less explored. To better understand during-training pruning, we quantitatively study the effect of pruning throughout training from the perspective of pruning plasticity (the ability of the pruned networks to recover the original performance). Pruning plasticity can help explain several other empirical observations about neural network pruning in literature. We further find that pruning plasticity can be substantially improved by injecting a brain-inspired mechanism called neuroregeneration, i.e., to regenerate the same number of connections as pruned. We design a novel gradual magnitude pruning (GMP) method, named gradual pruning with zero-cost neuroregeneration (\\textbf{GraNet}), that advances state of the art. Perhaps most impressively, its sparse-to-sparse version for the first time boosts the sparse-to-sparse training performance over various dense-to-sparse methods with ResNet-50 on ImageNet without extending the training time. We release all codes in https://github.com/Shiweiliuiiiiiii/GraNet.",
    "arxivid": "2106.10404v4",
    "bib_name": "Sparsetrai73",
    "md_text": "# Sparse training via boosting pruning plasticity with neuroregeneration\n\n\nabstract\n\nWorks on lottery ticket hypothesis (LTH) and single-shot network pruning (SNIP) have raised a lot of attention currently on post-training pruning (iterative magnitude pruning), and before-training pruning (pruning at initialization). The former method suffers from an extremely large computation cost and the latter usually struggles with insufficient performance. In comparison, during-training pruning, a class of pruning methods that simultaneously enjoys the training/inference efficiency and the comparable performance, temporarily, has been less explored. To better understand during-training pruning, we quantitatively study the effect of pruning throughout training from the perspective of pruning plasticity (the ability of the pruned networks to recover the original performance). Pruning plasticity can help explain several other empirical observations about neural network pruning in literature. We further find that pruning plasticity can be substantially improved by injecting a brain-inspired mechanism called neuroregeneration, i.e., to regenerate the same number of connections as pruned. We design a novel gradual magnitude pruning (GMP) method, named gradual pruning with zero-cost neuroregeneration (\\textbf{GraNet}), that advances state of the art. Perhaps most impressively, its sparse-to-sparse version for the first time boosts the sparse-to-sparse training performance over various dense-to-sparse methods with ResNet-50 on ImageNet without extending the training time. We release all codes in https://github.com/Shiweiliuiiiiiii/GraNet.",
    "paper_type": "method",
    "attri": {
        "background": "This paper addresses the issue of pruning in neural networks, focusing on the limitations of existing methods such as post-training and before-training pruning, which either incur high computational costs or yield insufficient performance. The authors emphasize the need for a new approach that balances training efficiency and performance, particularly during the training phase.",
        "problem": {
            "definition": "The problem defined in this paper revolves around the inefficiencies and performance issues associated with traditional pruning methods in neural networks, specifically highlighting the challenges faced during pre-training and post-training pruning.",
            "key obstacle": "The core obstacle is the inability of existing methods to effectively prune networks while maintaining performance and efficiency during the training process."
        },
        "idea": {
            "intuition": "The idea is inspired by the concept of pruning plasticity, which refers to the ability of pruned networks to recover their original performance, and how this can be enhanced through neuroregeneration.",
            "opinion": "The proposed idea, gradual pruning with zero-cost neuroregeneration (GraNet), aims to improve pruning plasticity by regenerating connections that are pruned, thus maintaining performance while allowing for efficient training.",
            "innovation": "The innovation lies in the introduction of a gradual magnitude pruning method that incorporates neuroregeneration, which significantly enhances the performance of sparse-to-sparse training compared to existing dense-to-sparse methods."
        },
        "method": {
            "method name": "Gradual pruning with zero-cost neuroregeneration",
            "method abbreviation": "GraNet",
            "method definition": "GraNet is a pruning method that simultaneously prunes neural network connections during training while regenerating the same number of connections to maintain performance.",
            "method description": "The core of GraNet involves gradual pruning combined with a neuroregeneration mechanism to enhance pruning plasticity.",
            "method steps": "1. Initialize the network and begin training. 2. Apply gradual pruning to reduce connections. 3. Inject neuroregeneration to restore pruned connections. 4. Continue training with the modified network.",
            "principle": "GraNet is effective because it leverages the concept of pruning plasticity, allowing networks to recover performance through neuroregeneration, thus addressing the limitations of traditional pruning methods."
        },
        "experiments": {
            "evaluation setting": "The experiments were conducted using ResNet-50 on the ImageNet dataset, comparing GraNet's performance against various dense-to-sparse methods.",
            "evaluation method": "The evaluation involved measuring the performance of GraNet in terms of accuracy and efficiency, analyzing how well it maintained performance while reducing the number of connections."
        },
        "conclusion": "The outcomes of the experiments demonstrated that GraNet advances the state of the art in sparse-to-sparse training, achieving superior performance without extending training time, thus confirming the effectiveness of the proposed method.",
        "discussion": {
            "advantage": "The key advantages of GraNet include improved performance during sparse-to-sparse training and the ability to maintain efficiency without additional computational costs.",
            "limitation": "A limitation of the method may be its dependency on the specific architecture of the neural network and the need for careful tuning of pruning parameters.",
            "future work": "Future research could explore further enhancements to the neuroregeneration mechanism and its applicability to different neural network architectures and tasks."
        },
        "other info": {}
    },
    "mount_outline": [
        {
            "section number": "2.2",
            "key information": "The problem defined in this paper revolves around the inefficiencies and performance issues associated with traditional pruning methods in neural networks, specifically highlighting the challenges faced during pre-training and post-training pruning."
        },
        {
            "section number": "2.4",
            "key information": "The idea is inspired by the concept of pruning plasticity, which refers to the ability of pruned networks to recover their original performance, and how this can be enhanced through neuroregeneration."
        },
        {
            "section number": "3.3",
            "key information": "The proposed idea, gradual pruning with zero-cost neuroregeneration (GraNet), aims to improve pruning plasticity by regenerating connections that are pruned, thus maintaining performance while allowing for efficient training."
        },
        {
            "section number": "4.1",
            "key information": "The evaluation involved measuring the performance of GraNet in terms of accuracy and efficiency, analyzing how well it maintained performance while reducing the number of connections."
        },
        {
            "section number": "5.1",
            "key information": "The outcomes of the experiments demonstrated that GraNet advances the state of the art in sparse-to-sparse training, achieving superior performance without extending training time."
        },
        {
            "section number": "6.2",
            "key information": "Future research could explore further enhancements to the neuroregeneration mechanism and its applicability to different neural network architectures and tasks."
        }
    ],
    "similarity_score": null,
    "image": null,
    "path": "/home/liudingyuan/code/SurveyX/code/SurveyX-main/outputs/t14a/papers/Sparse training via boosting pruning plasticity with neuroregeneration.json"
}