{
    "from": null,
    "scholar_id": null,
    "detail_id": null,
    "title": "Sparks of large audio models: A survey and outlook",
    "abstract": "This survey paper provides a comprehensive overview of the recent advancements and challenges in applying large language models to the field of audio signal processing. Audio processing, with its diverse signal representations and a wide range of sources--from human voices to musical instruments and environmental sounds--poses challenges distinct from those found in traditional Natural Language Processing scenarios. Nevertheless, \\textit{Large Audio Models}, epitomized by transformer-based architectures, have shown marked efficacy in this sphere. By leveraging massive amount of data, these models have demonstrated prowess in a variety of audio tasks, spanning from Automatic Speech Recognition and Text-To-Speech to Music Generation, among others. Notably, recently these Foundational Audio Models, like SeamlessM4T, have started showing abilities to act as universal translators, supporting multiple speech tasks for up to 100 languages without any reliance on separate task-specific systems. This paper presents an in-depth analysis of state-of-the-art methodologies regarding \\textit{Foundational Large Audio Models}, their performance benchmarks, and their applicability to real-world scenarios. We also highlight current limitations and provide insights into potential future research directions in the realm of \\textit{Large Audio Models} with the intent to spark further discussion, thereby fostering innovation in the next generation of audio-processing systems. Furthermore, to cope with the rapid development in this area, we will consistently update the relevant repository with relevant recent articles and their open-source implementations at https://github.com/EmulationAI/awesome-large-audio-models.",
    "arxivid": "2308.12792v3",
    "bib_name": "Sparksofla4",
    "md_text": "# Sparks of large audio models: A survey and outlook\n\n\nabstract\n\nThis survey paper provides a comprehensive overview of the recent advancements and challenges in applying large language models to the field of audio signal processing. Audio processing, with its diverse signal representations and a wide range of sources--from human voices to musical instruments and environmental sounds--poses challenges distinct from those found in traditional Natural Language Processing scenarios. Nevertheless, \\textit{Large Audio Models}, epitomized by transformer-based architectures, have shown marked efficacy in this sphere. By leveraging massive amount of data, these models have demonstrated prowess in a variety of audio tasks, spanning from Automatic Speech Recognition and Text-To-Speech to Music Generation, among others. Notably, recently these Foundational Audio Models, like SeamlessM4T, have started showing abilities to act as universal translators, supporting multiple speech tasks for up to 100 languages without any reliance on separate task-specific systems. This paper presents an in-depth analysis of state-of-the-art methodologies regarding \\textit{Foundational Large Audio Models}, their performance benchmarks, and their applicability to real-world scenarios. We also highlight current limitations and provide insights into potential future research directions in the realm of \\textit{Large Audio Models} with the intent to spark further discussion, thereby fostering innovation in the next generation of audio-processing systems. Furthermore, to cope with the rapid development in this area, we will consistently update the relevant repository with relevant recent articles and their open-source implementations at https://github.com/EmulationAI/awesome-large-audio-models.",
    "paper_type": "survey",
    "attri": {
        "background": {
            "purpose": "This survey aims to provide a comprehensive overview of advancements in applying large language models to audio signal processing, addressing knowledge gaps in how these models can be effectively utilized in this domain.",
            "scope": "The survey includes topics related to Large Audio Models, their applications in various audio tasks such as Automatic Speech Recognition, Text-To-Speech, and Music Generation, while excluding traditional Natural Language Processing methods, as the challenges in audio processing differ significantly."
        },
        "problem": {
            "definition": "The core issue explored is the application of Large Audio Models in audio signal processing and their effectiveness in handling diverse audio representations and tasks.",
            "key obstacle": "Primary challenges include the distinct nature of audio signals compared to text, the need for massive amounts of data for training, and the complexity of creating models that can generalize across various audio tasks."
        },
        "architecture": {
            "perspective": "The survey introduces a novel framework for categorizing existing research on Large Audio Models, emphasizing their transformer-based architectures and their ability to serve multiple audio processing tasks.",
            "fields/stages": "The survey organizes current methods into stages based on their application areas, such as speech recognition, music generation, and universal translation capabilities, using criteria like task specificity and model performance."
        },
        "conclusion": {
            "comparisions": "The comparative analysis reveals that different research studies vary in effectiveness, with some models excelling in specific tasks while others demonstrate broader applicability across multiple audio domains.",
            "results": "Key takeaways include the recognition of Foundational Large Audio Models as powerful tools in audio processing, their ability to support multiple languages and tasks, and the identification of current limitations that need addressing for future advancements."
        },
        "discussion": {
            "advantage": "Strengths of existing research include the successful implementation of transformer-based architectures and the ability to handle diverse audio tasks effectively, showcasing significant advancements in the field.",
            "limitation": "Current research is limited by challenges in data diversity, model generalization across tasks, and the need for more robust evaluation benchmarks.",
            "gaps": "Unanswered questions include the need for further exploration of model interpretability and the integration of audio processing with other modalities.",
            "future work": "Emerging trends suggest a focus on enhancing model robustness, exploring unsupervised learning techniques, and developing more comprehensive evaluation frameworks for audio models."
        },
        "other info": {
            "repository": "The authors will maintain an updated repository of relevant recent articles and open-source implementations at https://github.com/EmulationAI/awesome-large-audio-models."
        }
    },
    "mount_outline": [
        {
            "section number": "1.1",
            "key information": "The significance of applying Large Audio Models in audio signal processing is highlighted, addressing the distinct challenges posed by audio signals compared to text."
        },
        {
            "section number": "1.2",
            "key information": "The key goals of the survey include providing a comprehensive overview of advancements in Large Audio Models and their applications in various audio tasks such as Automatic Speech Recognition and Music Generation."
        },
        {
            "section number": "2.1",
            "key information": "The survey introduces a novel framework for categorizing existing research on Large Audio Models, emphasizing their transformer-based architectures."
        },
        {
            "section number": "2.5",
            "key information": "The importance of Large Audio Models in modern AI applications is underscored, particularly in handling diverse audio tasks effectively."
        },
        {
            "section number": "3.1",
            "key information": "The survey organizes current methods into stages based on their application areas, such as speech recognition and music generation."
        },
        {
            "section number": "4.1",
            "key information": "Comparative analysis reveals that different Large Audio Models vary in effectiveness across specific audio tasks."
        },
        {
            "section number": "5.3",
            "key information": "The discussion highlights the impact of current models on generalization across various audio tasks and the limitations related to model robustness."
        },
        {
            "section number": "6.2",
            "key information": "Future research directions include enhancing model robustness and exploring unsupervised learning techniques for audio models."
        }
    ],
    "similarity_score": null,
    "image": null,
    "path": "/home/liudingyuan/code/SurveyX/code/SurveyX-main/outputs/t14a/papers/Sparks of large audio models_ A survey and outlook.json"
}