{
    "from": null,
    "scholar_id": null,
    "detail_id": null,
    "title": "Sparse transfer learning via winning lottery tickets",
    "abstract": "The recently proposed Lottery Ticket Hypothesis of Frankle and Carbin (2019) suggests that the performance of over-parameterized deep networks is due to the random initialization seeding the network with a small fraction of favorable weights. These weights retain their dominant status throughout training -- in a very real sense, this sub-network \"won the lottery\" during initialization. The authors find sub-networks via unstructured magnitude pruning with 85-95% of parameters removed that train to the same accuracy as the original network at a similar speed, which they call winning tickets. In this paper, we extend the Lottery Ticket Hypothesis to a variety of transfer learning tasks. We show that sparse sub-networks with approximately 90-95% of weights removed achieve (and often exceed) the accuracy of the original dense network in several realistic settings. We experimentally validate this by transferring the sparse representation found via pruning on CIFAR-10 to SmallNORB and FashionMNIST for object recognition tasks.",
    "arxivid": "1905.07785v2",
    "bib_name": "Sparsetran95",
    "md_text": "# Sparse transfer learning via winning lottery tickets\n\n\nabstract\n\nThe recently proposed Lottery Ticket Hypothesis of Frankle and Carbin (2019) suggests that the performance of over-parameterized deep networks is due to the random initialization seeding the network with a small fraction of favorable weights. These weights retain their dominant status throughout training -- in a very real sense, this sub-network \"won the lottery\" during initialization. The authors find sub-networks via unstructured magnitude pruning with 85-95% of parameters removed that train to the same accuracy as the original network at a similar speed, which they call winning tickets. In this paper, we extend the Lottery Ticket Hypothesis to a variety of transfer learning tasks. We show that sparse sub-networks with approximately 90-95% of weights removed achieve (and often exceed) the accuracy of the original dense network in several realistic settings. We experimentally validate this by transferring the sparse representation found via pruning on CIFAR-10 to SmallNORB and FashionMNIST for object recognition tasks.",
    "paper_type": "benchmark",
    "attri": {
        "background": "The Lottery Ticket Hypothesis suggests that the performance of over-parameterized deep networks is due to a small fraction of favorable weights present at initialization. This benchmark is necessary to explore the effectiveness of sparse networks in transfer learning, fitting into the broader research landscape of deep learning efficiency.",
        "problem": {
            "definition": "The benchmark is designed to address the challenge of training over-parameterized networks efficiently by identifying and utilizing sparse sub-networks.",
            "key obstacle": "Existing benchmarks often do not focus on the transferability and effectiveness of sparse networks in various tasks, leaving a gap in understanding their performance across different datasets."
        },
        "idea": {
            "intuition": "The inspiration behind the benchmark stems from the observation that a small set of weights can dominate the performance of neural networks. This leads to exploring the transferability of these sparse representations.",
            "opinion": "The authors believe that this benchmark is crucial for advancing the understanding of sparse networks in transfer learning, potentially transforming model training approaches.",
            "innovation": "This benchmark differs from previous ones by specifically focusing on sparse networks' performance in transfer learning scenarios, highlighting their ability to achieve or exceed the accuracy of dense networks.",
            "benchmark abbreviation": "STL"
        },
        "dataset": {
            "source": "The dataset is sourced from established benchmarks such as CIFAR-10, SmallNORB, and FashionMNIST.",
            "desc": "The dataset comprises images used for object recognition tasks, with a focus on evaluating the performance of sparse networks.",
            "content": "The dataset includes image data relevant to object recognition tasks.",
            "size": "60,000",
            "domain": "Object Recognition",
            "task format": "Image Classification"
        },
        "metrics": {
            "metric name": "Accuracy",
            "aspect": "Model performance in classifying images correctly.",
            "principle": "Accuracy was chosen as it directly reflects the effectiveness of the models in achieving correct classifications in the benchmark.",
            "procedure": "Models were evaluated based on their accuracy on the test sets after training on the sparse representations."
        },
        "experiments": {
            "model": "The experiments tested both sparse sub-networks (winning tickets) and original dense networks.",
            "procedure": "Models were trained on the CIFAR-10 dataset, with 90-95% of weights pruned to form sparse networks, and then evaluated on SmallNORB and FashionMNIST.",
            "result": "Sparse networks achieved comparable or superior accuracy to dense networks in the transfer learning tasks.",
            "variability": "Variability was accounted for through multiple trials and by testing on different datasets."
        },
        "conclusion": "The experiments demonstrated that sparse networks can effectively transfer knowledge across tasks, achieving competitive performance while reducing computational costs.",
        "discussion": {
            "advantage": "The benchmark showcases the potential of sparse networks in transfer learning, contributing to more efficient model training.",
            "limitation": "One limitation is the reliance on specific datasets, which may not generalize to all domains.",
            "future work": "Future research could explore the application of sparse networks in additional domains and their integration into larger models."
        },
        "other info": {}
    },
    "mount_outline": [
        {
            "section number": "2.4",
            "key information": "The benchmark is designed to address the challenge of training over-parameterized networks efficiently by identifying and utilizing sparse sub-networks."
        },
        {
            "section number": "2.5",
            "key information": "The dataset is sourced from established benchmarks such as CIFAR-10, SmallNORB, and FashionMNIST, focusing on evaluating the performance of sparse networks in object recognition tasks."
        },
        {
            "section number": "3.2",
            "key information": "This benchmark differs from previous ones by specifically focusing on sparse networks' performance in transfer learning scenarios, highlighting their ability to achieve or exceed the accuracy of dense networks."
        },
        {
            "section number": "4.1",
            "key information": "Accuracy was chosen as it directly reflects the effectiveness of the models in achieving correct classifications in the benchmark."
        },
        {
            "section number": "5.1",
            "key information": "Sparse networks achieved comparable or superior accuracy to dense networks in the transfer learning tasks."
        },
        {
            "section number": "6.2",
            "key information": "Future research could explore the application of sparse networks in additional domains and their integration into larger models."
        }
    ],
    "similarity_score": null,
    "image": null,
    "path": "/home/liudingyuan/code/SurveyX/code/SurveyX-main/outputs/t14a/papers/Sparse transfer learning via winning lottery tickets.json"
}