{
    "from": null,
    "scholar_id": null,
    "detail_id": null,
    "title": "Structural pruning for diffusion models",
    "abstract": "Generative modeling has recently undergone remarkable advancements, primarily propelled by the transformative implications of Diffusion Probabilistic Models (DPMs). The impressive capability of these models, however, often entails significant computational overhead during both training and inference. To tackle this challenge, we present Diff-Pruning, an efficient compression method tailored for learning lightweight diffusion models from pre-existing ones, without the need for extensive re-training. The essence of Diff-Pruning is encapsulated in a Taylor expansion over pruned timesteps, a process that disregards non-contributory diffusion steps and ensembles informative gradients to identify important weights. Our empirical assessment, undertaken across several datasets highlights two primary benefits of our proposed method: 1) Efficiency: it enables approximately a 50\\% reduction in FLOPs at a mere 10\\% to 20\\% of the original training expenditure; 2) Consistency: the pruned diffusion models inherently preserve generative behavior congruent with their pre-trained models. Code is available at \\url{https://github.com/VainF/Diff-Pruning}.",
    "arxivid": "2305.10924v3",
    "bib_name": "Structural32",
    "md_text": "# Structural pruning for diffusion models\n\n\nabstract\n\nGenerative modeling has recently undergone remarkable advancements, primarily propelled by the transformative implications of Diffusion Probabilistic Models (DPMs). The impressive capability of these models, however, often entails significant computational overhead during both training and inference. To tackle this challenge, we present Diff-Pruning, an efficient compression method tailored for learning lightweight diffusion models from pre-existing ones, without the need for extensive re-training. The essence of Diff-Pruning is encapsulated in a Taylor expansion over pruned timesteps, a process that disregards non-contributory diffusion steps and ensembles informative gradients to identify important weights. Our empirical assessment, undertaken across several datasets highlights two primary benefits of our proposed method: 1) Efficiency: it enables approximately a 50\\% reduction in FLOPs at a mere 10\\% to 20\\% of the original training expenditure; 2) Consistency: the pruned diffusion models inherently preserve generative behavior congruent with their pre-trained models. Code is available at \\url{https://github.com/VainF/Diff-Pruning}.",
    "paper_type": "method",
    "attri": {
        "background": "Generative modeling has recently undergone remarkable advancements, primarily propelled by the transformative implications of Diffusion Probabilistic Models (DPMs). The impressive capability of these models, however, often entails significant computational overhead during both training and inference.",
        "problem": {
            "definition": "The problem addressed in this paper is the significant computational overhead associated with training and inference in Diffusion Probabilistic Models (DPMs).",
            "key obstacle": "The core obstacle preventing existing methods from effectively solving this problem is the extensive computational resources required for training and inference in DPMs."
        },
        "idea": {
            "intuition": "The intuition behind the proposed idea stems from the need to reduce computational overhead while maintaining the generative capabilities of diffusion models.",
            "opinion": "The proposed idea, Diff-Pruning, is an efficient compression method designed for learning lightweight diffusion models from pre-existing ones without extensive re-training.",
            "innovation": "The primary innovation of Diff-Pruning lies in its use of a Taylor expansion over pruned timesteps to disregard non-contributory diffusion steps while preserving important weights."
        },
        "method": {
            "method name": "Diff-Pruning",
            "method abbreviation": "DP",
            "method definition": "Diff-Pruning is a method that enables the learning of lightweight diffusion models by efficiently compressing existing models without the need for extensive re-training.",
            "method description": "The core of Diff-Pruning involves pruning non-contributory diffusion steps and using ensemble informative gradients to identify important weights.",
            "method steps": "1) Identify non-contributory diffusion steps; 2) Apply Taylor expansion over the pruned timesteps; 3) Ensemble informative gradients; 4) Retain important weights for model compression.",
            "principle": "The effectiveness of Diff-Pruning in solving the problem is supported by its ability to significantly reduce computational overhead while preserving the generative behavior of the original models."
        },
        "experiments": {
            "evaluation setting": "The empirical assessment was undertaken across several datasets to evaluate the performance of Diff-Pruning.",
            "evaluation method": "The evaluation method involved measuring the reduction in FLOPs and the preservation of generative behavior in the pruned models compared to their pre-trained counterparts."
        },
        "conclusion": "The outcomes of the experiments demonstrate that Diff-Pruning achieves approximately a 50% reduction in FLOPs with only 10% to 20% of the original training expenditure, while maintaining the generative behavior of the original models.",
        "discussion": {
            "advantage": "The key advantages of Diff-Pruning include significant efficiency in computational resource usage and the preservation of generative capabilities.",
            "limitation": "The limitations of the method may include potential challenges in identifying the most effective pruning strategy for varying model architectures.",
            "future work": "Future work could focus on refining the pruning strategy and exploring the applicability of Diff-Pruning across different types of generative models."
        },
        "other info": {
            "code repository": "https://github.com/VainF/Diff-Pruning"
        }
    },
    "mount_outline": [
        {
            "section number": "1.1",
            "key information": "Pruning is important for reducing computational overhead while maintaining the generative capabilities of models, which enhances model efficiency and performance."
        },
        {
            "section number": "2.2",
            "key information": "Diff-Pruning is an efficient compression method designed for learning lightweight diffusion models from pre-existing ones without extensive re-training."
        },
        {
            "section number": "3.3",
            "key information": "Diff-Pruning innovatively uses a Taylor expansion over pruned timesteps to disregard non-contributory diffusion steps while preserving important weights."
        },
        {
            "section number": "4.2",
            "key information": "Diff-Pruning achieves approximately a 50% reduction in FLOPs, demonstrating significant computational efficiency."
        },
        {
            "section number": "5.1",
            "key information": "The method maintains the generative behavior of the original models while significantly reducing the computational overhead during inference."
        },
        {
            "section number": "6.2",
            "key information": "Future work could focus on refining the pruning strategy and exploring the applicability of Diff-Pruning across different types of generative models."
        }
    ],
    "similarity_score": null,
    "image": null,
    "path": "/home/liudingyuan/code/SurveyX/code/SurveyX-main/outputs/t14a/papers/Structural pruning for diffusion models.json"
}