{
    "from": null,
    "scholar_id": null,
    "detail_id": null,
    "title": "Structured pruning learns compact and accurate models",
    "abstract": "The growing size of neural language models has led to increased attention in model compression. The two predominant approaches are pruning, which gradually removes weights from a pre-trained model, and distillation, which trains a smaller compact model to match a larger one. Pruning methods can significantly reduce the model size but hardly achieve large speedups as distillation. However, distillation methods require large amounts of unlabeled data and are expensive to train. In this work, we propose a task-specific structured pruning method CoFi (Coarse- and Fine-grained Pruning), which delivers highly parallelizable subnetworks and matches the distillation methods in both accuracy and latency, without resorting to any unlabeled data. Our key insight is to jointly prune coarse-grained (e.g., layers) and fine-grained (e.g., heads and hidden units) modules, which controls the pruning decision of each parameter with masks of different granularity. We also devise a layerwise distillation strategy to transfer knowledge from unpruned to pruned models during optimization. Our experiments on GLUE and SQuAD datasets show that CoFi yields models with over 10X speedups with a small accuracy drop, showing its effectiveness and efficiency compared to previous pruning and distillation approaches.",
    "arxivid": "2204.00408v3",
    "bib_name": "Structured108",
    "md_text": "# Structured pruning learns compact and accurate models\n\n\nabstract\n\nThe growing size of neural language models has led to increased attention in model compression. The two predominant approaches are pruning, which gradually removes weights from a pre-trained model, and distillation, which trains a smaller compact model to match a larger one. Pruning methods can significantly reduce the model size but hardly achieve large speedups as distillation. However, distillation methods require large amounts of unlabeled data and are expensive to train. In this work, we propose a task-specific structured pruning method CoFi (Coarse- and Fine-grained Pruning), which delivers highly parallelizable subnetworks and matches the distillation methods in both accuracy and latency, without resorting to any unlabeled data. Our key insight is to jointly prune coarse-grained (e.g., layers) and fine-grained (e.g., heads and hidden units) modules, which controls the pruning decision of each parameter with masks of different granularity. We also devise a layerwise distillation strategy to transfer knowledge from unpruned to pruned models during optimization. Our experiments on GLUE and SQuAD datasets show that CoFi yields models with over 10X speedups with a small accuracy drop, showing its effectiveness and efficiency compared to previous pruning and distillation approaches.",
    "paper_type": "method",
    "attri": {
        "background": "The growing size of neural language models has led to increased attention in model compression. The two predominant approaches are pruning, which gradually removes weights from a pre-trained model, and distillation, which trains a smaller compact model to match a larger one. Pruning methods can significantly reduce the model size but hardly achieve large speedups as distillation. However, distillation methods require large amounts of unlabeled data and are expensive to train.",
        "problem": {
            "definition": "The problem addressed in this paper is the inefficiency of existing model compression techniques, particularly the limitations of pruning in achieving speedups compared to distillation and the high costs of distillation due to the need for unlabeled data.",
            "key obstacle": "The core obstacle is that while pruning reduces model size, it does not provide the same level of computational speedup as distillation, which is hindered by the requirement for extensive unlabeled datasets."
        },
        "idea": {
            "intuition": "The intuition behind the proposed method is to simultaneously prune both coarse-grained and fine-grained modules, which allows for more effective decision-making in the pruning process.",
            "opinion": "The proposed method, CoFi (Coarse- and Fine-grained Pruning), aims to deliver highly parallelizable subnetworks that achieve both accuracy and latency comparable to distillation methods without needing unlabeled data.",
            "innovation": "The primary innovation lies in the joint pruning of coarse and fine-grained modules and the introduction of a layerwise distillation strategy, which differentiates it from existing pruning and distillation approaches."
        },
        "method": {
            "method name": "CoFi",
            "method abbreviation": "Coarse- and Fine-grained Pruning",
            "method definition": "CoFi is a structured pruning method that combines coarse and fine-grained pruning to optimize model compression while maintaining performance.",
            "method description": "CoFi jointly prunes coarse and fine-grained modules to create compact and efficient subnetworks.",
            "method steps": "1. Identify coarse-grained and fine-grained modules. 2. Apply masks of different granularity to control pruning decisions. 3. Implement a layerwise distillation strategy to transfer knowledge during optimization.",
            "principle": "This method is effective because it allows for a more nuanced pruning process that retains model performance while significantly reducing size and improving speed."
        },
        "experiments": {
            "evaluation setting": "Experiments were conducted on the GLUE and SQuAD datasets to assess the performance of the CoFi method.",
            "evaluation method": "The performance was measured by comparing the accuracy and latency of the pruned models against baseline methods."
        },
        "conclusion": "The experiments demonstrate that CoFi achieves over 10X speedups with minimal accuracy drop, showcasing its effectiveness and efficiency compared to previous pruning and distillation methods.",
        "discussion": {
            "advantage": "Key advantages include the ability to achieve significant speedups while maintaining accuracy without the need for unlabeled data.",
            "limitation": "A limitation of the method may include potential challenges in the initial setup of the pruning strategy and the complexity of implementing the layerwise distillation.",
            "future work": "Future research could focus on refining the pruning strategy further and exploring its application to other types of neural models and tasks."
        },
        "other info": []
    },
    "mount_outline": [
        {
            "section number": "1.1",
            "key information": "The growing size of neural language models has led to increased attention in model compression, emphasizing the importance of pruning in achieving model efficiency."
        },
        {
            "section number": "2.2",
            "key information": "Pruning methods can significantly reduce the model size but hardly achieve large speedups as distillation."
        },
        {
            "section number": "2.4",
            "key information": "Pruning is defined as the gradual removal of weights from a pre-trained model, which is crucial for optimizing neural networks."
        },
        {
            "section number": "3.1",
            "key information": "The proposed method, CoFi (Coarse- and Fine-grained Pruning), represents a structured pruning technique that combines coarse and fine-grained pruning."
        },
        {
            "section number": "3.3",
            "key information": "The primary innovation of CoFi lies in the joint pruning of coarse and fine-grained modules, differentiating it from existing pruning and distillation approaches."
        },
        {
            "section number": "4.1",
            "key information": "The performance of the CoFi method was evaluated by comparing the accuracy and latency of the pruned models against baseline methods."
        },
        {
            "section number": "5.1",
            "key information": "The experiments demonstrate that CoFi achieves over 10X speedups with minimal accuracy drop, showcasing its effectiveness and efficiency."
        },
        {
            "section number": "6.1",
            "key information": "CoFi provides a strategy for selecting pruning methods that can achieve significant speedups while maintaining accuracy without the need for unlabeled data."
        }
    ],
    "similarity_score": null,
    "image": null,
    "path": "/home/liudingyuan/code/SurveyX/code/SurveyX-main/outputs/t14a/papers/Structured pruning learns compact and accurate models.json"
}