{
    "from": null,
    "scholar_id": null,
    "detail_id": null,
    "title": "Structured pruning for deep convolutional neural networks: A survey",
    "abstract": "The remarkable performance of deep Convolutional neural networks (CNNs) is generally attributed to their deeper and wider architectures, which can come with significant computational costs. Pruning neural networks has thus gained interest since it effectively lowers storage and computational costs. In contrast to weight pruning, which results in unstructured models, structured pruning provides the benefit of realistic acceleration by producing models that are friendly to hardware implementation. The special requirements of structured pruning have led to the discovery of numerous new challenges and the development of innovative solutions. This article surveys the recent progress towards structured pruning of deep CNNs. We summarize and compare the state-of-the-art structured pruning techniques with respect to filter ranking methods, regularization methods, dynamic execution, neural architecture search, the lottery ticket hypothesis, and the applications of pruning. While discussing structured pruning algorithms, we briefly introduce the unstructured pruning counterpart to emphasize their differences. Furthermore, we provide insights into potential research opportunities in the field of structured pruning. A curated list of neural network pruning papers can be found at: https://github.com/he-y/Awesome-Pruning. A dedicated website offering a more interactive comparison of structured pruning methods can be found at: https://huggingface.co/spaces/he-yang/Structured-Pruning-Survey.",
    "arxivid": "2303.00566v2",
    "bib_name": "Structured30",
    "md_text": "# Structured pruning for deep convolutional neural networks: A survey\n\n\nabstract\n\nThe remarkable performance of deep Convolutional neural networks (CNNs) is generally attributed to their deeper and wider architectures, which can come with significant computational costs. Pruning neural networks has thus gained interest since it effectively lowers storage and computational costs. In contrast to weight pruning, which results in unstructured models, structured pruning provides the benefit of realistic acceleration by producing models that are friendly to hardware implementation. The special requirements of structured pruning have led to the discovery of numerous new challenges and the development of innovative solutions. This article surveys the recent progress towards structured pruning of deep CNNs. We summarize and compare the state-of-the-art structured pruning techniques with respect to filter ranking methods, regularization methods, dynamic execution, neural architecture search, the lottery ticket hypothesis, and the applications of pruning. While discussing structured pruning algorithms, we briefly introduce the unstructured pruning counterpart to emphasize their differences. Furthermore, we provide insights into potential research opportunities in the field of structured pruning. A curated list of neural network pruning papers can be found at: https://github.com/he-y/Awesome-Pruning. A dedicated website offering a more interactive comparison of structured pruning methods can be found at: https://huggingface.co/spaces/he-yang/Structured-Pruning-Survey.",
    "paper_type": "survey",
    "attri": {
        "background": {
            "purpose": "This survey aims to address the computational costs associated with deep Convolutional Neural Networks (CNNs) by exploring structured pruning techniques that effectively lower storage and computational requirements while maintaining performance.",
            "scope": "The survey focuses on structured pruning methods for deep CNNs, including filter ranking methods, regularization methods, dynamic execution, neural architecture search, and the lottery ticket hypothesis. It excludes unstructured pruning in detail but briefly discusses it to highlight differences."
        },
        "problem": {
            "definition": "The core issue explored in this survey is the challenge of reducing the computational costs of deep CNNs without significantly sacrificing their performance.",
            "key obstacle": "The primary challenges include the development of effective structured pruning techniques that can be implemented in hardware while addressing the unique requirements of structured pruning."
        },
        "architecture": {
            "perspective": "The survey introduces a framework for categorizing structured pruning techniques based on their methodologies and applications, emphasizing the practicality of these methods in real-world scenarios.",
            "fields/stages": "The survey organizes current methods into categories such as filter ranking, regularization techniques, dynamic execution strategies, and neural architecture search, using criteria related to effectiveness and applicability in hardware."
        },
        "conclusion": {
            "comparisions": "The survey conducts a comparative analysis of various structured pruning techniques, assessing their effectiveness, approaches, and outcomes in relation to computational efficiency and performance retention.",
            "results": "Key takeaways indicate that structured pruning methods can significantly reduce the computational burden of CNNs while offering practical advantages for hardware implementation."
        },
        "discussion": {
            "advantage": "The existing research has achieved notable advancements in structured pruning, demonstrating effective methods that balance performance with reduced computational costs.",
            "limitation": "Current studies often fall short in addressing the full spectrum of challenges associated with structured pruning, particularly in terms of generalizability and adaptability across different architectures.",
            "gaps": "There remain unanswered questions regarding the optimal strategies for structured pruning and the exploration of new architectures that can benefit from these techniques.",
            "future work": "Future research should focus on emerging trends in structured pruning, including the integration of advanced optimization techniques and the exploration of novel neural architectures that leverage pruning for enhanced efficiency."
        },
        "other info": {
            "curated list": "A curated list of neural network pruning papers can be found at: https://github.com/he-y/Awesome-Pruning",
            "interactive comparison": "A dedicated website offering a more interactive comparison of structured pruning methods can be found at: https://huggingface.co/spaces/he-yang/Structured-Pruning-Survey"
        }
    },
    "mount_outline": [
        {
            "section number": "1.1",
            "key information": "The survey aims to address the computational costs associated with deep Convolutional Neural Networks (CNNs) by exploring structured pruning techniques that effectively lower storage and computational requirements while maintaining performance."
        },
        {
            "section number": "1.2",
            "key information": "The survey focuses on structured pruning methods for deep CNNs, including filter ranking methods, regularization methods, dynamic execution, neural architecture search, and the lottery ticket hypothesis."
        },
        {
            "section number": "2.2",
            "key information": "The core issue explored in this survey is the challenge of reducing the computational costs of deep CNNs without significantly sacrificing their performance."
        },
        {
            "section number": "2.4",
            "key information": "The survey introduces a framework for categorizing structured pruning techniques based on their methodologies and applications, emphasizing the practicality of these methods in real-world scenarios."
        },
        {
            "section number": "3.1",
            "key information": "The survey organizes current methods into categories such as filter ranking, regularization techniques, dynamic execution strategies, and neural architecture search."
        },
        {
            "section number": "4.1",
            "key information": "The survey conducts a comparative analysis of various structured pruning techniques, assessing their effectiveness, approaches, and outcomes in relation to computational efficiency and performance retention."
        },
        {
            "section number": "5.1",
            "key information": "Key takeaways indicate that structured pruning methods can significantly reduce the computational burden of CNNs while offering practical advantages for hardware implementation."
        },
        {
            "section number": "6.2",
            "key information": "Future research should focus on emerging trends in structured pruning, including the integration of advanced optimization techniques and the exploration of novel neural architectures that leverage pruning for enhanced efficiency."
        }
    ],
    "similarity_score": null,
    "image": null,
    "path": "/home/liudingyuan/code/SurveyX/code/SurveyX-main/outputs/t14a/papers/Structured pruning for deep convolutional neural networks_ A survey.json"
}