{
    "from": null,
    "scholar_id": null,
    "detail_id": null,
    "title": "The elastic lottery ticket hypothesis",
    "abstract": "Lottery Ticket Hypothesis (LTH) raises keen attention to identifying sparse trainable subnetworks, or winning tickets, which can be trained in isolation to achieve similar or even better performance compared to the full models. Despite many efforts being made, the most effective method to identify such winning tickets is still Iterative Magnitude-based Pruning (IMP), which is computationally expensive and has to be run thoroughly for every different network. A natural question that comes in is: can we\"transform\"the winning ticket found in one network to another with a different architecture, yielding a winning ticket for the latter at the beginning, without re-doing the expensive IMP? Answering this question is not only practically relevant for efficient\"once-for-all\"winning ticket finding, but also theoretically appealing for uncovering inherently scalable sparse patterns in networks. We conduct extensive experiments on CIFAR-10 and ImageNet, and propose a variety of strategies to tweak the winning tickets found from different networks of the same model family (e.g., ResNets). Based on these results, we articulate the Elastic Lottery Ticket Hypothesis (E-LTH): by mindfully replicating (or dropping) and re-ordering layers for one network, its corresponding winning ticket could be stretched (or squeezed) into a subnetwork for another deeper (or shallower) network from the same family, whose performance is nearly the same competitive as the latter's winning ticket directly found by IMP. We have also extensively compared E-LTH with pruning-at-initialization and dynamic sparse training methods, as well as discussed the generalizability of E-LTH to different model families, layer types, and across datasets. Code is available at https://github.com/VITA-Group/ElasticLTH.",
    "arxivid": "2103.16547v3",
    "bib_name": "Theelastic151",
    "md_text": "# The elastic lottery ticket hypothesis\n\n\nabstract\n\nLottery Ticket Hypothesis (LTH) raises keen attention to identifying sparse trainable subnetworks, or winning tickets, which can be trained in isolation to achieve similar or even better performance compared to the full models. Despite many efforts being made, the most effective method to identify such winning tickets is still Iterative Magnitude-based Pruning (IMP), which is computationally expensive and has to be run thoroughly for every different network. A natural question that comes in is: can we\"transform\"the winning ticket found in one network to another with a different architecture, yielding a winning ticket for the latter at the beginning, without re-doing the expensive IMP? Answering this question is not only practically relevant for efficient\"once-for-all\"winning ticket finding, but also theoretically appealing for uncovering inherently scalable sparse patterns in networks. We conduct extensive experiments on CIFAR-10 and ImageNet, and propose a variety of strategies to tweak the winning tickets found from different networks of the same model family (e.g., ResNets). Based on these results, we articulate the Elastic Lottery Ticket Hypothesis (E-LTH): by mindfully replicating (or dropping) and re-ordering layers for one network, its corresponding winning ticket could be stretched (or squeezed) into a subnetwork for another deeper (or shallower) network from the same family, whose performance is nearly the same competitive as the latter's winning ticket directly found by IMP. We have also extensively compared E-LTH with pruning-at-initialization and dynamic sparse training methods, as well as discussed the generalizability of E-LTH to different model families, layer types, and across datasets. Code is available at https://github.com/VITA-Group/ElasticLTH.",
    "paper_type": "method",
    "attri": {
        "background": "The Lottery Ticket Hypothesis (LTH) focuses on identifying sparse trainable subnetworks, known as winning tickets, which can be trained independently to achieve comparable performance to full models. Despite significant research, the most effective method for identifying these winning tickets remains Iterative Magnitude-based Pruning (IMP), which is costly and must be applied to each unique network. This paper explores whether winning tickets from one network can be adapted for another architecture, thus avoiding the need for repetitive IMP.",
        "problem": {
            "definition": "The problem addressed in this paper is the inefficiency of identifying winning tickets for different network architectures without reapplying the costly IMP method.",
            "key obstacle": "The main challenge is the computational expense and time required to run IMP for each different network architecture to find winning tickets."
        },
        "idea": {
            "intuition": "The intuition behind the Elastic Lottery Ticket Hypothesis (E-LTH) is that winning tickets from one network can be modified to create winning tickets for another network within the same model family, thus streamlining the process.",
            "opinion": "The proposed idea suggests that by carefully adjusting the layers of a network, it is possible to stretch or squeeze a winning ticket to fit a different architecture while maintaining competitive performance.",
            "innovation": "The primary innovation of this method is the ability to adapt winning tickets across different architectures without the need for exhaustive pruning, thereby significantly reducing computational costs."
        },
        "method": {
            "method name": "Elastic Lottery Ticket Hypothesis",
            "method abbreviation": "E-LTH",
            "method definition": "E-LTH defines a framework for adapting winning tickets from one network architecture to another by modifying the structure of the network, allowing for efficient transfer of sparse patterns.",
            "method description": "The method involves replicating, dropping, and re-ordering layers of a network to adapt its winning ticket for another architecture.",
            "method steps": "1. Identify a winning ticket in a source network. 2. Modify the layers of the source network to fit the target architecture. 3. Evaluate the performance of the adapted winning ticket in the target network.",
            "principle": "The effectiveness of this method lies in its ability to leverage the structural similarities between networks in the same family, allowing for the transfer of learned sparse patterns."
        },
        "experiments": {
            "evaluation setting": "Extensive experiments were conducted on CIFAR-10 and ImageNet using various strategies to adapt winning tickets from different networks within the same model family, such as ResNets.",
            "evaluation method": "The performance of the adapted winning tickets was measured by comparing them to tickets found directly through IMP, assessing their effectiveness in the target architecture."
        },
        "conclusion": "The experiments demonstrate that the Elastic Lottery Ticket Hypothesis effectively allows for the transfer of winning tickets across different network architectures, achieving performance nearly equivalent to that of tickets identified through traditional IMP methods.",
        "discussion": {
            "advantage": "The key advantage of E-LTH is its ability to reduce the computational burden associated with finding winning tickets by enabling the reuse of tickets across architectures.",
            "limitation": "A limitation of this approach is that its effectiveness may vary depending on the specific model family and the degree of architectural differences.",
            "future work": "Future research could explore further generalizations of E-LTH to a broader range of model families and layer types, as well as investigate its applicability across different datasets."
        },
        "other info": {
            "code repository": "https://github.com/VITA-Group/ElasticLTH"
        }
    },
    "mount_outline": [
        {
            "section number": "2.4",
            "key information": "The Elastic Lottery Ticket Hypothesis (E-LTH) defines a framework for adapting winning tickets from one network architecture to another by modifying the structure of the network, allowing for efficient transfer of sparse patterns."
        },
        {
            "section number": "3.1",
            "key information": "The Elastic Lottery Ticket Hypothesis (E-LTH) allows for the reuse of winning tickets across architectures, significantly reducing the computational burden associated with finding winning tickets."
        },
        {
            "section number": "4.3",
            "key information": "The primary innovation of E-LTH is the ability to adapt winning tickets across different architectures without the need for exhaustive pruning, thereby significantly reducing computational costs."
        },
        {
            "section number": "5.3",
            "key information": "The experiments demonstrate that E-LTH effectively allows for the transfer of winning tickets across different network architectures, achieving performance nearly equivalent to that of tickets identified through traditional Iterative Magnitude-based Pruning (IMP) methods."
        },
        {
            "section number": "6.2",
            "key information": "Future research could explore further generalizations of E-LTH to a broader range of model families and layer types, as well as investigate its applicability across different datasets."
        }
    ],
    "similarity_score": null,
    "image": null,
    "path": "/home/liudingyuan/code/SurveyX/code/SurveyX-main/outputs/t14a/papers/The elastic lottery ticket hypothesis.json"
}