{
    "from": null,
    "scholar_id": null,
    "detail_id": null,
    "title": "The unreasonable effectiveness of random pruning: Return of the most naive baseline for sparse training",
    "abstract": "Random pruning is arguably the most naive way to attain sparsity in neural networks, but has been deemed uncompetitive by either post-training pruning or sparse training. In this paper, we focus on sparse training and highlight a perhaps counter-intuitive finding, that random pruning at initialization can be quite powerful for the sparse training of modern neural networks. Without any delicate pruning criteria or carefully pursued sparsity structures, we empirically demonstrate that sparsely training a randomly pruned network from scratch can match the performance of its dense equivalent. There are two key factors that contribute to this revival: (i) the network sizes matter: as the original dense networks grow wider and deeper, the performance of training a randomly pruned sparse network will quickly grow to matching that of its dense equivalent, even at high sparsity ratios; (ii) appropriate layer-wise sparsity ratios can be pre-chosen for sparse training, which shows to be another important performance booster. Simple as it looks, a randomly pruned subnetwork of Wide ResNet-50 can be sparsely trained to outperforming a dense Wide ResNet-50, on ImageNet. We also observed such randomly pruned networks outperform dense counterparts in other favorable aspects, such as out-of-distribution detection, uncertainty estimation, and adversarial robustness. Overall, our results strongly suggest there is larger-than-expected room for sparse training at scale, and the benefits of sparsity might be more universal beyond carefully designed pruning. Our source code can be found at https://github.com/VITA-Group/Random_Pruning.",
    "arxivid": "2202.02643v1",
    "bib_name": "Theunreaso57",
    "md_text": "# The unreasonable effectiveness of random pruning: Return of the most naive baseline for sparse training\n\n\nabstract\n\nRandom pruning is arguably the most naive way to attain sparsity in neural networks, but has been deemed uncompetitive by either post-training pruning or sparse training. In this paper, we focus on sparse training and highlight a perhaps counter-intuitive finding, that random pruning at initialization can be quite powerful for the sparse training of modern neural networks. Without any delicate pruning criteria or carefully pursued sparsity structures, we empirically demonstrate that sparsely training a randomly pruned network from scratch can match the performance of its dense equivalent. There are two key factors that contribute to this revival: (i) the network sizes matter: as the original dense networks grow wider and deeper, the performance of training a randomly pruned sparse network will quickly grow to matching that of its dense equivalent, even at high sparsity ratios; (ii) appropriate layer-wise sparsity ratios can be pre-chosen for sparse training, which shows to be another important performance booster. Simple as it looks, a randomly pruned subnetwork of Wide ResNet-50 can be sparsely trained to outperforming a dense Wide ResNet-50, on ImageNet. We also observed such randomly pruned networks outperform dense counterparts in other favorable aspects, such as out-of-distribution detection, uncertainty estimation, and adversarial robustness. Overall, our results strongly suggest there is larger-than-expected room for sparse training at scale, and the benefits of sparsity might be more universal beyond carefully designed pruning. Our source code can be found at https://github.com/VITA-Group/Random_Pruning.",
    "paper_type": "method",
    "attri": {
        "background": "This paper addresses the issue of achieving sparsity in neural networks through random pruning, which has been previously considered uncompetitive compared to post-training pruning or sparse training methods. The authors highlight the effectiveness of random pruning as a viable method for sparse training, especially in modern neural networks.",
        "problem": {
            "definition": "The problem defined in this paper is the challenge of efficiently achieving sparsity in neural networks without relying on complex pruning criteria or structures.",
            "key obstacle": "The main difficulty lies in the perception that naive methods like random pruning are ineffective compared to more sophisticated approaches."
        },
        "idea": {
            "intuition": "The intuition behind the proposed idea is that random pruning, although simplistic, can yield surprisingly effective results when applied to sparsely train neural networks.",
            "opinion": "The proposed idea suggests that a randomly pruned network can be trained from scratch to achieve performance comparable to that of a dense network.",
            "innovation": "The innovation of this method lies in demonstrating that random pruning, combined with appropriate network configurations, can outperform traditional dense networks, challenging the notion that only carefully designed methods are effective."
        },
        "method": {
            "method name": "Random Pruning",
            "method abbreviation": "RP",
            "method definition": "Random Pruning is a technique where a neural network is pruned randomly at initialization, and then sparsely trained to match the performance of its dense counterpart.",
            "method description": "The core of the method involves initializing a network with random pruning and training it sparsely to achieve competitive performance.",
            "method steps": [
                "1. Initialize a neural network with random pruning.",
                "2. Define layer-wise sparsity ratios.",
                "3. Train the randomly pruned network sparsely."
            ],
            "principle": "The principle behind this method's effectiveness is that as the network size increases and with appropriate sparsity ratios, the performance of the randomly pruned network can match that of the dense network, leveraging the advantages of larger architectures."
        },
        "experiments": {
            "evaluation setting": "The experimental setup involved training a randomly pruned subnetwork of Wide ResNet-50 and comparing its performance against a dense Wide ResNet-50 on the ImageNet dataset.",
            "evaluation method": "The evaluation method included measuring performance metrics such as accuracy, out-of-distribution detection, uncertainty estimation, and adversarial robustness."
        },
        "conclusion": "The outcomes of the experiments indicate that random pruning can effectively facilitate sparse training, leading to performance that not only matches but can surpass that of dense networks, suggesting significant potential for sparsity in neural network training.",
        "discussion": {
            "advantage": "The key advantages of the proposed approach include its simplicity and effectiveness, as it allows for high performance without the need for complex pruning strategies.",
            "limitation": "A limitation of the method may include the reliance on appropriate layer-wise sparsity ratios, which could vary across different architectures or tasks.",
            "future work": "Future work could explore the optimization of layer-wise sparsity ratios and investigate the application of random pruning in various neural network architectures and tasks."
        },
        "other info": {
            "source_code": "https://github.com/VITA-Group/Random_Pruning"
        }
    },
    "mount_outline": [
        {
            "section number": "2.4",
            "key information": "The problem defined in this paper is the challenge of efficiently achieving sparsity in neural networks without relying on complex pruning criteria or structures."
        },
        {
            "section number": "2.4",
            "key information": "The main difficulty lies in the perception that naive methods like random pruning are ineffective compared to more sophisticated approaches."
        },
        {
            "section number": "3.1",
            "key information": "Random Pruning is a technique where a neural network is pruned randomly at initialization, and then sparsely trained to match the performance of its dense counterpart."
        },
        {
            "section number": "3.3",
            "key information": "The innovation of this method lies in demonstrating that random pruning, combined with appropriate network configurations, can outperform traditional dense networks."
        },
        {
            "section number": "4.1",
            "key information": "The evaluation method included measuring performance metrics such as accuracy, out-of-distribution detection, uncertainty estimation, and adversarial robustness."
        },
        {
            "section number": "5.1",
            "key information": "The outcomes of the experiments indicate that random pruning can effectively facilitate sparse training, leading to performance that not only matches but can surpass that of dense networks."
        },
        {
            "section number": "6.2",
            "key information": "Future work could explore the optimization of layer-wise sparsity ratios and investigate the application of random pruning in various neural network architectures and tasks."
        }
    ],
    "similarity_score": null,
    "image": null,
    "path": "/home/liudingyuan/code/SurveyX/code/SurveyX-main/outputs/t14a/papers/The unreasonable effectiveness of random pruning_ Return of the most naive baseline for sparse training.json"
}