{
    "from": null,
    "scholar_id": null,
    "detail_id": null,
    "title": "The lottery ticket hypothesis: finding sparse, trainable neural networks",
    "abstract": "Neural network pruning techniques can reduce the parameter counts of trained networks by over 90%, decreasing storage requirements and improving computational performance of inference without compromising accuracy. However, contemporary experience is that the sparse architectures produced by pruning are difficult to train from the start, which would similarly improve training performance. \nWe find that a standard pruning technique naturally uncovers subnetworks whose initializations made them capable of training effectively. Based on these results, we articulate the \"lottery ticket hypothesis:\" dense, randomly-initialized, feed-forward networks contain subnetworks (\"winning tickets\") that - when trained in isolation - reach test accuracy comparable to the original network in a similar number of iterations. The winning tickets we find have won the initialization lottery: their connections have initial weights that make training particularly effective. \nWe present an algorithm to identify winning tickets and a series of experiments that support the lottery ticket hypothesis and the importance of these fortuitous initializations. We consistently find winning tickets that are less than 10-20% of the size of several fully-connected and convolutional feed-forward architectures for MNIST and CIFAR10. Above this size, the winning tickets that we find learn faster than the original network and reach higher test accuracy.",
    "arxivid": "1803.03635v5",
    "bib_name": "Thelottery38",
    "md_text": "# The lottery ticket hypothesis: finding sparse, trainable neural networks\n\n\nabstract\n\nNeural network pruning techniques can reduce the parameter counts of trained networks by over 90%, decreasing storage requirements and improving computational performance of inference without compromising accuracy. However, contemporary experience is that the sparse architectures produced by pruning are difficult to train from the start, which would similarly improve training performance. \nWe find that a standard pruning technique naturally uncovers subnetworks whose initializations made them capable of training effectively. Based on these results, we articulate the \"lottery ticket hypothesis:\" dense, randomly-initialized, feed-forward networks contain subnetworks (\"winning tickets\") that - when trained in isolation - reach test accuracy comparable to the original network in a similar number of iterations. The winning tickets we find have won the initialization lottery: their connections have initial weights that make training particularly effective. \nWe present an algorithm to identify winning tickets and a series of experiments that support the lottery ticket hypothesis and the importance of these fortuitous initializations. We consistently find winning tickets that are less than 10-20% of the size of several fully-connected and convolutional feed-forward architectures for MNIST and CIFAR10. Above this size, the winning tickets that we find learn faster than the original network and reach higher test accuracy.",
    "paper_type": "method",
    "attri": {
        "background": "This paper addresses the issue of effectively training sparse neural networks produced by pruning techniques, which can reduce parameter counts significantly while maintaining accuracy. However, these sparse architectures are often challenging to train from scratch, prompting the need for a new approach to improve training performance.",
        "problem": {
            "definition": "The paper aims to solve the problem of training sparse neural networks that are difficult to initialize effectively, which hampers their training performance.",
            "key obstacle": "The main challenge is that existing pruning techniques yield subnetworks that do not train well from random initializations, limiting their effectiveness."
        },
        "idea": {
            "intuition": "The idea is inspired by the observation that certain subnetworks, when initialized appropriately, can train effectively and achieve high accuracy.",
            "opinion": "The proposed idea is that dense, randomly-initialized networks contain specific subnetworks, referred to as 'winning tickets,' which can be trained in isolation to achieve performance comparable to the original network.",
            "innovation": "The key innovation is the identification of these winning tickets through a standard pruning technique, which has not been emphasized in existing methods."
        },
        "method": {
            "method name": "Lottery Ticket Hypothesis",
            "method abbreviation": "LTH",
            "method definition": "The method involves identifying subnetworks within a dense network that can be trained effectively, thereby achieving high accuracy with fewer parameters.",
            "method description": "The core of the method is the identification and training of winning tickets from a dense network's initial weights.",
            "method steps": "1. Train a dense network to convergence. 2. Apply a pruning technique to identify subnetworks. 3. Evaluate the performance of these subnetworks when trained in isolation.",
            "principle": "This method is effective because it leverages the fortuitous initial weights of winning tickets that allow for faster and more accurate training compared to their non-winning counterparts."
        },
        "experiments": {
            "evaluation setting": "Experiments were conducted on MNIST and CIFAR10 datasets, comparing the performance of winning tickets against the original networks and baseline methods.",
            "evaluation method": "The performance was assessed by measuring test accuracy and training iterations required for the winning tickets versus the full networks."
        },
        "conclusion": "The experiments support the lottery ticket hypothesis, demonstrating that winning tickets can achieve comparable accuracy to the original networks in fewer iterations and with significantly reduced sizes.",
        "discussion": {
            "advantage": "The key advantage of the proposed approach is its ability to find and train smaller subnetworks that perform well, improving efficiency and reducing computational costs.",
            "limitation": "A limitation of the method is that it may not generalize well to all network architectures or tasks, and the effectiveness of winning tickets can vary.",
            "future work": "Future research could explore the applicability of the lottery ticket hypothesis across different architectures and datasets, as well as methods to enhance the identification of winning tickets."
        },
        "other info": [
            {
                "info1": "The winning tickets identified are typically less than 10-20% of the original network size.",
                "info2": {
                    "info2.1": "Winning tickets learn faster than the original network.",
                    "info2.2": "Higher test accuracy is achievable with winning tickets compared to the original network."
                }
            }
        ]
    },
    "mount_outline": [
        {
            "section number": "2.4",
            "key information": "Pruning techniques can produce sparse neural networks that reduce parameter counts significantly while maintaining accuracy."
        },
        {
            "section number": "3.1",
            "key information": "The proposed method, known as the Lottery Ticket Hypothesis, identifies subnetworks within a dense network that can be trained effectively."
        },
        {
            "section number": "3.3",
            "key information": "The innovation of the Lottery Ticket Hypothesis emphasizes the identification of 'winning tickets' through standard pruning techniques."
        },
        {
            "section number": "4.1",
            "key information": "Experiments demonstrated that winning tickets can achieve comparable accuracy to the original networks in fewer iterations."
        },
        {
            "section number": "5.1",
            "key information": "Winning tickets learn faster than the original network and can achieve higher test accuracy."
        },
        {
            "section number": "6.2",
            "key information": "Future research could explore the applicability of the lottery ticket hypothesis across different architectures and datasets."
        }
    ],
    "similarity_score": null,
    "image": null,
    "path": "/home/liudingyuan/code/SurveyX/code/SurveyX-main/outputs/t14a/papers/The lottery ticket hypothesis_ finding sparse, trainable neural networks.json"
}