{
    "from": null,
    "scholar_id": null,
    "detail_id": null,
    "title": "The optimal BERT surgeon: Scalable and accurate second-order pruning for large language models",
    "abstract": "In this paper, we consider the problem of sparsifying BERT models, which are a key building block for natural language processing, in order to reduce their storage and computational cost. We introduce the Optimal BERT Surgeon (oBERT), an efficient and accurate pruning method based on approximate second-order information, which we show to yield state-of-the-art results in both stages of language tasks: pre-training and fine-tuning. Specifically, oBERT extends existing work on second-order pruning by allowing for pruning weight blocks, and is the first such method that is applicable at BERT scale. Second, we investigate compounding compression approaches to obtain highly compressed but accurate models for deployment on edge devices. These models significantly push boundaries of the current state-of-the-art sparse BERT models with respect to all metrics: model size, inference speed and task accuracy. For example, relative to the dense BERT-base, we obtain 10x model size compression with < 1% accuracy drop, 10x CPU-inference speedup with < 2% accuracy drop, and 29x CPU-inference speedup with < 7.5% accuracy drop. Our code, fully integrated with Transformers and SparseML, is available at https://github.com/neuralmagic/sparseml/tree/main/research/optimal_BERT_surgeon_oBERT.",
    "arxivid": "2203.07259v3",
    "bib_name": "Theoptimal127",
    "md_text": "# The optimal BERT surgeon: Scalable and accurate second-order pruning for large language models\n\n\nabstract\n\nIn this paper, we consider the problem of sparsifying BERT models, which are a key building block for natural language processing, in order to reduce their storage and computational cost. We introduce the Optimal BERT Surgeon (oBERT), an efficient and accurate pruning method based on approximate second-order information, which we show to yield state-of-the-art results in both stages of language tasks: pre-training and fine-tuning. Specifically, oBERT extends existing work on second-order pruning by allowing for pruning weight blocks, and is the first such method that is applicable at BERT scale. Second, we investigate compounding compression approaches to obtain highly compressed but accurate models for deployment on edge devices. These models significantly push boundaries of the current state-of-the-art sparse BERT models with respect to all metrics: model size, inference speed and task accuracy. For example, relative to the dense BERT-base, we obtain 10x model size compression with < 1% accuracy drop, 10x CPU-inference speedup with < 2% accuracy drop, and 29x CPU-inference speedup with < 7.5% accuracy drop. Our code, fully integrated with Transformers and SparseML, is available at https://github.com/neuralmagic/sparseml/tree/main/research/optimal_BERT_surgeon_oBERT.",
    "paper_type": "method",
    "attri": {
        "background": "This paper addresses the issue of sparsifying BERT models, which are crucial for natural language processing, to reduce their storage and computational cost. Previous methods have struggled to effectively prune these models while maintaining performance, highlighting the need for a new breakthrough.",
        "problem": {
            "definition": "The problem involves reducing the size and computational demands of BERT models without significantly compromising their accuracy.",
            "key obstacle": "The main challenge is that existing pruning methods do not scale effectively to the size of BERT models, often resulting in unacceptable drops in accuracy."
        },
        "idea": {
            "intuition": "The idea was inspired by the potential of second-order information to guide more effective pruning strategies, allowing for a more nuanced approach to model compression.",
            "opinion": "The proposed idea, Optimal BERT Surgeon (oBERT), involves an efficient pruning method that leverages approximate second-order information to achieve significant model compression while maintaining high accuracy.",
            "innovation": "The primary innovation of oBERT lies in its ability to prune weight blocks at the scale of BERT models, which is a significant advancement over existing second-order pruning methods."
        },
        "method": {
            "method name": "Optimal BERT Surgeon",
            "method abbreviation": "oBERT",
            "method definition": "oBERT is a pruning method that utilizes approximate second-order information to sparsify BERT models effectively, enabling significant reductions in model size and computational cost.",
            "method description": "The core of oBERT involves pruning weight blocks using second-order information to optimize both model size and performance.",
            "method steps": "1. Identify weight blocks for pruning using second-order information. 2. Apply pruning to the identified blocks. 3. Fine-tune the pruned model to recover accuracy.",
            "principle": "This method is effective because it strategically targets weight blocks for pruning based on their contribution to model performance, allowing for greater compression without substantial accuracy loss."
        },
        "experiments": {
            "evaluation setting": "The experiments were conducted using the BERT-base model, comparing the performance of oBERT against baseline methods in terms of model size, inference speed, and task accuracy.",
            "evaluation method": "Performance was assessed by measuring model size reduction, inference speed improvements, and accuracy drops across various language tasks before and after applying oBERT."
        },
        "conclusion": "The outcomes demonstrate that oBERT achieves significant model compression with minimal accuracy loss, setting a new state-of-the-art for sparse BERT models and enabling efficient deployment on edge devices.",
        "discussion": {
            "advantage": "The key advantages of oBERT include its scalability to large models and its ability to maintain high accuracy while achieving substantial compression.",
            "limitation": "A limitation of the method may include its reliance on second-order information, which can be computationally intensive and may not be suitable for all model architectures.",
            "future work": "Future research could explore optimizing the pruning process further, examining other model architectures, and developing more efficient implementations of the method."
        },
        "other info": {
            "code repository": "https://github.com/neuralmagic/sparseml/tree/main/research/optimal_BERT_surgeon_oBERT"
        }
    },
    "mount_outline": [
        {
            "section number": "2.4",
            "key information": "The problem involves reducing the size and computational demands of BERT models without significantly compromising their accuracy."
        },
        {
            "section number": "3.1",
            "key information": "The proposed method, Optimal BERT Surgeon (oBERT), is a pruning method that utilizes approximate second-order information to sparsify BERT models effectively."
        },
        {
            "section number": "4.1",
            "key information": "Performance was assessed by measuring model size reduction, inference speed improvements, and accuracy drops across various language tasks before and after applying oBERT."
        },
        {
            "section number": "5.1",
            "key information": "The outcomes demonstrate that oBERT achieves significant model compression with minimal accuracy loss, setting a new state-of-the-art for sparse BERT models."
        },
        {
            "section number": "6.2",
            "key information": "Future research could explore optimizing the pruning process further, examining other model architectures, and developing more efficient implementations of the method."
        }
    ],
    "similarity_score": null,
    "image": null,
    "path": "/home/liudingyuan/code/SurveyX/code/SurveyX-main/outputs/t14a/papers/The optimal BERT surgeon_ Scalable and accurate second-order pruning for large language models.json"
}