{
    "from": null,
    "scholar_id": null,
    "detail_id": null,
    "title": "The lottery ticket hypothesis for pre-trained BERT networks",
    "abstract": "In natural language processing (NLP), enormous pre-trained models like BERT have become the standard starting point for training on a range of downstream tasks, and similar trends are emerging in other areas of deep learning. In parallel, work on the lottery ticket hypothesis has shown that models for NLP and computer vision contain smaller matching subnetworks capable of training in isolation to full accuracy and transferring to other tasks. In this work, we combine these observations to assess whether such trainable, transferrable subnetworks exist in pre-trained BERT models. For a range of downstream tasks, we indeed find matching subnetworks at 40% to 90% sparsity. We find these subnetworks at (pre-trained) initialization, a deviation from prior NLP research where they emerge only after some amount of training. Subnetworks found on the masked language modeling task (the same task used to pre-train the model) transfer universally; those found on other tasks transfer in a limited fashion if at all. As large-scale pre-training becomes an increasingly central paradigm in deep learning, our results demonstrate that the main lottery ticket observations remain relevant in this context. Codes available at this https URL.",
    "arxivid": "2007.12223v2",
    "bib_name": "Thelottery148",
    "md_text": "# The lottery ticket hypothesis for pre-trained BERT networks\n\n\nabstract\n\nIn natural language processing (NLP), enormous pre-trained models like BERT have become the standard starting point for training on a range of downstream tasks, and similar trends are emerging in other areas of deep learning. In parallel, work on the lottery ticket hypothesis has shown that models for NLP and computer vision contain smaller matching subnetworks capable of training in isolation to full accuracy and transferring to other tasks. In this work, we combine these observations to assess whether such trainable, transferrable subnetworks exist in pre-trained BERT models. For a range of downstream tasks, we indeed find matching subnetworks at 40% to 90% sparsity. We find these subnetworks at (pre-trained) initialization, a deviation from prior NLP research where they emerge only after some amount of training. Subnetworks found on the masked language modeling task (the same task used to pre-train the model) transfer universally; those found on other tasks transfer in a limited fashion if at all. As large-scale pre-training becomes an increasingly central paradigm in deep learning, our results demonstrate that the main lottery ticket observations remain relevant in this context. Codes available at this https URL.",
    "paper_type": "benchmark",
    "attri": {
        "background": "This paper addresses the issue of identifying smaller, trainable subnetworks within large pre-trained models like BERT, which have become standard in natural language processing (NLP). The necessity for this benchmark arises from the need to understand how these subnetworks can be utilized effectively across various tasks, contributing to the broader research landscape in deep learning.",
        "problem": {
            "definition": "The benchmark is designed to address the challenge of finding matching subnetworks within pre-trained BERT models that can achieve full accuracy and transfer to other tasks.",
            "key obstacle": "Existing benchmarks do not adequately explore the existence and transferability of subnetworks in pre-trained models, often only observing their emergence after training."
        },
        "idea": {
            "intuition": "The thought process behind this benchmark stems from the lottery ticket hypothesis, which suggests that smaller subnetworks within larger models can be trained effectively. This inspired the investigation into whether such subnetworks exist in pre-trained BERT models from the outset.",
            "opinion": "The authors believe that understanding these subnetworks is crucial as large-scale pre-training becomes a central approach in deep learning, potentially impacting various applications in NLP.",
            "innovation": "This benchmark differs from previous ones by demonstrating the existence of trainable subnetworks at initialization rather than after training, highlighting a novel aspect of model efficiency.",
            "benchmark abbreviation": "LT-BERT"
        },
        "dataset": {
            "source": "The dataset was sourced from pre-trained BERT models and involves various downstream NLP tasks.",
            "desc": "The benchmark includes subnetworks identified at different levels of sparsity (40% to 90%) across several tasks, showcasing their characteristics and transferability.",
            "content": "The dataset includes tasks related to masked language modeling and other NLP tasks to evaluate the performance of the subnetworks.",
            "size": "-",
            "domain": "Natural Language Processing",
            "task format": "Subnetwork identification"
        },
        "metrics": {
            "metric name": "Accuracy",
            "aspect": "Model performance in terms of training effectiveness and transferability of subnetworks.",
            "principle": "Metrics were chosen based on their ability to measure the performance of subnetworks in achieving full accuracy and their transferability across tasks.",
            "procedure": "Evaluation involved comparing the accuracy of subnetworks against full models on various tasks to assess performance."
        },
        "experiments": {
            "model": "The benchmark tested pre-trained BERT models and their identified subnetworks.",
            "procedure": "Models were evaluated based on their initialization states and trained on different tasks to identify subnetworks and measure their performance.",
            "result": "The experiments found that subnetworks could achieve full accuracy, with varying transferability depending on the task.",
            "variability": "Variability in results was accounted for through testing across multiple tasks and varying levels of sparsity."
        },
        "conclusion": "The key findings indicate that trainable subnetworks exist within pre-trained BERT models at initialization, with implications for model efficiency and task transferability.",
        "discussion": {
            "advantage": "The benchmark strengthens the understanding of model efficiency and the potential for using smaller subnetworks in NLP tasks.",
            "limitation": "The transferability of subnetworks may be limited to specific tasks, which could affect generalizability.",
            "future work": "Future research could explore the mechanisms behind subnetwork transferability and investigate additional tasks or models."
        },
        "other info": {
            "codes available": "Codes for the benchmark are available at the provided URL."
        }
    },
    "mount_outline": [
        {
            "section number": "1.1",
            "key information": "This paper addresses the issue of identifying smaller, trainable subnetworks within large pre-trained models like BERT, which have become standard in natural language processing (NLP). The necessity for this benchmark arises from the need to understand how these subnetworks can be utilized effectively across various tasks, contributing to the broader research landscape in deep learning."
        },
        {
            "section number": "1.2",
            "key information": "The benchmark is designed to address the challenge of finding matching subnetworks within pre-trained BERT models that can achieve full accuracy and transfer to other tasks."
        },
        {
            "section number": "2.4",
            "key information": "This benchmark differs from previous ones by demonstrating the existence of trainable subnetworks at initialization rather than after training, highlighting a novel aspect of model efficiency."
        },
        {
            "section number": "4.1",
            "key information": "Metrics were chosen based on their ability to measure the performance of subnetworks in achieving full accuracy and their transferability across tasks."
        },
        {
            "section number": "5.1",
            "key information": "The experiments found that subnetworks could achieve full accuracy, with varying transferability depending on the task."
        },
        {
            "section number": "6.2",
            "key information": "Future research could explore the mechanisms behind subnetwork transferability and investigate additional tasks or models."
        }
    ],
    "similarity_score": null,
    "image": null,
    "path": "/home/liudingyuan/code/SurveyX/code/SurveyX-main/outputs/t14a/papers/The lottery ticket hypothesis for pre-trained BERT networks.json"
}