{
    "from": null,
    "scholar_id": null,
    "detail_id": null,
    "title": "The lottery tickets hypothesis for supervised and self-supervised pre-training in computer vision models",
    "abstract": "The computer vision world has been re-gaining enthusiasm in various pre-trained models, including both classical ImageNet supervised pre-training and recently emerged self-supervised pre-training such as simCLR [10] and MoCo [40]. Pre-trained weights often boost a wide range of downstream tasks including classification, detection, and segmentation. Latest studies suggest that pre-training benefits from gigantic model capacity [11]. We are hereby curious and ask: after pre-training, does a pre-trained model indeed have to stay large for its downstream transferability? In this paper, we examine supervised and self-supervised pre-trained models through the lens of the lottery ticket hypothesis (LTH) [31]. LTH identifies highly sparse matching subnetworks that can be trained in isolation from (nearly) scratch yet still reach the full models' performance. We extend the scope of LTH and question whether matching subnetworks still exist in pre-trained computer vision models, that enjoy the same downstream transfer performance. Our extensive experiments convey an overall positive message: from all pre-trained weights obtained by ImageNet classification, simCLR, and MoCo, we are consistently able to locate such matching subnetworks at 59.04% to 96.48% sparsity that transfer universally to multiple downstream tasks, whose performance see no degradation compared to using full pre-trained weights. Further analyses reveal that subnetworks found from different pre-training tend to yield diverse mask structures and perturbation sensitivities. We conclude that the core LTH observations remain generally relevant in the pre-training paradigm of computer vision, but more delicate discussions are needed in some cases. Codes and pre-trained models will be made available at: https://github.com/VITA-Group/CV_LTH_Pre-training.",
    "arxivid": "2012.06908v2",
    "bib_name": "Thelottery149",
    "md_text": "# The lottery tickets hypothesis for supervised and self-supervised pre-training in computer vision models\n\n\nabstract\n\nThe computer vision world has been re-gaining enthusiasm in various pre-trained models, including both classical ImageNet supervised pre-training and recently emerged self-supervised pre-training such as simCLR [10] and MoCo [40]. Pre-trained weights often boost a wide range of downstream tasks including classification, detection, and segmentation. Latest studies suggest that pre-training benefits from gigantic model capacity [11]. We are hereby curious and ask: after pre-training, does a pre-trained model indeed have to stay large for its downstream transferability? In this paper, we examine supervised and self-supervised pre-trained models through the lens of the lottery ticket hypothesis (LTH) [31]. LTH identifies highly sparse matching subnetworks that can be trained in isolation from (nearly) scratch yet still reach the full models' performance. We extend the scope of LTH and question whether matching subnetworks still exist in pre-trained computer vision models, that enjoy the same downstream transfer performance. Our extensive experiments convey an overall positive message: from all pre-trained weights obtained by ImageNet classification, simCLR, and MoCo, we are consistently able to locate such matching subnetworks at 59.04% to 96.48% sparsity that transfer universally to multiple downstream tasks, whose performance see no degradation compared to using full pre-trained weights. Further analyses reveal that subnetworks found from different pre-training tend to yield diverse mask structures and perturbation sensitivities. We conclude that the core LTH observations remain generally relevant in the pre-training paradigm of computer vision, but more delicate discussions are needed in some cases. Codes and pre-trained models will be made available at: https://github.com/VITA-Group/CV_LTH_Pre-training.",
    "paper_type": "method",
    "attri": {
        "background": "The paper explores the efficacy of pre-trained models in computer vision, particularly focusing on the lottery ticket hypothesis (LTH) to determine if smaller subnetworks can achieve similar performance to full models in downstream tasks.",
        "problem": {
            "definition": "The core issue addressed is whether pre-trained models need to maintain large sizes to ensure effective transferability to downstream tasks.",
            "key obstacle": "The main challenge is identifying whether smaller subnetworks can be isolated and trained to achieve the same performance as their larger counterparts, which is crucial for efficiency in model deployment."
        },
        "idea": {
            "intuition": "The idea is inspired by the lottery ticket hypothesis, which suggests that within large networks, there exist smaller subnetworks that can perform comparably when trained from scratch.",
            "opinion": "The proposed idea posits that matching subnetworks can be found in existing pre-trained models, potentially allowing for more efficient model usage without sacrificing performance.",
            "innovation": "This work extends the LTH by demonstrating that effective subnetworks can be identified within various pre-trained models, maintaining high transfer performance while being significantly sparser."
        },
        "method": {
            "method name": "Lottery Ticket Hypothesis for Pre-trained Models",
            "method abbreviation": "LTH-PM",
            "method definition": "The method involves identifying and training sparse subnetworks within pre-trained computer vision models to evaluate their performance on downstream tasks.",
            "method description": "The core of the method focuses on locating highly sparse matching subnetworks in pre-trained models and testing their transferability.",
            "method steps": [
                "Identify pre-trained models (ImageNet, simCLR, MoCo).",
                "Locate matching subnetworks within these models.",
                "Train the identified subnetworks in isolation.",
                "Evaluate performance on downstream tasks."
            ],
            "principle": "The effectiveness of this method is grounded in the hypothesis that smaller, well-structured subnetworks can replicate the performance of larger models, thereby enhancing computational efficiency."
        },
        "experiments": {
            "evaluation setting": "The experiments utilized pre-trained weights from ImageNet classification, simCLR, and MoCo, testing on multiple downstream tasks to assess transfer performance.",
            "evaluation method": "Performance was measured by comparing the accuracy of the identified subnetworks against full pre-trained models to determine transferability and efficiency."
        },
        "conclusion": "The findings indicate that matching subnetworks exist within pre-trained models and can be effectively utilized without performance degradation, affirming the relevance of the lottery ticket hypothesis in this context.",
        "discussion": {
            "advantage": "The primary advantage is the ability to utilize smaller subnetworks that maintain high performance, allowing for more efficient model deployment and reduced computational costs.",
            "limitation": "One limitation noted is the variability in performance based on the pre-training method, suggesting that not all subnetworks may perform equally across different tasks.",
            "future work": "Future research could explore refining the identification process of subnetworks and investigating their performance across a broader range of tasks and datasets."
        },
        "other info": {
            "repository": "Codes and pre-trained models will be made available at: https://github.com/VITA-Group/CV_LTH_Pre-training."
        }
    },
    "mount_outline": [
        {
            "section number": "1.1",
            "key information": "The paper explores the efficacy of pre-trained models in computer vision, particularly focusing on the lottery ticket hypothesis (LTH) to determine if smaller subnetworks can achieve similar performance to full models in downstream tasks."
        },
        {
            "section number": "1.2",
            "key information": "The key goals of this survey include evaluating the performance of smaller subnetworks identified within pre-trained models and discussing their implications for model efficiency and deployment."
        },
        {
            "section number": "2.4",
            "key information": "The concepts of pruning, sparsity, and efficiency are highlighted through the lens of the lottery ticket hypothesis, which posits that smaller subnetworks can perform comparably to larger models."
        },
        {
            "section number": "3.1",
            "key information": "The paper discusses structured vs. unstructured pruning in the context of identifying and training sparse subnetworks within larger pre-trained models."
        },
        {
            "section number": "4.1",
            "key information": "Performance was measured by comparing the accuracy of the identified subnetworks against full pre-trained models to determine transferability and efficiency."
        },
        {
            "section number": "5.1",
            "key information": "The findings indicate that matching subnetworks exist within pre-trained models and can be effectively utilized without performance degradation, affirming the relevance of the lottery ticket hypothesis."
        },
        {
            "section number": "6.1",
            "key information": "The primary advantage of the proposed method is the ability to utilize smaller subnetworks that maintain high performance, allowing for more efficient model deployment and reduced computational costs."
        },
        {
            "section number": "6.2",
            "key information": "Future research could explore refining the identification process of subnetworks and investigating their performance across a broader range of tasks and datasets."
        }
    ],
    "similarity_score": null,
    "image": null,
    "path": "/home/liudingyuan/code/SurveyX/code/SurveyX-main/outputs/t14a/papers/The lottery tickets hypothesis for supervised and self-supervised pre-training in computer vision models.json"
}