{
    "from": null,
    "scholar_id": null,
    "detail_id": null,
    "title": "ThiNet: A filter level pruning method for deep neural network compression",
    "abstract": "We propose an efficient and unified framework, namely ThiNet, to simultaneously accelerate and compress CNN models in both training and inference stages. We focus on the filter level pruning, i.e., the whole filter would be discarded if it is less important. Our method does not change the original network structure, thus it can be perfectly supported by any off-the-shelf deep learning libraries. We formally establish filter pruning as an optimization problem, and reveal that we need to prune filters based on statistics information computed from its next layer, not the current layer, which differentiates ThiNet from existing methods. Experimental results demonstrate the effectiveness of this strategy, which has advanced the state-of-the-art. We also show the performance of ThiNet on ILSVRC-12 benchmark. ThiNet achieves 3.31 x FLOPs reduction and 16.63\u00d7 compression on VGG-16, with only 0.52% top-5 accuracy drop. Similar experiments with ResNet-50 reveal that even for a compact network, ThiNet can also reduce more than half of the parameters and FLOPs, at the cost of roughly 1% top-5 accuracy drop. Moreover, the original VGG-16 model can be further pruned into a very small model with only 5.05MB model size, preserving AlexNet level accuracy but showing much stronger generalization ability.",
    "arxivid": "1707.06342v1",
    "bib_name": "ThiNet:Afi14",
    "md_text": "# ThiNet: A filter level pruning method for deep neural network compression\n\n\nabstract\n\nWe propose an efficient and unified framework, namely ThiNet, to simultaneously accelerate and compress CNN models in both training and inference stages. We focus on the filter level pruning, i.e., the whole filter would be discarded if it is less important. Our method does not change the original network structure, thus it can be perfectly supported by any off-the-shelf deep learning libraries. We formally establish filter pruning as an optimization problem, and reveal that we need to prune filters based on statistics information computed from its next layer, not the current layer, which differentiates ThiNet from existing methods. Experimental results demonstrate the effectiveness of this strategy, which has advanced the state-of-the-art. We also show the performance of ThiNet on ILSVRC-12 benchmark. ThiNet achieves 3.31 x FLOPs reduction and 16.63\u00d7 compression on VGG-16, with only 0.52% top-5 accuracy drop. Similar experiments with ResNet-50 reveal that even for a compact network, ThiNet can also reduce more than half of the parameters and FLOPs, at the cost of roughly 1% top-5 accuracy drop. Moreover, the original VGG-16 model can be further pruned into a very small model with only 5.05MB model size, preserving AlexNet level accuracy but showing much stronger generalization ability.",
    "paper_type": "method",
    "attri": {
        "background": "This paper addresses the issue of deep neural network compression and acceleration, focusing on filter level pruning as a means to discard less important filters without altering the original network structure.",
        "problem": {
            "definition": "The problem is to efficiently compress and accelerate CNN models during both training and inference stages while maintaining performance.",
            "key obstacle": "Existing methods often rely on current layer statistics for pruning, which may not effectively identify the importance of filters, leading to suboptimal compression."
        },
        "idea": {
            "intuition": "The idea is inspired by the observation that filter importance should be assessed based on the statistics from the next layer rather than the current layer.",
            "opinion": "ThiNet proposes a unified framework that prunes filters based on their importance, improving both model efficiency and performance.",
            "innovation": "The primary innovation of ThiNet is the establishment of filter pruning as an optimization problem that utilizes next layer statistics, differentiating it from traditional methods."
        },
        "method": {
            "method name": "ThiNet",
            "method abbreviation": "TN",
            "method definition": "ThiNet is a filter level pruning method that discards less important filters based on statistical information from the next layer, optimizing the network for both speed and size.",
            "method description": "ThiNet effectively accelerates and compresses CNN models by pruning filters that are deemed less important.",
            "method steps": "1. Identify less important filters based on next layer statistics. 2. Prune the identified filters. 3. Fine-tune the pruned model to recover accuracy.",
            "principle": "The method is effective because it leverages the relationship between layers to make more informed decisions about which filters to prune, thus maintaining performance while reducing size and computational load."
        },
        "experiments": {
            "evaluation setting": "Experiments were conducted on the ILSVRC-12 benchmark using VGG-16 and ResNet-50 architectures, comparing ThiNet against baseline methods.",
            "evaluation method": "The performance of ThiNet was assessed by measuring the reduction in FLOPs and model size, alongside the impact on top-5 accuracy."
        },
        "conclusion": "ThiNet achieves significant reductions in FLOPs (3.31x) and model size (16.63x compression) with minimal accuracy loss (0.52% drop on VGG-16), demonstrating its effectiveness in deep learning model compression.",
        "discussion": {
            "advantage": "The key advantages of ThiNet include its ability to maintain model structure compatibility with existing libraries and its superior performance in terms of compression and accuracy retention.",
            "limitation": "One limitation of ThiNet is that it may incur a slight accuracy drop as filters are pruned, particularly in compact networks like ResNet-50.",
            "future work": "Future research could explore further optimization of the pruning process and apply ThiNet to other network architectures or tasks to enhance its applicability."
        },
        "other info": []
    },
    "mount_outline": [
        {
            "section number": "2.2",
            "key information": "ThiNet is a filter level pruning method that discards less important filters based on statistical information from the next layer, optimizing the network for both speed and size."
        },
        {
            "section number": "3.1",
            "key information": "The primary innovation of ThiNet is the establishment of filter pruning as an optimization problem that utilizes next layer statistics, differentiating it from traditional methods."
        },
        {
            "section number": "4.1",
            "key information": "The performance of ThiNet was assessed by measuring the reduction in FLOPs and model size, alongside the impact on top-5 accuracy."
        },
        {
            "section number": "5.1",
            "key information": "ThiNet achieves significant reductions in FLOPs (3.31x) and model size (16.63x compression) with minimal accuracy loss (0.52% drop on VGG-16), demonstrating its effectiveness in deep learning model compression."
        },
        {
            "section number": "6.2",
            "key information": "Future research could explore further optimization of the pruning process and apply ThiNet to other network architectures or tasks to enhance its applicability."
        }
    ],
    "similarity_score": null,
    "image": null,
    "path": "/home/liudingyuan/code/SurveyX/code/SurveyX-main/outputs/t14a/papers/ThiNet_ A filter level pruning method for deep neural network compression.json"
}