{
    "from": null,
    "scholar_id": null,
    "detail_id": null,
    "title": "Towards compact and robust deep neural networks",
    "abstract": "Deep neural networks have achieved impressive performance in many applications but their large number of parameters lead to significant computational and storage overheads. Several recent works attempt to mitigate these overheads by designing compact networks using pruning of connections. However, we observe that most of the existing strategies to design compact networks fail to preserve network robustness against adversarial examples. In this work, we rigorously study the extension of network pruning strategies to preserve both benign accuracy and robustness of a network. Starting with a formal definition of the pruning procedure, including pre-training, weights pruning, and fine-tuning, we propose a new pruning method that can create compact networks while preserving both benign accuracy and robustness. Our method is based on two main insights: (1) we ensure that the training objectives of the pre-training and fine-tuning steps match the training objective of the desired robust model (e.g., adversarial robustness/verifiable robustness), and (2) we keep the pruning strategy agnostic to pre-training and fine-tuning objectives. We evaluate our method on four different networks on the CIFAR-10 dataset and measure benign accuracy, empirical robust accuracy, and verifiable robust accuracy. We demonstrate that our pruning method can preserve on average 93\\% benign accuracy, 92.5\\% empirical robust accuracy, and 85.0\\% verifiable robust accuracy while compressing the tested network by 10$\\times$.",
    "arxivid": "1906.06110v1",
    "bib_name": "Towardscom120",
    "md_text": "# Towards compact and robust deep neural networks\n\n\nabstract\n\nDeep neural networks have achieved impressive performance in many applications but their large number of parameters lead to significant computational and storage overheads. Several recent works attempt to mitigate these overheads by designing compact networks using pruning of connections. However, we observe that most of the existing strategies to design compact networks fail to preserve network robustness against adversarial examples. In this work, we rigorously study the extension of network pruning strategies to preserve both benign accuracy and robustness of a network. Starting with a formal definition of the pruning procedure, including pre-training, weights pruning, and fine-tuning, we propose a new pruning method that can create compact networks while preserving both benign accuracy and robustness. Our method is based on two main insights: (1) we ensure that the training objectives of the pre-training and fine-tuning steps match the training objective of the desired robust model (e.g., adversarial robustness/verifiable robustness), and (2) we keep the pruning strategy agnostic to pre-training and fine-tuning objectives. We evaluate our method on four different networks on the CIFAR-10 dataset and measure benign accuracy, empirical robust accuracy, and verifiable robust accuracy. We demonstrate that our pruning method can preserve on average 93\\% benign accuracy, 92.5\\% empirical robust accuracy, and 85.0\\% verifiable robust accuracy while compressing the tested network by 10$\\times$.",
    "paper_type": "method",
    "attri": {
        "background": "Deep neural networks have achieved impressive performance in many applications but their large number of parameters lead to significant computational and storage overheads. Several recent works attempt to mitigate these overheads by designing compact networks using pruning of connections. However, most existing strategies fail to preserve network robustness against adversarial examples.",
        "problem": {
            "definition": "The paper aims to solve the issue of maintaining both benign accuracy and robustness in deep neural networks while applying pruning techniques to create compact networks.",
            "key obstacle": "The core obstacle is that existing pruning methods often compromise the robustness of networks against adversarial examples."
        },
        "idea": {
            "intuition": "The idea is inspired by the need to maintain network robustness while reducing the number of parameters through pruning.",
            "opinion": "The proposed idea is a new pruning method that creates compact networks while preserving both benign accuracy and robustness.",
            "innovation": "The primary difference of the proposed method lies in ensuring that the training objectives during pre-training and fine-tuning align with the robustness goals, while keeping the pruning strategy agnostic to these objectives."
        },
        "method": {
            "method name": "Robust Pruning Method",
            "method abbreviation": "RPM",
            "method definition": "A pruning method that rigorously preserves both benign accuracy and robustness of deep neural networks by aligning training objectives and maintaining an agnostic pruning strategy.",
            "method description": "The core of the method involves a structured pruning process that includes pre-training, weights pruning, and fine-tuning, aimed at achieving compactness without sacrificing performance.",
            "method steps": "1. Pre-train the network, 2. Apply weights pruning, 3. Fine-tune the network while ensuring alignment with robustness objectives.",
            "principle": "This method is effective because it systematically integrates robustness considerations into the pruning process, ensuring that the network remains resilient against adversarial attacks."
        },
        "experiments": {
            "evaluation setting": "The method was evaluated on four different networks using the CIFAR-10 dataset, measuring benign accuracy, empirical robust accuracy, and verifiable robust accuracy.",
            "evaluation method": "Performance was assessed by comparing the accuracies before and after applying the pruning method."
        },
        "conclusion": "The experiments demonstrated that the proposed pruning method can preserve on average 93% benign accuracy, 92.5% empirical robust accuracy, and 85.0% verifiable robust accuracy while compressing the tested network by 10\u00d7.",
        "discussion": {
            "advantage": "The key advantages of the proposed approach include significant parameter reduction while maintaining high levels of accuracy and robustness against adversarial examples.",
            "limitation": "A limitation of the method may include potential challenges in generalizing across different architectures or datasets.",
            "future work": "Future research may explore enhancements to the pruning strategy to further improve robustness and investigate its applicability to other neural network architectures."
        },
        "other info": []
    },
    "mount_outline": [
        {
            "section number": "1.1",
            "key information": "The paper addresses the significance of pruning by mitigating computational and storage overheads in deep neural networks, which is crucial for enhancing model efficiency."
        },
        {
            "section number": "1.2",
            "key information": "The objective of the paper is to maintain both benign accuracy and robustness in deep neural networks while applying pruning techniques to create compact networks."
        },
        {
            "section number": "2.2",
            "key information": "The paper introduces the Robust Pruning Method (RPM), which is a structured pruning process that includes pre-training, weights pruning, and fine-tuning to achieve compactness without sacrificing performance."
        },
        {
            "section number": "2.4",
            "key information": "Key concepts defined in the paper include pruning, which refers to the process of reducing the number of parameters in neural networks, and robustness, which is the ability of networks to maintain performance against adversarial examples."
        },
        {
            "section number": "3.3",
            "key information": "The paper presents a novel pruning technique, the Robust Pruning Method, which focuses on preserving both benign and robust accuracy during the pruning process."
        },
        {
            "section number": "4.1",
            "key information": "The paper evaluates the effectiveness of the Robust Pruning Method by measuring benign accuracy, empirical robust accuracy, and verifiable robust accuracy before and after applying pruning."
        },
        {
            "section number": "5.1",
            "key information": "Experiments in the paper show that the proposed pruning method can preserve on average 93% benign accuracy while compressing the tested network by 10\u00d7."
        },
        {
            "section number": "6.2",
            "key information": "Future research directions suggested in the paper include exploring enhancements to the pruning strategy to further improve robustness and investigating its applicability to other neural network architectures."
        }
    ],
    "similarity_score": null,
    "image": null,
    "path": "/home/liudingyuan/code/SurveyX/code/SurveyX-main/outputs/t14a/papers/Towards compact and robust deep neural networks.json"
}