{
    "from": null,
    "scholar_id": null,
    "detail_id": null,
    "title": "Towards compact ConvNets via structure-sparsity regularized filter pruning",
    "abstract": "The success of convolutional neural networks (CNNs) in computer vision applications has been accompanied by a significant increase of computation and memory costs, which prohibits its usage on resource-limited environments such as mobile or embedded devices. To this end, the research of CNN compression has recently become emerging. In this paper, we propose a novel filter pruning scheme, termed structured sparsity regularization (SSR), to simultaneously speedup the computation and reduce the memory overhead of CNNs, which can be well supported by various off-the-shelf deep learning libraries. Concretely, the proposed scheme incorporates two different regularizers of structured sparsity into the original objective function of filter pruning, which fully coordinates the global outputs and local pruning operations to adaptively prune filters. We further propose an Alternative Updating with Lagrange Multipliers (AULM) scheme to efficiently solve its optimization. AULM follows the principle of ADMM and alternates between promoting the structured sparsity of CNNs and optimizing the recognition loss, which leads to a very efficient solver (2.5x to the most recent work that directly solves the group sparsity-based regularization). Moreover, by imposing the structured sparsity, the online inference is extremely memory-light, since the number of filters and the output feature maps are simultaneously reduced. The proposed scheme has been deployed to a variety of state-of-the-art CNN structures including LeNet, AlexNet, VGG, ResNet and GoogLeNet over different datasets. Quantitative results demonstrate that the proposed scheme achieves superior performance over the state-of-the-art methods. We further demonstrate the proposed compression scheme for the task of transfer learning, including domain adaptation and object detection, which also show exciting performance gains over the state-of-the-arts.",
    "arxivid": "1901.07827v2",
    "bib_name": "Towardscom83",
    "md_text": "# Towards compact ConvNets via structure-sparsity regularized filter pruning\n\n\nabstract\n\nThe success of convolutional neural networks (CNNs) in computer vision applications has been accompanied by a significant increase of computation and memory costs, which prohibits its usage on resource-limited environments such as mobile or embedded devices. To this end, the research of CNN compression has recently become emerging. In this paper, we propose a novel filter pruning scheme, termed structured sparsity regularization (SSR), to simultaneously speedup the computation and reduce the memory overhead of CNNs, which can be well supported by various off-the-shelf deep learning libraries. Concretely, the proposed scheme incorporates two different regularizers of structured sparsity into the original objective function of filter pruning, which fully coordinates the global outputs and local pruning operations to adaptively prune filters. We further propose an Alternative Updating with Lagrange Multipliers (AULM) scheme to efficiently solve its optimization. AULM follows the principle of ADMM and alternates between promoting the structured sparsity of CNNs and optimizing the recognition loss, which leads to a very efficient solver (2.5x to the most recent work that directly solves the group sparsity-based regularization). Moreover, by imposing the structured sparsity, the online inference is extremely memory-light, since the number of filters and the output feature maps are simultaneously reduced. The proposed scheme has been deployed to a variety of state-of-the-art CNN structures including LeNet, AlexNet, VGG, ResNet and GoogLeNet over different datasets. Quantitative results demonstrate that the proposed scheme achieves superior performance over the state-of-the-art methods. We further demonstrate the proposed compression scheme for the task of transfer learning, including domain adaptation and object detection, which also show exciting performance gains over the state-of-the-arts.",
    "paper_type": "method",
    "attri": {
        "background": "The success of convolutional neural networks (CNNs) in computer vision applications has led to increased computation and memory costs, hindering their use in resource-limited environments. This necessitates advancements in CNN compression techniques.",
        "problem": {
            "definition": "The paper addresses the challenge of high computational and memory costs associated with CNNs, which limit their deployment on mobile and embedded devices.",
            "key obstacle": "The core obstacle is the inability of existing methods to effectively balance the trade-off between model performance and resource efficiency during CNN compression."
        },
        "idea": {
            "intuition": "The idea stems from the need to reduce both computation and memory overhead in CNNs without significantly compromising performance.",
            "opinion": "The proposed method, structured sparsity regularization (SSR), aims to enhance filter pruning by integrating structured sparsity into the pruning process.",
            "innovation": "The primary innovation lies in the introduction of structured sparsity regularization, which coordinates global outputs with local pruning operations, leading to more efficient filter pruning compared to existing methods."
        },
        "method": {
            "method name": "Structured Sparsity Regularization",
            "method abbreviation": "SSR",
            "method definition": "SSR is a filter pruning scheme that incorporates structured sparsity regularizers into the objective function to optimize filter selection in CNNs.",
            "method description": "The method adaptively prunes filters while maintaining performance by coordinating global and local pruning strategies.",
            "method steps": "1. Incorporate structured sparsity regularizers into the objective function. 2. Optimize using the Alternative Updating with Lagrange Multipliers (AULM) scheme. 3. Alternately promote structured sparsity and optimize recognition loss.",
            "principle": "The effectiveness of SSR is grounded in its ability to reduce both the number of filters and output feature maps, making the online inference memory-light while preserving model performance."
        },
        "experiments": {
            "evaluation setting": "The method was tested on various state-of-the-art CNN architectures including LeNet, AlexNet, VGG, ResNet, and GoogLeNet across different datasets.",
            "evaluation method": "Performance was assessed through quantitative comparisons with state-of-the-art methods, measuring improvements in computational efficiency and model accuracy."
        },
        "conclusion": "The proposed SSR method demonstrates superior performance in terms of efficiency and effectiveness in CNN compression, showing significant gains in both transfer learning tasks and traditional CNN applications.",
        "discussion": {
            "advantage": "The key advantages of SSR include enhanced computational efficiency, reduced memory overhead, and improved performance in various CNN architectures.",
            "limitation": "A potential limitation may include the complexity of implementing structured sparsity regularization in certain deep learning frameworks.",
            "future work": "Future research could explore further optimizations in the SSR framework and its application to additional deep learning tasks beyond CNNs."
        },
        "other info": {
            "info1": "The proposed method is compatible with off-the-shelf deep learning libraries.",
            "info2": {
                "info2.1": "The AULM scheme is based on the principle of Alternating Direction Method of Multipliers (ADMM).",
                "info2.2": "SSR has shown promising results in tasks such as domain adaptation and object detection."
            }
        }
    },
    "mount_outline": [
        {
            "section number": "1.1",
            "key information": "The success of convolutional neural networks (CNNs) in computer vision applications has led to increased computation and memory costs, hindering their use in resource-limited environments."
        },
        {
            "section number": "1.2",
            "key information": "The paper addresses the challenge of high computational and memory costs associated with CNNs, which limit their deployment on mobile and embedded devices."
        },
        {
            "section number": "2.2",
            "key information": "The proposed method, structured sparsity regularization (SSR), aims to enhance filter pruning by integrating structured sparsity into the pruning process."
        },
        {
            "section number": "3.1",
            "key information": "SSR is a filter pruning scheme that incorporates structured sparsity regularizers into the objective function to optimize filter selection in CNNs."
        },
        {
            "section number": "4.1",
            "key information": "Performance was assessed through quantitative comparisons with state-of-the-art methods, measuring improvements in computational efficiency and model accuracy."
        },
        {
            "section number": "5.1",
            "key information": "The effectiveness of SSR is grounded in its ability to reduce both the number of filters and output feature maps, making the online inference memory-light while preserving model performance."
        },
        {
            "section number": "6.2",
            "key information": "Future research could explore further optimizations in the SSR framework and its application to additional deep learning tasks beyond CNNs."
        }
    ],
    "similarity_score": null,
    "image": null,
    "path": "/home/liudingyuan/code/SurveyX/code/SurveyX-main/outputs/t14a/papers/Towards compact ConvNets via structure-sparsity regularized filter pruning.json"
}