{
    "from": null,
    "scholar_id": null,
    "detail_id": null,
    "title": "Towards efficient end-to-end speech recognition with biologically-inspired neural networks",
    "abstract": "Automatic speech recognition (ASR) is a capability which enables a program to process human speech into a written form. Recent developments in artificial intelligence (AI) have led to high-accuracy ASR systems based on deep neural networks, such as the recurrent neural network transducer (RNN-T). However, the core components and the performed operations of these approaches depart from the powerful biological counterpart, i.e., the human brain. On the other hand, the current developments in biologically-inspired ASR models, based on spiking neural networks (SNNs), lag behind in terms of accuracy and focus primarily on small scale applications. In this work, we revisit the incorporation of biologically-plausible models into deep learning and we substantially enhance their capabilities, by taking inspiration from the diverse neural and synaptic dynamics found in the brain. In particular, we introduce neural connectivity concepts emulating the axo-somatic and the axo-axonic synapses. Based on this, we propose novel deep learning units with enriched neuro-synaptic dynamics and integrate them into the RNN-T architecture. We demonstrate for the first time, that a biologically realistic implementation of a large-scale ASR model can yield competitive performance levels compared to the existing deep learning models. Specifically, we show that such an implementation bears several advantages, such as a reduced computational cost and a lower latency, which are critical for speech recognition applications.",
    "arxivid": "2110.02743v2",
    "bib_name": "Towardseff3",
    "md_text": "# Towards efficient end-to-end speech recognition with biologically-inspired neural networks\n\n\nabstract\n\nAutomatic speech recognition (ASR) is a capability which enables a program to process human speech into a written form. Recent developments in artificial intelligence (AI) have led to high-accuracy ASR systems based on deep neural networks, such as the recurrent neural network transducer (RNN-T). However, the core components and the performed operations of these approaches depart from the powerful biological counterpart, i.e., the human brain. On the other hand, the current developments in biologically-inspired ASR models, based on spiking neural networks (SNNs), lag behind in terms of accuracy and focus primarily on small scale applications. In this work, we revisit the incorporation of biologically-plausible models into deep learning and we substantially enhance their capabilities, by taking inspiration from the diverse neural and synaptic dynamics found in the brain. In particular, we introduce neural connectivity concepts emulating the axo-somatic and the axo-axonic synapses. Based on this, we propose novel deep learning units with enriched neuro-synaptic dynamics and integrate them into the RNN-T architecture. We demonstrate for the first time, that a biologically realistic implementation of a large-scale ASR model can yield competitive performance levels compared to the existing deep learning models. Specifically, we show that such an implementation bears several advantages, such as a reduced computational cost and a lower latency, which are critical for speech recognition applications.",
    "paper_type": "method",
    "attri": {
        "background": "This paper addresses the issue of automatic speech recognition (ASR) systems, which have achieved high accuracy with deep neural networks but lack the biological plausibility found in human brain functions. Current biologically-inspired ASR models based on spiking neural networks (SNNs) have not reached comparable accuracy and are limited to small-scale applications, necessitating a breakthrough to improve their performance.",
        "problem": {
            "definition": "The problem is the gap in performance and biological plausibility between conventional ASR systems based on deep learning and biologically-inspired models, which do not achieve high accuracy.",
            "key obstacle": "The main difficulty is that existing biologically-inspired models do not effectively leverage the complex neural and synaptic dynamics of the human brain, which limits their performance in ASR tasks."
        },
        "idea": {
            "intuition": "The idea is inspired by the need to integrate biologically-plausible models into deep learning frameworks to enhance ASR capabilities.",
            "opinion": "The proposed idea involves introducing novel deep learning units that emulate neuro-synaptic dynamics and integrating them into the recurrent neural network transducer (RNN-T) architecture to improve performance.",
            "innovation": "The key innovation lies in the incorporation of neural connectivity concepts that replicate axo-somatic and axo-axonic synapses, allowing for a biologically realistic implementation of large-scale ASR models that outperform traditional deep learning approaches."
        },
        "method": {
            "method name": "Biologically-Inspired Neural Network for ASR",
            "method abbreviation": "BINN-ASR",
            "method definition": "This method integrates biologically-inspired neural connectivity concepts into the RNN-T architecture to enhance speech recognition performance.",
            "method description": "The core of the method involves using enriched neuro-synaptic dynamics in deep learning units to improve ASR efficiency and accuracy.",
            "method steps": "1. Incorporate biologically-inspired neural connectivity concepts into the RNN-T architecture. 2. Develop deep learning units with enhanced neuro-synaptic dynamics. 3. Train the model on large-scale ASR datasets. 4. Evaluate performance against existing models.",
            "principle": "This method is effective because it mimics the complex dynamics of the human brain, leading to improved computational efficiency and reduced latency in speech recognition tasks."
        },
        "experiments": {
            "evaluation setting": "The experimental setup involved training the proposed model on large-scale ASR datasets and comparing its performance with baseline deep learning models.",
            "evaluation method": "Performance was assessed through metrics such as accuracy, computational cost, and latency, with results analyzed to demonstrate the advantages of the proposed method."
        },
        "conclusion": "The experiments demonstrate that the biologically-inspired implementation of a large-scale ASR model achieves competitive performance compared to existing deep learning models, highlighting its potential for practical applications in speech recognition.",
        "discussion": {
            "advantage": "The proposed approach offers significant advantages, including reduced computational costs and lower latency, making it suitable for real-time speech recognition applications.",
            "limitation": "One limitation is that the current model may still lag behind in certain accuracy metrics compared to the most advanced deep learning models, indicating room for further improvement.",
            "future work": "Future work should focus on refining the model to enhance its accuracy, exploring additional biologically-inspired mechanisms, and testing the method across various speech recognition tasks."
        },
        "other info": []
    },
    "mount_outline": [
        {
            "section number": "1.1",
            "key information": "Pruning is significant for enhancing model efficiency and performance, which parallels the need for biologically-inspired models to improve ASR capabilities."
        },
        {
            "section number": "2.1",
            "key information": "Deep neural networks are utilized in automatic speech recognition systems, achieving high accuracy but lacking biological plausibility."
        },
        {
            "section number": "2.4",
            "key information": "Pruning, sparsity, and efficiency are crucial in neural networks, similar to how biologically-inspired connectivity concepts aim to enhance efficiency in ASR models."
        },
        {
            "section number": "3.1",
            "key information": "The proposed biologically-inspired neural network integrates novel deep learning units that emulate neuro-synaptic dynamics, representing a structured approach to model improvement."
        },
        {
            "section number": "4.1",
            "key information": "Performance metrics such as accuracy, computational cost, and latency were assessed to compare the proposed method with existing deep learning models."
        },
        {
            "section number": "5.1",
            "key information": "The proposed model demonstrates competitive performance in accuracy and reduced latency compared to traditional deep learning approaches."
        },
        {
            "section number": "6.2",
            "key information": "Future research directions include refining the model for enhanced accuracy and exploring additional biologically-inspired mechanisms."
        }
    ],
    "similarity_score": null,
    "image": null,
    "path": "/home/liudingyuan/code/SurveyX/code/SurveyX-main/outputs/t14a/papers/Towards efficient end-to-end speech recognition with biologically-inspired neural networks.json"
}