{
    "from": null,
    "scholar_id": null,
    "detail_id": null,
    "title": "Towards optimal structured CNN pruning via generative adversarial learning",
    "abstract": "Structured pruning of filters or neurons has received increased focus for compressing convolutional neural networks. Most existing methods rely on multi-stage optimizations in a layer-wise manner for iteratively pruning and retraining which may not be optimal and may be computation intensive. Besides, these methods are designed for pruning a specific structure, such as filter or block structures without jointly pruning heterogeneous structures. In this paper, we propose an effective structured pruning approach that jointly prunes filters as well as other structures in an end-to-end manner. To accomplish this, we first introduce a soft mask to scale the output of these structures by defining a new objective function with sparsity regularization to align the output of baseline and network with this mask. We then effectively solve the optimization problem by generative adversarial learning (GAL), which learns a sparse soft mask in a label-free and an end-to-end manner. By forcing more scale factors in the soft mask to zero, the fast iterative shrinkage-thresholding algorithm (FISTA) can be leveraged to fast and reliably remove the corresponding structures. Extensive experiments demonstrate the effectiveness of GAL on different datasets, including MNIST, CIFAR-10 and ImageNet ILSVRC 2012. For example, on ImageNet ILSVRC 2012, the pruned ResNet-50 achieves 10.88% Top-5 error and results in a factor of 3.7x speedup. This significantly outperforms state-of-the-art methods.",
    "arxivid": "1903.09291v1",
    "bib_name": "Towardsopt107",
    "md_text": "# Towards optimal structured CNN pruning via generative adversarial learning\n\n\nabstract\n\nStructured pruning of filters or neurons has received increased focus for compressing convolutional neural networks. Most existing methods rely on multi-stage optimizations in a layer-wise manner for iteratively pruning and retraining which may not be optimal and may be computation intensive. Besides, these methods are designed for pruning a specific structure, such as filter or block structures without jointly pruning heterogeneous structures. In this paper, we propose an effective structured pruning approach that jointly prunes filters as well as other structures in an end-to-end manner. To accomplish this, we first introduce a soft mask to scale the output of these structures by defining a new objective function with sparsity regularization to align the output of baseline and network with this mask. We then effectively solve the optimization problem by generative adversarial learning (GAL), which learns a sparse soft mask in a label-free and an end-to-end manner. By forcing more scale factors in the soft mask to zero, the fast iterative shrinkage-thresholding algorithm (FISTA) can be leveraged to fast and reliably remove the corresponding structures. Extensive experiments demonstrate the effectiveness of GAL on different datasets, including MNIST, CIFAR-10 and ImageNet ILSVRC 2012. For example, on ImageNet ILSVRC 2012, the pruned ResNet-50 achieves 10.88% Top-5 error and results in a factor of 3.7x speedup. This significantly outperforms state-of-the-art methods.",
    "paper_type": "method",
    "attri": {
        "background": "Structured pruning of filters or neurons has received increased focus for compressing convolutional neural networks. Most existing methods rely on multi-stage optimizations in a layer-wise manner for iteratively pruning and retraining which may not be optimal and may be computation intensive. These methods are designed for pruning a specific structure, such as filter or block structures without jointly pruning heterogeneous structures.",
        "problem": {
            "definition": "The paper aims to address the limitations of existing structured pruning methods that are computation intensive and not optimal due to their layer-wise, multi-stage optimization processes.",
            "key obstacle": "The core obstacle is the inability of existing methods to jointly prune heterogeneous structures, which limits their effectiveness and efficiency."
        },
        "idea": {
            "intuition": "The idea is inspired by the need for a more efficient pruning method that can handle multiple structures simultaneously, rather than relying on traditional layer-wise approaches.",
            "opinion": "The proposed idea entails using a soft mask for scaling outputs and defining a new objective function with sparsity regularization to enable joint pruning of various structures in an end-to-end manner.",
            "innovation": "The primary innovation lies in the use of generative adversarial learning (GAL) to learn a sparse soft mask in a label-free manner, allowing for the effective joint pruning of filters and other structures."
        },
        "method": {
            "method name": "Generative Adversarial Learning for Structured Pruning",
            "method abbreviation": "GAL-SP",
            "method definition": "GAL-SP is a structured pruning approach that utilizes a soft mask to scale outputs and employs a new objective function with sparsity regularization to align the outputs of the baseline and network.",
            "method description": "The method involves using generative adversarial learning to create a sparse soft mask that facilitates joint pruning of filters and other structures.",
            "method steps": "1. Introduce a soft mask to scale outputs; 2. Define a new objective function with sparsity regularization; 3. Solve the optimization problem using GAL; 4. Apply FISTA to remove corresponding structures.",
            "principle": "The method is effective because it allows for the simultaneous pruning of heterogeneous structures, leveraging sparsity and adversarial learning to optimize the pruning process."
        },
        "experiments": {
            "evaluation setting": "Experiments were conducted on datasets including MNIST, CIFAR-10, and ImageNet ILSVRC 2012, with comparisons made against state-of-the-art methods.",
            "evaluation method": "The performance of the method was assessed based on the Top-5 error rate and speedup achieved in the pruned models."
        },
        "conclusion": "The experiments demonstrate that the proposed GAL method significantly outperforms existing state-of-the-art structured pruning methods, achieving a Top-5 error of 10.88% on ImageNet ILSVRC 2012 and a 3.7x speedup.",
        "discussion": {
            "advantage": "The key advantages of the proposed approach include its ability to jointly prune multiple structures effectively and its efficiency in utilizing generative adversarial learning.",
            "limitation": "A limitation of the method may include its reliance on the quality of the generated soft mask, which could impact the pruning effectiveness if not properly optimized.",
            "future work": "Future work could focus on improving the mask generation process and exploring additional structures for pruning to enhance the method's applicability."
        },
        "other info": []
    },
    "mount_outline": [
        {
            "section number": "2.2",
            "key information": "Structured pruning of filters or neurons has received increased focus for compressing convolutional neural networks. Most existing methods rely on multi-stage optimizations in a layer-wise manner for iteratively pruning and retraining which may not be optimal and may be computation intensive."
        },
        {
            "section number": "2.4",
            "key information": "The core obstacle is the inability of existing methods to jointly prune heterogeneous structures, which limits their effectiveness and efficiency."
        },
        {
            "section number": "3.1",
            "key information": "The proposed idea entails using a soft mask for scaling outputs and defining a new objective function with sparsity regularization to enable joint pruning of various structures in an end-to-end manner."
        },
        {
            "section number": "3.3",
            "key information": "The primary innovation lies in the use of generative adversarial learning (GAL) to learn a sparse soft mask in a label-free manner, allowing for the effective joint pruning of filters and other structures."
        },
        {
            "section number": "4.1",
            "key information": "The performance of the method was assessed based on the Top-5 error rate and speedup achieved in the pruned models."
        },
        {
            "section number": "5.1",
            "key information": "The experiments demonstrate that the proposed GAL method significantly outperforms existing state-of-the-art structured pruning methods, achieving a Top-5 error of 10.88% on ImageNet ILSVRC 2012 and a 3.7x speedup."
        },
        {
            "section number": "6.2",
            "key information": "Future work could focus on improving the mask generation process and exploring additional structures for pruning to enhance the method's applicability."
        }
    ],
    "similarity_score": null,
    "image": null,
    "path": "/home/liudingyuan/code/SurveyX/code/SurveyX-main/outputs/t14a/papers/Towards optimal structured CNN pruning via generative adversarial learning.json"
}