{
    "from": null,
    "scholar_id": null,
    "detail_id": null,
    "title": "Towards compact CNNs via collaborative compression",
    "abstract": "Channel pruning and tensor decomposition have received extensive attention in convolutional neural network compression. However, these two techniques are traditionally deployed in an isolated manner, leading to significant accuracy drop when pursuing high compression rates. In this paper, we propose a Collaborative Compression (CC) scheme, which joints channel pruning and tensor decomposition to compress CNN models by simultaneously learning the model sparsity and low-rankness. Specifically, we first investigate the compression sensitivity of each layer in the network, and then propose a Global Compression Rate Optimization that transforms the decision problem of compression rate into an optimization problem. After that, we propose multi-step heuristic compression to remove redundant compression units step-by-step, which fully considers the effect of the remaining compression space (i.e., unremoved compression units). Our method demonstrates superior performance gains over previous ones on various datasets and backbone architectures. For example, we achieve 52.9% FLOPs reduction by removing 48.4% parameters on ResNet-50 with only a Top-1 accuracy drop of 0.56% on ImageNet 2012.",
    "arxivid": "2105.11228v1",
    "bib_name": "Towardscom121",
    "md_text": "# Towards compact CNNs via collaborative compression\n\n\nabstract\n\nChannel pruning and tensor decomposition have received extensive attention in convolutional neural network compression. However, these two techniques are traditionally deployed in an isolated manner, leading to significant accuracy drop when pursuing high compression rates. In this paper, we propose a Collaborative Compression (CC) scheme, which joints channel pruning and tensor decomposition to compress CNN models by simultaneously learning the model sparsity and low-rankness. Specifically, we first investigate the compression sensitivity of each layer in the network, and then propose a Global Compression Rate Optimization that transforms the decision problem of compression rate into an optimization problem. After that, we propose multi-step heuristic compression to remove redundant compression units step-by-step, which fully considers the effect of the remaining compression space (i.e., unremoved compression units). Our method demonstrates superior performance gains over previous ones on various datasets and backbone architectures. For example, we achieve 52.9% FLOPs reduction by removing 48.4% parameters on ResNet-50 with only a Top-1 accuracy drop of 0.56% on ImageNet 2012.",
    "paper_type": "method",
    "attri": {
        "background": "This paper addresses the issue of CNN model compression, highlighting the limitations of traditional channel pruning and tensor decomposition techniques, which are typically applied in isolation, resulting in significant accuracy drops at high compression rates.",
        "problem": {
            "definition": "The problem is the inefficiency of existing CNN compression methods that do not effectively combine channel pruning and tensor decomposition, leading to poor performance at high compression levels.",
            "key obstacle": "The core obstacle is the significant accuracy drop experienced when high compression rates are pursued using isolated compression techniques."
        },
        "idea": {
            "intuition": "The idea is inspired by the observation that combining channel pruning and tensor decomposition could lead to more effective CNN compression without sacrificing accuracy.",
            "opinion": "The proposed Collaborative Compression (CC) scheme integrates channel pruning and tensor decomposition to learn both model sparsity and low-rankness simultaneously.",
            "innovation": "The primary innovation lies in the joint optimization of compression sensitivity across layers and the use of a Global Compression Rate Optimization approach, which transforms the compression decision into an optimization problem."
        },
        "method": {
            "method name": "Collaborative Compression",
            "method abbreviation": "CC",
            "method definition": "Collaborative Compression is a method that combines channel pruning and tensor decomposition to achieve efficient CNN compression by optimizing model sparsity and low-rankness simultaneously.",
            "method description": "The method involves a multi-step heuristic approach to remove redundant compression units while considering the impact of remaining units.",
            "principle": "The effectiveness of this method is based on its ability to optimize the compression rate decision problem, allowing for better performance retention at high compression levels."
        },
        "experiments": {
            "evaluation setting": "The experiments were conducted on various datasets and backbone architectures, including ResNet-50 on ImageNet 2012, where the method achieved significant reductions in FLOPs and parameters.",
            "evaluation method": "The performance of the method was assessed by measuring the reduction in parameters and FLOPs, alongside the corresponding changes in Top-1 accuracy."
        },
        "conclusion": "The Collaborative Compression method demonstrates superior performance gains over previous methods, achieving a 52.9% reduction in FLOPs by removing 48.4% of parameters with only a 0.56% drop in Top-1 accuracy on ImageNet 2012.",
        "discussion": {
            "advantage": "The key advantage of the proposed approach is its ability to maintain high accuracy while achieving significant model compression through a collaborative strategy.",
            "limitation": "A limitation of the method may include potential challenges in the optimization process for certain network architectures or datasets.",
            "future work": "Future research could explore further enhancements in the optimization techniques used in CC and investigate its applicability to more complex network architectures."
        },
        "other info": []
    },
    "mount_outline": [
        {
            "section number": "1.1",
            "key information": "The paper addresses the issue of CNN model compression, highlighting the limitations of traditional channel pruning and tensor decomposition techniques, which are typically applied in isolation, resulting in significant accuracy drops at high compression rates."
        },
        {
            "section number": "2.2",
            "key information": "The problem is the inefficiency of existing CNN compression methods that do not effectively combine channel pruning and tensor decomposition, leading to poor performance at high compression levels."
        },
        {
            "section number": "3.1",
            "key information": "The proposed Collaborative Compression (CC) scheme integrates channel pruning and tensor decomposition to learn both model sparsity and low-rankness simultaneously."
        },
        {
            "section number": "3.3",
            "key information": "The primary innovation lies in the joint optimization of compression sensitivity across layers and the use of a Global Compression Rate Optimization approach, which transforms the compression decision into an optimization problem."
        },
        {
            "section number": "4.1",
            "key information": "The performance of the method was assessed by measuring the reduction in parameters and FLOPs, alongside the corresponding changes in Top-1 accuracy."
        },
        {
            "section number": "5.1",
            "key information": "The Collaborative Compression method demonstrates superior performance gains over previous methods, achieving a 52.9% reduction in FLOPs by removing 48.4% of parameters with only a 0.56% drop in Top-1 accuracy on ImageNet 2012."
        },
        {
            "section number": "6.1",
            "key information": "The key advantage of the proposed approach is its ability to maintain high accuracy while achieving significant model compression through a collaborative strategy."
        }
    ],
    "similarity_score": null,
    "image": null,
    "path": "/home/liudingyuan/code/SurveyX/code/SurveyX-main/outputs/t14a/papers/Towards compact CNNs via collaborative compression.json"
}