{
    "from": null,
    "scholar_id": null,
    "detail_id": null,
    "title": "Towards efficient model compression via learned global ranking",
    "abstract": "Pruning convolutional filters has demonstrated its effectiveness in compressing ConvNets. Prior art in filter pruning requires users to specify a target model complexity (e.g., model size or FLOP count) for the resulting architecture. However, determining a target model complexity can be difficult for optimizing various embodied AI applications such as autonomous robots, drones, and user-facing applications. First, both the accuracy and the speed of ConvNets can affect the performance of the application. Second, the performance of the application can be hard to assess without evaluating ConvNets during inference. As a consequence, finding a sweet-spot between the accuracy and speed via filter pruning, which needs to be done in a trial-and-error fashion, can be time-consuming. This work takes a first step toward making this process more efficient by altering the goal of model compression to producing a set of ConvNets with various accuracy and latency trade-offs instead of producing one ConvNet targeting some pre-defined latency constraint. To this end, we propose to learn a global ranking of the filters across different layers of the ConvNet, which is used to obtain a set of ConvNet architectures that have different accuracy/latency trade-offs by pruning the bottom-ranked filters. Our proposed algorithm, LeGR, is shown to be 2\u00d7 to 3\u00d7 faster than prior work while having comparable or better performance when targeting seven pruned ResNet-56 with different accuracy/FLOPs profiles on the CIFAR-100 dataset. Additionally, we have evaluated LeGR on ImageNet and Bird-200 with ResNet-50 and Mo- bileNetV2 to demonstrate its effectiveness. Code available at https://github.com/cmu-enyac/LeGR.",
    "arxivid": "1904.12368v2",
    "bib_name": "Towardseff141",
    "md_text": "# Towards efficient model compression via learned global ranking\n\n\nabstract\n\nPruning convolutional filters has demonstrated its effectiveness in compressing ConvNets. Prior art in filter pruning requires users to specify a target model complexity (e.g., model size or FLOP count) for the resulting architecture. However, determining a target model complexity can be difficult for optimizing various embodied AI applications such as autonomous robots, drones, and user-facing applications. First, both the accuracy and the speed of ConvNets can affect the performance of the application. Second, the performance of the application can be hard to assess without evaluating ConvNets during inference. As a consequence, finding a sweet-spot between the accuracy and speed via filter pruning, which needs to be done in a trial-and-error fashion, can be time-consuming. This work takes a first step toward making this process more efficient by altering the goal of model compression to producing a set of ConvNets with various accuracy and latency trade-offs instead of producing one ConvNet targeting some pre-defined latency constraint. To this end, we propose to learn a global ranking of the filters across different layers of the ConvNet, which is used to obtain a set of ConvNet architectures that have different accuracy/latency trade-offs by pruning the bottom-ranked filters. Our proposed algorithm, LeGR, is shown to be 2\u00d7 to 3\u00d7 faster than prior work while having comparable or better performance when targeting seven pruned ResNet-56 with different accuracy/FLOPs profiles on the CIFAR-100 dataset. Additionally, we have evaluated LeGR on ImageNet and Bird-200 with ResNet-50 and Mo- bileNetV2 to demonstrate its effectiveness. Code available at https://github.com/cmu-enyac/LeGR.",
    "paper_type": "method",
    "attri": {
        "background": "Pruning convolutional filters has demonstrated its effectiveness in compressing ConvNets. However, prior methods require users to specify a target model complexity, which can be difficult for optimizing various AI applications. The need to balance accuracy and speed complicates the evaluation process, making it time-consuming to find optimal configurations through trial-and-error.",
        "problem": {
            "definition": "The problem addressed is the difficulty in determining a target model complexity for ConvNets, which affects their performance in applications like autonomous robots and drones.",
            "key obstacle": "The core obstacle is the challenge of assessing application performance without evaluating ConvNets during inference, leading to inefficiencies in finding the right balance between accuracy and speed."
        },
        "idea": {
            "intuition": "The idea is inspired by the need for a more efficient process in model compression that does not rely on predefined latency constraints.",
            "opinion": "The proposed idea involves learning a global ranking of filters across ConvNet layers to produce multiple architectures with varying accuracy and latency trade-offs.",
            "innovation": "The primary innovation of the method, LeGR, lies in its ability to generate a set of ConvNet architectures rather than a single model, improving efficiency and flexibility in model compression."
        },
        "method": {
            "method name": "Learned Global Ranking",
            "method abbreviation": "LeGR",
            "method definition": "LeGR is a method that learns a global ranking of filters in ConvNets to facilitate the pruning of less important filters, resulting in multiple architectures with different accuracy and latency profiles.",
            "method description": "LeGR produces a variety of ConvNet architectures by pruning filters based on their learned global ranking.",
            "method steps": "1. Learn a global ranking of filters across layers. 2. Prune bottom-ranked filters to create different architectures. 3. Evaluate the resulting architectures for accuracy and latency.",
            "principle": "This method is effective due to its ability to systematically rank filters, allowing for targeted pruning that optimizes both accuracy and latency in the resulting ConvNet architectures."
        },
        "experiments": {
            "evaluation setting": "The evaluation was conducted on the CIFAR-100 dataset using pruned ResNet-56 architectures, as well as additional tests on ImageNet and Bird-200 with ResNet-50 and MobileNetV2.",
            "evaluation method": "Performance was measured by comparing the accuracy and latency of the architectures generated by LeGR against prior methods."
        },
        "conclusion": "The experiments demonstrate that LeGR is 2\u00d7 to 3\u00d7 faster than previous methods while achieving comparable or improved performance across different accuracy/FLOPs profiles.",
        "discussion": {
            "advantage": "The key advantage of LeGR is its ability to efficiently generate multiple ConvNet architectures tailored to specific accuracy and latency needs, enhancing flexibility for various applications.",
            "limitation": "One limitation may be the reliance on the learned ranking, which could potentially introduce biases based on the training data used.",
            "future work": "Future research could explore refining the ranking process, applying the method to other architectures, and investigating its scalability to larger datasets."
        },
        "other info": {
            "code availability": "Code available at https://github.com/cmu-enyac/LeGR"
        }
    },
    "mount_outline": [
        {
            "section number": "1.1",
            "key information": "Pruning convolutional filters has demonstrated its effectiveness in compressing ConvNets, highlighting the importance of pruning in the context of model efficiency and performance improvement."
        },
        {
            "section number": "2.2",
            "key information": "LeGR is a method that learns a global ranking of filters in ConvNets to facilitate the pruning of less important filters, resulting in multiple architectures with different accuracy and latency profiles."
        },
        {
            "section number": "3.3",
            "key information": "The primary innovation of the method, LeGR, lies in its ability to generate a set of ConvNet architectures rather than a single model, improving efficiency and flexibility in model compression."
        },
        {
            "section number": "4.2",
            "key information": "Performance was measured by comparing the accuracy and latency of the architectures generated by LeGR against prior methods, providing efficiency metrics for evaluation."
        },
        {
            "section number": "5.1",
            "key information": "The experiments demonstrate that LeGR is 2\u00d7 to 3\u00d7 faster than previous methods while achieving comparable or improved performance across different accuracy/FLOPs profiles."
        },
        {
            "section number": "6.1",
            "key information": "The key advantage of LeGR is its ability to efficiently generate multiple ConvNet architectures tailored to specific accuracy and latency needs, enhancing flexibility for various applications."
        },
        {
            "section number": "6.2",
            "key information": "Future research could explore refining the ranking process, applying the method to other architectures, and investigating its scalability to larger datasets."
        }
    ],
    "similarity_score": null,
    "image": null,
    "path": "/home/liudingyuan/code/SurveyX/code/SurveyX-main/outputs/t14a/papers/Towards efficient model compression via learned global ranking.json"
}