{
    "from": null,
    "scholar_id": null,
    "detail_id": null,
    "title": "Train large, then compress: Rethinking model size for efficient training and inference of transformers",
    "abstract": "Since hardware resources are limited, the objective of training deep learning models is typically to maximize accuracy subject to the time and memory constraints of training and inference. We study the impact of model size in this setting, focusing on Transformer models for NLP tasks that are limited by compute: self-supervised pretraining and high-resource machine translation. We first show that even though smaller Transformer models execute faster per iteration, wider and deeper models converge in significantly fewer steps. Moreover, this acceleration in convergence typically outpaces the additional computational overhead of using larger models. Therefore, the most compute-efficient training strategy is to counterintuitively train extremely large models but stop after a small number of iterations. \nThis leads to an apparent trade-off between the training efficiency of large Transformer models and the inference efficiency of small Transformer models. However, we show that large models are more robust to compression techniques such as quantization and pruning than small models. Consequently, one can get the best of both worlds: heavily compressed, large models achieve higher accuracy than lightly compressed, small models.",
    "arxivid": "2002.11794v2",
    "bib_name": "Trainlarge170",
    "md_text": "# Train large, then compress: Rethinking model size for efficient training and inference of transformers\n\n\nabstract\n\nSince hardware resources are limited, the objective of training deep learning models is typically to maximize accuracy subject to the time and memory constraints of training and inference. We study the impact of model size in this setting, focusing on Transformer models for NLP tasks that are limited by compute: self-supervised pretraining and high-resource machine translation. We first show that even though smaller Transformer models execute faster per iteration, wider and deeper models converge in significantly fewer steps. Moreover, this acceleration in convergence typically outpaces the additional computational overhead of using larger models. Therefore, the most compute-efficient training strategy is to counterintuitively train extremely large models but stop after a small number of iterations. \nThis leads to an apparent trade-off between the training efficiency of large Transformer models and the inference efficiency of small Transformer models. However, we show that large models are more robust to compression techniques such as quantization and pruning than small models. Consequently, one can get the best of both worlds: heavily compressed, large models achieve higher accuracy than lightly compressed, small models.",
    "paper_type": "benchmark",
    "attri": {
        "background": "This paper addresses the issue of training deep learning models efficiently under limited hardware resources, focusing on the trade-offs between model size and computational efficiency in the context of Transformer models for NLP tasks.",
        "problem": {
            "definition": "The benchmark is designed to address the challenge of optimizing the training and inference efficiency of Transformer models within the constraints of available computational resources.",
            "key obstacle": "Existing benchmarks often do not adequately address the trade-offs between large model training efficiency and small model inference efficiency."
        },
        "idea": {
            "intuition": "The thought process behind the benchmark stems from observations that larger models, despite their computational overhead, can converge faster and more efficiently than smaller models when trained under specific conditions.",
            "opinion": "The authors believe that understanding the dynamics of model size in training can significantly impact the development of more efficient deep learning practices.",
            "innovation": "This benchmark differs from previous ones by emphasizing the benefits of training large models with a focus on their robustness to compression techniques, which is often overlooked.",
            "benchmark abbreviation": "LTC"
        },
        "dataset": {
            "source": "The dataset was created using a combination of real-world data for self-supervised pretraining and high-resource machine translation tasks.",
            "desc": "The dataset includes a variety of NLP tasks designed to test the efficiency of training and inference across different model sizes.",
            "content": "The dataset includes text data relevant to various NLP tasks, such as machine translation and language modeling.",
            "size": "-",
            "domain": "Natural Language Processing",
            "task format": "Machine Translation"
        },
        "metrics": {
            "metric name": "Accuracy, Convergence Speed",
            "aspect": "Model performance measured in terms of accuracy and the number of training iterations required for convergence.",
            "principle": "The metrics were chosen based on their relevance to assessing the trade-offs between model size, training efficiency, and inference performance.",
            "procedure": "Models were evaluated based on their accuracy after a fixed number of training iterations and their performance on inference tasks."
        },
        "experiments": {
            "model": "The experiments tested both large Transformer models and smaller baseline models.",
            "procedure": "Models were trained under controlled conditions with varying sizes, and their performance was evaluated after a set number of iterations.",
            "result": "Large models demonstrated higher accuracy and faster convergence compared to smaller models, even with fewer training iterations.",
            "variability": "Variability was accounted for through multiple training trials and comparisons across different model sizes."
        },
        "conclusion": "The findings suggest that training large models for a limited number of iterations can lead to better performance and efficiency, highlighting the importance of model size in deep learning.",
        "discussion": {
            "advantage": "The benchmark offers a new perspective on the efficiency of large models, contributing valuable insights into model training strategies.",
            "limitation": "One potential limitation is the focus on specific NLP tasks, which may not generalize across all deep learning applications.",
            "future work": "Future research should explore the implications of these findings in other domains and investigate further optimization strategies for model training."
        },
        "other info": []
    },
    "mount_outline": [
        {
            "section number": "1.1",
            "key information": "This paper addresses the issue of training deep learning models efficiently under limited hardware resources, focusing on the trade-offs between model size and computational efficiency in the context of Transformer models for NLP tasks."
        },
        {
            "section number": "1.2",
            "key information": "The key goals of this survey include understanding the dynamics of model size in training and its impact on the development of more efficient deep learning practices."
        },
        {
            "section number": "2.1",
            "key information": "The experiments tested both large Transformer models and smaller baseline models, providing an overview of model performance in deep learning."
        },
        {
            "section number": "2.4",
            "key information": "The benchmark emphasizes the benefits of training large models with a focus on their robustness to compression techniques, which is often overlooked."
        },
        {
            "section number": "4.1",
            "key information": "Model performance is measured in terms of accuracy and the number of training iterations required for convergence, highlighting effectiveness metrics."
        },
        {
            "section number": "4.3",
            "key information": "The findings suggest that training large models for a limited number of iterations can lead to better performance and efficiency, addressing trade-offs in pruning methods."
        },
        {
            "section number": "5.1",
            "key information": "Large models demonstrated higher accuracy and faster convergence compared to smaller models, even with fewer training iterations, impacting model accuracy and inference time."
        },
        {
            "section number": "6.2",
            "key information": "Future research should explore the implications of the findings in other domains and investigate further optimization strategies for model training."
        }
    ],
    "similarity_score": null,
    "image": null,
    "path": "/home/liudingyuan/code/SurveyX/code/SurveyX-main/outputs/t14a/papers/Train large, then compress_ Rethinking model size for efficient training and inference of transformers.json"
}