{
    "from": null,
    "scholar_id": null,
    "detail_id": null,
    "title": "Training data-efficient image transformers & distillation through attention",
    "abstract": "Recently, neural networks purely based on attention were shown to address image understanding tasks such as image classification. However, these visual transformers are pre-trained with hundreds of millions of images using an expensive infrastructure, thereby limiting their adoption. In this work, we produce a competitive convolution-free transformer by training on Imagenet only. We train them on a single computer in less than 3 days. Our reference vision transformer (86M parameters) achieves top-1 accuracy of 83.1% (single-crop evaluation) on ImageNet with no external data. More importantly, we introduce a teacher-student strategy specific to transformers. It relies on a distillation token ensuring that the student learns from the teacher through attention. We show the interest of this token-based distillation, especially when using a convnet as a teacher. This leads us to report results competitive with convnets for both Imagenet (where we obtain up to 85.2% accuracy) and when transferring to other tasks. We share our code and models.",
    "arxivid": "2012.12877v2",
    "bib_name": "Trainingda147",
    "md_text": "# Training data-efficient image transformers & distillation through attention\n\n\nabstract\n\nRecently, neural networks purely based on attention were shown to address image understanding tasks such as image classification. However, these visual transformers are pre-trained with hundreds of millions of images using an expensive infrastructure, thereby limiting their adoption. In this work, we produce a competitive convolution-free transformer by training on Imagenet only. We train them on a single computer in less than 3 days. Our reference vision transformer (86M parameters) achieves top-1 accuracy of 83.1% (single-crop evaluation) on ImageNet with no external data. More importantly, we introduce a teacher-student strategy specific to transformers. It relies on a distillation token ensuring that the student learns from the teacher through attention. We show the interest of this token-based distillation, especially when using a convnet as a teacher. This leads us to report results competitive with convnets for both Imagenet (where we obtain up to 85.2% accuracy) and when transferring to other tasks. We share our code and models.",
    "paper_type": "method",
    "attri": {
        "background": "This paper addresses the issue of the high resource requirements for training neural networks based purely on attention for image understanding tasks, which limits their accessibility and adoption in practical applications.",
        "problem": {
            "definition": "The problem is the need for effective image transformers that can be trained efficiently without relying on extensive computational resources or large datasets.",
            "key obstacle": "The main difficulty is that existing visual transformers require pre-training on vast amounts of data and expensive infrastructure, making them impractical for many users."
        },
        "idea": {
            "intuition": "The idea was inspired by the observation that convolution-free transformers can be competitive in performance when trained effectively, even on limited datasets.",
            "opinion": "The proposed idea involves developing a convolution-free transformer that can be trained solely on ImageNet data using a teacher-student strategy, which utilizes a distillation token for effective learning.",
            "innovation": "The key innovation is the introduction of a teacher-student strategy specific to transformers that leverages attention-based distillation, allowing the student model to learn from the teacher effectively."
        },
        "method": {
            "method name": "Competitive Convolution-Free Transformer",
            "method abbreviation": "CCT",
            "method definition": "The method involves training a transformer model on ImageNet data without convolutional layers, using a unique teacher-student distillation strategy to enhance learning.",
            "method description": "CCT is a transformer-based model designed for image classification that operates without convolutional layers and employs attention-based distillation.",
            "method steps": "1. Train the transformer model on ImageNet data; 2. Implement the teacher-student strategy with a distillation token; 3. Evaluate performance on image classification tasks.",
            "principle": "This method is effective because it allows the student model to learn directly from the teacher's attention mechanisms, improving knowledge transfer and performance without extensive pre-training."
        },
        "experiments": {
            "evaluation setting": "The experiments were conducted using a single computer setup, training on the ImageNet dataset with no external data and comparing performance against convolutional networks.",
            "evaluation method": "Performance was measured through top-1 accuracy on ImageNet and evaluated against baseline convolutional network methods."
        },
        "conclusion": "The results demonstrate that the proposed CCT achieves competitive performance to convolutional networks, with a top-1 accuracy of 83.1% on ImageNet, and shows promise for transferring to other tasks.",
        "discussion": {
            "advantage": "The key advantage of the proposed approach is its ability to achieve high accuracy with significantly reduced training time and resource requirements compared to traditional methods.",
            "limitation": "A limitation of the method is that it may not perform as well as larger models trained on more extensive datasets, and its effectiveness could vary across different tasks.",
            "future work": "Future research could explore optimizing the teacher-student strategy further, testing the approach on additional datasets, and refining the model architecture for enhanced performance."
        },
        "other info": []
    },
    "mount_outline": [
        {
            "section number": "2.1",
            "key information": "This paper addresses the issue of the high resource requirements for training neural networks based purely on attention for image understanding tasks, which limits their accessibility and adoption in practical applications."
        },
        {
            "section number": "2.2",
            "key information": "The proposed method, Competitive Convolution-Free Transformer (CCT), involves training a transformer model on ImageNet data without convolutional layers, using a unique teacher-student distillation strategy to enhance learning."
        },
        {
            "section number": "2.4",
            "key information": "Key innovation includes the introduction of a teacher-student strategy specific to transformers that leverages attention-based distillation, allowing the student model to learn from the teacher effectively."
        },
        {
            "section number": "3.1",
            "key information": "The method operates without convolutional layers and employs attention-based distillation, which differentiates it from traditional convolutional methods."
        },
        {
            "section number": "4.1",
            "key information": "Performance was measured through top-1 accuracy on ImageNet, achieving a competitive performance of 83.1% compared to baseline convolutional network methods."
        },
        {
            "section number": "5.1",
            "key information": "The key advantage of the proposed approach is its ability to achieve high accuracy with significantly reduced training time and resource requirements compared to traditional methods."
        },
        {
            "section number": "6.2",
            "key information": "Future research could explore optimizing the teacher-student strategy further, testing the approach on additional datasets, and refining the model architecture for enhanced performance."
        }
    ],
    "similarity_score": null,
    "image": null,
    "path": "/home/liudingyuan/code/SurveyX/code/SurveyX-main/outputs/t14a/papers/Training data-efficient image transformers & distillation through attention.json"
}