{
    "from": null,
    "scholar_id": null,
    "detail_id": null,
    "title": "Unified visual transformer compression",
    "abstract": "Vision transformers (ViTs) have gained popularity recently. Even without customized image operators such as convolutions, ViTs can yield competitive performance when properly trained on massive data. However, the computational overhead of ViTs remains prohibitive, due to stacking multi-head self-attention modules and else. Compared to the vast literature and prevailing success in compressing convolutional neural networks, the study of Vision Transformer compression has also just emerged, and existing works focused on one or two aspects of compression. This paper proposes a unified ViT compression framework that seamlessly assembles three effective techniques: pruning, layer skipping, and knowledge distillation. We formulate a budget-constrained, end-to-end optimization framework, targeting jointly learning model weights, layer-wise pruning ratios/masks, and skip configurations, under a distillation loss. The optimization problem is then solved using the primal-dual algorithm. Experiments are conducted with several ViT variants, e.g. DeiT and T2T-ViT backbones on the ImageNet dataset, and our approach consistently outperforms recent competitors. For example, DeiT-Tiny can be trimmed down to 50\\% of the original FLOPs almost without losing accuracy. Codes are available online:~\\url{https://github.com/VITA-Group/UVC}.",
    "arxivid": "2203.08243v1",
    "bib_name": "Unifiedvis193",
    "md_text": "# Unified visual transformer compression\n\n\nabstract\n\nVision transformers (ViTs) have gained popularity recently. Even without customized image operators such as convolutions, ViTs can yield competitive performance when properly trained on massive data. However, the computational overhead of ViTs remains prohibitive, due to stacking multi-head self-attention modules and else. Compared to the vast literature and prevailing success in compressing convolutional neural networks, the study of Vision Transformer compression has also just emerged, and existing works focused on one or two aspects of compression. This paper proposes a unified ViT compression framework that seamlessly assembles three effective techniques: pruning, layer skipping, and knowledge distillation. We formulate a budget-constrained, end-to-end optimization framework, targeting jointly learning model weights, layer-wise pruning ratios/masks, and skip configurations, under a distillation loss. The optimization problem is then solved using the primal-dual algorithm. Experiments are conducted with several ViT variants, e.g. DeiT and T2T-ViT backbones on the ImageNet dataset, and our approach consistently outperforms recent competitors. For example, DeiT-Tiny can be trimmed down to 50\\% of the original FLOPs almost without losing accuracy. Codes are available online:~\\url{https://github.com/VITA-Group/UVC}.",
    "paper_type": "method",
    "attri": {
        "background": "This paper addresses the issue of the computational overhead of Vision Transformers (ViTs), which, despite their competitive performance, remain prohibitive due to their multi-head self-attention modules. The study of ViT compression is still emerging, with existing works focusing on limited aspects of compression. A unified approach is necessary to advance the field.",
        "problem": {
            "definition": "The problem is the high computational cost associated with Vision Transformers, which hinders their practical application, especially when compared to convolutional neural networks.",
            "key obstacle": "The main difficulty lies in the lack of comprehensive methods that effectively combine various compression techniques, such as pruning, layer skipping, and knowledge distillation."
        },
        "idea": {
            "intuition": "The idea was inspired by the need to optimize ViTs by integrating multiple compression techniques into a single framework.",
            "opinion": "The proposed idea is a unified ViT compression framework that combines pruning, layer skipping, and knowledge distillation into an end-to-end optimization process.",
            "innovation": "The primary innovation is the formulation of a budget-constrained optimization framework that jointly learns model weights, pruning ratios, and skip configurations, which is a significant advancement over existing methods."
        },
        "method": {
            "method name": "Unified ViT Compression Framework",
            "method abbreviation": "UVC",
            "method definition": "The method is defined as an end-to-end optimization framework that integrates pruning, layer skipping, and knowledge distillation to compress Vision Transformers effectively.",
            "method description": "UVC optimizes model weights and layer configurations while minimizing computational costs without sacrificing accuracy.",
            "method steps": "1. Define the budget constraints. 2. Initialize model weights and configurations. 3. Apply pruning and layer skipping techniques. 4. Optimize using the primal-dual algorithm under a distillation loss.",
            "principle": "The method is effective due to its holistic approach, allowing simultaneous adjustments of multiple compression strategies, which enhances the overall performance of ViTs."
        },
        "experiments": {
            "evaluation setting": "Experiments were conducted on several ViT variants, including DeiT and T2T-ViT backbones, using the ImageNet dataset for evaluation.",
            "evaluation method": "Performance was assessed by measuring the model's accuracy and computational efficiency (FLOPs) before and after applying the UVC framework."
        },
        "conclusion": "The experiments demonstrated that the UVC method consistently outperforms recent competitors, achieving significant reductions in FLOPs with minimal loss in accuracy, exemplified by the DeiT-Tiny model being trimmed to 50% of its original FLOPs.",
        "discussion": {
            "advantage": "The key advantages of the proposed approach include its comprehensive integration of multiple compression techniques and its ability to maintain accuracy while significantly reducing computational costs.",
            "limitation": "One limitation is that the method's effectiveness may vary depending on the specific architecture of the ViT being compressed.",
            "future work": "Future research could explore further optimizations and adaptations of the UVC framework to other transformer architectures and tasks."
        },
        "other info": {
            "codes_link": "https://github.com/VITA-Group/UVC"
        }
    },
    "mount_outline": [
        {
            "section number": "2.2",
            "key information": "The problem is the high computational cost associated with Vision Transformers (ViTs), which hinders their practical application, especially when compared to convolutional neural networks."
        },
        {
            "section number": "2.4",
            "key information": "The primary innovation is the formulation of a budget-constrained optimization framework that jointly learns model weights, pruning ratios, and skip configurations, which is a significant advancement over existing methods."
        },
        {
            "section number": "3.1",
            "key information": "The proposed idea is a unified ViT compression framework that combines pruning, layer skipping, and knowledge distillation into an end-to-end optimization process."
        },
        {
            "section number": "4.2",
            "key information": "Performance was assessed by measuring the model's accuracy and computational efficiency (FLOPs) before and after applying the UVC framework."
        },
        {
            "section number": "5.1",
            "key information": "The experiments demonstrated that the UVC method consistently outperforms recent competitors, achieving significant reductions in FLOPs with minimal loss in accuracy."
        },
        {
            "section number": "6.2",
            "key information": "Future research could explore further optimizations and adaptations of the UVC framework to other transformer architectures and tasks."
        }
    ],
    "similarity_score": null,
    "image": null,
    "path": "/home/liudingyuan/code/SurveyX/code/SurveyX-main/outputs/t14a/papers/Unified visual transformer compression.json"
}