{
    "from": null,
    "scholar_id": null,
    "detail_id": null,
    "title": "Unmasking the lottery ticket hypothesis-what's encoded in a winning ticket's mask",
    "abstract": "Modern deep learning involves training costly, highly overparameterized networks, thus motivating the search for sparser networks that can still be trained to the same accuracy as the full network (i.e. matching). Iterative magnitude pruning (IMP) is a state of the art algorithm that can find such highly sparse matching subnetworks, known as winning tickets. IMP operates by iterative cycles of training, masking smallest magnitude weights, rewinding back to an early training point, and repeating. Despite its simplicity, the underlying principles for when and how IMP finds winning tickets remain elusive. In particular, what useful information does an IMP mask found at the end of training convey to a rewound network near the beginning of training? How does SGD allow the network to extract this information? And why is iterative pruning needed? We develop answers in terms of the geometry of the error landscape. First, we find that$\\unicode{x2014}$at higher sparsities$\\unicode{x2014}$pairs of pruned networks at successive pruning iterations are connected by a linear path with zero error barrier if and only if they are matching. This indicates that masks found at the end of training convey the identity of an axial subspace that intersects a desired linearly connected mode of a matching sublevel set. Second, we show SGD can exploit this information due to a strong form of robustness: it can return to this mode despite strong perturbations early in training. Third, we show how the flatness of the error landscape at the end of training determines a limit on the fraction of weights that can be pruned at each iteration of IMP. Finally, we show that the role of retraining in IMP is to find a network with new small weights to prune. Overall, these results make progress toward demystifying the existence of winning tickets by revealing the fundamental role of error landscape geometry.",
    "arxivid": "2210.03044v1",
    "bib_name": "Unmaskingt99",
    "md_text": "# Unmasking the lottery ticket hypothesis-what's encoded in a winning ticket's mask\n\n\nabstract\n\nModern deep learning involves training costly, highly overparameterized networks, thus motivating the search for sparser networks that can still be trained to the same accuracy as the full network (i.e. matching). Iterative magnitude pruning (IMP) is a state of the art algorithm that can find such highly sparse matching subnetworks, known as winning tickets. IMP operates by iterative cycles of training, masking smallest magnitude weights, rewinding back to an early training point, and repeating. Despite its simplicity, the underlying principles for when and how IMP finds winning tickets remain elusive. In particular, what useful information does an IMP mask found at the end of training convey to a rewound network near the beginning of training? How does SGD allow the network to extract this information? And why is iterative pruning needed? We develop answers in terms of the geometry of the error landscape. First, we find that$\\unicode{x2014}$at higher sparsities$\\unicode{x2014}$pairs of pruned networks at successive pruning iterations are connected by a linear path with zero error barrier if and only if they are matching. This indicates that masks found at the end of training convey the identity of an axial subspace that intersects a desired linearly connected mode of a matching sublevel set. Second, we show SGD can exploit this information due to a strong form of robustness: it can return to this mode despite strong perturbations early in training. Third, we show how the flatness of the error landscape at the end of training determines a limit on the fraction of weights that can be pruned at each iteration of IMP. Finally, we show that the role of retraining in IMP is to find a network with new small weights to prune. Overall, these results make progress toward demystifying the existence of winning tickets by revealing the fundamental role of error landscape geometry.",
    "paper_type": "theory",
    "attri": {
        "background": "This paper addresses the issue of finding sparser networks in deep learning that can achieve the same accuracy as highly overparameterized networks, specifically through the lens of the lottery ticket hypothesis and iterative magnitude pruning (IMP).",
        "problem": {
            "definition": "The problem revolves around understanding the principles and mechanisms behind the iterative magnitude pruning algorithm and the characteristics of winning tickets.",
            "key obstacle": "The main difficulty lies in deciphering what information is encoded in the masks produced by IMP and how this information aids the training of rewound networks."
        },
        "idea": {
            "intuition": "The idea was inspired by the need to reduce the complexity of neural networks while maintaining performance, leading to the exploration of the error landscape geometry.",
            "opinion": "The authors propose that the masks found at the end of training provide critical information about the structure of the error landscape that can guide effective retraining.",
            "innovation": "The primary improvement compared to previous methods is the insight that the geometry of the error landscape plays a crucial role in the effectiveness of pruning and retraining processes."
        },
        "Theory": {
            "perspective": "The perspective of theory focuses on the geometric properties of the error landscape, particularly how they relate to the training dynamics of neural networks.",
            "opinion": "The authors assume that the error landscape's flatness at the end of training influences the pruning process and the ability to return to optimal configurations.",
            "proof": "The proof involves demonstrating that pairs of pruned networks connected by a linear path with zero error barrier correspond to matching networks, thus linking the geometry of the error landscape to the pruning outcomes."
        },
        "experiments": {
            "evaluation setting": "The evaluation involves analyzing the performance of pruned networks across various sparsities and training conditions, using standard datasets and baseline models.",
            "evaluation method": "The evaluation steps include iterative pruning, retraining of networks, and measuring the accuracy and robustness of the resulting networks against perturbations."
        },
        "conclusion": "The paper concludes that understanding the geometry of the error landscape is essential for explaining the existence and effectiveness of winning tickets, providing a framework for future investigations into network pruning.",
        "discussion": {
            "advantage": "The advantages of this paper include a deeper theoretical understanding of the error landscape's role in network training and the practical implications for improving pruning techniques.",
            "limitation": "A limitation is the focus on specific network architectures and datasets, which may not generalize across all types of neural networks.",
            "future work": "Future work could explore the application of these insights to other pruning methods and investigate the behavior of winning tickets in different neural network configurations."
        },
        "other info": []
    },
    "mount_outline": [
        {
            "section number": "1.1",
            "key information": "This paper addresses the issue of finding sparser networks in deep learning that can achieve the same accuracy as highly overparameterized networks."
        },
        {
            "section number": "2.4",
            "key information": "The problem revolves around understanding the principles and mechanisms behind the iterative magnitude pruning algorithm and the characteristics of winning tickets."
        },
        {
            "section number": "3.3",
            "key information": "The primary improvement compared to previous methods is the insight that the geometry of the error landscape plays a crucial role in the effectiveness of pruning and retraining processes."
        },
        {
            "section number": "5.1",
            "key information": "The evaluation involves analyzing the performance of pruned networks across various sparsities and training conditions, using standard datasets and baseline models."
        },
        {
            "section number": "6.2",
            "key information": "Understanding the geometry of the error landscape is essential for explaining the existence and effectiveness of winning tickets, providing a framework for future investigations into network pruning."
        }
    ],
    "similarity_score": null,
    "image": null,
    "path": "/home/liudingyuan/code/SurveyX/code/SurveyX-main/outputs/t14a/papers/Unmasking the lottery ticket hypothesis-what's encoded in a winning ticket's mask.json"
}