{
    "from": null,
    "scholar_id": null,
    "detail_id": null,
    "title": "UPop: Unified and progressive pruning for compressing vision-language transformers",
    "abstract": "Real-world data contains a vast amount of multimodal information, among which vision and language are the two most representative modalities. Moreover, increasingly heavier models, \\textit{e}.\\textit{g}., Transformers, have attracted the attention of researchers to model compression. However, how to compress multimodal models, especially vison-language Transformers, is still under-explored. This paper proposes the \\textbf{U}nified and \\textbf{P}r\\textbf{o}gressive \\textbf{P}runing (\\textbf{\\emph{UPop}}) as a universal vison-language Transformer compression framework, which incorporates 1) unifiedly searching multimodal subnets in a continuous optimization space from the original model, which enables automatic assignment of pruning ratios among compressible modalities and structures; 2) progressively searching and retraining the subnet, which maintains convergence between the search and retrain to attain higher compression ratios. Experiments on various tasks, datasets, and model architectures demonstrate the effectiveness and versatility of the proposed UPop framework. The code is available at https://github.com/sdc17/UPop.",
    "arxivid": "2301.13741v3",
    "bib_name": "UPop:Unifi103",
    "md_text": "# UPop: Unified and progressive pruning for compressing vision-language transformers\n\n\nabstract\n\nReal-world data contains a vast amount of multimodal information, among which vision and language are the two most representative modalities. Moreover, increasingly heavier models, \\textit{e}.\\textit{g}., Transformers, have attracted the attention of researchers to model compression. However, how to compress multimodal models, especially vison-language Transformers, is still under-explored. This paper proposes the \\textbf{U}nified and \\textbf{P}r\\textbf{o}gressive \\textbf{P}runing (\\textbf{\\emph{UPop}}) as a universal vison-language Transformer compression framework, which incorporates 1) unifiedly searching multimodal subnets in a continuous optimization space from the original model, which enables automatic assignment of pruning ratios among compressible modalities and structures; 2) progressively searching and retraining the subnet, which maintains convergence between the search and retrain to attain higher compression ratios. Experiments on various tasks, datasets, and model architectures demonstrate the effectiveness and versatility of the proposed UPop framework. The code is available at https://github.com/sdc17/UPop.",
    "paper_type": "method",
    "attri": {
        "background": "This paper addresses the issue of compressing multimodal models, particularly vision-language Transformers, which remains under-explored despite the increasing complexity of these models.",
        "problem": {
            "definition": "The problem is the lack of effective methods for compressing vision-language Transformers, which are becoming increasingly heavy and resource-intensive.",
            "key obstacle": "The core obstacle is the challenge of automatically determining appropriate pruning ratios for different modalities and model structures within a unified framework."
        },
        "idea": {
            "intuition": "The idea is inspired by the need for a systematic approach to model compression that can account for the complexities of multimodal data.",
            "opinion": "The proposed idea involves a unified and progressive pruning framework that optimally compresses vision-language Transformers while maintaining performance.",
            "innovation": "The primary innovation lies in the method's ability to search for multimodal subnets in a continuous optimization space, allowing for automatic pruning ratio assignment and a progressive retraining approach."
        },
        "method": {
            "method name": "Unified and Progressive Pruning",
            "method abbreviation": "UPop",
            "method definition": "UPop is a framework that compresses vision-language Transformers by searching for optimal multimodal subnets and progressively retraining them to achieve higher compression ratios.",
            "method description": "The method focuses on unified subnet searching and progressive retraining for effective model compression.",
            "principle": "The effectiveness of UPop is based on its continuous optimization approach that adapts pruning ratios to the specific needs of different modalities and structures."
        },
        "experiments": {
            "evaluation setting": "Experiments were conducted on various tasks and datasets using different model architectures to assess the performance of UPop compared to baseline methods.",
            "evaluation method": "The evaluation method involved measuring and analyzing the compression ratios and performance metrics of the models before and after applying the UPop framework."
        },
        "conclusion": "The experiments demonstrate that UPop is an effective and versatile framework for compressing vision-language Transformers, achieving significant improvements in compression ratios while maintaining model performance.",
        "discussion": {
            "advantage": "The key advantages of UPop include its ability to automatically determine pruning ratios and its effectiveness across various tasks and datasets.",
            "limitation": "A limitation of the method is that it may require extensive computational resources during the search and retraining phases.",
            "future work": "Future work could explore further optimizations in the pruning process and the application of UPop to other multimodal architectures."
        },
        "other info": []
    },
    "mount_outline": [
        {
            "section number": "1.1",
            "key information": "The paper addresses the issue of compressing multimodal models, particularly vision-language Transformers, highlighting the significance of pruning in improving model efficiency."
        },
        {
            "section number": "1.2",
            "key information": "The key goal of the paper is to propose a unified and progressive pruning framework (UPop) for effectively compressing vision-language Transformers while maintaining performance."
        },
        {
            "section number": "2.2",
            "key information": "The method UPop focuses on unified subnet searching and progressive retraining for effective model compression, which is a specific technique used for compressing neural network models."
        },
        {
            "section number": "3.3",
            "key information": "The paper introduces a novel pruning technique called UPop, which allows for automatic pruning ratio assignment and progressive retraining, aiming to optimize the compression of vision-language Transformers."
        },
        {
            "section number": "4.1",
            "key information": "The evaluation method involved measuring and analyzing the compression ratios and performance metrics of models before and after applying the UPop framework, which serves as a metric of effectiveness."
        },
        {
            "section number": "5.1",
            "key information": "The experiments demonstrate that UPop achieves significant improvements in compression ratios while maintaining model performance, indicating a positive impact on model accuracy."
        },
        {
            "section number": "6.1",
            "key information": "The paper suggests that the UPop framework can automatically determine pruning ratios tailored to the specific needs of different modalities and model structures, providing a strategy for selecting pruning methods."
        },
        {
            "section number": "6.2",
            "key information": "Future work could explore further optimizations in the pruning process and the application of UPop to other multimodal architectures, indicating promising areas for further research."
        }
    ],
    "similarity_score": null,
    "image": null,
    "path": "/home/liudingyuan/code/SurveyX/code/SurveyX-main/outputs/t14a/papers/UPop_ Unified and progressive pruning for compressing vision-language transformers.json"
}