{
    "from": null,
    "scholar_id": null,
    "detail_id": null,
    "title": "Very deep convolutional networks for large-scale image recognition",
    "abstract": "In this work we investigate the effect of the convolutional network depth on its accuracy in the large-scale image recognition setting. Our main contribution is a thorough evaluation of networks of increasing depth using an architecture with very small (3x3) convolution filters, which shows that a significant improvement on the prior-art configurations can be achieved by pushing the depth to 16-19 weight layers. These findings were the basis of our ImageNet Challenge 2014 submission, where our team secured the first and the second places in the localisation and classification tracks respectively. We also show that our representations generalise well to other datasets, where they achieve state-of-the-art results. We have made our two best-performing ConvNet models publicly available to facilitate further research on the use of deep visual representations in computer vision.",
    "arxivid": "1409.1556v6",
    "bib_name": "Verydeepco0",
    "md_text": "# Very deep convolutional networks for large-scale image recognition\n\n\nabstract\n\nIn this work we investigate the effect of the convolutional network depth on its accuracy in the large-scale image recognition setting. Our main contribution is a thorough evaluation of networks of increasing depth using an architecture with very small (3x3) convolution filters, which shows that a significant improvement on the prior-art configurations can be achieved by pushing the depth to 16-19 weight layers. These findings were the basis of our ImageNet Challenge 2014 submission, where our team secured the first and the second places in the localisation and classification tracks respectively. We also show that our representations generalise well to other datasets, where they achieve state-of-the-art results. We have made our two best-performing ConvNet models publicly available to facilitate further research on the use of deep visual representations in computer vision.",
    "paper_type": "benchmark",
    "attri": {
        "background": "This paper addresses the issue of image recognition by investigating the impact of convolutional network depth on accuracy within a large-scale context, emphasizing the necessity of deeper networks for improved performance.",
        "problem": {
            "definition": "The benchmark is designed to address the challenge of accurately recognizing images at scale, particularly in the context of varying network depths.",
            "key obstacle": "Existing benchmarks often underutilize deeper architectures, leading to suboptimal performance in image recognition tasks."
        },
        "idea": {
            "intuition": "The authors were inspired by the observation that deeper networks could potentially yield better performance in image recognition tasks.",
            "opinion": "The authors believe that the benchmark will significantly impact the field by demonstrating the benefits of deeper architectures in image recognition.",
            "innovation": "This benchmark differs from previous ones by focusing on very deep convolutional networks with small convolution filters, showcasing a novel approach to architecture design.",
            "benchmark abbreviation": "VDCN"
        },
        "dataset": {
            "source": "The dataset was sourced from the ImageNet Challenge, which consists of a large collection of labeled images for training and evaluation.",
            "desc": "The dataset includes millions of images distributed across thousands of categories, making it suitable for large-scale image recognition tasks.",
            "content": "The dataset contains various types of data, primarily images, which are essential for training convolutional networks in image recognition.",
            "size": "1,000,000",
            "domain": "Image Recognition",
            "task format": "Classification"
        },
        "metrics": {
            "metric name": "Top-1 Accuracy",
            "aspect": "Accuracy",
            "principle": "The choice of accuracy as a metric is guided by its direct relevance to the performance of image classification tasks.",
            "procedure": "Model performance was evaluated by comparing the predicted labels to the true labels on the test set, calculating the proportion of correct predictions."
        },
        "experiments": {
            "model": "The benchmark tested state-of-the-art convolutional neural networks with varying depths (16-19 layers).",
            "procedure": "Models were trained using standard practices in deep learning, including data augmentation and regularization techniques.",
            "result": "The experiments showed significant improvements in accuracy with deeper networks, achieving state-of-the-art results on the ImageNet dataset.",
            "variability": "Variability was accounted for through multiple training runs and validation on different subsets of the dataset."
        },
        "conclusion": "The findings indicate that deeper convolutional networks can lead to substantial improvements in image recognition accuracy, suggesting a shift in architectural design for future models.",
        "discussion": {
            "advantage": "The benchmark contributes to the field by providing evidence that deeper architectures are beneficial for image recognition tasks.",
            "limitation": "One limitation is that the benchmark may not address all aspects of model performance, such as speed and resource usage.",
            "future work": "Future research could explore the trade-offs between depth and computational efficiency in convolutional networks."
        },
        "other info": {}
    },
    "mount_outline": [
        {
            "section number": "1.1",
            "key information": "The necessity of deeper networks for improved performance in image recognition tasks emphasizes the importance of pruning in the context of model efficiency."
        },
        {
            "section number": "2.1",
            "key information": "The paper investigates the impact of convolutional network depth on accuracy, introducing the basic structure and function of deep neural networks."
        },
        {
            "section number": "2.2",
            "key information": "The benchmark focuses on very deep convolutional networks with small convolution filters, showcasing a novel approach to architecture design."
        },
        {
            "section number": "2.4",
            "key information": "Key concepts such as network depth and its impact on accuracy are crucial for understanding pruning's role in enhancing model performance."
        },
        {
            "section number": "4.1",
            "key information": "The paper evaluates model performance using Top-1 Accuracy as a metric, which is directly relevant to the effectiveness of pruning methods."
        },
        {
            "section number": "5.1",
            "key information": "The experiments showed significant improvements in accuracy with deeper networks, highlighting the impact on model accuracy and inference time."
        },
        {
            "section number": "5.3",
            "key information": "Future research could explore the trade-offs between depth and computational efficiency in convolutional networks, addressing generalization and robustness."
        }
    ],
    "similarity_score": null,
    "image": null,
    "path": "/home/liudingyuan/code/SurveyX/code/SurveyX-main/outputs/t14a/papers/Very deep convolutional networks for large-scale image recognition.json"
}