{
    "from": null,
    "scholar_id": null,
    "detail_id": null,
    "title": "Vila: On pre-training for visual language models",
    "abstract": "Visual language models (VLMs) rapidly progressed with the recent success of large language models. There have been growing efforts on visual instruction tuning to extend the LLM with visual inputs, but lacks an in-depth study of the visual language pre-training process, where the model learns to perform joint modeling on both modalities. In this work, we examine the design options for VLM pre-training by augmenting LLM towards VLM through step-by-step controllable comparisons. We introduce three main findings: (1) freezing LLMs during pre-training can achieve decent zero-shot performance, but lack in-context learning capability, which requires unfreezing the LLM; (2) interleaved pre-training data is beneficial whereas image-text pairs alone are not optimal; (3) re-blending text-only instruction data to image-text data during instruction fine-tuning not only remedies the degradation of text-only tasks, but also boosts VLM task accuracy. With an enhanced pre-training recipe we build VILA, a Visual Language model family that consistently outperforms the state-of-the-art models, e.g., LLaVA-1.5, across main benchmarks without bells and whistles. Multi-modal pre-training also helps unveil appealing properties of VILA, including multi-image reasoning, enhanced in-context learning, and better world knowledge. VILA is also deployable on Jetson Orin for on-device VLM.",
    "arxivid": "2312.07533v4",
    "bib_name": "Vila:Onpre5",
    "md_text": "# Vila: On pre-training for visual language models\n\n\nabstract\n\nVisual language models (VLMs) rapidly progressed with the recent success of large language models. There have been growing efforts on visual instruction tuning to extend the LLM with visual inputs, but lacks an in-depth study of the visual language pre-training process, where the model learns to perform joint modeling on both modalities. In this work, we examine the design options for VLM pre-training by augmenting LLM towards VLM through step-by-step controllable comparisons. We introduce three main findings: (1) freezing LLMs during pre-training can achieve decent zero-shot performance, but lack in-context learning capability, which requires unfreezing the LLM; (2) interleaved pre-training data is beneficial whereas image-text pairs alone are not optimal; (3) re-blending text-only instruction data to image-text data during instruction fine-tuning not only remedies the degradation of text-only tasks, but also boosts VLM task accuracy. With an enhanced pre-training recipe we build VILA, a Visual Language model family that consistently outperforms the state-of-the-art models, e.g., LLaVA-1.5, across main benchmarks without bells and whistles. Multi-modal pre-training also helps unveil appealing properties of VILA, including multi-image reasoning, enhanced in-context learning, and better world knowledge. VILA is also deployable on Jetson Orin for on-device VLM.",
    "paper_type": "method",
    "attri": {
        "background": "This paper addresses the issue of enhancing visual language models (VLMs) by examining the pre-training process, which has not been thoroughly studied despite the rapid progress of large language models (LLMs).",
        "problem": {
            "definition": "The problem is the lack of a comprehensive understanding of the visual language pre-training process, which is crucial for effectively combining visual and textual modalities in VLMs.",
            "key obstacle": "The main challenge is that existing methods do not adequately leverage the potential of joint modeling on both visual and textual inputs, resulting in suboptimal performance."
        },
        "idea": {
            "intuition": "The idea was inspired by the observation that freezing LLMs during pre-training can lead to decent performance but limits in-context learning capabilities.",
            "opinion": "The proposed idea involves developing a new pre-training methodology that incorporates interleaved data and re-blending strategies to enhance VLM performance.",
            "innovation": "The key innovation lies in the enhanced pre-training recipe that includes both interleaved data and the re-blending of text-only instruction data, which significantly improves the model's capabilities compared to existing approaches."
        },
        "method": {
            "method name": "VILA",
            "method abbreviation": "VILA",
            "method definition": "VILA is a Visual Language model that integrates visual instruction tuning with large language models through a novel pre-training process.",
            "method description": "The core of the method involves a step-by-step controllable comparison during pre-training to optimize the integration of visual and textual modalities.",
            "method steps": "1. Freeze LLM during initial pre-training; 2. Use interleaved pre-training data; 3. Re-blend text-only instruction data with image-text data during fine-tuning.",
            "principle": "This method is effective because it combines the strengths of both visual and textual learning, allowing for improved task accuracy and enhanced in-context learning."
        },
        "experiments": {
            "evaluation setting": "The experiments were conducted using multiple benchmarks to compare VILA against state-of-the-art models like LLaVA-1.5, with a focus on zero-shot performance and task accuracy.",
            "evaluation method": "The evaluation involved measuring the performance of VILA on various tasks and analyzing the impact of the new pre-training strategies on model accuracy."
        },
        "conclusion": "The outcomes demonstrate that VILA consistently outperforms existing models in visual language tasks, showcasing enhanced reasoning abilities and in-context learning.",
        "discussion": {
            "advantage": "The key advantages of VILA include improved multi-image reasoning, enhanced in-context learning capabilities, and superior world knowledge compared to other methods.",
            "limitation": "One limitation of the method is that freezing LLMs during pre-training may hinder certain in-context learning tasks, requiring careful management of model states.",
            "future work": "Future research could explore further refinements in the pre-training process and investigate additional modalities or data types to enhance VLM performance."
        },
        "other info": [
            {
                "info1": "VILA is deployable on Jetson Orin for on-device applications."
            }
        ]
    },
    "mount_outline": [
        {
            "section number": "1.1",
            "key information": "The problem is the lack of a comprehensive understanding of the visual language pre-training process, which is crucial for effectively combining visual and textual modalities in visual language models (VLMs)."
        },
        {
            "section number": "1.2",
            "key information": "Highlight the key goals of conducting this survey, including taxonomy presentation, method comparison, impact analysis, and recommendations."
        },
        {
            "section number": "2.1",
            "key information": "VILA is a Visual Language model that integrates visual instruction tuning with large language models through a novel pre-training process."
        },
        {
            "section number": "2.4",
            "key information": "The key innovation lies in the enhanced pre-training recipe that includes both interleaved data and the re-blending of text-only instruction data, which significantly improves the model's capabilities compared to existing approaches."
        },
        {
            "section number": "4.1",
            "key information": "The evaluation involved measuring the performance of VILA on various tasks and analyzing the impact of the new pre-training strategies on model accuracy."
        },
        {
            "section number": "5.1",
            "key information": "The outcomes demonstrate that VILA consistently outperforms existing models in visual language tasks, showcasing enhanced reasoning abilities and in-context learning."
        },
        {
            "section number": "6.2",
            "key information": "Future research could explore further refinements in the pre-training process and investigate additional modalities or data types to enhance VLM performance."
        }
    ],
    "similarity_score": null,
    "image": null,
    "path": "/home/liudingyuan/code/SurveyX/code/SurveyX-main/outputs/t14a/papers/Vila_ On pre-training for visual language models.json"
}