{
    "from": null,
    "scholar_id": null,
    "detail_id": null,
    "title": "Vision transformer pruning",
    "abstract": "Vision transformer has achieved competitive performance on a variety of computer vision applications. However, their storage, run-time memory, and computational demands are hindering the deployment to mobile devices. Here we present a vision transformer pruning approach, which identifies the impacts of dimensions in each layer of transformer and then executes pruning accordingly. By encouraging dimension-wise sparsity in the transformer, important dimensions automatically emerge. A great number of dimensions with small importance scores can be discarded to achieve a high pruning ratio without significantly compromising accuracy. The pipeline for vision transformer pruning is as follows: 1) training with sparsity regularization; 2) pruning dimensions of linear projections; 3) fine-tuning. The reduced parameters and FLOPs ratios of the proposed algorithm are well evaluated and analyzed on ImageNet dataset to demonstrate the effectiveness of our proposed method.",
    "arxivid": "2104.08500v4",
    "bib_name": "Visiontran195",
    "md_text": "# Vision transformer pruning\n\n\nabstract\n\nVision transformer has achieved competitive performance on a variety of computer vision applications. However, their storage, run-time memory, and computational demands are hindering the deployment to mobile devices. Here we present a vision transformer pruning approach, which identifies the impacts of dimensions in each layer of transformer and then executes pruning accordingly. By encouraging dimension-wise sparsity in the transformer, important dimensions automatically emerge. A great number of dimensions with small importance scores can be discarded to achieve a high pruning ratio without significantly compromising accuracy. The pipeline for vision transformer pruning is as follows: 1) training with sparsity regularization; 2) pruning dimensions of linear projections; 3) fine-tuning. The reduced parameters and FLOPs ratios of the proposed algorithm are well evaluated and analyzed on ImageNet dataset to demonstrate the effectiveness of our proposed method.",
    "paper_type": "method",
    "attri": {
        "background": "Vision transformers have demonstrated competitive performance across various computer vision tasks, but their high storage, memory, and computational requirements limit their usability on mobile devices. Existing methods have not effectively addressed these challenges, necessitating a breakthrough approach for practical deployment.",
        "problem": {
            "definition": "The problem addressed in this paper is the excessive resource requirements of vision transformers, which hinder their deployment on mobile devices due to high storage and computational demands.",
            "key obstacle": "The main difficulty is the inability of existing methods to reduce the size and complexity of vision transformers while maintaining their performance, particularly in identifying which dimensions can be pruned without significant accuracy loss."
        },
        "idea": {
            "intuition": "The idea is inspired by the observation that not all dimensions in a transformer contribute equally to its performance, suggesting that some can be pruned without detrimental effects.",
            "opinion": "The proposed idea involves a pruning approach that focuses on dimension-wise sparsity, allowing for the identification and removal of less important dimensions in the transformer architecture.",
            "innovation": "The innovation lies in the method's ability to automatically determine which dimensions are important, enabling a high pruning ratio while preserving the model's accuracy, which contrasts with existing methods that do not account for dimension significance."
        },
        "method": {
            "method name": "Vision Transformer Pruning",
            "method abbreviation": "VTP",
            "method definition": "Vision Transformer Pruning is a method that systematically reduces the number of dimensions in a vision transformer by identifying and removing those with low importance scores, thereby optimizing the model for resource-constrained environments.",
            "method description": "The core of the method involves training with sparsity regularization, followed by dimension pruning and fine-tuning to maintain accuracy.",
            "method steps": [
                "Train the model with sparsity regularization.",
                "Prune dimensions of linear projections based on their importance scores.",
                "Fine-tune the model to recover any potential accuracy loss."
            ],
            "principle": "This method is effective because it leverages the inherent sparsity of the transformer architecture, allowing for the removal of unimportant dimensions while retaining critical information necessary for performance."
        },
        "experiments": {
            "evaluation setting": "The experimental setup includes evaluation on the ImageNet dataset, comparing the proposed pruning method against baseline methods to assess performance and efficiency.",
            "evaluation method": "Performance is measured by analyzing the reduced parameters and FLOPs ratios, along with accuracy metrics before and after pruning."
        },
        "conclusion": "The experiments demonstrate that the proposed vision transformer pruning approach effectively reduces the model size and computational demands while maintaining competitive accuracy, making it suitable for deployment on mobile devices.",
        "discussion": {
            "advantage": "The key advantage of the proposed approach is its ability to achieve a high pruning ratio without significantly compromising the model's accuracy, which is a significant improvement over traditional pruning methods.",
            "limitation": "A limitation of the method is that it may not be applicable to all transformer architectures or tasks, as the effectiveness of pruning can vary based on the specific model and dataset.",
            "future work": "Future research could explore the application of this pruning technique to other types of neural networks and investigate further optimizations to enhance performance and efficiency."
        },
        "other info": []
    },
    "mount_outline": [
        {
            "section number": "1.1",
            "key information": "Pruning in deep neural networks is crucial for improving model efficiency and performance, particularly in resource-constrained environments such as mobile devices."
        },
        {
            "section number": "2.4",
            "key information": "Pruning involves reducing the number of dimensions in a neural network based on their importance, which relates to the concepts of sparsity and efficiency."
        },
        {
            "section number": "3.3",
            "key information": "The proposed Vision Transformer Pruning method introduces a novel approach that focuses on dimension-wise sparsity, allowing for the identification and removal of less important dimensions without significant accuracy loss."
        },
        {
            "section number": "4.1",
            "key information": "The effectiveness of the Vision Transformer Pruning method is measured by analyzing accuracy metrics before and after pruning, demonstrating its ability to maintain competitive accuracy."
        },
        {
            "section number": "5.2",
            "key information": "The Vision Transformer Pruning method significantly reduces computational demands and model size, making it suitable for deployment on mobile devices."
        },
        {
            "section number": "6.2",
            "key information": "Future research could explore the application of the Vision Transformer Pruning technique to other types of neural networks and investigate further optimizations to enhance performance and efficiency."
        }
    ],
    "similarity_score": null,
    "image": null,
    "path": "/home/liudingyuan/code/SurveyX/code/SurveyX-main/outputs/t14a/papers/Vision transformer pruning.json"
}