{
    "from": null,
    "scholar_id": null,
    "detail_id": null,
    "title": "Weight agnostic neural networks",
    "abstract": "Not all neural network architectures are created equal, some perform much better than others for certain tasks. But how important are the weight parameters of a neural network compared to its architecture? In this work, we question to what extent neural network architectures alone, without learning any weight parameters, can encode solutions for a given task. We propose a search method for neural network architectures that can already perform a task without any explicit weight training. To evaluate these networks, we populate the connections with a single shared weight parameter sampled from a uniform random distribution, and measure the expected performance. We demonstrate that our method can find minimal neural network architectures that can perform several reinforcement learning tasks without weight training. On a supervised learning domain, we find network architectures that achieve much higher than chance accuracy on MNIST using random weights. Interactive version of this paper at this https URL",
    "arxivid": "1906.04358v2",
    "bib_name": "Weightagno65",
    "md_text": "# Weight agnostic neural networks\n\n\nabstract\n\nNot all neural network architectures are created equal, some perform much better than others for certain tasks. But how important are the weight parameters of a neural network compared to its architecture? In this work, we question to what extent neural network architectures alone, without learning any weight parameters, can encode solutions for a given task. We propose a search method for neural network architectures that can already perform a task without any explicit weight training. To evaluate these networks, we populate the connections with a single shared weight parameter sampled from a uniform random distribution, and measure the expected performance. We demonstrate that our method can find minimal neural network architectures that can perform several reinforcement learning tasks without weight training. On a supervised learning domain, we find network architectures that achieve much higher than chance accuracy on MNIST using random weights. Interactive version of this paper at this https URL",
    "paper_type": "method",
    "attri": {
        "background": "This paper addresses the issue of evaluating the importance of weight parameters in neural networks compared to their architecture, proposing a method to assess neural network architectures that can perform tasks without weight training.",
        "problem": {
            "definition": "The problem focuses on understanding how much neural network architectures contribute to task performance independently of the learned weight parameters.",
            "key obstacle": "The core obstacle is determining the extent to which neural network architectures can function effectively without the influence of weight training, which has traditionally been a critical component of neural network performance."
        },
        "idea": {
            "intuition": "The intuition behind the proposed idea is that neural network architectures may inherently possess the capability to solve tasks without the need for learned weights, suggesting that architecture alone can encode solutions.",
            "opinion": "The proposed idea involves a search method for neural network architectures that can perform tasks solely based on their structure, without requiring any explicit weight training.",
            "innovation": "The innovation lies in the method's ability to identify minimal neural network architectures that can achieve task performance without the conventional reliance on weight training, demonstrating a new perspective on neural network design."
        },
        "method": {
            "method name": "Weight Agnostic Neural Networks",
            "method abbreviation": "WANN",
            "method definition": "WANN is a method that evaluates neural network architectures by populating their connections with a single shared weight parameter, allowing the architecture to perform tasks without explicit weight training.",
            "method description": "The core of the method involves searching for neural network architectures that can perform tasks using random weights, assessing their performance based on architecture alone.",
            "method steps": "1. Search for neural network architectures. 2. Populate connections with a shared random weight. 3. Evaluate performance on specific tasks.",
            "principle": "This method is effective because it isolates the impact of architecture on performance, allowing for the identification of architectures that can inherently solve tasks without training."
        },
        "experiments": {
            "evaluation setting": "The experimental setup includes testing the identified architectures on several reinforcement learning tasks and a supervised learning domain, specifically the MNIST dataset, using random weights for evaluation.",
            "evaluation method": "Performance is measured by assessing the accuracy of the architectures on the MNIST dataset and comparing results to chance levels, analyzing how well they perform without weight training."
        },
        "conclusion": "The experiments demonstrate that the proposed method successfully identifies minimal neural network architectures capable of performing tasks effectively without weight training, achieving higher than chance accuracy on MNIST.",
        "discussion": {
            "advantage": "The key advantage of the proposed approach is its ability to reveal the potential of neural network architectures to function independently of weight training, leading to more efficient designs.",
            "limitation": "A limitation of the method may be its reliance on random weights, which could restrict the exploration of the full potential of architectures under trained conditions.",
            "future work": "Future research could explore optimizing the identified architectures with weight training and investigating their performance across a broader range of tasks and datasets."
        },
        "other info": []
    },
    "mount_outline": [
        {
            "section number": "1.1",
            "key information": "The proposed method evaluates the importance of neural network architectures in performing tasks independently of learned weight parameters, highlighting the significance of architecture in model efficiency."
        },
        {
            "section number": "2.1",
            "key information": "This paper introduces the concept of Weight Agnostic Neural Networks (WANN), which assesses neural network architectures by populating their connections with a single shared weight parameter."
        },
        {
            "section number": "2.4",
            "key information": "The paper defines key concepts of architecture's impact on performance, emphasizing that neural networks may inherently encode solutions without the need for learned weights."
        },
        {
            "section number": "3.1",
            "key information": "The method proposes a novel approach to evaluating neural network architectures, focusing on their performance without traditional weight training, categorizing it as a unique pruning technique."
        },
        {
            "section number": "4.1",
            "key information": "Performance is measured by assessing the accuracy of architectures on the MNIST dataset and comparing results to chance levels, indicating effectiveness metrics."
        },
        {
            "section number": "5.1",
            "key information": "The experiments demonstrate that the proposed method identifies minimal architectures capable of performing tasks effectively, achieving higher than chance accuracy on MNIST."
        },
        {
            "section number": "6.2",
            "key information": "Future research could explore optimizing the identified architectures with weight training, suggesting directions for enhancing pruning methods in neural networks."
        }
    ],
    "similarity_score": null,
    "image": null,
    "path": "/home/liudingyuan/code/SurveyX/code/SurveyX-main/outputs/t14a/papers/Weight agnostic neural networks.json"
}