{
    "from": null,
    "scholar_id": null,
    "detail_id": null,
    "title": "What is the state of neural network pruning",
    "abstract": "Neural network pruning---the task of reducing the size of a network by removing parameters---has been the subject of a great deal of work in recent years. We provide a meta-analysis of the literature, including an overview of approaches to pruning and consistent findings in the literature. After aggregating results across 81 papers and pruning hundreds of models in controlled conditions, our clearest finding is that the community suffers from a lack of standardized benchmarks and metrics. This deficiency is substantial enough that it is hard to compare pruning techniques to one another or determine how much progress the field has made over the past three decades. To address this situation, we identify issues with current practices, suggest concrete remedies, and introduce ShrinkBench, an open-source framework to facilitate standardized evaluations of pruning methods. We use ShrinkBench to compare various pruning techniques and show that its comprehensive evaluation can prevent common pitfalls when comparing pruning methods.",
    "arxivid": "2003.03033v1",
    "bib_name": "Whatisthes34",
    "md_text": "# What is the state of neural network pruning\n\n\nabstract\n\nNeural network pruning---the task of reducing the size of a network by removing parameters---has been the subject of a great deal of work in recent years. We provide a meta-analysis of the literature, including an overview of approaches to pruning and consistent findings in the literature. After aggregating results across 81 papers and pruning hundreds of models in controlled conditions, our clearest finding is that the community suffers from a lack of standardized benchmarks and metrics. This deficiency is substantial enough that it is hard to compare pruning techniques to one another or determine how much progress the field has made over the past three decades. To address this situation, we identify issues with current practices, suggest concrete remedies, and introduce ShrinkBench, an open-source framework to facilitate standardized evaluations of pruning methods. We use ShrinkBench to compare various pruning techniques and show that its comprehensive evaluation can prevent common pitfalls when comparing pruning methods.",
    "paper_type": "survey",
    "attri": {
        "background": {
            "purpose": "This survey aims to address the lack of standardized benchmarks and metrics in neural network pruning, which hinders the ability to compare different pruning techniques and assess progress in the field.",
            "scope": "The survey includes an overview of various pruning approaches and findings from 81 papers, focusing specifically on the evaluation and comparison of these methods. It excludes unrelated techniques and methodologies that do not pertain to neural network pruning."
        },
        "problem": {
            "definition": "The core issue explored in this survey is the challenge of effectively comparing different neural network pruning techniques due to the absence of standardized evaluation metrics and benchmarks.",
            "key obstacle": "The primary challenge faced by researchers is the lack of consistent metrics and benchmarks, which makes it difficult to evaluate the effectiveness of various pruning methods and to track the field's progress over time."
        },
        "architecture": {
            "perspective": "The survey introduces the ShrinkBench framework as a novel perspective to facilitate standardized evaluations of pruning methods, addressing the inconsistencies in current practices.",
            "fields/stages": "The survey organizes current pruning methods into categories based on their evaluation metrics and benchmarks, although specific criteria for categorization are not detailed in the abstract."
        },
        "conclusion": {
            "comparisions": "The survey conducts a comparative analysis of various pruning techniques, highlighting that the comprehensive evaluation provided by ShrinkBench can prevent common pitfalls seen in previous comparisons.",
            "results": "The key takeaway is that the community needs standardized benchmarks to measure the effectiveness of pruning techniques accurately and to understand the advancements made in the field."
        },
        "discussion": {
            "advantage": "The strengths of existing research include a wealth of techniques developed over the years, which have contributed to the understanding of neural network pruning.",
            "limitation": "Current research is limited by the lack of standardized metrics, making it difficult to compare results across studies.",
            "gaps": "Unanswered questions remain regarding the effectiveness of various pruning methods under different conditions and the overall progress made in the field.",
            "future work": "Future research should focus on developing and adopting standardized benchmarks and metrics, as well as exploring new pruning techniques that can be evaluated within the ShrinkBench framework."
        },
        "other info": {
            "additional_info": "ShrinkBench is an open-source framework introduced to facilitate standardized evaluations of pruning methods."
        }
    },
    "mount_outline": [
        {
            "section number": "1.1",
            "key information": "The survey addresses the lack of standardized benchmarks and metrics in neural network pruning, which hinders the ability to compare different pruning techniques and assess progress in the field."
        },
        {
            "section number": "1.2",
            "key information": "The key goals of this survey include providing an overview of various pruning approaches and findings from 81 papers, focusing specifically on the evaluation and comparison of these methods."
        },
        {
            "section number": "2.4",
            "key information": "The core issue explored is the challenge of effectively comparing different neural network pruning techniques due to the absence of standardized evaluation metrics and benchmarks."
        },
        {
            "section number": "3.1",
            "key information": "The survey organizes current pruning methods into categories based on their evaluation metrics and benchmarks."
        },
        {
            "section number": "4.3",
            "key information": "The primary challenge faced by researchers is the lack of consistent metrics and benchmarks, which makes it difficult to evaluate the effectiveness of various pruning methods."
        },
        {
            "section number": "5.4",
            "key information": "Future research should focus on developing and adopting standardized benchmarks and metrics, as well as exploring new pruning techniques that can be evaluated within the ShrinkBench framework."
        },
        {
            "section number": "6.2",
            "key information": "Future research should explore the effectiveness of various pruning methods under different conditions and the overall progress made in the field."
        }
    ],
    "similarity_score": null,
    "image": null,
    "path": "/home/liudingyuan/code/SurveyX/code/SurveyX-main/outputs/t14a/papers/What is the state of neural network pruning.json"
}