{
    "from": null,
    "scholar_id": null,
    "detail_id": null,
    "title": "What's hidden in a randomly weighted neural network?",
    "abstract": "Training a neural network is synonymous with learning the values of the weights. By contrast, we demonstrate that randomly weighted neural networks contain subnetworks which achieve impressive performance without ever training the weight values. Hidden in a randomly weighted Wide ResNet-50 is a subnetwork (with random weights) that is smaller than, but matches the performance of a ResNet-34 trained on ImageNet. Not only do these ``untrained subnetworks\" exist, but we provide an algorithm to effectively find them. We empirically show that as randomly weighted neural networks with fixed weights grow wider and deeper, an ``untrained subnetwork\" approaches a network with learned weights in accuracy.",
    "arxivid": "1911.13299v2",
    "bib_name": "What'shidd66",
    "md_text": "# What's hidden in a randomly weighted neural network?\n\n\nabstract\n\nTraining a neural network is synonymous with learning the values of the weights. By contrast, we demonstrate that randomly weighted neural networks contain subnetworks which achieve impressive performance without ever training the weight values. Hidden in a randomly weighted Wide ResNet-50 is a subnetwork (with random weights) that is smaller than, but matches the performance of a ResNet-34 trained on ImageNet. Not only do these ``untrained subnetworks\" exist, but we provide an algorithm to effectively find them. We empirically show that as randomly weighted neural networks with fixed weights grow wider and deeper, an ``untrained subnetwork\" approaches a network with learned weights in accuracy.",
    "paper_type": "method",
    "attri": {
        "background": "This paper addresses the issue of training neural networks, specifically focusing on the existence of subnetworks within randomly weighted neural networks that can achieve high performance without training the weight values. Previous methods primarily concentrated on optimizing weights through training, which necessitates significant computational resources and time. The breakthrough presented in this paper is the discovery of effective untrained subnetworks that can perform comparably to trained networks.",
        "problem": {
            "definition": "The problem defined in this paper is the inefficiency and resource intensity of training neural networks, which often requires extensive data and computational power.",
            "key obstacle": "The core obstacle is the reliance on extensive training to achieve optimal weight values, which limits the accessibility and efficiency of deploying neural networks in various applications."
        },
        "idea": {
            "intuition": "The intuition behind this idea stems from the observation that even random weights in neural networks can yield effective subnetworks that perform well on tasks, suggesting that training may not be the only path to achieving high accuracy.",
            "opinion": "The proposed idea is to leverage the existence of untrained subnetworks within randomly weighted neural networks, enabling effective performance without the need for traditional weight training.",
            "innovation": "The primary innovation lies in the algorithm provided to identify and utilize these untrained subnetworks, which contrasts with existing methods that focus solely on training to optimize weights."
        },
        "method": {
            "method name": "Untrained Subnetwork Discovery",
            "method abbreviation": "USD",
            "method definition": "The method involves identifying and utilizing subnetworks within randomly weighted neural networks that can perform tasks effectively without training the weights.",
            "method description": "This method focuses on discovering subnetworks in randomly weighted neural networks that match or exceed the performance of trained networks.",
            "method steps": "1. Initialize a neural network with random weights. 2. Identify potential subnetworks within the network. 3. Evaluate the performance of these subnetworks on benchmark tasks.",
            "principle": "This method is effective because it capitalizes on the inherent structure of neural networks, where certain configurations of random weights can yield surprisingly competent performance, thus challenging the traditional view that training is essential."
        },
        "experiments": {
            "evaluation setting": "The experiments utilized a randomly weighted Wide ResNet-50 architecture and compared its untrained subnetworks against a ResNet-34 trained on the ImageNet dataset.",
            "evaluation method": "The performance was assessed by measuring the accuracy of the untrained subnetworks and comparing it to that of the trained ResNet-34 on standard benchmark tasks."
        },
        "conclusion": "The outcomes of the experiments demonstrate that untrained subnetworks within randomly weighted neural networks can achieve performance levels comparable to trained networks, indicating a significant advancement in the understanding of neural network capabilities.",
        "discussion": {
            "advantage": "The key advantages of the proposed approach include reduced computational costs and time savings, as it eliminates the need for extensive training while still achieving high accuracy.",
            "limitation": "A limitation of this method is that while untrained subnetworks can perform well, they may not always match the performance of the best-trained models across all tasks.",
            "future work": "Future research could explore optimizing the discovery algorithm further, as well as investigating the applicability of this method across different neural network architectures and tasks."
        },
        "other info": {
            "additional findings": "The paper highlights that as the width and depth of randomly weighted networks increase, the performance of untrained subnetworks approaches that of fully trained networks."
        }
    },
    "mount_outline": [
        {
            "section number": "2.1",
            "key information": "The paper addresses the issue of training neural networks, focusing on the existence of subnetworks within randomly weighted neural networks that can achieve high performance without training the weight values."
        },
        {
            "section number": "2.4",
            "key information": "The key concepts of pruning, sparsity, and efficiency are explored through the lens of untrained subnetworks, suggesting that effective performance can be achieved without traditional weight training."
        },
        {
            "section number": "3.1",
            "key information": "The paper discusses different models of pruning, specifically emphasizing the discovery of untrained subnetworks as a novel approach that contrasts with traditional weight optimization methods."
        },
        {
            "section number": "4.3",
            "key information": "The advantages of the proposed method include reduced computational costs and time savings, as it eliminates the need for extensive training while still achieving high accuracy, presenting a trade-off in the reliance on training."
        },
        {
            "section number": "5.1",
            "key information": "The evaluation setting utilized a randomly weighted Wide ResNet-50 architecture, comparing its untrained subnetworks against a trained ResNet-34, showcasing the impact on model accuracy."
        },
        {
            "section number": "6.2",
            "key information": "Future research directions include optimizing the discovery algorithm for untrained subnetworks and investigating their applicability across different neural network architectures and tasks."
        }
    ],
    "similarity_score": null,
    "image": null,
    "path": "/home/liudingyuan/code/SurveyX/code/SurveyX-main/outputs/t14a/papers/What's hidden in a randomly weighted neural network_.json"
}