{
    "from": null,
    "scholar_id": null,
    "detail_id": null,
    "title": "When BERT plays the lottery, all tickets are winning",
    "abstract": "Much of the recent success in NLP is due to the large Transformer-based models such as BERT (Devlin et al, 2019). However, these models have been shown to be reducible to a smaller number of self-attention heads and layers. We consider this phenomenon from the perspective of the lottery ticket hypothesis. For fine-tuned BERT, we show that (a) it is possible to find a subnetwork of elements that achieves performance comparable with that of the full model, and (b) similarly-sized subnetworks sampled from the rest of the model perform worse. However, the \"bad\" subnetworks can be fine-tuned separately to achieve only slightly worse performance than the \"good\" ones, indicating that most weights in the pre-trained BERT are potentially useful. We also show that the \"good\" subnetworks vary considerably across GLUE tasks, opening up the possibilities to learn what knowledge BERT actually uses at inference time.",
    "arxivid": "2005.00561v2",
    "bib_name": "WhenBERTpl91",
    "md_text": "# When BERT plays the lottery, all tickets are winning\n\n\nabstract\n\nMuch of the recent success in NLP is due to the large Transformer-based models such as BERT (Devlin et al, 2019). However, these models have been shown to be reducible to a smaller number of self-attention heads and layers. We consider this phenomenon from the perspective of the lottery ticket hypothesis. For fine-tuned BERT, we show that (a) it is possible to find a subnetwork of elements that achieves performance comparable with that of the full model, and (b) similarly-sized subnetworks sampled from the rest of the model perform worse. However, the \"bad\" subnetworks can be fine-tuned separately to achieve only slightly worse performance than the \"good\" ones, indicating that most weights in the pre-trained BERT are potentially useful. We also show that the \"good\" subnetworks vary considerably across GLUE tasks, opening up the possibilities to learn what knowledge BERT actually uses at inference time.",
    "paper_type": "theory",
    "attri": {
        "background": "This paper addresses the issue of model efficiency in natural language processing (NLP) by investigating the lottery ticket hypothesis in the context of BERT, a widely used Transformer-based model.",
        "problem": {
            "definition": "The problem pertains to the redundancy in large transformer models like BERT, where many components may not contribute significantly to performance.",
            "key obstacle": "Identifying which components of the model are essential for maintaining performance while reducing the model's size."
        },
        "idea": {
            "intuition": "The idea was inspired by the lottery ticket hypothesis, which suggests that within a randomly initialized neural network, there exist subnetworks that can be trained in isolation to reach comparable performance to the full model.",
            "opinion": "The core idea is that fine-tuned versions of BERT can be pruned to smaller subnetworks that retain performance, indicating that not all parameters are equally important.",
            "innovation": "The primary improvement is the demonstration that many subnetworks within BERT can achieve high performance, and that these subnetworks vary across different tasks, suggesting a more nuanced understanding of model efficiency."
        },
        "Theory": {
            "perspective": "The perspective of the theory revolves around the lottery ticket hypothesis applied to the architecture of BERT, exploring the existence of winning tickets within the model.",
            "opinion": "The assumption is that a significant portion of the model's weights are useful, and that fine-tuning can optimize performance even from seemingly 'bad' subnetworks.",
            "proof": "The proof is derived from empirical results showing that specific subnetworks can achieve performance on par with the full model and that fine-tuning can improve the performance of initially underperforming subnetworks."
        },
        "experiments": {
            "evaluation setting": "The experiments utilize various GLUE tasks to evaluate the performance of subnetworks sampled from BERT, comparing them against the full model and each other.",
            "evaluation method": "The evaluation involves fine-tuning the identified subnetworks and measuring their performance on the GLUE benchmark tasks."
        },
        "conclusion": "The conclusion of the experiments indicates that it is feasible to find effective subnetworks within BERT that maintain high performance, and that most weights in the model are potentially valuable.",
        "discussion": {
            "advantage": "The advantage of this paper lies in its contribution to understanding model efficiency, showing that many components of BERT are useful and that pruning can lead to performance retention.",
            "limitation": "A limitation is that the performance of subnetworks can vary significantly across different tasks, which may complicate the generalizability of findings.",
            "future work": "Future work could explore more systematic methods for identifying and training these subnetworks, and investigate the underlying principles that govern their performance across different NLP tasks."
        },
        "other info": []
    },
    "mount_outline": [
        {
            "section number": "1.1",
            "key information": "This paper addresses the issue of model efficiency in natural language processing (NLP) by investigating the lottery ticket hypothesis in the context of BERT, a widely used Transformer-based model."
        },
        {
            "section number": "2.2",
            "key information": "The problem pertains to the redundancy in large transformer models like BERT, where many components may not contribute significantly to performance."
        },
        {
            "section number": "3.3",
            "key information": "The primary improvement is the demonstration that many subnetworks within BERT can achieve high performance, and that these subnetworks vary across different tasks, suggesting a more nuanced understanding of model efficiency."
        },
        {
            "section number": "4.1",
            "key information": "The evaluation involves fine-tuning the identified subnetworks and measuring their performance on the GLUE benchmark tasks."
        },
        {
            "section number": "5.3",
            "key information": "The advantage of this paper lies in its contribution to understanding model efficiency, showing that many components of BERT are useful and that pruning can lead to performance retention."
        },
        {
            "section number": "6.2",
            "key information": "Future work could explore more systematic methods for identifying and training these subnetworks, and investigate the underlying principles that govern their performance across different NLP tasks."
        }
    ],
    "similarity_score": null,
    "image": null,
    "path": "/home/liudingyuan/code/SurveyX/code/SurveyX-main/outputs/t14a/papers/When BERT plays the lottery, all tickets are winning.json"
}