{
    "from": null,
    "scholar_id": null,
    "detail_id": null,
    "title": "Why is the state of neural network pruning so confusing? on the fairness, comparison setup, and trainability in network pruning",
    "abstract": "The state of neural network pruning has been noticed to be unclear and even confusing for a while, largely due to\"a lack of standardized benchmarks and metrics\"[3]. To standardize benchmarks, first, we need to answer: what kind of comparison setup is considered fair? This basic yet crucial question has barely been clarified in the community, unfortunately. Meanwhile, we observe several papers have used (severely) sub-optimal hyper-parameters in pruning experiments, while the reason behind them is also elusive. These sub-optimal hyper-parameters further exacerbate the distorted benchmarks, rendering the state of neural network pruning even more obscure. Two mysteries in pruning represent such a confusing status: the performance-boosting effect of a larger finetuning learning rate, and the no-value argument of inheriting pretrained weights in filter pruning. In this work, we attempt to explain the confusing state of network pruning by demystifying the two mysteries. Specifically, (1) we first clarify the fairness principle in pruning experiments and summarize the widely-used comparison setups; (2) then we unveil the two pruning mysteries and point out the central role of network trainability, which has not been well recognized so far; (3) finally, we conclude the paper and give some concrete suggestions regarding how to calibrate the pruning benchmarks in the future. Code: https://github.com/mingsun-tse/why-the-state-of-pruning-so-confusing.",
    "arxivid": "2301.05219v2",
    "bib_name": "Whyisthest176",
    "md_text": "# Why is the state of neural network pruning so confusing? on the fairness, comparison setup, and trainability in network pruning\n\n\nabstract\n\nThe state of neural network pruning has been noticed to be unclear and even confusing for a while, largely due to\"a lack of standardized benchmarks and metrics\"[3]. To standardize benchmarks, first, we need to answer: what kind of comparison setup is considered fair? This basic yet crucial question has barely been clarified in the community, unfortunately. Meanwhile, we observe several papers have used (severely) sub-optimal hyper-parameters in pruning experiments, while the reason behind them is also elusive. These sub-optimal hyper-parameters further exacerbate the distorted benchmarks, rendering the state of neural network pruning even more obscure. Two mysteries in pruning represent such a confusing status: the performance-boosting effect of a larger finetuning learning rate, and the no-value argument of inheriting pretrained weights in filter pruning. In this work, we attempt to explain the confusing state of network pruning by demystifying the two mysteries. Specifically, (1) we first clarify the fairness principle in pruning experiments and summarize the widely-used comparison setups; (2) then we unveil the two pruning mysteries and point out the central role of network trainability, which has not been well recognized so far; (3) finally, we conclude the paper and give some concrete suggestions regarding how to calibrate the pruning benchmarks in the future. Code: https://github.com/mingsun-tse/why-the-state-of-pruning-so-confusing.",
    "paper_type": "benchmark",
    "attri": {
        "background": "The state of neural network pruning has been unclear due to a lack of standardized benchmarks and metrics, leading to confusion in the community regarding fair comparison setups and the use of sub-optimal hyper-parameters.",
        "problem": {
            "definition": "The benchmark is designed to address the confusion in neural network pruning, focusing on the fairness of comparison setups and the impact of hyper-parameters on pruning experiments.",
            "key obstacle": "Existing benchmarks suffer from distorted results due to the use of sub-optimal hyper-parameters and unclear principles of fairness in pruning experiments."
        },
        "idea": {
            "intuition": "The development of this benchmark is inspired by the need to clarify the fairness principle in pruning experiments and to demystify the performance impacts of hyper-parameters.",
            "opinion": "The authors emphasize the importance of establishing clear benchmarks to improve the understanding and effectiveness of neural network pruning.",
            "innovation": "This benchmark differs from previous ones by focusing on the fairness of comparison setups and addressing specific pruning mysteries that have not been well recognized.",
            "benchmark abbreviation": "NNP"
        },
        "dataset": {
            "source": "The dataset was compiled from various existing pruning experiments and literature to provide a comprehensive view of the benchmarks used.",
            "desc": "The dataset includes various comparison setups and hyper-parameter configurations, enabling an analysis of their effects on pruning outcomes.",
            "content": "Data includes performance metrics of different pruning methods under various hyper-parameter settings.",
            "size": "-",
            "domain": "Neural Network Pruning",
            "task format": "Performance Evaluation"
        },
        "metrics": {
            "metric name": "Accuracy, F1-score",
            "aspect": "Model performance and efficiency in pruning.",
            "principle": "Metrics were chosen based on their relevance to evaluating the effectiveness and fairness of pruning methods.",
            "procedure": "Model performance is evaluated by applying the chosen metrics to the results obtained from various pruning setups."
        },
        "experiments": {
            "model": "The benchmark tests a mix of state-of-the-art and baseline models in neural network pruning.",
            "procedure": "Models were trained using various hyper-parameter settings to assess their performance under different pruning conditions.",
            "result": "The experiments reveal significant variability in model performance based on hyper-parameter choices, indicating the importance of standardized benchmarks.",
            "variability": "Variability was accounted for through multiple trials and by analyzing different subsets of the dataset."
        },
        "conclusion": "The findings highlight the necessity of standardized benchmarks in neural network pruning to clarify the confusion and improve model performance.",
        "discussion": {
            "advantage": "The benchmark provides a structured approach to evaluating pruning methods, contributing to clearer comparisons and better understanding in the field.",
            "limitation": "Potential drawbacks include the reliance on existing literature, which may not cover all aspects of neural network pruning.",
            "future work": "Future research should focus on developing more comprehensive benchmarks that include a wider variety of hyper-parameter settings and comparison setups."
        },
        "other info": []
    },
    "mount_outline": [
        {
            "section number": "1.1",
            "key information": "The state of neural network pruning has been unclear due to a lack of standardized benchmarks and metrics, leading to confusion in the community regarding fair comparison setups and the use of sub-optimal hyper-parameters."
        },
        {
            "section number": "2.4",
            "key information": "The benchmark is designed to address the confusion in neural network pruning, focusing on the fairness of comparison setups and the impact of hyper-parameters on pruning experiments."
        },
        {
            "section number": "4.1",
            "key information": "Metrics were chosen based on their relevance to evaluating the effectiveness and fairness of pruning methods, including Accuracy and F1-score."
        },
        {
            "section number": "4.3",
            "key information": "The experiments reveal significant variability in model performance based on hyper-parameter choices, indicating the importance of standardized benchmarks."
        },
        {
            "section number": "6.2",
            "key information": "Future research should focus on developing more comprehensive benchmarks that include a wider variety of hyper-parameter settings and comparison setups."
        }
    ],
    "similarity_score": null,
    "image": null,
    "path": "/home/liudingyuan/code/SurveyX/code/SurveyX-main/outputs/t14a/papers/Why is the state of neural network pruning so confusing_ on the fairness, comparison setup, and trainability in network pruning.json"
}