{
    "from": null,
    "scholar_id": null,
    "detail_id": null,
    "title": "Why lift so heavy? slimming large language models by cutting off the layers",
    "abstract": "Large Language Models (LLMs) demonstrate exceptional language understanding and generation capabilities by learning from context. Leveraging the strong in-context learning (ICL) abilities of LLMs, prompt-based fine-tuning has proven to be effective for enhancing the adaptability and alignment of LLMs, especially in low-data scenarios. However, the billions of parameters resulting from layer stacking in LLMs present significant computational challenges, limiting the practicality of fine-tuning. To tackle this problem, we explore the application of layer-wise model pruning in prompt-based fine-tuning of LLMs for few-shot learning scenarios. Our approach involves dropping certain model layers and fine-tuning the model with the remaining layers. Surprisingly, we observe that even with fewer layers, LLMs maintain similar or better performance levels, particularly in prompt-based fine-tuning for text classification tasks. Remarkably, in certain cases, models with a single layer outperform their fully layered counterparts. These findings offer valuable insights for future work aimed at mitigating the size constraints of LLMs while preserving their performance, thereby opening avenues for significantly more efficient use of LLMs.",
    "arxivid": "2402.11700v2",
    "bib_name": "Whyliftsoh155",
    "md_text": "# Why lift so heavy? slimming large language models by cutting off the layers\n\n\nabstract\n\nLarge Language Models (LLMs) demonstrate exceptional language understanding and generation capabilities by learning from context. Leveraging the strong in-context learning (ICL) abilities of LLMs, prompt-based fine-tuning has proven to be effective for enhancing the adaptability and alignment of LLMs, especially in low-data scenarios. However, the billions of parameters resulting from layer stacking in LLMs present significant computational challenges, limiting the practicality of fine-tuning. To tackle this problem, we explore the application of layer-wise model pruning in prompt-based fine-tuning of LLMs for few-shot learning scenarios. Our approach involves dropping certain model layers and fine-tuning the model with the remaining layers. Surprisingly, we observe that even with fewer layers, LLMs maintain similar or better performance levels, particularly in prompt-based fine-tuning for text classification tasks. Remarkably, in certain cases, models with a single layer outperform their fully layered counterparts. These findings offer valuable insights for future work aimed at mitigating the size constraints of LLMs while preserving their performance, thereby opening avenues for significantly more efficient use of LLMs.",
    "paper_type": "method",
    "attri": {
        "background": "This paper addresses the issue of computational challenges posed by the large number of parameters in Layer Language Models (LLMs) due to layer stacking, which limits the practicality of fine-tuning in low-data scenarios. Previous methods have focused on the full utilization of LLMs, but a new breakthrough is necessary to enhance their efficiency without sacrificing performance.",
        "problem": {
            "definition": "The problem is the high computational cost and inefficiency associated with the fine-tuning of large language models due to their extensive parameter count resulting from layer stacking.",
            "key obstacle": "The core obstacle is the difficulty in fine-tuning LLMs effectively while managing their large size, which leads to significant resource consumption and limits their applicability in real-world scenarios."
        },
        "idea": {
            "intuition": "The idea is inspired by the observation that not all layers in LLMs contribute equally to performance, suggesting that pruning certain layers could maintain or even enhance model effectiveness.",
            "opinion": "The proposed idea involves layer-wise model pruning during prompt-based fine-tuning, allowing for the reduction of model size while retaining or improving performance in few-shot learning tasks.",
            "innovation": "The primary innovation lies in the method of selectively dropping layers from LLMs during fine-tuning, which contrasts with existing approaches that typically utilize the full model architecture."
        },
        "method": {
            "method name": "Layer-wise Model Pruning",
            "method abbreviation": "LMP",
            "method definition": "Layer-wise Model Pruning is a technique that involves systematically removing certain layers from a large language model to reduce its size while fine-tuning the remaining layers for specific tasks.",
            "method description": "The core of the method is to drop selected model layers during the fine-tuning process to achieve efficient model performance in text classification tasks.",
            "method steps": [
                "Identify layers in the LLM that can be pruned.",
                "Remove the selected layers from the model.",
                "Fine-tune the remaining layers using prompt-based techniques.",
                "Evaluate the performance of the pruned model against the full model."
            ],
            "principle": "This method is effective because it leverages the redundancy in LLMs, allowing the model to retain essential capabilities while reducing computational load and resource requirements."
        },
        "experiments": {
            "evaluation setting": "The experimental setup involves using benchmark datasets for text classification, comparing the performance of pruned models against fully layered counterparts and baseline methods.",
            "evaluation method": "Performance is measured through accuracy and efficiency metrics, analyzing how well the pruned models perform relative to their full-layered versions."
        },
        "conclusion": "The experiments demonstrate that layer-wise pruning can maintain or enhance the performance of LLMs in few-shot learning scenarios, providing a promising approach to reducing model size while preserving effectiveness.",
        "discussion": {
            "advantage": "The key advantages include reduced computational requirements, improved efficiency in fine-tuning, and the potential for models with fewer layers to outperform fully layered models in specific tasks.",
            "limitation": "The limitations include the potential risk of losing critical model capabilities when layers are pruned, which may affect performance in more complex tasks.",
            "future work": "Future research should explore optimal strategies for layer selection and investigate the application of this method across various model architectures and tasks to further enhance efficiency."
        },
        "other info": []
    },
    "mount_outline": [
        {
            "section number": "1.1",
            "key information": "The significance of deep neural network pruning lies in enhancing model efficiency and performance improvement, particularly in large language models where layer stacking increases computational challenges."
        },
        {
            "section number": "2.2",
            "key information": "Layer-wise Model Pruning (LMP) is defined as a technique that involves systematically removing certain layers from a large language model to reduce its size while fine-tuning the remaining layers for specific tasks."
        },
        {
            "section number": "2.4",
            "key information": "Pruning involves selectively dropping layers from LLMs, which helps maintain or enhance model effectiveness while reducing computational load and resource requirements."
        },
        {
            "section number": "3.1",
            "key information": "The paper discusses structured pruning through layer-wise model pruning, which contrasts with unstructured approaches that utilize the full model architecture."
        },
        {
            "section number": "4.1",
            "key information": "Performance is measured through accuracy and efficiency metrics, analyzing how well the pruned models perform relative to their full-layered versions."
        },
        {
            "section number": "5.1",
            "key information": "Experiments demonstrate that layer-wise pruning can maintain or enhance the performance of LLMs in few-shot learning scenarios, indicating a positive impact on model accuracy."
        },
        {
            "section number": "6.1",
            "key information": "Strategies for selecting pruning methods should involve identifying layers in LLMs that can be pruned to achieve efficient model performance in specific tasks."
        },
        {
            "section number": "6.2",
            "key information": "Future research should explore optimal strategies for layer selection and investigate the application of layer-wise pruning across various model architectures and tasks."
        }
    ],
    "similarity_score": null,
    "image": null,
    "path": "/home/liudingyuan/code/SurveyX/code/SurveyX-main/outputs/t14a/papers/Why lift so heavy_ slimming large language models by cutting off the layers.json"
}