{
    "from": null,
    "scholar_id": null,
    "detail_id": null,
    "title": "Why lottery ticket wins? a theoretical perspective of sample complexity on pruned neural networks",
    "abstract": "The \\textit{lottery ticket hypothesis} (LTH) states that learning on a properly pruned network (the \\textit{winning ticket}) improves test accuracy over the original unpruned network. Although LTH has been justified empirically in a broad range of deep neural network (DNN) involved applications like computer vision and natural language processing, the theoretical validation of the improved generalization of a winning ticket remains elusive. To the best of our knowledge, our work, for the first time, characterizes the performance of training a pruned neural network by analyzing the geometric structure of the objective function and the sample complexity to achieve zero generalization error. We show that the convex region near a desirable model with guaranteed generalization enlarges as the neural network model is pruned, indicating the structural importance of a winning ticket. Moreover, when the algorithm for training a pruned neural network is specified as an (accelerated) stochastic gradient descent algorithm, we theoretically show that the number of samples required for achieving zero generalization error is proportional to the number of the non-pruned weights in the hidden layer. With a fixed number of samples, training a pruned neural network enjoys a faster convergence rate to the desired model than training the original unpruned one, providing a formal justification of the improved generalization of the winning ticket. Our theoretical results are acquired from learning a pruned neural network of one hidden layer, while experimental results are further provided to justify the implications in pruning multi-layer neural networks.",
    "arxivid": "2110.05667v1",
    "bib_name": "Whylottery98",
    "md_text": "# Why lottery ticket wins? a theoretical perspective of sample complexity on pruned neural networks\n\n\nabstract\n\nThe \\textit{lottery ticket hypothesis} (LTH) states that learning on a properly pruned network (the \\textit{winning ticket}) improves test accuracy over the original unpruned network. Although LTH has been justified empirically in a broad range of deep neural network (DNN) involved applications like computer vision and natural language processing, the theoretical validation of the improved generalization of a winning ticket remains elusive. To the best of our knowledge, our work, for the first time, characterizes the performance of training a pruned neural network by analyzing the geometric structure of the objective function and the sample complexity to achieve zero generalization error. We show that the convex region near a desirable model with guaranteed generalization enlarges as the neural network model is pruned, indicating the structural importance of a winning ticket. Moreover, when the algorithm for training a pruned neural network is specified as an (accelerated) stochastic gradient descent algorithm, we theoretically show that the number of samples required for achieving zero generalization error is proportional to the number of the non-pruned weights in the hidden layer. With a fixed number of samples, training a pruned neural network enjoys a faster convergence rate to the desired model than training the original unpruned one, providing a formal justification of the improved generalization of the winning ticket. Our theoretical results are acquired from learning a pruned neural network of one hidden layer, while experimental results are further provided to justify the implications in pruning multi-layer neural networks.",
    "paper_type": "theory",
    "attri": {
        "background": "The paper addresses the lottery ticket hypothesis (LTH), which posits that learning on a pruned network, referred to as the winning ticket, enhances test accuracy compared to the original unpruned network. While LTH has been empirically validated across various applications in deep neural networks, a theoretical understanding of the improved generalization associated with winning tickets has been lacking.",
        "problem": {
            "definition": "The primary problem is to theoretically validate the improved generalization of pruned neural networks, specifically how pruning affects the sample complexity required for achieving zero generalization error.",
            "key obstacle": "The main challenge lies in characterizing the performance of training pruned networks and understanding the geometric structure of the objective function in relation to sample complexity."
        },
        "idea": {
            "intuition": "The idea is inspired by the observation that pruning neural networks may lead to better generalization performance.",
            "opinion": "The authors propose that the convex region around a desirable model increases with network pruning, which is crucial for generalization.",
            "innovation": "The main innovation is the theoretical characterization of how the sample complexity for achieving zero generalization error is related to the number of non-pruned weights in the hidden layer, demonstrating a faster convergence rate for pruned networks."
        },
        "Theory": {
            "perspective": "The theoretical perspective focuses on the geometric structure of the objective function and its relation to sample complexity in pruned neural networks.",
            "opinion": "The authors assume that pruned networks can achieve better generalization due to an enlarged convex region near the target model.",
            "proof": "The proof involves showing that the number of samples needed for zero generalization error is proportional to the number of non-pruned weights, and that pruned networks converge faster than their unpruned counterparts."
        },
        "experiments": {
            "evaluation setting": "The experiments are conducted on a pruned neural network with one hidden layer, comparing its performance against the original unpruned network using various datasets.",
            "evaluation method": "The evaluation method includes analyzing the convergence rates and generalization performance of both pruned and unpruned networks under an accelerated stochastic gradient descent algorithm."
        },
        "conclusion": "The paper concludes that pruning neural networks leads to faster convergence rates and improved generalization, providing a formal theoretical basis for the lottery ticket hypothesis.",
        "discussion": {
            "advantage": "The advantages of this paper include a theoretical framework that validates the benefits of pruning in neural networks and provides insights into sample complexity.",
            "limitation": "A limitation is that the theoretical results are primarily derived from a model with a single hidden layer, which may not fully represent multi-layer networks.",
            "future work": "Future work could explore extending the theoretical results to multi-layer networks and examining the implications of different pruning strategies on generalization."
        },
        "other info": []
    },
    "mount_outline": [
        {
            "section number": "2.4",
            "key information": "Pruning neural networks may lead to better generalization performance."
        },
        {
            "section number": "5.3",
            "key information": "Pruning neural networks leads to faster convergence rates and improved generalization."
        },
        {
            "section number": "3.1",
            "key information": "The paper addresses the lottery ticket hypothesis (LTH), which posits that learning on a pruned network enhances test accuracy compared to the original unpruned network."
        },
        {
            "section number": "4.3",
            "key information": "The main challenge lies in characterizing the performance of training pruned networks and understanding the geometric structure of the objective function in relation to sample complexity."
        },
        {
            "section number": "6.2",
            "key information": "Future work could explore extending the theoretical results to multi-layer networks and examining the implications of different pruning strategies on generalization."
        }
    ],
    "similarity_score": null,
    "image": null,
    "path": "/home/liudingyuan/code/SurveyX/code/SurveyX-main/outputs/t14a/papers/Why lottery ticket wins_ a theoretical perspective of sample complexity on pruned neural networks.json"
}