{
    "from": null,
    "scholar_id": null,
    "detail_id": null,
    "title": "Why is pruning at initialization immune to reinitializing and shuffling?",
    "abstract": "Recent studies assessing the efficacy of pruning neural networks methods uncovered a surprising finding: when conducting ablation studies on existing pruning-at-initialization methods, namely SNIP, GraSP, SynFlow, and magnitude pruning, performances of these methods remain unchanged and sometimes even improve when randomly shuffling the mask positions within each layer (Layerwise Shuffling) or sampling new initial weight values (Reinit), while keeping pruning masks the same. We attempt to understand the reason behind such network immunity towards weight/mask modifications, by studying layer-wise statistics before and after randomization operations. We found that under each of the pruning-at-initialization methods, the distribution of unpruned weights changed minimally with randomization operations.",
    "arxivid": "2107.01808v1",
    "bib_name": "Whyispruni138",
    "md_text": "# Why is pruning at initialization immune to reinitializing and shuffling?\n\n\nabstract\n\nRecent studies assessing the efficacy of pruning neural networks methods uncovered a surprising finding: when conducting ablation studies on existing pruning-at-initialization methods, namely SNIP, GraSP, SynFlow, and magnitude pruning, performances of these methods remain unchanged and sometimes even improve when randomly shuffling the mask positions within each layer (Layerwise Shuffling) or sampling new initial weight values (Reinit), while keeping pruning masks the same. We attempt to understand the reason behind such network immunity towards weight/mask modifications, by studying layer-wise statistics before and after randomization operations. We found that under each of the pruning-at-initialization methods, the distribution of unpruned weights changed minimally with randomization operations.",
    "paper_type": "benchmark",
    "attri": {
        "background": "This paper addresses the issue of understanding the robustness of pruning-at-initialization methods in neural networks, highlighting the surprising finding that their performance remains stable even when the mask positions are shuffled or when weights are reinitialized.",
        "problem": {
            "definition": "The benchmark is designed to investigate the resilience of pruning methods in neural networks against modifications in weight initialization and mask arrangements.",
            "key obstacle": "Existing benchmarks do not adequately explore the impact of weight and mask shuffling on the performance of pruning methods, leaving a gap in understanding their robustness."
        },
        "idea": {
            "intuition": "The inspiration behind the benchmark stems from the observation that pruning methods exhibit unexpected stability when subjected to randomization, prompting a deeper investigation into the underlying mechanisms.",
            "opinion": "The authors believe that understanding the immunity of pruning methods to weight and mask changes is crucial for advancing neural network efficiency and design.",
            "innovation": "This benchmark differs from previous ones by specifically focusing on the effects of randomization on pruning methods, offering insights that challenge conventional beliefs about weight sensitivity.",
            "benchmark abbreviation": "PIN"
        },
        "dataset": {
            "source": "The dataset was generated by applying various pruning-at-initialization methods on neural networks and assessing their performance under different randomization conditions.",
            "desc": "The dataset includes performance metrics of various pruning methods before and after applying randomization techniques, providing a comprehensive view of their robustness.",
            "content": "The data includes performance scores, layer-wise weight distributions, and statistical analyses related to pruning methods.",
            "size": "-",
            "domain": "Neural Network Pruning",
            "task format": "Performance Evaluation"
        },
        "metrics": {
            "metric name": "Performance Score",
            "aspect": "Accuracy",
            "principle": "The choice of performance score as a metric is guided by its ability to reflect the effectiveness of pruning methods under varying conditions.",
            "procedure": "Models were evaluated based on their performance scores before and after applying randomization techniques, allowing for a comparative analysis."
        },
        "experiments": {
            "model": "The experiments tested various pruning-at-initialization methods including SNIP, GraSP, SynFlow, and magnitude pruning.",
            "procedure": "Models were trained using standard techniques, followed by applying randomization through weight reinitialization and mask shuffling to observe performance changes.",
            "result": "The results indicated that the performance of the pruning methods remained largely unchanged, suggesting a high level of robustness.",
            "variability": "Variability was accounted for by conducting multiple trials with different randomization configurations and analyzing the resulting performance metrics."
        },
        "conclusion": "The findings suggest that pruning-at-initialization methods are robust to weight and mask modifications, which has significant implications for the design and implementation of efficient neural networks.",
        "discussion": {
            "advantage": "The benchmark provides valuable insights into the resilience of pruning methods, potentially guiding future advancements in neural network optimization.",
            "limitation": "One limitation is that the benchmark may not account for all types of neural network architectures, which could affect the generalizability of the results.",
            "future work": "Future research could explore the effects of different randomization techniques on a wider variety of neural network architectures and pruning methods."
        },
        "other info": []
    },
    "mount_outline": [
        {
            "section number": "2.4",
            "key information": "The benchmark is designed to investigate the resilience of pruning methods in neural networks against modifications in weight initialization and mask arrangements."
        },
        {
            "section number": "3.1",
            "key information": "This benchmark differs from previous ones by specifically focusing on the effects of randomization on pruning methods, offering insights that challenge conventional beliefs about weight sensitivity."
        },
        {
            "section number": "4.1",
            "key information": "Models were evaluated based on their performance scores before and after applying randomization techniques, allowing for a comparative analysis."
        },
        {
            "section number": "5.3",
            "key information": "The findings suggest that pruning-at-initialization methods are robust to weight and mask modifications, which has significant implications for the design and implementation of efficient neural networks."
        },
        {
            "section number": "6.2",
            "key information": "Future research could explore the effects of different randomization techniques on a wider variety of neural network architectures and pruning methods."
        }
    ],
    "similarity_score": null,
    "image": null,
    "path": "/home/liudingyuan/code/SurveyX/code/SurveyX-main/outputs/t14a/papers/Why is pruning at initialization immune to reinitializing and shuffling_.json"
}