{
    "from": null,
    "scholar_id": null,
    "detail_id": null,
    "title": "Winning lottery tickets in deep generative models",
    "abstract": "The lottery ticket hypothesis suggests that sparse, sub-networks of a given neural network, if initialized properly, can be trained to reach comparable or even better performance to that of the original network. Prior works in lottery tickets have primarily focused on the supervised learning setup, with several papers proposing effective ways of finding winning tickets in classification problems. In this paper, we confirm the existence of winning tickets in deep generative models such as GANs and VAEs. We show that the popular iterative magnitude pruning approach (with late resetting) can be used with generative losses to find the winning tickets. This approach effectively yields tickets with sparsity up to 99% for AutoEncoders, 93% for VAEs and 89% for GANs on CIFAR and Celeb-A datasets. We also demonstrate the transferability of winning tickets across different generative models (GANs and VAEs) sharing the same architecture, suggesting that winning tickets have inductive biases that could help train a wide range of deep generative models. Furthermore, we show the practical benefits of lottery tickets in generative models by detecting tickets at very early stages in training called early-bird tickets. Through early-bird tickets, we can achieve up to 88% reduction in floating-point operations (FLOPs) and 54% reduction in training time, making it possible to train large-scale generative models over tight resource constraints. These results out-perform existing early pruning methods like SNIP (Lee, Ajanthan, and Torr 2019) and GraSP(Wang, Zhang, and Grosse 2020). Our findings shed light towards existence of proper network initializations that could improve convergence and stability of generative models.",
    "arxivid": "2010.02350v2",
    "bib_name": "Winninglot89",
    "md_text": "# Winning lottery tickets in deep generative models\n\n\nabstract\n\nThe lottery ticket hypothesis suggests that sparse, sub-networks of a given neural network, if initialized properly, can be trained to reach comparable or even better performance to that of the original network. Prior works in lottery tickets have primarily focused on the supervised learning setup, with several papers proposing effective ways of finding winning tickets in classification problems. In this paper, we confirm the existence of winning tickets in deep generative models such as GANs and VAEs. We show that the popular iterative magnitude pruning approach (with late resetting) can be used with generative losses to find the winning tickets. This approach effectively yields tickets with sparsity up to 99% for AutoEncoders, 93% for VAEs and 89% for GANs on CIFAR and Celeb-A datasets. We also demonstrate the transferability of winning tickets across different generative models (GANs and VAEs) sharing the same architecture, suggesting that winning tickets have inductive biases that could help train a wide range of deep generative models. Furthermore, we show the practical benefits of lottery tickets in generative models by detecting tickets at very early stages in training called early-bird tickets. Through early-bird tickets, we can achieve up to 88% reduction in floating-point operations (FLOPs) and 54% reduction in training time, making it possible to train large-scale generative models over tight resource constraints. These results out-perform existing early pruning methods like SNIP (Lee, Ajanthan, and Torr 2019) and GraSP(Wang, Zhang, and Grosse 2020). Our findings shed light towards existence of proper network initializations that could improve convergence and stability of generative models.",
    "paper_type": "method",
    "attri": {
        "background": "The lottery ticket hypothesis suggests that sparse, sub-networks of a given neural network, if initialized properly, can be trained to reach comparable or even better performance to that of the original network. Prior works in lottery tickets have primarily focused on the supervised learning setup, with several papers proposing effective ways of finding winning tickets in classification problems.",
        "problem": {
            "definition": "This paper aims to confirm the existence of winning tickets in deep generative models such as GANs and VAEs, which has not been extensively explored in prior research.",
            "key obstacle": "Existing methods for finding winning tickets have primarily been focused on supervised learning and classification tasks, leaving a gap in understanding their applicability in generative models."
        },
        "idea": {
            "intuition": "The idea stems from the observation that winning tickets can exist in generative models, similar to those found in supervised learning, and can be identified using established pruning techniques.",
            "opinion": "The proposed method leverages the iterative magnitude pruning approach with generative losses to effectively find winning tickets in deep generative models.",
            "innovation": "The primary innovation lies in applying the lottery ticket hypothesis to generative models, demonstrating that significant sparsity can be achieved while maintaining or improving performance."
        },
        "method": {
            "method name": "Iterative Magnitude Pruning with Generative Losses",
            "method abbreviation": "IMPG",
            "method definition": "A pruning technique that iteratively removes weights from a neural network based on their magnitudes while utilizing generative losses to identify winning tickets.",
            "method description": "This method finds winning tickets in deep generative models by applying a pruning strategy that maintains effective network performance.",
            "method steps": "1. Initialize the neural network. 2. Apply iterative magnitude pruning based on weight magnitudes. 3. Train with generative losses. 4. Identify winning tickets based on performance metrics.",
            "principle": "The method is effective due to the ability of winning tickets to retain important inductive biases that facilitate training across various generative models."
        },
        "experiments": {
            "evaluation setting": "Experiments were conducted on CIFAR and Celeb-A datasets, comparing the performance of the proposed method against existing early pruning methods like SNIP and GraSP.",
            "evaluation method": "Performance was assessed based on the sparsity achieved, reduction in floating-point operations (FLOPs), and training time, with metrics recorded to evaluate the effectiveness of the winning tickets."
        },
        "conclusion": "The results confirm the existence of winning tickets in deep generative models and demonstrate that the proposed method can significantly reduce resource consumption while maintaining performance, outperforming existing methods.",
        "discussion": {
            "advantage": "The key advantages include achieving high levels of sparsity (up to 99% for AutoEncoders) and substantial reductions in training resources, making it feasible to train large-scale generative models.",
            "limitation": "The method may face challenges in scenarios where the initial network configuration does not support effective ticket identification, potentially limiting its applicability.",
            "future work": "Future research could explore further refinements of the pruning technique, investigate its applicability to other architectures, and assess its performance in different generative tasks."
        },
        "other info": []
    },
    "mount_outline": [
        {
            "section number": "2.4",
            "key information": "The lottery ticket hypothesis suggests that sparse, sub-networks of a given neural network can be trained to reach comparable or even better performance to that of the original network."
        },
        {
            "section number": "2.5",
            "key information": "The proposed method leverages the iterative magnitude pruning approach with generative losses to effectively find winning tickets in deep generative models."
        },
        {
            "section number": "3.3",
            "key information": "The primary innovation lies in applying the lottery ticket hypothesis to generative models, demonstrating that significant sparsity can be achieved while maintaining or improving performance."
        },
        {
            "section number": "4.1",
            "key information": "Performance was assessed based on the sparsity achieved, reduction in floating-point operations (FLOPs), and training time."
        },
        {
            "section number": "5.2",
            "key information": "The results confirm the existence of winning tickets in deep generative models and demonstrate that the proposed method can significantly reduce resource consumption while maintaining performance."
        },
        {
            "section number": "6.2",
            "key information": "Future research could explore further refinements of the pruning technique, investigate its applicability to other architectures, and assess its performance in different generative tasks."
        }
    ],
    "similarity_score": null,
    "image": null,
    "path": "/home/liudingyuan/code/SurveyX/code/SurveyX-main/outputs/t14a/papers/Winning lottery tickets in deep generative models.json"
}