{
    "from": null,
    "scholar_id": null,
    "detail_id": null,
    "title": "X-pruner: explainable pruning for vision transformers",
    "abstract": "Recently vision transformer models have become prominent models for a range of tasks. These models, however, usually suffer from intensive computational costs and heavy memory requirements, making them impractical for deployment on edge platforms. Recent studies have proposed to prune transformers in an unexplainable manner, which overlook the relationship between internal units of the model and the target class, thereby leading to inferior performance. To alleviate this problem, we propose a novel explainable pruning framework dubbed X-Pruner, which is designed by considering the explainability of the pruning criterion. Specifically, to measure each prunable unit's contribution to predicting each target class, a novel explainability-aware mask is proposed and learned in an end-to-end manner. Then, to preserve the most informative units and learn the layer-wise pruning rate, we adaptively search the layer-wise threshold that differentiates between unpruned and pruned units based on their explainability-aware mask values. To verify and evaluate our method, we apply the X-Pruner on representative transformer models including the DeiT and Swin Transformer. Comprehensive simulation results demonstrate that the proposed X-Pruner outperforms the state-of-the-art black-box methods with significantly reduced computational costs and slight performance degradation. Code is available at https://github.com/vickyyu90/XPruner.",
    "arxivid": "2303.04935v2",
    "bib_name": "X-pruner:e81",
    "md_text": "# X-pruner: explainable pruning for vision transformers\n\n\nabstract\n\nRecently vision transformer models have become prominent models for a range of tasks. These models, however, usually suffer from intensive computational costs and heavy memory requirements, making them impractical for deployment on edge platforms. Recent studies have proposed to prune transformers in an unexplainable manner, which overlook the relationship between internal units of the model and the target class, thereby leading to inferior performance. To alleviate this problem, we propose a novel explainable pruning framework dubbed X-Pruner, which is designed by considering the explainability of the pruning criterion. Specifically, to measure each prunable unit's contribution to predicting each target class, a novel explainability-aware mask is proposed and learned in an end-to-end manner. Then, to preserve the most informative units and learn the layer-wise pruning rate, we adaptively search the layer-wise threshold that differentiates between unpruned and pruned units based on their explainability-aware mask values. To verify and evaluate our method, we apply the X-Pruner on representative transformer models including the DeiT and Swin Transformer. Comprehensive simulation results demonstrate that the proposed X-Pruner outperforms the state-of-the-art black-box methods with significantly reduced computational costs and slight performance degradation. Code is available at https://github.com/vickyyu90/XPruner.",
    "paper_type": "method",
    "attri": {
        "background": "This paper addresses the issue of intensive computational costs and heavy memory requirements associated with vision transformer models, which hinder their deployment on edge platforms. Previous methods of pruning transformers lack explainability, leading to inferior performance.",
        "problem": {
            "definition": "The problem is the inefficient pruning of vision transformer models that fails to consider the relationship between internal units and target classes, resulting in suboptimal performance.",
            "key obstacle": "The core obstacle is the lack of an explainable pruning criterion that effectively preserves the most informative units necessary for accurate predictions."
        },
        "idea": {
            "intuition": "The idea is inspired by the need for an explainable approach to pruning that considers the contribution of each unit to the target class predictions.",
            "opinion": "The proposed idea, X-Pruner, involves learning an explainability-aware mask to guide the pruning process, ensuring that the most relevant units are retained.",
            "innovation": "The primary innovation of X-Pruner lies in its explainability-aware mask that differentiates between pruned and unpruned units based on their contributions to the target class."
        },
        "method": {
            "method name": "X-Pruner",
            "method abbreviation": "XP",
            "method definition": "X-Pruner is a pruning framework that integrates explainability into the pruning criteria by measuring the contribution of each prunable unit to class predictions.",
            "method description": "X-Pruner adaptively searches for layer-wise thresholds to determine which units to prune based on an explainability-aware mask.",
            "method steps": "1. Learn an explainability-aware mask for each unit; 2. Determine layer-wise thresholds for pruning based on the mask values; 3. Apply pruning to the transformer models.",
            "principle": "The method is effective because it retains units that are crucial for accurate predictions while reducing computational costs through informed pruning."
        },
        "experiments": {
            "evaluation setting": "The X-Pruner was applied to representative transformer models, including the DeiT and Swin Transformer, and compared against state-of-the-art black-box methods.",
            "evaluation method": "Performance was measured through comprehensive simulations that analyzed computational costs and accuracy degradation."
        },
        "conclusion": "The experiments demonstrate that X-Pruner significantly reduces computational costs while maintaining performance, outperforming existing black-box pruning methods.",
        "discussion": {
            "advantage": "The key advantage of X-Pruner is its explainability, which leads to better retention of important units and improved performance compared to non-explainable methods.",
            "limitation": "A limitation of the method may include potential challenges in the learning process of the explainability-aware mask, which could affect pruning decisions.",
            "future work": "Future research could explore refining the mask learning process and applying X-Pruner to other model architectures or tasks."
        },
        "other info": {}
    },
    "mount_outline": [
        {
            "section number": "1.1",
            "key information": "The paper addresses the issue of intensive computational costs and heavy memory requirements associated with vision transformer models, highlighting the significance of pruning in improving model efficiency."
        },
        {
            "section number": "2.2",
            "key information": "X-Pruner is a pruning framework that integrates explainability into the pruning criteria by measuring the contribution of each prunable unit to class predictions, detailing a novel model compression technique."
        },
        {
            "section number": "3.1",
            "key information": "The paper discusses structured vs. unstructured pruning through the lens of X-Pruner, which focuses on retaining units crucial for accurate predictions."
        },
        {
            "section number": "4.1",
            "key information": "Performance was measured through comprehensive simulations that analyzed computational costs and accuracy degradation, providing effectiveness metrics for X-Pruner."
        },
        {
            "section number": "5.2",
            "key information": "The experiments demonstrate that X-Pruner significantly reduces computational costs while maintaining performance, addressing the impact on resource utilization post-pruning."
        },
        {
            "section number": "6.1",
            "key information": "The proposed idea of X-Pruner guides on choosing suitable pruning methods based on the explainability-aware mask that considers the contribution of each unit to target class predictions."
        },
        {
            "section number": "6.2",
            "key information": "Future research could explore refining the mask learning process and applying X-Pruner to other model architectures or tasks, identifying promising areas for further research."
        }
    ],
    "similarity_score": null,
    "image": null,
    "path": "/home/liudingyuan/code/SurveyX/code/SurveyX-main/outputs/t14a/papers/X-pruner_ explainable pruning for vision transformers.json"
}