{
    "generate outline": {
        "start": "2025-12-28 23:23:23",
        "end": "2025-12-28 23:28:11",
        "duration": 288.98
    },
    "generate content": {
        "start": "2025-12-28 23:28:11",
        "end": "2025-12-28 23:48:10",
        "duration": 1199.35
    },
    "generate tabel": {
        "start": "2025-12-28 23:53:10",
        "end": "2025-12-28 23:55:51",
        "duration": 161.49
    },
    "post refine": {
        "start": "2025-12-28 23:48:21",
        "end": "2025-12-28 23:55:51",
        "duration": 450.49
    },
    "compile latex": {
        "start": "2025-12-28 23:55:51",
        "end": "2025-12-28 23:55:56",
        "duration": 5.67
    }
}