{
    "from": null,
    "scholar_id": null,
    "detail_id": null,
    "title": "A length-extrapolatable transformer",
    "abstract": "Position modeling plays a critical role in Transformers. In this paper, we focus on length extrapolation, i.e., training on short texts while evaluating longer sequences. We define attention resolution as an indicator of extrapolation. Then we propose two designs to improve the above metric of Transformers. Specifically, we introduce a relative position embedding to explicitly maximize attention resolution. Moreover, we use blockwise causal attention during inference for better resolution. We evaluate different Transformer variants with language modeling. Experimental results show that our model achieves strong performance in both interpolation and extrapolation settings. The code will be available at https://aka.ms/LeX-Transformer.",
    "arxivid": "2212.10554v1",
    "bib_name": "Alength-ex179",
    "md_text": "# A length-extrapolatable transformer\n\n\nabstract\n\nPosition modeling plays a critical role in Transformers. In this paper, we focus on length extrapolation, i.e., training on short texts while evaluating longer sequences. We define attention resolution as an indicator of extrapolation. Then we propose two designs to improve the above metric of Transformers. Specifically, we introduce a relative position embedding to explicitly maximize attention resolution. Moreover, we use blockwise causal attention during inference for better resolution. We evaluate different Transformer variants with language modeling. Experimental results show that our model achieves strong performance in both interpolation and extrapolation settings. The code will be available at https://aka.ms/LeX-Transformer.",
    "paper_type": "method",
    "attri": {
        "background": "This paper addresses the issue of length extrapolation in Transformers, focusing on the need for improved position modeling when training on short texts and evaluating on longer sequences, highlighting the limitations of existing methods in achieving effective extrapolation.",
        "problem": {
            "definition": "The problem is the inability of current Transformer models to effectively extrapolate performance from short training sequences to longer evaluation sequences, which limits their applicability in real-world scenarios.",
            "key obstacle": "The main difficulty lies in the lack of effective attention resolution mechanisms, which are crucial for enabling models to generalize their learned representations to longer contexts."
        },
        "idea": {
            "intuition": "The idea is inspired by the observation that existing Transformers struggle with length extrapolation due to inadequate position modeling, prompting the need for enhanced attention mechanisms.",
            "opinion": "The proposed idea involves introducing a relative position embedding and employing blockwise causal attention during inference to improve attention resolution in Transformers.",
            "innovation": "The key innovation of this method is the combination of relative position embeddings and blockwise causal attention, which together enhance the model's ability to extrapolate effectively from short to long sequences."
        },
        "method": {
            "method name": "Length-Extrapolatable Transformer",
            "method abbreviation": "LeX-Transformer",
            "method definition": "The LeX-Transformer is a novel architecture designed to improve attention resolution for length extrapolation in Transformers by utilizing relative position embeddings and blockwise causal attention.",
            "method description": "This method focuses on enhancing the extrapolation capabilities of Transformers by refining their position modeling techniques.",
            "principle": "The method is effective because it allows the model to better capture positional relationships in longer sequences, facilitating improved generalization from short to long contexts."
        },
        "experiments": {
            "evaluation setting": "The experiments were conducted using various Transformer variants evaluated on language modeling tasks, comparing their performance in both interpolation and extrapolation settings.",
            "evaluation method": "Performance was assessed by measuring the models' ability to accurately predict sequences of varying lengths, with a focus on their extrapolation capabilities."
        },
        "conclusion": "The experimental results demonstrate that the LeX-Transformer achieves strong performance in both interpolation and extrapolation scenarios, validating the effectiveness of the proposed enhancements to position modeling.",
        "discussion": {
            "advantage": "The primary advantage of the LeX-Transformer is its improved ability to handle longer sequences based on training data from shorter sequences, outperforming traditional models in extrapolation tasks.",
            "limitation": "A limitation of the method may be its dependence on the quality of the training data, as poor training data could still hinder extrapolation performance.",
            "future work": "Future research could explore further enhancements to the attention mechanisms and investigate their applicability across different types of sequence modeling tasks."
        },
        "other info": []
    },
    "mount_outline": [
        {
            "section number": "3.1",
            "key information": "The LeX-Transformer is a novel architecture designed to improve attention resolution for length extrapolation in Transformers by utilizing relative position embeddings and blockwise causal attention."
        },
        {
            "section number": "3.2",
            "key information": "The key innovation of the LeX-Transformer is the combination of relative position embeddings and blockwise causal attention, which together enhance the model's ability to extrapolate effectively from short to long sequences."
        },
        {
            "section number": "2.3",
            "key information": "The problem is the inability of current Transformer models to effectively extrapolate performance from short training sequences to longer evaluation sequences, which limits their applicability in real-world scenarios."
        },
        {
            "section number": "4.1",
            "key information": "The method focuses on enhancing the extrapolation capabilities of Transformers by refining their position modeling techniques."
        },
        {
            "section number": "7.2",
            "key information": "A limitation of the method may be its dependence on the quality of the training data, as poor training data could still hinder extrapolation performance."
        }
    ],
    "similarity_score": null,
    "image": null,
    "path": "/home/liudingyuan/code/SurveyX/code/SurveyX-main/outputs/t1b/papers/A length-extrapolatable transformer.json"
}