{
    "from": null,
    "scholar_id": null,
    "detail_id": null,
    "title": "A pretrainer's guide to training data: Measuring the effects of data age, domain coverage, quality, & toxicity",
    "abstract": "Pretraining data design is critically under-documented and often guided by empirically unsupported intuitions. We pretrain models on data curated (1) at different collection times, (2) with varying toxicity and quality filters, and (3) with different domain compositions. First, we find that temporal shift between evaluation data and pretraining data leads to performance degradation, which is not overcome by finetuning. Second, we measure the effect of quality and toxicity filters, showing a trade-off between performance on standard benchmarks and risk of toxic generations. We also find that the effects of different types of filtering are not predictable from text domain characteristics. Third, we empirically validate that heterogeneous data sources, like books and web, are beneficial and warrant greater prioritization. To date, these experiments constitute the single largest publicly documented empirical study of the effects of pretraining data. Spanning 28 unique 1.5 billion parameter models pretrained from scratch, these findings validate, quantify, and expose many undocumented intuitions about text pretraining, which ultimately support more informed data-centric decisions in model development.",
    "arxivid": "2305.13169v2",
    "bib_name": "Apretraine123",
    "md_text": "# A pretrainer's guide to training data: Measuring the effects of data age, domain coverage, quality, & toxicity\n\n\nabstract\n\nPretraining data design is critically under-documented and often guided by empirically unsupported intuitions. We pretrain models on data curated (1) at different collection times, (2) with varying toxicity and quality filters, and (3) with different domain compositions. First, we find that temporal shift between evaluation data and pretraining data leads to performance degradation, which is not overcome by finetuning. Second, we measure the effect of quality and toxicity filters, showing a trade-off between performance on standard benchmarks and risk of toxic generations. We also find that the effects of different types of filtering are not predictable from text domain characteristics. Third, we empirically validate that heterogeneous data sources, like books and web, are beneficial and warrant greater prioritization. To date, these experiments constitute the single largest publicly documented empirical study of the effects of pretraining data. Spanning 28 unique 1.5 billion parameter models pretrained from scratch, these findings validate, quantify, and expose many undocumented intuitions about text pretraining, which ultimately support more informed data-centric decisions in model development.",
    "paper_type": "benchmark",
    "attri": {
        "background": "Pretraining data design is critically under-documented and often guided by empirically unsupported intuitions.",
        "problem": {
            "definition": "The benchmark addresses the performance degradation caused by temporal shifts between evaluation data and pretraining data.",
            "key obstacle": "Existing benchmarks do not adequately account for the effects of data age, domain coverage, quality, and toxicity."
        },
        "idea": {
            "intuition": "The creation of the benchmark was inspired by the need to empirically validate the effects of different pretraining data characteristics.",
            "opinion": "The authors believe that understanding pretraining data characteristics is crucial for improving model performance.",
            "innovation": "This benchmark differs from previous ones by documenting the effects of data age, quality, and toxicity in a comprehensive manner.",
            "benchmark abbreviation": "PDTB"
        },
        "dataset": {
            "source": "The dataset was curated from various sources, including books and web content.",
            "desc": "The dataset comprises heterogeneous data sources, which are beneficial for pretraining models.",
            "content": "The types of data included are text from books and web sources.",
            "size": "1,500,000,000",
            "domain": "Text Pretraining",
            "task format": "Model Pretraining"
        },
        "metrics": {
            "metric name": "Performance Degradation, Toxicity Risk",
            "aspect": "Model performance and generation safety.",
            "principle": "Metrics were selected based on their ability to quantify the trade-offs between performance and toxicity.",
            "procedure": "Models were pretrained on datasets with varying characteristics and evaluated on standard benchmarks."
        },
        "experiments": {
            "model": "28 unique 1.5 billion parameter models pretrained from scratch.",
            "procedure": "Models were pretrained using data collected at different times and filtered for quality and toxicity.",
            "result": "The experiments showed significant performance degradation due to temporal shifts, which was not overcome by finetuning.",
            "variability": "Variability was accounted for by using a large number of models and diverse data sources."
        },
        "conclusion": "The findings validate and quantify many undocumented intuitions about text pretraining, supporting more informed data-centric decisions in model development.",
        "discussion": {
            "advantage": "The benchmark provides a comprehensive understanding of how pretraining data characteristics impact model performance.",
            "limitation": "Potential limitations include the generalizability of the findings across different model architectures.",
            "future work": "Future research should explore the effects of additional data characteristics and their interactions."
        },
        "other info": {}
    },
    "mount_outline": [
        {
            "section number": "2.1",
            "key information": "Large language models rely on pretraining data characteristics, including data age, quality, and toxicity, which are critical for model performance."
        },
        {
            "section number": "2.3",
            "key information": "Existing benchmarks do not adequately account for the effects of data age, domain coverage, quality, and toxicity, which traditional models often overlook."
        },
        {
            "section number": "3.1",
            "key information": "The benchmark was inspired by the need to empirically validate the effects of different pretraining data characteristics on model performance."
        },
        {
            "section number": "3.4",
            "key information": "Experiments showed significant performance degradation due to temporal shifts between evaluation data and pretraining data, which traditional models fail to address."
        },
        {
            "section number": "7.2",
            "key information": "Challenges related to computational resources and efficiency are highlighted by the need for extensive datasets, such as the 1.5 billion parameter models used in the experiments."
        },
        {
            "section number": "8",
            "key information": "The findings validate and quantify many undocumented intuitions about text pretraining, supporting more informed data-centric decisions in model development."
        }
    ],
    "similarity_score": null,
    "image": null,
    "path": "/home/liudingyuan/code/SurveyX/code/SurveyX-main/outputs/t1b/papers/A pretrainer's guide to training data_ Measuring the effects of data age, domain coverage, quality, & toxicity.json"
}