{
    "from": null,
    "scholar_id": null,
    "detail_id": null,
    "title": "A simple method for commonsense reasoning",
    "abstract": "Commonsense reasoning is a long-standing challenge for deep learning. For example, it is difficult to use neural networks to tackle the Winograd Schema dataset (Levesque et al., 2011). In this paper, we present a simple method for commonsense reasoning with neural networks, using unsupervised learning. Key to our method is the use of language models, trained on a massive amount of unlabled data, to score multiple choice questions posed by commonsense reasoning tests. On both Pronoun Disambiguation and Winograd Schema challenges, our models outperform previous state-of-the-art methods by a large margin, without using expensive annotated knowledge bases or hand-engineered features. We train an array of large RNN language models that operate at word or character level on LM-1-Billion, CommonCrawl, SQuAD, Gutenberg Books, and a customized corpus for this task and show that diversity of training data plays an important role in test performance. Further analysis also shows that our system successfully discovers important features of the context that decide the correct answer, indicating a good grasp of commonsense knowledge.",
    "arxivid": "1806.02847v2",
    "bib_name": "Asimplemet87",
    "md_text": "# A simple method for commonsense reasoning\n\n\nabstract\n\nCommonsense reasoning is a long-standing challenge for deep learning. For example, it is difficult to use neural networks to tackle the Winograd Schema dataset (Levesque et al., 2011). In this paper, we present a simple method for commonsense reasoning with neural networks, using unsupervised learning. Key to our method is the use of language models, trained on a massive amount of unlabled data, to score multiple choice questions posed by commonsense reasoning tests. On both Pronoun Disambiguation and Winograd Schema challenges, our models outperform previous state-of-the-art methods by a large margin, without using expensive annotated knowledge bases or hand-engineered features. We train an array of large RNN language models that operate at word or character level on LM-1-Billion, CommonCrawl, SQuAD, Gutenberg Books, and a customized corpus for this task and show that diversity of training data plays an important role in test performance. Further analysis also shows that our system successfully discovers important features of the context that decide the correct answer, indicating a good grasp of commonsense knowledge.",
    "paper_type": "method",
    "attri": {
        "background": "Commonsense reasoning is a long-standing challenge for deep learning, particularly in applying neural networks to datasets like the Winograd Schema. Previous methods have struggled, highlighting the need for a breakthrough approach.",
        "problem": {
            "definition": "The problem revolves around effectively utilizing neural networks for commonsense reasoning tasks, specifically in understanding and resolving ambiguities in language.",
            "key obstacle": "The main challenge is the reliance on expensive annotated knowledge bases and hand-engineered features, which limits the effectiveness of existing methods."
        },
        "idea": {
            "intuition": "The idea was inspired by the potential of language models trained on vast amounts of unlabeled data to enhance commonsense reasoning capabilities.",
            "opinion": "The proposed method involves using these language models to score multiple-choice questions in commonsense reasoning tests, providing a more efficient approach.",
            "innovation": "The primary innovation is the ability to outperform state-of-the-art methods without the need for costly annotated resources, relying instead on unsupervised learning and diverse training data."
        },
        "method": {
            "method name": "Unsupervised Commonsense Reasoning Method",
            "method abbreviation": "UCRM",
            "method definition": "A method that leverages language models trained on extensive unlabeled datasets to evaluate and score commonsense reasoning questions.",
            "method description": "The method uses RNN language models to assess multiple-choice questions posed in commonsense reasoning tests.",
            "method steps": [
                "Train RNN language models on diverse datasets.",
                "Pose multiple-choice questions from commonsense reasoning tests.",
                "Use the trained models to score the questions based on context."
            ],
            "principle": "The effectiveness lies in the language models' ability to capture and understand contextual nuances, which are crucial for determining correct answers."
        },
        "experiments": {
            "evaluation setting": "The experiments were conducted using datasets such as LM-1-Billion, CommonCrawl, SQuAD, and Gutenberg Books, focusing on the Pronoun Disambiguation and Winograd Schema challenges.",
            "evaluation method": "Performance was assessed by comparing the models' scores on the commonsense reasoning tasks against previous state-of-the-art methods."
        },
        "conclusion": "The results indicate that the proposed method significantly outperforms existing approaches, demonstrating the potential of unsupervised learning in commonsense reasoning tasks.",
        "discussion": {
            "advantage": "Key advantages include the elimination of the need for annotated knowledge bases and the ability to leverage large amounts of unlabeled data, resulting in improved performance.",
            "limitation": "A potential limitation is the reliance on the quality and diversity of the training data, which may affect the generalization of the model.",
            "future work": "Future research could explore enhancing the model's capabilities by integrating additional contextual features or experimenting with different architectures."
        },
        "other info": []
    },
    "mount_outline": [
        {
            "section number": "1.1",
            "key information": "Commonsense reasoning is a long-standing challenge for deep learning, particularly in applying neural networks to datasets like the Winograd Schema."
        },
        {
            "section number": "1.2",
            "key information": "The purpose of the survey is to highlight the advancements in utilizing language models for commonsense reasoning tasks."
        },
        {
            "section number": "3.1",
            "key information": "The proposed method involves using language models trained on vast amounts of unlabeled data to enhance commonsense reasoning capabilities."
        },
        {
            "section number": "3.3",
            "key information": "The Unsupervised Commonsense Reasoning Method (UCRM) leverages language models trained on extensive unlabeled datasets to evaluate and score commonsense reasoning questions."
        },
        {
            "section number": "3.4",
            "key information": "The effectiveness of the method lies in the language models' ability to capture and understand contextual nuances, which are crucial for determining correct answers."
        },
        {
            "section number": "7.2",
            "key information": "A potential limitation is the reliance on the quality and diversity of the training data, which may affect the generalization of the model."
        },
        {
            "section number": "8",
            "key information": "The results indicate that the proposed method significantly outperforms existing approaches, demonstrating the potential of unsupervised learning in commonsense reasoning tasks."
        }
    ],
    "similarity_score": null,
    "image": null,
    "path": "/home/liudingyuan/code/SurveyX/code/SurveyX-main/outputs/t1b/papers/A simple method for commonsense reasoning.json"
}