{
    "from": null,
    "scholar_id": null,
    "detail_id": null,
    "title": "A survey of deep learning for mathematical reasoning",
    "abstract": "Mathematical reasoning is a fundamental aspect of human intelligence and is applicable in various fields, including science, engineering, finance, and everyday life. The development of artificial intelligence (AI) systems capable of solving math problems and proving theorems in language has garnered significant interest in the fields of machine learning and natural language processing. For example, mathematics serves as a testbed for aspects of reasoning that are challenging for powerful deep learning models, driving new algorithmic and modeling advances. On the other hand, recent advances in large-scale neural language models have opened up new benchmarks and opportunities to use deep learning for mathematical reasoning. In this survey paper, we review the key tasks, datasets, and methods at the intersection of mathematical reasoning and deep learning over the past decade. We also evaluate existing benchmarks and methods, and discuss future research directions in this domain.",
    "arxivid": "2212.10535v2",
    "bib_name": "Asurveyofd27",
    "md_text": "# A survey of deep learning for mathematical reasoning\n\n\nabstract\n\nMathematical reasoning is a fundamental aspect of human intelligence and is applicable in various fields, including science, engineering, finance, and everyday life. The development of artificial intelligence (AI) systems capable of solving math problems and proving theorems in language has garnered significant interest in the fields of machine learning and natural language processing. For example, mathematics serves as a testbed for aspects of reasoning that are challenging for powerful deep learning models, driving new algorithmic and modeling advances. On the other hand, recent advances in large-scale neural language models have opened up new benchmarks and opportunities to use deep learning for mathematical reasoning. In this survey paper, we review the key tasks, datasets, and methods at the intersection of mathematical reasoning and deep learning over the past decade. We also evaluate existing benchmarks and methods, and discuss future research directions in this domain.",
    "paper_type": "survey",
    "attri": {
        "background": {
            "purpose": "This survey aims to address the increasing interest in developing AI systems that can solve mathematical problems and prove theorems, thereby filling the knowledge gap in the intersection of deep learning and mathematical reasoning.",
            "scope": "The survey covers key tasks, datasets, and methods related to mathematical reasoning and deep learning, while excluding unrelated areas of AI that do not focus on mathematical applications."
        },
        "problem": {
            "definition": "The core issue explored in this survey is how deep learning can be effectively utilized for mathematical reasoning tasks, such as solving math problems and theorem proving.",
            "key obstacle": "The primary challenges include the limitations of current deep learning models in handling complex mathematical reasoning tasks and the lack of extensive benchmarks for evaluating their performance."
        },
        "architecture": {
            "perspective": "The survey introduces a framework for categorizing existing research into tasks related to mathematical reasoning, emphasizing the interplay between deep learning techniques and mathematical problem-solving.",
            "stages": "The survey organizes current methods into stages based on their application to different types of mathematical reasoning tasks, such as symbolic reasoning, numerical problem-solving, and theorem proving."
        },
        "conclusion": {
            "comparisions": "The survey compares various research studies and methods, highlighting differences in effectiveness, approaches, and outcomes in tackling mathematical reasoning challenges.",
            "results": "Key takeaways include the recognition of deep learning's potential in mathematical reasoning, the identification of effective strategies, and the need for improved benchmarks for assessing progress in this area."
        },
        "discussion": {
            "advantage": "Strengths of existing research include advancements in algorithmic approaches and the successful application of deep learning models to specific mathematical reasoning tasks.",
            "limitation": "Current studies often fall short in generalizability and robustness, with many models being tested only on limited datasets.",
            "gaps": "Unanswered questions include the scalability of current methods and the exploration of more complex mathematical reasoning scenarios.",
            "future work": "Emerging trends suggest a focus on developing more comprehensive benchmarks and enhancing model capabilities to address complex mathematical reasoning tasks."
        },
        "other info": {
            "additional notes": "This survey also discusses the implications of recent advances in large-scale neural language models for future research in mathematical reasoning."
        }
    },
    "mount_outline": [
        {
            "section number": "1.1",
            "key information": "The survey aims to address the increasing interest in developing AI systems that can solve mathematical problems and prove theorems, thereby filling the knowledge gap in the intersection of deep learning and mathematical reasoning."
        },
        {
            "section number": "2.1",
            "key information": "The core issue explored in this survey is how deep learning can be effectively utilized for mathematical reasoning tasks, such as solving math problems and theorem proving."
        },
        {
            "section number": "2.2",
            "key information": "The survey covers key tasks, datasets, and methods related to mathematical reasoning and deep learning, while excluding unrelated areas of AI that do not focus on mathematical applications."
        },
        {
            "section number": "3.1",
            "key information": "The survey introduces a framework for categorizing existing research into tasks related to mathematical reasoning, emphasizing the interplay between deep learning techniques and mathematical problem-solving."
        },
        {
            "section number": "7.1",
            "key information": "Current studies often fall short in generalizability and robustness, with many models being tested only on limited datasets."
        },
        {
            "section number": "7.4",
            "key information": "Emerging trends suggest a focus on developing more comprehensive benchmarks and enhancing model capabilities to address complex mathematical reasoning tasks."
        }
    ],
    "similarity_score": null,
    "image": null,
    "path": "/home/liudingyuan/code/SurveyX/code/SurveyX-main/outputs/t1b/papers/A survey of deep learning for mathematical reasoning.json"
}