{
    "from": null,
    "scholar_id": null,
    "detail_id": null,
    "title": "Adafactor: Adaptive learning rates with sublinear memory cost",
    "abstract": "In several recently proposed stochastic optimization methods (e.g. RMSProp, Adam, Adadelta), parameter updates are scaled by the inverse square roots of exponential moving averages of squared past gradients. Maintaining these per-parameter second-moment estimators requires memory equal to the number of parameters. For the case of neural network weight matrices, we propose maintaining only the per-row and per-column sums of these moving averages, and estimating the per-parameter second moments based on these sums. We demonstrate empirically that this method produces similar results to the baseline. Secondly, we show that adaptive methods can produce larger-than-desired updates when the decay rate of the second moment accumulator is too slow. We propose update clipping and a gradually increasing decay rate scheme as remedies. Combining these methods and dropping momentum, we achieve comparable results to the published Adam regime in training the Transformer model on the WMT 2014 English-German machine translation task, while using very little auxiliary storage in the optimizer. Finally, we propose scaling the parameter updates based on the scale of the parameters themselves.",
    "arxivid": "1804.04235v1",
    "bib_name": "Adafactor:197",
    "md_text": "# Adafactor: Adaptive learning rates with sublinear memory cost\n\n\nabstract\n\nIn several recently proposed stochastic optimization methods (e.g. RMSProp, Adam, Adadelta), parameter updates are scaled by the inverse square roots of exponential moving averages of squared past gradients. Maintaining these per-parameter second-moment estimators requires memory equal to the number of parameters. For the case of neural network weight matrices, we propose maintaining only the per-row and per-column sums of these moving averages, and estimating the per-parameter second moments based on these sums. We demonstrate empirically that this method produces similar results to the baseline. Secondly, we show that adaptive methods can produce larger-than-desired updates when the decay rate of the second moment accumulator is too slow. We propose update clipping and a gradually increasing decay rate scheme as remedies. Combining these methods and dropping momentum, we achieve comparable results to the published Adam regime in training the Transformer model on the WMT 2014 English-German machine translation task, while using very little auxiliary storage in the optimizer. Finally, we propose scaling the parameter updates based on the scale of the parameters themselves.",
    "paper_type": "method",
    "attri": {
        "background": "This paper addresses the issue of high memory costs associated with maintaining per-parameter second-moment estimators in stochastic optimization methods such as RMSProp, Adam, and Adadelta. Previous methods require memory equal to the number of parameters, which can be a significant limitation, especially in large neural networks.",
        "problem": {
            "definition": "The problem defined in this paper is the excessive memory usage required to maintain second-moment estimators for each parameter in stochastic optimization methods.",
            "key obstacle": "The core obstacle is that existing methods necessitate memory proportional to the number of parameters, making them impractical for large models."
        },
        "idea": {
            "intuition": "The intuition behind the proposed idea is to reduce memory usage by maintaining only the per-row and per-column sums of moving averages, rather than full per-parameter estimators.",
            "opinion": "The proposed idea involves estimating per-parameter second moments based on these row and column sums, which allows for a significant reduction in memory requirements.",
            "innovation": "The primary innovation of this method lies in its ability to maintain comparable optimization performance to existing methods while drastically reducing memory usage."
        },
        "method": {
            "method name": "Adafactor",
            "method abbreviation": "AF",
            "method definition": "Adafactor is a stochastic optimization method that maintains per-row and per-column sums of moving averages for second moments, allowing for efficient memory usage.",
            "method description": "The core of Adafactor involves using row and column sums to estimate second moments, enabling adaptive learning rates with reduced memory cost.",
            "method steps": "1. Maintain per-row and per-column sums of moving averages. 2. Estimate per-parameter second moments based on these sums. 3. Apply update clipping and gradually increase decay rates. 4. Scale parameter updates based on the scale of the parameters.",
            "principle": "This method is effective because it reduces memory requirements while still allowing for adaptive learning rates, thereby maintaining optimization performance."
        },
        "experiments": {
            "evaluation setting": "The experiments were conducted on the Transformer model using the WMT 2014 English-German machine translation task, comparing results with the Adam optimizer.",
            "evaluation method": "Performance was assessed by measuring the effectiveness of parameter updates and the overall training results against the baseline methods."
        },
        "conclusion": "The experiments demonstrate that Adafactor achieves comparable results to the Adam optimizer while using significantly less memory, thus offering a practical solution for optimizing large neural networks.",
        "discussion": {
            "advantage": "The key advantage of Adafactor is its ability to maintain effective optimization performance with a drastically reduced memory footprint compared to traditional methods.",
            "limitation": "One limitation of the method is that it may not perform as well in scenarios where the decay rate of the second moment accumulator is not appropriately adjusted.",
            "future work": "Future work could focus on further refining the decay rate scheme and exploring additional optimizations to enhance performance in various contexts."
        },
        "other info": []
    },
    "mount_outline": [
        {
            "section number": "3.1",
            "key information": "The proposed method, Adafactor, reduces memory usage by maintaining only the per-row and per-column sums of moving averages, rather than full per-parameter estimators."
        },
        {
            "section number": "3.4",
            "key information": "Adafactor achieves comparable results to the Adam optimizer while using significantly less memory, thus offering a practical solution for optimizing large neural networks."
        },
        {
            "section number": "4.1",
            "key information": "The experiments were conducted on the Transformer model using the WMT 2014 English-German machine translation task, comparing results with the Adam optimizer."
        },
        {
            "section number": "7.2",
            "key information": "The core obstacle identified is that existing stochastic optimization methods necessitate memory proportional to the number of parameters, making them impractical for large models."
        },
        {
            "section number": "7.4",
            "key information": "One limitation of the Adafactor method is that it may not perform as well in scenarios where the decay rate of the second moment accumulator is not appropriately adjusted."
        }
    ],
    "similarity_score": null,
    "image": null,
    "path": "/home/liudingyuan/code/SurveyX/code/SurveyX-main/outputs/t1b/papers/Adafactor_ Adaptive learning rates with sublinear memory cost.json"
}