{
    "from": null,
    "scholar_id": null,
    "detail_id": null,
    "title": "An efficient 2d method for training super-large deep learning models",
    "abstract": "Huge neural network models have shown unprecedented performance in real-world applications. However, due to memory constraints, model parallelism must be utilized to host large models that would otherwise not fit into the memory of a single device. Previous methods like Megatron partition the parameters of the entire model among multiple devices, while each device has to accommodate the redundant activations in forward and backward pass. In this work, we propose Optimus, a highly efficient and scalable 2D-partition paradigm of model parallelism that would facilitate the training of infinitely large language models. In Optimus, activations are partitioned and distributed among devices, further reducing redundancy. In terms of isoefficiency, Optimus significantly outperforms Megatron. On 64 GPUs of TACC Frontera, Optimus achieves 1.48X speedup for training, 1.78X speedup for inference, and 8X increase in maximum batch size over Megatron. Optimus surpasses Megatron in scaling efficiency by a great margin. The code is available at https://github.com/xuqifan897/Optimus.",
    "arxivid": "2104.05343v1",
    "bib_name": "Anefficien199",
    "md_text": "# An efficient 2d method for training super-large deep learning models\n\n\nabstract\n\nHuge neural network models have shown unprecedented performance in real-world applications. However, due to memory constraints, model parallelism must be utilized to host large models that would otherwise not fit into the memory of a single device. Previous methods like Megatron partition the parameters of the entire model among multiple devices, while each device has to accommodate the redundant activations in forward and backward pass. In this work, we propose Optimus, a highly efficient and scalable 2D-partition paradigm of model parallelism that would facilitate the training of infinitely large language models. In Optimus, activations are partitioned and distributed among devices, further reducing redundancy. In terms of isoefficiency, Optimus significantly outperforms Megatron. On 64 GPUs of TACC Frontera, Optimus achieves 1.48X speedup for training, 1.78X speedup for inference, and 8X increase in maximum batch size over Megatron. Optimus surpasses Megatron in scaling efficiency by a great margin. The code is available at https://github.com/xuqifan897/Optimus.",
    "paper_type": "method",
    "attri": {
        "background": "This paper addresses the issue of efficiently training super-large deep learning models that cannot fit into the memory of a single device due to their size. Previous methods, such as Megatron, have utilized model parallelism by partitioning model parameters across multiple devices, but they still encounter challenges due to redundant activations during the forward and backward passes.",
        "problem": {
            "definition": "The problem is the inability to train very large neural network models on a single device due to memory limitations, necessitating the use of model parallelism.",
            "key obstacle": "The main difficulty lies in the redundancy of activations that must be accommodated by each device during training, which limits the efficiency of existing methods."
        },
        "idea": {
            "intuition": "The idea was inspired by the need to reduce redundancy in activations during model training, which is a significant bottleneck in current approaches.",
            "opinion": "The proposed idea, Optimus, is a 2D-partition paradigm of model parallelism that distributes activations among devices, thereby minimizing redundancy and improving efficiency.",
            "innovation": "Optimus innovates by partitioning not just model parameters but also activations, leading to significant improvements in training speed and scaling efficiency compared to existing methods like Megatron."
        },
        "method": {
            "method name": "Optimus",
            "method abbreviation": "O",
            "method definition": "Optimus is a model parallelism technique that partitions both model parameters and activations across multiple devices to enhance training efficiency for large neural networks.",
            "method description": "The core of the method involves distributing both parameters and activations in a 2D fashion across devices, significantly reducing memory overhead.",
            "principle": "The effectiveness of Optimus lies in its ability to minimize redundant activations, allowing for more efficient use of memory and computational resources during training."
        },
        "experiments": {
            "evaluation setting": "The experiments were conducted on 64 GPUs of TACC Frontera, comparing Optimus with the baseline method Megatron.",
            "evaluation method": "Performance was assessed based on training speed, inference speed, and maximum batch size, with metrics indicating speedup and scaling efficiency."
        },
        "conclusion": "Optimus demonstrates significant improvements over Megatron, achieving 1.48X speedup for training, 1.78X speedup for inference, and an 8X increase in maximum batch size, showcasing its effectiveness in training super-large models.",
        "discussion": {
            "advantage": "The key advantages of Optimus include reduced memory usage due to minimized activation redundancy and enhanced scaling efficiency compared to traditional methods.",
            "limitation": "One limitation may be the complexity of implementation and the need for careful management of device resources during partitioning.",
            "future work": "Future research could explore further optimizations in activation partitioning and the application of Optimus in different types of neural network architectures."
        },
        "other info": {
            "repository": "The code is available at https://github.com/xuqifan897/Optimus."
        }
    },
    "mount_outline": [
        {
            "section number": "3.1",
            "key information": "Optimus is a model parallelism technique that partitions both model parameters and activations across multiple devices to enhance training efficiency for large neural networks."
        },
        {
            "section number": "3.4",
            "key information": "The effectiveness of Optimus lies in its ability to minimize redundant activations, allowing for more efficient use of memory and computational resources during training."
        },
        {
            "section number": "3.5",
            "key information": "Optimus demonstrates significant improvements over Megatron, achieving 1.48X speedup for training, 1.78X speedup for inference, and an 8X increase in maximum batch size."
        },
        {
            "section number": "7.2",
            "key information": "One limitation may be the complexity of implementation and the need for careful management of device resources during partitioning."
        },
        {
            "section number": "7.4",
            "key information": "Future research could explore further optimizations in activation partitioning and the application of Optimus in different types of neural network architectures."
        }
    ],
    "similarity_score": null,
    "image": null,
    "path": "/home/liudingyuan/code/SurveyX/code/SurveyX-main/outputs/t1b/papers/An efficient 2d method for training super-large deep learning models.json"
}