{
    "from": null,
    "scholar_id": null,
    "detail_id": null,
    "title": "BERT: pre-training of deep bidirectional transformers for language understanding",
    "abstract": "We introduce a new language representation model called BERT, which stands for Bidirectional Encoder Representations from Transformers. Unlike recent language representation models (Peters et al., 2018a; Radford et al., 2018), BERT is designed to pre-train deep bidirectional representations from unlabeled text by jointly conditioning on both left and right context in all layers. As a result, the pre-trained BERT model can be fine-tuned with just one additional output layer to create state-of-the-art models for a wide range of tasks, such as question answering and language inference, without substantial task-specific architecture modifications. BERT is conceptually simple and empirically powerful. It obtains new state-of-the-art results on eleven natural language processing tasks, including pushing the GLUE score to 80.5 (7.7 point absolute improvement), MultiNLI accuracy to 86.7% (4.6% absolute improvement), SQuAD v1.1 question answering Test F1 to 93.2 (1.5 point absolute improvement) and SQuAD v2.0 Test F1 to 83.1 (5.1 point absolute improvement).",
    "arxivid": "1810.04805v2",
    "bib_name": "BERT:pre-t5",
    "md_text": "# BERT: pre-training of deep bidirectional transformers for language understanding\n\n\nabstract\n\nWe introduce a new language representation model called BERT, which stands for Bidirectional Encoder Representations from Transformers. Unlike recent language representation models (Peters et al., 2018a; Radford et al., 2018), BERT is designed to pre-train deep bidirectional representations from unlabeled text by jointly conditioning on both left and right context in all layers. As a result, the pre-trained BERT model can be fine-tuned with just one additional output layer to create state-of-the-art models for a wide range of tasks, such as question answering and language inference, without substantial task-specific architecture modifications. BERT is conceptually simple and empirically powerful. It obtains new state-of-the-art results on eleven natural language processing tasks, including pushing the GLUE score to 80.5 (7.7 point absolute improvement), MultiNLI accuracy to 86.7% (4.6% absolute improvement), SQuAD v1.1 question answering Test F1 to 93.2 (1.5 point absolute improvement) and SQuAD v2.0 Test F1 to 83.1 (5.1 point absolute improvement).",
    "paper_type": "method",
    "attri": {
        "background": "This paper addresses the issue of effective language representation in natural language processing, highlighting the limitations of previous models that do not utilize bidirectional context, necessitating a new approach for improved performance.",
        "problem": {
            "definition": "The problem is the inability of existing language representation models to effectively capture context from both directions in a sentence, leading to suboptimal performance in various NLP tasks.",
            "key obstacle": "The core obstacle is that previous models only condition on one direction of context, which limits their understanding of language nuances and dependencies."
        },
        "idea": {
            "intuition": "The idea was inspired by the observation that understanding language requires considering context from both directions, which can enhance the representation of words in sentences.",
            "opinion": "The proposed idea is to create a model that pre-trains deep bidirectional representations from unlabeled text, allowing it to leverage both left and right context effectively.",
            "innovation": "The primary innovation of BERT lies in its ability to jointly condition on both left and right context in all layers, setting it apart from previous one-directional models."
        },
        "method": {
            "method name": "BERT",
            "method abbreviation": "Bidirectional Encoder Representations from Transformers",
            "method definition": "BERT is a language representation model that pre-trains deep bidirectional representations from unlabeled text by conditioning on both left and right context.",
            "method description": "BERT allows for fine-tuning with a single additional output layer to achieve state-of-the-art results across various NLP tasks.",
            "method steps": "The method involves pre-training on large text corpora, followed by fine-tuning on specific tasks with minimal architecture changes.",
            "principle": "BERT's effectiveness stems from its deep bidirectional training approach, which captures richer contextual information than unidirectional models."
        },
        "experiments": {
            "evaluation setting": "BERT was evaluated on eleven NLP tasks, including GLUE, MultiNLI, and SQuAD datasets, comparing its performance against baseline methods.",
            "evaluation method": "The performance of BERT was assessed by measuring task-specific metrics such as GLUE score, MultiNLI accuracy, and SQuAD F1 scores."
        },
        "conclusion": "The experiments demonstrated that BERT achieves new state-of-the-art results across multiple NLP tasks, significantly improving upon previous benchmarks.",
        "discussion": {
            "advantage": "Key advantages of BERT include its ability to leverage bidirectional context and its flexibility in fine-tuning for various tasks without extensive modifications.",
            "limitation": "A limitation of BERT is its reliance on large amounts of unlabeled text for pre-training, which may not be available for all languages or domains.",
            "future work": "Future work could explore optimizing BERT for specific applications, reducing its computational requirements, and extending its capabilities to more languages."
        },
        "other info": []
    },
    "mount_outline": [
        {
            "section number": "1.1",
            "key information": "The paper addresses the issue of effective language representation in natural language processing, highlighting the limitations of previous models that do not utilize bidirectional context."
        },
        {
            "section number": "2.1",
            "key information": "BERT is defined as a language representation model that pre-trains deep bidirectional representations from unlabeled text by conditioning on both left and right context."
        },
        {
            "section number": "2.3",
            "key information": "The core obstacle in traditional models is that they only condition on one direction of context, which limits their understanding of language nuances and dependencies."
        },
        {
            "section number": "3.1",
            "key information": "BERT's method involves pre-training on large text corpora, followed by fine-tuning on specific tasks with minimal architecture changes."
        },
        {
            "section number": "4.1",
            "key information": "BERT's effectiveness stems from its deep bidirectional training approach, which captures richer contextual information than unidirectional models."
        },
        {
            "section number": "4.5",
            "key information": "A limitation of BERT is its reliance on large amounts of unlabeled text for pre-training, which may not be available for all languages or domains."
        },
        {
            "section number": "7.2",
            "key information": "Future work could explore optimizing BERT for specific applications and reducing its computational requirements."
        },
        {
            "section number": "8",
            "key information": "The experiments demonstrated that BERT achieves new state-of-the-art results across multiple NLP tasks, significantly improving upon previous benchmarks."
        }
    ],
    "similarity_score": null,
    "image": null,
    "path": "/home/liudingyuan/code/SurveyX/code/SurveyX-main/outputs/t1b/papers/BERT_ pre-training of deep bidirectional transformers for language understanding.json"
}