{
    "from": null,
    "scholar_id": null,
    "detail_id": null,
    "title": "Big bird: Transformers for longer sequences",
    "abstract": "Transformers-based models, such as BERT, have been one of the most successful deep learning models for NLP. Unfortunately, one of their core limitations is the quadratic dependency (mainly in terms of memory) on the sequence length due to their full attention mechanism. To remedy this, we propose, BigBird, a sparse attention mechanism that reduces this quadratic dependency to linear. We show that BigBird is a universal approximator of sequence functions and is Turing complete, thereby preserving these properties of the quadratic, full attention model. Along the way, our theoretical analysis reveals some of the benefits of having $O(1)$ global tokens (such as CLS), that attend to the entire sequence as part of the sparse attention mechanism. The proposed sparse attention can handle sequences of length up to 8x of what was previously possible using similar hardware. As a consequence of the capability to handle longer context, BigBird drastically improves performance on various NLP tasks such as question answering and summarization. We also propose novel applications to genomics data.",
    "arxivid": "2007.14062v2",
    "bib_name": "Bigbird:Tr181",
    "md_text": "# Big bird: Transformers for longer sequences\n\n\nabstract\n\nTransformers-based models, such as BERT, have been one of the most successful deep learning models for NLP. Unfortunately, one of their core limitations is the quadratic dependency (mainly in terms of memory) on the sequence length due to their full attention mechanism. To remedy this, we propose, BigBird, a sparse attention mechanism that reduces this quadratic dependency to linear. We show that BigBird is a universal approximator of sequence functions and is Turing complete, thereby preserving these properties of the quadratic, full attention model. Along the way, our theoretical analysis reveals some of the benefits of having $O(1)$ global tokens (such as CLS), that attend to the entire sequence as part of the sparse attention mechanism. The proposed sparse attention can handle sequences of length up to 8x of what was previously possible using similar hardware. As a consequence of the capability to handle longer context, BigBird drastically improves performance on various NLP tasks such as question answering and summarization. We also propose novel applications to genomics data.",
    "paper_type": "method",
    "attri": {
        "background": "This paper addresses the issue of the quadratic dependency of Transformers-based models on sequence length, which limits their performance in natural language processing (NLP) tasks.",
        "problem": {
            "definition": "The core problem is the memory inefficiency of Transformers due to their full attention mechanism, which scales quadratically with the sequence length.",
            "key obstacle": "The main challenge is the inability of existing models to efficiently process longer sequences, which restricts their applicability in various NLP tasks."
        },
        "idea": {
            "intuition": "The idea was inspired by the need to reduce memory usage while maintaining the effectiveness of attention mechanisms in processing longer sequences.",
            "opinion": "The proposed idea, BigBird, introduces a sparse attention mechanism that transforms the quadratic dependency into a linear one, allowing for efficient handling of longer sequences.",
            "innovation": "The key innovation lies in the introduction of sparse attention, which enables the model to maintain the properties of full attention while drastically improving performance on longer sequences."
        },
        "method": {
            "method name": "BigBird",
            "method abbreviation": "BB",
            "method definition": "BigBird is a sparse attention mechanism designed to reduce the quadratic dependency on sequence length to linear, enabling efficient processing of long sequences.",
            "method description": "BigBird utilizes a sparse attention mechanism to efficiently handle sequences up to 8 times longer than previously possible with similar hardware.",
            "principle": "The effectiveness of BigBird is grounded in its ability to maintain the benefits of full attention through the use of global tokens that attend to the entire sequence."
        },
        "experiments": {
            "evaluation setting": "The experimental setup includes various NLP tasks such as question answering and summarization, comparing BigBird's performance against baseline methods.",
            "evaluation method": "Performance was assessed through standard metrics for NLP tasks, analyzing the results to demonstrate improvements achieved by BigBird."
        },
        "conclusion": "The outcomes of the experiments indicate that BigBird significantly enhances performance on NLP tasks by efficiently processing longer sequences, showcasing its potential applications in other domains like genomics.",
        "discussion": {
            "advantage": "The main advantages of BigBird include its ability to handle longer sequences without the quadratic memory overhead and its preservation of the properties of full attention mechanisms.",
            "limitation": "A limitation of the method may include its reliance on the specific architecture of Transformers, which might not generalize to all types of models.",
            "future work": "Future research could focus on optimizing the sparse attention mechanism further and exploring its applications in additional fields beyond NLP."
        },
        "other info": []
    },
    "mount_outline": [
        {
            "section number": "2.3",
            "key information": "The core problem is the memory inefficiency of Transformers due to their full attention mechanism, which scales quadratically with the sequence length."
        },
        {
            "section number": "3.2",
            "key information": "The key innovation lies in the introduction of sparse attention, which enables the model to maintain the properties of full attention while drastically improving performance on longer sequences."
        },
        {
            "section number": "3.4",
            "key information": "BigBird utilizes a sparse attention mechanism to efficiently handle sequences up to 8 times longer than previously possible with similar hardware."
        },
        {
            "section number": "5.1",
            "key information": "The main advantages of BigBird include its ability to handle longer sequences without the quadratic memory overhead and its preservation of the properties of full attention mechanisms."
        },
        {
            "section number": "7.2",
            "key information": "A limitation of the method may include its reliance on the specific architecture of Transformers, which might not generalize to all types of models."
        }
    ],
    "similarity_score": null,
    "image": null,
    "path": "/home/liudingyuan/code/SurveyX/code/SurveyX-main/outputs/t1b/papers/Big bird_ Transformers for longer sequences.json"
}