{
    "from": null,
    "scholar_id": null,
    "detail_id": null,
    "title": "BLOOM: A 176b-parameter open-access multilingual language model",
    "abstract": "Large language models (LLMs) have been shown to be able to perform new tasks based on a few demonstrations or natural language instructions. While these capabilities have led to widespread adoption, most LLMs are developed by resource-rich organizations and are frequently kept from the public. As a step towards democratizing this powerful technology, we present BLOOM, a 176B-parameter open-access language model designed and built thanks to a collaboration of hundreds of researchers. BLOOM is a decoder-only Transformer language model that was trained on the ROOTS corpus, a dataset comprising hundreds of sources in 46 natural and 13 programming languages (59 in total). We find that BLOOM achieves competitive performance on a wide variety of benchmarks, with stronger results after undergoing multitask prompted finetuning. To facilitate future research and applications using LLMs, we publicly release our models and code under the Responsible AI License.",
    "arxivid": "2211.05100v4",
    "bib_name": "BLOOM:A17645",
    "md_text": "# BLOOM: A 176b-parameter open-access multilingual language model\n\n\nabstract\n\nLarge language models (LLMs) have been shown to be able to perform new tasks based on a few demonstrations or natural language instructions. While these capabilities have led to widespread adoption, most LLMs are developed by resource-rich organizations and are frequently kept from the public. As a step towards democratizing this powerful technology, we present BLOOM, a 176B-parameter open-access language model designed and built thanks to a collaboration of hundreds of researchers. BLOOM is a decoder-only Transformer language model that was trained on the ROOTS corpus, a dataset comprising hundreds of sources in 46 natural and 13 programming languages (59 in total). We find that BLOOM achieves competitive performance on a wide variety of benchmarks, with stronger results after undergoing multitask prompted finetuning. To facilitate future research and applications using LLMs, we publicly release our models and code under the Responsible AI License.",
    "paper_type": "benchmark",
    "attri": {
        "background": "The development of large language models (LLMs) has been primarily dominated by resource-rich organizations, leading to a lack of accessibility for the broader research community. This benchmark aims to democratize access to LLM technology, making it available for a wider audience.",
        "problem": {
            "definition": "The benchmark is designed to address the challenges of accessibility and performance evaluation in large language models, specifically focusing on multilingual capabilities.",
            "key obstacle": "Existing benchmarks often lack open access and do not adequately evaluate the performance of LLMs across diverse languages and tasks."
        },
        "idea": {
            "intuition": "The inspiration for creating this benchmark stems from the need to provide a comprehensive evaluation framework for LLMs that can be used by researchers from various backgrounds.",
            "opinion": "The authors believe that BLOOM will significantly impact the field by providing an open-access alternative to existing proprietary models, fostering innovation and collaboration.",
            "innovation": "BLOOM differs from previous benchmarks by being an open-access model with a focus on multilingual capabilities, allowing for broader use and evaluation in diverse contexts.",
            "benchmark abbreviation": "BLOOM"
        },
        "dataset": {
            "source": "The dataset was created from the ROOTS corpus, which includes hundreds of sources in multiple languages.",
            "desc": "The dataset comprises texts in 46 natural languages and 13 programming languages, totaling 59 languages, making it suitable for evaluating multilingual language models.",
            "content": "The dataset includes text data from various sources, which relate directly to the tasks of language understanding and generation.",
            "size": "N/A",
            "domain": "Multilingual Language Processing",
            "task format": "Language Generation"
        },
        "metrics": {
            "metric name": "Accuracy, F1-score",
            "aspect": "Model performance in understanding and generating text across multiple languages.",
            "principle": "The metrics were chosen to evaluate the effectiveness of the model in producing accurate and relevant outputs in a multilingual context.",
            "procedure": "Models were evaluated based on their performance on a variety of tasks using the chosen metrics to measure accuracy and relevance."
        },
        "experiments": {
            "model": "BLOOM, a 176B-parameter open-access language model.",
            "procedure": "The models were trained on the ROOTS corpus with a focus on multitask prompted finetuning to enhance performance.",
            "result": "BLOOM achieved competitive performance on a wide variety of benchmarks, demonstrating its effectiveness across tasks.",
            "variability": "Variability in results was accounted for through multiple trials and evaluations across different tasks and languages."
        },
        "conclusion": "The experiments indicate that BLOOM is a competitive and effective multilingual language model that can serve as a valuable resource for researchers and practitioners in the field.",
        "discussion": {
            "advantage": "The benchmark contributes to the field by providing an open-access model that enhances accessibility and fosters collaboration among researchers.",
            "limitation": "Potential limitations include the need for extensive computational resources for training and evaluation, which may still be a barrier for some researchers.",
            "future work": "Future research could explore further enhancements to the model and additional languages, as well as applications in real-world scenarios."
        },
        "other info": []
    },
    "mount_outline": [
        {
            "section number": "2.1",
            "key information": "The benchmark is designed to address the challenges of accessibility and performance evaluation in large language models, specifically focusing on multilingual capabilities."
        },
        {
            "section number": "2.2",
            "key information": "The development of large language models (LLMs) has been primarily dominated by resource-rich organizations, leading to a lack of accessibility for the broader research community."
        },
        {
            "section number": "3.1",
            "key information": "BLOOM, a 176B-parameter open-access language model, was trained on the ROOTS corpus with a focus on multitask prompted finetuning to enhance performance."
        },
        {
            "section number": "3.6",
            "key information": "The authors believe that BLOOM will significantly impact the field by providing an open-access alternative to existing proprietary models, fostering innovation and collaboration."
        },
        {
            "section number": "6.1",
            "key information": "The dataset comprises texts in 46 natural languages and 13 programming languages, totaling 59 languages, making it suitable for evaluating multilingual language models."
        },
        {
            "section number": "7.2",
            "key information": "Potential limitations include the need for extensive computational resources for training and evaluation, which may still be a barrier for some researchers."
        }
    ],
    "similarity_score": null,
    "image": null,
    "path": "/home/liudingyuan/code/SurveyX/code/SurveyX-main/outputs/t1b/papers/BLOOM_ A 176b-parameter open-access multilingual language model.json"
}