{
    "from": null,
    "scholar_id": null,
    "detail_id": null,
    "title": "Colossal-ai: A unified deep learning system for large-scale parallel training",
    "abstract": "The success of Transformer models has pushed the deep learning model scale to billions of parameters, but the memory limitation of a single GPU has led to an urgent need for training on multi-GPU clusters. However, the best practice for choosing the optimal parallel strategy is still lacking, as it requires domain expertise in both deep learning and parallel computing. The Colossal-AI system addressed the above challenge by introducing a unified interface to scale your sequential code of model training to distributed environments. It supports parallel training methods such as data, pipeline, tensor, and sequence parallelism and is integrated with heterogeneous training and zero redundancy optimizer. Compared to the baseline system, Colossal-AI can achieve up to 2.76 times training speedup on large-scale models.",
    "arxivid": "2110.14883v3",
    "bib_name": "Colossal-a110",
    "md_text": "# Colossal-ai: A unified deep learning system for large-scale parallel training\n\n\nabstract\n\nThe success of Transformer models has pushed the deep learning model scale to billions of parameters, but the memory limitation of a single GPU has led to an urgent need for training on multi-GPU clusters. However, the best practice for choosing the optimal parallel strategy is still lacking, as it requires domain expertise in both deep learning and parallel computing. The Colossal-AI system addressed the above challenge by introducing a unified interface to scale your sequential code of model training to distributed environments. It supports parallel training methods such as data, pipeline, tensor, and sequence parallelism and is integrated with heterogeneous training and zero redundancy optimizer. Compared to the baseline system, Colossal-AI can achieve up to 2.76 times training speedup on large-scale models.",
    "paper_type": "method",
    "attri": {
        "background": "The success of Transformer models has pushed the deep learning model scale to billions of parameters, but the memory limitation of a single GPU has led to an urgent need for training on multi-GPU clusters. However, the best practice for choosing the optimal parallel strategy is still lacking, as it requires domain expertise in both deep learning and parallel computing.",
        "problem": {
            "definition": "The problem addressed in this paper is the difficulty in training large-scale deep learning models due to the memory limitations of single GPUs, necessitating effective multi-GPU training strategies.",
            "key obstacle": "The core obstacle is the lack of a unified approach or best practices for selecting the optimal parallel training strategy, which requires specialized knowledge in both deep learning and parallel computing."
        },
        "idea": {
            "intuition": "The idea was inspired by the need for a simpler way to scale deep learning model training across multiple GPUs without requiring deep expertise in parallel computing.",
            "opinion": "The proposed idea is to introduce the Colossal-AI system, which provides a unified interface for scaling sequential model training code to distributed environments, thereby simplifying the process.",
            "innovation": "The primary innovation of Colossal-AI lies in its integration of various parallel training methods (data, pipeline, tensor, and sequence parallelism) into a single framework, along with support for heterogeneous training and a zero redundancy optimizer."
        },
        "method": {
            "method name": "Colossal-AI",
            "method abbreviation": "CAI",
            "method definition": "Colossal-AI is a unified deep learning system designed to facilitate large-scale parallel training of deep learning models across multiple GPUs.",
            "method description": "The core of the method involves providing a unified interface to scale model training from a sequential codebase to distributed environments.",
            "method steps": "1. Define the model and training code in a sequential manner. 2. Utilize the Colossal-AI interface to configure the desired parallelism strategy. 3. Execute the training process across multiple GPUs using the selected parallel approach.",
            "principle": "The effectiveness of Colossal-AI in solving the problem lies in its ability to abstract the complexities of multi-GPU training, allowing users to focus on model development while it manages the distribution and optimization of resources."
        },
        "experiments": {
            "evaluation setting": "The experimental setup involved comparing the performance of Colossal-AI against baseline systems using large-scale models, with specific attention to training speed and resource utilization.",
            "evaluation method": "The evaluation method included measuring training speedup and efficiency metrics against the baseline systems to assess the performance improvements offered by Colossal-AI."
        },
        "conclusion": "Colossal-AI demonstrates significant improvements in training speed, achieving up to 2.76 times speedup on large-scale models compared to baseline systems, thereby validating its effectiveness and contribution to the field of deep learning.",
        "discussion": {
            "advantage": "The key advantages of Colossal-AI include its unified interface for various parallel training methods and its ability to simplify the training process for large-scale models, making it accessible to a broader range of users.",
            "limitation": "One limitation of the method may be its dependency on the specific configurations of the underlying hardware, which could affect performance and scalability in certain environments.",
            "future work": "Future work could focus on enhancing the adaptability of Colossal-AI to different hardware setups and exploring further optimizations for even larger model training."
        },
        "other info": []
    },
    "mount_outline": [
        {
            "section number": "3.1",
            "key information": "The proposed method, Colossal-AI, facilitates large-scale parallel training of deep learning models across multiple GPUs, addressing the limitations of single GPU memory."
        },
        {
            "section number": "3.4",
            "key information": "Colossal-AI demonstrates significant improvements in training speed, achieving up to 2.76 times speedup on large-scale models compared to baseline systems."
        },
        {
            "section number": "7.2",
            "key information": "The method's effectiveness relies on its ability to abstract the complexities of multi-GPU training, which addresses challenges related to computational resources and efficiency."
        },
        {
            "section number": "7.4",
            "key information": "The lack of a unified approach for selecting optimal parallel training strategies highlights the challenges of generalization and robustness in large-scale model training."
        }
    ],
    "similarity_score": null,
    "image": null,
    "path": "/home/liudingyuan/code/SurveyX/code/SurveyX-main/outputs/t1b/papers/Colossal-ai_ A unified deep learning system for large-scale parallel training.json"
}