{
    "from": null,
    "scholar_id": null,
    "detail_id": null,
    "title": "Contrastive decoding: Open-ended text generation as optimization",
    "abstract": "Given a language model (LM), maximum probability is a poor decoding objective for open-ended generation, because it produces short and repetitive text. On the other hand, sampling can often produce incoherent text that drifts from the original topics. We propose contrastive decoding (CD), a reliable decoding approach that optimizes a contrastive objective subject to a plausibility constraint. The contrastive objective returns the difference between the likelihood under a large LM (called the expert, e.g. OPT-13B) and a small LM (called the amateur, e.g. OPT-125M), and the constraint ensures that the outputs are plausible. CD is inspired by the fact that the failures of larger LMs (e.g., repetition, inco- herence) are even more prevalent in smaller LMs, and that this difference signals which texts should be preferred. CD requires zero additional training, and produces higher quality text than decoding from the larger LM alone. It also works across model scales (OPT-13B and GPT2-1.5B) and significantly outperforms four strong decoding algorithms (e.g., nucleus, top-k) in automatic and human evaluations across wikipedia, news and story domains.",
    "arxivid": "2210.15097v2",
    "bib_name": "Contrastiv194",
    "md_text": "# Contrastive decoding: Open-ended text generation as optimization\n\n\nabstract\n\nGiven a language model (LM), maximum probability is a poor decoding objective for open-ended generation, because it produces short and repetitive text. On the other hand, sampling can often produce incoherent text that drifts from the original topics. We propose contrastive decoding (CD), a reliable decoding approach that optimizes a contrastive objective subject to a plausibility constraint. The contrastive objective returns the difference between the likelihood under a large LM (called the expert, e.g. OPT-13B) and a small LM (called the amateur, e.g. OPT-125M), and the constraint ensures that the outputs are plausible. CD is inspired by the fact that the failures of larger LMs (e.g., repetition, inco- herence) are even more prevalent in smaller LMs, and that this difference signals which texts should be preferred. CD requires zero additional training, and produces higher quality text than decoding from the larger LM alone. It also works across model scales (OPT-13B and GPT2-1.5B) and significantly outperforms four strong decoding algorithms (e.g., nucleus, top-k) in automatic and human evaluations across wikipedia, news and story domains.",
    "paper_type": "method",
    "attri": {
        "background": "This paper addresses the issue of poor text generation quality in language models (LMs) when using maximum probability as a decoding objective, which leads to short and repetitive outputs, while sampling often results in incoherent text that strays from original topics. A new method is necessary to improve the quality of open-ended text generation.",
        "problem": {
            "definition": "The problem is the generation of low-quality text from language models due to ineffective decoding objectives, leading to issues such as repetition and incoherence.",
            "key obstacle": "The core obstacle is the inability of existing decoding methods to balance coherence and diversity in generated text, particularly when transitioning from larger to smaller language models."
        },
        "idea": {
            "intuition": "The idea was inspired by the observation that failures in larger language models are even more pronounced in smaller models, suggesting that the differences in outputs can indicate which texts are preferable.",
            "opinion": "The proposed idea, contrastive decoding (CD), optimizes a contrastive objective that measures the difference in likelihood between a large expert LM and a small amateur LM, while ensuring plausible outputs.",
            "innovation": "The primary innovation of CD lies in its ability to leverage the strengths of both large and small language models without requiring additional training, leading to higher quality text generation compared to existing methods."
        },
        "method": {
            "method name": "Contrastive Decoding",
            "method abbreviation": "CD",
            "method definition": "Contrastive decoding is a method that optimizes a contrastive objective based on the likelihood differences between a large language model and a smaller one, subject to a plausibility constraint to ensure coherent outputs.",
            "method description": "CD produces high-quality text by balancing the strengths of large and small language models through a contrastive approach.",
            "method steps": "1. Define the contrastive objective using the likelihood from the expert and amateur models. 2. Apply the plausibility constraint to ensure outputs are coherent. 3. Generate text by optimizing this objective.",
            "principle": "The effectiveness of CD is rooted in the observation that the differences in output quality between larger and smaller models can guide the selection of preferable texts, thus enhancing overall coherence and diversity."
        },
        "experiments": {
            "evaluation setting": "The experiments were conducted using various datasets including Wikipedia, news articles, and stories, comparing CD against four strong decoding algorithms such as nucleus and top-k sampling.",
            "evaluation method": "Performance was assessed through automatic metrics and human evaluations, measuring coherence and quality of the generated texts."
        },
        "conclusion": "The experiments demonstrate that contrastive decoding significantly improves text generation quality, outperforming traditional methods and providing a reliable solution for open-ended generation tasks.",
        "discussion": {
            "advantage": "The key advantages of CD include its ability to produce higher quality text without additional training and its effectiveness across different model scales.",
            "limitation": "A limitation of the method may include its dependency on the quality of the models used, as the performance can vary based on the specific expert and amateur models chosen.",
            "future work": "Future research could explore further refinements to the contrastive objective and investigate its application across different domains and languages."
        },
        "other info": []
    },
    "mount_outline": [
        {
            "section number": "3.1",
            "key information": "The proposed method, Contrastive Decoding (CD), optimizes a contrastive objective based on the likelihood differences between a large expert language model and a smaller amateur language model, ensuring plausible outputs."
        },
        {
            "section number": "3.3",
            "key information": "CD produces high-quality text by balancing the strengths of large and small language models through a contrastive approach."
        },
        {
            "section number": "3.4",
            "key information": "The experiments demonstrate that contrastive decoding significantly improves text generation quality, outperforming traditional methods and providing a reliable solution for open-ended generation tasks."
        },
        {
            "section number": "7.1",
            "key information": "The key advantages of CD include its ability to produce higher quality text without additional training and its effectiveness across different model scales."
        },
        {
            "section number": "7.2",
            "key information": "A limitation of the method may include its dependency on the quality of the models used, as the performance can vary based on the specific expert and amateur models chosen."
        },
        {
            "section number": "7.4",
            "key information": "Future research could explore further refinements to the contrastive objective and investigate its application across different domains and languages."
        }
    ],
    "similarity_score": null,
    "image": null,
    "path": "/home/liudingyuan/code/SurveyX/code/SurveyX-main/outputs/t1b/papers/Contrastive decoding_ Open-ended text generation as optimization.json"
}