{
    "from": null,
    "scholar_id": null,
    "detail_id": null,
    "title": "Correcting length bias in neural machine translation",
    "abstract": "We study two problems in neural machine translation (NMT). First, in beam search, whereas a wider beam should in principle help translation, it often hurts NMT. Second, NMT has a tendency to produce translations that are too short. Here, we argue that these problems are closely related and both rooted in label bias. We show that correcting the brevity problem almost eliminates the beam problem; we compare some commonly-used methods for doing this, finding that a simple per-word reward works well; and we introduce a simple and quick way to tune this reward using the perceptron algorithm.",
    "arxivid": "1808.10006v2",
    "bib_name": "Correcting185",
    "md_text": "# Correcting length bias in neural machine translation\n\n\nabstract\n\nWe study two problems in neural machine translation (NMT). First, in beam search, whereas a wider beam should in principle help translation, it often hurts NMT. Second, NMT has a tendency to produce translations that are too short. Here, we argue that these problems are closely related and both rooted in label bias. We show that correcting the brevity problem almost eliminates the beam problem; we compare some commonly-used methods for doing this, finding that a simple per-word reward works well; and we introduce a simple and quick way to tune this reward using the perceptron algorithm.",
    "paper_type": "method",
    "attri": {
        "background": "This paper addresses the issue of length bias in neural machine translation (NMT), particularly focusing on the problems associated with beam search and the tendency of NMT to produce overly short translations. Previous methods have struggled to effectively manage these issues, highlighting the need for a new approach to improve translation quality.",
        "problem": {
            "definition": "The paper aims to solve the problems of ineffective beam search in NMT and the tendency to generate translations that are too short.",
            "key obstacle": "The core obstacle is label bias, which affects the performance of existing methods in producing accurate and complete translations."
        },
        "idea": {
            "intuition": "The idea is inspired by the observation that the brevity problem in NMT is linked to the inefficacy of beam search, suggesting that addressing one may help resolve the other.",
            "opinion": "The proposed idea involves correcting the brevity problem through the implementation of a per-word reward mechanism to enhance translation outcomes.",
            "innovation": "The primary innovation lies in the introduction of a simple and effective per-word reward system, which is tuned using the perceptron algorithm, distinguishing it from existing methods."
        },
        "method": {
            "method name": "Per-word reward tuning",
            "method abbreviation": "PWRT",
            "method definition": "The method involves applying a per-word reward during the translation process to correct the brevity bias in NMT, thereby improving the quality of translations.",
            "method description": "This method enhances NMT by implementing a reward system that incentivizes longer translations, effectively addressing the brevity issue.",
            "method steps": "1. Identify the brevity bias in translations. 2. Implement a per-word reward system. 3. Tune the reward using the perceptron algorithm. 4. Evaluate the impact on translation quality.",
            "principle": "This method is effective because it directly addresses the label bias that leads to short translations, thereby improving the overall performance of the NMT system."
        },
        "experiments": {
            "evaluation setting": "The experimental setup includes a dataset of translations and comparisons against baseline methods that do not utilize the per-word reward system.",
            "evaluation method": "The performance of the method is assessed by measuring translation quality before and after implementing the per-word reward, analyzing the results to determine the effectiveness of the approach."
        },
        "conclusion": "The experiments demonstrate that correcting the brevity issue significantly improves beam search performance in NMT, validating the effectiveness of the proposed per-word reward method.",
        "discussion": {
            "advantage": "The key advantage of this approach is its simplicity and effectiveness in resolving two interconnected problems in NMT, leading to better translation outcomes.",
            "limitation": "One limitation is that the method may require careful tuning of the reward parameters, which could vary depending on the specific translation tasks.",
            "future work": "Future research could explore further refinements to the reward system and investigate its applicability to other areas of machine translation and natural language processing."
        },
        "other info": []
    },
    "mount_outline": [
        {
            "section number": "1.1",
            "key information": "The paper addresses the issue of length bias in neural machine translation (NMT), highlighting its impact on translation quality."
        },
        {
            "section number": "2.3",
            "key information": "The paper discusses the limitations of traditional beam search methods in NMT, specifically their tendency to produce overly short translations."
        },
        {
            "section number": "3.1",
            "key information": "The proposed method, per-word reward tuning (PWRT), enhances NMT by implementing a reward system that incentivizes longer translations."
        },
        {
            "section number": "3.2",
            "key information": "The primary innovation of the paper is the introduction of a simple and effective per-word reward system, tuned using the perceptron algorithm."
        },
        {
            "section number": "7.1",
            "key information": "The paper identifies label bias as a core obstacle affecting the performance of existing NMT methods in producing accurate translations."
        },
        {
            "section number": "8",
            "key information": "The conclusion emphasizes that correcting the brevity issue significantly improves beam search performance in NMT, validating the effectiveness of the proposed method."
        }
    ],
    "similarity_score": null,
    "image": null,
    "path": "/home/liudingyuan/code/SurveyX/code/SurveyX-main/outputs/t1b/papers/Correcting length bias in neural machine translation.json"
}