{
    "from": null,
    "scholar_id": null,
    "detail_id": null,
    "title": "Deduplicating training data mitigates privacy risks in language models",
    "abstract": "Past work has shown that large language models are susceptible to privacy attacks, where adversaries generate sequences from a trained model and detect which sequences are memorized from the training set. In this work, we show that the success of these attacks is largely due to duplication in commonly used web-scraped training sets. We first show that the rate at which language models regenerate training sequences is superlinearly related to a sequence's count in the training set. For instance, a sequence that is present 10 times in the training data is on average generated ~1000 times more often than a sequence that is present only once. We next show that existing methods for detecting memorized sequences have near-chance accuracy on non-duplicated training sequences. Finally, we find that after applying methods to deduplicate training data, language models are considerably more secure against these types of privacy attacks. Taken together, our results motivate an increased focus on deduplication in privacy-sensitive applications and a reevaluation of the practicality of existing privacy attacks.",
    "arxivid": "2202.06539v3",
    "bib_name": "Deduplicat134",
    "md_text": "# Deduplicating training data mitigates privacy risks in language models\n\n\nabstract\n\nPast work has shown that large language models are susceptible to privacy attacks, where adversaries generate sequences from a trained model and detect which sequences are memorized from the training set. In this work, we show that the success of these attacks is largely due to duplication in commonly used web-scraped training sets. We first show that the rate at which language models regenerate training sequences is superlinearly related to a sequence's count in the training set. For instance, a sequence that is present 10 times in the training data is on average generated ~1000 times more often than a sequence that is present only once. We next show that existing methods for detecting memorized sequences have near-chance accuracy on non-duplicated training sequences. Finally, we find that after applying methods to deduplicate training data, language models are considerably more secure against these types of privacy attacks. Taken together, our results motivate an increased focus on deduplication in privacy-sensitive applications and a reevaluation of the practicality of existing privacy attacks.",
    "paper_type": "benchmark",
    "attri": {
        "background": "This paper addresses the issue of privacy risks in large language models due to duplication in training datasets. The necessity for this benchmark arises from the observation that existing training sets are often web-scraped and contain significant redundancy, which increases the likelihood of privacy attacks. This benchmark fits into the broader research landscape by highlighting the importance of deduplication in mitigating privacy risks.",
        "problem": {
            "definition": "The benchmark is designed to address the problem of privacy vulnerabilities in language models that arise from memorization of duplicated training sequences.",
            "key obstacle": "The main challenge with existing benchmarks is that they do not account for the impact of data duplication on the performance of privacy detection methods."
        },
        "idea": {
            "intuition": "The creation of this benchmark was inspired by the observation that duplicated sequences in training data lead to higher rates of memorization and subsequent privacy attacks.",
            "opinion": "The authors believe that this benchmark is crucial for enhancing the security of language models, especially in privacy-sensitive applications.",
            "innovation": "This benchmark differs from previous ones by specifically focusing on the effects of training data deduplication on privacy risks, thereby offering a new perspective on model evaluation.",
            "benchmark abbreviation": "DPT"
        },
        "dataset": {
            "source": "The dataset was created by analyzing web-scraped training sets and applying deduplication methods to assess their impact on language model privacy.",
            "desc": "The dataset comprises sequences from common web-scraped sources, with a focus on evaluating the effects of duplication on privacy attacks.",
            "content": "The dataset includes text sequences that are relevant to language model training and privacy evaluation.",
            "size": "-",
            "domain": "Privacy in Machine Learning",
            "task format": "Privacy Attack Detection"
        },
        "metrics": {
            "metric name": "Regeneration Rate, Detection Accuracy",
            "aspect": "Model performance in terms of privacy protection and memorization detection.",
            "principle": "The metrics were chosen based on their relevance to evaluating the effectiveness of deduplication in preventing privacy attacks.",
            "procedure": "Model performance was evaluated by measuring the regeneration rates of training sequences and the accuracy of privacy attack detection methods."
        },
        "experiments": {
            "model": "State-of-the-art language models were tested to evaluate the impact of deduplication on their privacy vulnerabilities.",
            "procedure": "Models were trained on both duplicated and deduplicated datasets, and their performance was assessed using the defined metrics.",
            "result": "The experiments showed that deduplicated language models exhibited significantly lower regeneration rates of training sequences, indicating improved privacy security.",
            "variability": "Variability was accounted for by conducting multiple trials and analyzing the results across different subsets of the dataset."
        },
        "conclusion": "The key findings indicate that deduplication of training data significantly enhances the privacy security of language models, suggesting that future training practices should prioritize data deduplication.",
        "discussion": {
            "advantage": "The benchmark provides a structured approach to evaluating privacy risks in language models, emphasizing the importance of data deduplication.",
            "limitation": "One limitation is that the benchmark may not fully capture all aspects of privacy risks, as it primarily focuses on data duplication.",
            "future work": "Future research could explore additional factors affecting privacy vulnerabilities and develop more comprehensive benchmarks that incorporate a wider range of privacy concerns."
        },
        "other info": []
    },
    "mount_outline": [
        {
            "section number": "2.3",
            "key information": "The benchmark is designed to address the problem of privacy vulnerabilities in language models that arise from memorization of duplicated training sequences."
        },
        {
            "section number": "3.1",
            "key information": "The creation of this benchmark was inspired by the observation that duplicated sequences in training data lead to higher rates of memorization and subsequent privacy attacks."
        },
        {
            "section number": "7.1",
            "key information": "The benchmark provides a structured approach to evaluating privacy risks in language models, emphasizing the importance of data deduplication."
        },
        {
            "section number": "7.2",
            "key information": "One limitation is that the benchmark may not fully capture all aspects of privacy risks, as it primarily focuses on data duplication."
        },
        {
            "section number": "7.4",
            "key information": "The key findings indicate that deduplication of training data significantly enhances the privacy security of language models."
        }
    ],
    "similarity_score": null,
    "image": null,
    "path": "/home/liudingyuan/code/SurveyX/code/SurveyX-main/outputs/t1b/papers/Deduplicating training data mitigates privacy risks in language models.json"
}