{
    "from": null,
    "scholar_id": null,
    "detail_id": null,
    "title": "Deep contextualized word representations",
    "abstract": "We introduce a new type of deep contextualized word representation that models both (1) complex characteristics of word use (e.g., syntax and semantics), and (2) how these uses vary across linguistic contexts (i.e., to model polysemy). Our word vectors are learned functions of the internal states of a deep bidirectional language model (biLM), which is pre-trained on a large text corpus. We show that these representations can be easily added to existing models and significantly improve the state of the art across six challenging NLP problems, including question answering, textual entailment and sentiment analysis. We also present an analysis showing that exposing the deep internals of the pre-trained network is crucial, allowing downstream models to mix different types of semi-supervision signals.",
    "arxivid": "1802.05365v2",
    "bib_name": "Deepcontex3",
    "md_text": "# Deep contextualized word representations\n\n\nabstract\n\nWe introduce a new type of deep contextualized word representation that models both (1) complex characteristics of word use (e.g., syntax and semantics), and (2) how these uses vary across linguistic contexts (i.e., to model polysemy). Our word vectors are learned functions of the internal states of a deep bidirectional language model (biLM), which is pre-trained on a large text corpus. We show that these representations can be easily added to existing models and significantly improve the state of the art across six challenging NLP problems, including question answering, textual entailment and sentiment analysis. We also present an analysis showing that exposing the deep internals of the pre-trained network is crucial, allowing downstream models to mix different types of semi-supervision signals.",
    "paper_type": "method",
    "attri": {
        "background": "This paper addresses the issue of creating effective word representations that capture complex linguistic characteristics and their variability across different contexts, highlighting the limitations of previous static word embedding methods.",
        "problem": {
            "definition": "The problem is the inadequacy of traditional word representations in capturing the nuances of word usage in varying contexts, particularly in handling polysemy.",
            "key obstacle": "The core obstacle is the inability of existing methods to dynamically adapt word representations based on context, leading to suboptimal performance in natural language processing tasks."
        },
        "idea": {
            "intuition": "The idea is inspired by the observation that word meanings are context-dependent and that deeper language models can capture these variations more effectively than static embeddings.",
            "opinion": "The proposed method involves using deep contextualized word representations derived from the internal states of a bi-directional language model, which allows for a more nuanced understanding of word usage.",
            "innovation": "The primary innovation is the introduction of contextualized word vectors that are dynamically generated based on the context in which words are used, significantly improving upon traditional static word embeddings."
        },
        "method": {
            "method name": "Deep contextualized word representations",
            "method abbreviation": "DCWR",
            "method definition": "DCWR are word vectors that model complex characteristics of word use and their variations across different contexts using a deep bidirectional language model.",
            "method description": "The method leverages a pre-trained biLM to produce word representations that adapt to the context in which they appear.",
            "method steps": "1. Pre-train a deep bidirectional language model on a large corpus. 2. Extract internal states of the model to generate contextualized word vectors. 3. Integrate these vectors into downstream NLP models.",
            "principle": "This method is effective because it utilizes the rich contextual information captured by the deep language model, allowing for more accurate representations that reflect the nuanced meanings of words."
        },
        "experiments": {
            "evaluation setting": "The evaluation is conducted across six challenging NLP tasks, including question answering, textual entailment, and sentiment analysis, using various baseline methods for comparison.",
            "evaluation method": "Performance is assessed by measuring improvements in accuracy and effectiveness on the aforementioned NLP tasks, with specific metrics outlined for each task."
        },
        "conclusion": "The experiments demonstrate that deep contextualized word representations significantly enhance the performance of NLP models, establishing a new state of the art across multiple tasks.",
        "discussion": {
            "advantage": "The key advantages include the ability to capture context-dependent meanings of words and improve performance across various NLP tasks.",
            "limitation": "A limitation is that the method may require substantial computational resources for pre-training the deep language model.",
            "future work": "Future research could explore further optimizations in the training process and the application of these representations to additional languages and domains."
        },
        "other info": []
    },
    "mount_outline": [
        {
            "section number": "1.1",
            "key information": "This paper addresses the issue of creating effective word representations that capture complex linguistic characteristics and their variability across different contexts, highlighting the limitations of previous static word embedding methods."
        },
        {
            "section number": "2.3",
            "key information": "The problem is the inadequacy of traditional word representations in capturing the nuances of word usage in varying contexts, particularly in handling polysemy."
        },
        {
            "section number": "3.1",
            "key information": "The primary innovation is the introduction of contextualized word vectors that are dynamically generated based on the context in which words are used, significantly improving upon traditional static word embeddings."
        },
        {
            "section number": "4.1",
            "key information": "DCWR are word vectors that model complex characteristics of word use and their variations across different contexts using a deep bidirectional language model."
        },
        {
            "section number": "5.1",
            "key information": "The proposed method involves using deep contextualized word representations derived from the internal states of a bi-directional language model, which allows for a more nuanced understanding of word usage."
        },
        {
            "section number": "7.2",
            "key information": "A limitation is that the method may require substantial computational resources for pre-training the deep language model."
        }
    ],
    "similarity_score": null,
    "image": null,
    "path": "/home/liudingyuan/code/SurveyX/code/SurveyX-main/outputs/t1b/papers/Deep contextualized word representations.json"
}