{
    "from": null,
    "scholar_id": null,
    "detail_id": null,
    "title": "Dense text retrieval based on pretrained language models: A survey",
    "abstract": "Text retrieval is a long-standing research topic on information seeking, where a system is required to return relevant information resources to user\u2019s queries in natural language. From heuristic-based retrieval methods to learning-based ranking functions, the underlying retrieval models have been continually evolved with the ever-lasting technical innovation. To design effective retrieval models, a key point lies in how to learn text representations and model the relevance matching. The recent success of pretrained language models (PLM) sheds light on developing more capable text-retrieval approaches by leveraging the excellent modeling capacity of PLMs. With powerful PLMs, we can effectively learn the semantic representations of queries and texts in the latent representation space, and further construct the semantic matching function between the dense vectors for relevance modeling. Such a retrieval approach is called dense retrieval, since it employs dense vectors to represent the texts. Considering the rapid progress on dense retrieval, this survey systematically reviews the recent progress on PLM-based dense retrieval. Different from previous surveys on dense retrieval, we take a new perspective to organize the related studies by four major aspects, including architecture, training, indexing and integration, and thoroughly summarize the mainstream techniques for each aspect. We extensively collect the recent advances on this topic, and include 300+ reference papers. To support our survey, we create a website for providing useful resources, and release a code repository for dense retrieval. This survey aims to provide a comprehensive, practical reference focused on the major progress for dense text retrieval.",
    "arxivid": "2211.14876v1",
    "bib_name": "Densetextr30",
    "md_text": "# Dense text retrieval based on pretrained language models: A survey\n\n\nabstract\n\nText retrieval is a long-standing research topic on information seeking, where a system is required to return relevant information resources to user\u2019s queries in natural language. From heuristic-based retrieval methods to learning-based ranking functions, the underlying retrieval models have been continually evolved with the ever-lasting technical innovation. To design effective retrieval models, a key point lies in how to learn text representations and model the relevance matching. The recent success of pretrained language models (PLM) sheds light on developing more capable text-retrieval approaches by leveraging the excellent modeling capacity of PLMs. With powerful PLMs, we can effectively learn the semantic representations of queries and texts in the latent representation space, and further construct the semantic matching function between the dense vectors for relevance modeling. Such a retrieval approach is called dense retrieval, since it employs dense vectors to represent the texts. Considering the rapid progress on dense retrieval, this survey systematically reviews the recent progress on PLM-based dense retrieval. Different from previous surveys on dense retrieval, we take a new perspective to organize the related studies by four major aspects, including architecture, training, indexing and integration, and thoroughly summarize the mainstream techniques for each aspect. We extensively collect the recent advances on this topic, and include 300+ reference papers. To support our survey, we create a website for providing useful resources, and release a code repository for dense retrieval. This survey aims to provide a comprehensive, practical reference focused on the major progress for dense text retrieval.",
    "paper_type": "survey",
    "attri": {
        "background": {
            "purpose": "This survey aims to systematically review the recent progress on pretrained language model (PLM)-based dense retrieval, addressing the evolving methods in text retrieval and filling knowledge gaps regarding effective retrieval models.",
            "scope": "The survey covers the advancements in dense retrieval using PLMs, focusing on aspects such as architecture, training, indexing, and integration. It excludes heuristic-based methods and traditional ranking functions as they are not the primary focus of recent innovations."
        },
        "problem": {
            "definition": "The core issue being explored is how to effectively learn text representations and model relevance matching in the context of dense retrieval using pretrained language models.",
            "key obstacle": "The primary challenges include the complexity of learning semantic representations and the need for effective models that can handle the vast amount of information in natural language queries."
        },
        "architecture": {
            "perspective": "The survey introduces a novel framework for organizing related studies into four major aspects: architecture, training, indexing, and integration, providing a structured view of the advancements in dense retrieval.",
            "fields/stages": "The survey categorizes the research into four fields: architecture (model design), training (learning processes), indexing (data organization), and integration (system implementation), using criteria based on the functionality and innovation of each method."
        },
        "conclusion": {
            "comparisions": "The survey compares various PLM-based retrieval methods in terms of their effectiveness, approach, and outcomes, highlighting the strengths of each method in the context of dense retrieval.",
            "results": "Key takeaways include the potential of PLMs to significantly enhance text retrieval capabilities and the importance of structured approaches to model relevance effectively."
        },
        "discussion": {
            "advantage": "The existing research has achieved significant advancements in leveraging PLMs for dense retrieval, allowing for better semantic understanding and relevance matching.",
            "limitation": "Current studies may fall short in addressing the scalability of dense retrieval methods and their adaptability to diverse information retrieval tasks.",
            "gaps": "Unanswered questions remain regarding the optimal configurations for different retrieval scenarios and the integration of dense retrieval with traditional methods.",
            "future work": "Emerging trends suggest a need for further exploration of hybrid models that combine the strengths of both dense retrieval and traditional techniques, as well as advancements in training methodologies."
        },
        "other info": {
            "info1": "The survey includes over 300 reference papers to support its findings.",
            "info2": {
                "info2.1": "A dedicated website has been created to provide useful resources related to dense retrieval.",
                "info2.2": "A code repository has been released to facilitate practical implementation of dense retrieval methods."
            }
        }
    },
    "mount_outline": [
        {
            "section number": "1.2",
            "key information": "The purpose of this survey is to systematically review the recent progress on pretrained language model (PLM)-based dense retrieval, addressing the evolving methods in text retrieval and filling knowledge gaps regarding effective retrieval models."
        },
        {
            "section number": "2.1",
            "key information": "The core issue being explored is how to effectively learn text representations and model relevance matching in the context of dense retrieval using pretrained language models."
        },
        {
            "section number": "2.3",
            "key information": "Current studies may fall short in addressing the scalability of dense retrieval methods and their adaptability to diverse information retrieval tasks."
        },
        {
            "section number": "3.1",
            "key information": "The survey categorizes the research into four fields: architecture (model design), training (learning processes), indexing (data organization), and integration (system implementation), using criteria based on the functionality and innovation of each method."
        },
        {
            "section number": "3.6",
            "key information": "Emerging trends suggest a need for further exploration of hybrid models that combine the strengths of both dense retrieval and traditional techniques, as well as advancements in training methodologies."
        },
        {
            "section number": "4.1",
            "key information": "The survey introduces a novel framework for organizing related studies into four major aspects: architecture, training, indexing, and integration, providing a structured view of the advancements in dense retrieval."
        },
        {
            "section number": "7.2",
            "key information": "The primary challenges include the complexity of learning semantic representations and the need for effective models that can handle the vast amount of information in natural language queries."
        },
        {
            "section number": "8",
            "key information": "Key takeaways include the potential of PLMs to significantly enhance text retrieval capabilities and the importance of structured approaches to model relevance effectively."
        }
    ],
    "similarity_score": null,
    "image": null,
    "path": "/home/liudingyuan/code/SurveyX/code/SurveyX-main/outputs/t1b/papers/Dense text retrieval based on pretrained language models_ A survey.json"
}