{
    "from": null,
    "scholar_id": null,
    "detail_id": null,
    "title": "Did aristotle use a laptop? A question answering benchmark with implicit reasoning strategies",
    "abstract": "Abstract A key limitation in current datasets for multi-hop reasoning is that the required steps for answering the question are mentioned in it explicitly. In this work, we introduce StrategyQA, a question answering (QA) benchmark where the required reasoning steps are implicit in the question, and should be inferred using a strategy. A fundamental challenge in this setup is how to elicit such creative questions from crowdsourcing workers, while covering a broad range of potential strategies. We propose a data collection procedure that combines term-based priming to inspire annotators, careful control over the annotator population, and adversarial filtering for eliminating reasoning shortcuts. Moreover, we annotate each question with (1) a decomposition into reasoning steps for answering it, and (2) Wikipedia paragraphs that contain the answers to each step. Overall, StrategyQA includes 2,780 examples, each consisting of a strategy question, its decomposition, and evidence paragraphs. Analysis shows that questions in StrategyQA are short, topic-diverse, and cover a wide range of strategies. Empirically, we show that humans perform well (87%) on this task, while our best baseline reaches an accuracy of \u223c 66%.",
    "arxivid": "2101.02235v1",
    "bib_name": "Didaristot107",
    "md_text": "# Did aristotle use a laptop? A question answering benchmark with implicit reasoning strategies\n\n\nabstract\n\nAbstract A key limitation in current datasets for multi-hop reasoning is that the required steps for answering the question are mentioned in it explicitly. In this work, we introduce StrategyQA, a question answering (QA) benchmark where the required reasoning steps are implicit in the question, and should be inferred using a strategy. A fundamental challenge in this setup is how to elicit such creative questions from crowdsourcing workers, while covering a broad range of potential strategies. We propose a data collection procedure that combines term-based priming to inspire annotators, careful control over the annotator population, and adversarial filtering for eliminating reasoning shortcuts. Moreover, we annotate each question with (1) a decomposition into reasoning steps for answering it, and (2) Wikipedia paragraphs that contain the answers to each step. Overall, StrategyQA includes 2,780 examples, each consisting of a strategy question, its decomposition, and evidence paragraphs. Analysis shows that questions in StrategyQA are short, topic-diverse, and cover a wide range of strategies. Empirically, we show that humans perform well (87%) on this task, while our best baseline reaches an accuracy of \u223c 66%.",
    "paper_type": "benchmark",
    "attri": {
        "background": "This paper addresses the issue of limitations in existing datasets for multi-hop reasoning, where required reasoning steps are explicitly mentioned. The necessity for a benchmark that requires implicit reasoning steps is highlighted, fitting into the broader research landscape of question answering and reasoning strategies.",
        "problem": {
            "definition": "The benchmark is designed to address the challenge of answering questions that require implicit reasoning steps, which must be inferred using a strategy.",
            "key obstacle": "Existing benchmarks do not adequately simulate the need for implicit reasoning, leading to limitations in evaluating creative reasoning strategies."
        },
        "idea": {
            "intuition": "The thought process behind the benchmark stems from the observation that current datasets do not require the inference of reasoning steps, limiting the evaluation of reasoning strategies.",
            "opinion": "The authors believe this benchmark is crucial for advancing the understanding of how models can handle implicit reasoning in question answering tasks.",
            "innovation": "StrategyQA differs from previous benchmarks by focusing on implicit reasoning, utilizing a novel data collection procedure that includes term-based priming and adversarial filtering to eliminate reasoning shortcuts.",
            "benchmark abbreviation": "StrategyQA"
        },
        "dataset": {
            "source": "The dataset was created through a crowdsourcing approach that combines term-based priming to inspire annotators and careful control over the annotator population.",
            "desc": "StrategyQA includes 2,780 examples, each consisting of a strategy question, its decomposition into reasoning steps, and related Wikipedia paragraphs as evidence.",
            "content": "The dataset includes strategy questions along with their decompositions and evidence paragraphs, which relate directly to the implicit reasoning tasks being benchmarked.",
            "size": "2,780",
            "domain": "Question Answering",
            "task format": "Multi-hop reasoning"
        },
        "metrics": {
            "metric name": "Accuracy",
            "aspect": "Model performance in correctly answering implicit reasoning questions.",
            "principle": "The choice of accuracy as a metric is guided by the need to evaluate how well models can infer reasoning steps without explicit guidance.",
            "procedure": "Model performance is evaluated based on the percentage of correctly answered questions in the benchmark."
        },
        "experiments": {
            "model": "The benchmark tested various models, including state-of-the-art models and baseline models.",
            "procedure": "Models were trained under conditions that simulate the implicit reasoning tasks presented in the benchmark, with specific parameters tailored for multi-hop reasoning.",
            "result": "Humans achieved an accuracy of 87% on the task, while the best baseline model reached an accuracy of approximately 66%.",
            "variability": "Variability in results was accounted for through multiple trials and diverse subsets of the dataset."
        },
        "conclusion": "The findings indicate that while humans perform well on implicit reasoning tasks, current models still lag significantly, highlighting the benchmark's potential impact on advancing research in this area.",
        "discussion": {
            "advantage": "The benchmark provides a unique framework for evaluating implicit reasoning in question answering, contributing significantly to the understanding of reasoning strategies.",
            "limitation": "Potential drawbacks include the challenge of ensuring question diversity and the risk of annotator bias in the crowdsourcing process.",
            "future work": "Future research could explore enhancing model performance on implicit reasoning tasks and expanding the dataset to cover more diverse strategies."
        },
        "other info": {}
    },
    "mount_outline": [
        {
            "section number": "2.3",
            "key information": "Existing benchmarks do not adequately simulate the need for implicit reasoning, leading to limitations in evaluating creative reasoning strategies."
        },
        {
            "section number": "3.6",
            "key information": "StrategyQA differs from previous benchmarks by focusing on implicit reasoning, utilizing a novel data collection procedure that includes term-based priming and adversarial filtering to eliminate reasoning shortcuts."
        },
        {
            "section number": "5.1",
            "key information": "The benchmark tested various models, including state-of-the-art models and baseline models, under conditions that simulate the implicit reasoning tasks presented in the benchmark."
        },
        {
            "section number": "7.1",
            "key information": "Potential drawbacks include the challenge of ensuring question diversity and the risk of annotator bias in the crowdsourcing process."
        },
        {
            "section number": "8",
            "key information": "The findings indicate that while humans perform well on implicit reasoning tasks, current models still lag significantly, highlighting the benchmark's potential impact on advancing research in this area."
        }
    ],
    "similarity_score": null,
    "image": null,
    "path": "/home/liudingyuan/code/SurveyX/code/SurveyX-main/outputs/t1b/papers/Did aristotle use a laptop_ A question answering benchmark with implicit reasoning strategies.json"
}