{
    "from": null,
    "scholar_id": null,
    "detail_id": null,
    "title": "Distributed representations of words and phrases and their compositionality",
    "abstract": "The recently introduced continuous Skip-gram model is an efficient method for learning high-quality distributed vector representations that capture a large number of precise syntactic and semantic word relationships. In this paper we present several extensions that improve both the quality of the vectors and the training speed. By subsampling of the frequent words we obtain significant speedup and also learn more regular word representations. We also describe a simple alternative to the hierarchical softmax called negative sampling. \n \nAn inherent limitation of word representations is their indifference to word order and their inability to represent idiomatic phrases. For example, the meanings of \"Canada\" and \"Air\" cannot be easily combined to obtain \"Air Canada\". Motivated by this example, we present a simple method for finding phrases in text, and show that learning good vector representations for millions of phrases is possible.",
    "arxivid": "1310.4546v1",
    "bib_name": "Distribute1",
    "md_text": "# Distributed representations of words and phrases and their compositionality\n\n\nabstract\n\nThe recently introduced continuous Skip-gram model is an efficient method for learning high-quality distributed vector representations that capture a large number of precise syntactic and semantic word relationships. In this paper we present several extensions that improve both the quality of the vectors and the training speed. By subsampling of the frequent words we obtain significant speedup and also learn more regular word representations. We also describe a simple alternative to the hierarchical softmax called negative sampling. \n \nAn inherent limitation of word representations is their indifference to word order and their inability to represent idiomatic phrases. For example, the meanings of \"Canada\" and \"Air\" cannot be easily combined to obtain \"Air Canada\". Motivated by this example, we present a simple method for finding phrases in text, and show that learning good vector representations for millions of phrases is possible.",
    "paper_type": "method",
    "attri": {
        "background": "This paper addresses the issue of learning high-quality distributed vector representations for words and phrases, highlighting the limitations of existing methods in capturing word order and idiomatic expressions.",
        "problem": {
            "definition": "The problem involves the inability of current word representation methods to effectively combine meanings of individual words into phrases, leading to a lack of contextual understanding.",
            "key obstacle": "The main challenge is that traditional methods are indifferent to word order, which prevents them from accurately representing phrases such as 'Air Canada'."
        },
        "idea": {
            "intuition": "The idea was inspired by the observation that existing word representations fail to capture the meanings of phrases formed by combining individual words.",
            "opinion": "The proposed method aims to improve the representation of phrases by learning vector representations for them, thereby addressing the limitations of current models.",
            "innovation": "The innovation lies in the introduction of a method that enables the learning of vector representations for millions of phrases, enhancing the overall quality and utility of word vectors."
        },
        "method": {
            "method name": "Skip-gram with negative sampling",
            "method abbreviation": "SGNS",
            "method definition": "The method involves using a continuous Skip-gram model with enhancements such as negative sampling to efficiently learn high-quality vector representations.",
            "method description": "It focuses on learning representations of words and phrases while improving training speed and representation quality.",
            "method steps": "1. Subsample frequent words to increase training speed. 2. Implement negative sampling as an alternative to hierarchical softmax. 3. Learn vector representations for both words and phrases.",
            "principle": "This method is effective because it captures both syntactic and semantic relationships while addressing the limitations of traditional word representation techniques."
        },
        "experiments": {
            "evaluation setting": "The experiments were conducted using a dataset that includes a large corpus of text, comparing the proposed method against baseline methods in terms of speed and representation quality.",
            "evaluation method": "Performance was assessed by measuring the quality of the learned vector representations and the efficiency of the training process."
        },
        "conclusion": "The proposed method demonstrates significant improvements in both the quality of vector representations and training speed, successfully addressing the limitations of existing approaches in capturing phrase meanings.",
        "discussion": {
            "advantage": "The key advantages include improved representation of idiomatic phrases and faster training times compared to traditional methods.",
            "limitation": "A limitation of the method is that it may still struggle with highly complex phrases or those with ambiguous meanings.",
            "future work": "Future research could explore further enhancements to the method for better handling of complex phrases and improving the representational capacity of the vectors."
        },
        "other info": []
    },
    "mount_outline": [
        {
            "section number": "2.1",
            "key information": "The problem involves the inability of current word representation methods to effectively combine meanings of individual words into phrases, leading to a lack of contextual understanding."
        },
        {
            "section number": "2.3",
            "key information": "The main challenge is that traditional methods are indifferent to word order, which prevents them from accurately representing phrases such as 'Air Canada'."
        },
        {
            "section number": "3.1",
            "key information": "The proposed method aims to improve the representation of phrases by learning vector representations for them, thereby addressing the limitations of current models."
        },
        {
            "section number": "3.2",
            "key information": "The innovation lies in the introduction of a method that enables the learning of vector representations for millions of phrases, enhancing the overall quality and utility of word vectors."
        },
        {
            "section number": "3.3",
            "key information": "The method involves using a continuous Skip-gram model with enhancements such as negative sampling to efficiently learn high-quality vector representations."
        },
        {
            "section number": "3.4",
            "key information": "The experiments were conducted using a dataset that includes a large corpus of text, comparing the proposed method against baseline methods in terms of speed and representation quality."
        },
        {
            "section number": "7.4",
            "key information": "A limitation of the method is that it may still struggle with highly complex phrases or those with ambiguous meanings."
        }
    ],
    "similarity_score": null,
    "image": null,
    "path": "/home/liudingyuan/code/SurveyX/code/SurveyX-main/outputs/t1b/papers/Distributed representations of words and phrases and their compositionality.json"
}