{
    "from": null,
    "scholar_id": null,
    "detail_id": null,
    "title": "Diverse beam search: Decoding diverse solutions from neural sequence models",
    "abstract": "Neural sequence models are widely used to model time-series data. Equally ubiquitous is the usage of beam search (BS) as an approximate inference algorithm to decode output sequences from these models. BS explores the search space in a greedy left-right fashion retaining only the top-B candidates - resulting in sequences that differ only slightly from each other. Producing lists of nearly identical sequences is not only computationally wasteful but also typically fails to capture the inherent ambiguity of complex AI tasks. To overcome this problem, we propose Diverse Beam Search (DBS), an alternative to BS that decodes a list of diverse outputs by optimizing for a diversity-augmented objective. We observe that our method finds better top-1 solutions by controlling for the exploration and exploitation of the search space - implying that DBS is a better search algorithm. Moreover, these gains are achieved with minimal computational or memory over- head as compared to beam search. To demonstrate the broad applicability of our method, we present results on image captioning, machine translation and visual question generation using both standard quantitative metrics and qualitative human studies. Further, we study the role of diversity for image-grounded language generation tasks as the complexity of the image changes. We observe that our method consistently outperforms BS and previously proposed techniques for diverse decoding from neural sequence models.",
    "arxivid": "1610.02424v2",
    "bib_name": "Diversebea190",
    "md_text": "# Diverse beam search: Decoding diverse solutions from neural sequence models\n\n\nabstract\n\nNeural sequence models are widely used to model time-series data. Equally ubiquitous is the usage of beam search (BS) as an approximate inference algorithm to decode output sequences from these models. BS explores the search space in a greedy left-right fashion retaining only the top-B candidates - resulting in sequences that differ only slightly from each other. Producing lists of nearly identical sequences is not only computationally wasteful but also typically fails to capture the inherent ambiguity of complex AI tasks. To overcome this problem, we propose Diverse Beam Search (DBS), an alternative to BS that decodes a list of diverse outputs by optimizing for a diversity-augmented objective. We observe that our method finds better top-1 solutions by controlling for the exploration and exploitation of the search space - implying that DBS is a better search algorithm. Moreover, these gains are achieved with minimal computational or memory over- head as compared to beam search. To demonstrate the broad applicability of our method, we present results on image captioning, machine translation and visual question generation using both standard quantitative metrics and qualitative human studies. Further, we study the role of diversity for image-grounded language generation tasks as the complexity of the image changes. We observe that our method consistently outperforms BS and previously proposed techniques for diverse decoding from neural sequence models.",
    "paper_type": "method",
    "attri": {
        "background": "Neural sequence models are extensively utilized for modeling time-series data, with beam search being a common approximate inference algorithm. However, traditional beam search often yields nearly identical sequences, failing to capture the complexity and ambiguity of tasks, necessitating a new approach.",
        "problem": {
            "definition": "The problem addressed is the limitation of traditional beam search in producing diverse outputs from neural sequence models, which results in a lack of exploration of the search space.",
            "key obstacle": "The core obstacle is the greedy nature of beam search that retains only the top-B candidates, leading to computational inefficiency and a failure to represent the inherent ambiguity in AI tasks."
        },
        "idea": {
            "intuition": "The idea for Diverse Beam Search (DBS) emerged from the observation that a diversity-augmented objective could enhance the exploration of the search space, leading to more varied outputs.",
            "opinion": "DBS aims to provide a list of diverse outputs by optimizing for diversity, contrasting with traditional beam search that focuses solely on the highest scoring sequences.",
            "innovation": "The primary innovation of DBS lies in its ability to balance exploration and exploitation in the search process, allowing it to outperform traditional beam search and other existing diverse decoding methods."
        },
        "method": {
            "method name": "Diverse Beam Search",
            "method abbreviation": "DBS",
            "method definition": "DBS is defined as a decoding algorithm that optimizes for a diversity-augmented objective to generate a list of diverse outputs from neural sequence models.",
            "method description": "DBS enhances the output diversity of neural sequence models while maintaining computational efficiency.",
            "method steps": "The method involves initializing a beam of candidates, evaluating their diversity, and selecting candidates that optimize both quality and variation in the output sequences.",
            "principle": "The effectiveness of DBS is supported by its ability to control the balance between exploration and exploitation, leading to improved top-1 solutions and capturing the complexity of the tasks."
        },
        "experiments": {
            "evaluation setting": "The experiments were conducted on tasks such as image captioning, machine translation, and visual question generation, using both quantitative metrics and qualitative human studies for evaluation.",
            "evaluation method": "The performance of DBS was assessed by comparing the results against traditional beam search and previously proposed techniques, focusing on the diversity and quality of the generated outputs."
        },
        "conclusion": "The experiments demonstrated that Diverse Beam Search consistently outperforms traditional beam search and other diverse decoding methods, highlighting its effectiveness and broad applicability across various tasks.",
        "discussion": {
            "advantage": "DBS's key advantages include its ability to generate diverse outputs without significant computational overhead, leading to more effective modeling of complex tasks.",
            "limitation": "A limitation of the method may include potential challenges in fine-tuning the diversity parameters to achieve optimal performance across different tasks.",
            "future work": "Future research could explore further enhancements to the diversity-augmented objective and investigate its applicability to additional tasks and domains."
        },
        "other info": []
    },
    "mount_outline": [
        {
            "section number": "2.3",
            "key information": "The problem addressed is the limitation of traditional beam search in producing diverse outputs from neural sequence models, which results in a lack of exploration of the search space."
        },
        {
            "section number": "3.1",
            "key information": "DBS enhances the output diversity of neural sequence models while maintaining computational efficiency."
        },
        {
            "section number": "3.6",
            "key information": "The primary innovation of DBS lies in its ability to balance exploration and exploitation in the search process, allowing it to outperform traditional beam search and other existing diverse decoding methods."
        },
        {
            "section number": "5.1",
            "key information": "DBS aims to provide a list of diverse outputs by optimizing for diversity, contrasting with traditional beam search that focuses solely on the highest scoring sequences."
        },
        {
            "section number": "7.2",
            "key information": "The core obstacle is the greedy nature of beam search that retains only the top-B candidates, leading to computational inefficiency and a failure to represent the inherent ambiguity in AI tasks."
        },
        {
            "section number": "7.3",
            "key information": "A limitation of the method may include potential challenges in fine-tuning the diversity parameters to achieve optimal performance across different tasks."
        }
    ],
    "similarity_score": null,
    "image": null,
    "path": "/home/liudingyuan/code/SurveyX/code/SurveyX-main/outputs/t1b/papers/Diverse beam search_ Decoding diverse solutions from neural sequence models.json"
}