{
    "from": null,
    "scholar_id": null,
    "detail_id": null,
    "title": "Do transformer modifications transfer across implementations and applications",
    "abstract": "The research community has proposed copious modifications to the Transformer architecture since it was introduced over three years ago, relatively few of which have seen widespread adoption. In this paper, we comprehensively evaluate many of these modifications in a shared experimental setting that covers most of the common uses of the Transformer in natural language processing. Surprisingly, we find that most modifications do not meaningfully improve performance. Furthermore, most of the Transformer variants we found beneficial were either developed in the same codebase that we used or are relatively minor changes. We conjecture that performance improvements may strongly depend on implementation details and correspondingly make some recommendations for improving the generality of experimental results.",
    "arxivid": "2102.11972v2",
    "bib_name": "Dotransfor170",
    "md_text": "# Do transformer modifications transfer across implementations and applications\n\n\nabstract\n\nThe research community has proposed copious modifications to the Transformer architecture since it was introduced over three years ago, relatively few of which have seen widespread adoption. In this paper, we comprehensively evaluate many of these modifications in a shared experimental setting that covers most of the common uses of the Transformer in natural language processing. Surprisingly, we find that most modifications do not meaningfully improve performance. Furthermore, most of the Transformer variants we found beneficial were either developed in the same codebase that we used or are relatively minor changes. We conjecture that performance improvements may strongly depend on implementation details and correspondingly make some recommendations for improving the generality of experimental results.",
    "paper_type": "benchmark",
    "attri": {
        "background": "The paper addresses the proliferation of modifications to the Transformer architecture since its introduction, highlighting the limited adoption of these modifications in practice. It emphasizes the necessity of evaluating these modifications in a shared experimental setting to understand their effectiveness across various applications in natural language processing.",
        "problem": {
            "definition": "The benchmark is designed to evaluate the effectiveness of various modifications to the Transformer architecture in improving performance across different natural language processing tasks.",
            "key obstacle": "Existing benchmarks often do not account for the variability in performance due to implementation details, leading to misleading conclusions about the efficacy of certain modifications."
        },
        "idea": {
            "intuition": "The authors were inspired by the observation that many proposed modifications to the Transformer did not lead to significant performance improvements in practice, suggesting a need for a systematic evaluation.",
            "opinion": "The authors believe that understanding the impact of implementation details on performance is crucial for advancing research in Transformer modifications.",
            "innovation": "This benchmark differs from previous ones by focusing on a comprehensive evaluation of Transformer modifications in a shared experimental setting, allowing for a clearer understanding of their effectiveness.",
            "benchmark abbreviation": "TransBench"
        },
        "dataset": {
            "source": "The dataset was created by compiling various natural language processing tasks that commonly utilize the Transformer architecture.",
            "desc": "The dataset includes a variety of tasks and is structured to facilitate a fair comparison of different Transformer modifications.",
            "content": "The dataset contains text data relevant to natural language processing tasks, including but not limited to text classification, translation, and summarization.",
            "size": "-",
            "domain": "Natural Language Processing",
            "task format": "Text Classification"
        },
        "metrics": {
            "metric name": "Accuracy, F1-score",
            "aspect": "Model performance in terms of classification accuracy and balance between precision and recall.",
            "principle": "The metrics were chosen based on their ability to provide a comprehensive view of model performance across different tasks.",
            "procedure": "Model performance was evaluated using standard procedures for calculating accuracy and F1-score across the benchmark tasks."
        },
        "experiments": {
            "model": "The experiments tested various state-of-the-art Transformer models along with their proposed modifications.",
            "procedure": "Models were trained using standard hyperparameters and evaluated on the benchmark tasks to assess the impact of modifications.",
            "result": "The results indicated that most modifications did not lead to significant performance improvements, with only a few showing benefits within the same codebase.",
            "variability": "Variability in results was accounted for by conducting multiple trials and using different subsets of the dataset."
        },
        "conclusion": "The findings suggest that many modifications to the Transformer architecture do not yield meaningful performance improvements, emphasizing the importance of implementation details in evaluating model effectiveness.",
        "discussion": {
            "advantage": "The benchmark contributes to the field by providing a systematic evaluation framework for Transformer modifications, helping researchers identify effective changes.",
            "limitation": "One limitation is that the benchmark may not cover all possible modifications or implementations, potentially overlooking some beneficial changes.",
            "future work": "Future research could explore additional modifications and their impact on performance across a wider range of tasks and datasets."
        },
        "other info": []
    },
    "mount_outline": [
        {
            "section number": "3.2",
            "key information": "The paper highlights the necessity of evaluating modifications to the Transformer architecture in a shared experimental setting to understand their effectiveness across various applications in natural language processing."
        },
        {
            "section number": "3.1",
            "key information": "The benchmark, named TransBench, focuses on a comprehensive evaluation of Transformer modifications to provide clearer insights into their effectiveness."
        },
        {
            "section number": "4.1",
            "key information": "The experiments tested various state-of-the-art Transformer models along with their proposed modifications, emphasizing the impact of implementation details on performance."
        },
        {
            "section number": "7.2",
            "key information": "The paper identifies a key obstacle where existing benchmarks do not account for variability in performance due to implementation details, leading to misleading conclusions about the efficacy of modifications."
        },
        {
            "section number": "7.4",
            "key information": "The findings suggest that many modifications to the Transformer architecture do not yield meaningful performance improvements, emphasizing the importance of implementation details in evaluating model effectiveness."
        }
    ],
    "similarity_score": null,
    "image": null,
    "path": "/home/liudingyuan/code/SurveyX/code/SurveyX-main/outputs/t1b/papers/Do transformer modifications transfer across implementations and applications.json"
}