{
    "from": null,
    "scholar_id": null,
    "detail_id": null,
    "title": "Efficiently modeling long sequences with structured state spaces",
    "abstract": "A central goal of sequence modeling is designing a single principled model that can address sequence data across a range of modalities and tasks, particularly on long-range dependencies. Although conventional models including RNNs, CNNs, and Transformers have specialized variants for capturing long dependencies, they still struggle to scale to very long sequences of $10000$ or more steps. A promising recent approach proposed modeling sequences by simulating the fundamental state space model (SSM) \\( x'(t) = Ax(t) + Bu(t), y(t) = Cx(t) + Du(t) \\), and showed that for appropriate choices of the state matrix \\( A \\), this system could handle long-range dependencies mathematically and empirically. However, this method has prohibitive computation and memory requirements, rendering it infeasible as a general sequence modeling solution. We propose the Structured State Space sequence model (S4) based on a new parameterization for the SSM, and show that it can be computed much more efficiently than prior approaches while preserving their theoretical strengths. Our technique involves conditioning \\( A \\) with a low-rank correction, allowing it to be diagonalized stably and reducing the SSM to the well-studied computation of a Cauchy kernel. S4 achieves strong empirical results across a diverse range of established benchmarks, including (i) 91\\% accuracy on sequential CIFAR-10 with no data augmentation or auxiliary losses, on par with a larger 2-D ResNet, (ii) substantially closing the gap to Transformers on image and language modeling tasks, while performing generation $60\\times$ faster (iii) SoTA on every task from the Long Range Arena benchmark, including solving the challenging Path-X task of length 16k that all prior work fails on, while being as efficient as all competitors.",
    "arxivid": "2111.00396v3",
    "bib_name": "Efficientl155",
    "md_text": "# Efficiently modeling long sequences with structured state spaces\n\n\nabstract\n\nA central goal of sequence modeling is designing a single principled model that can address sequence data across a range of modalities and tasks, particularly on long-range dependencies. Although conventional models including RNNs, CNNs, and Transformers have specialized variants for capturing long dependencies, they still struggle to scale to very long sequences of $10000$ or more steps. A promising recent approach proposed modeling sequences by simulating the fundamental state space model (SSM) \\( x'(t) = Ax(t) + Bu(t), y(t) = Cx(t) + Du(t) \\), and showed that for appropriate choices of the state matrix \\( A \\), this system could handle long-range dependencies mathematically and empirically. However, this method has prohibitive computation and memory requirements, rendering it infeasible as a general sequence modeling solution. We propose the Structured State Space sequence model (S4) based on a new parameterization for the SSM, and show that it can be computed much more efficiently than prior approaches while preserving their theoretical strengths. Our technique involves conditioning \\( A \\) with a low-rank correction, allowing it to be diagonalized stably and reducing the SSM to the well-studied computation of a Cauchy kernel. S4 achieves strong empirical results across a diverse range of established benchmarks, including (i) 91\\% accuracy on sequential CIFAR-10 with no data augmentation or auxiliary losses, on par with a larger 2-D ResNet, (ii) substantially closing the gap to Transformers on image and language modeling tasks, while performing generation $60\\times$ faster (iii) SoTA on every task from the Long Range Arena benchmark, including solving the challenging Path-X task of length 16k that all prior work fails on, while being as efficient as all competitors.",
    "paper_type": "method",
    "attri": {
        "background": "This paper addresses the issue of efficiently modeling long sequences in various modalities and tasks, highlighting the limitations of conventional models such as RNNs, CNNs, and Transformers in scaling to sequences of 10,000 or more steps. A recent approach using state space models (SSM) showed promise but suffered from high computational and memory demands, necessitating a new breakthrough.",
        "problem": {
            "definition": "The problem defined in this paper is the challenge of effectively modeling long-range dependencies in sequence data, particularly for sequences that exceed 10,000 steps.",
            "key obstacle": "The main difficulty lies in the prohibitive computation and memory requirements of existing methods, which hinder their applicability to very long sequences."
        },
        "idea": {
            "intuition": "The intuition behind the proposed idea stems from the realization that a new parameterization of the state space model can enhance efficiency while maintaining theoretical strengths.",
            "opinion": "The proposed idea, the Structured State Space sequence model (S4), aims to provide a more efficient computational approach to modeling long sequences by leveraging a low-rank correction for the state matrix.",
            "innovation": "The key innovation of S4 is its ability to compute efficiently by reducing the state space model to the simpler computation of a Cauchy kernel, which differentiates it from existing methods."
        },
        "method": {
            "method name": "Structured State Space sequence model",
            "method abbreviation": "S4",
            "method definition": "S4 is defined as a parameterization of the state space model that utilizes a low-rank correction to improve computational efficiency while effectively handling long-range dependencies.",
            "method description": "S4 provides a computationally efficient framework for modeling long sequences by transforming the state space model into a Cauchy kernel.",
            "method steps": "1. Define the state space model with a low-rank correction. 2. Diagonalize the state matrix A stably. 3. Compute the output using the Cauchy kernel approach.",
            "principle": "The effectiveness of S4 in solving the problem is rooted in its ability to simplify complex computations associated with long sequences, thus enabling efficient processing without sacrificing performance."
        },
        "experiments": {
            "evaluation setting": "The evaluation was conducted across established benchmarks, including sequential CIFAR-10 and the Long Range Arena benchmark, comparing S4 against baseline methods.",
            "evaluation method": "The performance of S4 was assessed based on accuracy metrics and computational efficiency, measuring results against larger models and existing state-of-the-art methods."
        },
        "conclusion": "S4 achieves strong empirical results, demonstrating 91% accuracy on sequential CIFAR-10, significantly closing the performance gap with Transformers, and setting the state-of-the-art on various tasks, including the challenging Path-X task of length 16k.",
        "discussion": {
            "advantage": "The primary advantages of S4 include its computational efficiency, ability to handle very long sequences, and competitive performance relative to larger models.",
            "limitation": "One limitation of the method may include its reliance on the specific parameterization of the state space model, which may not generalize to all types of sequence data.",
            "future work": "Future research could explore further optimizations of the S4 framework, investigate its applicability to different domains, and assess its performance on even longer sequences."
        },
        "other info": []
    },
    "mount_outline": [
        {
            "section number": "2.3",
            "key information": "The main difficulty lies in the prohibitive computation and memory requirements of existing methods, which hinder their applicability to very long sequences."
        },
        {
            "section number": "3.1",
            "key information": "S4 provides a computationally efficient framework for modeling long sequences by transforming the state space model into a Cauchy kernel."
        },
        {
            "section number": "3.4",
            "key information": "The primary advantages of S4 include its computational efficiency, ability to handle very long sequences, and competitive performance relative to larger models."
        },
        {
            "section number": "7.2",
            "key information": "The evaluation was conducted across established benchmarks, including sequential CIFAR-10 and the Long Range Arena benchmark, comparing S4 against baseline methods."
        },
        {
            "section number": "7.4",
            "key information": "One limitation of the method may include its reliance on the specific parameterization of the state space model, which may not generalize to all types of sequence data."
        }
    ],
    "similarity_score": null,
    "image": null,
    "path": "/home/liudingyuan/code/SurveyX/code/SurveyX-main/outputs/t1b/papers/Efficiently modeling long sequences with structured state spaces.json"
}