{
    "from": null,
    "scholar_id": null,
    "detail_id": null,
    "title": "Efficient estimation of word representations in vector space",
    "abstract": "We propose two novel model architectures for computing continuous vector\nrepresentations of words from very large data sets. The quality of these\nrepresentations is measured in a word similarity task, and the results are\ncompared to the previously best performing techniques based on different types\nof neural networks. We observe large improvements in accuracy at much lower\ncomputational cost, i.e. it takes less than a day to learn high quality word\nvectors from a 1.6 billion words data set. Furthermore, we show that these\nvectors provide state-of-the-art performance on our test set for measuring\nsyntactic and semantic word similarities.",
    "arxivid": "1301.3781v3",
    "bib_name": "Efficiente2",
    "md_text": "# Efficient estimation of word representations in vector space\n\n\nabstract\n\nWe propose two novel model architectures for computing continuous vector\nrepresentations of words from very large data sets. The quality of these\nrepresentations is measured in a word similarity task, and the results are\ncompared to the previously best performing techniques based on different types\nof neural networks. We observe large improvements in accuracy at much lower\ncomputational cost, i.e. it takes less than a day to learn high quality word\nvectors from a 1.6 billion words data set. Furthermore, we show that these\nvectors provide state-of-the-art performance on our test set for measuring\nsyntactic and semantic word similarities.",
    "paper_type": "method",
    "attri": {
        "background": "This paper addresses the issue of efficiently estimating word representations in vector space from very large data sets, highlighting the limitations of previous methods that require substantial computational resources and time.",
        "problem": {
            "definition": "The problem is the challenge of generating high-quality continuous vector representations of words from extensive data sets without incurring excessive computational costs.",
            "key obstacle": "The core obstacle is the high computational demand and time required by existing methods to learn effective word representations, which limits their applicability to very large data sets."
        },
        "idea": {
            "intuition": "The idea is inspired by the need for a more efficient approach to learning word vectors that balances quality and computational efficiency.",
            "opinion": "The proposed idea entails two novel model architectures that significantly reduce the time and resources needed to compute word representations while maintaining or improving accuracy.",
            "innovation": "The primary innovation lies in the development of these new model architectures that outperform existing techniques in both accuracy and computational cost."
        },
        "method": {
            "method name": "Novel Model Architectures for Word Representations",
            "method abbreviation": "NMA-WR",
            "method definition": "The method involves using two innovative neural network architectures designed specifically for the efficient computation of word vector representations from large data sets.",
            "method description": "This method leverages advanced neural network techniques to learn high-quality word vectors quickly and efficiently.",
            "principle": "The effectiveness of this method is based on optimizing the learning process to reduce computational demands while enhancing the quality of the resulting word vectors."
        },
        "experiments": {
            "evaluation setting": "The experimental setup includes a dataset of 1.6 billion words and compares the proposed methods against previously best-performing neural network techniques in a word similarity task.",
            "evaluation method": "The evaluation method involves measuring the accuracy of the word vectors produced by the new architectures in a word similarity task and analyzing their performance against baseline methods."
        },
        "conclusion": "The outcomes of the experiments demonstrate that the proposed model architectures achieve state-of-the-art performance in word similarity tasks while significantly reducing computational costs and time.",
        "discussion": {
            "advantage": "The key advantages of the proposed approach include improved accuracy in word representations and a reduction in computational time and resources needed for training.",
            "limitation": "A limitation of the method may include potential challenges in scaling to even larger datasets or specific linguistic contexts where the models may not perform as well.",
            "future work": "Future work could explore further optimizations of the architectures, adaptations for different languages or domains, and the integration of additional linguistic features to enhance word representations."
        },
        "other info": []
    },
    "mount_outline": [
        {
            "section number": "1.1",
            "key information": "This paper addresses the issue of efficiently estimating word representations in vector space from very large data sets, highlighting the limitations of previous methods that require substantial computational resources and time."
        },
        {
            "section number": "2.1",
            "key information": "The problem is the challenge of generating high-quality continuous vector representations of words from extensive data sets without incurring excessive computational costs."
        },
        {
            "section number": "2.3",
            "key information": "The core obstacle is the high computational demand and time required by existing methods to learn effective word representations, which limits their applicability to very large data sets."
        },
        {
            "section number": "3.1",
            "key information": "The proposed idea entails two novel model architectures that significantly reduce the time and resources needed to compute word representations while maintaining or improving accuracy."
        },
        {
            "section number": "3.2",
            "key information": "The primary innovation lies in the development of these new model architectures that outperform existing techniques in both accuracy and computational cost."
        },
        {
            "section number": "4.1",
            "key information": "The method involves using two innovative neural network architectures designed specifically for the efficient computation of word vector representations from large data sets."
        },
        {
            "section number": "4.4",
            "key information": "The effectiveness of this method is based on optimizing the learning process to reduce computational demands while enhancing the quality of the resulting word vectors."
        },
        {
            "section number": "7.2",
            "key information": "The key advantages of the proposed approach include improved accuracy in word representations and a reduction in computational time and resources needed for training."
        }
    ],
    "similarity_score": null,
    "image": null,
    "path": "/home/liudingyuan/code/SurveyX/code/SurveyX-main/outputs/t1b/papers/Efficient estimation of word representations in vector space.json"
}