{
    "from": null,
    "scholar_id": null,
    "detail_id": null,
    "title": "Emergent abilities of large language models",
    "abstract": "Scaling up language models has been shown to predictably improve performance and sample efficiency on a wide range of downstream tasks. This paper instead discusses an unpredictable phenomenon that we refer to as emergent abilities of large language models. We consider an ability to be emergent if it is not present in smaller models but is present in larger models. Thus, emergent abilities cannot be predicted simply by extrapolating the performance of smaller models. The existence of such emergence implies that additional scaling could further expand the range of capabilities of language models.",
    "arxivid": "2206.07682v2",
    "bib_name": "Emergentab12",
    "md_text": "# Emergent abilities of large language models\n\n\nabstract\n\nScaling up language models has been shown to predictably improve performance and sample efficiency on a wide range of downstream tasks. This paper instead discusses an unpredictable phenomenon that we refer to as emergent abilities of large language models. We consider an ability to be emergent if it is not present in smaller models but is present in larger models. Thus, emergent abilities cannot be predicted simply by extrapolating the performance of smaller models. The existence of such emergence implies that additional scaling could further expand the range of capabilities of language models.",
    "paper_type": "theory",
    "attri": {
        "background": "This paper addresses the issue of emergent abilities in large language models, highlighting the unpredictability of their performance as they scale up, in contrast to smaller models.",
        "problem": {
            "definition": "The problem is the unpredictability of emergent abilities that arise in larger language models which are not present in smaller counterparts.",
            "key obstacle": "The main difficulty lies in the inability to predict the emergence of these abilities through the performance metrics of smaller models."
        },
        "idea": {
            "intuition": "The idea was inspired by observations that larger models exhibit capabilities that smaller models do not.",
            "opinion": "The core opinion is that emergent abilities represent a significant shift in understanding how language models function as they scale.",
            "innovation": "The primary improvement is the recognition that scaling can lead to unpredictable capabilities, which challenges traditional methods of performance extrapolation."
        },
        "Theory": {
            "perspective": "The perspective of the theory revolves around the notion of emergence in complex systems, particularly in the context of artificial intelligence.",
            "opinion": "The view is that emergent abilities fundamentally alter our expectations of model performance based on size.",
            "proof": "The proof is derived from empirical observations showing that larger models exhibit capabilities not found in smaller models, suggesting a non-linear relationship between model size and performance."
        },
        "experiments": {
            "evaluation setting": "The evaluation setting involves comparing performance metrics across various sizes of language models to identify emergent abilities.",
            "evaluation method": "The specific evaluation steps include assessing the capabilities of large models against smaller ones across a range of tasks."
        },
        "conclusion": "The conclusion drawn is that emergent abilities represent a significant phenomenon in the scaling of language models, indicating that further scaling could yield even more capabilities.",
        "discussion": {
            "advantage": "The advantage of this paper is its identification of emergent abilities, which can inform future research directions in model scaling.",
            "limitation": "The limitation is the unpredictability of these emergent abilities, which complicates the modeling and understanding of performance improvements.",
            "future work": "Future work could focus on systematically investigating the conditions under which emergent abilities arise and how they can be harnessed."
        },
        "other info": []
    },
    "mount_outline": [
        {
            "section number": "3.6",
            "key information": "Emergent abilities represent a significant phenomenon in the scaling of language models, indicating that further scaling could yield even more capabilities."
        },
        {
            "section number": "2.3",
            "key information": "The problem is the unpredictability of emergent abilities that arise in larger language models which are not present in smaller counterparts."
        },
        {
            "section number": "7.4",
            "key information": "The unpredictability of emergent abilities complicates the modeling and understanding of performance improvements."
        },
        {
            "section number": "3.1",
            "key information": "The primary improvement is the recognition that scaling can lead to unpredictable capabilities, which challenges traditional methods of performance extrapolation."
        },
        {
            "section number": "5.1",
            "key information": "The evaluation setting involves comparing performance metrics across various sizes of language models to identify emergent abilities."
        }
    ],
    "similarity_score": null,
    "image": null,
    "path": "/home/liudingyuan/code/SurveyX/code/SurveyX-main/outputs/t1b/papers/Emergent abilities of large language models.json"
}