{
    "from": null,
    "scholar_id": null,
    "detail_id": null,
    "title": "Extending context window of large language models via positional interpolation",
    "abstract": "We present Position Interpolation (PI) that extends the context window sizes of RoPE-based pretrained LLMs such as LLaMA models to up to 32768 with minimal fine-tuning (within 1000 steps), while demonstrating strong empirical results on various tasks that require long context, including passkey retrieval, language modeling, and long document summarization from LLaMA 7B to 65B. Meanwhile, the extended model by Position Interpolation preserve quality relatively well on tasks within its original context window. To achieve this goal, Position Interpolation linearly down-scales the input position indices to match the original context window size, rather than extrapolating beyond the trained context length which may lead to catastrophically high attention scores that completely ruin the self-attention mechanism. Our theoretical study shows that the upper bound of interpolation is at least $\\sim 600 \\times$ smaller than that of extrapolation, further demonstrating its stability. Models extended via Position Interpolation retain its original architecture and can reuse most pre-existing optimization and infrastructure.",
    "arxivid": "2306.15595v2",
    "bib_name": "Extendingc149",
    "md_text": "# Extending context window of large language models via positional interpolation\n\n\nabstract\n\nWe present Position Interpolation (PI) that extends the context window sizes of RoPE-based pretrained LLMs such as LLaMA models to up to 32768 with minimal fine-tuning (within 1000 steps), while demonstrating strong empirical results on various tasks that require long context, including passkey retrieval, language modeling, and long document summarization from LLaMA 7B to 65B. Meanwhile, the extended model by Position Interpolation preserve quality relatively well on tasks within its original context window. To achieve this goal, Position Interpolation linearly down-scales the input position indices to match the original context window size, rather than extrapolating beyond the trained context length which may lead to catastrophically high attention scores that completely ruin the self-attention mechanism. Our theoretical study shows that the upper bound of interpolation is at least $\\sim 600 \\times$ smaller than that of extrapolation, further demonstrating its stability. Models extended via Position Interpolation retain its original architecture and can reuse most pre-existing optimization and infrastructure.",
    "paper_type": "method",
    "attri": {
        "background": "This paper addresses the issue of limited context window sizes in RoPE-based pretrained large language models (LLMs), such as LLaMA models, which restrict their performance on tasks requiring long context. Previous methods have struggled to extend these context windows effectively, necessitating a new approach to enhance model capabilities.",
        "problem": {
            "definition": "The problem is the inability of RoPE-based pretrained LLMs to process contexts longer than their trained context window sizes, which limits their effectiveness in tasks that demand long-range dependencies.",
            "key obstacle": "The main challenge is that existing methods for extending context windows often lead to unstable performance due to extrapolating beyond the trained context length, resulting in high attention scores that disrupt the self-attention mechanism."
        },
        "idea": {
            "intuition": "The idea is inspired by the need to enhance the context window size without compromising the model's performance, leading to the development of a method that interpolates rather than extrapolates position indices.",
            "opinion": "The proposed idea, Position Interpolation (PI), involves linearly down-scaling the input position indices to fit within the original context window size, thereby maintaining the integrity of the self-attention mechanism.",
            "innovation": "The key innovation of Position Interpolation lies in its ability to extend context windows up to 32768 tokens with minimal fine-tuning, while preserving model quality on tasks within the original context window, contrasting with existing methods that may lead to performance degradation."
        },
        "method": {
            "method name": "Position Interpolation",
            "method abbreviation": "PI",
            "method definition": "Position Interpolation is a technique that adjusts input position indices linearly to extend the context window of RoPE-based pretrained LLMs without exceeding the original context length, thus ensuring stable performance.",
            "method description": "PI allows LLMs to handle longer contexts effectively while retaining the original model architecture and leveraging existing optimization strategies.",
            "method steps": "1. Identify the original context window size. 2. Linearly down-scale the input position indices. 3. Implement the adjusted indices in the self-attention mechanism. 4. Fine-tune the model minimally (within 1000 steps).",
            "principle": "The effectiveness of this method is supported by theoretical analysis showing that the upper bound of interpolation is significantly smaller than that of extrapolation, ensuring stability and reliability in model performance."
        },
        "experiments": {
            "evaluation setting": "The experiments were conducted using LLaMA models ranging from 7B to 65B parameters, comparing the performance of the models before and after applying Position Interpolation on various long-context tasks, including passkey retrieval, language modeling, and long document summarization.",
            "evaluation method": "Performance was assessed by measuring the models' ability to handle long contexts and their quality on tasks within the original context window, with empirical results demonstrating strong performance across these benchmarks."
        },
        "conclusion": "Position Interpolation successfully extends the context window sizes of RoPE-based pretrained LLMs with minimal fine-tuning, showing strong empirical results on various long-context tasks while maintaining quality on tasks within the original context window.",
        "discussion": {
            "advantage": "The primary advantage of the proposed approach is its ability to extend context windows significantly without compromising model performance, making it suitable for a wider range of applications requiring long-range dependencies.",
            "limitation": "A limitation of the method may include the potential for reduced effectiveness in extremely long contexts beyond the tested range, as well as the reliance on the original model architecture.",
            "future work": "Future research could explore further enhancements to Position Interpolation, investigate its applicability to other model architectures, and assess its performance on even longer context tasks."
        },
        "other info": []
    },
    "mount_outline": [
        {
            "section number": "3.1",
            "key information": "Position Interpolation (PI) allows LLMs to handle longer contexts effectively while retaining the original model architecture and leveraging existing optimization strategies."
        },
        {
            "section number": "3.4",
            "key information": "Position Interpolation is a technique that adjusts input position indices linearly to extend the context window of RoPE-based pretrained LLMs without exceeding the original context length, thus ensuring stable performance."
        },
        {
            "section number": "2.3",
            "key information": "The problem is the inability of RoPE-based pretrained LLMs to process contexts longer than their trained context window sizes, which limits their effectiveness in tasks that demand long-range dependencies."
        },
        {
            "section number": "6.5",
            "key information": "The primary advantage of the proposed approach is its ability to extend context windows significantly without compromising model performance, making it suitable for a wider range of applications requiring long-range dependencies."
        },
        {
            "section number": "7.4",
            "key information": "A limitation of the method may include the potential for reduced effectiveness in extremely long contexts beyond the tested range, as well as the reliance on the original model architecture."
        }
    ],
    "similarity_score": null,
    "image": null,
    "path": "/home/liudingyuan/code/SurveyX/code/SurveyX-main/outputs/t1b/papers/Extending context window of large language models via positional interpolation.json"
}