{
    "from": null,
    "scholar_id": null,
    "detail_id": null,
    "title": "Fastmoe: A fast mixture-of-expert training system",
    "abstract": "Mixture-of-Expert (MoE) presents a strong potential in enlarging the size of language model to trillions of parameters. However, training trillion-scale MoE requires algorithm and system co-design for a well-tuned high performance distributed training system. Unfortunately, the only existing platform that meets the requirements strongly depends on Google's hardware (TPU) and software (Mesh Tensorflow) stack, and is not open and available to the public, especially GPU and PyTorch communities. In this paper, we present FastMoE, a distributed MoE training system based on PyTorch with common accelerators. The system provides a hierarchical interface for both flexible model design and easy adaption to different applications, such as Transformer-XL and Megatron-LM. Different from direct implementation of MoE models using PyTorch, the training speed is highly optimized in FastMoE by sophisticated high-performance acceleration skills. The system supports placing different experts on multiple GPUs across multiple nodes, enabling enlarging the number of experts linearly against the number of GPUs. The source of FastMoE is available at https://github.com/laekov/fastmoe under Apache-2 license.",
    "arxivid": "2103.13262v1",
    "bib_name": "Fastmoe:Af111",
    "md_text": "# Fastmoe: A fast mixture-of-expert training system\n\n\nabstract\n\nMixture-of-Expert (MoE) presents a strong potential in enlarging the size of language model to trillions of parameters. However, training trillion-scale MoE requires algorithm and system co-design for a well-tuned high performance distributed training system. Unfortunately, the only existing platform that meets the requirements strongly depends on Google's hardware (TPU) and software (Mesh Tensorflow) stack, and is not open and available to the public, especially GPU and PyTorch communities. In this paper, we present FastMoE, a distributed MoE training system based on PyTorch with common accelerators. The system provides a hierarchical interface for both flexible model design and easy adaption to different applications, such as Transformer-XL and Megatron-LM. Different from direct implementation of MoE models using PyTorch, the training speed is highly optimized in FastMoE by sophisticated high-performance acceleration skills. The system supports placing different experts on multiple GPUs across multiple nodes, enabling enlarging the number of experts linearly against the number of GPUs. The source of FastMoE is available at https://github.com/laekov/fastmoe under Apache-2 license.",
    "paper_type": "method",
    "attri": {
        "background": "This paper addresses the issue of training trillion-scale Mixture-of-Expert (MoE) models, highlighting the limitations of existing platforms that are tied to specific hardware and software stacks, particularly Google's TPU and Mesh Tensorflow, which are not accessible to the broader GPU and PyTorch communities.",
        "problem": {
            "definition": "The problem is the lack of an open and efficient distributed training system for Mixture-of-Expert models that can leverage common accelerators like GPUs, making it difficult to train large-scale language models effectively.",
            "key obstacle": "The main challenge is the dependency of existing systems on proprietary hardware and software, which restricts their usability and performance for the wider research community."
        },
        "idea": {
            "intuition": "The idea was inspired by the need for a more accessible and efficient training system that can utilize available hardware, allowing researchers to train large-scale MoE models without being restricted by proprietary platforms.",
            "opinion": "FastMoE is proposed as a distributed MoE training system that integrates seamlessly with PyTorch and common accelerators, offering flexibility in model design and application adaptation.",
            "innovation": "The primary innovation of FastMoE lies in its highly optimized training speed through advanced acceleration techniques, enabling the distribution of experts across multiple GPUs and nodes, which is a significant improvement over existing implementations."
        },
        "method": {
            "method name": "FastMoE",
            "method abbreviation": "FM",
            "method definition": "FastMoE is a distributed training system for Mixture-of-Expert models that operates on PyTorch, designed to optimize training speed and efficiency while being adaptable to various applications.",
            "method description": "The core of FastMoE is its ability to efficiently distribute and train MoE models across multiple GPUs and nodes, enhancing scalability and performance.",
            "method steps": [
                "Set up the FastMoE environment with PyTorch.",
                "Define the MoE model architecture.",
                "Distribute the experts across available GPUs.",
                "Initiate the training process with optimized acceleration techniques."
            ],
            "principle": "The effectiveness of FastMoE in solving the problem is rooted in its ability to leverage distributed computing resources efficiently, allowing for scalable training of large models while optimizing for speed and performance."
        },
        "experiments": {
            "evaluation setting": "The experimental setup involves testing FastMoE on various datasets and comparing its performance against baseline methods using common GPU configurations.",
            "evaluation method": "The evaluation method includes measuring training speed, model accuracy, and scalability across different configurations, analyzing the results to assess the performance improvements offered by FastMoE."
        },
        "conclusion": "The outcomes of the experiments demonstrate that FastMoE significantly enhances the training speed and scalability of Mixture-of-Expert models, providing a valuable contribution to the field of distributed training systems.",
        "discussion": {
            "advantage": "Key advantages of FastMoE include its open accessibility, optimized training speed, and flexibility in adapting to various model architectures and applications.",
            "limitation": "A limitation of the method is its reliance on the PyTorch ecosystem, which may not be compatible with all existing frameworks or applications.",
            "future work": "Future work may focus on further optimizing the system for different hardware configurations and exploring additional applications beyond the current implementations."
        },
        "other info": {
            "source_code": "The source of FastMoE is available at https://github.com/laekov/fastmoe under Apache-2 license."
        }
    },
    "mount_outline": [
        {
            "section number": "3",
            "key information": "FastMoE is a distributed training system for Mixture-of-Expert models that operates on PyTorch, designed to optimize training speed and efficiency while being adaptable to various applications."
        },
        {
            "section number": "3.1",
            "key information": "The primary innovation of FastMoE lies in its highly optimized training speed through advanced acceleration techniques, enabling the distribution of experts across multiple GPUs and nodes."
        },
        {
            "section number": "3.4",
            "key information": "The core of FastMoE is its ability to efficiently distribute and train MoE models across multiple GPUs and nodes, enhancing scalability and performance."
        },
        {
            "section number": "2.3",
            "key information": "The main challenge is the dependency of existing systems on proprietary hardware and software, which restricts their usability and performance for the wider research community."
        },
        {
            "section number": "7",
            "key information": "A limitation of the method is its reliance on the PyTorch ecosystem, which may not be compatible with all existing frameworks or applications."
        }
    ],
    "similarity_score": null,
    "image": null,
    "path": "/home/liudingyuan/code/SurveyX/code/SurveyX-main/outputs/t1b/papers/Fastmoe_ A fast mixture-of-expert training system.json"
}