{
    "from": null,
    "scholar_id": null,
    "detail_id": null,
    "title": "Flashattention: Fast and memory-efficient exact attention with IO-awareness",
    "abstract": "Transformers are slow and memory-hungry on long sequences, since the time and memory complexity of self-attention are quadratic in sequence length. Approximate attention methods have attempted to address this problem by trading off model quality to reduce the compute complexity, but often do not achieve wall-clock speedup. We argue that a missing principle is making attention algorithms IO-aware -- accounting for reads and writes between levels of GPU memory. We propose FlashAttention, an IO-aware exact attention algorithm that uses tiling to reduce the number of memory reads/writes between GPU high bandwidth memory (HBM) and GPU on-chip SRAM. We analyze the IO complexity of FlashAttention, showing that it requires fewer HBM accesses than standard attention, and is optimal for a range of SRAM sizes. We also extend FlashAttention to block-sparse attention, yielding an approximate attention algorithm that is faster than any existing approximate attention method. FlashAttention trains Transformers faster than existing baselines: 15% end-to-end wall-clock speedup on BERT-large (seq. length 512) compared to the MLPerf 1.1 training speed record, 3$\\times$ speedup on GPT-2 (seq. length 1K), and 2.4$\\times$ speedup on long-range arena (seq. length 1K-4K). FlashAttention and block-sparse FlashAttention enable longer context in Transformers, yielding higher quality models (0.7 better perplexity on GPT-2 and 6.4 points of lift on long-document classification) and entirely new capabilities: the first Transformers to achieve better-than-chance performance on the Path-X challenge (seq. length 16K, 61.4% accuracy) and Path-256 (seq. length 64K, 63.1% accuracy).",
    "arxivid": "2205.14135v2",
    "bib_name": "Flashatten183",
    "md_text": "# Flashattention: Fast and memory-efficient exact attention with IO-awareness\n\n\nabstract\n\nTransformers are slow and memory-hungry on long sequences, since the time and memory complexity of self-attention are quadratic in sequence length. Approximate attention methods have attempted to address this problem by trading off model quality to reduce the compute complexity, but often do not achieve wall-clock speedup. We argue that a missing principle is making attention algorithms IO-aware -- accounting for reads and writes between levels of GPU memory. We propose FlashAttention, an IO-aware exact attention algorithm that uses tiling to reduce the number of memory reads/writes between GPU high bandwidth memory (HBM) and GPU on-chip SRAM. We analyze the IO complexity of FlashAttention, showing that it requires fewer HBM accesses than standard attention, and is optimal for a range of SRAM sizes. We also extend FlashAttention to block-sparse attention, yielding an approximate attention algorithm that is faster than any existing approximate attention method. FlashAttention trains Transformers faster than existing baselines: 15% end-to-end wall-clock speedup on BERT-large (seq. length 512) compared to the MLPerf 1.1 training speed record, 3$\\times$ speedup on GPT-2 (seq. length 1K), and 2.4$\\times$ speedup on long-range arena (seq. length 1K-4K). FlashAttention and block-sparse FlashAttention enable longer context in Transformers, yielding higher quality models (0.7 better perplexity on GPT-2 and 6.4 points of lift on long-document classification) and entirely new capabilities: the first Transformers to achieve better-than-chance performance on the Path-X challenge (seq. length 16K, 61.4% accuracy) and Path-256 (seq. length 64K, 63.1% accuracy).",
    "paper_type": "method",
    "attri": {
        "background": "Transformers are slow and memory-hungry on long sequences due to the quadratic time and memory complexity of self-attention. Previous methods have attempted to address this issue through approximate attention, which often sacrifices model quality for compute efficiency without achieving significant wall-clock speedup. This paper argues that a key missing principle is the IO-awareness of attention algorithms, which considers the efficiency of memory reads and writes between different levels of GPU memory.",
        "problem": {
            "definition": "The problem addressed in this paper is the inefficiency of traditional self-attention mechanisms in Transformers, particularly regarding their high time and memory complexity on long sequences.",
            "key obstacle": "The main challenge is the excessive number of memory accesses required by standard attention mechanisms, which leads to slow processing times and limits the scalability of Transformers."
        },
        "idea": {
            "intuition": "The idea is inspired by the observation that optimizing memory access patterns can significantly enhance the performance of attention algorithms.",
            "opinion": "FlashAttention is proposed as an IO-aware exact attention algorithm that optimizes the number of memory reads and writes, thereby improving the efficiency of Transformers.",
            "innovation": "The key innovation of FlashAttention lies in its ability to reduce HBM accesses compared to standard attention methods, making it optimal for various SRAM sizes and extending its applicability to block-sparse attention."
        },
        "method": {
            "method name": "FlashAttention",
            "method abbreviation": "FA",
            "method definition": "FlashAttention is an IO-aware exact attention algorithm that minimizes memory accesses between GPU high bandwidth memory and on-chip SRAM, enhancing the efficiency of the self-attention mechanism.",
            "method description": "The method employs tiling to optimize memory access patterns, resulting in faster and more memory-efficient attention computation.",
            "method steps": "1. Partition the input into tiles. 2. Perform attention calculations within each tile. 3. Aggregate results while minimizing memory reads/writes.",
            "principle": "The effectiveness of FlashAttention is grounded in its IO-aware design, which strategically reduces the number of memory accesses, thereby improving computational efficiency and speed."
        },
        "experiments": {
            "evaluation setting": "The experiments were conducted on BERT-large with a sequence length of 512, GPT-2 with a sequence length of 1000, and long-range arena tasks with sequence lengths ranging from 1000 to 4000, comparing against MLPerf 1.1 training records.",
            "evaluation method": "Performance was measured by assessing end-to-end wall-clock speedup and model quality metrics such as perplexity and accuracy on specific tasks."
        },
        "conclusion": "The experiments demonstrated that FlashAttention significantly outperforms existing methods, achieving up to 15% end-to-end wall-clock speedup on BERT-large, 3x speedup on GPT-2, and enabling longer context lengths with improved model performance on various benchmarks.",
        "discussion": {
            "advantage": "FlashAttention offers substantial speed improvements and memory efficiency compared to traditional attention mechanisms, allowing for the training of larger models and handling longer sequences.",
            "limitation": "The method may have limitations in scenarios with very small SRAM sizes, where the advantages of IO-awareness might not be fully realized.",
            "future work": "Future research could explore further optimizations in memory access patterns and the application of FlashAttention to other transformer architectures and tasks."
        },
        "other info": []
    },
    "mount_outline": [
        {
            "section number": "3.1",
            "key information": "FlashAttention is an IO-aware exact attention algorithm that minimizes memory accesses between GPU high bandwidth memory and on-chip SRAM, enhancing the efficiency of the self-attention mechanism."
        },
        {
            "section number": "3.4",
            "key information": "The effectiveness of FlashAttention is grounded in its IO-aware design, which strategically reduces the number of memory accesses, thereby improving computational efficiency and speed."
        },
        {
            "section number": "4.1",
            "key information": "The problem addressed in this paper is the inefficiency of traditional self-attention mechanisms in Transformers, particularly regarding their high time and memory complexity on long sequences."
        },
        {
            "section number": "4.5",
            "key information": "FlashAttention offers substantial speed improvements and memory efficiency compared to traditional attention mechanisms, allowing for the training of larger models and handling longer sequences."
        },
        {
            "section number": "7.2",
            "key information": "The main challenge is the excessive number of memory accesses required by standard attention mechanisms, which leads to slow processing times and limits the scalability of Transformers."
        }
    ],
    "similarity_score": null,
    "image": null,
    "path": "/home/liudingyuan/code/SurveyX/code/SurveyX-main/outputs/t1b/papers/Flashattention_ Fast and memory-efficient exact attention with IO-awareness.json"
}