{
    "from": null,
    "scholar_id": null,
    "detail_id": null,
    "title": "Gaussian error linear units (gelus)",
    "abstract": "We propose the Gaussian Error Linear Unit (GELU), a high-performing neural network activation function. The GELU activation function is $x\\Phi(x)$, where $\\Phi(x)$ the standard Gaussian cumulative distribution function. The GELU nonlinearity weights inputs by their value, rather than gates inputs by their sign as in ReLUs ($x\\mathbf{1}_{x>0}$). We perform an empirical evaluation of the GELU nonlinearity against the ReLU and ELU activations and find performance improvements across all considered computer vision, natural language processing, and speech tasks.",
    "arxivid": "1606.08415v5",
    "bib_name": "Gaussianer174",
    "md_text": "# Gaussian error linear units (gelus)\n\n\nabstract\n\nWe propose the Gaussian Error Linear Unit (GELU), a high-performing neural network activation function. The GELU activation function is $x\\Phi(x)$, where $\\Phi(x)$ the standard Gaussian cumulative distribution function. The GELU nonlinearity weights inputs by their value, rather than gates inputs by their sign as in ReLUs ($x\\mathbf{1}_{x>0}$). We perform an empirical evaluation of the GELU nonlinearity against the ReLU and ELU activations and find performance improvements across all considered computer vision, natural language processing, and speech tasks.",
    "paper_type": "method",
    "attri": {
        "background": "This paper addresses the issue of activation functions in neural networks, highlighting the limitations of existing methods such as ReLU and ELU, and emphasizing the need for a new activation function that can improve performance across various tasks.",
        "problem": {
            "definition": "The problem is the inefficiency of current activation functions, particularly in how they handle input values, leading to suboptimal performance in neural networks.",
            "key obstacle": "The main challenge is that existing activation functions like ReLU and ELU either gate inputs by their sign or do not leverage the input value effectively, which limits their ability to enhance model performance."
        },
        "idea": {
            "intuition": "The idea behind GELU stems from the observation that weighting inputs by their value rather than simply gating them can lead to better performance in neural networks.",
            "opinion": "The proposed idea is to use the Gaussian Error Linear Unit (GELU), defined as $x\\Phi(x)$, where $\\Phi(x)$ is the standard Gaussian cumulative distribution function, to improve the activation process in neural networks.",
            "innovation": "The key innovation of GELU compared to existing methods is its ability to weight inputs by their value, which allows for a more nuanced activation mechanism that can adaptively enhance performance."
        },
        "method": {
            "method name": "Gaussian Error Linear Unit",
            "method abbreviation": "GELU",
            "method definition": "GELU is defined as $x\\Phi(x)$, where $\\Phi(x)$ is the standard Gaussian cumulative distribution function, providing a probabilistic approach to activation.",
            "method description": "GELU combines input values with their probabilistic weighting to create a more effective activation function.",
            "method steps": "1. Compute the standard Gaussian cumulative distribution function for the input. 2. Multiply the input by the computed value from the Gaussian function.",
            "principle": "The principle behind GELU's effectiveness lies in its probabilistic approach, which allows for a smoother transition of activation, reducing dead neurons and improving overall network performance."
        },
        "experiments": {
            "evaluation setting": "The evaluation involved comparing GELU against ReLU and ELU activations across various tasks in computer vision, natural language processing, and speech.",
            "evaluation method": "The performance of each activation function was measured through empirical evaluations, analyzing improvements in accuracy and efficiency in the respective tasks."
        },
        "conclusion": "The empirical evaluations demonstrate that GELU outperforms both ReLU and ELU across all considered tasks, indicating its potential as a superior activation function in neural networks.",
        "discussion": {
            "advantage": "The key advantages of GELU include its ability to utilize input values effectively and to reduce the occurrence of dead neurons, leading to improved model performance.",
            "limitation": "A limitation of GELU may be its computational complexity compared to simpler activation functions like ReLU, which could impact performance in real-time applications.",
            "future work": "Future research could explore optimizing the computational efficiency of GELU and evaluating its performance in other domains beyond those tested."
        },
        "other info": []
    },
    "mount_outline": [
        {
            "section number": "1.1",
            "key information": "This paper addresses the issue of activation functions in neural networks, highlighting the limitations of existing methods such as ReLU and ELU, and emphasizing the need for a new activation function that can improve performance across various tasks."
        },
        {
            "section number": "2.1",
            "key information": "Define neural networks and their role in natural language processing, particularly in the context of activation functions."
        },
        {
            "section number": "3.3",
            "key information": "The proposed idea is to use the Gaussian Error Linear Unit (GELU), defined as $x\\Phi(x)$, where $\\Phi(x)$ is the standard Gaussian cumulative distribution function, to improve the activation process in neural networks."
        },
        {
            "section number": "4.1",
            "key information": "The principle behind GELU's effectiveness lies in its probabilistic approach, which allows for a smoother transition of activation, reducing dead neurons and improving overall network performance."
        },
        {
            "section number": "5.1",
            "key information": "Discuss the integration of the Gaussian Error Linear Unit (GELU) with neural networks and its impact on language processing."
        },
        {
            "section number": "7.2",
            "key information": "A limitation of GELU may be its computational complexity compared to simpler activation functions like ReLU, which could impact performance in real-time applications."
        }
    ],
    "similarity_score": null,
    "image": null,
    "path": "/home/liudingyuan/code/SurveyX/code/SurveyX-main/outputs/t1b/papers/Gaussian error linear units (gelus).json"
}