{
    "from": null,
    "scholar_id": null,
    "detail_id": null,
    "title": "Generating long sequences with sparse transformers",
    "abstract": "Transformers are powerful sequence models, but require time and memory that grows quadratically with the sequence length. In this paper we introduce sparse factorizations of the attention matrix which reduce this to $O(n \\sqrt{n})$. We also introduce a) a variation on architecture and initialization to train deeper networks, b) the recomputation of attention matrices to save memory, and c) fast attention kernels for training. We call networks with these changes Sparse Transformers, and show they can model sequences tens of thousands of timesteps long using hundreds of layers. We use the same architecture to model images, audio, and text from raw bytes, setting a new state of the art for density modeling of Enwik8, CIFAR-10, and ImageNet-64. We generate unconditional samples that demonstrate global coherence and great diversity, and show it is possible in principle to use self-attention to model sequences of length one million or more.",
    "arxivid": "1904.10509v1",
    "bib_name": "Generating182",
    "md_text": "# Generating long sequences with sparse transformers\n\n\nabstract\n\nTransformers are powerful sequence models, but require time and memory that grows quadratically with the sequence length. In this paper we introduce sparse factorizations of the attention matrix which reduce this to $O(n \\sqrt{n})$. We also introduce a) a variation on architecture and initialization to train deeper networks, b) the recomputation of attention matrices to save memory, and c) fast attention kernels for training. We call networks with these changes Sparse Transformers, and show they can model sequences tens of thousands of timesteps long using hundreds of layers. We use the same architecture to model images, audio, and text from raw bytes, setting a new state of the art for density modeling of Enwik8, CIFAR-10, and ImageNet-64. We generate unconditional samples that demonstrate global coherence and great diversity, and show it is possible in principle to use self-attention to model sequences of length one million or more.",
    "paper_type": "method",
    "attri": {
        "background": "This paper addresses the issue of the quadratic time and memory requirements of traditional transformers when processing long sequences, highlighting the necessity for a new method to handle longer sequences efficiently.",
        "problem": {
            "definition": "The problem is the inefficiency of traditional transformers in handling long sequences due to their quadratic complexity in time and memory usage.",
            "key obstacle": "The core obstacle is the inability of existing methods to scale effectively with increasing sequence lengths, limiting their applicability in modeling very long data sequences."
        },
        "idea": {
            "intuition": "The idea was inspired by the need to find a more efficient way to manage attention mechanisms in transformers, particularly for long sequences.",
            "opinion": "The proposed idea involves introducing sparse factorizations of the attention matrix to reduce complexity and enhance the model's capacity to handle longer sequences.",
            "innovation": "The primary innovation lies in the sparse attention mechanism that reduces the computational complexity from quadratic to O(n \u221an), alongside architectural changes that enable deeper networks."
        },
        "method": {
            "method name": "Sparse Transformers",
            "method abbreviation": "ST",
            "method definition": "Sparse Transformers utilize sparse factorizations of the attention matrix to significantly reduce the time and memory requirements for processing long sequences.",
            "method description": "The core of the method involves implementing a sparse attention mechanism, allowing for efficient modeling of very long sequences.",
            "method steps": [
                "Implement sparse factorizations of the attention matrix.",
                "Introduce architectural variations and initialization techniques for deeper networks.",
                "Recompute attention matrices to save memory during training.",
                "Employ fast attention kernels for efficient computation."
            ],
            "principle": "The effectiveness of this method stems from its ability to maintain the benefits of self-attention while drastically reducing computational overhead, thus enabling the handling of longer sequences."
        },
        "experiments": {
            "evaluation setting": "The experiments were conducted using datasets such as Enwik8, CIFAR-10, and ImageNet-64, comparing Sparse Transformers against baseline methods.",
            "evaluation method": "The performance of the Sparse Transformers was assessed by measuring their ability to generate coherent and diverse samples, alongside evaluating their efficiency in terms of time and memory usage."
        },
        "conclusion": "The experiments demonstrated that Sparse Transformers can effectively model sequences tens of thousands of timesteps long, achieving new state-of-the-art results in density modeling across various datasets.",
        "discussion": {
            "advantage": "Key advantages include the ability to handle much longer sequences than traditional transformers while maintaining computational efficiency and generating high-quality outputs.",
            "limitation": "A limitation of the method may be the potential complexity in implementation and the need for careful tuning of the sparse attention mechanisms.",
            "future work": "Future research could explore further optimizations of the sparse attention mechanisms and investigate their applicability to even longer sequences or different types of data."
        },
        "other info": {
            "additional details": "The method has shown promise in generating unconditional samples with global coherence and diversity, indicating its potential for broader applications beyond traditional sequence modeling."
        }
    },
    "mount_outline": [
        {
            "section number": "2.3",
            "key information": "The problem is the inefficiency of traditional transformers in handling long sequences due to their quadratic complexity in time and memory usage."
        },
        {
            "section number": "3.2",
            "key information": "The primary innovation lies in the sparse attention mechanism that reduces the computational complexity from quadratic to O(n \u221an), alongside architectural changes that enable deeper networks."
        },
        {
            "section number": "3.4",
            "key information": "Sparse Transformers utilize sparse factorizations of the attention matrix to significantly reduce the time and memory requirements for processing long sequences."
        },
        {
            "section number": "5.1",
            "key information": "Key advantages include the ability to handle much longer sequences than traditional transformers while maintaining computational efficiency and generating high-quality outputs."
        },
        {
            "section number": "7.2",
            "key information": "A limitation of the method may be the potential complexity in implementation and the need for careful tuning of the sparse attention mechanisms."
        },
        {
            "section number": "7.4",
            "key information": "Future research could explore further optimizations of the sparse attention mechanisms and investigate their applicability to even longer sequences or different types of data."
        }
    ],
    "similarity_score": null,
    "image": null,
    "path": "/home/liudingyuan/code/SurveyX/code/SurveyX-main/outputs/t1b/papers/Generating long sequences with sparse transformers.json"
}