{
    "from": null,
    "scholar_id": null,
    "detail_id": null,
    "title": "GLUE: A multi-task benchmark and analysis platform for natural language understanding",
    "abstract": "Human ability to understand language is general, flexible, and robust. In contrast, most NLU models above the word level are designed for a specific task and struggle with out-of-domain data. If we aspire to develop models with understanding beyond the detection of superficial correspondences between inputs and outputs, then it is critical to develop a unified model that can execute a range of linguistic tasks across different domains. To facilitate research in this direction, we present the General Language Understanding Evaluation (GLUE, gluebenchmark.com): a benchmark of nine diverse NLU tasks, an auxiliary dataset for probing models for understanding of specific linguistic phenomena, and an online platform for evaluating and comparing models. For some benchmark tasks, training data is plentiful, but for others it is limited or does not match the genre of the test set. GLUE thus favors models that can represent linguistic knowledge in a way that facilitates sample-efficient learning and effective knowledge-transfer across tasks. While none of the datasets in GLUE were created from scratch for the benchmark, four of them feature privately-held test data, which is used to ensure that the benchmark is used fairly. We evaluate baselines that use ELMo (Peters et al., 2018), a powerful transfer learning technique, as well as state-of-the-art sentence representation models. The best models still achieve fairly low absolute scores. Analysis with our diagnostic dataset yields similarly weak performance over all phenomena tested, with some exceptions.",
    "arxivid": "1804.07461v3",
    "bib_name": "GLUE:Amult166",
    "md_text": "# GLUE: A multi-task benchmark and analysis platform for natural language understanding\n\n\nabstract\n\nHuman ability to understand language is general, flexible, and robust. In contrast, most NLU models above the word level are designed for a specific task and struggle with out-of-domain data. If we aspire to develop models with understanding beyond the detection of superficial correspondences between inputs and outputs, then it is critical to develop a unified model that can execute a range of linguistic tasks across different domains. To facilitate research in this direction, we present the General Language Understanding Evaluation (GLUE, gluebenchmark.com): a benchmark of nine diverse NLU tasks, an auxiliary dataset for probing models for understanding of specific linguistic phenomena, and an online platform for evaluating and comparing models. For some benchmark tasks, training data is plentiful, but for others it is limited or does not match the genre of the test set. GLUE thus favors models that can represent linguistic knowledge in a way that facilitates sample-efficient learning and effective knowledge-transfer across tasks. While none of the datasets in GLUE were created from scratch for the benchmark, four of them feature privately-held test data, which is used to ensure that the benchmark is used fairly. We evaluate baselines that use ELMo (Peters et al., 2018), a powerful transfer learning technique, as well as state-of-the-art sentence representation models. The best models still achieve fairly low absolute scores. Analysis with our diagnostic dataset yields similarly weak performance over all phenomena tested, with some exceptions.",
    "paper_type": "benchmark",
    "attri": {
        "background": "This paper addresses the issue of developing a unified model capable of executing a range of linguistic tasks across different domains, as most NLU models struggle with out-of-domain data.",
        "problem": {
            "definition": "The benchmark is designed to address the challenge of evaluating models' understanding of language across multiple tasks and domains.",
            "key obstacle": "Existing benchmarks often focus on specific tasks and do not adequately assess general language understanding capabilities."
        },
        "idea": {
            "intuition": "The thought process behind GLUE is to create a benchmark that encourages models to represent linguistic knowledge efficiently and facilitate knowledge transfer across tasks.",
            "opinion": "The authors believe that GLUE is crucial for advancing the field of natural language understanding by providing a comprehensive evaluation platform.",
            "innovation": "GLUE differs from previous benchmarks by integrating multiple diverse tasks and including an auxiliary dataset for probing specific linguistic phenomena.",
            "benchmark abbreviation": "GLUE"
        },
        "dataset": {
            "source": "The dataset was compiled from existing datasets rather than created from scratch, with some featuring privately-held test data.",
            "desc": "GLUE consists of nine diverse NLU tasks with varying amounts of training data, ensuring a comprehensive evaluation of model performance.",
            "content": "The dataset includes text data related to various NLU tasks, such as sentiment analysis, entailment, and others.",
            "size": "-",
            "domain": "Natural Language Understanding",
            "task format": "Multi-task evaluation"
        },
        "metrics": {
            "metric name": "Accuracy, F1-score",
            "aspect": "The metrics measure the performance of models in terms of their prediction accuracy and balance between precision and recall.",
            "principle": "The metrics were chosen to provide a clear understanding of model performance across different tasks and ensure comparability.",
            "procedure": "Models are evaluated based on their performance on the benchmark tasks using the specified metrics."
        },
        "experiments": {
            "model": "The benchmark evaluates both baseline models using ELMo and state-of-the-art sentence representation models.",
            "procedure": "Models were trained using the available datasets, with specific parameters adjusted for each task.",
            "result": "The best models achieved relatively low absolute scores, indicating room for improvement in general language understanding.",
            "variability": "Variability in results was accounted for through the evaluation of multiple models and their performances across different tasks."
        },
        "conclusion": "The key findings indicate that while models show some capabilities in language understanding, performance remains suboptimal, highlighting the need for further advancements in the field.",
        "discussion": {
            "advantage": "GLUE provides a comprehensive evaluation framework that fosters research and development in natural language understanding.",
            "limitation": "The benchmark may not fully capture the complexities of language understanding, as indicated by the low performance scores of the best models.",
            "future work": "Future research should focus on enhancing model capabilities to better handle diverse linguistic tasks and improve performance on the benchmark."
        },
        "other info": []
    },
    "mount_outline": [
        {
            "section number": "2.1",
            "key information": "The benchmark is designed to address the challenge of evaluating models' understanding of language across multiple tasks and domains."
        },
        {
            "section number": "2.3",
            "key information": "Existing benchmarks often focus on specific tasks and do not adequately assess general language understanding capabilities."
        },
        {
            "section number": "3.1",
            "key information": "GLUE consists of nine diverse NLU tasks with varying amounts of training data, ensuring a comprehensive evaluation of model performance."
        },
        {
            "section number": "3.5",
            "key information": "GLUE differs from previous benchmarks by integrating multiple diverse tasks and including an auxiliary dataset for probing specific linguistic phenomena."
        },
        {
            "section number": "7.4",
            "key information": "The benchmark may not fully capture the complexities of language understanding, as indicated by the low performance scores of the best models."
        },
        {
            "section number": "7.1",
            "key information": "The authors believe that GLUE is crucial for advancing the field of natural language understanding by providing a comprehensive evaluation platform."
        }
    ],
    "similarity_score": null,
    "image": null,
    "path": "/home/liudingyuan/code/SurveyX/code/SurveyX-main/outputs/t1b/papers/GLUE_ A multi-task benchmark and analysis platform for natural language understanding.json"
}