{
    "from": null,
    "scholar_id": null,
    "detail_id": null,
    "title": "Hyena hierarchy: Towards larger convolutional language models",
    "abstract": "Recent advances in deep learning have relied heavily on the use of large Transformers due to their ability to learn at scale. However, the core building block of Transformers, the attention operator, exhibits quadratic cost in sequence length, limiting the amount of context accessible. Existing subquadratic methods based on low-rank and sparse approximations need to be combined with dense attention layers to match Transformers, indicating a gap in capability. In this work, we propose Hyena, a subquadratic drop-in replacement for attention constructed by interleaving implicitly parametrized long convolutions and data-controlled gating. In recall and reasoning tasks on sequences of thousands to hundreds of thousands of tokens, Hyena improves accuracy by more than 50 points over operators relying on state-spaces and other implicit and explicit methods, matching attention-based models. We set a new state-of-the-art for dense-attention-free architectures on language modeling in standard datasets (WikiText103 and The Pile), reaching Transformer quality with a 20% reduction in training compute required at sequence length 2K. Hyena operators are twice as fast as highly optimized attention at sequence length 8K, and 100x faster at sequence length 64K.",
    "arxivid": "2302.10866v3",
    "bib_name": "Hyenahiera158",
    "md_text": "# Hyena hierarchy: Towards larger convolutional language models\n\n\nabstract\n\nRecent advances in deep learning have relied heavily on the use of large Transformers due to their ability to learn at scale. However, the core building block of Transformers, the attention operator, exhibits quadratic cost in sequence length, limiting the amount of context accessible. Existing subquadratic methods based on low-rank and sparse approximations need to be combined with dense attention layers to match Transformers, indicating a gap in capability. In this work, we propose Hyena, a subquadratic drop-in replacement for attention constructed by interleaving implicitly parametrized long convolutions and data-controlled gating. In recall and reasoning tasks on sequences of thousands to hundreds of thousands of tokens, Hyena improves accuracy by more than 50 points over operators relying on state-spaces and other implicit and explicit methods, matching attention-based models. We set a new state-of-the-art for dense-attention-free architectures on language modeling in standard datasets (WikiText103 and The Pile), reaching Transformer quality with a 20% reduction in training compute required at sequence length 2K. Hyena operators are twice as fast as highly optimized attention at sequence length 8K, and 100x faster at sequence length 64K.",
    "paper_type": "method",
    "attri": {
        "background": "Recent advances in deep learning have relied heavily on the use of large Transformers due to their ability to learn at scale. However, the core building block of Transformers, the attention operator, exhibits quadratic cost in sequence length, limiting the amount of context accessible. Existing subquadratic methods based on low-rank and sparse approximations need to be combined with dense attention layers to match Transformers, indicating a gap in capability.",
        "problem": {
            "definition": "The problem addressed in this paper is the inefficiency of the attention operator in Transformers, which has a quadratic cost in relation to the sequence length, thus limiting the context that can be processed effectively.",
            "key obstacle": "The main challenge is the need for existing subquadratic methods to be combined with dense attention layers to achieve performance comparable to Transformers, which indicates a significant limitation in current approaches."
        },
        "idea": {
            "intuition": "The idea was inspired by the observation that existing methods struggle to balance efficiency and performance, particularly in handling long sequences.",
            "opinion": "The proposed idea, Hyena, is a subquadratic drop-in replacement for the attention mechanism, utilizing long convolutions and data-controlled gating to enhance performance while reducing computational costs.",
            "innovation": "The key innovation of Hyena lies in its construction, which interleaves implicitly parametrized long convolutions with gating mechanisms, allowing it to achieve performance that matches attention-based models without the associated computational overhead."
        },
        "method": {
            "method name": "Hyena",
            "method abbreviation": "N/A",
            "method definition": "Hyena is defined as a subquadratic attention replacement that integrates long convolutions and data-controlled gating to process long sequences efficiently.",
            "method description": "Hyena operates by interleaving long convolutions with gating mechanisms to provide a more efficient alternative to traditional attention mechanisms.",
            "method steps": "1. Implement long convolutions with implicit parameters. 2. Integrate data-controlled gating to manage information flow. 3. Optimize for subquadratic performance in sequence processing.",
            "principle": "The effectiveness of Hyena in solving the problem is rooted in its ability to maintain high performance on long sequences while significantly reducing computational costs compared to traditional attention mechanisms."
        },
        "experiments": {
            "evaluation setting": "The evaluation was conducted on recall and reasoning tasks using sequences ranging from thousands to hundreds of thousands of tokens, with comparisons to state-space and other implicit and explicit methods on standard datasets like WikiText103 and The Pile.",
            "evaluation method": "Performance was assessed by measuring accuracy improvements over existing methods and evaluating training compute reductions at various sequence lengths, specifically at lengths of 2K, 8K, and 64K."
        },
        "conclusion": "The experiments demonstrate that Hyena sets a new state-of-the-art for dense-attention-free architectures in language modeling, achieving Transformer-level quality with a significant reduction in training compute and improved processing speed.",
        "discussion": {
            "advantage": "The key advantages of Hyena include its ability to process longer sequences more efficiently, achieving better accuracy while requiring less computational power compared to traditional attention mechanisms.",
            "limitation": "A limitation of the method may include its dependency on specific configurations of convolutions and gating, which may not be universally applicable across all types of tasks or datasets.",
            "future work": "Future research could focus on further optimizing the Hyena architecture, exploring its applicability to a broader range of tasks, and investigating potential enhancements to its gating mechanisms."
        },
        "other info": []
    },
    "mount_outline": [
        {
            "section number": "3.2",
            "key information": "The proposed idea, Hyena, is a subquadratic drop-in replacement for the attention mechanism, utilizing long convolutions and data-controlled gating to enhance performance while reducing computational costs."
        },
        {
            "section number": "3.4",
            "key information": "Hyena achieves a significant reduction in training compute and improved processing speed compared to traditional attention mechanisms."
        },
        {
            "section number": "4.1",
            "key information": "Hyena operates by interleaving long convolutions with gating mechanisms to provide a more efficient alternative to traditional attention mechanisms."
        },
        {
            "section number": "7.2",
            "key information": "The main challenge is the need for existing subquadratic methods to be combined with dense attention layers to achieve performance comparable to Transformers, indicating a significant limitation in current approaches."
        },
        {
            "section number": "7.4",
            "key information": "A limitation of the Hyena method may include its dependency on specific configurations of convolutions and gating, which may not be universally applicable across all types of tasks or datasets."
        }
    ],
    "similarity_score": null,
    "image": null,
    "path": "/home/liudingyuan/code/SurveyX/code/SurveyX-main/outputs/t1b/papers/Hyena hierarchy_ Towards larger convolutional language models.json"
}