{
    "from": null,
    "scholar_id": null,
    "detail_id": null,
    "title": "Instructblip: Towards general-purpose vision-language models with instruction tuning",
    "abstract": "Large-scale pre-training and instruction tuning have been successful at creating general-purpose language models with broad competence. However, building general-purpose vision-language models is challenging due to the rich input distributions and task diversity resulting from the additional visual input. Although vision-language pretraining has been widely studied, vision-language instruction tuning remains under-explored. In this paper, we conduct a systematic and comprehensive study on vision-language instruction tuning based on the pretrained BLIP-2 models. We gather 26 publicly available datasets, covering a wide variety of tasks and capabilities, and transform them into instruction tuning format. Additionally, we introduce an instruction-aware Query Transformer, which extracts informative features tailored to the given instruction. Trained on 13 held-in datasets, InstructBLIP attains state-of-the-art zero-shot performance across all 13 held-out datasets, substantially outperforming BLIP-2 and larger Flamingo models. Our models also lead to state-of-the-art performance when finetuned on individual downstream tasks (e.g., 90.7% accuracy on ScienceQA questions with image contexts). Furthermore, we qualitatively demonstrate the advantages of InstructBLIP over concurrent multimodal models. All InstructBLIP models are open-sourced at https://github.com/salesforce/LAVIS/tree/main/projects/instructblip.",
    "arxivid": "2305.06500v2",
    "bib_name": "Instructbl84",
    "md_text": "# Instructblip: Towards general-purpose vision-language models with instruction tuning\n\n\nabstract\n\nLarge-scale pre-training and instruction tuning have been successful at creating general-purpose language models with broad competence. However, building general-purpose vision-language models is challenging due to the rich input distributions and task diversity resulting from the additional visual input. Although vision-language pretraining has been widely studied, vision-language instruction tuning remains under-explored. In this paper, we conduct a systematic and comprehensive study on vision-language instruction tuning based on the pretrained BLIP-2 models. We gather 26 publicly available datasets, covering a wide variety of tasks and capabilities, and transform them into instruction tuning format. Additionally, we introduce an instruction-aware Query Transformer, which extracts informative features tailored to the given instruction. Trained on 13 held-in datasets, InstructBLIP attains state-of-the-art zero-shot performance across all 13 held-out datasets, substantially outperforming BLIP-2 and larger Flamingo models. Our models also lead to state-of-the-art performance when finetuned on individual downstream tasks (e.g., 90.7% accuracy on ScienceQA questions with image contexts). Furthermore, we qualitatively demonstrate the advantages of InstructBLIP over concurrent multimodal models. All InstructBLIP models are open-sourced at https://github.com/salesforce/LAVIS/tree/main/projects/instructblip.",
    "paper_type": "benchmark",
    "attri": {
        "background": "This paper addresses the challenge of creating general-purpose vision-language models through instruction tuning, highlighting the need for a comprehensive approach to vision-language instruction tuning.",
        "problem": {
            "definition": "The benchmark is designed to address the challenge of effective vision-language instruction tuning, focusing on the integration of visual input with language tasks.",
            "key obstacle": "Existing benchmarks have not adequately explored vision-language instruction tuning, limiting the development of models that can handle diverse visual and language tasks."
        },
        "idea": {
            "intuition": "The creation of this benchmark was inspired by the need to systematically study vision-language instruction tuning and to improve model performance across various tasks.",
            "opinion": "The authors believe that this benchmark is crucial for advancing the field of vision-language models and enhancing their applicability in real-world scenarios.",
            "innovation": "The benchmark introduces an instruction-aware Query Transformer and transforms multiple datasets into an instruction tuning format, differing from previous benchmarks by focusing on instruction tuning.",
            "benchmark abbreviation": "InstructBLIP"
        },
        "dataset": {
            "source": "The dataset was gathered from 26 publicly available datasets, ensuring a wide variety of tasks and capabilities.",
            "desc": "The dataset consists of transformed instruction tuning formats from existing datasets, enabling a comprehensive evaluation of vision-language instruction tuning.",
            "content": "The dataset includes diverse tasks that combine visual input with language processing, such as question answering with image contexts.",
            "size": "-",
            "domain": "Vision-Language Processing",
            "task format": "Instruction Tuning"
        },
        "metrics": {
            "metric name": "Accuracy, Zero-shot performance",
            "aspect": "Model performance in terms of accuracy and ability to generalize to unseen tasks.",
            "principle": "The metrics were chosen to reflect both the precision of model predictions and the effectiveness of the instruction tuning approach.",
            "procedure": "Model performance was evaluated by measuring accuracy on held-out datasets and assessing zero-shot capabilities."
        },
        "experiments": {
            "model": "The benchmark tested the InstructBLIP model alongside BLIP-2 and larger Flamingo models.",
            "procedure": "Models were trained on 13 held-in datasets, utilizing the instruction-aware Query Transformer for feature extraction.",
            "result": "InstructBLIP achieved state-of-the-art performance across all 13 held-out datasets, outperforming previous models significantly.",
            "variability": "Variability in results was accounted for through comprehensive evaluations on multiple datasets and tasks."
        },
        "conclusion": "The experiments demonstrate that InstructBLIP significantly improves performance in vision-language tasks, suggesting that instruction tuning is a vital area for future research.",
        "discussion": {
            "advantage": "The benchmark provides a structured approach to vision-language instruction tuning, which can lead to improved model performance and applicability.",
            "limitation": "Potential limitations include the reliance on existing datasets, which may not cover all aspects of vision-language tasks.",
            "future work": "Future research could explore additional datasets and refine instruction tuning methodologies to enhance model capabilities."
        },
        "other info": []
    },
    "mount_outline": [
        {
            "section number": "2.1",
            "key information": "Large language models, such as InstructBLIP, integrate visual input with language tasks, addressing the challenge of effective vision-language instruction tuning."
        },
        {
            "section number": "2.2",
            "key information": "The historical development of vision-language models has been limited by existing benchmarks that do not adequately explore vision-language instruction tuning."
        },
        {
            "section number": "3.1",
            "key information": "The benchmark introduces an instruction-aware Query Transformer, representing an advancement in data utilization and training methodologies for vision-language models."
        },
        {
            "section number": "3.6",
            "key information": "InstructBLIP enhances model performance in vision-language tasks, demonstrating emergent abilities in integrating visual input with language processing."
        },
        {
            "section number": "7.2",
            "key information": "Challenges related to computational resources and efficiency are highlighted by the need for structured approaches to vision-language instruction tuning."
        },
        {
            "section number": "8",
            "key information": "The conclusion emphasizes that instruction tuning is a vital area for future research, suggesting a significant contribution to advancing the field of vision-language models."
        }
    ],
    "similarity_score": null,
    "image": null,
    "path": "/home/liudingyuan/code/SurveyX/code/SurveyX-main/outputs/t1b/papers/Instructblip_ Towards general-purpose vision-language models with instruction tuning.json"
}