{
    "from": null,
    "scholar_id": null,
    "detail_id": null,
    "title": "Lamda: Language models for dialog applications",
    "abstract": "We present LaMDA: Language Models for Dialog Applications. LaMDA is a family of Transformer-based neural language models specialized for dialog, which have up to 137B parameters and are pre-trained on 1.56T words of public dialog data and web text. While model scaling alone can improve quality, it shows less improvements on safety and factual grounding. We demonstrate that fine-tuning with annotated data and enabling the model to consult external knowledge sources can lead to significant improvements towards the two key challenges of safety and factual grounding. The first challenge, safety, involves ensuring that the model's responses are consistent with a set of human values, such as preventing harmful suggestions and unfair bias. We quantify safety using a metric based on an illustrative set of human values, and we find that filtering candidate responses using a LaMDA classifier fine-tuned with a small amount of crowdworker-annotated data offers a promising approach to improving model safety. The second challenge, factual grounding, involves enabling the model to consult external knowledge sources, such as an information retrieval system, a language translator, and a calculator. We quantify factuality using a groundedness metric, and we find that our approach enables the model to generate responses grounded in known sources, rather than responses that merely sound plausible. Finally, we explore the use of LaMDA in the domains of education and content recommendations, and analyze their helpfulness and role consistency.",
    "arxivid": "2201.08239v3",
    "bib_name": "Lamda:Lang38",
    "md_text": "# Lamda: Language models for dialog applications\n\n\nabstract\n\nWe present LaMDA: Language Models for Dialog Applications. LaMDA is a family of Transformer-based neural language models specialized for dialog, which have up to 137B parameters and are pre-trained on 1.56T words of public dialog data and web text. While model scaling alone can improve quality, it shows less improvements on safety and factual grounding. We demonstrate that fine-tuning with annotated data and enabling the model to consult external knowledge sources can lead to significant improvements towards the two key challenges of safety and factual grounding. The first challenge, safety, involves ensuring that the model's responses are consistent with a set of human values, such as preventing harmful suggestions and unfair bias. We quantify safety using a metric based on an illustrative set of human values, and we find that filtering candidate responses using a LaMDA classifier fine-tuned with a small amount of crowdworker-annotated data offers a promising approach to improving model safety. The second challenge, factual grounding, involves enabling the model to consult external knowledge sources, such as an information retrieval system, a language translator, and a calculator. We quantify factuality using a groundedness metric, and we find that our approach enables the model to generate responses grounded in known sources, rather than responses that merely sound plausible. Finally, we explore the use of LaMDA in the domains of education and content recommendations, and analyze their helpfulness and role consistency.",
    "paper_type": "benchmark",
    "attri": {
        "background": "This paper addresses the issue of improving dialog applications through the development of LaMDA, a family of Transformer-based neural language models. The necessity for this benchmark arises from the challenges of safety and factual grounding in conversational AI, which are critical for ensuring reliable and responsible interactions in dialog systems.",
        "problem": {
            "definition": "The benchmark is designed to address the challenges of safety and factual grounding in dialog applications. It simulates the task of generating responses that are both safe and factually accurate.",
            "key obstacle": "Existing benchmarks often fail to adequately measure safety and factual grounding, leading to models that may produce harmful or misleading responses."
        },
        "idea": {
            "intuition": "The creation of the benchmark was inspired by the need to ensure that dialog models adhere to human values and produce factually accurate responses. Observations of existing model limitations prompted the development of new evaluation metrics.",
            "opinion": "The authors believe that LaMDA has the potential to significantly advance the field of dialog systems by addressing critical shortcomings in safety and factual accuracy.",
            "innovation": "LaMDA introduces novel evaluation metrics for safety and factual grounding, which differ from previous benchmarks by focusing on human values and the integration of external knowledge sources.",
            "benchmark abbreviation": "LaMDA"
        },
        "dataset": {
            "source": "The dataset was created from a combination of public dialog data and web text, totaling 1.56 trillion words.",
            "desc": "The dataset comprises a large corpus of dialog data that is specifically curated to enhance the training of models in dialog applications.",
            "content": "The dataset includes text data derived from conversations, which is essential for training models that generate dialog responses.",
            "size": "1,560,000,000,000",
            "domain": "Dialog Systems",
            "task format": "Response Generation"
        },
        "metrics": {
            "metric name": "Groundedness, Safety",
            "aspect": "Model responses' alignment with human values and factual accuracy.",
            "principle": "The metrics were chosen to ensure that model responses are not only plausible but also grounded in factual information and aligned with ethical standards.",
            "procedure": "Model performance is evaluated by measuring the groundedness of responses against known sources and assessing safety through a classifier fine-tuned with annotated data."
        },
        "experiments": {
            "model": "The benchmark tests LaMDA models, which are state-of-the-art in dialog applications.",
            "procedure": "Models were fine-tuned with annotated data and evaluated using the newly introduced metrics for safety and factual grounding.",
            "result": "The experiments demonstrated that fine-tuning and external knowledge consultation significantly improved the models' performance in terms of safety and factual accuracy.",
            "variability": "Variability in results was accounted for through multiple trials and the use of different subsets of the dataset."
        },
        "conclusion": "The findings indicate that LaMDA models can effectively enhance dialog applications by addressing safety and factual grounding, leading to more reliable and responsible AI interactions.",
        "discussion": {
            "advantage": "The benchmark contributes to the field by providing a robust framework for evaluating dialog models on critical aspects of safety and factual accuracy.",
            "limitation": "One limitation is that the benchmark may not encompass all possible scenarios in dialog interactions, potentially affecting its generalizability.",
            "future work": "Future research could explore the integration of additional contextual factors in the benchmark to further improve the evaluation of dialog systems."
        },
        "other info": [
            {
                "info1": "The LaMDA models are designed to be scalable, with configurations up to 137 billion parameters."
            },
            {
                "info2": {
                    "info2.1": "The benchmark focuses on educational and content recommendation domains.",
                    "info2.2": "The authors emphasize the importance of aligning AI responses with human values."
                }
            }
        ]
    },
    "mount_outline": [
        {
            "section number": "1.1",
            "key information": "The paper addresses the necessity for improving dialog applications through the development of LaMDA, a family of Transformer-based neural language models, which highlights the significance of large language models in enhancing conversational AI."
        },
        {
            "section number": "2.1",
            "key information": "LaMDA is defined as a benchmark designed to address the challenges of safety and factual grounding in dialog applications, demonstrating the core concepts of large language models in natural language processing."
        },
        {
            "section number": "3.6",
            "key information": "LaMDA introduces novel evaluation metrics for safety and factual grounding, which focus on human values and the integration of external knowledge sources, showcasing emergent abilities in dialog systems."
        },
        {
            "section number": "4.1",
            "key information": "The LaMDA models are state-of-the-art in dialog applications, representing innovative architectures that enhance the capabilities of transformer models in understanding and generating human language."
        },
        {
            "section number": "5.1",
            "key information": "The integration of LaMDA with existing dialog systems emphasizes the role of neural networks in improving the processing and generation of human language, particularly in ensuring safe and factually accurate responses."
        },
        {
            "section number": "6.2",
            "key information": "The paper discusses the use of LaMDA in conversational agents, highlighting its applications in generating safe and accurate responses in dialog systems."
        },
        {
            "section number": "7.1",
            "key information": "The benchmark addresses bias and ethical concerns by ensuring that model responses are aligned with human values and factual accuracy, which are critical for responsible AI interactions."
        },
        {
            "section number": "8",
            "key information": "The findings indicate that LaMDA models can enhance dialog applications by addressing safety and factual grounding, leading to more reliable and responsible AI interactions, which summarizes the key contributions of the paper."
        }
    ],
    "similarity_score": null,
    "image": null,
    "path": "/home/liudingyuan/code/SurveyX/code/SurveyX-main/outputs/t1b/papers/Lamda_ Language models for dialog applications.json"
}