{
    "from": null,
    "scholar_id": null,
    "detail_id": null,
    "title": "Layer normalization",
    "abstract": "Training state-of-the-art, deep neural networks is computationally expensive. One way to reduce the training time is to normalize the activities of the neurons. A recently introduced technique called batch normalization uses the distribution of the summed input to a neuron over a mini-batch of training cases to compute a mean and variance which are then used to normalize the summed input to that neuron on each training case. This significantly reduces the training time in feed-forward neural networks. However, the effect of batch normalization is dependent on the mini-batch size and it is not obvious how to apply it to recurrent neural networks. In this paper, we transpose batch normalization into layer normalization by computing the mean and variance used for normalization from all of the summed inputs to the neurons in a layer on a single training case. Like batch normalization, we also give each neuron its own adaptive bias and gain which are applied after the normalization but before the non-linearity. Unlike batch normalization, layer normalization performs exactly the same computation at training and test times. It is also straightforward to apply to recurrent neural networks by computing the normalization statistics separately at each time step. Layer normalization is very effective at stabilizing the hidden state dynamics in recurrent networks. Empirically, we show that layer normalization can substantially reduce the training time compared with previously published techniques.",
    "arxivid": "1607.06450v1",
    "bib_name": "Layernorma164",
    "md_text": "# Layer normalization\n\n\nabstract\n\nTraining state-of-the-art, deep neural networks is computationally expensive. One way to reduce the training time is to normalize the activities of the neurons. A recently introduced technique called batch normalization uses the distribution of the summed input to a neuron over a mini-batch of training cases to compute a mean and variance which are then used to normalize the summed input to that neuron on each training case. This significantly reduces the training time in feed-forward neural networks. However, the effect of batch normalization is dependent on the mini-batch size and it is not obvious how to apply it to recurrent neural networks. In this paper, we transpose batch normalization into layer normalization by computing the mean and variance used for normalization from all of the summed inputs to the neurons in a layer on a single training case. Like batch normalization, we also give each neuron its own adaptive bias and gain which are applied after the normalization but before the non-linearity. Unlike batch normalization, layer normalization performs exactly the same computation at training and test times. It is also straightforward to apply to recurrent neural networks by computing the normalization statistics separately at each time step. Layer normalization is very effective at stabilizing the hidden state dynamics in recurrent networks. Empirically, we show that layer normalization can substantially reduce the training time compared with previously published techniques.",
    "paper_type": "method",
    "attri": {
        "background": "Training state-of-the-art, deep neural networks is computationally expensive, and normalizing the activities of neurons can reduce training time. Batch normalization, a technique that normalizes the summed input to a neuron over a mini-batch, has been effective but is limited by mini-batch size and its application to recurrent neural networks.",
        "problem": {
            "definition": "The problem addressed in this paper is the inefficiency of training deep neural networks, particularly in recurrent architectures, due to the dependence of batch normalization on mini-batch sizes.",
            "key obstacle": "The main challenge is that batch normalization's effectiveness is influenced by the mini-batch size, and it is not straightforward to apply to recurrent neural networks."
        },
        "idea": {
            "intuition": "The idea is inspired by the need for a normalization technique that is independent of mini-batch size and can be applied consistently across different types of neural networks, including recurrent ones.",
            "opinion": "The proposed idea is layer normalization, which computes normalization statistics from all summed inputs to the neurons in a layer on a single training case, rather than across a mini-batch.",
            "innovation": "Layer normalization differs from batch normalization by performing the same computation during both training and test times and being easily applicable to recurrent neural networks."
        },
        "method": {
            "method name": "Layer Normalization",
            "method abbreviation": "LN",
            "method definition": "Layer normalization computes the mean and variance from all summed inputs to the neurons in a layer for a single training case, normalizing the inputs accordingly.",
            "method description": "Layer normalization stabilizes the hidden state dynamics in recurrent networks by applying normalization on a per-layer basis for each training case.",
            "method steps": "1. Compute the mean and variance from the summed inputs of the neurons in a layer for a single training case. 2. Normalize the summed inputs using the computed mean and variance. 3. Apply an adaptive bias and gain to each neuron after normalization. 4. Implement the same procedure consistently during both training and testing.",
            "principle": "Layer normalization is effective because it stabilizes the learning process by ensuring consistent normalization across different training cases, leading to improved training times and performance."
        },
        "experiments": {
            "evaluation setting": "The experimental setup involved comparing layer normalization with previously published techniques on recurrent neural networks, assessing the impact on training time and stability.",
            "evaluation method": "Performance was measured by analyzing the reduction in training time and the stability of hidden state dynamics during recurrent network training."
        },
        "conclusion": "Layer normalization significantly reduces training time compared to previous techniques and effectively stabilizes the dynamics of recurrent neural networks.",
        "discussion": {
            "advantage": "The key advantages of layer normalization include its independence from mini-batch size, consistent performance during training and testing, and its applicability to recurrent networks.",
            "limitation": "A limitation of layer normalization may be its dependence on the architecture of the neural network, which could affect its generalizability across different models.",
            "future work": "Future research could explore optimizing layer normalization further for various neural network architectures and investigating its impact on other types of networks beyond recurrent ones."
        },
        "other info": []
    },
    "mount_outline": [
        {
            "section number": "2.1",
            "key information": "Large language models, natural language processing, transformer models, and neural networks are defined, with a focus on the importance of normalization techniques in training neural networks."
        },
        {
            "section number": "3.1",
            "key information": "Layer normalization improves training methodologies for large language models by stabilizing hidden state dynamics and reducing training time."
        },
        {
            "section number": "4.4",
            "key information": "Layer normalization is a training and optimization technique that applies normalization on a per-layer basis for each training case, ensuring consistent performance across training and testing."
        },
        {
            "section number": "7.2",
            "key information": "The challenges related to computational resources and efficiency in large language models are addressed through the introduction of layer normalization, which enhances training efficiency."
        },
        {
            "section number": "7.4",
            "key information": "Layer normalization addresses challenges of generalization and robustness in neural networks by providing a consistent normalization method that is independent of mini-batch size."
        }
    ],
    "similarity_score": null,
    "image": null,
    "path": "/home/liudingyuan/code/SurveyX/code/SurveyX-main/outputs/t1b/papers/Layer normalization.json"
}