{
    "from": null,
    "scholar_id": null,
    "detail_id": null,
    "title": "Learning to summarize from human feedback",
    "abstract": "As language models become more powerful, training and evaluation are increasingly bottlenecked by the data and metrics used for a particular task. For example, summarization models are often trained to predict human reference summaries and evaluated using ROUGE, but both of these metrics are rough proxies for what we really care about---summary quality. In this work, we show that it is possible to significantly improve summary quality by training a model to optimize for human preferences. We collect a large, high-quality dataset of human comparisons between summaries, train a model to predict the human-preferred summary, and use that model as a reward function to fine-tune a summarization policy using reinforcement learning. We apply our method to a version of the TL;DR dataset of Reddit posts and find that our models significantly outperform both human reference summaries and much larger models fine-tuned with supervised learning alone. Our models also transfer to CNN/DM news articles, producing summaries nearly as good as the human reference without any news-specific fine-tuning. We conduct extensive analyses to understand our human feedback dataset and fine-tuned models We establish that our reward model generalizes to new datasets, and that optimizing our reward model results in better summaries than optimizing ROUGE according to humans. We hope the evidence from our paper motivates machine learning researchers to pay closer attention to how their training loss affects the model behavior they actually want.",
    "arxivid": "2009.01325v3",
    "bib_name": "Learningto73",
    "md_text": "# Learning to summarize from human feedback\n\n\nabstract\n\nAs language models become more powerful, training and evaluation are increasingly bottlenecked by the data and metrics used for a particular task. For example, summarization models are often trained to predict human reference summaries and evaluated using ROUGE, but both of these metrics are rough proxies for what we really care about---summary quality. In this work, we show that it is possible to significantly improve summary quality by training a model to optimize for human preferences. We collect a large, high-quality dataset of human comparisons between summaries, train a model to predict the human-preferred summary, and use that model as a reward function to fine-tune a summarization policy using reinforcement learning. We apply our method to a version of the TL;DR dataset of Reddit posts and find that our models significantly outperform both human reference summaries and much larger models fine-tuned with supervised learning alone. Our models also transfer to CNN/DM news articles, producing summaries nearly as good as the human reference without any news-specific fine-tuning. We conduct extensive analyses to understand our human feedback dataset and fine-tuned models We establish that our reward model generalizes to new datasets, and that optimizing our reward model results in better summaries than optimizing ROUGE according to humans. We hope the evidence from our paper motivates machine learning researchers to pay closer attention to how their training loss affects the model behavior they actually want.",
    "paper_type": "method",
    "attri": {
        "background": "This paper addresses the issue of training summarization models that rely heavily on human reference summaries and ROUGE metrics, which do not adequately capture summary quality.",
        "problem": {
            "definition": "The problem is the reliance on inadequate training data and evaluation metrics for summarization models, which results in suboptimal summary quality.",
            "key obstacle": "The core obstacle is that existing methods, which optimize for human reference summaries, do not align well with actual human preferences for summary quality."
        },
        "idea": {
            "intuition": "The idea is inspired by the observation that human preferences can provide a more accurate measure of summary quality than traditional metrics.",
            "opinion": "The proposed idea involves training a model to predict human-preferred summaries and using it as a reward function to improve summarization through reinforcement learning.",
            "innovation": "The primary innovation lies in the approach of using human feedback to guide the training of summarization models, moving away from conventional metrics like ROUGE."
        },
        "method": {
            "method name": "Reinforcement Learning with Human Feedback",
            "method abbreviation": "RLHF",
            "method definition": "The method involves collecting human comparisons between summaries to create a reward model that guides the fine-tuning of a summarization policy.",
            "method description": "The core of the method is using a reward function based on human preferences to optimize summarization models through reinforcement learning.",
            "method steps": [
                "Collect a dataset of human comparisons between summaries.",
                "Train a reward model to predict human-preferred summaries.",
                "Use the reward model to fine-tune a summarization policy via reinforcement learning."
            ],
            "principle": "This method is effective because it aligns the training process with actual human preferences, leading to better summary quality than traditional metric optimization."
        },
        "experiments": {
            "evaluation setting": "Experiments were conducted on the TL;DR dataset of Reddit posts and the CNN/DM news articles, comparing models trained with the new method against human reference summaries and larger models fine-tuned with supervised learning.",
            "evaluation method": "The performance of the models was assessed based on their ability to produce summaries preferred by humans, rather than relying solely on ROUGE scores."
        },
        "conclusion": "The outcomes of the experiments demonstrate that models trained with human feedback significantly outperform both human reference summaries and larger models, showcasing the effectiveness of the proposed method.",
        "discussion": {
            "advantage": "The key advantages of the proposed approach include improved alignment with human preferences and superior summary quality compared to existing methods.",
            "limitation": "A limitation of the method may include the dependency on the quality of the human feedback dataset, which can vary.",
            "future work": "Future research could explore enhancing the robustness of the reward model and applying the method to other summarization tasks or datasets."
        },
        "other info": []
    },
    "mount_outline": [
        {
            "section number": "2.3",
            "key information": "The problem is the reliance on inadequate training data and evaluation metrics for summarization models, which results in suboptimal summary quality."
        },
        {
            "section number": "3.1",
            "key information": "The method involves collecting human comparisons between summaries to create a reward model that guides the fine-tuning of a summarization policy."
        },
        {
            "section number": "3.6",
            "key information": "The primary innovation lies in the approach of using human feedback to guide the training of summarization models, moving away from conventional metrics like ROUGE."
        },
        {
            "section number": "7.1",
            "key information": "A limitation of the method may include the dependency on the quality of the human feedback dataset, which can vary."
        },
        {
            "section number": "8",
            "key information": "The outcomes of the experiments demonstrate that models trained with human feedback significantly outperform both human reference summaries and larger models, showcasing the effectiveness of the proposed method."
        }
    ],
    "similarity_score": null,
    "image": null,
    "path": "/home/liudingyuan/code/SurveyX/code/SurveyX-main/outputs/t1b/papers/Learning to summarize from human feedback.json"
}