{
    "from": null,
    "scholar_id": null,
    "detail_id": null,
    "title": "Learning to generate reviews and discovering sentiment",
    "abstract": "We explore the properties of byte-level recurrent language models. When given sufficient amounts of capacity, training data, and compute time, the representations learned by these models include disentangled features corresponding to high-level concepts. Specifically, we find a single unit which performs sentiment analysis. These representations, learned in an unsupervised manner, achieve state of the art on the binary subset of the Stanford Sentiment Treebank. They are also very data efficient. When using only a handful of labeled examples, our approach matches the performance of strong baselines trained on full datasets. We also demonstrate the sentiment unit has a direct influence on the generative process of the model. Simply fixing its value to be positive or negative generates samples with the corresponding positive or negative sentiment.",
    "arxivid": "1704.01444v2",
    "bib_name": "Learningto69",
    "md_text": "# Learning to generate reviews and discovering sentiment\n\n\nabstract\n\nWe explore the properties of byte-level recurrent language models. When given sufficient amounts of capacity, training data, and compute time, the representations learned by these models include disentangled features corresponding to high-level concepts. Specifically, we find a single unit which performs sentiment analysis. These representations, learned in an unsupervised manner, achieve state of the art on the binary subset of the Stanford Sentiment Treebank. They are also very data efficient. When using only a handful of labeled examples, our approach matches the performance of strong baselines trained on full datasets. We also demonstrate the sentiment unit has a direct influence on the generative process of the model. Simply fixing its value to be positive or negative generates samples with the corresponding positive or negative sentiment.",
    "paper_type": "method",
    "attri": {
        "background": "This paper addresses the issue of generating reviews and discovering sentiment using byte-level recurrent language models, highlighting the limitations of existing methods and the need for improved data efficiency and representation learning.",
        "problem": {
            "definition": "The problem involves effectively generating reviews that accurately reflect sentiment, while also ensuring that the models can learn meaningful representations from limited labeled data.",
            "key obstacle": "A core obstacle is the difficulty in training models that can generalize sentiment analysis from small datasets without overfitting or requiring extensive labeled examples."
        },
        "idea": {
            "intuition": "The inspiration for the proposed idea stems from the observation that byte-level recurrent language models can capture high-level concepts through their learned representations.",
            "opinion": "The proposed idea is to leverage the capabilities of these models to generate sentiment-specific reviews by utilizing a learned sentiment unit.",
            "innovation": "The primary innovation lies in the discovery of a specific unit within the model that effectively performs sentiment analysis, allowing for data-efficient training and direct influence on the generative process."
        },
        "method": {
            "method name": "Byte-level Recurrent Language Model with Sentiment Unit",
            "method abbreviation": "BRLM-SU",
            "method definition": "This method involves training a byte-level recurrent language model that incorporates a sentiment unit, enabling the model to generate reviews with specific sentiments based on learned representations.",
            "method description": "The core of the method is to use a recurrent language model that learns to generate text while incorporating sentiment analysis through a dedicated unit.",
            "method steps": "1. Train a byte-level recurrent language model on a large corpus; 2. Identify and isolate the sentiment unit; 3. Fine-tune the model with limited labeled examples; 4. Generate text by fixing the sentiment unit's value.",
            "principle": "The method is effective due to its ability to disentangle sentiment features within the learned representations, allowing for targeted generation based on sentiment."
        },
        "experiments": {
            "evaluation setting": "The experimental setup includes using the binary subset of the Stanford Sentiment Treebank for evaluation, with comparisons made against strong baselines trained on full datasets.",
            "evaluation method": "The performance of the method is assessed by measuring the accuracy of sentiment classification and the quality of generated reviews, particularly focusing on data efficiency."
        },
        "conclusion": "The outcomes of the experiments demonstrate that the proposed method achieves state-of-the-art performance in sentiment analysis and review generation, even with limited labeled data, showcasing its potential contributions to the field.",
        "discussion": {
            "advantage": "Key advantages include high data efficiency and the ability to generate sentiment-specific reviews, making the approach particularly valuable for applications with limited labeled data.",
            "limitation": "A limitation of the method is that it may not generalize well to other domains or sentiments not represented in the training data.",
            "future work": "Future research could explore expanding the model's capabilities to handle multi-class sentiment analysis and applying the method to different types of text generation tasks."
        },
        "other info": []
    },
    "mount_outline": [
        {
            "section number": "1.1",
            "key information": "The paper highlights the limitations of existing methods in generating sentiment-specific reviews and the need for improved data efficiency and representation learning."
        },
        {
            "section number": "1.2",
            "key information": "The objective of the paper is to propose a method that effectively generates reviews reflecting sentiment while learning meaningful representations from limited labeled data."
        },
        {
            "section number": "2.1",
            "key information": "The paper defines the problem of generating reviews that accurately reflect sentiment and discusses the challenge of training models to generalize sentiment analysis from small datasets."
        },
        {
            "section number": "3.1",
            "key information": "The proposed method, Byte-level Recurrent Language Model with Sentiment Unit (BRLM-SU), involves training a model that incorporates a sentiment unit for generating sentiment-specific reviews."
        },
        {
            "section number": "3.4",
            "key information": "The method demonstrates improvements in data efficiency by enabling the generation of reviews with specific sentiments based on learned representations."
        },
        {
            "section number": "5.1",
            "key information": "The integration of the sentiment unit within the byte-level recurrent language model enhances the model's ability to process and generate sentiment-specific language."
        },
        {
            "section number": "7.1",
            "key information": "The paper discusses the limitation of the proposed method in generalizing to other domains or sentiments not represented in the training data, raising concerns about bias."
        },
        {
            "section number": "8",
            "key information": "The conclusion emphasizes that the proposed method achieves state-of-the-art performance in sentiment analysis and review generation, showcasing its potential contributions to the field."
        }
    ],
    "similarity_score": null,
    "image": null,
    "path": "/home/liudingyuan/code/SurveyX/code/SurveyX-main/outputs/t1b/papers/Learning to generate reviews and discovering sentiment.json"
}