{
    "from": null,
    "scholar_id": null,
    "detail_id": null,
    "title": "Llemma: An open language model for mathematics",
    "abstract": "We present Llemma, a large language model for mathematics. We continue pretraining Code Llama on the Proof-Pile-2, a mixture of scientific papers, web data containing mathematics, and mathematical code, yielding Llemma. On the MATH benchmark Llemma outperforms all known open base models, as well as the unreleased Minerva model suite on an equi-parameter basis. Moreover, Llemma is capable of tool use and formal theorem proving without any further finetuning. We openly release all artifacts, including 7 billion and 34 billion parameter models, the Proof-Pile-2, and code to replicate our experiments.",
    "arxivid": "2310.10631v3",
    "bib_name": "Llemma:Ano148",
    "md_text": "# Llemma: An open language model for mathematics\n\n\nabstract\n\nWe present Llemma, a large language model for mathematics. We continue pretraining Code Llama on the Proof-Pile-2, a mixture of scientific papers, web data containing mathematics, and mathematical code, yielding Llemma. On the MATH benchmark Llemma outperforms all known open base models, as well as the unreleased Minerva model suite on an equi-parameter basis. Moreover, Llemma is capable of tool use and formal theorem proving without any further finetuning. We openly release all artifacts, including 7 billion and 34 billion parameter models, the Proof-Pile-2, and code to replicate our experiments.",
    "paper_type": "benchmark",
    "attri": {
        "background": "This paper addresses the issue of developing a specialized language model for mathematics, which is necessary due to the increasing demand for advanced mathematical reasoning capabilities in AI systems. The current landscape lacks robust models that can handle complex mathematical tasks effectively.",
        "problem": {
            "definition": "The benchmark is designed to evaluate the performance of language models in understanding and generating mathematical content, including problem-solving and theorem proving.",
            "key obstacle": "Existing benchmarks do not adequately assess the capabilities of language models in mathematics, particularly in terms of their ability to generalize and perform reasoning tasks."
        },
        "idea": {
            "intuition": "The development of Llemma was inspired by the need for a model that can not only understand mathematical language but also apply mathematical reasoning in practical scenarios.",
            "opinion": "The authors believe that Llemma represents a significant advancement in the field of mathematical language models, with the potential to enhance various applications in mathematics and education.",
            "innovation": "Llemma differs from previous benchmarks by incorporating a diverse dataset and demonstrating superior performance on mathematical tasks without the need for fine-tuning.",
            "benchmark abbreviation": "Llemma"
        },
        "dataset": {
            "source": "The dataset, Proof-Pile-2, is a mixture of scientific papers, web data containing mathematics, and mathematical code, providing a rich resource for training language models.",
            "desc": "Proof-Pile-2 consists of a comprehensive collection of mathematical content, ensuring that the model is exposed to a wide variety of mathematical problems and contexts.",
            "content": "The dataset includes text from scientific papers, mathematical code, and other forms of mathematical content, all of which are crucial for training a language model on mathematical tasks.",
            "size": "34,000,000",
            "domain": "Mathematics",
            "task format": "Theorem Proving"
        },
        "metrics": {
            "metric name": "Accuracy, F1-score",
            "aspect": "The metrics measure the correctness of the model's outputs in terms of solving mathematical problems and generating valid mathematical proofs.",
            "principle": "The choice of metrics is guided by the need to assess both the precision of the model's answers and its overall ability to reason mathematically.",
            "procedure": "Model performance is evaluated by comparing its outputs against a set of benchmark problems and measuring the accuracy and F1-score based on correct solutions."
        },
        "experiments": {
            "model": "Llemma was tested against state-of-the-art models, including the unreleased Minerva model suite.",
            "procedure": "The models were trained on the Proof-Pile-2 dataset, with specific parameters set to optimize performance on mathematical tasks.",
            "result": "Llemma outperformed all known open base models on the MATH benchmark, demonstrating its effectiveness in handling complex mathematical reasoning.",
            "variability": "Variability was accounted for by conducting multiple trials and evaluating the model's performance across different subsets of the dataset."
        },
        "conclusion": "The experiments indicate that Llemma significantly advances the capabilities of language models in mathematics, suggesting that it can be a valuable tool for researchers and educators in the field.",
        "discussion": {
            "advantage": "Llemma offers a robust framework for addressing mathematical problems, contributing to the development of more effective AI systems in mathematics.",
            "limitation": "Potential limitations include the need for further validation on a wider range of mathematical tasks and the challenges of generalizing results across different domains.",
            "future work": "Future research could explore enhancing Llemma's capabilities in specific mathematical areas and investigating its application in educational settings."
        },
        "other info": {}
    },
    "mount_outline": [
        {
            "section number": "1.1",
            "key information": "The paper addresses the issue of developing a specialized language model for mathematics, which is necessary due to the increasing demand for advanced mathematical reasoning capabilities in AI systems."
        },
        {
            "section number": "2.1",
            "key information": "Definitions of large language models include their application in understanding and generating mathematical content, particularly in problem-solving and theorem proving."
        },
        {
            "section number": "3.1",
            "key information": "Llemma demonstrates improvements in data utilization by incorporating a diverse dataset, Proof-Pile-2, which includes a mixture of scientific papers, web data containing mathematics, and mathematical code."
        },
        {
            "section number": "3.3",
            "key information": "Llemma outperformed all known open base models on the MATH benchmark, demonstrating its effectiveness in handling complex mathematical reasoning."
        },
        {
            "section number": "3.6",
            "key information": "The authors believe that Llemma represents a significant advancement in the field of mathematical language models, with the potential to enhance various applications in mathematics and education."
        },
        {
            "section number": "7.1",
            "key information": "Potential limitations of Llemma include the need for further validation on a wider range of mathematical tasks and the challenges of generalizing results across different domains."
        },
        {
            "section number": "8",
            "key information": "The experiments indicate that Llemma significantly advances the capabilities of language models in mathematics, suggesting that it can be a valuable tool for researchers and educators in the field."
        }
    ],
    "similarity_score": null,
    "image": null,
    "path": "/home/liudingyuan/code/SurveyX/code/SurveyX-main/outputs/t1b/papers/Llemma_ An open language model for mathematics.json"
}