{
    "from": null,
    "scholar_id": null,
    "detail_id": null,
    "title": "Locally typical sampling",
    "abstract": "Today\u2019s probabilistic language generators fall short when it comes to producing coherent and fluent text despite the fact that the underlying models perform well under standard metrics (e.g., perplexity). This discrepancy has puzzled the language generation community for the last few years. In this work, we posit that the abstraction of natural language generation as a discrete stochastic process\u2014which allows for an information-theoretic analysis\u2014can provide new insights into the behavior of probabilistic language generators, for example, why high-probability texts can be dull or repetitive. Humans use language as a means of communicating information, aiming to do so in a simultaneously efficient and error-minimizing manner; in fact, psycholinguistics research suggests humans choose each word in a string with this subconscious goal in mind. We formally define the set of strings that meet this criterion: Those for which each word has an information content close to the expected information content, namely, the conditional entropy of our model. We then propose a simple and efficient procedure for enforcing this criterion when generating from probabilistic models, which we call locally typical sampling. Automatic and human evaluations show that, in comparison to nucleus and top-k sampling, locally typical sampling offers competitive performance (in both abstractive summarization and story generation) in terms of quality while consistently reducing degenerate repetitions.",
    "arxivid": "2202.00666v6",
    "bib_name": "Locallytyp193",
    "md_text": "# Locally typical sampling\n\n\nabstract\n\nToday\u2019s probabilistic language generators fall short when it comes to producing coherent and fluent text despite the fact that the underlying models perform well under standard metrics (e.g., perplexity). This discrepancy has puzzled the language generation community for the last few years. In this work, we posit that the abstraction of natural language generation as a discrete stochastic process\u2014which allows for an information-theoretic analysis\u2014can provide new insights into the behavior of probabilistic language generators, for example, why high-probability texts can be dull or repetitive. Humans use language as a means of communicating information, aiming to do so in a simultaneously efficient and error-minimizing manner; in fact, psycholinguistics research suggests humans choose each word in a string with this subconscious goal in mind. We formally define the set of strings that meet this criterion: Those for which each word has an information content close to the expected information content, namely, the conditional entropy of our model. We then propose a simple and efficient procedure for enforcing this criterion when generating from probabilistic models, which we call locally typical sampling. Automatic and human evaluations show that, in comparison to nucleus and top-k sampling, locally typical sampling offers competitive performance (in both abstractive summarization and story generation) in terms of quality while consistently reducing degenerate repetitions.",
    "paper_type": "method",
    "attri": {
        "background": "This paper addresses the issue of coherence and fluency in probabilistic language generators, which, despite performing well under standard metrics like perplexity, often produce dull or repetitive text. The authors argue that understanding natural language generation as a discrete stochastic process can shed light on this problem.",
        "problem": {
            "definition": "The problem is the inability of existing probabilistic language generation models to produce coherent and fluent text, leading to outputs that may be high-probability yet lack engagement.",
            "key obstacle": "The core obstacle is the tendency of language models to generate repetitive and uninteresting text, which is not aligned with human communication goals of efficiency and information richness."
        },
        "idea": {
            "intuition": "The authors were inspired by psycholinguistics research indicating that humans select words to optimize information delivery while minimizing errors, leading to the conceptualization of a set of strings that meet this criterion.",
            "opinion": "The proposed idea is locally typical sampling, a method designed to ensure that generated text adheres to the information content expected from the model, thus enhancing coherence and reducing repetition.",
            "innovation": "Locally typical sampling differs from existing methods by enforcing a criterion based on the conditional entropy of the model, aiming to produce text that is both high in quality and low in degeneracy."
        },
        "method": {
            "method name": "Locally Typical Sampling",
            "method abbreviation": "LTS",
            "method definition": "Locally typical sampling is a method that generates text by ensuring that each word's information content aligns closely with the expected information content dictated by the model's conditional entropy.",
            "method description": "The core of the method is to sample words in a way that maintains their expected information content, thereby enhancing the quality of generated text.",
            "method steps": "1. Define the expected information content for each word based on the model's conditional entropy. 2. Sample words that meet this information criterion during text generation.",
            "principle": "This method is effective because it aligns the generation process with the information-theoretic principles that govern human language use, thereby reducing the likelihood of generating repetitive or uninteresting text."
        },
        "experiments": {
            "evaluation setting": "The experiments involved automatic and human evaluations comparing locally typical sampling with nucleus and top-k sampling methods across tasks of abstractive summarization and story generation.",
            "evaluation method": "Performance was assessed based on quality metrics and the frequency of degenerate repetitions in the generated text."
        },
        "conclusion": "The results indicate that locally typical sampling provides competitive performance in generating coherent and fluent text while consistently reducing repetitive outputs compared to existing methods.",
        "discussion": {
            "advantage": "The key advantage of locally typical sampling is its ability to produce higher quality text with reduced repetitions, making it a more effective alternative to traditional sampling methods.",
            "limitation": "One limitation of the method may be its dependence on the model's conditional entropy, which could vary across different contexts or datasets.",
            "future work": "Future research could explore extending locally typical sampling to other domains or integrating it with more complex models to further enhance its effectiveness."
        },
        "other info": []
    },
    "mount_outline": [
        {
            "section number": "1.1",
            "key information": "The paper addresses the issue of coherence and fluency in probabilistic language generators, highlighting the importance of generating engaging text that aligns with human communication goals."
        },
        {
            "section number": "2.1",
            "key information": "The paper defines the problem of existing probabilistic language generation models, which often produce high-probability outputs that lack coherence and engagement."
        },
        {
            "section number": "3.1",
            "key information": "The method proposed in the paper, locally typical sampling (LTS), represents an advancement in data utilization by ensuring that generated text adheres to expected information content based on the model's conditional entropy."
        },
        {
            "section number": "3.3",
            "key information": "Locally typical sampling enhances the efficiency and performance of language models by aligning the generation process with information-theoretic principles, reducing the likelihood of repetitive outputs."
        },
        {
            "section number": "4.1",
            "key information": "The paper discusses the core components of locally typical sampling, which includes defining expected information content for each word and sampling words that meet this criterion during text generation."
        },
        {
            "section number": "7.1",
            "key information": "The paper highlights the limitation of traditional sampling methods in generating repetitive text, addressing the bias towards dull outputs that do not meet human communication standards."
        },
        {
            "section number": "7.4",
            "key information": "Future work suggested in the paper includes exploring the extension of locally typical sampling to other domains, which could enhance the robustness of language generation methods."
        }
    ],
    "similarity_score": null,
    "image": null,
    "path": "/home/liudingyuan/code/SurveyX/code/SurveyX-main/outputs/t1b/papers/Locally typical sampling.json"
}