{
    "from": null,
    "scholar_id": null,
    "detail_id": null,
    "title": "Megatron-lm: Training multi-billion parameter language models using model parallelism",
    "abstract": "Recent work in language modeling demonstrates that training large transformer models advances the state of the art in Natural Language Processing applications. However, very large models can be quite difficult to train due to memory constraints. In this work, we present our techniques for training very large transformer models and implement a simple, efficient intra-layer model parallel approach that enables training transformer models with billions of parameters. Our approach does not require a new compiler or library changes, is orthogonal and complimentary to pipeline model parallelism, and can be fully implemented with the insertion of a few communication operations in native PyTorch. We illustrate this approach by converging transformer based models up to 8.3 billion parameters using 512 GPUs. We sustain 15.1 PetaFLOPs across the entire application with 76% scaling efficiency when compared to a strong single GPU baseline that sustains 39 TeraFLOPs, which is 30% of peak FLOPs. To demonstrate that large language models can further advance the state of the art (SOTA), we train an 8.3 billion parameter transformer language model similar to GPT-2 and a 3.9 billion parameter model similar to BERT. We show that careful attention to the placement of layer normalization in BERT-like models is critical to achieving increased performance as the model size grows. Using the GPT-2 model we achieve SOTA results on the WikiText103 (10.8 compared to SOTA perplexity of 15.8) and LAMBADA (66.5% compared to SOTA accuracy of 63.2%) datasets. Our BERT model achieves SOTA results on the RACE dataset (90.9% compared to SOTA accuracy of 89.4%).",
    "arxivid": "1909.08053v4",
    "bib_name": "Megatron-l42",
    "md_text": "# Megatron-lm: Training multi-billion parameter language models using model parallelism\n\n\nabstract\n\nRecent work in language modeling demonstrates that training large transformer models advances the state of the art in Natural Language Processing applications. However, very large models can be quite difficult to train due to memory constraints. In this work, we present our techniques for training very large transformer models and implement a simple, efficient intra-layer model parallel approach that enables training transformer models with billions of parameters. Our approach does not require a new compiler or library changes, is orthogonal and complimentary to pipeline model parallelism, and can be fully implemented with the insertion of a few communication operations in native PyTorch. We illustrate this approach by converging transformer based models up to 8.3 billion parameters using 512 GPUs. We sustain 15.1 PetaFLOPs across the entire application with 76% scaling efficiency when compared to a strong single GPU baseline that sustains 39 TeraFLOPs, which is 30% of peak FLOPs. To demonstrate that large language models can further advance the state of the art (SOTA), we train an 8.3 billion parameter transformer language model similar to GPT-2 and a 3.9 billion parameter model similar to BERT. We show that careful attention to the placement of layer normalization in BERT-like models is critical to achieving increased performance as the model size grows. Using the GPT-2 model we achieve SOTA results on the WikiText103 (10.8 compared to SOTA perplexity of 15.8) and LAMBADA (66.5% compared to SOTA accuracy of 63.2%) datasets. Our BERT model achieves SOTA results on the RACE dataset (90.9% compared to SOTA accuracy of 89.4%).",
    "paper_type": "method",
    "attri": {
        "background": "This paper addresses the challenge of training very large transformer models in Natural Language Processing (NLP) due to memory constraints, highlighting the necessity for new methods to effectively manage the training of models with billions of parameters.",
        "problem": {
            "definition": "The problem involves the difficulty in training large transformer models because of memory limitations and the need for efficient model parallelism techniques.",
            "key obstacle": "The core obstacle is the inability of existing methods to efficiently utilize available hardware resources to train models with billions of parameters without significant performance degradation."
        },
        "idea": {
            "intuition": "The idea is inspired by the need for a scalable approach to model parallelism that can handle very large models without requiring extensive changes to existing frameworks.",
            "opinion": "The proposed idea entails a simple, efficient intra-layer model parallel approach that allows for the training of extremely large transformer models using minimal modifications to the existing PyTorch framework.",
            "innovation": "The innovation lies in the method's ability to achieve high performance and efficiency without the need for new compilers or libraries, differentiating it from traditional pipeline model parallelism."
        },
        "method": {
            "method name": "Intra-layer model parallelism",
            "method abbreviation": "ILMP",
            "method definition": "ILMP is a technique that enables the training of transformer models with billions of parameters by distributing computations across multiple GPUs while maintaining efficient communication.",
            "method description": "The core of ILMP involves inserting a few communication operations into the existing PyTorch implementation to facilitate intra-layer parallelism.",
            "method steps": "1. Identify the layers of the transformer model to parallelize. 2. Insert communication operations for data transfer between GPUs. 3. Execute the training process across multiple GPUs while monitoring performance.",
            "principle": "ILMP is effective due to its ability to maximize GPU utilization and minimize memory overhead, allowing for the training of larger models compared to traditional methods."
        },
        "experiments": {
            "evaluation setting": "The experiments were conducted using 512 GPUs to train transformer models with up to 8.3 billion parameters, comparing performance against a strong single GPU baseline.",
            "evaluation method": "Performance was assessed by measuring sustained PetaFLOPs and scaling efficiency, alongside achieving state-of-the-art results on benchmark datasets."
        },
        "conclusion": "The proposed ILMP method successfully trains large transformer models, achieving state-of-the-art results on various NLP benchmarks while demonstrating significant performance improvements over existing methods.",
        "discussion": {
            "advantage": "The key advantage of ILMP is its ability to efficiently train very large models without the need for extensive changes to existing frameworks, leading to improved scaling and performance.",
            "limitation": "A limitation of this approach may include the potential for increased complexity in managing communication operations as model sizes grow.",
            "future work": "Future research could focus on optimizing communication strategies further and exploring additional architectural innovations to enhance model training efficiency."
        },
        "other info": {
            "SOTA results": {
                "WikiText103": "10.8 perplexity compared to SOTA of 15.8",
                "LAMBADA": "66.5% accuracy compared to SOTA of 63.2%",
                "RACE": "90.9% accuracy compared to SOTA of 89.4%"
            }
        }
    },
    "mount_outline": [
        {
            "section number": "2.3",
            "key information": "The core obstacle is the inability of existing methods to efficiently utilize available hardware resources to train models with billions of parameters without significant performance degradation."
        },
        {
            "section number": "3.1",
            "key information": "ILMP is a technique that enables the training of transformer models with billions of parameters by distributing computations across multiple GPUs while maintaining efficient communication."
        },
        {
            "section number": "3.4",
            "key information": "The key advantage of ILMP is its ability to efficiently train very large models without the need for extensive changes to existing frameworks, leading to improved scaling and performance."
        },
        {
            "section number": "3.6",
            "key information": "The proposed ILMP method successfully trains large transformer models, achieving state-of-the-art results on various NLP benchmarks while demonstrating significant performance improvements over existing methods."
        },
        {
            "section number": "7.2",
            "key information": "A limitation of this approach may include the potential for increased complexity in managing communication operations as model sizes grow."
        }
    ],
    "similarity_score": null,
    "image": null,
    "path": "/home/liudingyuan/code/SurveyX/code/SurveyX-main/outputs/t1b/papers/Megatron-lm_ Training multi-billion parameter language models using model parallelism.json"
}