{
    "from": null,
    "scholar_id": null,
    "detail_id": null,
    "title": "Mxnet: A flexible and efficient machine learning library for heterogeneous distributed systems",
    "abstract": "MXNet is a multi-language machine learning (ML) library to ease the development of ML algorithms, especially for deep neural networks. Embedded in the host language, it blends declarative symbolic expression with imperative tensor computation. It offers auto differentiation to derive gradients. MXNet is computation and memory efficient and runs on various heterogeneous systems, ranging from mobile devices to distributed GPU clusters. \nThis paper describes both the API design and the system implementation of MXNet, and explains how embedding of both symbolic expression and tensor operation is handled in a unified fashion. Our preliminary experiments reveal promising results on large scale deep neural network applications using multiple GPU machines.",
    "arxivid": "1512.01274v1",
    "bib_name": "Mxnet:Afle115",
    "md_text": "# Mxnet: A flexible and efficient machine learning library for heterogeneous distributed systems\n\n\nabstract\n\nMXNet is a multi-language machine learning (ML) library to ease the development of ML algorithms, especially for deep neural networks. Embedded in the host language, it blends declarative symbolic expression with imperative tensor computation. It offers auto differentiation to derive gradients. MXNet is computation and memory efficient and runs on various heterogeneous systems, ranging from mobile devices to distributed GPU clusters. \nThis paper describes both the API design and the system implementation of MXNet, and explains how embedding of both symbolic expression and tensor operation is handled in a unified fashion. Our preliminary experiments reveal promising results on large scale deep neural network applications using multiple GPU machines.",
    "paper_type": "method",
    "attri": {
        "background": "This paper addresses the issue of developing machine learning algorithms, particularly focusing on deep neural networks, and highlights the need for a new method that integrates symbolic expression with tensor computation to improve efficiency and flexibility.",
        "problem": {
            "definition": "The problem is the complexity and inefficiency associated with existing machine learning libraries that do not effectively integrate symbolic and imperative programming.",
            "key obstacle": "The main challenge is the lack of a unified approach that allows for both high-level abstraction and low-level optimization, which hinders performance in heterogeneous distributed systems."
        },
        "idea": {
            "intuition": "The idea was inspired by the observation that existing frameworks often separate symbolic and tensor operations, leading to inefficiencies in computation.",
            "opinion": "The proposed idea is to create a flexible machine learning library that seamlessly integrates symbolic expressions with imperative tensor computations, allowing for better optimization and ease of use.",
            "innovation": "The primary difference lies in MXNet's ability to blend declarative and imperative programming paradigms, which enhances computational efficiency and memory usage across various hardware platforms."
        },
        "method": {
            "method name": "MXNet",
            "method abbreviation": "MXNet",
            "method definition": "MXNet is a machine learning library designed to facilitate the development of algorithms by integrating symbolic and imperative computation in a unified framework.",
            "method description": "MXNet combines symbolic expression with imperative tensor operations to optimize machine learning tasks across diverse hardware environments.",
            "method steps": "The method involves defining symbolic expressions, compiling them for execution, and utilizing auto differentiation for gradient computation.",
            "principle": "The effectiveness of MXNet stems from its ability to optimize resource usage and computational efficiency by leveraging both high-level abstractions and low-level operations."
        },
        "experiments": {
            "evaluation setting": "Preliminary experiments were conducted on large scale deep neural network applications using multiple GPU machines to assess performance.",
            "evaluation method": "The evaluation involved measuring the efficiency and scalability of the MXNet library compared to existing methods, focusing on computation and memory usage."
        },
        "conclusion": "The outcomes of the experiments indicate that MXNet provides a promising solution for developing scalable and efficient machine learning algorithms, particularly in deep learning applications.",
        "discussion": {
            "advantage": "Key advantages include its flexibility in handling various hardware configurations and its efficient integration of symbolic and imperative programming.",
            "limitation": "Limitations may include potential challenges in optimizing for specific hardware setups or the learning curve for new users unfamiliar with the framework.",
            "future work": "Future research could focus on enhancing the library's performance on specialized hardware and expanding its capabilities to support more complex machine learning models."
        },
        "other info": []
    },
    "mount_outline": [
        {
            "section number": "1.1",
            "key information": "This paper addresses the issue of developing machine learning algorithms, particularly focusing on deep neural networks, and highlights the need for a new method that integrates symbolic expression with tensor computation to improve efficiency and flexibility."
        },
        {
            "section number": "2.1",
            "key information": "MXNet is a machine learning library designed to facilitate the development of algorithms by integrating symbolic and imperative computation in a unified framework."
        },
        {
            "section number": "2.2",
            "key information": "The problem is the complexity and inefficiency associated with existing machine learning libraries that do not effectively integrate symbolic and imperative programming."
        },
        {
            "section number": "3.1",
            "key information": "The proposed idea is to create a flexible machine learning library that seamlessly integrates symbolic expressions with imperative tensor computations, allowing for better optimization and ease of use."
        },
        {
            "section number": "3.3",
            "key information": "Preliminary experiments were conducted on large scale deep neural network applications using multiple GPU machines to assess performance."
        },
        {
            "section number": "7.2",
            "key information": "The main challenge is the lack of a unified approach that allows for both high-level abstraction and low-level optimization, which hinders performance in heterogeneous distributed systems."
        },
        {
            "section number": "8",
            "key information": "The outcomes of the experiments indicate that MXNet provides a promising solution for developing scalable and efficient machine learning algorithms, particularly in deep learning applications."
        }
    ],
    "similarity_score": null,
    "image": null,
    "path": "/home/liudingyuan/code/SurveyX/code/SurveyX-main/outputs/t1b/papers/Mxnet_ A flexible and efficient machine learning library for heterogeneous distributed systems.json"
}