{
    "from": null,
    "scholar_id": null,
    "detail_id": null,
    "title": "Natural language processing (almost) from scratch",
    "abstract": "We propose a unified neural network architecture and learning algorithm that can be applied to various natural language processing tasks including part-of-speech tagging, chunking, named entity recognition, and semantic role labeling. This versatility is achieved by trying to avoid task-specific engineering and therefore disregarding a lot of prior knowledge. Instead of exploiting man-made input features carefully optimized for each task, our system learns internal representations on the basis of vast amounts of mostly unlabeled training data. This work is then used as a basis for building a freely available tagging system with good performance and minimal computational requirements.",
    "arxivid": "1103.0398v1",
    "bib_name": "Naturallan0",
    "md_text": "# Natural language processing (almost) from scratch\n\n\nabstract\n\nWe propose a unified neural network architecture and learning algorithm that can be applied to various natural language processing tasks including part-of-speech tagging, chunking, named entity recognition, and semantic role labeling. This versatility is achieved by trying to avoid task-specific engineering and therefore disregarding a lot of prior knowledge. Instead of exploiting man-made input features carefully optimized for each task, our system learns internal representations on the basis of vast amounts of mostly unlabeled training data. This work is then used as a basis for building a freely available tagging system with good performance and minimal computational requirements.",
    "paper_type": "method",
    "attri": {
        "background": "This paper addresses the issue of developing a versatile neural network architecture for various natural language processing tasks, highlighting the limitations of previous methods that rely heavily on task-specific engineering and optimized input features.",
        "problem": {
            "definition": "The problem this paper aims to solve is the lack of a unified approach that can effectively handle multiple natural language processing tasks without extensive task-specific feature engineering.",
            "key obstacle": "The core obstacle is the reliance on man-made input features that are optimized for individual tasks, which limits the adaptability and scalability of existing methods."
        },
        "idea": {
            "intuition": "The intuition behind the proposed idea is that by avoiding task-specific engineering and leveraging vast amounts of mostly unlabeled data, a more generalized and effective model can be developed.",
            "opinion": "The proposed idea entails a unified neural network architecture that learns internal representations directly from data, rather than relying on predefined features.",
            "innovation": "The primary innovation of this method lies in its ability to generalize across various NLP tasks without the need for extensive task-specific adjustments, improving adaptability and performance."
        },
        "method": {
            "method name": "Unified Neural Network Architecture",
            "method abbreviation": "UNNA",
            "method definition": "The method is defined as a neural network architecture that learns from large datasets to perform multiple natural language processing tasks without relying on specific engineering for each task.",
            "method description": "This method utilizes a single architecture to address various NLP tasks through learned internal representations.",
            "method steps": "1. Collect vast amounts of mostly unlabeled training data; 2. Train the neural network to learn internal representations; 3. Apply the learned model to multiple NLP tasks.",
            "principle": "The effectiveness of this method is based on the principle that learning from large amounts of data allows the model to capture relevant features and patterns without manual feature selection."
        },
        "experiments": {
            "evaluation setting": "The evaluation was conducted on various NLP tasks including part-of-speech tagging, chunking, named entity recognition, and semantic role labeling, using a freely available tagging system for performance assessment.",
            "evaluation method": "The evaluation method involved measuring the performance of the unified architecture against baseline methods to analyze its effectiveness across tasks."
        },
        "conclusion": "The outcomes of the experiments demonstrate that the proposed unified neural network architecture achieves good performance across multiple NLP tasks with minimal computational requirements, validating the approach's effectiveness.",
        "discussion": {
            "advantage": "The key advantages of the proposed approach include its versatility across different NLP tasks and reduced need for task-specific engineering, leading to efficient model training.",
            "limitation": "A limitation of the method may be its dependence on large amounts of unlabeled data, which might not be available for all tasks.",
            "future work": "Future work should focus on improving the method's performance in scenarios with limited labeled data and exploring additional NLP tasks that could benefit from this unified approach."
        },
        "other info": []
    },
    "mount_outline": [
        {
            "section number": "1.1",
            "key information": "The paper highlights the limitations of previous methods that rely heavily on task-specific engineering and optimized input features, emphasizing the importance of developing a versatile neural network architecture."
        },
        {
            "section number": "2.1",
            "key information": "The paper defines a unified neural network architecture (UNNA) that learns internal representations directly from data, rather than relying on predefined features, addressing the need for a generalized approach in NLP."
        },
        {
            "section number": "3.1",
            "key information": "The method utilizes a single architecture to address various NLP tasks through learned internal representations, showcasing advancements in training methodologies by avoiding task-specific feature engineering."
        },
        {
            "section number": "3.4",
            "key information": "The proposed method achieves good performance across multiple NLP tasks with minimal computational requirements, demonstrating improvements in scalability and efficiency."
        },
        {
            "section number": "7.2",
            "key information": "A limitation of the method may be its dependence on large amounts of unlabeled data, which might not be available for all tasks, highlighting challenges related to data quality and availability."
        },
        {
            "section number": "8",
            "key information": "The outcomes of the experiments validate the effectiveness of the unified neural network architecture, suggesting areas for further exploration in improving performance with limited labeled data."
        }
    ],
    "similarity_score": null,
    "image": null,
    "path": "/home/liudingyuan/code/SurveyX/code/SurveyX-main/outputs/t1b/papers/Natural language processing (almost) from scratch.json"
}