{
    "from": null,
    "scholar_id": null,
    "detail_id": null,
    "title": "Neural machine translation of rare words with subword units",
    "abstract": "Neural machine translation (NMT) models typically operate with a fixed vocabulary, but translation is an open-vocabulary problem. Previous work addresses the translation of out-of-vocabulary words by backing off to a dictionary. In this paper, we introduce a simpler and more effective approach, making the NMT model capable of open-vocabulary translation by encoding rare and unknown words as sequences of subword units. This is based on the intuition that various word classes are translatable via smaller units than words, for instance names (via character copying or transliteration), compounds (via compositional translation), and cognates and loanwords (via phonological and morphological transformations). We discuss the suitability of different word segmentation techniques, including simple character n-gram models and a segmentation based on the byte pair encoding compression algorithm, and empirically show that subword models improve over a back-off dictionary baseline for the WMT 15 translation tasks English-German and English-Russian by 1.1 and 1.3 BLEU, respectively.",
    "arxivid": "1508.07909v5",
    "bib_name": "Neuralmach135",
    "md_text": "# Neural machine translation of rare words with subword units\n\n\nabstract\n\nNeural machine translation (NMT) models typically operate with a fixed vocabulary, but translation is an open-vocabulary problem. Previous work addresses the translation of out-of-vocabulary words by backing off to a dictionary. In this paper, we introduce a simpler and more effective approach, making the NMT model capable of open-vocabulary translation by encoding rare and unknown words as sequences of subword units. This is based on the intuition that various word classes are translatable via smaller units than words, for instance names (via character copying or transliteration), compounds (via compositional translation), and cognates and loanwords (via phonological and morphological transformations). We discuss the suitability of different word segmentation techniques, including simple character n-gram models and a segmentation based on the byte pair encoding compression algorithm, and empirically show that subword models improve over a back-off dictionary baseline for the WMT 15 translation tasks English-German and English-Russian by 1.1 and 1.3 BLEU, respectively.",
    "paper_type": "method",
    "attri": {
        "background": "Neural machine translation (NMT) models typically operate with a fixed vocabulary, but translation is an open-vocabulary problem. Previous work addresses the translation of out-of-vocabulary words by backing off to a dictionary.",
        "problem": {
            "definition": "The problem this paper aims to solve is the limitation of NMT models in handling rare and unknown words due to their reliance on a fixed vocabulary.",
            "key obstacle": "The core obstacle is that existing methods typically rely on dictionaries for out-of-vocabulary words, which may not be effective for all types of words."
        },
        "idea": {
            "intuition": "The intuition behind the proposed idea is that various word classes can be translated using smaller units than whole words, such as character copying for names and compositional translation for compounds.",
            "opinion": "The proposed idea involves encoding rare and unknown words as sequences of subword units, allowing for more flexible and accurate translations.",
            "innovation": "The primary innovation of this method is its ability to perform open-vocabulary translation by using subword units instead of relying solely on fixed vocabulary or dictionaries."
        },
        "method": {
            "method name": "Subword Unit Encoding",
            "method abbreviation": "SUE",
            "method definition": "Subword Unit Encoding involves breaking down rare and unknown words into smaller subword units for translation, enabling NMT models to handle open-vocabulary scenarios effectively.",
            "method description": "The method encodes rare and unknown words as sequences of subword units to facilitate translation.",
            "method steps": "1. Identify rare and unknown words in the input. 2. Segment these words into subword units using chosen techniques. 3. Translate using the NMT model with the encoded subword units.",
            "principle": "This method is effective because it allows the NMT model to leverage smaller, translatable units, improving its ability to handle a wider range of vocabulary."
        },
        "experiments": {
            "evaluation setting": "The experiments were conducted on the WMT 15 translation tasks for English-German and English-Russian, comparing the subword models against a back-off dictionary baseline.",
            "evaluation method": "Performance was measured using BLEU scores to assess the translation quality."
        },
        "conclusion": "The results demonstrate that subword models improve translation performance over the back-off dictionary baseline, achieving increases of 1.1 and 1.3 BLEU for English-German and English-Russian, respectively.",
        "discussion": {
            "advantage": "The key advantages of the proposed approach include its ability to handle open-vocabulary translation effectively and improved translation quality for rare and unknown words.",
            "limitation": "A limitation of the method may include the potential complexity of segmenting words into appropriate subword units, which could affect translation accuracy.",
            "future work": "Future research could explore further optimization of segmentation techniques and the application of subword models to additional languages and translation tasks."
        },
        "other info": []
    },
    "mount_outline": [
        {
            "section number": "2.3",
            "key information": "The problem this paper aims to solve is the limitation of neural machine translation (NMT) models in handling rare and unknown words due to their reliance on a fixed vocabulary."
        },
        {
            "section number": "3.1",
            "key information": "Subword Unit Encoding involves breaking down rare and unknown words into smaller subword units for translation, enabling NMT models to handle open-vocabulary scenarios effectively."
        },
        {
            "section number": "3.2",
            "key information": "The primary innovation of this method is its ability to perform open-vocabulary translation by using subword units instead of relying solely on fixed vocabulary or dictionaries."
        },
        {
            "section number": "3.6",
            "key information": "The results demonstrate that subword models improve translation performance over the back-off dictionary baseline, achieving increases of 1.1 and 1.3 BLEU for English-German and English-Russian, respectively."
        },
        {
            "section number": "7.4",
            "key information": "A limitation of the method may include the potential complexity of segmenting words into appropriate subword units, which could affect translation accuracy."
        },
        {
            "section number": "7.1",
            "key information": "The key advantages of the proposed approach include its ability to handle open-vocabulary translation effectively and improved translation quality for rare and unknown words."
        }
    ],
    "similarity_score": null,
    "image": null,
    "path": "/home/liudingyuan/code/SurveyX/code/SurveyX-main/outputs/t1b/papers/Neural machine translation of rare words with subword units.json"
}