{
    "from": null,
    "scholar_id": null,
    "detail_id": null,
    "title": "OPT-IML: scaling language model instruction meta learning through the lens of generalization",
    "abstract": "Recent work has shown that fine-tuning large pre-trained language models on a collection of tasks described via instructions, a.k.a. instruction-tuning, improves their zero and few-shot generalization to unseen tasks. However, there is a limited understanding of the performance trade-offs of different decisions made during the instruction-tuning process. These decisions include the scale and diversity of the instruction-tuning benchmark, different task sampling strategies, fine-tuning with and without demonstrations, training using specialized datasets for reasoning and dialogue, and finally, the fine-tuning objectives themselves. In this paper, we characterize the effect of instruction-tuning decisions on downstream task performance when scaling both model and benchmark sizes. To this end, we create OPT-IML Bench: a large benchmark for Instruction Meta-Learning (IML) of 2000 NLP tasks consolidated into task categories from 8 existing benchmarks, and prepare an evaluation framework to measure three types of model generalizations: to tasks from fully held-out categories, to held-out tasks from seen categories, and to held-out instances from seen tasks. Through the lens of this framework, we first present insights about instruction-tuning decisions as applied to OPT-30B and further exploit these insights to train OPT-IML 30B and 175B, which are instruction-tuned versions of OPT. OPT-IML demonstrates all three generalization abilities at both scales on four different evaluation benchmarks with diverse tasks and input formats -- PromptSource, FLAN, Super-NaturalInstructions, and UnifiedSKG. Not only does it significantly outperform OPT on all benchmarks but is also highly competitive with existing models fine-tuned on each specific benchmark. We release OPT-IML at both scales, together with the OPT-IML Bench evaluation framework.",
    "arxivid": "2212.12017v3",
    "bib_name": "OPT-IML:sc51",
    "md_text": "# OPT-IML: scaling language model instruction meta learning through the lens of generalization\n\n\nabstract\n\nRecent work has shown that fine-tuning large pre-trained language models on a collection of tasks described via instructions, a.k.a. instruction-tuning, improves their zero and few-shot generalization to unseen tasks. However, there is a limited understanding of the performance trade-offs of different decisions made during the instruction-tuning process. These decisions include the scale and diversity of the instruction-tuning benchmark, different task sampling strategies, fine-tuning with and without demonstrations, training using specialized datasets for reasoning and dialogue, and finally, the fine-tuning objectives themselves. In this paper, we characterize the effect of instruction-tuning decisions on downstream task performance when scaling both model and benchmark sizes. To this end, we create OPT-IML Bench: a large benchmark for Instruction Meta-Learning (IML) of 2000 NLP tasks consolidated into task categories from 8 existing benchmarks, and prepare an evaluation framework to measure three types of model generalizations: to tasks from fully held-out categories, to held-out tasks from seen categories, and to held-out instances from seen tasks. Through the lens of this framework, we first present insights about instruction-tuning decisions as applied to OPT-30B and further exploit these insights to train OPT-IML 30B and 175B, which are instruction-tuned versions of OPT. OPT-IML demonstrates all three generalization abilities at both scales on four different evaluation benchmarks with diverse tasks and input formats -- PromptSource, FLAN, Super-NaturalInstructions, and UnifiedSKG. Not only does it significantly outperform OPT on all benchmarks but is also highly competitive with existing models fine-tuned on each specific benchmark. We release OPT-IML at both scales, together with the OPT-IML Bench evaluation framework.",
    "paper_type": "benchmark",
    "attri": {
        "background": "This paper addresses the issue of understanding performance trade-offs in instruction-tuning large pre-trained language models, highlighting the need for a comprehensive benchmark that consolidates various tasks and evaluates generalization across different categories.",
        "problem": {
            "definition": "The benchmark is designed to evaluate the instruction-tuning process of language models on a diverse set of NLP tasks, focusing on their generalization capabilities.",
            "key obstacle": "Existing benchmarks lack the scale and diversity required to comprehensively assess the performance of instruction-tuned models across various tasks."
        },
        "idea": {
            "intuition": "The development of this benchmark was inspired by the need to analyze how different instruction-tuning decisions impact model generalization.",
            "opinion": "The authors believe that this benchmark is crucial for advancing the understanding of instruction-tuning in language models and its implications for NLP tasks.",
            "innovation": "OPT-IML Bench differs from previous benchmarks by consolidating 2000 tasks from 8 existing benchmarks, focusing on various generalization abilities.",
            "benchmark abbreviation": "OPT-IML Bench"
        },
        "dataset": {
            "source": "The dataset was created by consolidating tasks from 8 existing benchmarks.",
            "desc": "The benchmark consists of 2000 NLP tasks categorized into various task types, designed to evaluate generalization abilities in instruction-tuned models.",
            "content": "The dataset includes tasks related to natural language processing, covering diverse input formats and task categories.",
            "size": "2000",
            "domain": "Natural Language Processing",
            "task format": "Instruction-based tasks"
        },
        "metrics": {
            "metric name": "Generalization Ability",
            "aspect": "Model performance across different task categories and instances.",
            "principle": "Metrics were chosen to reflect the model's ability to generalize to unseen tasks and instances, providing insights into instruction-tuning effectiveness.",
            "procedure": "Model performance is evaluated based on their ability to generalize to fully held-out categories, held-out tasks from seen categories, and held-out instances from seen tasks."
        },
        "experiments": {
            "model": "OPT-IML 30B and 175B, which are instruction-tuned versions of OPT.",
            "procedure": "Models were trained using the consolidated OPT-IML Bench dataset, with a focus on instruction-tuning strategies.",
            "result": "The models significantly outperformed the baseline OPT model on all benchmarks and were competitive with other models fine-tuned on specific benchmarks.",
            "variability": "Variability was accounted for by evaluating models across multiple benchmarks and task categories."
        },
        "conclusion": "The experiments demonstrated that the OPT-IML models exhibit strong generalization capabilities, indicating the effectiveness of the instruction-tuning process and the importance of the OPT-IML Bench for future research.",
        "discussion": {
            "advantage": "The benchmark provides a comprehensive evaluation framework that enhances understanding of instruction-tuning in language models.",
            "limitation": "Potential limitations include the reliance on existing benchmarks, which may not cover all possible NLP tasks.",
            "future work": "Future research could explore additional task categories and further refine instruction-tuning methodologies based on insights gained from this benchmark."
        },
        "other info": {}
    },
    "mount_outline": [
        {
            "section number": "2.3",
            "key information": "Existing benchmarks lack the scale and diversity required to comprehensively assess the performance of instruction-tuned models across various tasks."
        },
        {
            "section number": "3.1",
            "key information": "The benchmark consists of 2000 NLP tasks categorized into various task types, designed to evaluate generalization abilities in instruction-tuned models."
        },
        {
            "section number": "3.6",
            "key information": "The experiments demonstrated that the OPT-IML models exhibit strong generalization capabilities, indicating the effectiveness of the instruction-tuning process."
        },
        {
            "section number": "7.1",
            "key information": "Potential limitations include the reliance on existing benchmarks, which may not cover all possible NLP tasks."
        },
        {
            "section number": "7.4",
            "key information": "Future research could explore additional task categories and further refine instruction-tuning methodologies based on insights gained from this benchmark."
        }
    ],
    "similarity_score": null,
    "image": null,
    "path": "/home/liudingyuan/code/SurveyX/code/SurveyX-main/outputs/t1b/papers/OPT-IML_ scaling language model instruction meta learning through the lens of generalization.json"
}