{
    "from": null,
    "scholar_id": null,
    "detail_id": null,
    "title": "Palm-e: An embodied multimodal language model",
    "abstract": "Large language models excel at a wide range of complex tasks. However, enabling general inference in the real world, e.g., for robotics problems, raises the challenge of grounding. We propose embodied language models to directly incorporate real-world continuous sensor modalities into language models and thereby establish the link between words and percepts. Input to our embodied language model are multi-modal sentences that interleave visual, continuous state estimation, and textual input encodings. We train these encodings end-to-end, in conjunction with a pre-trained large language model, for multiple embodied tasks including sequential robotic manipulation planning, visual question answering, and captioning. Our evaluations show that PaLM-E, a single large embodied multimodal model, can address a variety of embodied reasoning tasks, from a variety of observation modalities, on multiple embodiments, and further, exhibits positive transfer: the model benefits from diverse joint training across internet-scale language, vision, and visual-language domains. Our largest model, PaLM-E-562B with 562B parameters, in addition to being trained on robotics tasks, is a visual-language generalist with state-of-the-art performance on OK-VQA, and retains generalist language capabilities with increasing scale.",
    "arxivid": "2303.03378v1",
    "bib_name": "Palm-e:Ane23",
    "md_text": "# Palm-e: An embodied multimodal language model\n\n\nabstract\n\nLarge language models excel at a wide range of complex tasks. However, enabling general inference in the real world, e.g., for robotics problems, raises the challenge of grounding. We propose embodied language models to directly incorporate real-world continuous sensor modalities into language models and thereby establish the link between words and percepts. Input to our embodied language model are multi-modal sentences that interleave visual, continuous state estimation, and textual input encodings. We train these encodings end-to-end, in conjunction with a pre-trained large language model, for multiple embodied tasks including sequential robotic manipulation planning, visual question answering, and captioning. Our evaluations show that PaLM-E, a single large embodied multimodal model, can address a variety of embodied reasoning tasks, from a variety of observation modalities, on multiple embodiments, and further, exhibits positive transfer: the model benefits from diverse joint training across internet-scale language, vision, and visual-language domains. Our largest model, PaLM-E-562B with 562B parameters, in addition to being trained on robotics tasks, is a visual-language generalist with state-of-the-art performance on OK-VQA, and retains generalist language capabilities with increasing scale.",
    "paper_type": "method",
    "attri": {
        "background": "This paper addresses the challenge of grounding in real-world applications of language models, particularly in robotics, by proposing embodied language models that incorporate continuous sensor modalities.",
        "problem": {
            "definition": "The problem is the difficulty of enabling large language models to perform general inference in real-world scenarios, particularly in robotics where grounding is essential.",
            "key obstacle": "The core obstacle is the inability of existing methods to effectively link language with real-world percepts and continuous sensor data."
        },
        "idea": {
            "intuition": "The intuition behind the proposed idea is to directly integrate multi-modal sensory inputs with language processing to enhance the model's understanding of context and actions in the real world.",
            "opinion": "The proposed idea entails the development of embodied language models that process multi-modal sentences, combining visual, continuous state estimation, and textual inputs for improved task performance.",
            "innovation": "The primary innovation of this method is the end-to-end training of multi-modal encodings alongside a pre-trained large language model, allowing for effective handling of various embodied tasks."
        },
        "method": {
            "method name": "PaLM-E",
            "method abbreviation": "PaLM-E",
            "method definition": "PaLM-E is an embodied multimodal language model designed to integrate continuous sensor modalities into language processing for real-world inference.",
            "method description": "The core of the method involves training a large language model with multi-modal sensory inputs to enhance its performance on embodied reasoning tasks.",
            "method steps": "1. Input multi-modal sentences; 2. Process visual and textual encodings; 3. Train the model end-to-end with pre-trained language models; 4. Evaluate on various embodied tasks.",
            "principle": "This method is effective because it establishes a direct link between linguistic inputs and real-world percepts, enabling the model to reason about actions and contexts more accurately."
        },
        "experiments": {
            "evaluation setting": "The evaluation includes multiple embodied tasks such as robotic manipulation planning, visual question answering, and captioning, using diverse observation modalities.",
            "evaluation method": "The performance is assessed through comparisons with baseline methods on standard benchmarks, measuring the model's ability to handle various embodied reasoning tasks."
        },
        "conclusion": "The experiments demonstrate that PaLM-E can successfully address a range of embodied reasoning tasks and exhibits positive transfer from diverse joint training across different modalities.",
        "discussion": {
            "advantage": "Key advantages include the model's ability to integrate multiple sensory modalities and its state-of-the-art performance on visual-language tasks.",
            "limitation": "A limitation is that the model's performance may vary based on the quality and diversity of the training data used for different modalities.",
            "future work": "Future work could focus on improving the model's robustness in real-world applications and exploring additional tasks that require complex reasoning across modalities."
        },
        "other info": []
    },
    "mount_outline": [
        {
            "section number": "1.1",
            "key information": "The paper addresses the challenge of grounding in real-world applications of language models, particularly in robotics, highlighting the importance of large language models in enhancing task performance."
        },
        {
            "section number": "2.1",
            "key information": "The paper defines embodied language models as models that incorporate continuous sensor modalities to improve language processing in real-world scenarios."
        },
        {
            "section number": "2.3",
            "key information": "The core obstacle identified is the inability of existing methods to effectively link language with real-world percepts and continuous sensor data, which traditional models struggle to overcome."
        },
        {
            "section number": "3.1",
            "key information": "The method PaLM-E integrates multi-modal sensory inputs with language processing, enhancing the model's understanding of context and actions in real-world applications."
        },
        {
            "section number": "4.1",
            "key information": "The core of the PaLM-E method involves training a large language model with multi-modal sensory inputs, detailing components such as visual and textual encodings."
        },
        {
            "section number": "5.1",
            "key information": "The integration of embodied language models with continuous sensor modalities enhances language processing, particularly in tasks requiring real-world inference."
        },
        {
            "section number": "7.2",
            "key information": "A limitation of the proposed model is that its performance may vary based on the quality and diversity of the training data used for different modalities, highlighting challenges in data quality."
        },
        {
            "section number": "8",
            "key information": "The conclusion of the paper emphasizes the successful application of PaLM-E in addressing embodied reasoning tasks, suggesting areas for further exploration in improving model robustness."
        }
    ],
    "similarity_score": null,
    "image": null,
    "path": "/home/liudingyuan/code/SurveyX/code/SurveyX-main/outputs/t1b/papers/Palm-e_ An embodied multimodal language model.json"
}