{
    "from": null,
    "scholar_id": null,
    "detail_id": null,
    "title": "Pre-train, prompt, and predict: A systematic survey of prompting methods in natural language processing",
    "abstract": "This article surveys and organizes research works in a new paradigm in natural language processing, which we dub \u201cprompt-based learning.\u201d Unlike traditional supervised learning, which trains a model to take in an input x and predict an output y as P(y|x), prompt-based learning is based on language models that model the probability of text directly. To use these models to perform prediction tasks, the original input x is modified using a template into a textual string prompt x\u2032 that has some unfilled slots, and then the language model is used to probabilistically fill the unfilled information to obtain a final string x\u0302, from which the final output y can be derived. This framework is powerful and attractive for a number of reasons: It allows the language model to be pre-trained on massive amounts of raw text, and by defining a new prompting function the model is able to perform few-shot or even zero-shot learning, adapting to new scenarios with few or no labeled data. In this article, we introduce the basics of this promising paradigm, describe a unified set of mathematical notations that can cover a wide variety of existing work, and organize existing work along several dimensions, e.g., the choice of pre-trained language models, prompts, and tuning strategies. To make the field more accessible to interested beginners, we not only make a systematic review of existing works and a highly structured typology of prompt-based concepts but also release other resources, e.g., a website NLPedia\u2013Pretrain including constantly updated survey and paperlist.",
    "arxivid": "2107.13586v1",
    "bib_name": "Pre-trainp17",
    "md_text": "# Pre-train, prompt, and predict: A systematic survey of prompting methods in natural language processing\n\n\nabstract\n\nThis article surveys and organizes research works in a new paradigm in natural language processing, which we dub \u201cprompt-based learning.\u201d Unlike traditional supervised learning, which trains a model to take in an input x and predict an output y as P(y|x), prompt-based learning is based on language models that model the probability of text directly. To use these models to perform prediction tasks, the original input x is modified using a template into a textual string prompt x\u2032 that has some unfilled slots, and then the language model is used to probabilistically fill the unfilled information to obtain a final string x\u0302, from which the final output y can be derived. This framework is powerful and attractive for a number of reasons: It allows the language model to be pre-trained on massive amounts of raw text, and by defining a new prompting function the model is able to perform few-shot or even zero-shot learning, adapting to new scenarios with few or no labeled data. In this article, we introduce the basics of this promising paradigm, describe a unified set of mathematical notations that can cover a wide variety of existing work, and organize existing work along several dimensions, e.g., the choice of pre-trained language models, prompts, and tuning strategies. To make the field more accessible to interested beginners, we not only make a systematic review of existing works and a highly structured typology of prompt-based concepts but also release other resources, e.g., a website NLPedia\u2013Pretrain including constantly updated survey and paperlist.",
    "paper_type": "survey",
    "attri": {
        "background": {
            "purpose": "This survey aims to explore and organize research in the emerging field of prompt-based learning in natural language processing, addressing the need for a systematic understanding of this paradigm.",
            "scope": "The survey includes topics related to prompt-based learning methods, including various prompting functions, pre-trained language models, and tuning strategies. It excludes traditional supervised learning approaches as the focus is on the novel prompt-based methods that adapt to new tasks with minimal labeled data."
        },
        "problem": {
            "definition": "The core issue being explored is the effectiveness and methodology of prompt-based learning in natural language processing, particularly how it leverages pre-trained language models for prediction tasks.",
            "key obstacle": "A primary challenge in this area is the lack of structured approaches to categorize and understand the diverse prompt-based techniques and their effectiveness in different scenarios."
        },
        "architecture": {
            "perspective": "The survey introduces a unified mathematical framework for understanding prompt-based learning, categorizing existing research based on various dimensions such as model choice, prompts, and tuning strategies.",
            "fields/stages": "The survey organizes current methods into stages based on the choice of pre-trained language models, types of prompts used, and the tuning strategies applied, providing a comprehensive overview of the landscape."
        },
        "conclusion": {
            "comparisions": "The survey conducts a comparative analysis of different prompting methods, highlighting their effectiveness and approaches in various contexts of natural language processing tasks.",
            "results": "Key takeaways include the recognition of prompt-based learning as a powerful approach that enables few-shot and zero-shot learning capabilities, making it adaptable to new tasks with limited data."
        },
        "discussion": {
            "advantage": "The strengths of existing research include the ability of prompt-based learning to utilize large pre-trained language models effectively and adapt to new tasks with minimal labeled data.",
            "limitation": "Current research is limited by the lack of standardized methodologies for evaluating the effectiveness of various prompting techniques and the potential overfitting to specific tasks.",
            "gaps": "Unanswered questions include the need for deeper insights into the optimal design of prompts and the generalizability of these methods across different domains.",
            "future work": "Emerging trends suggest a focus on refining prompt design, enhancing evaluation metrics, and exploring the transferability of prompt-based methods across diverse applications in natural language processing."
        },
        "other info": {
            "resources": {
                "website": "NLPedia\u2013Pretrain",
                "description": "A platform providing a constantly updated survey and paper list related to prompt-based learning."
            }
        }
    },
    "mount_outline": [
        {
            "section number": "1.1",
            "key information": "The survey recognizes prompt-based learning as a powerful approach that enables few-shot and zero-shot learning capabilities, making it adaptable to new tasks with limited data."
        },
        {
            "section number": "1.2",
            "key information": "This survey aims to explore and organize research in the emerging field of prompt-based learning in natural language processing, addressing the need for a systematic understanding of this paradigm."
        },
        {
            "section number": "1.3",
            "key information": "The scope of the survey includes topics related to prompt-based learning methods, including various prompting functions, pre-trained language models, and tuning strategies."
        },
        {
            "section number": "2.1",
            "key information": "The core issue being explored is the effectiveness and methodology of prompt-based learning in natural language processing, particularly how it leverages pre-trained language models for prediction tasks."
        },
        {
            "section number": "2.2",
            "key information": "The survey organizes current methods into stages based on the choice of pre-trained language models, types of prompts used, and the tuning strategies applied, providing a comprehensive overview of the landscape."
        },
        {
            "section number": "7.1",
            "key information": "Current research is limited by the lack of standardized methodologies for evaluating the effectiveness of various prompting techniques and the potential overfitting to specific tasks."
        },
        {
            "section number": "7.4",
            "key information": "Unanswered questions include the need for deeper insights into the optimal design of prompts and the generalizability of these methods across different domains."
        },
        {
            "section number": "7.3",
            "key information": "Emerging trends suggest a focus on refining prompt design, enhancing evaluation metrics, and exploring the transferability of prompt-based methods across diverse applications in natural language processing."
        }
    ],
    "similarity_score": null,
    "image": null,
    "path": "/home/liudingyuan/code/SurveyX/code/SurveyX-main/outputs/t1b/papers/Pre-train, prompt, and predict_ A systematic survey of prompting methods in natural language processing.json"
}