{
    "from": null,
    "scholar_id": null,
    "detail_id": null,
    "title": "Promptsource: An integrated development environment and repository for natural language prompts",
    "abstract": "PromptSource is a system for creating, sharing, and using natural language prompts. Prompts are functions that map an example from a dataset to a natural language input and target output. Using prompts to train and query language models is an emerging area in NLP that requires new tools that let users develop and refine these prompts collaboratively. PromptSource addresses the emergent challenges in this new setting with (1) a templating language for defining data-linked prompts, (2) an interface that lets users quickly iterate on prompt development by observing outputs of their prompts on many examples, and (3) a community-driven set of guidelines for contributing new prompts to a common pool. Over 2,000 prompts for roughly 170 datasets are already available in PromptSource. PromptSource is available at https://github.com/bigscience-workshop/promptsource.",
    "arxivid": "2202.01279v3",
    "bib_name": "Promptsour99",
    "md_text": "# Promptsource: An integrated development environment and repository for natural language prompts\n\n\nabstract\n\nPromptSource is a system for creating, sharing, and using natural language prompts. Prompts are functions that map an example from a dataset to a natural language input and target output. Using prompts to train and query language models is an emerging area in NLP that requires new tools that let users develop and refine these prompts collaboratively. PromptSource addresses the emergent challenges in this new setting with (1) a templating language for defining data-linked prompts, (2) an interface that lets users quickly iterate on prompt development by observing outputs of their prompts on many examples, and (3) a community-driven set of guidelines for contributing new prompts to a common pool. Over 2,000 prompts for roughly 170 datasets are already available in PromptSource. PromptSource is available at https://github.com/bigscience-workshop/promptsource.",
    "paper_type": "method",
    "attri": {
        "background": "PromptSource is a system designed to create, share, and utilize natural language prompts, addressing the emerging challenges in the field of NLP where prompts are essential for training and querying language models.",
        "problem": {
            "definition": "The problem addressed is the lack of effective tools for developing and refining natural language prompts collaboratively in NLP.",
            "key obstacle": "The main difficulty lies in the absence of a unified platform that allows users to iteratively develop prompts while observing their effectiveness across various datasets."
        },
        "idea": {
            "intuition": "The idea was inspired by the need for a collaborative environment that enables users to create and improve prompts based on community contributions and shared insights.",
            "opinion": "The proposed idea involves a system that integrates a templating language for prompts, an interactive interface for prompt iteration, and community guidelines for prompt contributions.",
            "innovation": "The primary innovation is the combination of a templating language with a user-friendly interface that facilitates rapid prompt development and community collaboration, which is not present in existing methods."
        },
        "method": {
            "method name": "PromptSource",
            "method abbreviation": "PS",
            "method definition": "PromptSource is a system that allows users to create, share, and utilize natural language prompts linked to datasets for training language models.",
            "method description": "The core of PromptSource is its ability to provide a collaborative environment for prompt development using a templating language and community guidelines.",
            "principle": "This method is effective because it leverages community input and iterative testing to refine prompts, ensuring they are tailored to diverse datasets and use cases."
        },
        "experiments": {
            "evaluation setting": "PromptSource includes over 2,000 prompts for approximately 170 datasets, providing a rich experimental setup for evaluating prompt effectiveness.",
            "evaluation method": "The evaluation method involves assessing the performance of prompts by observing their outputs across multiple examples and datasets."
        },
        "conclusion": "The outcomes demonstrate that PromptSource significantly enhances the process of developing and sharing natural language prompts, contributing valuable resources to the NLP community.",
        "discussion": {
            "advantage": "Key advantages include the collaborative nature of prompt development and the ease of iterating on prompts based on real-time feedback.",
            "limitation": "A limitation of PromptSource could be the reliance on community contributions, which may vary in quality and consistency.",
            "future work": "Future work could focus on improving the quality control of community submissions and expanding the range of datasets and prompts available."
        },
        "other info": []
    },
    "mount_outline": [
        {
            "section number": "1.1",
            "key information": "PromptSource addresses the emerging challenges in the field of NLP where prompts are essential for training and querying language models."
        },
        {
            "section number": "1.2",
            "key information": "The objectives of the survey include exploring the significance of collaborative tools like PromptSource in developing effective natural language prompts."
        },
        {
            "section number": "3.6",
            "key information": "PromptSource enhances the process of developing and sharing natural language prompts, contributing valuable resources to the NLP community."
        },
        {
            "section number": "7.1",
            "key information": "A limitation of PromptSource could be the reliance on community contributions, which may vary in quality and consistency."
        },
        {
            "section number": "7.3",
            "key information": "Future work for PromptSource could focus on improving the quality control of community submissions and expanding the range of datasets and prompts available."
        }
    ],
    "similarity_score": null,
    "image": null,
    "path": "/home/liudingyuan/code/SurveyX/code/SurveyX-main/outputs/t1b/papers/Promptsource_ An integrated development environment and repository for natural language prompts.json"
}