{
    "from": null,
    "scholar_id": null,
    "detail_id": null,
    "title": "Proximal policy optimization algorithms",
    "abstract": "We propose a new family of policy gradient methods for reinforcement learning, which alternate between sampling data through interaction with the environment, and optimizing a \"surrogate\" objective function using stochastic gradient ascent. Whereas standard policy gradient methods perform one gradient update per data sample, we propose a novel objective function that enables multiple epochs of minibatch updates. The new methods, which we call proximal policy optimization (PPO), have some of the benefits of trust region policy optimization (TRPO), but they are much simpler to implement, more general, and have better sample complexity (empirically). Our experiments test PPO on a collection of benchmark tasks, including simulated robotic locomotion and Atari game playing, and we show that PPO outperforms other online policy gradient methods, and overall strikes a favorable balance between sample complexity, simplicity, and wall-time.",
    "arxivid": "1707.06347v2",
    "bib_name": "Proximalpo72",
    "md_text": "# Proximal policy optimization algorithms\n\n\nabstract\n\nWe propose a new family of policy gradient methods for reinforcement learning, which alternate between sampling data through interaction with the environment, and optimizing a \"surrogate\" objective function using stochastic gradient ascent. Whereas standard policy gradient methods perform one gradient update per data sample, we propose a novel objective function that enables multiple epochs of minibatch updates. The new methods, which we call proximal policy optimization (PPO), have some of the benefits of trust region policy optimization (TRPO), but they are much simpler to implement, more general, and have better sample complexity (empirically). Our experiments test PPO on a collection of benchmark tasks, including simulated robotic locomotion and Atari game playing, and we show that PPO outperforms other online policy gradient methods, and overall strikes a favorable balance between sample complexity, simplicity, and wall-time.",
    "paper_type": "method",
    "attri": {
        "background": "This paper addresses the issue of improving policy gradient methods in reinforcement learning, highlighting the limitations of existing methods and the necessity for a new approach that enhances sample efficiency and implementation simplicity.",
        "problem": {
            "definition": "The problem defined in this paper is the inefficiency of standard policy gradient methods, which typically perform only one gradient update per data sample, leading to suboptimal learning performance.",
            "key obstacle": "The main difficulty is the reliance on single updates per sample, which restricts the effectiveness of learning and necessitates a more efficient method for optimizing policy gradients."
        },
        "idea": {
            "intuition": "The intuition behind the proposed idea stems from the observation that allowing multiple updates per data sample could enhance learning efficiency and performance in reinforcement learning tasks.",
            "opinion": "The proposed idea, proximal policy optimization (PPO), involves using a novel objective function that permits multiple epochs of minibatch updates, which aims to improve upon the limitations of existing methods.",
            "innovation": "The primary innovation of PPO lies in its ability to combine the benefits of trust region policy optimization (TRPO) with a simpler implementation and improved sample complexity, making it more accessible for practical applications."
        },
        "method": {
            "method name": "Proximal Policy Optimization",
            "method abbreviation": "PPO",
            "method definition": "PPO is a family of policy gradient methods that alternates between sampling data through interaction with the environment and optimizing a surrogate objective function using stochastic gradient ascent.",
            "method description": "The core of PPO involves optimizing a surrogate objective function that allows for multiple updates from a single set of samples, enhancing learning efficiency.",
            "method steps": "1. Collect data through interaction with the environment. 2. Optimize the surrogate objective function using stochastic gradient ascent for multiple epochs. 3. Repeat the process.",
            "principle": "The effectiveness of PPO is based on the principle that by allowing multiple updates per data sample, the method can achieve better convergence and sample efficiency compared to traditional single-update methods."
        },
        "experiments": {
            "evaluation setting": "The experiments were conducted on benchmark tasks, including simulated robotic locomotion and Atari game playing, comparing PPO against other online policy gradient methods.",
            "evaluation method": "The performance of PPO was assessed by measuring its sample complexity, implementation simplicity, and overall effectiveness in various reinforcement learning tasks."
        },
        "conclusion": "The outcomes of the experiments demonstrate that PPO outperforms other online policy gradient methods, achieving a favorable balance between sample complexity, simplicity, and wall-time, thereby contributing significantly to the field of reinforcement learning.",
        "discussion": {
            "advantage": "The key advantages of PPO include its simplicity of implementation, improved sample efficiency, and the ability to perform multiple updates per data sample.",
            "limitation": "One limitation of the method may be its reliance on specific hyperparameter settings, which could affect performance across different tasks.",
            "future work": "Future research could explore further improvements in hyperparameter optimization and the applicability of PPO in more complex environments or tasks."
        },
        "other info": []
    },
    "mount_outline": [
        {
            "section number": "1.1",
            "key information": "The paper highlights the limitations of existing policy gradient methods in reinforcement learning, emphasizing the need for improved sample efficiency and implementation simplicity."
        },
        {
            "section number": "2.3",
            "key information": "The paper discusses the inefficiency of standard policy gradient methods, which typically perform only one gradient update per data sample, leading to suboptimal learning performance."
        },
        {
            "section number": "3.1",
            "key information": "The proposed method, Proximal Policy Optimization (PPO), allows for multiple updates per data sample, enhancing learning efficiency and performance in reinforcement learning tasks."
        },
        {
            "section number": "3.2",
            "key information": "PPO innovatively combines the benefits of trust region policy optimization (TRPO) with a simpler implementation, improving sample complexity and accessibility for practical applications."
        },
        {
            "section number": "3.4",
            "key information": "The core of PPO involves optimizing a surrogate objective function that allows for multiple updates from a single set of samples, thus enhancing learning efficiency."
        },
        {
            "section number": "7.2",
            "key information": "The paper identifies the reliance on specific hyperparameter settings as a limitation that could affect performance across different tasks."
        }
    ],
    "similarity_score": null,
    "image": null,
    "path": "/home/liudingyuan/code/SurveyX/code/SurveyX-main/outputs/t1b/papers/Proximal policy optimization algorithms.json"
}