{
    "from": null,
    "scholar_id": null,
    "detail_id": null,
    "title": "Pytorch: An imperative style, high-performance deep learning library",
    "abstract": "Deep learning frameworks have often focused on either usability or speed, but not both. PyTorch is a machine learning library that shows that these two goals are in fact compatible: it was designed from first principles to support an imperative and Pythonic programming style that supports code as a model, makes debugging easy and is consistent with other popular scientific computing libraries, while remaining efficient and supporting hardware accelerators such as GPUs. In this paper, we detail the principles that drove the implementation of PyTorch and how they are reflected in its architecture. We emphasize that every aspect of PyTorch is a regular Python program under the full control of its user. We also explain how the careful and pragmatic implementation of the key components of its runtime enables them to work together to achieve compelling performance. We demonstrate the efficiency of individual subsystems, as well as the overall speed of PyTorch on several commonly used benchmarks.",
    "arxivid": "1912.01703v1",
    "bib_name": "Pytorch:An114",
    "md_text": "# Pytorch: An imperative style, high-performance deep learning library\n\n\nabstract\n\nDeep learning frameworks have often focused on either usability or speed, but not both. PyTorch is a machine learning library that shows that these two goals are in fact compatible: it was designed from first principles to support an imperative and Pythonic programming style that supports code as a model, makes debugging easy and is consistent with other popular scientific computing libraries, while remaining efficient and supporting hardware accelerators such as GPUs. In this paper, we detail the principles that drove the implementation of PyTorch and how they are reflected in its architecture. We emphasize that every aspect of PyTorch is a regular Python program under the full control of its user. We also explain how the careful and pragmatic implementation of the key components of its runtime enables them to work together to achieve compelling performance. We demonstrate the efficiency of individual subsystems, as well as the overall speed of PyTorch on several commonly used benchmarks.",
    "paper_type": "method",
    "attri": {
        "background": "Deep learning frameworks have often focused on either usability or speed, but not both. PyTorch is a machine learning library that shows that these two goals are in fact compatible.",
        "problem": {
            "definition": "The challenge in deep learning frameworks is to balance usability and performance, as traditional frameworks often excel in one at the expense of the other.",
            "key obstacle": "Existing methods either prioritize user-friendly interfaces or high-speed computations, making it difficult to achieve both in a single framework."
        },
        "idea": {
            "intuition": "The idea behind PyTorch stems from the observation that an imperative and Pythonic programming style can enhance both usability and performance.",
            "opinion": "The proposed idea is to create a deep learning library that maintains the flexibility of Python while ensuring high performance through efficient implementation.",
            "innovation": "PyTorch innovates by allowing users to write regular Python programs that are fully controllable, integrating usability with performance seamlessly."
        },
        "method": {
            "method name": "PyTorch",
            "method abbreviation": "PT",
            "method definition": "PyTorch is a deep learning library designed to provide an imperative programming style that facilitates debugging and is compatible with existing scientific computing libraries.",
            "method description": "PyTorch combines usability and performance in a high-level deep learning framework that is user-friendly and efficient.",
            "method steps": "The method involves creating models in a Pythonic way, utilizing dynamic computation graphs, and leveraging hardware accelerators for performance.",
            "principle": "The effectiveness of PyTorch lies in its ability to execute Python code directly, allowing for intuitive model development and efficient execution."
        },
        "experiments": {
            "evaluation setting": "The experiments were conducted on several commonly used benchmarks to demonstrate the efficiency of PyTorch's subsystems and overall speed.",
            "evaluation method": "Performance was measured by comparing the execution speed and efficiency of PyTorch against other deep learning frameworks."
        },
        "conclusion": "The outcomes of the experiments indicate that PyTorch effectively balances usability and performance, contributing significantly to the field of deep learning.",
        "discussion": {
            "advantage": "The key advantage of PyTorch is its user-friendly interface that does not compromise on performance, making it accessible for both researchers and developers.",
            "limitation": "One limitation may be the reliance on Python, which could affect performance in certain scenarios compared to lower-level implementations.",
            "future work": "Future research could explore enhancing PyTorch's performance further by optimizing specific subsystems or integrating additional hardware support."
        },
        "other info": []
    },
    "mount_outline": [
        {
            "section number": "1.1",
            "key information": "PyTorch innovates by allowing users to write regular Python programs that are fully controllable, integrating usability with performance seamlessly."
        },
        {
            "section number": "2.1",
            "key information": "PyTorch is a deep learning library designed to provide an imperative programming style that facilitates debugging and is compatible with existing scientific computing libraries."
        },
        {
            "section number": "2.2",
            "key information": "The challenge in deep learning frameworks is to balance usability and performance, as traditional frameworks often excel in one at the expense of the other."
        },
        {
            "section number": "3.1",
            "key information": "The method involves creating models in a Pythonic way, utilizing dynamic computation graphs, and leveraging hardware accelerators for performance."
        },
        {
            "section number": "3.4",
            "key information": "The experiments were conducted on several commonly used benchmarks to demonstrate the efficiency of PyTorch's subsystems and overall speed."
        },
        {
            "section number": "7.2",
            "key information": "One limitation may be the reliance on Python, which could affect performance in certain scenarios compared to lower-level implementations."
        }
    ],
    "similarity_score": null,
    "image": null,
    "path": "/home/liudingyuan/code/SurveyX/code/SurveyX-main/outputs/t1b/papers/Pytorch_ An imperative style, high-performance deep learning library.json"
}