{
    "from": null,
    "scholar_id": null,
    "detail_id": null,
    "title": "Quantifying memorization across neural language models",
    "abstract": "Large language models (LMs) have been shown to memorize parts of their training data, and when prompted appropriately, they will emit the memorized training data verbatim. This is undesirable because memorization violates privacy (exposing user data), degrades utility (repeated easy-to-memorize text is often low quality), and hurts fairness (some texts are memorized over others). We describe three log-linear relationships that quantify the degree to which LMs emit memorized training data. Memorization significantly grows as we increase (1) the capacity of a model, (2) the number of times an example has been duplicated, and (3) the number of tokens of context used to prompt the model. Surprisingly, we find the situation becomes more complicated when generalizing these results across model families. On the whole, we find that memorization in LMs is more prevalent than previously believed and will likely get worse as models continues to scale, at least without active mitigations.",
    "arxivid": "2202.07646v3",
    "bib_name": "Quantifyin133",
    "md_text": "# Quantifying memorization across neural language models\n\n\nabstract\n\nLarge language models (LMs) have been shown to memorize parts of their training data, and when prompted appropriately, they will emit the memorized training data verbatim. This is undesirable because memorization violates privacy (exposing user data), degrades utility (repeated easy-to-memorize text is often low quality), and hurts fairness (some texts are memorized over others). We describe three log-linear relationships that quantify the degree to which LMs emit memorized training data. Memorization significantly grows as we increase (1) the capacity of a model, (2) the number of times an example has been duplicated, and (3) the number of tokens of context used to prompt the model. Surprisingly, we find the situation becomes more complicated when generalizing these results across model families. On the whole, we find that memorization in LMs is more prevalent than previously believed and will likely get worse as models continues to scale, at least without active mitigations.",
    "paper_type": "theory",
    "attri": {
        "background": "This paper addresses the issue of memorization in large language models (LMs), highlighting its implications for privacy, utility, and fairness.",
        "problem": {
            "definition": "The problem is the tendency of LMs to memorize parts of their training data and emit it verbatim when prompted.",
            "key obstacle": "The main challenge is that memorization can lead to privacy violations and degradation of model utility and fairness."
        },
        "idea": {
            "intuition": "The idea was inspired by observations of LMs emitting memorized data, raising concerns about their operational integrity.",
            "opinion": "The authors believe that understanding and quantifying memorization is crucial for improving LMs.",
            "innovation": "The main difference compared to previous methods is the introduction of three log-linear relationships that quantify memorization in LMs."
        },
        "Theory": {
            "perspective": "The perspective is that memorization in LMs can be systematically quantified and analyzed across different model architectures.",
            "opinion": "The authors assume that as models scale, the extent of memorization will increase unless mitigated.",
            "proof": "The paper provides empirical evidence showing the correlation between model capacity, example duplication, and context tokens with memorization levels."
        },
        "experiments": {
            "evaluation setting": "The experiments involved various LMs with differing capacities and training data characteristics.",
            "evaluation method": "The authors utilized log-linear relationships to quantify the degree of memorization across different models and contexts."
        },
        "conclusion": "The study concludes that memorization in LMs is more significant than previously thought and is likely to worsen with model scaling unless active measures are taken.",
        "discussion": {
            "advantage": "The paper provides a novel framework for quantifying memorization, which can help in understanding and mitigating its effects.",
            "limitation": "A limitation of the study is that it may not account for all factors influencing memorization across all model families.",
            "future work": "Future work could focus on developing and implementing active mitigation strategies to reduce memorization in LMs."
        },
        "other info": []
    },
    "mount_outline": [
        {
            "section number": "1.1",
            "key information": "This paper addresses the issue of memorization in large language models (LMs), highlighting its implications for privacy, utility, and fairness."
        },
        {
            "section number": "2.3",
            "key information": "The main challenge is that memorization can lead to privacy violations and degradation of model utility and fairness."
        },
        {
            "section number": "3.1",
            "key information": "The authors utilized log-linear relationships to quantify the degree of memorization across different models and contexts."
        },
        {
            "section number": "7.1",
            "key information": "The study concludes that memorization in LMs is more significant than previously thought and is likely to worsen with model scaling unless active measures are taken."
        },
        {
            "section number": "7.4",
            "key information": "Future work could focus on developing and implementing active mitigation strategies to reduce memorization in LMs."
        }
    ],
    "similarity_score": null,
    "image": null,
    "path": "/home/liudingyuan/code/SurveyX/code/SurveyX-main/outputs/t1b/papers/Quantifying memorization across neural language models.json"
}