{
    "from": null,
    "scholar_id": null,
    "detail_id": null,
    "title": "Reasoning with language model prompting: A survey",
    "abstract": "Reasoning, as an essential ability for complex problem-solving, can provide back-end support for various real-world applications, such as medical diagnosis, negotiation, etc. This paper provides a comprehensive survey of cutting-edge research on reasoning with language model prompting. We introduce research works with comparisons and summaries and provide systematic resources to help beginners. We also discuss the potential reasons for emerging such reasoning abilities and highlight future research directions. Resources are available at https://github.com/zjunlp/Prompt4ReasoningPapers (updated periodically).",
    "arxivid": "2212.09597v8",
    "bib_name": "Reasoningw29",
    "md_text": "# Reasoning with language model prompting: A survey\n\n\nabstract\n\nReasoning, as an essential ability for complex problem-solving, can provide back-end support for various real-world applications, such as medical diagnosis, negotiation, etc. This paper provides a comprehensive survey of cutting-edge research on reasoning with language model prompting. We introduce research works with comparisons and summaries and provide systematic resources to help beginners. We also discuss the potential reasons for emerging such reasoning abilities and highlight future research directions. Resources are available at https://github.com/zjunlp/Prompt4ReasoningPapers (updated periodically).",
    "paper_type": "survey",
    "attri": {
        "background": {
            "purpose": "This paper aims to provide a comprehensive survey of cutting-edge research on reasoning with language model prompting, addressing the need for systematic resources for beginners and identifying knowledge gaps in the current understanding of reasoning abilities.",
            "scope": "The survey includes topics related to reasoning capabilities in language models, their applications in real-world scenarios, and comparisons of various research works. It excludes unrelated areas of language processing that do not involve reasoning or prompting."
        },
        "problem": {
            "definition": "The core issue explored is the development and understanding of reasoning abilities in language models, particularly how prompting techniques can enhance these capabilities.",
            "key obstacle": "A primary challenge in this area is the lack of systematic resources and comprehensive comparisons among existing research, which hinders progress in understanding and improving reasoning in language models."
        },
        "architecture": {
            "perspective": "The survey introduces novel viewpoints on how language models can be prompted to exhibit reasoning abilities, categorizing existing research based on their approaches and effectiveness.",
            "fields/stages": "The survey organizes current methods into stages based on the complexity of reasoning tasks they address, the types of prompting strategies employed, and their performance outcomes."
        },
        "conclusion": {
            "comparisions": "The comparative analysis reveals that different prompting strategies yield varying levels of effectiveness in eliciting reasoning from language models, with some methods outperforming others in specific contexts.",
            "results": "The overarching conclusions highlight the importance of effective prompting techniques for enhancing reasoning abilities in language models and suggest that systematic approaches can lead to significant advancements in this field."
        },
        "discussion": {
            "advantage": "The existing research has made significant strides in demonstrating the potential of language models for reasoning tasks, showcasing various successful applications in real-world scenarios.",
            "limitation": "Current studies often lack comprehensive comparisons and systematic methodologies, leading to inconsistencies in understanding the effectiveness of different prompting strategies.",
            "gaps": "There remain unanswered questions regarding the optimal conditions for prompting and the full extent of reasoning capabilities in language models, indicating areas that require further exploration.",
            "future work": "Future research should focus on developing standardized evaluation metrics for reasoning tasks, exploring novel prompting strategies, and addressing the identified gaps to enhance the understanding and application of reasoning in language models."
        },
        "other info": {
            "resources": "Resources related to the survey are available at https://github.com/zjunlp/Prompt4ReasoningPapers, which will be updated periodically."
        }
    },
    "mount_outline": [
        {
            "section number": "1.2",
            "key information": "The purpose of this paper is to provide a comprehensive survey of cutting-edge research on reasoning with language model prompting, addressing the need for systematic resources for beginners and identifying knowledge gaps in the current understanding of reasoning abilities."
        },
        {
            "section number": "3.6",
            "key information": "The existing research has made significant strides in demonstrating the potential of language models for reasoning tasks, showcasing various successful applications in real-world scenarios."
        },
        {
            "section number": "7.1",
            "key information": "Current studies often lack comprehensive comparisons and systematic methodologies, leading to inconsistencies in understanding the effectiveness of different prompting strategies."
        },
        {
            "section number": "7.4",
            "key information": "There remain unanswered questions regarding the optimal conditions for prompting and the full extent of reasoning capabilities in language models, indicating areas that require further exploration."
        },
        {
            "section number": "4.1",
            "key information": "The survey organizes current methods into stages based on the complexity of reasoning tasks they address, the types of prompting strategies employed, and their performance outcomes."
        }
    ],
    "similarity_score": null,
    "image": null,
    "path": "/home/liudingyuan/code/SurveyX/code/SurveyX-main/outputs/t1b/papers/Reasoning with language model prompting_ A survey.json"
}