{
    "from": null,
    "scholar_id": null,
    "detail_id": null,
    "title": "Rephrasing the web: A recipe for compute and data-efficient language modeling",
    "abstract": "Large language models are trained on massive scrapes of the web, which are often unstructured, noisy, and poorly phrased. Current scaling laws show that learning from such data requires an abundance of both compute and data, which grows with the size of the model being trained. This is infeasible both because of the large compute costs and duration associated with pre-training, and the impending scarcity of high-quality data on the web. In this work, we propose Web Rephrase Augmented Pre-training ($\\textbf{WRAP}$) that uses an off-the-shelf instruction-tuned model prompted to paraphrase documents on the web in specific styles such as\"like Wikipedia\"or in\"question-answer format\"to jointly pre-train LLMs on real and synthetic rephrases. First, we show that using WRAP on the C4 dataset, which is naturally noisy, speeds up pre-training by $\\sim3x$. At the same pre-training compute budget, it improves perplexity by more than 10% on average across different subsets of the Pile, and improves zero-shot question answer accuracy across 13 tasks by more than 2%. Second, we investigate the impact of the re-phrasing style on the performance of the model, offering insights into how the composition of the training data can impact the performance of LLMs in OOD settings. Our gains are attributed to the fact that re-phrased synthetic data has higher utility than just real data because it (i) incorporates style diversity that closely reflects downstream evaluation style, and (ii) has higher 'quality' than web-scraped data.",
    "arxivid": "2401.16380v1",
    "bib_name": "Rephrasing127",
    "md_text": "# Rephrasing the web: A recipe for compute and data-efficient language modeling\n\n\nabstract\n\nLarge language models are trained on massive scrapes of the web, which are often unstructured, noisy, and poorly phrased. Current scaling laws show that learning from such data requires an abundance of both compute and data, which grows with the size of the model being trained. This is infeasible both because of the large compute costs and duration associated with pre-training, and the impending scarcity of high-quality data on the web. In this work, we propose Web Rephrase Augmented Pre-training ($\\textbf{WRAP}$) that uses an off-the-shelf instruction-tuned model prompted to paraphrase documents on the web in specific styles such as\"like Wikipedia\"or in\"question-answer format\"to jointly pre-train LLMs on real and synthetic rephrases. First, we show that using WRAP on the C4 dataset, which is naturally noisy, speeds up pre-training by $\\sim3x$. At the same pre-training compute budget, it improves perplexity by more than 10% on average across different subsets of the Pile, and improves zero-shot question answer accuracy across 13 tasks by more than 2%. Second, we investigate the impact of the re-phrasing style on the performance of the model, offering insights into how the composition of the training data can impact the performance of LLMs in OOD settings. Our gains are attributed to the fact that re-phrased synthetic data has higher utility than just real data because it (i) incorporates style diversity that closely reflects downstream evaluation style, and (ii) has higher 'quality' than web-scraped data.",
    "paper_type": "method",
    "attri": {
        "background": "This paper addresses the issue of training large language models on unstructured, noisy, and poorly phrased data from the web, highlighting the challenges of high compute costs and the scarcity of quality data.",
        "problem": {
            "definition": "The problem is the inefficiency and ineffectiveness of training large language models using noisy web data, which requires excessive compute and high-quality data.",
            "key obstacle": "The core obstacle is the reliance on vast amounts of noisy data that hinders the performance of language models and increases training costs."
        },
        "idea": {
            "intuition": "The idea is inspired by the observation that rephrasing web documents can enhance the quality of training data, making it more suitable for model training.",
            "opinion": "The proposed idea, Web Rephrase Augmented Pre-training (WRAP), involves using an instruction-tuned model to paraphrase web documents in various styles to create a more effective training dataset.",
            "innovation": "The primary difference is that WRAP leverages synthetic rephrased data alongside real data, improving both the efficiency and effectiveness of pre-training compared to existing methods."
        },
        "method": {
            "method name": "Web Rephrase Augmented Pre-training",
            "method abbreviation": "WRAP",
            "method definition": "WRAP is a method that utilizes an instruction-tuned model to paraphrase web documents in specific styles, creating a training dataset that combines real and synthetic rephrased data.",
            "method description": "WRAP enhances pre-training efficiency by using diverse, high-quality synthetic data generated from web documents.",
            "method steps": "1. Select web documents. 2. Use an instruction-tuned model to paraphrase these documents in specified styles. 3. Pre-train the language model on the combined dataset of real and synthetic rephrases.",
            "principle": "The method is effective because it incorporates style diversity and higher quality synthetic data that better reflects the evaluation style, leading to improved model performance."
        },
        "experiments": {
            "evaluation setting": "The experiments were conducted using the C4 dataset, comparing WRAP against traditional pre-training methods on various subsets of the Pile dataset.",
            "evaluation method": "Performance was assessed by measuring perplexity and zero-shot question answering accuracy across multiple tasks."
        },
        "conclusion": "The experiments demonstrate that WRAP significantly accelerates pre-training and improves model performance, showcasing the advantages of using synthetic rephrased data.",
        "discussion": {
            "advantage": "The key advantages include faster pre-training times and improved model performance due to the incorporation of high-quality synthetic data.",
            "limitation": "A limitation of the method may be the dependency on the quality of the instruction-tuned model used for rephrasing.",
            "future work": "Future research could explore optimizing the rephrasing styles further and investigating other methods to enhance the quality of synthetic training data."
        },
        "other info": []
    },
    "mount_outline": [
        {
            "section number": "2.3",
            "key information": "The core obstacle is the reliance on vast amounts of noisy data that hinders the performance of language models and increases training costs."
        },
        {
            "section number": "3.1",
            "key information": "WRAP enhances pre-training efficiency by using diverse, high-quality synthetic data generated from web documents."
        },
        {
            "section number": "3.6",
            "key information": "The proposed idea, Web Rephrase Augmented Pre-training (WRAP), involves using an instruction-tuned model to paraphrase web documents in various styles to create a more effective training dataset."
        },
        {
            "section number": "4.1",
            "key information": "The method is effective because it incorporates style diversity and higher quality synthetic data that better reflects the evaluation style, leading to improved model performance."
        },
        {
            "section number": "7.2",
            "key information": "The challenges include high compute costs and the scarcity of quality data when training large language models."
        },
        {
            "section number": "8",
            "key information": "The experiments demonstrate that WRAP significantly accelerates pre-training and improves model performance, showcasing the advantages of using synthetic rephrased data."
        }
    ],
    "similarity_score": null,
    "image": null,
    "path": "/home/liudingyuan/code/SurveyX/code/SurveyX-main/outputs/t1b/papers/Rephrasing the web_ A recipe for compute and data-efficient language modeling.json"
}