{
    "from": null,
    "scholar_id": null,
    "detail_id": null,
    "title": "Resurrecting recurrent neural networks for long sequences",
    "abstract": "Recurrent Neural Networks (RNNs) offer fast inference on long sequences but are hard to optimize and slow to train. Deep state-space models (SSMs) have recently been shown to perform remarkably well on long sequence modeling tasks, and have the added benefits of fast parallelizable training and RNN-like fast inference. However, while SSMs are superficially similar to RNNs, there are important differences that make it unclear where their performance boost over RNNs comes from. In this paper, we show that careful design of deep RNNs using standard signal propagation arguments can recover the impressive performance of deep SSMs on long-range reasoning tasks, while also matching their training speed. To achieve this, we analyze and ablate a series of changes to standard RNNs including linearizing and diagonalizing the recurrence, using better parameterizations and initializations, and ensuring proper normalization of the forward pass. Our results provide new insights on the origins of the impressive performance of deep SSMs, while also introducing an RNN block called the Linear Recurrent Unit that matches both their performance on the Long Range Arena benchmark and their computational efficiency.",
    "arxivid": "2303.06349v1",
    "bib_name": "Resurrecti157",
    "md_text": "# Resurrecting recurrent neural networks for long sequences\n\n\nabstract\n\nRecurrent Neural Networks (RNNs) offer fast inference on long sequences but are hard to optimize and slow to train. Deep state-space models (SSMs) have recently been shown to perform remarkably well on long sequence modeling tasks, and have the added benefits of fast parallelizable training and RNN-like fast inference. However, while SSMs are superficially similar to RNNs, there are important differences that make it unclear where their performance boost over RNNs comes from. In this paper, we show that careful design of deep RNNs using standard signal propagation arguments can recover the impressive performance of deep SSMs on long-range reasoning tasks, while also matching their training speed. To achieve this, we analyze and ablate a series of changes to standard RNNs including linearizing and diagonalizing the recurrence, using better parameterizations and initializations, and ensuring proper normalization of the forward pass. Our results provide new insights on the origins of the impressive performance of deep SSMs, while also introducing an RNN block called the Linear Recurrent Unit that matches both their performance on the Long Range Arena benchmark and their computational efficiency.",
    "paper_type": "method",
    "attri": {
        "background": "Recurrent Neural Networks (RNNs) offer fast inference on long sequences but struggle with optimization and training speed. Deep state-space models (SSMs) perform well on long sequence tasks, benefiting from fast parallel training and RNN-like inference, yet the reasons for their performance superiority over RNNs remain unclear.",
        "problem": {
            "definition": "The paper aims to address the challenges of optimizing and training RNNs for long sequence modeling, where existing methods fail to achieve the performance of SSMs.",
            "key obstacle": "The main difficulty lies in the inherent limitations of standard RNNs in handling long-range dependencies effectively, which hampers their performance compared to SSMs."
        },
        "idea": {
            "intuition": "The idea is inspired by the observation that careful design adjustments to deep RNNs can enhance their performance to match that of SSMs.",
            "opinion": "The proposed method involves a series of modifications to standard RNN architectures, leading to the introduction of a new RNN block called the Linear Recurrent Unit.",
            "innovation": "The key innovation is the design of the Linear Recurrent Unit, which incorporates linearization, diagonalization, improved parameterizations, and normalization techniques to recover the performance of deep SSMs."
        },
        "method": {
            "method name": "Linear Recurrent Unit",
            "method abbreviation": "LRU",
            "method definition": "The Linear Recurrent Unit is a modified RNN architecture that employs specific design changes to optimize performance on long-range reasoning tasks.",
            "method description": "The LRU combines design improvements in RNNs to achieve performance and training speed comparable to deep state-space models.",
            "method steps": "1. Linearize and diagonalize the recurrence; 2. Use improved parameterizations and initializations; 3. Ensure proper normalization of the forward pass.",
            "principle": "The effectiveness of the LRU in solving the problem stems from its ability to better capture long-range dependencies through its optimized design, akin to the advantages of SSMs."
        },
        "experiments": {
            "evaluation setting": "The experiments were conducted on the Long Range Arena benchmark, comparing the performance of the LRU against standard RNNs and deep SSMs.",
            "evaluation method": "The performance was assessed by measuring accuracy and training speed, analyzing how the LRU's modifications contribute to its effectiveness."
        },
        "conclusion": "The results demonstrate that the Linear Recurrent Unit not only matches the performance of deep SSMs on long-range tasks but also achieves similar computational efficiency, providing insights into the advantages of RNN design improvements.",
        "discussion": {
            "advantage": "The proposed approach stands out due to its combination of high performance on long-range tasks and efficient training, bridging the gap between RNNs and SSMs.",
            "limitation": "While the LRU shows significant improvements, it may still encounter challenges in specific contexts where SSMs may be inherently superior due to their architectural design.",
            "future work": "Future research could explore further optimizations of the LRU and investigate its applicability to other sequence modeling tasks beyond those tested in the Long Range Arena."
        },
        "other info": []
    },
    "mount_outline": [
        {
            "section number": "1.1",
            "key information": "The paper addresses the challenges of optimizing and training Recurrent Neural Networks (RNNs) for long sequence modeling, highlighting the importance of improvements in performance for natural language processing tasks."
        },
        {
            "section number": "2.3",
            "key information": "The main difficulty faced by standard RNNs is their inherent limitations in handling long-range dependencies effectively, which hampers their performance compared to deep state-space models (SSMs)."
        },
        {
            "section number": "3.1",
            "key information": "The proposed Linear Recurrent Unit (LRU) combines design improvements in RNNs to achieve performance and training speed comparable to deep state-space models, indicating advancements in data utilization and training methodologies."
        },
        {
            "section number": "4.1",
            "key information": "The Linear Recurrent Unit (LRU) is a modified RNN architecture that employs specific design changes, such as linearization, diagonalization, and improved parameterizations, to optimize performance on long-range reasoning tasks."
        },
        {
            "section number": "7.2",
            "key information": "The LRU achieves similar computational efficiency to deep SSMs, addressing challenges related to computational resources and efficiency in long-range tasks."
        }
    ],
    "similarity_score": null,
    "image": null,
    "path": "/home/liudingyuan/code/SurveyX/code/SurveyX-main/outputs/t1b/papers/Resurrecting recurrent neural networks for long sequences.json"
}