{
    "from": null,
    "scholar_id": null,
    "detail_id": null,
    "title": "Retentive network: A successor to transformer for large language models",
    "abstract": "In this work, we propose Retentive Network (RetNet) as a foundation architecture for large language models, simultaneously achieving training parallelism, low-cost inference, and good performance. We theoretically derive the connection between recurrence and attention. Then we propose the retention mechanism for sequence modeling, which supports three computation paradigms, i.e., parallel, recurrent, and chunkwise recurrent. Specifically, the parallel representation allows for training parallelism. The recurrent representation enables low-cost $O(1)$ inference, which improves decoding throughput, latency, and GPU memory without sacrificing performance. The chunkwise recurrent representation facilitates efficient long-sequence modeling with linear complexity, where each chunk is encoded parallelly while recurrently summarizing the chunks. Experimental results on language modeling show that RetNet achieves favorable scaling results, parallel training, low-cost deployment, and efficient inference. The intriguing properties make RetNet a strong successor to Transformer for large language models. Code will be available at https://aka.ms/retnet.",
    "arxivid": "2307.08621v4",
    "bib_name": "Retentiven160",
    "md_text": "# Retentive network: A successor to transformer for large language models\n\n\nabstract\n\nIn this work, we propose Retentive Network (RetNet) as a foundation architecture for large language models, simultaneously achieving training parallelism, low-cost inference, and good performance. We theoretically derive the connection between recurrence and attention. Then we propose the retention mechanism for sequence modeling, which supports three computation paradigms, i.e., parallel, recurrent, and chunkwise recurrent. Specifically, the parallel representation allows for training parallelism. The recurrent representation enables low-cost $O(1)$ inference, which improves decoding throughput, latency, and GPU memory without sacrificing performance. The chunkwise recurrent representation facilitates efficient long-sequence modeling with linear complexity, where each chunk is encoded parallelly while recurrently summarizing the chunks. Experimental results on language modeling show that RetNet achieves favorable scaling results, parallel training, low-cost deployment, and efficient inference. The intriguing properties make RetNet a strong successor to Transformer for large language models. Code will be available at https://aka.ms/retnet.",
    "paper_type": "method",
    "attri": {
        "background": "This paper addresses the issue of enhancing the efficiency and performance of large language models by proposing a new architecture called Retentive Network (RetNet), which aims to improve upon existing methods such as the Transformer.",
        "problem": {
            "definition": "The problem is the inefficiency of existing architectures like Transformers in terms of training parallelism, inference costs, and performance when handling large sequences.",
            "key obstacle": "The main difficulty is the trade-off between achieving low-cost inference and maintaining high performance, which existing methods struggle to balance."
        },
        "idea": {
            "intuition": "The idea was inspired by the theoretical connection between recurrence and attention mechanisms, leading to the development of a retention mechanism for better sequence modeling.",
            "opinion": "The proposed idea entails the Retentive Network architecture, which integrates parallel, recurrent, and chunkwise recurrent computations to enhance performance and efficiency.",
            "innovation": "The key innovation lies in the retention mechanism that allows for flexible computation paradigms, enabling both low-cost inference and efficient long-sequence modeling, which differentiates it from traditional Transformer architectures."
        },
        "method": {
            "method name": "Retentive Network",
            "method abbreviation": "RetNet",
            "method definition": "RetNet is defined as an architecture that integrates different computation paradigms\u2014parallel, recurrent, and chunkwise recurrent\u2014to optimize training and inference processes in large language models.",
            "method description": "The core of RetNet involves using a retention mechanism that allows for efficient sequence modeling while maintaining performance.",
            "method steps": "The method involves initializing the network, applying the retention mechanism for sequence encoding, and utilizing parallel and recurrent computations to process inputs.",
            "principle": "The effectiveness of RetNet in solving the problem is supported by its ability to achieve low-cost inference and high performance through a novel retention mechanism that balances the computational load."
        },
        "experiments": {
            "evaluation setting": "The experiments were conducted on language modeling tasks, comparing RetNet against baseline methods such as Transformers under various conditions.",
            "evaluation method": "Performance was assessed through metrics such as decoding throughput, latency, and GPU memory usage, with results analyzed to demonstrate RetNet's advantages."
        },
        "conclusion": "The experimental outcomes indicate that RetNet achieves favorable scaling results, enhanced parallel training capabilities, low-cost deployment, and efficient inference, positioning it as a strong successor to the Transformer architecture for large language models.",
        "discussion": {
            "advantage": "The key advantages of RetNet include improved training parallelism, reduced inference costs, and effective handling of long sequences without sacrificing performance.",
            "limitation": "Potential limitations of RetNet may include the complexity of implementing the retention mechanism and the need for further validation across diverse tasks.",
            "future work": "Future research could focus on optimizing the retention mechanism further and exploring its applicability in different domains beyond language modeling."
        },
        "other info": [
            {
                "info1": "Code will be available at https://aka.ms/retnet."
            }
        ]
    },
    "mount_outline": [
        {
            "section number": "3.1",
            "key information": "The Retentive Network (RetNet) architecture integrates different computation paradigms\u2014parallel, recurrent, and chunkwise recurrent\u2014to optimize training and inference processes in large language models."
        },
        {
            "section number": "3.4",
            "key information": "RetNet achieves low-cost inference and high performance through a novel retention mechanism that balances the computational load."
        },
        {
            "section number": "3.6",
            "key information": "The proposed RetNet architecture enhances performance and efficiency in long-sequence modeling, differentiating it from traditional Transformer architectures."
        },
        {
            "section number": "7.2",
            "key information": "RetNet addresses the challenges related to computational resources by improving training parallelism and reducing inference costs."
        },
        {
            "section number": "7.4",
            "key information": "The retention mechanism in RetNet allows for effective handling of long sequences without sacrificing performance, contributing to the robustness of large language models."
        }
    ],
    "similarity_score": null,
    "image": null,
    "path": "/home/liudingyuan/code/SurveyX/code/SurveyX-main/outputs/t1b/papers/Retentive network_ A successor to transformer for large language models.json"
}