{
    "from": null,
    "scholar_id": null,
    "detail_id": null,
    "title": "Rwkv: Reinventing rnns for the transformer era",
    "abstract": "Transformers have revolutionized almost all natural language processing (NLP) tasks but suffer from memory and computational complexity that scales quadratically with sequence length. In contrast, recurrent neural networks (RNNs) exhibit linear scaling in memory and computational requirements but struggle to match the same performance as Transformers due to limitations in parallelization and scalability. We propose a novel model architecture, Receptance Weighted Key Value (RWKV), that combines the efficient parallelizable training of transformers with the efficient inference of RNNs. Our approach leverages a linear attention mechanism and allows us to formulate the model as either a Transformer or an RNN, thus parallelizing computations during training and maintains constant computational and memory complexity during inference. We scale our models as large as 14 billion parameters, by far the largest dense RNN ever trained, and find RWKV performs on par with similarly sized Transformers, suggesting future work can leverage this architecture to create more efficient models. This work presents a significant step towards reconciling trade-offs between computational efficiency and model performance in sequence processing tasks.",
    "arxivid": "2305.13048v2",
    "bib_name": "Rwkv:Reinv162",
    "md_text": "# Rwkv: Reinventing rnns for the transformer era\n\n\nabstract\n\nTransformers have revolutionized almost all natural language processing (NLP) tasks but suffer from memory and computational complexity that scales quadratically with sequence length. In contrast, recurrent neural networks (RNNs) exhibit linear scaling in memory and computational requirements but struggle to match the same performance as Transformers due to limitations in parallelization and scalability. We propose a novel model architecture, Receptance Weighted Key Value (RWKV), that combines the efficient parallelizable training of transformers with the efficient inference of RNNs. Our approach leverages a linear attention mechanism and allows us to formulate the model as either a Transformer or an RNN, thus parallelizing computations during training and maintains constant computational and memory complexity during inference. We scale our models as large as 14 billion parameters, by far the largest dense RNN ever trained, and find RWKV performs on par with similarly sized Transformers, suggesting future work can leverage this architecture to create more efficient models. This work presents a significant step towards reconciling trade-offs between computational efficiency and model performance in sequence processing tasks.",
    "paper_type": "method",
    "attri": {
        "background": "This paper addresses the issue of computational efficiency in natural language processing (NLP) tasks, highlighting the limitations of transformers in terms of memory and computational complexity, which scale quadratically with sequence length. In contrast, recurrent neural networks (RNNs) offer linear scaling but struggle with performance compared to transformers. The necessity for a new model architecture that combines the strengths of both approaches is emphasized.",
        "problem": {
            "definition": "The problem defined in this paper is the inefficiency of current NLP models, particularly transformers, which face significant memory and computational challenges as sequence lengths increase, while RNNs do not achieve comparable performance due to their limitations.",
            "key obstacle": "The core obstacle is the trade-off between the performance of transformers and the computational efficiency of RNNs, which prevents existing methods from effectively addressing the needs of sequence processing tasks."
        },
        "idea": {
            "intuition": "The intuition behind the RWKV model is to merge the efficient parallel training of transformers with the effective inference capabilities of RNNs, thereby addressing the shortcomings of both architectures.",
            "opinion": "The proposed idea is to introduce the Receptance Weighted Key Value (RWKV) model, which can function as either a transformer or an RNN, utilizing a linear attention mechanism to enhance both training and inference efficiency.",
            "innovation": "The primary innovation of this method lies in its ability to maintain constant computational and memory complexity during inference while allowing for parallelized computations during training, thus bridging the gap between transformers and RNNs."
        },
        "method": {
            "method name": "Receptance Weighted Key Value",
            "method abbreviation": "RWKV",
            "method definition": "RWKV is a model architecture that integrates the parallelizable training of transformers with the efficient inference capabilities of RNNs, utilizing a linear attention mechanism.",
            "method description": "The core of the RWKV method is its flexible architecture that can operate as either a transformer or an RNN, optimizing both training and inference processes.",
            "method steps": "1. Define the model architecture as RWKV. 2. Implement a linear attention mechanism. 3. Train the model using parallelized computations. 4. Conduct inference with constant memory and computational complexity.",
            "principle": "The effectiveness of this method in solving the problem is supported by the linear scaling of memory and computational requirements, allowing for efficient handling of longer sequences without the performance degradation seen in traditional transformers."
        },
        "experiments": {
            "evaluation setting": "The experimental setup includes scaling the RWKV models to as large as 14 billion parameters, which is the largest dense RNN ever trained, and comparing its performance to similarly sized transformers.",
            "evaluation method": "The performance of RWKV is assessed through comparative analysis against baseline transformer models, measuring metrics related to efficiency and effectiveness in sequence processing tasks."
        },
        "conclusion": "The outcomes of the experiments indicate that RWKV performs on par with similarly sized transformers, suggesting that this architecture is a significant advancement in reconciling the trade-offs between computational efficiency and model performance in NLP tasks.",
        "discussion": {
            "advantage": "The key advantages of the RWKV approach include its ability to efficiently scale with sequence length while maintaining competitive performance compared to transformers, thus offering a more resource-efficient alternative for NLP tasks.",
            "limitation": "One limitation of the RWKV method may be its reliance on the specific architecture that combines elements of both transformers and RNNs, which could introduce complexity in implementation and optimization.",
            "future work": "Future research could focus on further optimizing the RWKV architecture, exploring its applications in various NLP tasks, and investigating additional enhancements to improve its performance and efficiency."
        },
        "other info": []
    },
    "mount_outline": [
        {
            "section number": "2.3",
            "key information": "The inefficiency of current NLP models, particularly transformers, which face significant memory and computational challenges as sequence lengths increase."
        },
        {
            "section number": "3.4",
            "key information": "The RWKV model maintains constant computational and memory complexity during inference while allowing for parallelized computations during training."
        },
        {
            "section number": "4.1",
            "key information": "RWKV integrates the parallelizable training of transformers with the efficient inference capabilities of RNNs, utilizing a linear attention mechanism."
        },
        {
            "section number": "4.5",
            "key information": "The RWKV approach offers a more resource-efficient alternative for NLP tasks, efficiently scaling with sequence length while maintaining competitive performance."
        },
        {
            "section number": "7.2",
            "key information": "The trade-off between the performance of transformers and the computational efficiency of RNNs presents a challenge that RWKV aims to reconcile."
        },
        {
            "section number": "8",
            "key information": "The RWKV model represents a significant advancement in reconciling the trade-offs between computational efficiency and model performance in NLP tasks."
        }
    ],
    "similarity_score": null,
    "image": null,
    "path": "/home/liudingyuan/code/SurveyX/code/SurveyX-main/outputs/t1b/papers/Rwkv_ Reinventing rnns for the transformer era.json"
}