{
    "from": null,
    "scholar_id": null,
    "detail_id": null,
    "title": "Safe rlhf: Safe reinforcement learning from human feedback",
    "abstract": "With the development of large language models (LLMs), striking a balance between the performance and safety of AI systems has never been more critical. However, the inherent tension between the objectives of helpfulness and harmlessness presents a significant challenge during LLM training. To address this issue, we propose Safe Reinforcement Learning from Human Feedback (Safe RLHF), a novel algorithm for human value alignment. Safe RLHF explicitly decouples human preferences regarding helpfulness and harmlessness, effectively avoiding the crowdworkers' confusion about the tension and allowing us to train separate reward and cost models. We formalize the safety concern of LLMs as an optimization task of maximizing the reward function while satisfying specified cost constraints. Leveraging the Lagrangian method to solve this constrained problem, Safe RLHF dynamically adjusts the balance between the two objectives during fine-tuning. Through a three-round fine-tuning using Safe RLHF, we demonstrate a superior ability to mitigate harmful responses while enhancing model performance compared to existing value-aligned algorithms. Experimentally, we fine-tuned the Alpaca-7B using Safe RLHF and aligned it with collected human preferences, significantly improving its helpfulness and harmlessness according to human evaluations.",
    "arxivid": "2310.12773v1",
    "bib_name": "Saferlhf:S103",
    "md_text": "# Safe rlhf: Safe reinforcement learning from human feedback\n\n\nabstract\n\nWith the development of large language models (LLMs), striking a balance between the performance and safety of AI systems has never been more critical. However, the inherent tension between the objectives of helpfulness and harmlessness presents a significant challenge during LLM training. To address this issue, we propose Safe Reinforcement Learning from Human Feedback (Safe RLHF), a novel algorithm for human value alignment. Safe RLHF explicitly decouples human preferences regarding helpfulness and harmlessness, effectively avoiding the crowdworkers' confusion about the tension and allowing us to train separate reward and cost models. We formalize the safety concern of LLMs as an optimization task of maximizing the reward function while satisfying specified cost constraints. Leveraging the Lagrangian method to solve this constrained problem, Safe RLHF dynamically adjusts the balance between the two objectives during fine-tuning. Through a three-round fine-tuning using Safe RLHF, we demonstrate a superior ability to mitigate harmful responses while enhancing model performance compared to existing value-aligned algorithms. Experimentally, we fine-tuned the Alpaca-7B using Safe RLHF and aligned it with collected human preferences, significantly improving its helpfulness and harmlessness according to human evaluations.",
    "paper_type": "method",
    "attri": {
        "background": "This paper addresses the issue of balancing performance and safety in large language models (LLMs), highlighting the challenge posed by the conflicting objectives of helpfulness and harmlessness during training.",
        "problem": {
            "definition": "The problem is the inherent tension between the objectives of helpfulness and harmlessness in LLM training, which complicates the alignment of human values with AI behavior.",
            "key obstacle": "The main difficulty is the confusion among crowdworkers regarding the dual objectives, which hinders effective training of reward and cost models."
        },
        "idea": {
            "intuition": "The idea was inspired by the need to decouple human preferences regarding helpfulness and harmlessness to clarify the training process.",
            "opinion": "The proposed idea, Safe Reinforcement Learning from Human Feedback (Safe RLHF), involves a novel algorithm that separates the training of reward and cost models to better align LLMs with human values.",
            "innovation": "The primary innovation lies in the formalization of safety concerns as an optimization task that balances reward maximization with cost constraints, using the Lagrangian method for dynamic adjustment during fine-tuning."
        },
        "method": {
            "method name": "Safe Reinforcement Learning from Human Feedback",
            "method abbreviation": "Safe RLHF",
            "method definition": "Safe RLHF is an algorithm designed to align LLMs with human values by decoupling the training of helpfulness and harmlessness into separate reward and cost models.",
            "method description": "The method involves a structured approach to fine-tuning LLMs that dynamically adjusts the balance between helpfulness and harmlessness.",
            "method steps": "1. Collect human preferences. 2. Train separate reward and cost models. 3. Apply the Lagrangian method to optimize the balance during fine-tuning.",
            "principle": "The effectiveness of this method stems from its ability to explicitly manage the trade-off between helpfulness and harmlessness, thereby improving alignment with human values."
        },
        "experiments": {
            "evaluation setting": "The experiments involved fine-tuning the Alpaca-7B model using Safe RLHF, comparing its performance against existing value-aligned algorithms based on human evaluations.",
            "evaluation method": "Performance was assessed through a three-round fine-tuning process, measuring improvements in helpfulness and harmlessness according to human feedback."
        },
        "conclusion": "The outcomes demonstrate that Safe RLHF significantly mitigates harmful responses while enhancing model performance, indicating its effectiveness over traditional methods in aligning LLMs with human values.",
        "discussion": {
            "advantage": "Key advantages include improved clarity in training objectives and enhanced alignment of LLM behavior with human preferences.",
            "limitation": "A potential limitation is the reliance on the quality of human feedback, which may vary and influence the training outcomes.",
            "future work": "Future research could explore refining the methods for collecting human preferences and further optimizing the balance between helpfulness and harmlessness."
        },
        "other info": []
    },
    "mount_outline": [
        {
            "section number": "1.1",
            "key information": "This paper addresses the issue of balancing performance and safety in large language models (LLMs), highlighting the challenge posed by the conflicting objectives of helpfulness and harmlessness during training."
        },
        {
            "section number": "2.3",
            "key information": "The problem is the inherent tension between the objectives of helpfulness and harmlessness in LLM training, which complicates the alignment of human values with AI behavior."
        },
        {
            "section number": "3.1",
            "key information": "Safe Reinforcement Learning from Human Feedback (Safe RLHF) involves a novel algorithm that separates the training of reward and cost models to better align LLMs with human values."
        },
        {
            "section number": "3.4",
            "key information": "The method involves a structured approach to fine-tuning LLMs that dynamically adjusts the balance between helpfulness and harmlessness."
        },
        {
            "section number": "6.5",
            "key information": "The outcomes demonstrate that Safe RLHF significantly mitigates harmful responses while enhancing model performance, indicating its effectiveness over traditional methods in aligning LLMs with human values."
        },
        {
            "section number": "7.1",
            "key information": "A potential limitation is the reliance on the quality of human feedback, which may vary and influence the training outcomes."
        }
    ],
    "similarity_score": null,
    "image": null,
    "path": "/home/liudingyuan/code/SurveyX/code/SurveyX-main/outputs/t1b/papers/Safe rlhf_ Safe reinforcement learning from human feedback.json"
}