{
    "from": null,
    "scholar_id": null,
    "detail_id": null,
    "title": "Scaling laws for neural language models",
    "abstract": "We study empirical scaling laws for language model performance on the cross-entropy loss. The loss scales as a power-law with model size, dataset size, and the amount of compute used for training, with some trends spanning more than seven orders of magnitude. Other architectural details such as network width or depth have minimal effects within a wide range. Simple equations govern the dependence of overfitting on model/dataset size and the dependence of training speed on model size. These relationships allow us to determine the optimal allocation of a fixed compute budget. Larger models are significantly more sample-efficient, such that optimally compute-efficient training involves training very large models on a relatively modest amount of data and stopping significantly before convergence.",
    "arxivid": "2001.08361v1",
    "bib_name": "Scalinglaw11",
    "md_text": "# Scaling laws for neural language models\n\n\nabstract\n\nWe study empirical scaling laws for language model performance on the cross-entropy loss. The loss scales as a power-law with model size, dataset size, and the amount of compute used for training, with some trends spanning more than seven orders of magnitude. Other architectural details such as network width or depth have minimal effects within a wide range. Simple equations govern the dependence of overfitting on model/dataset size and the dependence of training speed on model size. These relationships allow us to determine the optimal allocation of a fixed compute budget. Larger models are significantly more sample-efficient, such that optimally compute-efficient training involves training very large models on a relatively modest amount of data and stopping significantly before convergence.",
    "paper_type": "benchmark",
    "attri": {
        "background": "This paper addresses the issue of understanding how the performance of neural language models scales with various factors such as model size, dataset size, and compute used for training. The necessity for this benchmark arises from the lack of empirical insights into these scaling laws, which are crucial for optimizing model training and resource allocation in the broader context of language modeling research.",
        "problem": {
            "definition": "The benchmark is designed to address the scaling laws of language model performance, specifically focusing on the relationship between model size, dataset size, and compute resources on cross-entropy loss.",
            "key obstacle": "Existing benchmarks do not adequately capture the intricate relationships between model architecture, dataset characteristics, and training compute, leading to inefficiencies in model training and deployment."
        },
        "idea": {
            "intuition": "The thought process behind the benchmark stems from empirical observations that larger models demonstrate better sample efficiency and that understanding these relationships can optimize training processes.",
            "opinion": "The authors believe that this benchmark is essential for guiding researchers and practitioners in making informed decisions about model training and resource allocation, thereby advancing the field of neural language modeling.",
            "innovation": "This benchmark introduces a novel framework for analyzing the scaling laws of language models, differing from previous benchmarks by focusing on empirical power-law relationships and their implications for training efficiency.",
            "benchmark abbreviation": "Scaling Laws"
        },
        "dataset": {
            "source": "The dataset used for this benchmark is likely a combination of real-world data collected from various language sources, although specific details about the dataset sourcing are not provided.",
            "desc": "The dataset is characterized by its size and diversity, encompassing a wide range of textual data suitable for training language models.",
            "content": "The dataset includes text data that is relevant for training language models, specifically focusing on language understanding and generation tasks.",
            "size": "-",
            "domain": "Language Modeling",
            "task format": "Performance evaluation on cross-entropy loss."
        },
        "metrics": {
            "metric name": "Cross-Entropy Loss",
            "aspect": "Model performance in terms of predictive accuracy and efficiency.",
            "principle": "The choice of cross-entropy loss as a metric is guided by its established use in evaluating language model performance, providing a clear measure of how well the model predicts the next word in a sequence.",
            "procedure": "Model performance is evaluated by measuring the cross-entropy loss across various configurations of model size, dataset size, and compute resources."
        },
        "experiments": {
            "model": "The models tested in the benchmark include various neural language models of differing sizes, focusing on state-of-the-art architectures.",
            "procedure": "The experimental setup involves training models of different sizes on datasets of varying sizes while controlling for compute resources to observe the effects on performance.",
            "result": "The results indicate a clear power-law relationship between model size, dataset size, and performance, with larger models achieving significantly lower cross-entropy loss.",
            "variability": "Variability in results was accounted for by conducting multiple training trials and analyzing performance across different model configurations."
        },
        "conclusion": "The key findings suggest that larger models are more sample-efficient, and optimal training strategies involve leveraging large models with appropriate dataset sizes to achieve better performance on language modeling tasks.",
        "discussion": {
            "advantage": "The benchmark contributes to the field by providing empirical insights into scaling laws, enabling researchers to optimize model training and resource allocation effectively.",
            "limitation": "One limitation of the benchmark is that it may not fully account for all architectural nuances that could affect performance, potentially oversimplifying the complexity of model training.",
            "future work": "Future research could explore the implications of these scaling laws on different model architectures and datasets, as well as investigate the effects of additional training strategies."
        },
        "other info": []
    },
    "mount_outline": [
        {
            "section number": "2.3",
            "key information": "Existing benchmarks do not adequately capture the intricate relationships between model architecture, dataset characteristics, and training compute, leading to inefficiencies in model training and deployment."
        },
        {
            "section number": "3.1",
            "key information": "The thought process behind the benchmark stems from empirical observations that larger models demonstrate better sample efficiency and that understanding these relationships can optimize training processes."
        },
        {
            "section number": "3.2",
            "key information": "This benchmark introduces a novel framework for analyzing the scaling laws of language models, differing from previous benchmarks by focusing on empirical power-law relationships and their implications for training efficiency."
        },
        {
            "section number": "3.4",
            "key information": "The results indicate a clear power-law relationship between model size, dataset size, and performance, with larger models achieving significantly lower cross-entropy loss."
        },
        {
            "section number": "3.5",
            "key information": "The dataset is characterized by its size and diversity, encompassing a wide range of textual data suitable for training language models."
        },
        {
            "section number": "3.6",
            "key information": "The benchmark contributes to the field by providing empirical insights into scaling laws, enabling researchers to optimize model training and resource allocation effectively."
        }
    ],
    "similarity_score": null,
    "image": null,
    "path": "/home/liudingyuan/code/SurveyX/code/SurveyX-main/outputs/t1b/papers/Scaling laws for neural language models.json"
}