{
    "from": null,
    "scholar_id": null,
    "detail_id": null,
    "title": "Scaling laws for autoregressive generative modeling",
    "abstract": "We identify empirical scaling laws for the cross-entropy loss in four domains: generative image modeling, video modeling, multimodal image$\\leftrightarrow$text models, and mathematical problem solving. In all cases autoregressive Transformers smoothly improve in performance as model size and compute budgets increase, following a power-law plus constant scaling law. The optimal model size also depends on the compute budget through a power-law, with exponents that are nearly universal across all data domains. \nThe cross-entropy loss has an information theoretic interpretation as $S($True$) + D_{\\mathrm{KL}}($True$||$Model$)$, and the empirical scaling laws suggest a prediction for both the true data distribution's entropy and the KL divergence between the true and model distributions. With this interpretation, billion-parameter Transformers are nearly perfect models of the YFCC100M image distribution downsampled to an $8\\times 8$ resolution, and we can forecast the model size needed to achieve any given reducible loss (ie $D_{\\mathrm{KL}}$) in nats/image for other resolutions. \nWe find a number of additional scaling laws in specific domains: (a) we identify a scaling relation for the mutual information between captions and images in multimodal models, and show how to answer the question \"Is a picture worth a thousand words?\"; (b) in the case of mathematical problem solving, we identify scaling laws for model performance when extrapolating beyond the training distribution; (c) we finetune generative image models for ImageNet classification and find smooth scaling of the classification loss and error rate, even as the generative loss levels off. Taken together, these results strengthen the case that scaling laws have important implications for neural network performance, including on downstream tasks.",
    "arxivid": "2010.14701v2",
    "bib_name": "Scalinglaw33",
    "md_text": "# Scaling laws for autoregressive generative modeling\n\n\nabstract\n\nWe identify empirical scaling laws for the cross-entropy loss in four domains: generative image modeling, video modeling, multimodal image$\\leftrightarrow$text models, and mathematical problem solving. In all cases autoregressive Transformers smoothly improve in performance as model size and compute budgets increase, following a power-law plus constant scaling law. The optimal model size also depends on the compute budget through a power-law, with exponents that are nearly universal across all data domains. \nThe cross-entropy loss has an information theoretic interpretation as $S($True$) + D_{\\mathrm{KL}}($True$||$Model$)$, and the empirical scaling laws suggest a prediction for both the true data distribution's entropy and the KL divergence between the true and model distributions. With this interpretation, billion-parameter Transformers are nearly perfect models of the YFCC100M image distribution downsampled to an $8\\times 8$ resolution, and we can forecast the model size needed to achieve any given reducible loss (ie $D_{\\mathrm{KL}}$) in nats/image for other resolutions. \nWe find a number of additional scaling laws in specific domains: (a) we identify a scaling relation for the mutual information between captions and images in multimodal models, and show how to answer the question \"Is a picture worth a thousand words?\"; (b) in the case of mathematical problem solving, we identify scaling laws for model performance when extrapolating beyond the training distribution; (c) we finetune generative image models for ImageNet classification and find smooth scaling of the classification loss and error rate, even as the generative loss levels off. Taken together, these results strengthen the case that scaling laws have important implications for neural network performance, including on downstream tasks.",
    "paper_type": "theory",
    "attri": {
        "background": "This paper addresses the empirical scaling laws for cross-entropy loss across various domains, emphasizing the importance of understanding how autoregressive Transformers improve in performance with increased model size and compute budgets.",
        "problem": {
            "definition": "The challenge of predicting performance improvements in autoregressive generative models as a function of model size and compute resources.",
            "key obstacle": "Determining the optimal model size for varying compute budgets and understanding the scaling behavior across different data domains."
        },
        "idea": {
            "intuition": "The idea was inspired by the observation that larger models tend to perform better in generative tasks.",
            "opinion": "The authors propose that scaling laws can predict model performance based on size and compute budgets.",
            "innovation": "The primary improvement is the identification of universal power-law relationships that govern model performance across diverse domains."
        },
        "Theory": {
            "perspective": "The theoretical perspective is rooted in information theory, interpreting cross-entropy loss as a combination of true data distribution entropy and the KL divergence between true and model distributions.",
            "opinion": "The assumption is that increasing model size and compute will lead to improved approximations of true data distributions.",
            "proof": "The paper provides empirical evidence supporting the scaling laws through extensive experimentation across multiple domains."
        },
        "experiments": {
            "evaluation setting": "Experiments were conducted across four domains: generative image modeling, video modeling, multimodal image-text models, and mathematical problem solving, using datasets like YFCC100M.",
            "evaluation method": "Evaluation involved measuring cross-entropy loss and performance metrics as model sizes and compute budgets varied."
        },
        "conclusion": "The findings indicate that scaling laws significantly impact the performance of autoregressive models, with predictable improvements in loss as model size and compute increase.",
        "discussion": {
            "advantage": "The paper provides a comprehensive framework for understanding the relationship between model size, compute budgets, and performance, which is applicable across multiple tasks.",
            "limitation": "The scaling laws may not account for all nuances of model performance in every domain, particularly in specialized applications.",
            "future work": "Future research could explore the implications of these scaling laws in more specific contexts and investigate further optimizations for model performance."
        },
        "other info": []
    },
    "mount_outline": [
        {
            "section number": "3.1",
            "key information": "The paper addresses empirical scaling laws for cross-entropy loss, emphasizing the importance of understanding how autoregressive Transformers improve in performance with increased model size and compute budgets."
        },
        {
            "section number": "3.4",
            "key information": "The findings indicate predictable improvements in loss as model size and compute increase, highlighting scalability and efficiency improvements in large language models."
        },
        {
            "section number": "2.3",
            "key information": "The paper discusses the challenge of predicting performance improvements in autoregressive generative models, which relates to the limitations of traditional models that large language models aim to overcome."
        },
        {
            "section number": "7.2",
            "key information": "The paper identifies the key obstacle of determining the optimal model size for varying compute budgets, which relates to challenges in computational resources and efficiency."
        }
    ],
    "similarity_score": null,
    "image": null,
    "path": "/home/liudingyuan/code/SurveyX/code/SurveyX-main/outputs/t1b/papers/Scaling laws for autoregressive generative modeling.json"
}