{
    "from": null,
    "scholar_id": null,
    "detail_id": null,
    "title": "Scaling data-constrained language models",
    "abstract": "The current trend of scaling language models involves increasing both parameter count and training dataset size. Extrapolating this trend suggests that training dataset size may soon be limited by the amount of text data available on the internet. Motivated by this limit, we investigate scaling language models in data-constrained regimes. Specifically, we run a large set of experiments varying the extent of data repetition and compute budget, ranging up to 900 billion training tokens and 9 billion parameter models. We find that with constrained data for a fixed compute budget, training with up to 4 epochs of repeated data yields negligible changes to loss compared to having unique data. However, with more repetition, the value of adding compute eventually decays to zero. We propose and empirically validate a scaling law for compute optimality that accounts for the decreasing value of repeated tokens and excess parameters. Finally, we experiment with approaches mitigating data scarcity, including augmenting the training dataset with code data or removing commonly used filters. Models and datasets from our 400 training runs are freely available at https://github.com/huggingface/datablations.",
    "arxivid": "2305.16264v5",
    "bib_name": "Scalingdat35",
    "md_text": "# Scaling data-constrained language models\n\n\nabstract\n\nThe current trend of scaling language models involves increasing both parameter count and training dataset size. Extrapolating this trend suggests that training dataset size may soon be limited by the amount of text data available on the internet. Motivated by this limit, we investigate scaling language models in data-constrained regimes. Specifically, we run a large set of experiments varying the extent of data repetition and compute budget, ranging up to 900 billion training tokens and 9 billion parameter models. We find that with constrained data for a fixed compute budget, training with up to 4 epochs of repeated data yields negligible changes to loss compared to having unique data. However, with more repetition, the value of adding compute eventually decays to zero. We propose and empirically validate a scaling law for compute optimality that accounts for the decreasing value of repeated tokens and excess parameters. Finally, we experiment with approaches mitigating data scarcity, including augmenting the training dataset with code data or removing commonly used filters. Models and datasets from our 400 training runs are freely available at https://github.com/huggingface/datablations.",
    "paper_type": "benchmark",
    "attri": {
        "background": "The paper addresses the limitations posed by the finite amount of text data available on the internet for training language models, highlighting the need for benchmarks that evaluate model performance under data-constrained conditions.",
        "problem": {
            "definition": "The benchmark is designed to address the challenge of training language models effectively when data availability is limited, particularly in scenarios of data repetition.",
            "key obstacle": "Existing benchmarks often assume unlimited data availability, which does not reflect the practical constraints faced in real-world applications."
        },
        "idea": {
            "intuition": "The benchmark is inspired by the observation that scaling models with repeated data may not yield significant improvements, prompting the need for a systematic evaluation of data constraints.",
            "opinion": "The authors emphasize the importance of understanding how to optimize model training in data-scarce environments, which could significantly impact the development of more efficient language models.",
            "innovation": "The benchmark introduces a novel scaling law for compute optimality that incorporates the diminishing returns of repeated tokens, offering a fresh perspective on model training efficiency.",
            "benchmark abbreviation": "DCLM"
        },
        "dataset": {
            "source": "The dataset was created through a combination of real-world text data and synthetically generated data to simulate various scenarios of data availability.",
            "desc": "The dataset consists of up to 900 billion training tokens, designed to test the effects of data repetition on model performance.",
            "content": "The dataset includes text data related to various topics, which is essential for training language models under different data constraints.",
            "size": "900,000,000,000",
            "domain": "Natural Language Processing",
            "task format": "Language Modeling"
        },
        "metrics": {
            "metric name": "Loss",
            "aspect": "Model performance under varying data conditions",
            "principle": "The choice of loss as a metric is based on its ability to quantify the effectiveness of model training in terms of prediction accuracy.",
            "procedure": "Model performance is evaluated by measuring loss across different configurations of data repetition and compute budgets."
        },
        "experiments": {
            "model": "The experiments involved state-of-the-art language models with up to 9 billion parameters.",
            "procedure": "Models were trained with varying levels of data repetition and compute budgets, systematically assessing their performance across 400 training runs.",
            "result": "The results indicate that increasing data repetition leads to diminishing returns in performance, with significant findings on compute optimality.",
            "variability": "Variability in results was accounted for by conducting multiple training runs with different subsets of the dataset and varying parameters."
        },
        "conclusion": "The findings suggest that optimizing training under data constraints is crucial for future language model development, highlighting the need for benchmarks that reflect real-world data limitations.",
        "discussion": {
            "advantage": "The benchmark provides valuable insights into training language models in data-constrained environments, potentially guiding future research and model optimization.",
            "limitation": "One limitation is that the benchmark may not fully capture all aspects of model performance under diverse real-world conditions.",
            "future work": "Future research could explore additional methods for mitigating data scarcity and further refine the scaling law proposed in this benchmark."
        },
        "other info": []
    },
    "mount_outline": [
        {
            "section number": "2.3",
            "key information": "Existing benchmarks often assume unlimited data availability, which does not reflect the practical constraints faced in real-world applications."
        },
        {
            "section number": "3.1",
            "key information": "The benchmark introduces a novel scaling law for compute optimality that incorporates the diminishing returns of repeated tokens, offering a fresh perspective on model training efficiency."
        },
        {
            "section number": "3.4",
            "key information": "The experiments involved state-of-the-art language models with up to 9 billion parameters, systematically assessing their performance across 400 training runs."
        },
        {
            "section number": "7.2",
            "key information": "The findings suggest that optimizing training under data constraints is crucial for future language model development, highlighting the need for benchmarks that reflect real-world data limitations."
        },
        {
            "section number": "7.3",
            "key information": "Future research could explore additional methods for mitigating data scarcity and further refine the scaling law proposed in this benchmark."
        }
    ],
    "similarity_score": null,
    "image": null,
    "path": "/home/liudingyuan/code/SurveyX/code/SurveyX-main/outputs/t1b/papers/Scaling data-constrained language models.json"
}