{
    "from": null,
    "scholar_id": null,
    "detail_id": null,
    "title": "Scaling laws and interpretability of learning from repeated data",
    "abstract": "Recent large language models have been trained on vast datasets, but also often on repeated data, either intentionally for the purpose of upweighting higher quality data, or unintentionally because data deduplication is not perfect and the model is exposed to repeated data at the sentence, paragraph, or document level. Some works have reported substantial negative performance effects of this repeated data. In this paper we attempt to study repeated data systematically and to understand its effects mechanistically. To do this, we train a family of models where most of the data is unique but a small fraction of it is repeated many times. We find a strong double descent phenomenon, in which repeated data can lead test loss to increase midway through training. A predictable range of repetition frequency leads to surprisingly severe degradation in performance. For instance, performance of an 800M parameter model can be degraded to that of a 2x smaller model (400M params) by repeating 0.1% of the data 100 times, despite the other 90% of the training tokens remaining unique. We suspect there is a range in the middle where the data can be memorized and doing so consumes a large fraction of the model's capacity, and this may be where the peak of degradation occurs. Finally, we connect these observations to recent mechanistic interpretability work - attempting to reverse engineer the detailed computations performed by the model - by showing that data repetition disproportionately damages copying and internal structures associated with generalization, such as induction heads, providing a possible mechanism for the shift from generalization to memorization. Taken together, these results provide a hypothesis for why repeating a relatively small fraction of data in large language models could lead to disproportionately large harms to performance.",
    "arxivid": "2205.10487v1",
    "bib_name": "Scalinglaw130",
    "md_text": "# Scaling laws and interpretability of learning from repeated data\n\n\nabstract\n\nRecent large language models have been trained on vast datasets, but also often on repeated data, either intentionally for the purpose of upweighting higher quality data, or unintentionally because data deduplication is not perfect and the model is exposed to repeated data at the sentence, paragraph, or document level. Some works have reported substantial negative performance effects of this repeated data. In this paper we attempt to study repeated data systematically and to understand its effects mechanistically. To do this, we train a family of models where most of the data is unique but a small fraction of it is repeated many times. We find a strong double descent phenomenon, in which repeated data can lead test loss to increase midway through training. A predictable range of repetition frequency leads to surprisingly severe degradation in performance. For instance, performance of an 800M parameter model can be degraded to that of a 2x smaller model (400M params) by repeating 0.1% of the data 100 times, despite the other 90% of the training tokens remaining unique. We suspect there is a range in the middle where the data can be memorized and doing so consumes a large fraction of the model's capacity, and this may be where the peak of degradation occurs. Finally, we connect these observations to recent mechanistic interpretability work - attempting to reverse engineer the detailed computations performed by the model - by showing that data repetition disproportionately damages copying and internal structures associated with generalization, such as induction heads, providing a possible mechanism for the shift from generalization to memorization. Taken together, these results provide a hypothesis for why repeating a relatively small fraction of data in large language models could lead to disproportionately large harms to performance.",
    "paper_type": "benchmark",
    "attri": {
        "background": "This paper addresses the issue of how repeated data in training large language models can negatively impact performance, highlighting the necessity of understanding its effects in the context of current research on model training and data utilization.",
        "problem": {
            "definition": "The benchmark is designed to address the effects of data repetition on model performance, specifically how varying levels of repeated data can influence test loss during training.",
            "key obstacle": "Existing benchmarks do not adequately capture the phenomenon of double descent and the specific impacts of repeated data on model generalization and memorization."
        },
        "idea": {
            "intuition": "The thought process behind the benchmark stems from observations that repeated data can lead to performance degradation, prompting a systematic study of its effects.",
            "opinion": "The authors emphasize the importance of this benchmark in understanding the trade-offs between data repetition and model performance, which could significantly influence future model training strategies.",
            "innovation": "This benchmark differs from previous ones by specifically focusing on the effects of data repetition and its mechanistic impact on model performance, particularly through the lens of generalization versus memorization.",
            "benchmark abbreviation": "RDB"
        },
        "dataset": {
            "source": "The dataset was created by training models on a mixture of unique and repeated data, with a controlled fraction of data being repeated multiple times.",
            "desc": "The dataset includes a significant portion of unique training data, with a small fraction being repeated to study its effects on performance.",
            "content": "The dataset consists of text data, specifically sentences and paragraphs, which are pivotal for evaluating language model performance.",
            "size": "-",
            "domain": "Natural Language Processing",
            "task format": "Model Training"
        },
        "metrics": {
            "metric name": "Test Loss",
            "aspect": "Model performance and generalization capabilities",
            "principle": "The choice of metrics is guided by the need to quantify the performance degradation caused by data repetition and to observe the double descent phenomenon.",
            "procedure": "Model performance is evaluated by training on datasets with varying levels of repeated data and measuring test loss at different stages of training."
        },
        "experiments": {
            "model": "A family of models varying in size, including an 800M parameter model and a 400M parameter model.",
            "procedure": "Models were trained with a majority of unique data and a small fraction of data repeated multiple times to observe performance effects.",
            "result": "Results indicated that repeating 0.1% of the data 100 times could degrade the performance of the larger model to that of a smaller model, demonstrating significant negative impacts.",
            "variability": "Variability was accounted for by analyzing the effects of different repetition frequencies and multiple training trials."
        },
        "conclusion": "The findings suggest that even a small amount of repeated data can lead to disproportionately large negative effects on model performance, providing insights into the balance between data quality and quantity.",
        "discussion": {
            "advantage": "The benchmark offers a novel perspective on the implications of data repetition, contributing valuable insights to the field of model training and interpretability.",
            "limitation": "Potential limitations include the specific focus on language models, which may not generalize to other types of models or tasks.",
            "future work": "Future research could explore the effects of data repetition across different model architectures and tasks to further understand its implications."
        },
        "other info": []
    },
    "mount_outline": [
        {
            "section number": "2.3",
            "key information": "The benchmark is designed to address the effects of data repetition on model performance, specifically how varying levels of repeated data can influence test loss during training."
        },
        {
            "section number": "3.1",
            "key information": "The dataset was created by training models on a mixture of unique and repeated data, with a controlled fraction of data being repeated multiple times."
        },
        {
            "section number": "3.4",
            "key information": "Results indicated that repeating 0.1% of the data 100 times could degrade the performance of the larger model to that of a smaller model, demonstrating significant negative impacts."
        },
        {
            "section number": "7.2",
            "key information": "The findings suggest that even a small amount of repeated data can lead to disproportionately large negative effects on model performance, providing insights into the balance between data quality and quantity."
        },
        {
            "section number": "7.4",
            "key information": "The authors emphasize the importance of this benchmark in understanding the trade-offs between data repetition and model performance, which could significantly influence future model training strategies."
        }
    ],
    "similarity_score": null,
    "image": null,
    "path": "/home/liudingyuan/code/SurveyX/code/SurveyX-main/outputs/t1b/papers/Scaling laws and interpretability of learning from repeated data.json"
}