{
    "from": null,
    "scholar_id": null,
    "detail_id": null,
    "title": "Simplified state space layers for sequence modeling",
    "abstract": "Models using structured state space sequence (S4) layers have achieved state-of-the-art performance on long-range sequence modeling tasks. An S4 layer combines linear state space models (SSMs), the HiPPO framework, and deep learning to achieve high performance. We build on the design of the S4 layer and introduce a new state space layer, the S5 layer. Whereas an S4 layer uses many independent single-input, single-output SSMs, the S5 layer uses one multi-input, multi-output SSM. We establish a connection between S5 and S4, and use this to develop the initialization and parameterization used by the S5 model. The result is a state space layer that can leverage efficient and widely implemented parallel scans, allowing S5 to match the computational efficiency of S4, while also achieving state-of-the-art performance on several long-range sequence modeling tasks. S5 averages 87.4% on the long range arena benchmark, and 98.5% on the most difficult Path-X task.",
    "arxivid": "2208.04933v3",
    "bib_name": "Simplified156",
    "md_text": "# Simplified state space layers for sequence modeling\n\n\nabstract\n\nModels using structured state space sequence (S4) layers have achieved state-of-the-art performance on long-range sequence modeling tasks. An S4 layer combines linear state space models (SSMs), the HiPPO framework, and deep learning to achieve high performance. We build on the design of the S4 layer and introduce a new state space layer, the S5 layer. Whereas an S4 layer uses many independent single-input, single-output SSMs, the S5 layer uses one multi-input, multi-output SSM. We establish a connection between S5 and S4, and use this to develop the initialization and parameterization used by the S5 model. The result is a state space layer that can leverage efficient and widely implemented parallel scans, allowing S5 to match the computational efficiency of S4, while also achieving state-of-the-art performance on several long-range sequence modeling tasks. S5 averages 87.4% on the long range arena benchmark, and 98.5% on the most difficult Path-X task.",
    "paper_type": "method",
    "attri": {
        "background": "This paper addresses the issue of long-range sequence modeling, highlighting that previous methods, particularly structured state space sequence (S4) layers, have achieved state-of-the-art performance but have limitations in terms of computational efficiency when scaling.",
        "problem": {
            "definition": "The problem is the need for efficient and high-performance models for long-range sequence modeling tasks.",
            "key obstacle": "The main difficulty is that existing methods, such as S4, rely on many independent single-input, single-output state space models, which limits their computational efficiency and scalability."
        },
        "idea": {
            "intuition": "The idea was inspired by the observation that combining multiple inputs and outputs into a single state space model could enhance efficiency and performance.",
            "opinion": "The proposed idea introduces the S5 layer, which utilizes one multi-input, multi-output state space model instead of multiple independent models.",
            "innovation": "The key innovation of the S5 layer is its ability to leverage efficient parallel scans while maintaining the computational efficiency of S4, leading to improved performance on long-range sequence modeling tasks."
        },
        "method": {
            "method name": "S5 layer",
            "method abbreviation": "S5",
            "method definition": "The S5 layer is a state space layer that employs a single multi-input, multi-output state space model to enhance efficiency in long-range sequence modeling.",
            "method description": "The S5 layer integrates multiple inputs and outputs within a single state space framework to achieve high performance and efficiency.",
            "method steps": "1. Initialize the multi-input, multi-output state space model; 2. Parameterize the model based on connections established with S4; 3. Implement the model in sequence tasks using parallel scans.",
            "principle": "The effectiveness of the S5 method lies in its ability to efficiently handle multiple inputs and outputs simultaneously, allowing for improved computational performance and accuracy in long-range sequence modeling."
        },
        "experiments": {
            "evaluation setting": "The evaluation was conducted on the long range arena benchmark and the Path-X task, comparing the performance of the S5 layer against existing methods.",
            "evaluation method": "Performance was measured based on accuracy metrics, with S5 achieving 87.4% on the long range arena benchmark and 98.5% on the Path-X task."
        },
        "conclusion": "The S5 layer demonstrates state-of-the-art performance in long-range sequence modeling tasks while maintaining computational efficiency, offering significant improvements over previous methods.",
        "discussion": {
            "advantage": "The key advantages of the S5 approach include enhanced computational efficiency due to the use of a single multi-input, multi-output model and superior performance on challenging sequence tasks.",
            "limitation": "One limitation of the S5 layer may be its dependency on the underlying assumptions of the state space model, which could affect its applicability in certain contexts.",
            "future work": "Future research could focus on further optimizing the S5 layer for different types of sequence tasks and exploring its application in real-time systems."
        },
        "other info": []
    },
    "mount_outline": [
        {
            "section number": "2.3",
            "key information": "The main difficulty is that existing methods, such as S4, rely on many independent single-input, single-output state space models, which limits their computational efficiency and scalability."
        },
        {
            "section number": "3.1",
            "key information": "The S5 layer is a state space layer that employs a single multi-input, multi-output state space model to enhance efficiency in long-range sequence modeling."
        },
        {
            "section number": "3.4",
            "key information": "The effectiveness of the S5 method lies in its ability to efficiently handle multiple inputs and outputs simultaneously, allowing for improved computational performance and accuracy in long-range sequence modeling."
        },
        {
            "section number": "4.1",
            "key information": "The S5 layer integrates multiple inputs and outputs within a single state space framework to achieve high performance and efficiency."
        },
        {
            "section number": "7.2",
            "key information": "The key advantages of the S5 approach include enhanced computational efficiency due to the use of a single multi-input, multi-output model and superior performance on challenging sequence tasks."
        }
    ],
    "similarity_score": null,
    "image": null,
    "path": "/home/liudingyuan/code/SurveyX/code/SurveyX-main/outputs/t1b/papers/Simplified state space layers for sequence modeling.json"
}