{
    "from": null,
    "scholar_id": null,
    "detail_id": null,
    "title": "Skill-it! a data-driven skills framework for understanding and training language models",
    "abstract": "The quality of training data impacts the performance of pre-trained large language models (LMs). Given a fixed budget of tokens, we study how to best select data that leads to good downstream model performance across tasks. We develop a new framework based on a simple hypothesis: just as humans acquire interdependent skills in a deliberate order, language models also follow a natural order when learning a set of skills from their training data. If such an order exists, it can be utilized for improved understanding of LMs and for data-efficient training. Using this intuition, our framework formalizes the notion of a skill and of an ordered set of skills in terms of the associated data. First, using both synthetic and real data, we demonstrate that these ordered skill sets exist, and that their existence enables more advanced skills to be learned with less data when we train on their prerequisite skills. Second, using our proposed framework, we introduce an online data sampling algorithm, Skill-It, over mixtures of skills for both continual pre-training and fine-tuning regimes, where the objective is to efficiently learn multiple skills in the former and an individual skill in the latter. On the LEGO synthetic in the continual pre-training setting, Skill-It obtains 36.5 points higher accuracy than random sampling. On the Natural Instructions dataset in the fine-tuning setting, Skill-It reduces the validation loss on the target skill by 13.6% versus training on data associated with the target skill itself. We apply our skills framework on the recent RedPajama dataset to continually pre-train a 3B-parameter LM, achieving higher accuracy on the LM Evaluation Harness with 1B tokens than the baseline approach of sampling uniformly over data sources with 3B tokens.",
    "arxivid": "2307.14430v1",
    "bib_name": "Skill-it!a145",
    "md_text": "# Skill-it! a data-driven skills framework for understanding and training language models\n\n\nabstract\n\nThe quality of training data impacts the performance of pre-trained large language models (LMs). Given a fixed budget of tokens, we study how to best select data that leads to good downstream model performance across tasks. We develop a new framework based on a simple hypothesis: just as humans acquire interdependent skills in a deliberate order, language models also follow a natural order when learning a set of skills from their training data. If such an order exists, it can be utilized for improved understanding of LMs and for data-efficient training. Using this intuition, our framework formalizes the notion of a skill and of an ordered set of skills in terms of the associated data. First, using both synthetic and real data, we demonstrate that these ordered skill sets exist, and that their existence enables more advanced skills to be learned with less data when we train on their prerequisite skills. Second, using our proposed framework, we introduce an online data sampling algorithm, Skill-It, over mixtures of skills for both continual pre-training and fine-tuning regimes, where the objective is to efficiently learn multiple skills in the former and an individual skill in the latter. On the LEGO synthetic in the continual pre-training setting, Skill-It obtains 36.5 points higher accuracy than random sampling. On the Natural Instructions dataset in the fine-tuning setting, Skill-It reduces the validation loss on the target skill by 13.6% versus training on data associated with the target skill itself. We apply our skills framework on the recent RedPajama dataset to continually pre-train a 3B-parameter LM, achieving higher accuracy on the LM Evaluation Harness with 1B tokens than the baseline approach of sampling uniformly over data sources with 3B tokens.",
    "paper_type": "method",
    "attri": {
        "background": "The quality of training data impacts the performance of pre-trained large language models (LMs). Given a fixed budget of tokens, we study how to best select data that leads to good downstream model performance across tasks. We develop a new framework based on a simple hypothesis: just as humans acquire interdependent skills in a deliberate order, language models also follow a natural order when learning a set of skills from their training data. If such an order exists, it can be utilized for improved understanding of LMs and for data-efficient training.",
        "problem": {
            "definition": "The problem addressed is the challenge of selecting training data that optimally enhances the performance of language models within a limited budget of tokens.",
            "key obstacle": "The core obstacle is the inefficient learning of advanced skills due to the lack of a structured approach to data selection that considers the prerequisite relationships between skills."
        },
        "idea": {
            "intuition": "The idea is inspired by the observation that humans learn interdependent skills in a deliberate order, suggesting that language models may benefit from a similar structured approach to skill acquisition.",
            "opinion": "The proposed idea entails formalizing the concept of skills and their ordered relationships in training data, allowing for more effective learning through an online data sampling algorithm.",
            "innovation": "The primary innovation lies in the introduction of the Skill-It framework, which utilizes ordered skill sets to improve data efficiency in training language models compared to existing random sampling methods."
        },
        "method": {
            "method name": "Skill-It",
            "method abbreviation": "SI",
            "method definition": "Skill-It is an online data sampling algorithm designed to efficiently learn multiple skills in continual pre-training and individual skills in fine-tuning by leveraging the ordered nature of skills.",
            "method description": "The core of the Skill-It method is to sample training data based on the prerequisite relationships of skills, optimizing the learning process.",
            "method steps": "1. Identify the skills and their prerequisites. 2. Develop an ordered set of skills based on training data. 3. Implement the online sampling algorithm for continual pre-training and fine-tuning. 4. Evaluate performance based on downstream tasks.",
            "principle": "The effectiveness of Skill-It is rooted in its ability to utilize the natural order of skill acquisition, enabling language models to learn advanced skills more efficiently by first mastering prerequisite skills."
        },
        "experiments": {
            "evaluation setting": "Experiments were conducted using the LEGO synthetic dataset for continual pre-training and the Natural Instructions dataset for fine-tuning, comparing Skill-It against random sampling and uniform sampling methods.",
            "evaluation method": "Performance was assessed by measuring accuracy and validation loss across tasks, specifically noting improvements in accuracy and reductions in loss when using the Skill-It framework."
        },
        "conclusion": "The experiments demonstrate that the Skill-It framework significantly enhances the performance of language models by efficiently utilizing ordered skill sets, achieving higher accuracy and lower validation loss compared to traditional sampling methods.",
        "discussion": {
            "advantage": "Key advantages of the Skill-It approach include improved data efficiency and enhanced model performance due to the structured learning of skills.",
            "limitation": "A potential limitation is the reliance on the accurate identification of skill prerequisites, which may not always be straightforward in complex tasks.",
            "future work": "Future research could explore refining the skill identification process and applying the Skill-It framework to a broader range of datasets and language models."
        },
        "other info": {
            "info1": "Skill-It achieved 36.5 points higher accuracy than random sampling on the LEGO dataset.",
            "info2": {
                "info2.1": "Skill-It reduced validation loss by 13.6% on the Natural Instructions dataset compared to training on the target skill data.",
                "info2.2": "The framework was applied to the RedPajama dataset, achieving higher accuracy with 1B tokens than the baseline approach with 3B tokens."
            }
        }
    },
    "mount_outline": [
        {
            "section number": "3.1",
            "key information": "The Skill-It framework introduces an online data sampling algorithm designed to efficiently learn multiple skills in continual pre-training and individual skills in fine-tuning by leveraging the ordered nature of skills."
        },
        {
            "section number": "3.4",
            "key information": "Skill-It significantly enhances the performance of language models by efficiently utilizing ordered skill sets, achieving higher accuracy and lower validation loss compared to traditional sampling methods."
        },
        {
            "section number": "2.3",
            "key information": "The core obstacle is the inefficient learning of advanced skills due to the lack of a structured approach to data selection that considers the prerequisite relationships between skills."
        },
        {
            "section number": "7.2",
            "key information": "A potential limitation of the Skill-It approach is the reliance on the accurate identification of skill prerequisites, which may not always be straightforward in complex tasks."
        },
        {
            "section number": "7.3",
            "key information": "Future research could explore refining the skill identification process and applying the Skill-It framework to a broader range of datasets and language models."
        }
    ],
    "similarity_score": null,
    "image": null,
    "path": "/home/liudingyuan/code/SurveyX/code/SurveyX-main/outputs/t1b/papers/Skill-it! a data-driven skills framework for understanding and training language models.json"
}