{
    "from": null,
    "scholar_id": null,
    "detail_id": null,
    "title": "Skywork: A more open bilingual foundation model",
    "abstract": "In this technical report, we present Skywork-13B, a family of large language models (LLMs) trained on a corpus of over 3.2 trillion tokens drawn from both English and Chinese texts. This bilingual foundation model is the most extensively trained and openly published LLMs of comparable size to date. We introduce a two-stage training methodology using a segmented corpus, targeting general purpose training and then domain-specific enhancement training, respectively. We show that our model not only excels on popular benchmarks, but also achieves \\emph{state of the art} performance in Chinese language modeling on diverse domains. Furthermore, we propose a novel leakage detection method, demonstrating that test data contamination is a pressing issue warranting further investigation by the LLM community. To spur future research, we release Skywork-13B along with checkpoints obtained during intermediate stages of the training process. We are also releasing part of our SkyPile corpus, a collection of over 150 billion tokens of web text, which is the largest high quality open Chinese pre-training corpus to date. We hope Skywork-13B and our open corpus will serve as a valuable open-source resource to democratize access to high-quality LLMs.",
    "arxivid": "2310.19341v1",
    "bib_name": "Skywork:Am57",
    "md_text": "# Skywork: A more open bilingual foundation model\n\n\nabstract\n\nIn this technical report, we present Skywork-13B, a family of large language models (LLMs) trained on a corpus of over 3.2 trillion tokens drawn from both English and Chinese texts. This bilingual foundation model is the most extensively trained and openly published LLMs of comparable size to date. We introduce a two-stage training methodology using a segmented corpus, targeting general purpose training and then domain-specific enhancement training, respectively. We show that our model not only excels on popular benchmarks, but also achieves \\emph{state of the art} performance in Chinese language modeling on diverse domains. Furthermore, we propose a novel leakage detection method, demonstrating that test data contamination is a pressing issue warranting further investigation by the LLM community. To spur future research, we release Skywork-13B along with checkpoints obtained during intermediate stages of the training process. We are also releasing part of our SkyPile corpus, a collection of over 150 billion tokens of web text, which is the largest high quality open Chinese pre-training corpus to date. We hope Skywork-13B and our open corpus will serve as a valuable open-source resource to democratize access to high-quality LLMs.",
    "paper_type": "benchmark",
    "attri": {
        "background": "The paper presents Skywork-13B, a bilingual foundation model trained on a vast corpus of English and Chinese texts, addressing the need for high-quality language models that are openly accessible and capable of state-of-the-art performance in Chinese language tasks.",
        "problem": {
            "definition": "The benchmark is designed to address the challenges of language modeling in both English and Chinese, particularly focusing on the performance of large language models in diverse domains.",
            "key obstacle": "Existing benchmarks often suffer from test data contamination and lack sufficient diversity in training data, which the new benchmark aims to overcome."
        },
        "idea": {
            "intuition": "The creation of this benchmark was inspired by the need for a more robust evaluation of bilingual language models, particularly in the context of language modeling tasks that require high-quality training data.",
            "opinion": "The authors emphasize the importance of this benchmark in advancing the field of bilingual language modeling and addressing critical issues like data leakage.",
            "innovation": "Skywork-13B differs from previous benchmarks by introducing a two-stage training methodology and a novel leakage detection method, enhancing the evaluation of model performance.",
            "benchmark abbreviation": "Skywork-13B"
        },
        "dataset": {
            "source": "The dataset was created using a combination of real-world data from web texts and extensive token collections, including the SkyPile corpus.",
            "desc": "The dataset includes over 3.2 trillion tokens, making it one of the largest and most diverse corpora for bilingual language modeling.",
            "content": "The dataset contains text data from both English and Chinese sources, which is crucial for evaluating bilingual models.",
            "size": "3,200,000,000,000",
            "domain": "Bilingual Language Modeling",
            "task format": "Language Modeling"
        },
        "metrics": {
            "metric name": "State of the Art Performance",
            "aspect": "Model performance in language modeling tasks",
            "principle": "Metrics were chosen based on their relevance to assessing the efficacy of large language models in both English and Chinese contexts.",
            "procedure": "Model performance was evaluated through standard language modeling benchmarks and tests across diverse domains."
        },
        "experiments": {
            "model": "Skywork-13B, a large bilingual language model.",
            "procedure": "The models were trained using a two-stage methodology, focusing first on general training and then on domain-specific enhancements.",
            "result": "The model achieved state-of-the-art performance in Chinese language modeling and demonstrated robustness across various benchmarks.",
            "variability": "Variability was accounted for through extensive testing across different subsets of the dataset and multiple evaluation trials."
        },
        "conclusion": "The experiments demonstrate that Skywork-13B provides significant advancements in bilingual language modeling, highlighting the importance of open-source resources for the research community.",
        "discussion": {
            "advantage": "The benchmark contributes to the field by providing an extensive and openly accessible resource for evaluating bilingual language models, promoting further research.",
            "limitation": "Potential limitations include the challenges of ensuring data diversity and addressing issues related to data leakage in benchmark evaluations.",
            "future work": "Future research could explore the implications of data contamination and improve methodologies for training and evaluating bilingual models."
        },
        "other info": {}
    },
    "mount_outline": [
        {
            "section number": "2.1",
            "key information": "Large language models, such as Skywork-13B, are defined as bilingual foundation models trained on vast corpora, addressing the need for high-quality language models capable of state-of-the-art performance in language tasks."
        },
        {
            "section number": "2.3",
            "key information": "Existing benchmarks often suffer from test data contamination and lack sufficient diversity in training data, which the Skywork-13B benchmark aims to overcome."
        },
        {
            "section number": "3",
            "key information": "Skywork-13B introduces a two-stage training methodology and a novel leakage detection method, enhancing the evaluation of model performance in bilingual language modeling."
        },
        {
            "section number": "3.1",
            "key information": "The dataset for Skywork-13B includes over 3.2 trillion tokens, making it one of the largest and most diverse corpora for bilingual language modeling."
        },
        {
            "section number": "3.6",
            "key information": "The experiments demonstrate that Skywork-13B provides significant advancements in bilingual language modeling, highlighting the importance of open-source resources for the research community."
        },
        {
            "section number": "7.3",
            "key information": "Potential limitations of Skywork-13B include challenges in ensuring data diversity and addressing issues related to data leakage in benchmark evaluations."
        }
    ],
    "similarity_score": null,
    "image": null,
    "path": "/home/liudingyuan/code/SurveyX/code/SurveyX-main/outputs/t1b/papers/Skywork_ A more open bilingual foundation model.json"
}