{
    "from": null,
    "scholar_id": null,
    "detail_id": null,
    "title": "Solving quantitative reasoning problems with language models",
    "abstract": "Language models have achieved remarkable performance on a wide range of tasks that require natural language understanding. Nevertheless, state-of-the-art models have generally struggled with tasks that require quantitative reasoning, such as solving mathematics, science, and engineering problems at the college level. To help close this gap, we introduce Minerva, a large language model pretrained on general natural language data and further trained on technical content. The model achieves state-of-the-art performance on technical benchmarks without the use of external tools. We also evaluate our model on over two hundred undergraduate-level problems in physics, biology, chemistry, economics, and other sciences that require quantitative reasoning, and find that the model can correctly answer nearly a third of them.",
    "arxivid": "2206.14858v2",
    "bib_name": "Solvingqua118",
    "md_text": "# Solving quantitative reasoning problems with language models\n\n\nabstract\n\nLanguage models have achieved remarkable performance on a wide range of tasks that require natural language understanding. Nevertheless, state-of-the-art models have generally struggled with tasks that require quantitative reasoning, such as solving mathematics, science, and engineering problems at the college level. To help close this gap, we introduce Minerva, a large language model pretrained on general natural language data and further trained on technical content. The model achieves state-of-the-art performance on technical benchmarks without the use of external tools. We also evaluate our model on over two hundred undergraduate-level problems in physics, biology, chemistry, economics, and other sciences that require quantitative reasoning, and find that the model can correctly answer nearly a third of them.",
    "paper_type": "benchmark",
    "attri": {
        "background": "This paper addresses the issue of language models struggling with quantitative reasoning tasks, particularly in mathematics, science, and engineering at the college level. The necessity for this benchmark arises from the observed performance gap in state-of-the-art models when faced with such tasks, highlighting the importance of evaluating their capabilities in this specific area.",
        "problem": {
            "definition": "The benchmark is designed to assess the ability of language models to solve quantitative reasoning problems across various scientific disciplines, including physics, biology, chemistry, and economics.",
            "key obstacle": "Existing benchmarks have not adequately addressed the challenges of quantitative reasoning in technical subjects, limiting the ability to evaluate model performance in this critical area."
        },
        "idea": {
            "intuition": "The inspiration behind creating this benchmark stems from the observation that while language models perform well on many natural language tasks, they underperform in quantitative reasoning, which is essential for technical fields.",
            "opinion": "The authors believe that establishing this benchmark is crucial for advancing the understanding of language model capabilities in quantitative reasoning and for encouraging further research in this domain.",
            "innovation": "Minerva introduces a novel approach by being pretrained on general language data and subsequently fine-tuned on technical content, setting it apart from previous benchmarks that did not focus on such a comprehensive training method.",
            "benchmark abbreviation": "Minerva"
        },
        "dataset": {
            "source": "The dataset was created by compiling over two hundred undergraduate-level problems sourced from various scientific disciplines, ensuring a diverse range of quantitative reasoning tasks.",
            "desc": "The dataset consists of a collection of problems that require quantitative reasoning, specifically designed to evaluate the performance of language models in technical subjects.",
            "content": "The dataset includes problems related to physics, biology, chemistry, and economics, all of which demand quantitative reasoning skills.",
            "size": "200",
            "domain": "Physics",
            "task format": "Quantitative Reasoning"
        },
        "metrics": {
            "metric name": "Accuracy",
            "aspect": "Model performance in solving quantitative reasoning problems",
            "principle": "The choice of accuracy as a metric is guided by the need to measure how well the models can correctly answer the posed quantitative reasoning questions.",
            "procedure": "Model performance is evaluated based on the percentage of correctly answered problems out of the total number of problems presented in the benchmark."
        },
        "experiments": {
            "model": "Minerva, a large language model pretrained on general natural language data and fine-tuned on technical content.",
            "procedure": "The model was trained using a dataset of undergraduate-level problems, focusing on optimizing its ability to solve quantitative reasoning tasks.",
            "result": "The model achieved state-of-the-art performance on the benchmark, correctly answering nearly a third of the evaluated problems.",
            "variability": "The results accounted for variability by evaluating the model on a diverse set of problems from multiple scientific domains."
        },
        "conclusion": "The experiments demonstrate that Minerva significantly improves the ability of language models to tackle quantitative reasoning problems, highlighting the benchmark's potential to facilitate further advancements in this area.",
        "discussion": {
            "advantage": "The benchmark effectively identifies the strengths and weaknesses of language models in quantitative reasoning, contributing valuable insights for future model development.",
            "limitation": "One limitation of the benchmark is that it may not cover all aspects of quantitative reasoning, potentially affecting the generalizability of the results.",
            "future work": "Future research could explore expanding the benchmark to include a wider variety of quantitative reasoning tasks and further refining the models to improve their performance."
        },
        "other info": {}
    },
    "mount_outline": [
        {
            "section number": "2.3",
            "key information": "Existing benchmarks have not adequately addressed the challenges of quantitative reasoning in technical subjects, limiting the ability to evaluate model performance in this critical area."
        },
        {
            "section number": "3.1",
            "key information": "Minerva introduces a novel approach by being pretrained on general language data and subsequently fine-tuned on technical content, setting it apart from previous benchmarks that did not focus on such a comprehensive training method."
        },
        {
            "section number": "3.6",
            "key information": "The experiments demonstrate that Minerva significantly improves the ability of language models to tackle quantitative reasoning problems, highlighting the benchmark's potential to facilitate further advancements in this area."
        },
        {
            "section number": "7.4",
            "key information": "One limitation of the benchmark is that it may not cover all aspects of quantitative reasoning, potentially affecting the generalizability of the results."
        }
    ],
    "similarity_score": null,
    "image": null,
    "path": "/home/liudingyuan/code/SurveyX/code/SurveyX-main/outputs/t1b/papers/Solving quantitative reasoning problems with language models.json"
}