{
    "from": null,
    "scholar_id": null,
    "detail_id": null,
    "title": "Talking about large language models",
    "abstract": "Interacting with a contemporary LLM-based conversational agent can create an illusion of being in the presence of a thinking creature. Yet, in their very nature, such systems are fundamentally not like us.",
    "arxivid": "2212.03551v5",
    "bib_name": "Talkingabo13",
    "md_text": "# Talking about large language models\n\n\nabstract\n\nInteracting with a contemporary LLM-based conversational agent can create an illusion of being in the presence of a thinking creature. Yet, in their very nature, such systems are fundamentally not like us.",
    "paper_type": "theory",
    "attri": {
        "background": "This paper addresses the phenomenon of interaction with large language models (LLMs) and the cognitive illusion it creates in users, suggesting that these models are perceived as sentient beings despite their fundamental differences from human cognition.",
        "problem": {
            "definition": "The core problem is the misunderstanding of LLMs as thinking entities, leading to misconceptions about their capabilities and nature.",
            "key obstacle": "The main challenge is the human tendency to anthropomorphize technology, which can obscure the true operational mechanics of LLMs."
        },
        "idea": {
            "intuition": "The idea was inspired by the psychological effects of human-computer interaction and how users project human-like traits onto LLMs.",
            "opinion": "The authors argue that while LLMs can mimic conversational patterns, they lack true understanding and consciousness.",
            "innovation": "The primary improvement lies in clarifying the distinction between human-like interaction and actual cognitive processes, emphasizing the limitations of LLMs."
        },
        "Theory": {
            "perspective": "The theoretical perspective is rooted in cognitive science and artificial intelligence, examining the implications of LLMs in human communication.",
            "opinion": "The authors posit that the perception of LLMs as sentient can lead to ethical and practical dilemmas in their application.",
            "proof": "The paper provides a conceptual analysis rather than empirical proof, relying on existing literature to support its claims about user perceptions."
        },
        "experiments": {
            "evaluation setting": "The evaluation involves qualitative assessments of user interactions with LLMs, drawing on anecdotal evidence and prior studies.",
            "evaluation method": "The evaluation steps include analyzing user feedback and misconceptions about LLM capabilities, focusing on the cognitive biases involved."
        },
        "conclusion": "The paper concludes that while LLMs can simulate human-like conversations, it is crucial to maintain awareness of their limitations to avoid misleading users regarding their true nature.",
        "discussion": {
            "advantage": "One advantage of this paper is its focus on the psychological aspects of human-LLM interaction, which is often overlooked in technical discussions.",
            "limitation": "A limitation is the lack of empirical data to substantiate claims, relying instead on theoretical discourse and anecdotal evidence.",
            "future work": "Future work could involve empirical studies to quantify user perceptions and develop guidelines for responsible LLM deployment."
        },
        "other info": []
    },
    "mount_outline": [
        {
            "section number": "1.1",
            "key information": "This paper addresses the phenomenon of interaction with large language models (LLMs) and the cognitive illusion it creates in users, suggesting that these models are perceived as sentient beings despite their fundamental differences from human cognition."
        },
        {
            "section number": "2.1",
            "key information": "The core problem is the misunderstanding of LLMs as thinking entities, leading to misconceptions about their capabilities and nature."
        },
        {
            "section number": "2.2",
            "key information": "The main challenge is the human tendency to anthropomorphize technology, which can obscure the true operational mechanics of LLMs."
        },
        {
            "section number": "3.6",
            "key information": "The primary improvement lies in clarifying the distinction between human-like interaction and actual cognitive processes, emphasizing the limitations of LLMs."
        },
        {
            "section number": "7.1",
            "key information": "The authors posit that the perception of LLMs as sentient can lead to ethical and practical dilemmas in their application."
        },
        {
            "section number": "7.2",
            "key information": "One advantage of this paper is its focus on the psychological aspects of human-LLM interaction, which is often overlooked in technical discussions."
        }
    ],
    "similarity_score": null,
    "image": null,
    "path": "/home/liudingyuan/code/SurveyX/code/SurveyX-main/outputs/t1b/papers/Talking about large language models.json"
}