{
    "from": null,
    "scholar_id": null,
    "detail_id": null,
    "title": "Text and code embeddings by contrastive pre-training",
    "abstract": "Text embeddings are useful features in many applications such as semantic search and computing text similarity. Previous work typically trains models customized for different use cases, varying in dataset choice, training objective and model architecture. In this work, we show that contrastive pre-training on unsupervised data at scale leads to high quality vector representations of text and code. The same unsupervised text embeddings that achieve new state-of-the-art results in linear-probe classification also display impressive semantic search capabilities and sometimes even perform competitively with fine-tuned models. On linear-probe classification accuracy averaging over 7 tasks, our best unsupervised model achieves a relative improvement of 4% and 1.8% over previous best unsupervised and supervised text embedding models respectively. The same text embeddings when evaluated on large-scale semantic search attains a relative improvement of 23.4%, 14.7%, and 10.6% over previous best unsupervised methods on MSMARCO, Natural Questions and TriviaQA benchmarks, respectively. Similarly to text embeddings, we train code embedding models on (text, code) pairs, obtaining a 20.8% relative improvement over prior best work on code search.",
    "arxivid": "2201.10005v1",
    "bib_name": "Textandcod71",
    "md_text": "# Text and code embeddings by contrastive pre-training\n\n\nabstract\n\nText embeddings are useful features in many applications such as semantic search and computing text similarity. Previous work typically trains models customized for different use cases, varying in dataset choice, training objective and model architecture. In this work, we show that contrastive pre-training on unsupervised data at scale leads to high quality vector representations of text and code. The same unsupervised text embeddings that achieve new state-of-the-art results in linear-probe classification also display impressive semantic search capabilities and sometimes even perform competitively with fine-tuned models. On linear-probe classification accuracy averaging over 7 tasks, our best unsupervised model achieves a relative improvement of 4% and 1.8% over previous best unsupervised and supervised text embedding models respectively. The same text embeddings when evaluated on large-scale semantic search attains a relative improvement of 23.4%, 14.7%, and 10.6% over previous best unsupervised methods on MSMARCO, Natural Questions and TriviaQA benchmarks, respectively. Similarly to text embeddings, we train code embedding models on (text, code) pairs, obtaining a 20.8% relative improvement over prior best work on code search.",
    "paper_type": "benchmark",
    "attri": {
        "background": "This paper addresses the issue of developing high-quality text and code embeddings through contrastive pre-training on unsupervised data, which is necessary to unify the training approaches across different applications and improve performance in semantic search and text similarity tasks.",
        "problem": {
            "definition": "The benchmark is designed to address the challenge of creating effective embeddings for text and code that can generalize across multiple tasks and applications.",
            "key obstacle": "Existing benchmarks often require customized models for different use cases, leading to inefficiencies and suboptimal performance in tasks requiring generalization."
        },
        "idea": {
            "intuition": "The thought process behind the benchmark stems from the observation that unsupervised pre-training can yield high-quality embeddings that perform well across various tasks without needing task-specific fine-tuning.",
            "opinion": "The authors emphasize the importance of this benchmark in advancing the field by providing a standardized method for evaluating text and code embeddings.",
            "innovation": "This benchmark differs from previous ones by focusing on contrastive pre-training at scale, allowing for the simultaneous evaluation of text and code embeddings in a unified framework.",
            "benchmark abbreviation": "CPT"
        },
        "dataset": {
            "source": "The dataset was created from large-scale unsupervised data, combining both text and code pairs.",
            "desc": "The dataset includes a diverse range of text and code pairs, making it suitable for evaluating the embeddings across different tasks and domains.",
            "content": "The dataset contains text and code data, which are essential for measuring the performance of the embeddings in semantic search and similarity tasks.",
            "size": "-",
            "domain": "Code Search",
            "task format": "Embedding Evaluation"
        },
        "metrics": {
            "metric name": "Accuracy, Relative Improvement",
            "aspect": "Model performance in classification and semantic search tasks.",
            "principle": "The metrics were chosen to provide a clear indication of the embeddings' effectiveness in real-world applications and their ability to outperform previous methods.",
            "procedure": "Models were evaluated based on their performance on linear-probe classification and large-scale semantic search tasks, comparing their results to prior best performances."
        },
        "experiments": {
            "model": "The benchmark tested both unsupervised and supervised models, focusing on contrastive pre-trained models.",
            "procedure": "Models were trained using a large-scale dataset with unsupervised contrastive learning techniques, and their performance was evaluated across multiple tasks.",
            "result": "The unsupervised model achieved a relative improvement of 4% and 1.8% over previous best unsupervised and supervised models in linear-probe classification.",
            "variability": "Variability in results was accounted for by averaging performance across multiple tasks and datasets."
        },
        "conclusion": "The experiments demonstrated that contrastive pre-training on unsupervised data leads to significant improvements in text and code embeddings, suggesting a new standard for evaluating and developing embedding models.",
        "discussion": {
            "advantage": "The benchmark provides a unified framework for evaluating text and code embeddings, promoting efficiency and performance improvements across various applications.",
            "limitation": "Potential limitations include the reliance on unsupervised data, which may not capture all nuances of specific tasks.",
            "future work": "Future research could explore the integration of supervised fine-tuning techniques with unsupervised pre-training to further enhance embedding quality."
        },
        "other info": []
    },
    "mount_outline": [
        {
            "section number": "2.1",
            "key information": "The benchmark is designed to address the challenge of creating effective embeddings for text and code that can generalize across multiple tasks and applications."
        },
        {
            "section number": "2.3",
            "key information": "Existing benchmarks often require customized models for different use cases, leading to inefficiencies and suboptimal performance in tasks requiring generalization."
        },
        {
            "section number": "3.1",
            "key information": "The dataset was created from large-scale unsupervised data, combining both text and code pairs, making it suitable for evaluating the embeddings across different tasks and domains."
        },
        {
            "section number": "3.3",
            "key information": "Models were trained using a large-scale dataset with unsupervised contrastive learning techniques, and their performance was evaluated across multiple tasks."
        },
        {
            "section number": "6.5",
            "key information": "The experiments demonstrated that contrastive pre-training on unsupervised data leads to significant improvements in text and code embeddings, suggesting a new standard for evaluating and developing embedding models."
        },
        {
            "section number": "7.2",
            "key information": "Potential limitations include the reliance on unsupervised data, which may not capture all nuances of specific tasks."
        }
    ],
    "similarity_score": null,
    "image": null,
    "path": "/home/liudingyuan/code/SurveyX/code/SurveyX-main/outputs/t1b/papers/Text and code embeddings by contrastive pre-training.json"
}