{
    "from": null,
    "scholar_id": null,
    "detail_id": null,
    "title": "The LAMBADA dataset: Word prediction requiring a broad discourse context",
    "abstract": "We introduce LAMBADA, a dataset to evaluate the capabilities of computational models for text understanding by means of a word prediction task. LAMBADA is a collection of narrative passages sharing the characteristic that human subjects are able to guess their last word if they are exposed to the whole passage, but not if they only see the last sentence preceding the target word. To succeed on LAMBADA, computational models cannot simply rely on local context, but must be able to keep track of information in the broader discourse. We show that LAMBADA exemplifies a wide range of linguistic phenomena, and that none of several state-of-the-art language models reaches accuracy above 1% on this novel benchmark. We thus propose LAMBADA as a challenging test set, meant to encourage the development of new models capable of genuine understanding of broad context in natural language text.",
    "arxivid": "1606.06031v1",
    "bib_name": "TheLAMBADA144",
    "md_text": "# The LAMBADA dataset: Word prediction requiring a broad discourse context\n\n\nabstract\n\nWe introduce LAMBADA, a dataset to evaluate the capabilities of computational models for text understanding by means of a word prediction task. LAMBADA is a collection of narrative passages sharing the characteristic that human subjects are able to guess their last word if they are exposed to the whole passage, but not if they only see the last sentence preceding the target word. To succeed on LAMBADA, computational models cannot simply rely on local context, but must be able to keep track of information in the broader discourse. We show that LAMBADA exemplifies a wide range of linguistic phenomena, and that none of several state-of-the-art language models reaches accuracy above 1% on this novel benchmark. We thus propose LAMBADA as a challenging test set, meant to encourage the development of new models capable of genuine understanding of broad context in natural language text.",
    "paper_type": "benchmark",
    "attri": {
        "background": "LAMBADA addresses the need for a benchmark that evaluates computational models' ability to understand text in a broader discourse context, as existing benchmarks fail to capture this complexity.",
        "problem": {
            "definition": "The benchmark is designed to measure the ability of models to predict the last word of narrative passages based on broader context rather than local context.",
            "key obstacle": "Existing benchmarks do not adequately test the ability of models to maintain and utilize information from a broader discourse, leading to a lack of models that can perform well on such tasks."
        },
        "idea": {
            "intuition": "The development of LAMBADA was inspired by the observation that human comprehension of text often relies on understanding the entire passage rather than just the immediate context.",
            "opinion": "The authors believe that LAMBADA is crucial for advancing the field of natural language understanding by pushing models to achieve genuine comprehension of text.",
            "innovation": "LAMBADA differs from previous benchmarks by focusing on word prediction that requires a comprehensive understanding of the entire narrative rather than local context, presenting a more challenging evaluation.",
            "benchmark abbreviation": "LAMBADA"
        },
        "dataset": {
            "source": "The dataset was created by compiling narrative passages that demonstrate the need for broader context in word prediction.",
            "desc": "LAMBADA consists of a collection of narrative passages that require understanding of the full context to predict the last word accurately.",
            "content": "The dataset includes text data from narrative passages.",
            "size": "-",
            "domain": "Natural Language Understanding",
            "task format": "Word Prediction"
        },
        "metrics": {
            "metric name": "Accuracy",
            "aspect": "Model performance in predicting the correct last word based on context.",
            "principle": "Accuracy was chosen as the primary metric to evaluate how well models can understand and predict based on broader discourse.",
            "procedure": "Models are evaluated based on their ability to correctly predict the last word of the passages provided in the dataset."
        },
        "experiments": {
            "model": "Several state-of-the-art language models were tested.",
            "procedure": "Models were trained and evaluated on the LAMBADA dataset to assess their performance in the word prediction task.",
            "result": "None of the tested models achieved an accuracy above 1% on the benchmark.",
            "variability": "The results were assessed across multiple trials to account for variability in model performance."
        },
        "conclusion": "The experiments demonstrated that current state-of-the-art models struggle with the LAMBADA benchmark, highlighting the need for new approaches to achieve better understanding of broader context in natural language.",
        "discussion": {
            "advantage": "LAMBADA provides a valuable challenge that encourages the development of models capable of deeper text comprehension.",
            "limitation": "The benchmark may be too challenging for current models, which could limit its immediate applicability in practical scenarios.",
            "future work": "Future research should focus on developing models that can better handle broader context in text understanding tasks."
        },
        "other info": {}
    },
    "mount_outline": [
        {
            "section number": "2.1",
            "key information": "LAMBADA is designed to measure the ability of models to predict the last word of narrative passages based on broader context rather than local context."
        },
        {
            "section number": "2.2",
            "key information": "The development of LAMBADA was inspired by the observation that human comprehension of text often relies on understanding the entire passage rather than just the immediate context."
        },
        {
            "section number": "3.1",
            "key information": "Models were trained and evaluated on the LAMBADA dataset to assess their performance in the word prediction task."
        },
        {
            "section number": "3.6",
            "key information": "LAMBADA provides a valuable challenge that encourages the development of models capable of deeper text comprehension."
        },
        {
            "section number": "7.1",
            "key information": "The benchmark may be too challenging for current models, which could limit its immediate applicability in practical scenarios."
        }
    ],
    "similarity_score": null,
    "image": null,
    "path": "/home/liudingyuan/code/SurveyX/code/SurveyX-main/outputs/t1b/papers/The LAMBADA dataset_ Word prediction requiring a broad discourse context.json"
}