{
    "from": null,
    "scholar_id": null,
    "detail_id": null,
    "title": "The pushshift reddit dataset",
    "abstract": "Social media data has become crucial to the advancement of scientific understanding. However, even though it has become ubiquitous, just collecting large-scale social media data involves a high degree of engineering skill set and computational resources. In fact, research is often times gated by data engineering problems that must be overcome before analysis can proceed. This has resulted recognition of datasets as meaningful research contributions in and of themselves.Reddit, the so called \u201cfront page of the Internet,\u201d in particular has been the subject of numerous scientific studies. Although Reddit is relatively open to data acquisition compared to social media platforms like Facebook and Twitter, the technical barriers to acquisition still remain. Thus, Reddit's millions of subreddits, hundreds of millions of users, and billions of comments are at the same time relatively accessible, but time consuming to collect and analyze systematically.In this paper, we present the Pushshift Reddit dataset. Pushshift is a social media data collection, analysis, and archiving platform that since 2015 has collected Reddit data and made it available to researchers. Pushshift's Reddit dataset is updated in real-time, and includes historical data back to Reddit's inception. In addition to monthly dumps, Pushshift provides computational tools to aid in searching, aggregating, and performing exploratory analysis on the entirety of the dataset. The Pushshift Reddit dataset makes it possible for social media researchers to reduce time spent in the data collection, cleaning, and storage phases of their projects.",
    "arxivid": "2001.08435v1",
    "bib_name": "Thepushshi89",
    "md_text": "# The pushshift reddit dataset\n\n\nabstract\n\nSocial media data has become crucial to the advancement of scientific understanding. However, even though it has become ubiquitous, just collecting large-scale social media data involves a high degree of engineering skill set and computational resources. In fact, research is often times gated by data engineering problems that must be overcome before analysis can proceed. This has resulted recognition of datasets as meaningful research contributions in and of themselves.Reddit, the so called \u201cfront page of the Internet,\u201d in particular has been the subject of numerous scientific studies. Although Reddit is relatively open to data acquisition compared to social media platforms like Facebook and Twitter, the technical barriers to acquisition still remain. Thus, Reddit's millions of subreddits, hundreds of millions of users, and billions of comments are at the same time relatively accessible, but time consuming to collect and analyze systematically.In this paper, we present the Pushshift Reddit dataset. Pushshift is a social media data collection, analysis, and archiving platform that since 2015 has collected Reddit data and made it available to researchers. Pushshift's Reddit dataset is updated in real-time, and includes historical data back to Reddit's inception. In addition to monthly dumps, Pushshift provides computational tools to aid in searching, aggregating, and performing exploratory analysis on the entirety of the dataset. The Pushshift Reddit dataset makes it possible for social media researchers to reduce time spent in the data collection, cleaning, and storage phases of their projects.",
    "paper_type": "benchmark",
    "attri": {
        "background": "This paper addresses the issue of data engineering challenges faced by researchers in collecting and analyzing social media data, particularly from Reddit, which is relatively accessible yet time-consuming to gather systematically.",
        "problem": {
            "definition": "The benchmark is designed to address the challenges of acquiring, cleaning, and analyzing large-scale social media datasets.",
            "key obstacle": "Existing benchmarks often do not provide comprehensive solutions for the technical barriers associated with data acquisition from social media platforms."
        },
        "idea": {
            "intuition": "The inspiration behind the benchmark arises from the need for a more efficient way to collect and analyze social media data, particularly due to the technical challenges involved.",
            "opinion": "The authors believe that the Pushshift Reddit dataset is a significant contribution to the field of social media research, facilitating easier access to data.",
            "innovation": "The benchmark differs from previous efforts by providing a real-time updated dataset along with computational tools for data analysis, which enhances usability for researchers.",
            "benchmark abbreviation": "Pushshift Reddit Dataset"
        },
        "dataset": {
            "source": "The dataset was created by collecting data from Reddit since its inception in 2015 and is continuously updated.",
            "desc": "The dataset includes historical data and monthly dumps, allowing for comprehensive data analysis.",
            "content": "The dataset contains comments, posts, and user interactions from Reddit, which are crucial for social media research.",
            "size": "-",
            "domain": "Social Media Research",
            "task format": "Data Collection and Analysis"
        },
        "metrics": {
            "metric name": "Data Accessibility, Data Completeness",
            "aspect": "The metrics measure the ease of access to data and the comprehensiveness of the dataset.",
            "principle": "The choice of metrics is guided by the need to evaluate how effectively the dataset can support research without significant data engineering overhead.",
            "procedure": "Evaluation involves assessing the dataset's usability for various research tasks and its ability to provide comprehensive data for analysis."
        },
        "experiments": {
            "model": "Not explicitly mentioned, but the dataset supports various models used in social media research.",
            "procedure": "The experimental setup involves utilizing the Pushshift platform for data collection and analysis.",
            "result": "The outcomes indicate that the dataset significantly reduces the time researchers spend on data collection and cleaning.",
            "variability": "Variability in results is accounted for through the real-time updates and comprehensive historical data provided by the dataset."
        },
        "conclusion": "The Pushshift Reddit dataset is a valuable resource that enhances the research capabilities of social media scientists by simplifying data access and analysis.",
        "discussion": {
            "advantage": "The benchmark provides a streamlined approach to social media data collection, making it easier for researchers to focus on analysis.",
            "limitation": "Potential limitations include the reliance on a single platform (Reddit) which may not represent broader social media trends.",
            "future work": "Future research could explore expanding the dataset to include other social media platforms or enhancing the analytical tools available."
        },
        "other info": []
    },
    "mount_outline": [
        {
            "section number": "2.1",
            "key information": "Define large language models, natural language processing, transformer models, and neural networks."
        },
        {
            "section number": "2.3",
            "key information": "Existing benchmarks often do not provide comprehensive solutions for the technical barriers associated with data acquisition from social media platforms."
        },
        {
            "section number": "3.1",
            "key information": "The benchmark differs from previous efforts by providing a real-time updated dataset along with computational tools for data analysis, which enhances usability for researchers."
        },
        {
            "section number": "3.6",
            "key information": "The outcomes indicate that the dataset significantly reduces the time researchers spend on data collection and cleaning."
        },
        {
            "section number": "7.3",
            "key information": "The choice of metrics is guided by the need to evaluate how effectively the dataset can support research without significant data engineering overhead."
        },
        {
            "section number": "8",
            "key information": "The Pushshift Reddit dataset is a valuable resource that enhances the research capabilities of social media scientists by simplifying data access and analysis."
        }
    ],
    "similarity_score": null,
    "image": null,
    "path": "/home/liudingyuan/code/SurveyX/code/SurveyX-main/outputs/t1b/papers/The pushshift reddit dataset.json"
}