{
    "from": null,
    "scholar_id": null,
    "detail_id": null,
    "title": "The stack: 3 tb of permissively licensed source code",
    "abstract": "Large Language Models (LLMs) play an ever-increasing role in the field of Artificial Intelligence (AI)--not only for natural language processing but also for code understanding and generation. To stimulate open and responsible research on LLMs for code, we introduce The Stack, a 3.1 TB dataset consisting of permissively licensed source code in 30 programming languages. We describe how we collect the full dataset, construct a permissively licensed subset, present a data governance plan, discuss limitations, and show promising results on text2code benchmarks by training 350M-parameter decoders on different Python subsets. We find that (1) near-deduplicating the data significantly boosts performance across all experiments, and (2) it is possible to match previously reported HumanEval and MBPP performance using only permissively licensed data. We make the dataset available at https://hf.co/BigCode, provide a tool called\"Am I in The Stack\"(https://hf.co/spaces/bigcode/in-the-stack) for developers to search The Stack for copies of their code, and provide a process for code to be removed from the dataset by following the instructions at https://www.bigcode-project.org/docs/about/the-stack/.",
    "arxivid": "2211.15533v1",
    "bib_name": "Thestack:395",
    "md_text": "# The stack: 3 tb of permissively licensed source code\n\n\nabstract\n\nLarge Language Models (LLMs) play an ever-increasing role in the field of Artificial Intelligence (AI)--not only for natural language processing but also for code understanding and generation. To stimulate open and responsible research on LLMs for code, we introduce The Stack, a 3.1 TB dataset consisting of permissively licensed source code in 30 programming languages. We describe how we collect the full dataset, construct a permissively licensed subset, present a data governance plan, discuss limitations, and show promising results on text2code benchmarks by training 350M-parameter decoders on different Python subsets. We find that (1) near-deduplicating the data significantly boosts performance across all experiments, and (2) it is possible to match previously reported HumanEval and MBPP performance using only permissively licensed data. We make the dataset available at https://hf.co/BigCode, provide a tool called\"Am I in The Stack\"(https://hf.co/spaces/bigcode/in-the-stack) for developers to search The Stack for copies of their code, and provide a process for code to be removed from the dataset by following the instructions at https://www.bigcode-project.org/docs/about/the-stack/.",
    "paper_type": "benchmark",
    "attri": {
        "background": "This paper addresses the issue of the increasing role of Large Language Models (LLMs) in Artificial Intelligence, particularly for code understanding and generation. It highlights the necessity of having a benchmark dataset that enables open and responsible research in this area.",
        "problem": {
            "definition": "The benchmark is designed to address the challenges of code understanding and generation by providing a comprehensive dataset of permissively licensed source code.",
            "key obstacle": "Existing benchmarks often lack sufficient diversity and volume of data, which limits the evaluation of models in real-world scenarios."
        },
        "idea": {
            "intuition": "The inspiration behind the benchmark stems from the need for a large, permissively licensed dataset that can support the development and evaluation of LLMs for code.",
            "opinion": "The authors believe that this benchmark is crucial for advancing the field of code generation and understanding by providing a robust dataset for model training and evaluation.",
            "innovation": "This benchmark differs from previous ones by offering a dataset that is not only large (3.1 TB) but also specifically curated to include only permissively licensed code, thus addressing legal and ethical concerns.",
            "benchmark abbreviation": "The Stack"
        },
        "dataset": {
            "source": "The dataset was collected from various sources of permissively licensed source code across 30 programming languages.",
            "desc": "The dataset consists of 3.1 TB of source code, which is designed to be comprehensive and diverse for effective benchmarking.",
            "content": "The dataset includes source code in multiple programming languages, which relates directly to the challenges of code generation and understanding.",
            "size": "3,100,000,000",
            "domain": "Source Code Generation",
            "task format": "text2code"
        },
        "metrics": {
            "metric name": "HumanEval, MBPP",
            "aspect": "Model performance in code generation tasks.",
            "principle": "The metrics were chosen based on their relevance to evaluating code generation capabilities and their established use in prior research.",
            "procedure": "Models were trained on different subsets of the dataset, and their performance was evaluated using the specified metrics."
        },
        "experiments": {
            "model": "350M-parameter decoders were tested in the benchmark.",
            "procedure": "The models were trained on various subsets of the dataset, focusing on near-deduplication of data to enhance performance.",
            "result": "The experiments showed that near-deduplicating the data significantly improved performance, achieving results comparable to previous benchmarks.",
            "variability": "Variability in results was accounted for through multiple training runs and evaluations on different subsets of the dataset."
        },
        "conclusion": "The benchmark demonstrates that it is possible to achieve high performance in code generation tasks using a large, permissively licensed dataset, with implications for future research and model development.",
        "discussion": {
            "advantage": "The benchmark provides a large and ethically sourced dataset that can facilitate advancements in code understanding and generation.",
            "limitation": "Potential limitations include the reliance on permissively licensed code, which may not fully represent all coding practices.",
            "future work": "Future research could explore expanding the dataset, improving data governance, and developing more refined evaluation metrics."
        },
        "other info": {
            "info1": "The dataset is available at https://hf.co/BigCode.",
            "info2": {
                "info2.1": "A tool called 'Am I in The Stack' is provided for developers to check if their code is included in the dataset.",
                "info2.2": "A process is outlined for developers to request the removal of their code from the dataset."
            }
        }
    },
    "mount_outline": [
        {
            "section number": "1.1",
            "key information": "This paper addresses the issue of the increasing role of Large Language Models (LLMs) in Artificial Intelligence, particularly for code understanding and generation."
        },
        {
            "section number": "2.1",
            "key information": "The benchmark is designed to address the challenges of code understanding and generation by providing a comprehensive dataset of permissively licensed source code."
        },
        {
            "section number": "2.3",
            "key information": "Existing benchmarks often lack sufficient diversity and volume of data, which limits the evaluation of models in real-world scenarios."
        },
        {
            "section number": "3.1",
            "key information": "The dataset consists of 3.1 TB of source code, which is designed to be comprehensive and diverse for effective benchmarking."
        },
        {
            "section number": "3.2",
            "key information": "This benchmark differs from previous ones by offering a dataset that is not only large (3.1 TB) but also specifically curated to include only permissively licensed code, thus addressing legal and ethical concerns."
        },
        {
            "section number": "7.1",
            "key information": "Potential limitations include the reliance on permissively licensed code, which may not fully represent all coding practices."
        },
        {
            "section number": "7.4",
            "key information": "Future research could explore expanding the dataset, improving data governance, and developing more refined evaluation metrics."
        }
    ],
    "similarity_score": null,
    "image": null,
    "path": "/home/liudingyuan/code/SurveyX/code/SurveyX-main/outputs/t1b/papers/The stack_ 3 tb of permissively licensed source code.json"
}