{
    "from": null,
    "scholar_id": null,
    "detail_id": null,
    "title": "The flan collection: Designing data and methods for effective instruction tuning",
    "abstract": "We study the design decisions of publicly available instruction tuning methods, and break down the development of Flan 2022 (Chung et al., 2022). Through careful ablation studies on the Flan Collection of tasks and methods, we tease apart the effect of design decisions which enable Flan-T5 to outperform prior work by 3-17%+ across evaluation settings. We find task balancing and enrichment techniques are overlooked but critical to effective instruction tuning, and in particular, training with mixed prompt settings (zero-shot, few-shot, and chain-of-thought) actually yields stronger (2%+) performance in all settings. In further experiments, we show Flan-T5 requires less finetuning to converge higher and faster than T5 on single downstream tasks, motivating instruction-tuned models as more computationally-efficient starting checkpoints for new tasks. Finally, to accelerate research on instruction tuning, we make the Flan 2022 collection of datasets, templates, and methods publicly available at https://github.com/google-research/FLAN/tree/main/flan/v2.",
    "arxivid": "2301.13688v2",
    "bib_name": "Theflancol105",
    "md_text": "# The flan collection: Designing data and methods for effective instruction tuning\n\n\nabstract\n\nWe study the design decisions of publicly available instruction tuning methods, and break down the development of Flan 2022 (Chung et al., 2022). Through careful ablation studies on the Flan Collection of tasks and methods, we tease apart the effect of design decisions which enable Flan-T5 to outperform prior work by 3-17%+ across evaluation settings. We find task balancing and enrichment techniques are overlooked but critical to effective instruction tuning, and in particular, training with mixed prompt settings (zero-shot, few-shot, and chain-of-thought) actually yields stronger (2%+) performance in all settings. In further experiments, we show Flan-T5 requires less finetuning to converge higher and faster than T5 on single downstream tasks, motivating instruction-tuned models as more computationally-efficient starting checkpoints for new tasks. Finally, to accelerate research on instruction tuning, we make the Flan 2022 collection of datasets, templates, and methods publicly available at https://github.com/google-research/FLAN/tree/main/flan/v2.",
    "paper_type": "benchmark",
    "attri": {
        "background": "This paper addresses the issue of effectively tuning instruction-based models, specifically focusing on the design decisions that influence performance outcomes in instruction tuning methods.",
        "problem": {
            "definition": "The benchmark is designed to address the challenges in instruction tuning methods for models, particularly in optimizing performance through various training techniques.",
            "key obstacle": "Existing benchmarks do not adequately account for the impact of task balancing and enrichment techniques on instruction tuning effectiveness."
        },
        "idea": {
            "intuition": "The creation of this benchmark was inspired by the observation that mixed prompt settings significantly enhance model performance, yet are often overlooked in existing methodologies.",
            "opinion": "The authors believe that the Flan benchmark is crucial for advancing the field of instruction tuning by providing a structured approach to evaluate and compare different tuning methods.",
            "innovation": "The benchmark introduces novel aspects such as task balancing and mixed prompt settings, which differ from previous benchmarks that did not emphasize these factors.",
            "benchmark abbreviation": "Flan 2022"
        },
        "dataset": {
            "source": "The dataset was created by compiling various tasks and methods for instruction tuning, making it publicly available for research purposes.",
            "desc": "The Flan 2022 collection includes a diverse set of datasets and templates aimed at instruction tuning, designed to facilitate effective model training.",
            "content": "The dataset includes text-based tasks relevant to instruction tuning, focusing on various prompt formats.",
            "size": "-",
            "domain": "Instruction Tuning",
            "task format": "Text Classification"
        },
        "metrics": {
            "metric name": "Accuracy, F1-score",
            "aspect": "Model performance in terms of accuracy and robustness across different tuning settings.",
            "principle": "Metrics were chosen based on their ability to reflect the effectiveness of instruction tuning methods in real-world applications.",
            "procedure": "Model performance was evaluated through ablation studies and comparative analysis across various instruction tuning techniques."
        },
        "experiments": {
            "model": "Flan-T5 and T5",
            "procedure": "The models were trained using varied prompt settings (zero-shot, few-shot, and chain-of-thought) to assess their performance across different configurations.",
            "result": "Flan-T5 outperformed T5 by 3-17% across evaluation settings, demonstrating the effectiveness of the proposed tuning methods.",
            "variability": "Variability in results was accounted for through multiple training trials and the use of diverse prompt formats."
        },
        "conclusion": "The findings suggest that careful design decisions in instruction tuning can lead to significant performance improvements, highlighting the importance of the Flan benchmark in the field.",
        "discussion": {
            "advantage": "The Flan benchmark contributes to the field by providing a comprehensive framework for evaluating instruction tuning methods, emphasizing the role of task balancing.",
            "limitation": "Potential limitations include the need for extensive computational resources to fully utilize the benchmark's capabilities.",
            "future work": "Future research could explore further enhancements in task balancing techniques and the application of the Flan benchmark to new instruction tuning scenarios."
        },
        "other info": {}
    },
    "mount_outline": [
        {
            "section number": "2.1",
            "key information": "The paper defines instruction tuning methods as approaches that optimize model performance through various training techniques, highlighting the significance of task balancing and enrichment."
        },
        {
            "section number": "2.2",
            "key information": "The paper discusses the historical development of instruction tuning methods, emphasizing the creation of the Flan benchmark in 2022 and its role in advancing the field."
        },
        {
            "section number": "3.1",
            "key information": "The paper details improvements in data utilization for instruction tuning, specifically through the Flan 2022 dataset, which includes diverse tasks and templates aimed at effective model training."
        },
        {
            "section number": "3.3",
            "key information": "The paper examines the latest training methodologies, including varied prompt settings (zero-shot, few-shot, and chain-of-thought) used to assess model performance."
        },
        {
            "section number": "3.6",
            "key information": "The paper highlights emergent abilities of models trained with the Flan benchmark, showing significant performance improvements in accuracy and robustness across different tuning settings."
        },
        {
            "section number": "7.2",
            "key information": "The paper addresses challenges related to computational resources, noting that extensive resources are required to fully utilize the Flan benchmark's capabilities."
        },
        {
            "section number": "8",
            "key information": "The conclusion emphasizes the importance of careful design decisions in instruction tuning, suggesting future research could explore enhancements in task balancing techniques."
        }
    ],
    "similarity_score": null,
    "image": null,
    "path": "/home/liudingyuan/code/SurveyX/code/SurveyX-main/outputs/t1b/papers/The flan collection_ Designing data and methods for effective instruction tuning.json"
}