{
    "from": null,
    "scholar_id": null,
    "detail_id": null,
    "title": "The curious case of neural text degeneration",
    "abstract": "Despite considerable advancements with deep neural language models, the enigma of neural text degeneration persists when these models are tested as text generators. The counter-intuitive empirical observation is that even though the use of likelihood as training objective leads to high quality models for a broad range of language understanding tasks, using likelihood as a decoding objective leads to text that is bland and strangely repetitive. \nIn this paper, we reveal surprising distributional differences between human text and machine text. In addition, we find that decoding strategies alone can dramatically effect the quality of machine text, even when generated from exactly the same neural language model. Our findings motivate Nucleus Sampling, a simple but effective method to draw the best out of neural generation. By sampling text from the dynamic nucleus of the probability distribution, which allows for diversity while effectively truncating the less reliable tail of the distribution, the resulting text better demonstrates the quality of human text, yielding enhanced diversity without sacrificing fluency and coherence.",
    "arxivid": "1904.09751v2",
    "bib_name": "Thecurious186",
    "md_text": "# The curious case of neural text degeneration\n\n\nabstract\n\nDespite considerable advancements with deep neural language models, the enigma of neural text degeneration persists when these models are tested as text generators. The counter-intuitive empirical observation is that even though the use of likelihood as training objective leads to high quality models for a broad range of language understanding tasks, using likelihood as a decoding objective leads to text that is bland and strangely repetitive. \nIn this paper, we reveal surprising distributional differences between human text and machine text. In addition, we find that decoding strategies alone can dramatically effect the quality of machine text, even when generated from exactly the same neural language model. Our findings motivate Nucleus Sampling, a simple but effective method to draw the best out of neural generation. By sampling text from the dynamic nucleus of the probability distribution, which allows for diversity while effectively truncating the less reliable tail of the distribution, the resulting text better demonstrates the quality of human text, yielding enhanced diversity without sacrificing fluency and coherence.",
    "paper_type": "method",
    "attri": {
        "background": "Despite considerable advancements with deep neural language models, the enigma of neural text degeneration persists when these models are tested as text generators. Previous methods using likelihood as a decoding objective lead to bland and repetitive text, highlighting the need for a new approach.",
        "problem": {
            "definition": "The problem addressed in this paper is the degeneration of text generated by neural language models, which results in outputs that lack diversity and are often repetitive.",
            "key obstacle": "The core obstacle is that existing decoding strategies, particularly those based on likelihood, do not effectively produce high-quality, diverse text, limiting the utility of neural text generation."
        },
        "idea": {
            "intuition": "The idea was inspired by the observation that decoding strategies significantly impact the quality of generated text, even when using the same model.",
            "opinion": "The proposed idea is Nucleus Sampling, a method that samples text from the dynamic nucleus of the probability distribution, allowing for both diversity and coherence in the generated text.",
            "innovation": "The primary innovation of Nucleus Sampling lies in its ability to truncate the less reliable tail of the distribution while maintaining diversity, contrasting with traditional methods that rely solely on likelihood."
        },
        "method": {
            "method name": "Nucleus Sampling",
            "method abbreviation": "NS",
            "method definition": "Nucleus Sampling is a decoding strategy that samples text from the most probable subset of the probability distribution to enhance diversity and quality in generated text.",
            "method description": "The method involves selecting from a dynamic subset of the probability distribution that represents the most likely next words, effectively managing the trade-off between diversity and coherence.",
            "method steps": "1. Calculate the probability distribution of possible next words. 2. Determine a dynamic nucleus based on a cumulative probability threshold. 3. Sample from this nucleus to generate the next word. 4. Repeat until the desired text length is achieved.",
            "principle": "This method is effective because it allows for the generation of diverse text while avoiding the pitfalls of blandness associated with traditional likelihood-based decoding."
        },
        "experiments": {
            "evaluation setting": "The experiments were conducted using various datasets to compare Nucleus Sampling with baseline methods that utilize likelihood-based decoding.",
            "evaluation method": "The performance was assessed based on the diversity and fluency of the generated text, measuring metrics such as perplexity and human evaluations of text quality."
        },
        "conclusion": "The experiments demonstrate that Nucleus Sampling significantly enhances the quality of machine-generated text, achieving greater diversity without compromising fluency, thus providing a viable solution to the problem of text degeneration.",
        "discussion": {
            "advantage": "The key advantage of Nucleus Sampling is its ability to produce text that is more human-like in quality, offering a balance between creativity and coherence.",
            "limitation": "A limitation of the method is that it may still struggle with generating highly coherent long-form text, as the dynamic nucleus can lead to variability in longer sequences.",
            "future work": "Future research could explore optimizing the nucleus size and integrating Nucleus Sampling with other advanced decoding strategies to further improve text generation quality."
        },
        "other info": []
    },
    "mount_outline": [
        {
            "section number": "3.1",
            "key information": "Nucleus Sampling is a decoding strategy that samples text from the most probable subset of the probability distribution to enhance diversity and quality in generated text."
        },
        {
            "section number": "3.3",
            "key information": "The primary innovation of Nucleus Sampling lies in its ability to truncate the less reliable tail of the distribution while maintaining diversity, contrasting with traditional methods that rely solely on likelihood."
        },
        {
            "section number": "3.4",
            "key information": "The method involves selecting from a dynamic subset of the probability distribution that represents the most likely next words, effectively managing the trade-off between diversity and coherence."
        },
        {
            "section number": "3.6",
            "key information": "The experiments demonstrate that Nucleus Sampling significantly enhances the quality of machine-generated text, achieving greater diversity without compromising fluency."
        },
        {
            "section number": "7.4",
            "key information": "A limitation of the Nucleus Sampling method is that it may still struggle with generating highly coherent long-form text, as the dynamic nucleus can lead to variability in longer sequences."
        }
    ],
    "similarity_score": null,
    "image": null,
    "path": "/home/liudingyuan/code/SurveyX/code/SurveyX-main/outputs/t1b/papers/The curious case of neural text degeneration.json"
}