{
    "from": null,
    "scholar_id": null,
    "detail_id": null,
    "title": "Toolformer: Language models can teach themselves to use tools",
    "abstract": "Language models (LMs) exhibit remarkable abilities to solve new tasks from just a few examples or textual instructions, especially at scale. They also, paradoxically, struggle with basic functionality, such as arithmetic or factual lookup, where much simpler and smaller models excel. In this paper, we show that LMs can teach themselves to use external tools via simple APIs and achieve the best of both worlds. We introduce Toolformer, a model trained to decide which APIs to call, when to call them, what arguments to pass, and how to best incorporate the results into future token prediction. This is done in a self-supervised way, requiring nothing more than a handful of demonstrations for each API. We incorporate a range of tools, including a calculator, a Q\\&A system, two different search engines, a translation system, and a calendar. Toolformer achieves substantially improved zero-shot performance across a variety of downstream tasks, often competitive with much larger models, without sacrificing its core language modeling abilities.",
    "arxivid": "2302.04761v1",
    "bib_name": "Toolformer47",
    "md_text": "# Toolformer: Language models can teach themselves to use tools\n\n\nabstract\n\nLanguage models (LMs) exhibit remarkable abilities to solve new tasks from just a few examples or textual instructions, especially at scale. They also, paradoxically, struggle with basic functionality, such as arithmetic or factual lookup, where much simpler and smaller models excel. In this paper, we show that LMs can teach themselves to use external tools via simple APIs and achieve the best of both worlds. We introduce Toolformer, a model trained to decide which APIs to call, when to call them, what arguments to pass, and how to best incorporate the results into future token prediction. This is done in a self-supervised way, requiring nothing more than a handful of demonstrations for each API. We incorporate a range of tools, including a calculator, a Q\\&A system, two different search engines, a translation system, and a calendar. Toolformer achieves substantially improved zero-shot performance across a variety of downstream tasks, often competitive with much larger models, without sacrificing its core language modeling abilities.",
    "paper_type": "method",
    "attri": {
        "background": "This paper addresses the issue of language models (LMs) struggling with basic functionalities like arithmetic and factual lookup, despite their remarkable abilities to solve new tasks from few examples. Previous methods have not effectively integrated tool usage into LMs, highlighting the necessity for a breakthrough approach.",
        "problem": {
            "definition": "The paper aims to solve the issue of LMs' limitations in performing basic tasks that simpler models handle effectively.",
            "key obstacle": "The main challenge is the inability of existing LMs to utilize external tools efficiently to enhance their performance on basic functionalities."
        },
        "idea": {
            "intuition": "The idea is inspired by the observation that LMs can benefit from external tools, and by training them to decide when and how to use these tools, their performance can be improved.",
            "opinion": "The proposed idea is Toolformer, a model that enables LMs to self-determine the use of external APIs to enhance their task-solving capabilities.",
            "innovation": "The primary difference of Toolformer lies in its self-supervised training approach, allowing LMs to learn tool usage with minimal demonstrations, thus significantly improving their performance without increasing model size."
        },
        "method": {
            "method name": "Toolformer",
            "method abbreviation": "TF",
            "method definition": "Toolformer is a model that teaches LMs to autonomously select and utilize external APIs to augment their capabilities in solving tasks.",
            "method description": "Toolformer enables LMs to enhance their performance by integrating external tool usage through a self-supervised learning framework.",
            "method steps": "1. Identify available APIs; 2. Decide when to call each API; 3. Determine the arguments to pass; 4. Integrate the API results into future predictions.",
            "principle": "The effectiveness of Toolformer is based on its ability to leverage external tools to fill the gaps in LMs' capabilities, enhancing overall task performance."
        },
        "experiments": {
            "evaluation setting": "The experiments involved assessing Toolformer's performance across various downstream tasks, comparing it with baseline methods and larger models.",
            "evaluation method": "Performance was measured through zero-shot evaluations on different tasks, analyzing how well Toolformer integrated tool usage into its predictions."
        },
        "conclusion": "Toolformer demonstrates that LMs can significantly enhance their performance on various tasks by learning to use external tools effectively, achieving results competitive with larger models without compromising their core language capabilities.",
        "discussion": {
            "advantage": "The key advantages of Toolformer include its ability to improve performance on basic tasks using external tools and maintaining the language modeling abilities of LMs.",
            "limitation": "A limitation of the method may include the dependency on the availability and reliability of the external APIs used.",
            "future work": "Future research could explore improving the selection and integration process of tools, as well as expanding the range of tasks Toolformer can handle."
        },
        "other info": {}
    },
    "mount_outline": [
        {
            "section number": "3.1",
            "key information": "The proposed model, Toolformer, teaches language models to autonomously select and utilize external APIs to augment their capabilities in solving tasks."
        },
        {
            "section number": "3.6",
            "key information": "Toolformer demonstrates that language models can significantly enhance their performance on various tasks by learning to use external tools effectively."
        },
        {
            "section number": "7.1",
            "key information": "A limitation of the Toolformer method may include the dependency on the availability and reliability of the external APIs used."
        },
        {
            "section number": "7.4",
            "key information": "The main challenge is the inability of existing language models to utilize external tools efficiently to enhance their performance on basic functionalities."
        },
        {
            "section number": "8",
            "key information": "Toolformer achieves results competitive with larger models without compromising the core language capabilities of language models."
        }
    ],
    "similarity_score": null,
    "image": null,
    "path": "/home/liudingyuan/code/SurveyX/code/SurveyX-main/outputs/t1b/papers/Toolformer_ Language models can teach themselves to use tools.json"
}