{
    "from": null,
    "scholar_id": null,
    "detail_id": null,
    "title": "Towards reasoning in large language models: A survey",
    "abstract": "Language has long been conceived as an essential tool for human reasoning. The breakthrough of Large Language Models (LLMs) has sparked significant research interest in leveraging these models to tackle complex reasoning tasks. Researchers have moved beyond simple autoregressive token generation by introducing the concept of\"thought\"-- a sequence of tokens representing intermediate steps in the reasoning process. This innovative paradigm enables LLMs' to mimic complex human reasoning processes, such as tree search and reflective thinking. Recently, an emerging trend of learning to reason has applied reinforcement learning (RL) to train LLMs to master reasoning processes. This approach enables the automatic generation of high-quality reasoning trajectories through trial-and-error search algorithms, significantly expanding LLMs' reasoning capacity by providing substantially more training data. Furthermore, recent studies demonstrate that encouraging LLMs to\"think\"with more tokens during test-time inference can further significantly boost reasoning accuracy. Therefore, the train-time and test-time scaling combined to show a new research frontier -- a path toward Large Reasoning Model. The introduction of OpenAI's o1 series marks a significant milestone in this research direction. In this survey, we present a comprehensive review of recent progress in LLM reasoning. We begin by introducing the foundational background of LLMs and then explore the key technical components driving the development of large reasoning models, with a focus on automated data construction, learning-to-reason techniques, and test-time scaling. We also analyze popular open-source projects at building large reasoning models, and conclude with open challenges and future research directions.",
    "arxivid": "2212.10403v2",
    "bib_name": "Towardsrea28",
    "md_text": "# Towards reasoning in large language models: A survey\n\n\nabstract\n\nLanguage has long been conceived as an essential tool for human reasoning. The breakthrough of Large Language Models (LLMs) has sparked significant research interest in leveraging these models to tackle complex reasoning tasks. Researchers have moved beyond simple autoregressive token generation by introducing the concept of\"thought\"-- a sequence of tokens representing intermediate steps in the reasoning process. This innovative paradigm enables LLMs' to mimic complex human reasoning processes, such as tree search and reflective thinking. Recently, an emerging trend of learning to reason has applied reinforcement learning (RL) to train LLMs to master reasoning processes. This approach enables the automatic generation of high-quality reasoning trajectories through trial-and-error search algorithms, significantly expanding LLMs' reasoning capacity by providing substantially more training data. Furthermore, recent studies demonstrate that encouraging LLMs to\"think\"with more tokens during test-time inference can further significantly boost reasoning accuracy. Therefore, the train-time and test-time scaling combined to show a new research frontier -- a path toward Large Reasoning Model. The introduction of OpenAI's o1 series marks a significant milestone in this research direction. In this survey, we present a comprehensive review of recent progress in LLM reasoning. We begin by introducing the foundational background of LLMs and then explore the key technical components driving the development of large reasoning models, with a focus on automated data construction, learning-to-reason techniques, and test-time scaling. We also analyze popular open-source projects at building large reasoning models, and conclude with open challenges and future research directions.",
    "paper_type": "survey",
    "attri": {
        "background": {
            "purpose": "This survey aims to explore the advancements in leveraging Large Language Models (LLMs) for complex reasoning tasks, addressing the gap in understanding how these models can mimic human reasoning processes.",
            "scope": "The survey covers the foundational background of LLMs, key technical components for developing large reasoning models, and popular open-source projects. It excludes non-reasoning related applications of LLMs to maintain focus on reasoning capabilities."
        },
        "problem": {
            "definition": "The core issue explored in this survey is how to effectively utilize LLMs to perform complex reasoning tasks that require intermediate cognitive steps.",
            "key obstacle": "The primary challenge is the limitation of LLMs in generating high-quality reasoning trajectories and the need for improved training methodologies to enhance their reasoning capabilities."
        },
        "architecture": {
            "perspective": "The survey introduces a novel framework for understanding LLMs' reasoning processes by emphasizing the importance of 'thought' as a sequence of tokens representing reasoning steps.",
            "fields/stages": "The survey organizes current research into stages such as automated data construction, learning-to-reason techniques, and test-time scaling, based on their contributions to enhancing reasoning in LLMs."
        },
        "conclusion": {
            "comparisions": "The survey compares various methods in terms of their effectiveness in enhancing LLM reasoning, highlighting how different approaches impact the quality of reasoning outputs.",
            "results": "Key takeaways include the realization that combining train-time and test-time scaling significantly enhances reasoning accuracy in LLMs, marking a new frontier in the development of Large Reasoning Models."
        },
        "discussion": {
            "advantage": "The existing research has successfully demonstrated how reinforcement learning and test-time strategies can improve LLM reasoning, leading to more sophisticated reasoning capabilities.",
            "limitation": "Current studies often fall short in providing comprehensive frameworks that address the full complexity of human-like reasoning processes.",
            "gaps": "There remain unanswered questions regarding the optimal strategies for training LLMs to reason effectively and the scalability of these methods across different reasoning tasks.",
            "future work": "Future research should focus on refining learning-to-reason techniques, exploring new training methodologies, and investigating the integration of reasoning with other cognitive processes in LLMs."
        },
        "other info": {
            "additional_info": {
                "key_contributions": "This survey highlights the significance of the OpenAI's o1 series as a milestone in developing large reasoning models.",
                "open_challenges": "The survey concludes with a discussion on the open challenges that researchers face in the field of reasoning with LLMs, suggesting areas for further exploration."
            }
        }
    },
    "mount_outline": [
        {
            "section number": "1.2",
            "key information": "The purpose of this survey is to explore the advancements in leveraging Large Language Models (LLMs) for complex reasoning tasks, addressing the gap in understanding how these models can mimic human reasoning processes."
        },
        {
            "section number": "2.1",
            "key information": "The core issue explored in this survey is how to effectively utilize LLMs to perform complex reasoning tasks that require intermediate cognitive steps."
        },
        {
            "section number": "3.1",
            "key information": "The primary challenge is the limitation of LLMs in generating high-quality reasoning trajectories and the need for improved training methodologies to enhance their reasoning capabilities."
        },
        {
            "section number": "3.6",
            "key information": "Key takeaways include the realization that combining train-time and test-time scaling significantly enhances reasoning accuracy in LLMs, marking a new frontier in the development of Large Reasoning Models."
        },
        {
            "section number": "7.1",
            "key information": "Current studies often fall short in providing comprehensive frameworks that address the full complexity of human-like reasoning processes."
        },
        {
            "section number": "7.4",
            "key information": "There remain unanswered questions regarding the optimal strategies for training LLMs to reason effectively and the scalability of these methods across different reasoning tasks."
        }
    ],
    "similarity_score": null,
    "image": null,
    "path": "/home/liudingyuan/code/SurveyX/code/SurveyX-main/outputs/t1b/papers/Towards reasoning in large language models_ A survey.json"
}