{
    "from": null,
    "scholar_id": null,
    "detail_id": null,
    "title": "Understanding the difficulty of training transformers",
    "abstract": "Transformers have been proved effective for many deep learning tasks. Training transformers, however, requires non-trivial efforts regarding carefully designing learning rate schedulers and cutting-edge optimizers (the standard SGD fails to train Transformers effectively). In this paper, we study Transformer training from both theoretical and empirical perspectives. Our analysis reveals that unbalanced gradients are not the root cause of the instability of training. Instead, we identify an amplification effect that substantially influences training. Specifically, we observe that for each layer in a multi-layer Transformer model, heavy dependency on its residual branch makes training unstable since it amplifies small parameter perturbations (e.g., parameter updates) and result in significant disturbances in the model output, yet a light dependency limits the potential of model training and can lead to an inferior trained model. Inspired by our analysis, we propose Admin ($\\mathbf{Ad}$aptive $\\mathbf{m}$odel $\\mathbf{in}$itialization) to stabilize the training in the early stage and unleash its full potential in the late stage. Extensive experiments show that Admin is more stable, converges faster, and leads to better performance.",
    "arxivid": "2004.08249v3",
    "bib_name": "Understand173",
    "md_text": "# Understanding the difficulty of training transformers\n\n\nabstract\n\nTransformers have been proved effective for many deep learning tasks. Training transformers, however, requires non-trivial efforts regarding carefully designing learning rate schedulers and cutting-edge optimizers (the standard SGD fails to train Transformers effectively). In this paper, we study Transformer training from both theoretical and empirical perspectives. Our analysis reveals that unbalanced gradients are not the root cause of the instability of training. Instead, we identify an amplification effect that substantially influences training. Specifically, we observe that for each layer in a multi-layer Transformer model, heavy dependency on its residual branch makes training unstable since it amplifies small parameter perturbations (e.g., parameter updates) and result in significant disturbances in the model output, yet a light dependency limits the potential of model training and can lead to an inferior trained model. Inspired by our analysis, we propose Admin ($\\mathbf{Ad}$aptive $\\mathbf{m}$odel $\\mathbf{in}$itialization) to stabilize the training in the early stage and unleash its full potential in the late stage. Extensive experiments show that Admin is more stable, converges faster, and leads to better performance.",
    "paper_type": "method",
    "attri": {
        "background": "Transformers have been proved effective for many deep learning tasks, but training them requires careful design of learning rate schedulers and optimizers, as standard SGD fails to train Transformers effectively. This paper investigates Transformer training from theoretical and empirical perspectives.",
        "problem": {
            "definition": "The problem addressed is the instability encountered during the training of Transformer models, which can hinder their performance.",
            "key obstacle": "The main difficulty is the amplification effect caused by heavy dependency on the residual branch of each layer, which amplifies small parameter perturbations and leads to significant disturbances in model output."
        },
        "idea": {
            "intuition": "The idea was inspired by the observation that the dependency on the residual branch can either destabilize training or limit model potential.",
            "opinion": "The proposed idea, Admin (Adaptive model initialization), aims to stabilize training in the early stages while maximizing potential in later stages.",
            "innovation": "The key innovation of Admin is its ability to manage the dependency on the residual branch, thereby reducing instability and improving training outcomes."
        },
        "method": {
            "method name": "Admin",
            "method abbreviation": "Ad",
            "method definition": "Admin is a method designed to stabilize the training of Transformer models by optimizing the initialization process.",
            "method description": "Admin provides a structured approach to model initialization that enhances stability and performance during training.",
            "method steps": "1. Analyze the dependency on residual branches; 2. Implement adaptive initialization strategies; 3. Monitor training stability and convergence.",
            "principle": "The effectiveness of Admin lies in its ability to balance the residual dependency, minimizing amplification effects while ensuring robust training."
        },
        "experiments": {
            "evaluation setting": "Extensive experiments were conducted to compare Admin against baseline methods, focusing on stability, convergence speed, and overall performance.",
            "evaluation method": "The evaluation involved measuring training stability, convergence rates, and performance metrics across various Transformer architectures."
        },
        "conclusion": "The experiments demonstrate that Admin is more stable, converges faster, and leads to better performance compared to existing methods.",
        "discussion": {
            "advantage": "The key advantage of Admin is its improved stability during training, which allows for faster convergence and enhanced model performance.",
            "limitation": "Potential limitations include the need for careful tuning of the initialization parameters, which may vary across different tasks.",
            "future work": "Future research could explore further optimizations of the initialization process and its application to other neural network architectures."
        },
        "other info": []
    },
    "mount_outline": [
        {
            "section number": "3.3",
            "key information": "The proposed idea, Admin (Adaptive model initialization), aims to stabilize training in the early stages while maximizing potential in later stages."
        },
        {
            "section number": "4.4",
            "key information": "Admin provides a structured approach to model initialization that enhances stability and performance during training."
        },
        {
            "section number": "4.5",
            "key information": "The effectiveness of Admin lies in its ability to balance the residual dependency, minimizing amplification effects while ensuring robust training."
        },
        {
            "section number": "7.2",
            "key information": "The main difficulty is the amplification effect caused by heavy dependency on the residual branch of each layer, which amplifies small parameter perturbations and leads to significant disturbances in model output."
        },
        {
            "section number": "7.4",
            "key information": "Potential limitations include the need for careful tuning of the initialization parameters, which may vary across different tasks."
        }
    ],
    "similarity_score": null,
    "image": null,
    "path": "/home/liudingyuan/code/SurveyX/code/SurveyX-main/outputs/t1b/papers/Understanding the difficulty of training transformers.json"
}