{
    "from": null,
    "scholar_id": null,
    "detail_id": null,
    "title": "Unified language model pre-training for natural language understanding and generation",
    "abstract": "This paper presents a new Unified pre-trained Language Model (UniLM) that can be fine-tuned for both natural language understanding and generation tasks. The model is pre-trained using three types of language modeling tasks: unidirectional, bidirectional, and sequence-to-sequence prediction. The unified modeling is achieved by employing a shared Transformer network and utilizing specific self-attention masks to control what context the prediction conditions on. UniLM compares favorably with BERT on the GLUE benchmark, and the SQuAD 2.0 and CoQA question answering tasks. Moreover, UniLM achieves new state-of-the-art results on five natural language generation datasets, including improving the CNN/DailyMail abstractive summarization ROUGE-L to 40.51 (2.04 absolute improvement), the Gigaword abstractive summarization ROUGE-L to 35.75 (0.86 absolute improvement), the CoQA generative question answering F1 score to 82.5 (37.1 absolute improvement), the SQuAD question generation BLEU-4 to 22.12 (3.75 absolute improvement), and the DSTC7 document-grounded dialog response generation NIST-4 to 2.67 (human performance is 2.65). The code and pre-trained models are available at this https URL.",
    "arxivid": "1905.03197v3",
    "bib_name": "Unifiedlan153",
    "md_text": "# Unified language model pre-training for natural language understanding and generation\n\n\nabstract\n\nThis paper presents a new Unified pre-trained Language Model (UniLM) that can be fine-tuned for both natural language understanding and generation tasks. The model is pre-trained using three types of language modeling tasks: unidirectional, bidirectional, and sequence-to-sequence prediction. The unified modeling is achieved by employing a shared Transformer network and utilizing specific self-attention masks to control what context the prediction conditions on. UniLM compares favorably with BERT on the GLUE benchmark, and the SQuAD 2.0 and CoQA question answering tasks. Moreover, UniLM achieves new state-of-the-art results on five natural language generation datasets, including improving the CNN/DailyMail abstractive summarization ROUGE-L to 40.51 (2.04 absolute improvement), the Gigaword abstractive summarization ROUGE-L to 35.75 (0.86 absolute improvement), the CoQA generative question answering F1 score to 82.5 (37.1 absolute improvement), the SQuAD question generation BLEU-4 to 22.12 (3.75 absolute improvement), and the DSTC7 document-grounded dialog response generation NIST-4 to 2.67 (human performance is 2.65). The code and pre-trained models are available at this https URL.",
    "paper_type": "method",
    "attri": {
        "background": "This paper addresses the issue of effectively pre-training language models for both natural language understanding and generation tasks, highlighting the limitations of existing methods that typically focus on either understanding or generation in isolation.",
        "problem": {
            "definition": "The problem is the lack of a unified approach that allows a single model to be fine-tuned for both natural language understanding and generation tasks.",
            "key obstacle": "The core obstacle is the inability of existing models to leverage a shared architecture for diverse language tasks, which limits their performance and applicability."
        },
        "idea": {
            "intuition": "The intuition behind the proposed idea is to create a unified pre-trained language model that can handle multiple tasks by leveraging a shared Transformer architecture with specific self-attention mechanisms.",
            "opinion": "The proposed idea entails the development of the Unified pre-trained Language Model (UniLM), which integrates unidirectional, bidirectional, and sequence-to-sequence prediction tasks into a single framework.",
            "innovation": "The primary innovation of UniLM lies in its unified modeling approach that utilizes a shared Transformer network and specific self-attention masks to effectively manage context for different prediction tasks."
        },
        "method": {
            "method name": "Unified pre-trained Language Model",
            "method abbreviation": "UniLM",
            "method definition": "UniLM is a pre-trained language model designed to be fine-tuned for both natural language understanding and generation tasks, utilizing a shared Transformer architecture.",
            "method description": "The core of UniLM involves pre-training using unidirectional, bidirectional, and sequence-to-sequence tasks within a unified framework.",
            "method steps": [
                "Pre-train the model using unidirectional, bidirectional, and sequence-to-sequence language modeling tasks.",
                "Utilize specific self-attention masks to control the context for predictions.",
                "Fine-tune the model on specific downstream tasks for both understanding and generation."
            ],
            "principle": "The effectiveness of UniLM in solving the problem is supported by its ability to share parameters across tasks, thereby enhancing generalization and performance on diverse language tasks."
        },
        "experiments": {
            "evaluation setting": "The evaluation was conducted on several benchmarks, including the GLUE benchmark for natural language understanding and SQuAD 2.0 and CoQA for question answering, as well as five natural language generation datasets.",
            "evaluation method": "The performance of UniLM was assessed by comparing its results against baseline methods and measuring improvements across various metrics such as ROUGE-L for summarization and BLEU-4 for question generation."
        },
        "conclusion": "The outcomes of the experiments demonstrate that UniLM achieves state-of-the-art results across multiple tasks, significantly outperforming existing models and showcasing its effectiveness as a unified approach for language understanding and generation.",
        "discussion": {
            "advantage": "Key advantages of UniLM include its ability to handle both understanding and generation tasks within a single model, leading to improved performance and efficiency in training.",
            "limitation": "A limitation of the approach may include the complexity of training a unified model, which could require substantial computational resources and careful tuning.",
            "future work": "Future research could explore further enhancements to the model architecture, optimization techniques, and the application of UniLM to additional language tasks and domains."
        },
        "other info": {
            "code availability": "The code and pre-trained models are available at the provided URL."
        }
    },
    "mount_outline": [
        {
            "section number": "1.1",
            "key information": "The paper addresses the issue of effectively pre-training language models for both natural language understanding and generation tasks, highlighting the limitations of existing methods that typically focus on either understanding or generation in isolation."
        },
        {
            "section number": "2.1",
            "key information": "The problem is the lack of a unified approach that allows a single model to be fine-tuned for both natural language understanding and generation tasks."
        },
        {
            "section number": "3.1",
            "key information": "UniLM is a pre-trained language model designed to be fine-tuned for both natural language understanding and generation tasks, utilizing a shared Transformer architecture."
        },
        {
            "section number": "3.2",
            "key information": "The primary innovation of UniLM lies in its unified modeling approach that utilizes a shared Transformer network and specific self-attention masks to effectively manage context for different prediction tasks."
        },
        {
            "section number": "3.4",
            "key information": "The effectiveness of UniLM in solving the problem is supported by its ability to share parameters across tasks, thereby enhancing generalization and performance on diverse language tasks."
        },
        {
            "section number": "7.2",
            "key information": "A limitation of the approach may include the complexity of training a unified model, which could require substantial computational resources and careful tuning."
        },
        {
            "section number": "8",
            "key information": "The outcomes of the experiments demonstrate that UniLM achieves state-of-the-art results across multiple tasks, significantly outperforming existing models and showcasing its effectiveness as a unified approach for language understanding and generation."
        }
    ],
    "similarity_score": null,
    "image": null,
    "path": "/home/liudingyuan/code/SurveyX/code/SurveyX-main/outputs/t1b/papers/Unified language model pre-training for natural language understanding and generation.json"
}