{
    "from": null,
    "scholar_id": null,
    "detail_id": null,
    "title": "What disease does this patient have? a large-scale open domain question answering dataset from medical exams",
    "abstract": "Open domain question answering (OpenQA) tasks have been recently attracting more and more attention from the natural language processing (NLP) community. In this work, we present the first free-form multiple-choice OpenQA dataset for solving medical problems, MedQA, collected from the professional medical board exams. It covers three languages: English, simplified Chinese, and traditional Chinese, and contains 12,723, 34,251, and 14,123 questions for the three languages, respectively. We implement both rule-based and popular neural methods by sequentially combining a document retriever and a machine comprehension model. Through experiments, we find that even the current best method can only achieve 36.7%, 42.0%, and 70.1% of test accuracy on the English, traditional Chinese, and simplified Chinese questions, respectively. We expect MedQA to present great challenges to existing OpenQA systems and hope that it can serve as a platform to promote much stronger OpenQA models from the NLP community in the future.",
    "arxivid": "2009.13081v1",
    "bib_name": "Whatdiseas79",
    "md_text": "# What disease does this patient have? a large-scale open domain question answering dataset from medical exams\n\n\nabstract\n\nOpen domain question answering (OpenQA) tasks have been recently attracting more and more attention from the natural language processing (NLP) community. In this work, we present the first free-form multiple-choice OpenQA dataset for solving medical problems, MedQA, collected from the professional medical board exams. It covers three languages: English, simplified Chinese, and traditional Chinese, and contains 12,723, 34,251, and 14,123 questions for the three languages, respectively. We implement both rule-based and popular neural methods by sequentially combining a document retriever and a machine comprehension model. Through experiments, we find that even the current best method can only achieve 36.7%, 42.0%, and 70.1% of test accuracy on the English, traditional Chinese, and simplified Chinese questions, respectively. We expect MedQA to present great challenges to existing OpenQA systems and hope that it can serve as a platform to promote much stronger OpenQA models from the NLP community in the future.",
    "paper_type": "benchmark",
    "attri": {
        "background": {
            "problem background": "Open domain question answering (OpenQA) tasks have gained significant attention in the NLP community, highlighting the need for effective benchmarks in this area, particularly in medical contexts.",
            "purpose of benchmark": "The MedQA benchmark is intended for evaluating and comparing various OpenQA models in the medical domain."
        },
        "problem": {
            "definition": "The benchmark is designed to address the challenge of answering medical questions in an open domain setting, specifically from professional medical board exams.",
            "key obstacle": "Existing benchmarks lack the complexity and breadth necessary to challenge current OpenQA systems effectively."
        },
        "idea": {
            "intuition": "The motivation for creating MedQA stems from the observation that existing benchmarks do not adequately test the capabilities of OpenQA systems in medical contexts.",
            "opinion": "The authors believe that MedQA will significantly impact the development of stronger OpenQA models within the NLP community.",
            "innovation": "MedQA is unique as it is the first free-form multiple-choice OpenQA dataset specifically focused on medical problems, differing from previous benchmarks.",
            "benchmark abbreviation": "MedQA"
        },
        "dataset": {
            "source": "The dataset was collected from professional medical board exams, ensuring relevance and authenticity.",
            "desc": "MedQA consists of 12,723 English questions, 34,251 simplified Chinese questions, and 14,123 traditional Chinese questions, making it a substantial resource for evaluating OpenQA systems.",
            "content": "The dataset includes multiple-choice questions across three languages, focusing on medical knowledge.",
            "size": "61,097",
            "domain": "Medicine",
            "task format": "Multiple-choice question answering"
        },
        "metrics": {
            "metric name": "Accuracy",
            "aspect": "Model performance in correctly answering questions",
            "principle": "Accuracy was chosen as it provides a straightforward measure of a model's effectiveness in answering questions correctly.",
            "procedure": "Models were evaluated based on their ability to answer a set of test questions accurately."
        },
        "experiments": {
            "model": "Both rule-based and neural network models were tested.",
            "procedure": "The models were implemented by combining a document retriever with a machine comprehension model to answer the questions.",
            "result": "The best method achieved test accuracies of 36.7%, 42.0%, and 70.1% for English, traditional Chinese, and simplified Chinese questions, respectively.",
            "variability": "The results were assessed based on multiple trials across different subsets of the dataset."
        },
        "conclusion": "The findings indicate that existing models struggle with the complexity of the MedQA dataset, underscoring the need for improved OpenQA systems in the medical domain.",
        "discussion": {
            "advantage": "MedQA provides a comprehensive and challenging dataset that can drive advancements in OpenQA models for medical applications.",
            "limitation": "The benchmark may not cover all possible medical scenarios, which could limit its applicability in certain contexts.",
            "future work": "Future research could focus on expanding the dataset and developing models that can handle the complexities presented by MedQA."
        },
        "other info": []
    },
    "mount_outline": [
        {
            "section number": "2.1",
            "key information": "Large language models are utilized in OpenQA tasks, particularly in the medical domain, highlighting the significance of effective benchmarks."
        },
        {
            "section number": "2.3",
            "key information": "Existing benchmarks lack the complexity and breadth necessary to challenge current OpenQA systems effectively, which large language models aim to address."
        },
        {
            "section number": "3.1",
            "key information": "The MedQA benchmark is intended for evaluating and comparing various OpenQA models in the medical domain, reflecting advancements in data utilization."
        },
        {
            "section number": "3.6",
            "key information": "MedQA, as a unique dataset, enables emergent abilities in OpenQA systems specifically focused on medical problems."
        },
        {
            "section number": "7.1",
            "key information": "The findings indicate that existing models struggle with the complexity of the MedQA dataset, highlighting bias and ethical concerns related to model performance."
        },
        {
            "section number": "7.4",
            "key information": "The benchmark may not cover all possible medical scenarios, underscoring challenges related to generalization and robustness in large language models."
        }
    ],
    "similarity_score": null,
    "image": null,
    "path": "/home/liudingyuan/code/SurveyX/code/SurveyX-main/outputs/t1b/papers/What disease does this patient have_ a large-scale open domain question answering dataset from medical exams.json"
}