{
    "from": null,
    "scholar_id": null,
    "detail_id": null,
    "title": "What language model to train if you have one million GPU hours",
    "abstract": "The crystallization of modeling methods around the Transformer architecture has been a boon for practitioners. Simple, well-motivated architectural variations can transfer across tasks and scale, increasing the impact of modeling research. However, with the emergence of state-of-the-art 100B+ parameters models, large language models are increasingly expensive to accurately design and train. Notably, it can be difficult to evaluate how modeling decisions may impact emergent capabilities, given that these capabilities arise mainly from sheer scale alone. In the process of building BLOOM--the Big Science Large Open-science Open-access Multilingual language model--our goal is to identify an architecture and training setup that makes the best use of our 1,000,000 A100-GPU-hours budget. Specifically, we perform an ablation study at the billion-parameter scale comparing different modeling practices and their impact on zero-shot generalization. In addition, we study the impact of various popular pre-training corpora on zero-shot generalization. We also study the performance of a multilingual model and how it compares to the English-only one. Finally, we consider the scaling behaviour of Transformers to choose the target model size, shape, and training setup. All our models and code are open-sourced at https://huggingface.co/bigscience .",
    "arxivid": "2210.15424v2",
    "bib_name": "Whatlangua175",
    "md_text": "# What language model to train if you have one million GPU hours\n\n\nabstract\n\nThe crystallization of modeling methods around the Transformer architecture has been a boon for practitioners. Simple, well-motivated architectural variations can transfer across tasks and scale, increasing the impact of modeling research. However, with the emergence of state-of-the-art 100B+ parameters models, large language models are increasingly expensive to accurately design and train. Notably, it can be difficult to evaluate how modeling decisions may impact emergent capabilities, given that these capabilities arise mainly from sheer scale alone. In the process of building BLOOM--the Big Science Large Open-science Open-access Multilingual language model--our goal is to identify an architecture and training setup that makes the best use of our 1,000,000 A100-GPU-hours budget. Specifically, we perform an ablation study at the billion-parameter scale comparing different modeling practices and their impact on zero-shot generalization. In addition, we study the impact of various popular pre-training corpora on zero-shot generalization. We also study the performance of a multilingual model and how it compares to the English-only one. Finally, we consider the scaling behaviour of Transformers to choose the target model size, shape, and training setup. All our models and code are open-sourced at https://huggingface.co/bigscience .",
    "paper_type": "benchmark",
    "attri": {
        "background": "The emergence of large language models with 100B+ parameters has raised challenges in accurately designing and training these models due to their high costs and complexity. This benchmark aims to explore effective modeling practices within a constrained budget of 1,000,000 A100-GPU-hours, fitting into the broader research landscape focused on optimizing large-scale model training.",
        "problem": {
            "definition": "The benchmark addresses the challenge of determining the optimal architecture and training setup for large language models to maximize zero-shot generalization capabilities.",
            "key obstacle": "Existing benchmarks struggle to evaluate the impact of modeling decisions on emergent capabilities, primarily due to the scale of the models and the associated costs."
        },
        "idea": {
            "intuition": "The benchmark was inspired by the need to understand how architectural variations and training setups affect the performance of large language models, particularly in zero-shot scenarios.",
            "opinion": "The authors believe that this benchmark is crucial for guiding future research in the development of large language models, offering insights into effective modeling practices.",
            "innovation": "This benchmark differs from previous ones by focusing specifically on the impact of different modeling practices and pre-training corpora on zero-shot generalization, providing a structured approach to ablation studies.",
            "benchmark abbreviation": "BLOOM"
        },
        "dataset": {
            "source": "The dataset was sourced from various popular pre-training corpora, specifically curated to evaluate multilingual capabilities and zero-shot generalization.",
            "desc": "The dataset includes a diverse range of text data to ensure comprehensive evaluation of the models' performance across languages and tasks.",
            "content": "The dataset contains text data in multiple languages, which is essential for training and evaluating multilingual models.",
            "size": "-",
            "domain": "Multilingual Language Modeling",
            "task format": "Zero-shot Generalization"
        },
        "metrics": {
            "metric name": "Zero-shot Generalization, Model Performance",
            "aspect": "Accuracy in zero-shot tasks",
            "principle": "Metrics were chosen based on their relevance to evaluating the models' ability to generalize to unseen tasks without additional training.",
            "procedure": "Models were evaluated using standard zero-shot tasks to measure their performance based on the selected metrics."
        },
        "experiments": {
            "model": "The benchmark tested various configurations of large language models, including both multilingual and English-only models.",
            "procedure": "Models were trained using different architectural setups and pre-training corpora, with a focus on optimizing the use of the available GPU hours.",
            "result": "Results indicated significant differences in zero-shot generalization capabilities based on the chosen model architecture and training setup.",
            "variability": "Variability in results was accounted for through multiple trials and comparisons across different model configurations."
        },
        "conclusion": "The experiments demonstrated that careful selection of model architecture and training setup can lead to substantial improvements in zero-shot generalization, providing valuable insights for future research in large language models.",
        "discussion": {
            "advantage": "This benchmark offers a structured approach to understanding the trade-offs in model design, contributing to the field by providing clear guidelines for future large language model training.",
            "limitation": "Potential limitations include the reliance on specific pre-training corpora, which may not fully represent all language tasks, thus affecting generalizability.",
            "future work": "Future research should explore additional datasets and model configurations to further refine the understanding of optimal training practices for large language models."
        },
        "other info": []
    },
    "mount_outline": [
        {
            "section number": "2.3",
            "key information": "Existing benchmarks struggle to evaluate the impact of modeling decisions on emergent capabilities, primarily due to the scale of the models and the associated costs."
        },
        {
            "section number": "3.1",
            "key information": "The benchmark aims to explore effective modeling practices within a constrained budget of 1,000,000 A100-GPU-hours, fitting into the broader research landscape focused on optimizing large-scale model training."
        },
        {
            "section number": "3.6",
            "key information": "The benchmark was inspired by the need to understand how architectural variations and training setups affect the performance of large language models, particularly in zero-shot scenarios."
        },
        {
            "section number": "7.4",
            "key information": "Careful selection of model architecture and training setup can lead to substantial improvements in zero-shot generalization, providing valuable insights for future research in large language models."
        }
    ],
    "similarity_score": null,
    "image": null,
    "path": "/home/liudingyuan/code/SurveyX/code/SurveyX-main/outputs/t1b/papers/What language model to train if you have one million GPU hours.json"
}