{
    "generate outline": {
        "start": "2025-12-30 13:47:40",
        "end": "2025-12-30 13:54:40",
        "duration": 420.09
    },
    "generate content": {
        "start": "2025-12-30 13:54:40",
        "end": "2025-12-30 14:24:33",
        "duration": 1793.36
    },
    "generate tabel": {
        "start": "2025-12-30 14:33:47",
        "end": "2025-12-30 14:35:05",
        "duration": 78.35
    },
    "post refine": {
        "start": "2025-12-30 14:24:46",
        "end": "2025-12-30 14:35:05",
        "duration": 619.35
    },
    "compile latex": {
        "start": "2025-12-30 14:35:05",
        "end": "2025-12-30 14:35:14",
        "duration": 9.6
    }
}