{
    "generate outline": {
        "start": "2025-12-26 15:19:56",
        "end": "2025-12-26 15:24:41",
        "duration": 285.04
    },
    "generate content": {
        "start": "2025-12-26 15:24:41",
        "end": "2025-12-26 15:45:52",
        "duration": 1271.71
    },
    "generate tabel": {
        "start": "2025-12-26 15:53:05",
        "end": "2025-12-26 15:56:55",
        "duration": 230.54
    },
    "post refine": {
        "start": "2025-12-26 15:46:01",
        "end": "2025-12-26 15:56:55",
        "duration": 654.54
    },
    "compile latex": {
        "start": "2025-12-26 15:56:55",
        "end": "2025-12-26 15:57:04",
        "duration": 9.75
    }
}