{
    "from": null,
    "scholar_id": null,
    "detail_id": null,
    "title": "A contrastive framework for neural text generation",
    "abstract": "Text generation is of great importance to many natural language processing applications. However, maximization-based decoding methods (e.g. beam search) of neural language models often lead to degenerate solutions -- the generated text is unnatural and contains undesirable repetitions. Existing approaches introduce stochasticity via sampling or modify training objectives to decrease probabilities of certain tokens (e.g., unlikelihood training). However, they often lead to solutions that lack coherence. In this work, we show that an underlying reason for model degeneration is the anisotropic distribution of token representations. We present a contrastive solution: (i) SimCTG, a contrastive training objective to calibrate the model's representation space, and (ii) a decoding method -- contrastive search -- to encourage diversity while maintaining coherence in the generated text. Extensive experiments and analyses on three benchmarks from two languages demonstrate that our proposed approach significantly outperforms current state-of-the-art text generation methods as evaluated by both human and automatic metrics.",
    "arxivid": "2202.06417v3",
    "bib_name": "Acontrasti192",
    "md_text": "# A contrastive framework for neural text generation\n\n\nabstract\n\nText generation is of great importance to many natural language processing applications. However, maximization-based decoding methods (e.g. beam search) of neural language models often lead to degenerate solutions -- the generated text is unnatural and contains undesirable repetitions. Existing approaches introduce stochasticity via sampling or modify training objectives to decrease probabilities of certain tokens (e.g., unlikelihood training). However, they often lead to solutions that lack coherence. In this work, we show that an underlying reason for model degeneration is the anisotropic distribution of token representations. We present a contrastive solution: (i) SimCTG, a contrastive training objective to calibrate the model's representation space, and (ii) a decoding method -- contrastive search -- to encourage diversity while maintaining coherence in the generated text. Extensive experiments and analyses on three benchmarks from two languages demonstrate that our proposed approach significantly outperforms current state-of-the-art text generation methods as evaluated by both human and automatic metrics.",
    "paper_type": "method",
    "attri": {
        "background": "Text generation is crucial for many natural language processing applications, but existing maximization-based decoding methods often produce unnatural text with undesirable repetitions. Previous methods have introduced stochasticity or modified training objectives to address these issues, yet they still struggle with maintaining coherence.",
        "problem": {
            "definition": "The paper addresses the degeneration of generated text in neural language models, specifically focusing on the anisotropic distribution of token representations that leads to unnatural outputs.",
            "key obstacle": "The main challenge is that existing methods fail to generate coherent and diverse text, often resulting in repetitive and unnatural language."
        },
        "idea": {
            "intuition": "The authors propose that the underlying cause of model degeneration is the anisotropic nature of token representations, which can be addressed through contrastive methods.",
            "opinion": "The proposed idea involves a dual approach: introducing a contrastive training objective (SimCTG) to enhance the model's representation space and a decoding method (contrastive search) to promote diversity without sacrificing coherence.",
            "innovation": "The key innovation lies in the introduction of SimCTG and contrastive search, which together improve the quality of text generation by addressing both representation calibration and coherent diversity."
        },
        "method": {
            "method name": "SimCTG and Contrastive Search",
            "method abbreviation": "SimCTG",
            "method definition": "SimCTG is a contrastive training objective designed to calibrate the token representation space, while contrastive search is a decoding method that encourages diversity in generated text.",
            "method description": "The method combines a contrastive training objective with a novel decoding strategy to enhance the quality of generated text.",
            "method steps": "1. Train the model using the SimCTG objective to improve representation space. 2. Implement contrastive search during the decoding phase to generate diverse yet coherent text.",
            "principle": "This method is effective because it addresses the root cause of degeneration in text generation by enhancing representation quality and promoting coherent diversity in outputs."
        },
        "experiments": {
            "evaluation setting": "The experiments were conducted on three benchmarks across two languages, comparing the proposed method against current state-of-the-art text generation methods.",
            "evaluation method": "Performance was assessed using both human evaluations and automatic metrics to ensure a comprehensive analysis."
        },
        "conclusion": "The proposed contrastive framework significantly outperforms existing text generation methods, demonstrating improvements in both coherence and diversity of generated text.",
        "discussion": {
            "advantage": "The key advantages of the proposed approach include enhanced coherence in generated text and the ability to produce diverse outputs without degeneracy.",
            "limitation": "One limitation of the method may be its reliance on specific training conditions or datasets, which could affect generalizability.",
            "future work": "Future research could focus on further refining the contrastive training objective and exploring its application across different NLP tasks."
        },
        "other info": []
    },
    "mount_outline": [
        {
            "section number": "1.1",
            "key information": "The paper addresses the degeneration of generated text in neural language models, specifically focusing on the anisotropic distribution of token representations that leads to unnatural outputs."
        },
        {
            "section number": "1.2",
            "key information": "The objectives of the paper include improving the quality of text generation by addressing both representation calibration and coherent diversity."
        },
        {
            "section number": "3.1",
            "key information": "The method combines a contrastive training objective (SimCTG) with a novel decoding strategy (contrastive search) to enhance the quality of generated text."
        },
        {
            "section number": "3.3",
            "key information": "The proposed method, SimCTG, is a contrastive training objective designed to calibrate the token representation space."
        },
        {
            "section number": "3.6",
            "key information": "The proposed contrastive framework significantly outperforms existing text generation methods, demonstrating improvements in both coherence and diversity of generated text."
        },
        {
            "section number": "7.1",
            "key information": "One limitation of the method may be its reliance on specific training conditions or datasets, which could affect generalizability."
        },
        {
            "section number": "7.4",
            "key information": "The main challenge is that existing methods fail to generate coherent and diverse text, often resulting in repetitive and unnatural language."
        }
    ],
    "similarity_score": null,
    "image": null,
    "path": "/home/liudingyuan/code/SurveyX/code/SurveyX-main/outputs/t1b/papers/A contrastive framework for neural text generation.json"
}