{
    "from": null,
    "scholar_id": null,
    "detail_id": null,
    "title": "A deep reinforced model for abstractive summarization",
    "abstract": "Attentional, RNN-based encoder-decoder models for abstractive summarization have achieved good performance on short input and output sequences. For longer documents and summaries however these models often include repetitive and incoherent phrases. We introduce a neural network model with a novel intra-attention that attends over the input and continuously generated output separately, and a new training method that combines standard supervised word prediction and reinforcement learning (RL). Models trained only with supervised learning often exhibit \"exposure bias\" - they assume ground truth is provided at each step during training. However, when standard word prediction is combined with the global sequence prediction training of RL the resulting summaries become more readable. We evaluate this model on the CNN/Daily Mail and New York Times datasets. Our model obtains a 41.16 ROUGE-1 score on the CNN/Daily Mail dataset, an improvement over previous state-of-the-art models. Human evaluation also shows that our model produces higher quality summaries.",
    "arxivid": "1705.04304v3",
    "bib_name": "Adeepreinf189",
    "md_text": "# A deep reinforced model for abstractive summarization\n\n\nabstract\n\nAttentional, RNN-based encoder-decoder models for abstractive summarization have achieved good performance on short input and output sequences. For longer documents and summaries however these models often include repetitive and incoherent phrases. We introduce a neural network model with a novel intra-attention that attends over the input and continuously generated output separately, and a new training method that combines standard supervised word prediction and reinforcement learning (RL). Models trained only with supervised learning often exhibit \"exposure bias\" - they assume ground truth is provided at each step during training. However, when standard word prediction is combined with the global sequence prediction training of RL the resulting summaries become more readable. We evaluate this model on the CNN/Daily Mail and New York Times datasets. Our model obtains a 41.16 ROUGE-1 score on the CNN/Daily Mail dataset, an improvement over previous state-of-the-art models. Human evaluation also shows that our model produces higher quality summaries.",
    "paper_type": "method",
    "attri": {
        "background": "This paper addresses the issue of generating coherent and non-repetitive summaries for longer documents, which has been a challenge for existing attentional, RNN-based encoder-decoder models that perform well on shorter sequences but struggle with longer inputs and outputs.",
        "problem": {
            "definition": "The problem is the generation of repetitive and incoherent phrases in summaries produced by existing models when dealing with longer documents.",
            "key obstacle": "The core obstacle is the 'exposure bias' in models trained solely with supervised learning, which assumes ground truth is available at each step, leading to less readable summaries."
        },
        "idea": {
            "intuition": "The idea was inspired by the need to improve the readability of generated summaries by addressing the limitations of traditional training methods.",
            "opinion": "The proposed method involves a novel neural network model with intra-attention that separately attends to input and generated output, combined with a new training approach integrating supervised learning and reinforcement learning.",
            "innovation": "The key innovation lies in the combination of supervised word prediction with reinforcement learning for global sequence prediction, which enhances the coherence and readability of the summaries."
        },
        "method": {
            "method name": "Deep Reinforced Model for Abstractive Summarization",
            "method abbreviation": "DRMAS",
            "method definition": "A neural network model that utilizes intra-attention mechanisms and combines supervised word prediction with reinforcement learning to generate more coherent summaries.",
            "method description": "The method focuses on improving the summary generation process by addressing exposure bias through a dual training approach.",
            "method steps": "1. Implement a neural network with intra-attention; 2. Train using supervised learning for word prediction; 3. Apply reinforcement learning for global sequence prediction.",
            "principle": "The effectiveness of this method is grounded in its ability to mitigate exposure bias, allowing the model to generate summaries that are more coherent and readable."
        },
        "experiments": {
            "evaluation setting": "The model was evaluated on the CNN/Daily Mail and New York Times datasets, comparing its performance against previous state-of-the-art models.",
            "evaluation method": "Performance was measured using ROUGE-1 scores and human evaluation to assess the quality of the generated summaries."
        },
        "conclusion": "The model achieved a ROUGE-1 score of 41.16 on the CNN/Daily Mail dataset, marking an improvement over previous models, and human evaluations indicated that it produces higher quality summaries.",
        "discussion": {
            "advantage": "The main advantage of the proposed approach is its ability to generate more coherent and readable summaries compared to existing methods, thanks to the integration of reinforcement learning.",
            "limitation": "One limitation may be the complexity of the model and the training process, which could require significant computational resources.",
            "future work": "Future research could explore further optimizations of the model and its application to other summarization tasks or datasets."
        },
        "other info": []
    },
    "mount_outline": [
        {
            "section number": "2.3",
            "key information": "The core obstacle is the 'exposure bias' in models trained solely with supervised learning, which assumes ground truth is available at each step, leading to less readable summaries."
        },
        {
            "section number": "3.1",
            "key information": "The proposed method involves a novel neural network model with intra-attention that separately attends to input and generated output, combined with a new training approach integrating supervised learning and reinforcement learning."
        },
        {
            "section number": "3.3",
            "key information": "The key innovation lies in the combination of supervised word prediction with reinforcement learning for global sequence prediction, which enhances the coherence and readability of the summaries."
        },
        {
            "section number": "4.1",
            "key information": "A neural network model that utilizes intra-attention mechanisms and combines supervised word prediction with reinforcement learning to generate more coherent summaries."
        },
        {
            "section number": "7.2",
            "key information": "One limitation may be the complexity of the model and the training process, which could require significant computational resources."
        }
    ],
    "similarity_score": null,
    "image": null,
    "path": "/home/liudingyuan/code/SurveyX/code/SurveyX-main/outputs/t1b/papers/A deep reinforced model for abstractive summarization.json"
}