{
    "from": null,
    "scholar_id": null,
    "detail_id": null,
    "title": "A general language assistant as a laboratory for alignment",
    "abstract": "Given the broad capabilities of large language models, it should be possible to work towards a general-purpose, text-based assistant that is aligned with human values, meaning that it is helpful, honest, and harmless. As an initial foray in this direction we study simple baseline techniques and evaluations, such as prompting. We find that the benefits from modest interventions increase with model size, generalize to a variety of alignment evaluations, and do not compromise the performance of large models. Next we investigate scaling trends for several training objectives relevant to alignment, comparing imitation learning, binary discrimination, and ranked preference modeling. We find that ranked preference modeling performs much better than imitation learning, and often scales more favorably with model size. In contrast, binary discrimination typically performs and scales very similarly to imitation learning. Finally we study a `preference model pre-training' stage of training, with the goal of improving sample efficiency when finetuning on human preferences.",
    "arxivid": "2112.00861v3",
    "bib_name": "Ageneralla59",
    "md_text": "# A general language assistant as a laboratory for alignment\n\n\nabstract\n\nGiven the broad capabilities of large language models, it should be possible to work towards a general-purpose, text-based assistant that is aligned with human values, meaning that it is helpful, honest, and harmless. As an initial foray in this direction we study simple baseline techniques and evaluations, such as prompting. We find that the benefits from modest interventions increase with model size, generalize to a variety of alignment evaluations, and do not compromise the performance of large models. Next we investigate scaling trends for several training objectives relevant to alignment, comparing imitation learning, binary discrimination, and ranked preference modeling. We find that ranked preference modeling performs much better than imitation learning, and often scales more favorably with model size. In contrast, binary discrimination typically performs and scales very similarly to imitation learning. Finally we study a `preference model pre-training' stage of training, with the goal of improving sample efficiency when finetuning on human preferences.",
    "paper_type": "benchmark",
    "attri": {
        "background": "This paper addresses the issue of aligning large language models with human values to ensure they are helpful, honest, and harmless. The necessity for this benchmark arises from the increasing capabilities of language models and the need to evaluate their alignment with human values in the broader context of AI safety and usability.",
        "problem": {
            "definition": "The benchmark is designed to address the challenge of developing a general-purpose text-based assistant that aligns with human values through effective evaluation techniques.",
            "key obstacle": "Existing benchmarks often lack comprehensive evaluation techniques for alignment, which this new benchmark aims to overcome by introducing more effective methods."
        },
        "idea": {
            "intuition": "The thought process behind this benchmark stems from the observation that simple interventions can significantly improve model alignment without compromising performance.",
            "opinion": "The authors believe that advancing the alignment of language models is crucial for their safe deployment in real-world applications.",
            "innovation": "This benchmark introduces novel evaluation techniques that differ from traditional methods, such as preference model pre-training, which enhances sample efficiency.",
            "benchmark abbreviation": "GLA"
        },
        "dataset": {
            "source": "The dataset was created through a combination of real-world data and synthetic generation methods to ensure a diverse range of alignment evaluations.",
            "desc": "The dataset includes a variety of alignment evaluations across different tasks and model sizes, making it suitable for comprehensive benchmarking.",
            "content": "The dataset includes text data related to alignment evaluations, focusing on human preferences and model outputs.",
            "size": "-",
            "domain": "Alignment Evaluation",
            "task format": "Evaluation of language model alignment"
        },
        "metrics": {
            "metric name": "Accuracy, F1-score",
            "aspect": "Model performance in terms of alignment with human values and effectiveness in various tasks.",
            "principle": "Metrics were selected based on their relevance to measuring alignment effectiveness and the practical implications of model outputs.",
            "procedure": "Model performance is evaluated through systematic testing against established alignment criteria using the selected metrics."
        },
        "experiments": {
            "model": "The benchmark tested various models, including state-of-the-art language models and baseline models.",
            "procedure": "Models were trained using different alignment techniques, including imitation learning and ranked preference modeling, with specific parameters tailored for each approach.",
            "result": "The experiments demonstrated that ranked preference modeling significantly outperformed imitation learning, particularly in scaling with model size.",
            "variability": "Variability in results was accounted for through multiple trials and by using different subsets of the dataset to ensure robustness."
        },
        "conclusion": "The key findings indicate that effective alignment techniques can enhance model performance without compromising their capabilities, highlighting the importance of these benchmarks in advancing AI safety.",
        "discussion": {
            "advantage": "The benchmark contributes to the field by providing a structured approach to evaluating alignment, which is crucial for developing safe and effective AI systems.",
            "limitation": "Potential limitations include the challenge of ensuring the dataset comprehensively covers all aspects of alignment and the subjective nature of human preferences.",
            "future work": "Future research should focus on expanding the dataset and refining evaluation techniques to address the limitations identified in current benchmarks."
        },
        "other info": []
    },
    "mount_outline": [
        {
            "section number": "7.1",
            "key information": "The paper discusses the bias and ethical concerns associated with large language models, emphasizing the necessity for alignment with human values to ensure models are helpful, honest, and harmless."
        },
        {
            "section number": "7.2",
            "key information": "The benchmark aims to address challenges related to computational resources and efficiency in evaluating model alignment through novel evaluation techniques."
        },
        {
            "section number": "3.1",
            "key information": "The paper introduces novel evaluation techniques, such as preference model pre-training, which enhance sample efficiency in training methodologies."
        },
        {
            "section number": "6.2",
            "key information": "The discussion highlights the application of the benchmark in ensuring that language models align with human values in conversational agents."
        },
        {
            "section number": "4.5",
            "key information": "The paper identifies challenges in the architecture of large language models related to alignment and suggests future directions for research in this area."
        },
        {
            "section number": "2.3",
            "key information": "The paper explores the limitations of traditional benchmarks that lack comprehensive evaluation techniques for alignment, which this new benchmark aims to overcome."
        }
    ],
    "similarity_score": null,
    "image": null,
    "path": "/home/liudingyuan/code/SurveyX/code/SurveyX-main/outputs/t1b/papers/A general language assistant as a laboratory for alignment.json"
}