{
    "from": null,
    "scholar_id": null,
    "detail_id": null,
    "title": "Adam: A method for stochastic optimization",
    "abstract": "We introduce Adam, an algorithm for first-order gradient-based optimization of stochastic objective functions, based on adaptive estimates of lower-order moments. The method is straightforward to implement, is computationally efficient, has little memory requirements, is invariant to diagonal rescaling of the gradients, and is well suited for problems that are large in terms of data and/or parameters. The method is also appropriate for non-stationary objectives and problems with very noisy and/or sparse gradients. The hyper-parameters have intuitive interpretations and typically require little tuning. Some connections to related algorithms, on which Adam was inspired, are discussed. We also analyze the theoretical convergence properties of the algorithm and provide a regret bound on the convergence rate that is comparable to the best known results under the online convex optimization framework. Empirical results demonstrate that Adam works well in practice and compares favorably to other stochastic optimization methods. Finally, we discuss AdaMax, a variant of Adam based on the infinity norm.",
    "arxivid": "1412.6980v9",
    "bib_name": "Adam:Ameth196",
    "md_text": "# Adam: A method for stochastic optimization\n\n\nabstract\n\nWe introduce Adam, an algorithm for first-order gradient-based optimization of stochastic objective functions, based on adaptive estimates of lower-order moments. The method is straightforward to implement, is computationally efficient, has little memory requirements, is invariant to diagonal rescaling of the gradients, and is well suited for problems that are large in terms of data and/or parameters. The method is also appropriate for non-stationary objectives and problems with very noisy and/or sparse gradients. The hyper-parameters have intuitive interpretations and typically require little tuning. Some connections to related algorithms, on which Adam was inspired, are discussed. We also analyze the theoretical convergence properties of the algorithm and provide a regret bound on the convergence rate that is comparable to the best known results under the online convex optimization framework. Empirical results demonstrate that Adam works well in practice and compares favorably to other stochastic optimization methods. Finally, we discuss AdaMax, a variant of Adam based on the infinity norm.",
    "paper_type": "method",
    "attri": {
        "background": "This paper addresses the issue of optimizing stochastic objective functions, highlighting the limitations of existing optimization methods that struggle with high-dimensional data and non-stationary objectives, thus necessitating a new approach for better performance.",
        "problem": {
            "definition": "The problem defined in this paper is the optimization of stochastic objective functions, which are functions that may have randomness in their evaluation.",
            "key obstacle": "The main difficulty is the inefficiency of existing methods in handling large datasets and non-stationary conditions, as well as their reliance on well-tuned hyper-parameters."
        },
        "idea": {
            "intuition": "The intuition behind Adam stems from the need for an optimization algorithm that can adaptively adjust learning rates based on the first and second moments of the gradients.",
            "opinion": "Adam proposes a novel optimization algorithm that combines the benefits of two existing methods, namely momentum and RMSProp, to achieve efficient stochastic optimization.",
            "innovation": "The primary innovation of Adam lies in its adaptive learning rate mechanism, which uses estimates of lower-order moments to adjust the learning rate for each parameter individually, improving convergence speed and stability."
        },
        "method": {
            "method name": "Adam",
            "method abbreviation": "Adaptive Moment Estimation",
            "method definition": "Adam is an optimization algorithm that computes adaptive learning rates for each parameter from estimates of first and second moments of the gradients.",
            "method description": "Adam combines the advantages of two popular optimization techniques, namely momentum and adaptive learning rate methods, to optimize stochastic objective functions effectively.",
            "method steps": "1. Initialize parameters and moment estimates. 2. Compute gradients. 3. Update moment estimates. 4. Update parameters using adaptive learning rates derived from the moments.",
            "principle": "The effectiveness of Adam is based on its ability to adaptively adjust the learning rates for each parameter, which allows it to converge faster and handle noisy gradients more effectively."
        },
        "experiments": {
            "evaluation setting": "The evaluation was conducted on various datasets and included comparisons with other stochastic optimization methods to assess performance.",
            "evaluation method": "Performance was measured by analyzing convergence rates and empirical results on the optimization tasks, with a focus on the algorithm's effectiveness in practice."
        },
        "conclusion": "The experiments demonstrate that Adam performs well in practice, providing competitive results compared to other stochastic optimization methods, and the theoretical analysis supports its convergence properties.",
        "discussion": {
            "advantage": "Key advantages of Adam include its computational efficiency, low memory requirements, and the intuitive nature of its hyper-parameters, which require little tuning.",
            "limitation": "A limitation of the method is that it may not perform as well on certain types of problems, particularly those that are highly non-convex or require careful tuning under specific conditions.",
            "future work": "Future research could explore further refinements of the Adam algorithm, its applications in different domains, and the development of variants like AdaMax that leverage different norms."
        },
        "other info": {
            "additional details": "The paper also discusses theoretical convergence properties and provides a regret bound that is comparable to the best known results in online convex optimization."
        }
    },
    "mount_outline": [
        {
            "section number": "2.3",
            "key information": "The main difficulty is the inefficiency of existing methods in handling large datasets and non-stationary conditions, as well as their reliance on well-tuned hyper-parameters."
        },
        {
            "section number": "3.1",
            "key information": "Adam is an optimization algorithm that computes adaptive learning rates for each parameter from estimates of first and second moments of the gradients."
        },
        {
            "section number": "3.4",
            "key information": "The effectiveness of Adam is based on its ability to adaptively adjust the learning rates for each parameter, which allows it to converge faster and handle noisy gradients more effectively."
        },
        {
            "section number": "7.2",
            "key information": "Key advantages of Adam include its computational efficiency, low memory requirements, and the intuitive nature of its hyper-parameters, which require little tuning."
        },
        {
            "section number": "7.3",
            "key information": "A limitation of the method is that it may not perform as well on certain types of problems, particularly those that are highly non-convex or require careful tuning under specific conditions."
        }
    ],
    "similarity_score": null,
    "image": null,
    "path": "/home/liudingyuan/code/SurveyX/code/SurveyX-main/outputs/t1b/papers/Adam_ A method for stochastic optimization.json"
}