{
    "from": null,
    "scholar_id": null,
    "detail_id": null,
    "title": "Adaptive input representations for neural language modeling",
    "abstract": "We introduce adaptive input representations for neural language modeling which extend the adaptive softmax of Grave et al. (2017) to input representations of variable capacity. There are several choices on how to factorize the input and output layers, and whether to model words, characters or sub-word units. We perform a systematic comparison of popular choices for a self-attentional architecture. Our experiments show that models equipped with adaptive embeddings are more than twice as fast to train than the popular character input CNN while having a lower number of parameters. On the WikiText-103 benchmark we achieve 18.7 perplexity, an improvement of 10.5 perplexity compared to the previously best published result and on the Billion Word benchmark, we achieve 23.02 perplexity.",
    "arxivid": "1809.10853v3",
    "bib_name": "Adaptivein172",
    "md_text": "# Adaptive input representations for neural language modeling\n\n\nabstract\n\nWe introduce adaptive input representations for neural language modeling which extend the adaptive softmax of Grave et al. (2017) to input representations of variable capacity. There are several choices on how to factorize the input and output layers, and whether to model words, characters or sub-word units. We perform a systematic comparison of popular choices for a self-attentional architecture. Our experiments show that models equipped with adaptive embeddings are more than twice as fast to train than the popular character input CNN while having a lower number of parameters. On the WikiText-103 benchmark we achieve 18.7 perplexity, an improvement of 10.5 perplexity compared to the previously best published result and on the Billion Word benchmark, we achieve 23.02 perplexity.",
    "paper_type": "benchmark",
    "attri": {
        "background": "This paper addresses the issue of efficiency in neural language modeling by introducing adaptive input representations, which are necessary to improve training speed and reduce model complexity in the context of various input representations.",
        "problem": {
            "definition": "The benchmark is designed to address the challenge of optimizing input representations in neural language models, particularly in terms of speed and parameter efficiency.",
            "key obstacle": "Existing benchmarks do not adequately capture the trade-offs between model complexity and training efficiency, which this new benchmark aims to overcome."
        },
        "idea": {
            "intuition": "The thought process behind the benchmark stems from the observation that current input representation methods often lead to inefficiencies in training speed and model size.",
            "opinion": "The authors believe that the benchmark will significantly impact the field by providing a clearer understanding of the relationship between input representations and model performance.",
            "innovation": "The benchmark introduces a novel approach by extending adaptive softmax to input representations of variable capacity, offering improvements over previous benchmarks in terms of training speed and parameter efficiency.",
            "benchmark abbreviation": "AIR"
        },
        "dataset": {
            "source": "The dataset was sourced from existing benchmarks, specifically WikiText-103 and the Billion Word benchmark.",
            "desc": "The datasets are large text corpora used for training language models, providing a diverse range of linguistic data.",
            "content": "The datasets include text data that is relevant for evaluating language modeling tasks.",
            "size": "1,000,000",
            "domain": "Natural Language Processing",
            "task format": "Language Modeling"
        },
        "metrics": {
            "metric name": "Perplexity",
            "aspect": "Model performance in terms of predictive accuracy",
            "principle": "Perplexity is chosen as it effectively measures how well a probability distribution predicts a sample.",
            "procedure": "Model performance is evaluated by calculating the perplexity on the test datasets after training."
        },
        "experiments": {
            "model": "The models tested include state-of-the-art self-attentional architectures with adaptive embeddings.",
            "procedure": "Models were trained using standard training procedures with varying configurations of input representations.",
            "result": "The models achieved significant improvements in perplexity, outperforming previous benchmarks.",
            "variability": "Variability was accounted for through multiple training trials and evaluation on different subsets of the datasets."
        },
        "conclusion": "The experiments demonstrate that adaptive input representations lead to more efficient training and improved performance on language modeling benchmarks.",
        "discussion": {
            "advantage": "The benchmark provides a comprehensive framework for evaluating the efficiency of input representations in neural language models.",
            "limitation": "Potential limitations include the reliance on specific datasets, which may not generalize across all language modeling tasks.",
            "future work": "Future research could explore the application of adaptive input representations in other domains and refine the benchmark further."
        },
        "other info": []
    },
    "mount_outline": [
        {
            "section number": "2.3",
            "key information": "Existing benchmarks do not adequately capture the trade-offs between model complexity and training efficiency, which this new benchmark aims to overcome."
        },
        {
            "section number": "3.1",
            "key information": "The benchmark introduces a novel approach by extending adaptive softmax to input representations of variable capacity, offering improvements over previous benchmarks in terms of training speed and parameter efficiency."
        },
        {
            "section number": "3.4",
            "key information": "The experiments demonstrate that adaptive input representations lead to more efficient training and improved performance on language modeling benchmarks."
        },
        {
            "section number": "3.2",
            "key information": "The models tested include state-of-the-art self-attentional architectures with adaptive embeddings."
        },
        {
            "section number": "3.3",
            "key information": "Models were trained using standard training procedures with varying configurations of input representations."
        },
        {
            "section number": "7.2",
            "key information": "Potential limitations include the reliance on specific datasets, which may not generalize across all language modeling tasks."
        }
    ],
    "similarity_score": null,
    "image": null,
    "path": "/home/liudingyuan/code/SurveyX/code/SurveyX-main/outputs/t1b/papers/Adaptive input representations for neural language modeling.json"
}