{
    "from": null,
    "scholar_id": null,
    "detail_id": null,
    "title": "Aligning books and movies: Towards story-like visual explanations by watching movies and reading books",
    "abstract": "Books are a rich source of both fine-grained information, how a character, an object or a scene looks like, as well as high-level semantics, what someone is thinking, feeling and how these states evolve through a story. This paper aims to align books to their movie releases in order to provide rich descriptive explanations for visual content that go semantically far beyond the captions available in the current datasets. To align movies and books we propose a neural sentence embedding that is trained in an unsupervised way from a large corpus of books, as well as a video-text neural embedding for computing similarities between movie clips and sentences in the book. We propose a context-aware CNN to combine information from multiple sources. We demonstrate good quantitative performance for movie/book alignment and show several qualitative examples that showcase the diversity of tasks our model can be used for.",
    "arxivid": "1506.06724v1",
    "bib_name": "Aligningbo86",
    "md_text": "# Aligning books and movies: Towards story-like visual explanations by watching movies and reading books\n\n\nabstract\n\nBooks are a rich source of both fine-grained information, how a character, an object or a scene looks like, as well as high-level semantics, what someone is thinking, feeling and how these states evolve through a story. This paper aims to align books to their movie releases in order to provide rich descriptive explanations for visual content that go semantically far beyond the captions available in the current datasets. To align movies and books we propose a neural sentence embedding that is trained in an unsupervised way from a large corpus of books, as well as a video-text neural embedding for computing similarities between movie clips and sentences in the book. We propose a context-aware CNN to combine information from multiple sources. We demonstrate good quantitative performance for movie/book alignment and show several qualitative examples that showcase the diversity of tasks our model can be used for.",
    "paper_type": "method",
    "attri": {
        "background": "This paper addresses the issue of aligning books to their movie releases to provide rich descriptive explanations for visual content, highlighting the limitations of current datasets that rely on simple captions.",
        "problem": {
            "definition": "The problem is the lack of effective methods to align the fine-grained and high-level semantic information present in books with their corresponding movie adaptations.",
            "key obstacle": "The core obstacle is the challenge of creating a robust alignment between textual descriptions in books and visual content in movies, which existing methods fail to achieve effectively."
        },
        "idea": {
            "intuition": "The idea was inspired by the need to enhance the understanding of visual content through deeper semantic connections with textual narratives.",
            "opinion": "The proposed idea involves using neural sentence embeddings and video-text neural embeddings to establish a meaningful alignment between books and movies.",
            "innovation": "The primary innovation lies in the development of a context-aware CNN that integrates information from multiple sources, significantly improving the alignment process compared to traditional methods."
        },
        "method": {
            "method name": "Context-Aware CNN for Book-Movie Alignment",
            "method abbreviation": "CA-CNN",
            "method definition": "CA-CNN is a method that utilizes neural embeddings trained on a large corpus of books and movie clips to align textual and visual content effectively.",
            "method description": "The method combines neural sentence embeddings with video-text embeddings to create a comprehensive alignment framework.",
            "method steps": "1. Train neural sentence embeddings from a large corpus of books. 2. Compute similarities between movie clips and book sentences using video-text embeddings. 3. Apply a context-aware CNN to integrate information from multiple sources.",
            "principle": "The effectiveness of this method is supported by the ability to capture both fine-grained visual details and high-level semantic meanings, allowing for a richer alignment between books and movies."
        },
        "experiments": {
            "evaluation setting": "The experimental setup involves a dataset of books and their corresponding movie adaptations, along with baseline methods for comparison.",
            "evaluation method": "The performance of the method is assessed through quantitative metrics for alignment accuracy and qualitative analysis of the alignment outputs."
        },
        "conclusion": "The experiments demonstrate good quantitative performance in movie/book alignment and provide qualitative examples showcasing the diverse applications of the proposed model.",
        "discussion": {
            "advantage": "The key advantages include the ability to provide richer and more meaningful visual explanations compared to existing methods, enhancing the understanding of visual content.",
            "limitation": "One limitation is the dependence on the quality of the input data, as inaccuracies in book or movie content may affect alignment results.",
            "future work": "Future research could focus on improving the robustness of the method against varying narrative styles and exploring additional applications in multimedia content analysis."
        },
        "other info": []
    },
    "mount_outline": [
        {
            "section number": "1.1",
            "key information": "The paper addresses the issue of aligning books to their movie releases, highlighting the limitations of current datasets that rely on simple captions, which underscores the significance of effective alignment in natural language processing."
        },
        {
            "section number": "2.1",
            "key information": "The paper defines the problem of aligning fine-grained and high-level semantic information present in books with their corresponding movie adaptations, establishing the core concepts of alignment in NLP."
        },
        {
            "section number": "2.3",
            "key information": "The core obstacle identified is the challenge of creating a robust alignment between textual descriptions in books and visual content in movies, which traditional methods fail to achieve effectively."
        },
        {
            "section number": "3.1",
            "key information": "The proposed method, Context-Aware CNN, utilizes neural embeddings trained on a large corpus of books and movie clips to enhance data utilization and training methodologies for alignment."
        },
        {
            "section number": "4.1",
            "key information": "The method involves a context-aware CNN that integrates information from multiple sources, detailing the core components and mechanisms of the proposed architecture for book-movie alignment."
        },
        {
            "section number": "7.2",
            "key information": "The paper discusses the limitation of dependence on the quality of input data, highlighting challenges related to computational resources and efficiency in the alignment process."
        },
        {
            "section number": "8",
            "key information": "The conclusion emphasizes good quantitative performance in movie/book alignment and suggests areas for future exploration, including improving robustness against varying narrative styles."
        }
    ],
    "similarity_score": null,
    "image": null,
    "path": "/home/liudingyuan/code/SurveyX/code/SurveyX-main/outputs/t1b/papers/Aligning books and movies_ Towards story-like visual explanations by watching movies and reading books.json"
}