{
    "from": null,
    "scholar_id": null,
    "detail_id": null,
    "title": "Attention is all you need",
    "abstract": "Beyond the success story of pre-trained language models (PrLMs) in recent natural language processing, they are susceptible to over-fitting due to unusual large model size. To this end, dropout serves as a therapy. However, existing methods like random-based, knowledge-based and search-based dropout are more general but less effective onto self-attention based models, which are broadly chosen as the fundamental architecture of PrLMs. In this paper, we propose a novel dropout method named AttendOut to let self-attention empowered PrLMs capable of more robust task-specific tuning. We demonstrate that state-of-the-art models with elaborate training design may achieve much stronger results. We verify the universality of our approach on extensive natural language processing tasks.",
    "arxivid": "1706.03762v7",
    "bib_name": "Attentioni4",
    "md_text": "# Attention is all you need\n\n\nabstract\n\nBeyond the success story of pre-trained language models (PrLMs) in recent natural language processing, they are susceptible to over-fitting due to unusual large model size. To this end, dropout serves as a therapy. However, existing methods like random-based, knowledge-based and search-based dropout are more general but less effective onto self-attention based models, which are broadly chosen as the fundamental architecture of PrLMs. In this paper, we propose a novel dropout method named AttendOut to let self-attention empowered PrLMs capable of more robust task-specific tuning. We demonstrate that state-of-the-art models with elaborate training design may achieve much stronger results. We verify the universality of our approach on extensive natural language processing tasks.",
    "paper_type": "method",
    "attri": {
        "background": "This paper addresses the issue of over-fitting in pre-trained language models (PrLMs), particularly due to their unusually large model size. Previous dropout methods, including random-based, knowledge-based, and search-based approaches, have proven to be more general but less effective for self-attention based models, which are commonly used in PrLMs. A new breakthrough is necessary to enhance the robustness of task-specific tuning.",
        "problem": {
            "definition": "The problem defined in this paper is the susceptibility of pre-trained language models to over-fitting, primarily due to their large size and the ineffectiveness of existing dropout methods in self-attention architectures.",
            "key obstacle": "The main difficulty lies in the inadequacy of current dropout techniques to effectively mitigate over-fitting in self-attention based models, hindering their performance in specific tasks."
        },
        "idea": {
            "intuition": "The idea behind the proposed method, AttendOut, stems from the observation that existing dropout methods do not leverage the unique properties of self-attention mechanisms in PrLMs.",
            "opinion": "The proposed idea, AttendOut, aims to enhance the robustness of self-attention based PrLMs by providing a novel dropout strategy that facilitates more effective task-specific tuning.",
            "innovation": "The primary innovation of AttendOut lies in its tailored approach to dropout specifically designed for self-attention models, contrasting with existing dropout methods that are not optimized for this architecture."
        },
        "method": {
            "method name": "AttendOut",
            "method abbreviation": "AO",
            "method definition": "AttendOut is a dropout method specifically designed for self-attention based pre-trained language models, aimed at improving their robustness during task-specific tuning.",
            "method description": "AttendOut enhances the tuning process of self-attention models by applying a novel dropout technique that is more effective than traditional methods.",
            "method steps": "The method involves integrating the AttendOut dropout strategy into the training process of self-attention based models, followed by robust task-specific tuning.",
            "principle": "This method is effective due to its ability to leverage the properties of self-attention mechanisms, thus providing a more tailored approach to dropout that addresses the unique challenges posed by large model sizes."
        },
        "experiments": {
            "evaluation setting": "The experimental setup includes extensive natural language processing tasks and comparisons against state-of-the-art models with elaborate training designs.",
            "evaluation method": "The evaluation method involves measuring the performance of models with and without the AttendOut dropout method, analyzing the results to assess improvements in robustness and effectiveness."
        },
        "conclusion": "The outcomes of the experiments demonstrate that the AttendOut method significantly enhances the performance of self-attention based models, leading to stronger results in various natural language processing tasks.",
        "discussion": {
            "advantage": "The key advantages of AttendOut include its tailored approach to dropout for self-attention models, which improves robustness and task-specific performance compared to traditional methods.",
            "limitation": "One limitation of the method may be its dependency on the architecture of the model; it may not be as effective for non-self-attention based models.",
            "future work": "Future work could explore further optimizations of the AttendOut method and its applicability to other model architectures or tasks, as well as investigating alternative dropout strategies."
        },
        "other info": []
    },
    "mount_outline": [
        {
            "section number": "3.1",
            "key information": "The proposed method, AttendOut, enhances the tuning process of self-attention models by applying a novel dropout technique that is more effective than traditional methods."
        },
        {
            "section number": "3.4",
            "key information": "AttendOut is a dropout method specifically designed for self-attention based pre-trained language models, aimed at improving their robustness during task-specific tuning."
        },
        {
            "section number": "3.6",
            "key information": "The outcomes of the experiments demonstrate that the AttendOut method significantly enhances the performance of self-attention based models, leading to stronger results in various natural language processing tasks."
        },
        {
            "section number": "7.2",
            "key information": "The main difficulty lies in the inadequacy of current dropout techniques to effectively mitigate over-fitting in self-attention based models, hindering their performance in specific tasks."
        },
        {
            "section number": "7.4",
            "key information": "One limitation of the method may be its dependency on the architecture of the model; it may not be as effective for non-self-attention based models."
        }
    ],
    "similarity_score": null,
    "image": null,
    "path": "/home/liudingyuan/code/SurveyX/code/SurveyX-main/outputs/t1b/papers/Attention is all you need.json"
}