{
    "from": null,
    "scholar_id": null,
    "detail_id": null,
    "title": "Bag of tricks for efficient text classification",
    "abstract": "This paper explores a simple and efficient baseline for text classification. Our experiments show that our fast text classifier fastText is often on par with deep learning classifiers in terms of accuracy, and many orders of magnitude faster for training and evaluation. We can train fastText on more than one billion words in less than ten minutes using a standard multicore CPU, and classify half a million sentences among 312K classes in less than a minute.",
    "arxivid": "1607.01759v3",
    "bib_name": "Bagoftrick151",
    "md_text": "# Bag of tricks for efficient text classification\n\n\nabstract\n\nThis paper explores a simple and efficient baseline for text classification. Our experiments show that our fast text classifier fastText is often on par with deep learning classifiers in terms of accuracy, and many orders of magnitude faster for training and evaluation. We can train fastText on more than one billion words in less than ten minutes using a standard multicore CPU, and classify half a million sentences among 312K classes in less than a minute.",
    "paper_type": "benchmark",
    "attri": {
        "background": "This paper addresses the issue of efficient text classification, highlighting the need for fast and accurate models that can handle large datasets in a timely manner.",
        "problem": {
            "definition": "The benchmark is designed to address the challenge of text classification speed and efficiency while maintaining competitive accuracy.",
            "key obstacle": "Existing benchmarks often focus on accuracy without considering the computational efficiency and speed required for large-scale applications."
        },
        "idea": {
            "intuition": "The thought process behind the benchmark stems from the observation that while deep learning models achieve high accuracy, they are often too slow for practical use in large datasets.",
            "opinion": "The authors believe that a fast and efficient text classifier can significantly impact the field by making text classification accessible for real-time applications.",
            "innovation": "The benchmark introduces fastText, which is a simple and efficient baseline that offers comparable accuracy to deep learning models but at a fraction of the training and evaluation time.",
            "benchmark abbreviation": "fastText"
        },
        "dataset": {
            "source": "The dataset was collected from real-world text sources, comprising a large corpus of words and sentences.",
            "desc": "The dataset includes over one billion words and supports classification among 312,000 classes, making it suitable for evaluating text classification models.",
            "content": "The dataset consists of text data related to various categories for classification tasks.",
            "size": "1,000,000,000",
            "domain": "Text Classification",
            "task format": "Classification"
        },
        "metrics": {
            "metric name": "Accuracy, Training Time",
            "aspect": "Accuracy and computational efficiency of the models.",
            "principle": "The metrics were chosen to reflect both the performance and the practical usability of the classifiers in real-world scenarios.",
            "procedure": "Models were evaluated based on their accuracy in classifying text and the time taken to train and evaluate them."
        },
        "experiments": {
            "model": "The benchmark tested fastText against various deep learning classifiers.",
            "procedure": "Models were trained on a large dataset using standard multicore CPUs, with a focus on optimizing training time and accuracy.",
            "result": "fastText achieved competitive accuracy compared to deep learning models while being significantly faster in training and evaluation.",
            "variability": "Variability was accounted for by conducting multiple trials across different subsets of the dataset to ensure robust performance evaluation."
        },
        "conclusion": "The experiments demonstrate that fastText is a viable alternative to deep learning classifiers for text classification, offering a balance of speed and accuracy.",
        "discussion": {
            "advantage": "The benchmark provides a fast and efficient alternative for text classification, making it suitable for large-scale applications.",
            "limitation": "While fastText is efficient, it may not capture the complexity of certain text patterns as well as deeper models.",
            "future work": "Future research could explore enhancements to fastText or hybrid models that combine efficiency with deeper learning capabilities."
        },
        "other info": []
    },
    "mount_outline": [
        {
            "section number": "1.1",
            "key information": "The paper addresses the issue of efficient text classification, highlighting the need for fast and accurate models that can handle large datasets in a timely manner."
        },
        {
            "section number": "2.3",
            "key information": "Existing benchmarks often focus on accuracy without considering the computational efficiency and speed required for large-scale applications."
        },
        {
            "section number": "3.1",
            "key information": "The benchmark introduces fastText, which is a simple and efficient baseline that offers comparable accuracy to deep learning models but at a fraction of the training and evaluation time."
        },
        {
            "section number": "3.4",
            "key information": "fastText achieved competitive accuracy compared to deep learning models while being significantly faster in training and evaluation."
        },
        {
            "section number": "7.2",
            "key information": "The metrics were chosen to reflect both the performance and the practical usability of the classifiers in real-world scenarios."
        },
        {
            "section number": "7.4",
            "key information": "While fastText is efficient, it may not capture the complexity of certain text patterns as well as deeper models."
        }
    ],
    "similarity_score": null,
    "image": null,
    "path": "/home/liudingyuan/code/SurveyX/code/SurveyX-main/outputs/t1b/papers/Bag of tricks for efficient text classification.json"
}