{
    "from": null,
    "scholar_id": null,
    "detail_id": null,
    "title": "Baichuan 2: Open large-scale language models",
    "abstract": "Large language models (LLMs) have demonstrated remarkable performance on a variety of natural language tasks based on just a few examples of natural language instructions, reducing the need for extensive feature engineering. However, most powerful LLMs are closed-source or limited in their capability for languages other than English. In this technical report, we present Baichuan 2, a series of large-scale multilingual language models containing 7 billion and 13 billion parameters, trained from scratch, on 2.6 trillion tokens. Baichuan 2 matches or outperforms other open-source models of similar size on public benchmarks like MMLU, CMMLU, GSM8K, and HumanEval. Furthermore, Baichuan 2 excels in vertical domains such as medicine and law. We will release all pre-training model checkpoints to benefit the research community in better understanding the training dynamics of Baichuan 2.",
    "arxivid": "2309.10305v4",
    "bib_name": "Baichuan2:55",
    "md_text": "# Baichuan 2: Open large-scale language models\n\n\nabstract\n\nLarge language models (LLMs) have demonstrated remarkable performance on a variety of natural language tasks based on just a few examples of natural language instructions, reducing the need for extensive feature engineering. However, most powerful LLMs are closed-source or limited in their capability for languages other than English. In this technical report, we present Baichuan 2, a series of large-scale multilingual language models containing 7 billion and 13 billion parameters, trained from scratch, on 2.6 trillion tokens. Baichuan 2 matches or outperforms other open-source models of similar size on public benchmarks like MMLU, CMMLU, GSM8K, and HumanEval. Furthermore, Baichuan 2 excels in vertical domains such as medicine and law. We will release all pre-training model checkpoints to benefit the research community in better understanding the training dynamics of Baichuan 2.",
    "paper_type": "benchmark",
    "attri": {
        "background": "This paper addresses the issue of the limitations of existing large language models (LLMs) that are often closed-source and primarily focused on English, highlighting the necessity for an open-source, multilingual alternative.",
        "problem": {
            "definition": "The benchmark is designed to evaluate the performance of large-scale multilingual language models on various natural language tasks, particularly in comparison to existing models.",
            "key obstacle": "Existing benchmarks often do not adequately assess the multilingual capabilities of models or their performance in specialized domains like medicine and law."
        },
        "idea": {
            "intuition": "The development of Baichuan 2 was inspired by the need for open-source multilingual models that can perform well across diverse languages and specialized domains.",
            "opinion": "The authors believe that Baichuan 2 has the potential to significantly advance research in multilingual natural language processing by providing accessible model checkpoints.",
            "innovation": "Baichuan 2 introduces a new set of large-scale language models that are trained from scratch on a vast dataset, improving upon the performance of existing models in both general and vertical domains.",
            "benchmark abbreviation": "Baichuan 2"
        },
        "dataset": {
            "source": "The dataset was created by training on 2.6 trillion tokens, sourced from a combination of real-world data and synthetic generation.",
            "desc": "The dataset is extensive, designed to cover a wide range of natural language tasks and includes diverse linguistic content.",
            "content": "The dataset includes text data that encompasses various languages and specialized domains, facilitating the evaluation of multilingual capabilities.",
            "size": "2,600,000,000,000",
            "domain": "Multilingual Natural Language Processing",
            "task format": "Natural Language Understanding"
        },
        "metrics": {
            "metric name": "Accuracy, F1-score",
            "aspect": "Model performance in terms of accuracy and efficiency in various tasks.",
            "principle": "Metrics were chosen based on their relevance to the tasks being benchmarked and their ability to provide a comprehensive evaluation of model performance.",
            "procedure": "Model performance was evaluated by comparing results against established benchmarks and through rigorous testing across multiple tasks."
        },
        "experiments": {
            "model": "The models tested include both the 7 billion and 13 billion parameter versions of Baichuan 2, compared against other open-source models.",
            "procedure": "Models were trained using large-scale datasets with specific parameters tailored for multilingual processing and evaluated on various public benchmarks.",
            "result": "Baichuan 2 matches or outperforms other models of similar size on multiple benchmarks, demonstrating its effectiveness.",
            "variability": "Variability in results was accounted for through multiple trials and comparisons across different datasets."
        },
        "conclusion": "The experiments indicate that Baichuan 2 offers significant advancements in multilingual model performance, particularly in specialized domains, and contributes valuable resources to the research community.",
        "discussion": {
            "advantage": "The benchmark provides a comprehensive evaluation of multilingual capabilities and supports further research in open-source model development.",
            "limitation": "Potential limitations include the reliance on the quality of the training data and the challenges in evaluating performance across all languages equally.",
            "future work": "Future research could explore enhancing model capabilities in underrepresented languages and further refining the evaluation benchmarks."
        },
        "other info": []
    },
    "mount_outline": [
        {
            "section number": "2.3",
            "key information": "Existing benchmarks often do not adequately assess the multilingual capabilities of models or their performance in specialized domains like medicine and law."
        },
        {
            "section number": "3.6",
            "key information": "Baichuan 2 introduces a new set of large-scale language models that are trained from scratch on a vast dataset, improving upon the performance of existing models in both general and vertical domains."
        },
        {
            "section number": "2.1",
            "key information": "The paper addresses the issue of the limitations of existing large language models (LLMs) that are often closed-source and primarily focused on English, highlighting the necessity for an open-source, multilingual alternative."
        },
        {
            "section number": "4.1",
            "key information": "The models tested include both the 7 billion and 13 billion parameter versions of Baichuan 2, compared against other open-source models."
        },
        {
            "section number": "7.2",
            "key information": "Potential limitations include the reliance on the quality of the training data and the challenges in evaluating performance across all languages equally."
        },
        {
            "section number": "7.3",
            "key information": "Future research could explore enhancing model capabilities in underrepresented languages and further refining the evaluation benchmarks."
        }
    ],
    "similarity_score": null,
    "image": null,
    "path": "/home/liudingyuan/code/SurveyX/code/SurveyX-main/outputs/t1b/papers/Baichuan 2_ Open large-scale language models.json"
}