{
    "from": null,
    "scholar_id": null,
    "detail_id": null,
    "title": "BART: denoising sequence-to-sequence pre-training for natural language generation, translation, and comprehension",
    "abstract": "We present BART, a denoising autoencoder for pretraining sequence-to-sequence models. BART is trained by (1) corrupting text with an arbitrary noising function, and (2) learning a model to reconstruct the original text. It uses a standard Tranformer-based neural machine translation architecture which, despite its simplicity, can be seen as generalizing BERT (due to the bidirectional encoder), GPT (with the left-to-right decoder), and other recent pretraining schemes. We evaluate a number of noising approaches, finding the best performance by both randomly shuffling the order of sentences and using a novel in-filling scheme, where spans of text are replaced with a single mask token. BART is particularly effective when fine tuned for text generation but also works well for comprehension tasks. It matches the performance of RoBERTa on GLUE and SQuAD, and achieves new state-of-the-art results on a range of abstractive dialogue, question answering, and summarization tasks, with gains of up to 3.5 ROUGE. BART also provides a 1.1 BLEU increase over a back-translation system for machine translation, with only target language pretraining. We also replicate other pretraining schemes within the BART framework, to understand their effect on end-task performance.",
    "arxivid": "1910.13461v1",
    "bib_name": "BART:denoi6",
    "md_text": "# BART: denoising sequence-to-sequence pre-training for natural language generation, translation, and comprehension\n\n\nabstract\n\nWe present BART, a denoising autoencoder for pretraining sequence-to-sequence models. BART is trained by (1) corrupting text with an arbitrary noising function, and (2) learning a model to reconstruct the original text. It uses a standard Tranformer-based neural machine translation architecture which, despite its simplicity, can be seen as generalizing BERT (due to the bidirectional encoder), GPT (with the left-to-right decoder), and other recent pretraining schemes. We evaluate a number of noising approaches, finding the best performance by both randomly shuffling the order of sentences and using a novel in-filling scheme, where spans of text are replaced with a single mask token. BART is particularly effective when fine tuned for text generation but also works well for comprehension tasks. It matches the performance of RoBERTa on GLUE and SQuAD, and achieves new state-of-the-art results on a range of abstractive dialogue, question answering, and summarization tasks, with gains of up to 3.5 ROUGE. BART also provides a 1.1 BLEU increase over a back-translation system for machine translation, with only target language pretraining. We also replicate other pretraining schemes within the BART framework, to understand their effect on end-task performance.",
    "paper_type": "method",
    "attri": {
        "background": "This paper addresses the issue of improving sequence-to-sequence models in natural language processing by introducing a new pretraining method called BART, which utilizes a denoising autoencoder approach. Previous methods have struggled with effective pretraining for tasks such as text generation, translation, and comprehension, highlighting the need for a more robust solution.",
        "problem": {
            "definition": "The problem defined in this paper is the inefficiency of existing pretraining methods for sequence-to-sequence models, which limits their performance in various natural language tasks.",
            "key obstacle": "The main difficulty is the lack of a unified approach that effectively combines the strengths of different pretraining techniques, such as bidirectional and left-to-right modeling, which hinders the models' ability to generalize across tasks."
        },
        "idea": {
            "intuition": "The intuition behind BART is to leverage a denoising approach that corrupts input text and trains models to reconstruct the original text, thereby enhancing their understanding of language structure and context.",
            "opinion": "BART proposes a novel method that integrates various noising techniques to improve the pretraining process, making it versatile for different NLP tasks.",
            "innovation": "The primary innovation of BART lies in its combination of a bidirectional encoder and a left-to-right decoder, along with the implementation of unique noising strategies, which collectively enhance the model's performance across multiple language tasks."
        },
        "method": {
            "method name": "BART",
            "method abbreviation": "BART",
            "method definition": "BART is a denoising autoencoder for pretraining sequence-to-sequence models, trained by corrupting text and learning to reconstruct it.",
            "method description": "BART utilizes a Transformer-based architecture to effectively learn from corrupted text inputs.",
            "method steps": "1. Corrupt the text using an arbitrary noising function; 2. Train the model to reconstruct the original text from the corrupted version.",
            "principle": "The effectiveness of BART stems from its ability to learn robust representations of language by reconstructing original text from various corrupted forms, allowing it to excel in tasks requiring comprehension and generation."
        },
        "experiments": {
            "evaluation setting": "The evaluation involved comparing BART against baseline methods on several tasks, including GLUE and SQuAD, and assessing its performance on abstractive dialogue, question answering, and summarization tasks.",
            "evaluation method": "Performance was measured using metrics such as ROUGE and BLEU, with results analyzed to determine the effectiveness of the different noising approaches employed in training."
        },
        "conclusion": "The experiments demonstrate that BART achieves state-of-the-art results on various NLP tasks, significantly improving upon existing methods and showcasing its versatility and effectiveness in both generation and comprehension.",
        "discussion": {
            "advantage": "BART's key advantages include its ability to handle diverse NLP tasks effectively and its superior performance due to the innovative denoising training approach.",
            "limitation": "A limitation of BART may include its reliance on specific noising functions, which could affect generalizability to other types of text or tasks not covered in the evaluation.",
            "future work": "Future research could explore further refinements of the noising techniques, as well as applications of BART to additional NLP tasks or languages to enhance its utility and performance."
        },
        "other info": []
    },
    "mount_outline": [
        {
            "section number": "2.3",
            "key information": "The problem defined in this paper is the inefficiency of existing pretraining methods for sequence-to-sequence models, which limits their performance in various natural language tasks."
        },
        {
            "section number": "3.1",
            "key information": "BART is a denoising autoencoder for pretraining sequence-to-sequence models, trained by corrupting text and learning to reconstruct it."
        },
        {
            "section number": "3.2",
            "key information": "The primary innovation of BART lies in its combination of a bidirectional encoder and a left-to-right decoder, along with the implementation of unique noising strategies, which collectively enhance the model's performance across multiple language tasks."
        },
        {
            "section number": "3.4",
            "key information": "The effectiveness of BART stems from its ability to learn robust representations of language by reconstructing original text from various corrupted forms, allowing it to excel in tasks requiring comprehension and generation."
        },
        {
            "section number": "5.1",
            "key information": "BART's key advantages include its ability to handle diverse NLP tasks effectively and its superior performance due to the innovative denoising training approach."
        },
        {
            "section number": "7.2",
            "key information": "A limitation of BART may include its reliance on specific noising functions, which could affect generalizability to other types of text or tasks not covered in the evaluation."
        }
    ],
    "similarity_score": null,
    "image": null,
    "path": "/home/liudingyuan/code/SurveyX/code/SurveyX-main/outputs/t1b/papers/BART_ denoising sequence-to-sequence pre-training for natural language generation, translation, and comprehension.json"
}