{
    "from": null,
    "scholar_id": null,
    "detail_id": null,
    "title": "Batch normalization: Accelerating deep network training by reducing internal covariate shift",
    "abstract": "Training Deep Neural Networks is complicated by the fact that the distribution of each layer's inputs changes during training, as the parameters of the previous layers change. This slows down the training by requiring lower learning rates and careful parameter initialization, and makes it notoriously hard to train models with saturating nonlinearities. We refer to this phenomenon as internal covariate shift, and address the problem by normalizing layer inputs. Our method draws its strength from making normalization a part of the model architecture and performing the normalization for each training mini-batch. Batch Normalization allows us to use much higher learning rates and be less careful about initialization, and in some cases eliminates the need for Dropout. Applied to a state-of-the-art image classification model, Batch Normalization achieves the same accuracy with 14 times fewer training steps, and beats the original model by a significant margin. Using an ensemble of batch-normalized networks, we improve upon the best published result on ImageNet classification: reaching 4.82% top-5 test error, exceeding the accuracy of human raters.",
    "arxivid": "1502.03167v3",
    "bib_name": "Batchnorma169",
    "md_text": "# Batch normalization: Accelerating deep network training by reducing internal covariate shift\n\n\nabstract\n\nTraining Deep Neural Networks is complicated by the fact that the distribution of each layer's inputs changes during training, as the parameters of the previous layers change. This slows down the training by requiring lower learning rates and careful parameter initialization, and makes it notoriously hard to train models with saturating nonlinearities. We refer to this phenomenon as internal covariate shift, and address the problem by normalizing layer inputs. Our method draws its strength from making normalization a part of the model architecture and performing the normalization for each training mini-batch. Batch Normalization allows us to use much higher learning rates and be less careful about initialization, and in some cases eliminates the need for Dropout. Applied to a state-of-the-art image classification model, Batch Normalization achieves the same accuracy with 14 times fewer training steps, and beats the original model by a significant margin. Using an ensemble of batch-normalized networks, we improve upon the best published result on ImageNet classification: reaching 4.82% top-5 test error, exceeding the accuracy of human raters.",
    "paper_type": "method",
    "attri": {
        "background": "Training Deep Neural Networks is complicated by the fact that the distribution of each layer's inputs changes during training, as the parameters of the previous layers change. This slows down the training by requiring lower learning rates and careful parameter initialization, and makes it notoriously hard to train models with saturating nonlinearities. We refer to this phenomenon as internal covariate shift, and address the problem by normalizing layer inputs.",
        "problem": {
            "definition": "The problem addressed is the internal covariate shift that occurs during the training of Deep Neural Networks, which complicates training due to changing input distributions across layers.",
            "key obstacle": "The core obstacle is that the changing distribution of inputs requires lower learning rates and careful parameter initialization, making training inefficient and difficult."
        },
        "idea": {
            "intuition": "The idea is inspired by the observation that normalizing the inputs of each layer can stabilize the learning process and improve training efficiency.",
            "opinion": "The proposed idea entails incorporating normalization into the model architecture itself, applying it to each mini-batch during training.",
            "innovation": "The primary innovation of the method is that it allows for higher learning rates and reduces the need for careful initialization, potentially eliminating the need for techniques like Dropout."
        },
        "method": {
            "method name": "Batch Normalization",
            "method abbreviation": "BN",
            "method definition": "Batch Normalization is a technique that normalizes the inputs of each layer in a neural network for each mini-batch, aiming to reduce internal covariate shift.",
            "method description": "The core of Batch Normalization involves normalizing layer inputs to stabilize the training of deep networks.",
            "method steps": [
                "Calculate the mean and variance of the inputs for the current mini-batch.",
                "Normalize the inputs using the calculated mean and variance.",
                "Scale and shift the normalized inputs using learned parameters."
            ],
            "principle": "This method is effective because it reduces the internal covariate shift, allowing for faster convergence and enabling the use of higher learning rates."
        },
        "experiments": {
            "evaluation setting": "The method was applied to a state-of-the-art image classification model and compared against the original model.",
            "evaluation method": "Performance was assessed based on accuracy and the number of training steps required to achieve similar results."
        },
        "conclusion": "Batch Normalization achieves the same accuracy with 14 times fewer training steps and significantly outperforms the original model, reaching a top-5 test error of 4.82% on ImageNet classification.",
        "discussion": {
            "advantage": "The key advantages include faster training times, the ability to use higher learning rates, and potentially eliminating the need for Dropout.",
            "limitation": "One limitation may include the dependence on mini-batch sizes, which can affect performance in certain scenarios.",
            "future work": "Future research could explore optimizing the mini-batch size and further enhancing the method's applicability across different architectures."
        },
        "other info": {}
    },
    "mount_outline": [
        {
            "section number": "2.3",
            "key information": "The problem addressed is the internal covariate shift that occurs during the training of Deep Neural Networks, which complicates training due to changing input distributions across layers."
        },
        {
            "section number": "3.1",
            "key information": "Batch Normalization is a technique that normalizes the inputs of each layer in a neural network for each mini-batch, aiming to reduce internal covariate shift."
        },
        {
            "section number": "3.4",
            "key information": "This method is effective because it reduces the internal covariate shift, allowing for faster convergence and enabling the use of higher learning rates."
        },
        {
            "section number": "5.1",
            "key information": "The proposed idea entails incorporating normalization into the model architecture itself, applying it to each mini-batch during training."
        },
        {
            "section number": "7.2",
            "key information": "One limitation may include the dependence on mini-batch sizes, which can affect performance in certain scenarios."
        },
        {
            "section number": "7.3",
            "key information": "Future research could explore optimizing the mini-batch size and further enhancing the method's applicability across different architectures."
        }
    ],
    "similarity_score": null,
    "image": null,
    "path": "/home/liudingyuan/code/SurveyX/code/SurveyX-main/outputs/t1b/papers/Batch normalization_ Accelerating deep network training by reducing internal covariate shift.json"
}