{
    "from": null,
    "scholar_id": null,
    "detail_id": null,
    "title": "Codebert: A pre-trained model for programming and natural languages",
    "abstract": "We present CodeBERT, a bimodal pre-trained model for programming language (PL) and natural language (NL). CodeBERT learns general-purpose representations that support downstream NL-PL applications such as natural language code search, code documentation generation, etc. We develop CodeBERT with Transformer-based neural architecture, and train it with a hybrid objective function that incorporates the pre-training task of replaced token detection, which is to detect plausible alternatives sampled from generators. This enables us to utilize both \u201cbimodal\u201d data of NL-PL pairs and \u201cunimodal data, where the former provides input tokens for model training while the latter helps to learn better generators. We evaluate CodeBERT on two NL-PL applications by fine-tuning model parameters. Results show that CodeBERT achieves state-of-the-art performance on both natural language code search and code documentation generation. Furthermore, to investigate what type of knowledge is learned in CodeBERT, we construct a dataset for NL-PL probing, and evaluate in a zero-shot setting where parameters of pre-trained models are fixed. Results show that CodeBERT performs better than previous pre-trained models on NLPL probing.",
    "arxivid": "2002.08155v4",
    "bib_name": "Codebert:A120",
    "md_text": "# Codebert: A pre-trained model for programming and natural languages\n\n\nabstract\n\nWe present CodeBERT, a bimodal pre-trained model for programming language (PL) and natural language (NL). CodeBERT learns general-purpose representations that support downstream NL-PL applications such as natural language code search, code documentation generation, etc. We develop CodeBERT with Transformer-based neural architecture, and train it with a hybrid objective function that incorporates the pre-training task of replaced token detection, which is to detect plausible alternatives sampled from generators. This enables us to utilize both \u201cbimodal\u201d data of NL-PL pairs and \u201cunimodal data, where the former provides input tokens for model training while the latter helps to learn better generators. We evaluate CodeBERT on two NL-PL applications by fine-tuning model parameters. Results show that CodeBERT achieves state-of-the-art performance on both natural language code search and code documentation generation. Furthermore, to investigate what type of knowledge is learned in CodeBERT, we construct a dataset for NL-PL probing, and evaluate in a zero-shot setting where parameters of pre-trained models are fixed. Results show that CodeBERT performs better than previous pre-trained models on NLPL probing.",
    "paper_type": "method",
    "attri": {
        "background": "This paper addresses the need for effective representations in natural language (NL) and programming language (PL) applications, highlighting the limitations of existing models and the necessity for a new approach that integrates both modalities.",
        "problem": {
            "definition": "The problem is the lack of effective pre-trained models that can seamlessly bridge the gap between natural language and programming language, hindering applications such as code search and documentation generation.",
            "key obstacle": "The main challenge is the difficulty in training models that can understand and generate both programming and natural languages simultaneously, which existing methods fail to adequately address."
        },
        "idea": {
            "intuition": "The idea is inspired by the potential of transformer-based architectures to learn representations from bimodal data, leveraging the strengths of both natural and programming languages.",
            "opinion": "The proposed idea involves developing CodeBERT, a bimodal pre-trained model that effectively learns from both NL-PL pairs and unimodal data to enhance performance in relevant applications.",
            "innovation": "CodeBERT innovatively incorporates a hybrid objective function that combines replaced token detection with bimodal training, setting it apart from previous models that only focus on unimodal data."
        },
        "method": {
            "method name": "CodeBERT",
            "method abbreviation": "CB",
            "method definition": "CodeBERT is a bimodal pre-trained model designed to learn representations from both programming and natural languages, facilitating applications such as code search and documentation generation.",
            "method description": "The core of CodeBERT is its transformer-based architecture that utilizes a hybrid training objective to enhance representation learning from NL-PL pairs.",
            "method steps": "The method involves pre-training on a combination of bimodal and unimodal data, followed by fine-tuning on specific downstream tasks.",
            "principle": "The effectiveness of CodeBERT lies in its ability to learn from diverse data sources, enabling it to generate accurate representations for both programming and natural languages."
        },
        "experiments": {
            "evaluation setting": "The evaluation setting includes fine-tuning CodeBERT on natural language code search and code documentation generation tasks, comparing its performance against baseline models.",
            "evaluation method": "Performance is assessed through metrics specific to the tasks, analyzing how well CodeBERT performs in terms of accuracy and relevance in zero-shot settings."
        },
        "conclusion": "The experiments demonstrate that CodeBERT achieves state-of-the-art results in both natural language code search and code documentation generation, confirming its effectiveness as a pre-trained model for NL-PL applications.",
        "discussion": {
            "advantage": "Key advantages of CodeBERT include its ability to learn from both programming and natural languages, leading to improved performance in relevant applications compared to existing models.",
            "limitation": "A limitation of the method may include its reliance on the quality of training data, which can affect the model's performance in specific contexts.",
            "future work": "Future work could explore enhancing the training data quality and expanding the model's capabilities to support additional programming languages and more complex NL-PL tasks."
        },
        "other info": []
    },
    "mount_outline": [
        {
            "section number": "2.1",
            "key information": "Large language models are defined as pre-trained models that can bridge the gap between natural language and programming language, facilitating applications such as code search and documentation generation."
        },
        {
            "section number": "2.3",
            "key information": "The main challenge is the difficulty in training models that can understand and generate both programming and natural languages simultaneously, which existing methods fail to adequately address."
        },
        {
            "section number": "3.1",
            "key information": "CodeBERT is a bimodal pre-trained model designed to learn representations from both programming and natural languages, facilitating applications such as code search and documentation generation."
        },
        {
            "section number": "3.3",
            "key information": "The method involves pre-training on a combination of bimodal and unimodal data, followed by fine-tuning on specific downstream tasks."
        },
        {
            "section number": "4.1",
            "key information": "The core of CodeBERT is its transformer-based architecture that utilizes a hybrid training objective to enhance representation learning from NL-PL pairs."
        },
        {
            "section number": "6.1",
            "key information": "Key advantages of CodeBERT include its ability to learn from both programming and natural languages, leading to improved performance in relevant applications compared to existing models."
        },
        {
            "section number": "7.2",
            "key information": "A limitation of the method may include its reliance on the quality of training data, which can affect the model's performance in specific contexts."
        }
    ],
    "similarity_score": null,
    "image": null,
    "path": "/home/liudingyuan/code/SurveyX/code/SurveyX-main/outputs/t1b/papers/Codebert_ A pre-trained model for programming and natural languages.json"
}