{
    "from": null,
    "scholar_id": null,
    "detail_id": null,
    "title": "Cogview: Mastering text-to-image generation via transformers",
    "abstract": "Text-to-Image generation in the general domain has long been an open problem, which requires both a powerful generative model and cross-modal understanding. We propose CogView, a 4-billion-parameter Transformer with VQ-VAE tokenizer to advance this problem. We also demonstrate the finetuning strategies for various downstream tasks, e.g. style learning, super-resolution, text-image ranking and fashion design, and methods to stabilize pretraining, e.g. eliminating NaN losses. CogView achieves the state-of-the-art FID on the blurred MS COCO dataset, outperforming previous GAN-based models and a recent similar work DALL-E.",
    "arxivid": "2105.13290v3",
    "bib_name": "Cogview:Ma163",
    "md_text": "# Cogview: Mastering text-to-image generation via transformers\n\n\nabstract\n\nText-to-Image generation in the general domain has long been an open problem, which requires both a powerful generative model and cross-modal understanding. We propose CogView, a 4-billion-parameter Transformer with VQ-VAE tokenizer to advance this problem. We also demonstrate the finetuning strategies for various downstream tasks, e.g. style learning, super-resolution, text-image ranking and fashion design, and methods to stabilize pretraining, e.g. eliminating NaN losses. CogView achieves the state-of-the-art FID on the blurred MS COCO dataset, outperforming previous GAN-based models and a recent similar work DALL-E.",
    "paper_type": "method",
    "attri": {
        "background": "Text-to-Image generation in the general domain has long been an open problem, which requires both a powerful generative model and cross-modal understanding. Previous methods have struggled to effectively bridge the gap between textual descriptions and visual representations, necessitating a breakthrough in generative modeling to enhance performance.",
        "problem": {
            "definition": "The problem this paper aims to solve is the challenge of generating high-quality images from textual descriptions, which involves complex interactions between language and visual content.",
            "key obstacle": "The main difficulty lies in the existing methods' inability to effectively capture the nuances of text and translate them into coherent and visually appealing images."
        },
        "idea": {
            "intuition": "The inspiration for CogView stems from the need for a more robust generative model that can leverage the strengths of transformers and VQ-VAE tokenization to improve image generation from text.",
            "opinion": "CogView is a 4-billion-parameter Transformer that integrates VQ-VAE tokenizer to enhance text-to-image generation capabilities.",
            "innovation": "The primary innovation of CogView is its architecture, which combines a large-scale transformer model with advanced tokenization techniques, differentiating it from previous GAN-based approaches and enabling superior performance on benchmark datasets."
        },
        "method": {
            "method name": "CogView",
            "method abbreviation": "CV",
            "method definition": "CogView is a transformer-based model designed for text-to-image generation that utilizes a VQ-VAE tokenizer to effectively translate textual inputs into high-quality visual outputs.",
            "method description": "The core of CogView involves a transformer architecture that processes text and generates images through a series of learned representations.",
            "method steps": "1. Input textual description is tokenized using VQ-VAE. 2. The transformer processes the tokenized input. 3. The model generates an image representation. 4. The output is decoded into a final image.",
            "principle": "The effectiveness of CogView in solving the problem lies in its ability to leverage the transformer architecture for capturing complex relationships between text and images, resulting in improved coherence and quality in generated outputs."
        },
        "experiments": {
            "evaluation setting": "The evaluation was performed on the blurred MS COCO dataset, comparing CogView's performance against previous GAN-based models and DALL-E.",
            "evaluation method": "Performance was assessed using the Fr\u00e9chet Inception Distance (FID) metric, which measures the quality of generated images by comparing the distribution of generated and real images."
        },
        "conclusion": "CogView achieves state-of-the-art performance in text-to-image generation, outperforming prior models such as GANs and DALL-E, demonstrating its effectiveness and potential for various downstream tasks.",
        "discussion": {
            "advantage": "The key advantages of CogView include its large-scale transformer architecture and the use of VQ-VAE tokenization, which enhance the model's ability to generate high-quality images from textual descriptions.",
            "limitation": "One limitation of the method may be its dependency on the quality of the training data and the potential for biases in generated outputs based on the input text.",
            "future work": "Future research could focus on refining the model's capabilities, exploring additional training techniques, and addressing potential biases in generated images."
        },
        "other info": []
    },
    "mount_outline": [
        {
            "section number": "1.1",
            "key information": "CogView achieves state-of-the-art performance in text-to-image generation, outperforming prior models such as GANs and DALL-E, demonstrating its effectiveness and potential for various downstream tasks."
        },
        {
            "section number": "2.1",
            "key information": "CogView is a transformer-based model designed for text-to-image generation that utilizes a VQ-VAE tokenizer to effectively translate textual inputs into high-quality visual outputs."
        },
        {
            "section number": "2.2",
            "key information": "Text-to-Image generation in the general domain has long been an open problem, which requires both a powerful generative model and cross-modal understanding."
        },
        {
            "section number": "3.1",
            "key information": "The primary innovation of CogView is its architecture, which combines a large-scale transformer model with advanced tokenization techniques, differentiating it from previous GAN-based approaches."
        },
        {
            "section number": "4.1",
            "key information": "The core of CogView involves a transformer architecture that processes text and generates images through a series of learned representations."
        },
        {
            "section number": "7.1",
            "key information": "One limitation of the method may be its dependency on the quality of the training data and the potential for biases in generated outputs based on the input text."
        }
    ],
    "similarity_score": null,
    "image": null,
    "path": "/home/liudingyuan/code/SurveyX/code/SurveyX-main/outputs/t1b/papers/Cogview_ Mastering text-to-image generation via transformers.json"
}