{
    "from": null,
    "scholar_id": null,
    "detail_id": null,
    "title": "Competition-level code generation with alphacode",
    "abstract": "Programming is a powerful and ubiquitous problem-solving tool. Systems that can assist programmers or even generate programs themselves could make programming more productive and accessible. Recent transformer-based neural network models show impressive code generation abilities yet still perform poorly on more complex tasks requiring problem-solving skills, such as competitive programming problems. Here, we introduce AlphaCode, a system for code generation that achieved an average ranking in the top 54.3% in simulated evaluations on recent programming competitions on the Codeforces platform. AlphaCode solves problems by generating millions of diverse programs using specially trained transformer-based networks and then filtering and clustering those programs to a maximum of just 10 submissions. This result marks the first time an artificial intelligence system has performed competitively in programming competitions. Description Machine learning systems can program too Computer programming competitions are popular tests among programmers that require critical thinking informed by experience and creating solutions to unforeseen problems, both of which are key aspects of human intelligence but challenging to mimic by machine learning models. Using self-supervised learning and an encoder-decoder transformer architecture, Li et al. developed AlphaCode, a deep-learning model that can achieve approximately human-level performance on the Codeforces platform, which regularly hosts these competitions and attracts numerous participants worldwide (see the Perspective by Kolter). The development of such coding platforms could have a huge impact on programmers\u2019 productivity. It may even change the culture of programming by shifting human work to formulating problems, with machine learning being the main one responsible for generating and executing codes. \u2014YS Modern machine learning systems can achieve average human-level performance in popular competitive programming contests.",
    "arxivid": "2203.07814v1",
    "bib_name": "Competitio62",
    "md_text": "# Competition-level code generation with alphacode\n\n\nabstract\n\nProgramming is a powerful and ubiquitous problem-solving tool. Systems that can assist programmers or even generate programs themselves could make programming more productive and accessible. Recent transformer-based neural network models show impressive code generation abilities yet still perform poorly on more complex tasks requiring problem-solving skills, such as competitive programming problems. Here, we introduce AlphaCode, a system for code generation that achieved an average ranking in the top 54.3% in simulated evaluations on recent programming competitions on the Codeforces platform. AlphaCode solves problems by generating millions of diverse programs using specially trained transformer-based networks and then filtering and clustering those programs to a maximum of just 10 submissions. This result marks the first time an artificial intelligence system has performed competitively in programming competitions. Description Machine learning systems can program too Computer programming competitions are popular tests among programmers that require critical thinking informed by experience and creating solutions to unforeseen problems, both of which are key aspects of human intelligence but challenging to mimic by machine learning models. Using self-supervised learning and an encoder-decoder transformer architecture, Li et al. developed AlphaCode, a deep-learning model that can achieve approximately human-level performance on the Codeforces platform, which regularly hosts these competitions and attracts numerous participants worldwide (see the Perspective by Kolter). The development of such coding platforms could have a huge impact on programmers\u2019 productivity. It may even change the culture of programming by shifting human work to formulating problems, with machine learning being the main one responsible for generating and executing codes. \u2014YS Modern machine learning systems can achieve average human-level performance in popular competitive programming contests.",
    "paper_type": "method",
    "attri": {
        "background": "This paper addresses the issue of improving programming productivity and accessibility through automated code generation, particularly in competitive programming contexts where existing transformer-based models have shown limitations.",
        "problem": {
            "definition": "The problem is the challenge of generating code for complex tasks that require problem-solving skills, which traditional neural network models struggle to achieve effectively.",
            "key obstacle": "The core obstacle is the inability of existing models to generate high-quality solutions that perform competitively in programming contests, which require critical thinking and experience."
        },
        "idea": {
            "intuition": "The idea behind AlphaCode stems from the observation that while neural networks can generate code, they need to be specifically trained to handle the complexities of competitive programming.",
            "opinion": "AlphaCode proposes a novel approach that generates millions of diverse program submissions and filters them down to a competitive set of solutions.",
            "innovation": "The primary innovation of AlphaCode lies in its ability to utilize a transformer-based architecture to generate and refine code submissions, achieving an average ranking in the top 54.3% of programming competitions."
        },
        "method": {
            "method name": "AlphaCode",
            "method abbreviation": "AC",
            "method definition": "AlphaCode is a deep-learning model that generates and evaluates millions of programming solutions to identify the best submissions for competitive programming tasks.",
            "method description": "The core of the method involves generating diverse code submissions using transformer networks and filtering them to select a maximum of 10 submissions for evaluation.",
            "principle": "The effectiveness of AlphaCode is supported by its ability to leverage self-supervised learning and an encoder-decoder transformer architecture, enabling it to mimic human-level problem-solving capabilities."
        },
        "experiments": {
            "evaluation setting": "The evaluation was conducted on the Codeforces platform, which hosts programming competitions and attracts numerous participants, providing a realistic benchmark for performance.",
            "evaluation method": "Performance was assessed by simulating evaluations of the generated code submissions and ranking them against actual competition results."
        },
        "conclusion": "AlphaCode successfully demonstrates that an AI system can perform competitively in programming contests, highlighting its potential to enhance programmer productivity and redefine the role of humans in programming.",
        "discussion": {
            "advantage": "The key advantage of AlphaCode is its ability to generate a wide variety of code solutions and identify the most competitive ones, thus significantly improving the chances of success in programming contests.",
            "limitation": "A limitation of the method is that, while it performs well in competitions, the reliance on large-scale generation and filtering may not be efficient for all programming tasks.",
            "future work": "Future research could focus on refining the filtering process, enhancing the model's understanding of problem-solving strategies, and exploring applications in other areas of programming."
        },
        "other info": []
    },
    "mount_outline": [
        {
            "section number": "1.1",
            "key information": "This paper addresses the issue of improving programming productivity and accessibility through automated code generation, particularly in competitive programming contexts where existing transformer-based models have shown limitations."
        },
        {
            "section number": "2.3",
            "key information": "The problem is the challenge of generating code for complex tasks that require problem-solving skills, which traditional neural network models struggle to achieve effectively."
        },
        {
            "section number": "3.1",
            "key information": "AlphaCode is a deep-learning model that generates and evaluates millions of programming solutions to identify the best submissions for competitive programming tasks."
        },
        {
            "section number": "3.2",
            "key information": "The primary innovation of AlphaCode lies in its ability to utilize a transformer-based architecture to generate and refine code submissions, achieving an average ranking in the top 54.3% of programming competitions."
        },
        {
            "section number": "5.1",
            "key information": "The effectiveness of AlphaCode is supported by its ability to leverage self-supervised learning and an encoder-decoder transformer architecture, enabling it to mimic human-level problem-solving capabilities."
        },
        {
            "section number": "7.1",
            "key information": "A limitation of the method is that, while it performs well in competitions, the reliance on large-scale generation and filtering may not be efficient for all programming tasks."
        },
        {
            "section number": "8",
            "key information": "AlphaCode successfully demonstrates that an AI system can perform competitively in programming contests, highlighting its potential to enhance programmer productivity and redefine the role of humans in programming."
        }
    ],
    "similarity_score": null,
    "image": null,
    "path": "/home/liudingyuan/code/SurveyX/code/SurveyX-main/outputs/t1b/papers/Competition-level code generation with alphacode.json"
}