{
    "from": null,
    "scholar_id": null,
    "detail_id": null,
    "title": "Cross-task generalization via natural language crowdsourcing instructions",
    "abstract": "Humans (e.g., crowdworkers) have a remarkable ability in solving different tasks, by simply reading textual instructions that define them and looking at a few examples. Despite the success of the conventional supervised learning on individual datasets, such models often struggle with generalization across tasks (e.g., a question-answering system cannot solve classification tasks). A long-standing challenge in AI is to build a model that learns a new task by understanding the human-readable instructions that define it. To study this, we introduce NATURAL INSTRUCTIONS, a dataset of 61 distinct tasks, their human-authored instructions, and 193k task instances (input-output pairs). The instructions are obtained from crowdsourcing instructions used to create existing NLP datasets and mapped to a unified schema. Using this meta-dataset, we measure cross-task generalization by training models on seen tasks and measuring generalization to the remaining unseen ones. We adopt generative pre-trained language models to encode task-specific instructions along with input and generate task output. Our results indicate that models benefit from instructions when evaluated in terms of generalization to unseen tasks (19% better for models utilizing instructions). These models, however, are far behind an estimated performance upperbound indicating significant room for more progress in this direction.",
    "arxivid": "2104.08773v4",
    "bib_name": "Cross-task98",
    "md_text": "# Cross-task generalization via natural language crowdsourcing instructions\n\n\nabstract\n\nHumans (e.g., crowdworkers) have a remarkable ability in solving different tasks, by simply reading textual instructions that define them and looking at a few examples. Despite the success of the conventional supervised learning on individual datasets, such models often struggle with generalization across tasks (e.g., a question-answering system cannot solve classification tasks). A long-standing challenge in AI is to build a model that learns a new task by understanding the human-readable instructions that define it. To study this, we introduce NATURAL INSTRUCTIONS, a dataset of 61 distinct tasks, their human-authored instructions, and 193k task instances (input-output pairs). The instructions are obtained from crowdsourcing instructions used to create existing NLP datasets and mapped to a unified schema. Using this meta-dataset, we measure cross-task generalization by training models on seen tasks and measuring generalization to the remaining unseen ones. We adopt generative pre-trained language models to encode task-specific instructions along with input and generate task output. Our results indicate that models benefit from instructions when evaluated in terms of generalization to unseen tasks (19% better for models utilizing instructions). These models, however, are far behind an estimated performance upperbound indicating significant room for more progress in this direction.",
    "paper_type": "benchmark",
    "attri": {
        "background": "This paper addresses the issue of generalization across different tasks in AI, highlighting the challenge that models face when attempting to learn new tasks from human-readable instructions. The necessity for this benchmark arises from the limitations of conventional supervised learning, which often fails to adapt to new task types.",
        "problem": {
            "definition": "The benchmark is designed to address the challenge of cross-task generalization, where models struggle to apply learned knowledge from one task to another distinct task.",
            "key obstacle": "Existing benchmarks often focus on individual tasks and do not facilitate the evaluation of generalization capabilities across multiple tasks."
        },
        "idea": {
            "intuition": "The creation of this benchmark stems from the observation that humans can easily switch between tasks by understanding instructions, which AI models currently cannot replicate effectively.",
            "opinion": "The authors believe that this benchmark is crucial for advancing research in AI by providing a structured way to evaluate and improve cross-task generalization.",
            "innovation": "NATURAL INSTRUCTIONS introduces a meta-dataset that encompasses multiple tasks and their corresponding human-authored instructions, differing from previous benchmarks that are limited to single tasks.",
            "benchmark abbreviation": "NATURAL INSTRUCTIONS"
        },
        "dataset": {
            "source": "The dataset was created by crowdsourcing human-authored instructions from existing NLP datasets and mapping them to a unified schema.",
            "desc": "The dataset consists of 61 distinct tasks and 193,000 task instances, making it comprehensive for evaluating cross-task generalization.",
            "content": "The dataset includes input-output pairs corresponding to various tasks defined by human-readable instructions, primarily focusing on natural language processing.",
            "size": "193,000",
            "domain": "Natural Language Processing",
            "task format": "Task Classification"
        },
        "metrics": {
            "metric name": "Generalization Improvement",
            "aspect": "Model performance in terms of generalization to unseen tasks",
            "principle": "The metrics were chosen to reflect the model's ability to generalize beyond the tasks it has been explicitly trained on.",
            "procedure": "Models were trained on seen tasks and their performance was evaluated on unseen tasks to measure generalization."
        },
        "experiments": {
            "model": "Generative pre-trained language models",
            "procedure": "Models were trained using task-specific instructions alongside input data to generate outputs, with parameters set to optimize for cross-task performance.",
            "result": "Models utilizing instructions showed a 19% improvement in generalization to unseen tasks, although they still lagged behind the estimated performance upperbound.",
            "variability": "Variability in results was accounted for by evaluating model performance across different unseen tasks."
        },
        "conclusion": "The experiments demonstrated that incorporating human-readable instructions significantly enhances model generalization to unseen tasks, indicating a promising direction for future research.",
        "discussion": {
            "advantage": "The benchmark facilitates the evaluation of cross-task generalization, providing insights into model performance across diverse tasks.",
            "limitation": "The benchmark may be limited by the quality and diversity of the instructions sourced from existing datasets, which could affect generalization outcomes.",
            "future work": "Future research could explore improving instruction quality and expanding the dataset to include more diverse tasks and instructions."
        },
        "other info": []
    },
    "mount_outline": [
        {
            "section number": "2.3",
            "key information": "Existing benchmarks often focus on individual tasks and do not facilitate the evaluation of generalization capabilities across multiple tasks."
        },
        {
            "section number": "3.1",
            "key information": "The dataset consists of 61 distinct tasks and 193,000 task instances, making it comprehensive for evaluating cross-task generalization."
        },
        {
            "section number": "3.6",
            "key information": "The experiments demonstrated that incorporating human-readable instructions significantly enhances model generalization to unseen tasks."
        },
        {
            "section number": "7.4",
            "key information": "The benchmark may be limited by the quality and diversity of the instructions sourced from existing datasets, which could affect generalization outcomes."
        },
        {
            "section number": "8",
            "key information": "The authors believe that this benchmark is crucial for advancing research in AI by providing a structured way to evaluate and improve cross-task generalization."
        }
    ],
    "similarity_score": null,
    "image": null,
    "path": "/home/liudingyuan/code/SurveyX/code/SurveyX-main/outputs/t1b/papers/Cross-task generalization via natural language crowdsourcing instructions.json"
}