{
    "from": null,
    "scholar_id": null,
    "detail_id": null,
    "title": "Crosslingual generalization through multitask finetuning",
    "abstract": "Multitask prompted finetuning (MTF) has been shown to help large language models generalize to new tasks in a zero-shot setting, but so far explorations of MTF have focused on English data and models. We apply MTF to the pretrained multilingual BLOOM and mT5 model families to produce finetuned variants called BLOOMZ and mT0. We find finetuning large multilingual language models on English tasks with English prompts allows for task genrealization to non-English languages that appear only in the pretraining corpus. Finetuning on multilingual tasks with English prompts further improves performance on English and non-English tasks leading to various state-of-the-art zero-shot results. We also investigate finetuning on multilingual tasks with prompts that have been machine-translated from English to match the language of each dataset. We find training on these machine-translated prompts leads to better performance on human-written prompts in the respective languages. Surprisingly, we find models are capable of zero-shot generalization to tasks in languages they have never intentionally seen. We conjecture that the models are learning higher-level capabilities that are both task- and language-agnostic. In addition, we introduce xP3, a composite of supervised datasets in 46 languages with English and machine-translated prompts. Our code, datasets and models are freely available at https://github.com/ bigscience-workshop/xmtf.",
    "arxivid": "2211.01786v2",
    "bib_name": "Crosslingu50",
    "md_text": "# Crosslingual generalization through multitask finetuning\n\n\nabstract\n\nMultitask prompted finetuning (MTF) has been shown to help large language models generalize to new tasks in a zero-shot setting, but so far explorations of MTF have focused on English data and models. We apply MTF to the pretrained multilingual BLOOM and mT5 model families to produce finetuned variants called BLOOMZ and mT0. We find finetuning large multilingual language models on English tasks with English prompts allows for task genrealization to non-English languages that appear only in the pretraining corpus. Finetuning on multilingual tasks with English prompts further improves performance on English and non-English tasks leading to various state-of-the-art zero-shot results. We also investigate finetuning on multilingual tasks with prompts that have been machine-translated from English to match the language of each dataset. We find training on these machine-translated prompts leads to better performance on human-written prompts in the respective languages. Surprisingly, we find models are capable of zero-shot generalization to tasks in languages they have never intentionally seen. We conjecture that the models are learning higher-level capabilities that are both task- and language-agnostic. In addition, we introduce xP3, a composite of supervised datasets in 46 languages with English and machine-translated prompts. Our code, datasets and models are freely available at https://github.com/ bigscience-workshop/xmtf.",
    "paper_type": "benchmark",
    "attri": {
        "background": "This paper addresses the issue of crosslingual generalization in large language models, particularly focusing on the limitations of multitask prompted finetuning (MTF) that have primarily been explored using English data. The necessity for this benchmark arises from the need to evaluate multilingual models' performance across various languages and tasks, fitting into the broader research landscape of natural language processing.",
        "problem": {
            "definition": "The benchmark is designed to address the challenge of generalizing language model performance across different languages and tasks in a zero-shot setting.",
            "key obstacle": "Existing benchmarks have largely focused on English-only tasks, limiting the evaluation of multilingual capabilities and the generalization potential of models to non-English languages."
        },
        "idea": {
            "intuition": "The thought process behind the benchmark stems from the observation that multilingual models can generalize to tasks in languages they have not been explicitly trained on, suggesting the existence of higher-level capabilities.",
            "opinion": "The authors believe that the benchmark is crucial for understanding and advancing the capabilities of multilingual models in natural language processing.",
            "innovation": "The benchmark introduces xP3, a composite of supervised datasets in 46 languages, which incorporates both English and machine-translated prompts, differing from previous benchmarks that lacked such diversity.",
            "benchmark abbreviation": "xP3"
        },
        "dataset": {
            "source": "The dataset was created through a combination of supervised datasets across 46 languages, with prompts in English and machine-translated versions for each language.",
            "desc": "The dataset comprises a diverse set of tasks and languages, allowing for comprehensive evaluation of multilingual capabilities.",
            "content": "The dataset includes text data in multiple languages, specifically designed to assess the performance of models on various language tasks.",
            "size": "-",
            "domain": "Multilingual Natural Language Processing",
            "task format": "Zero-shot task generalization"
        },
        "metrics": {
            "metric name": "Zero-shot performance, F1-score",
            "aspect": "Model accuracy in task performance across languages",
            "principle": "Metrics were selected based on their ability to evaluate the generalization capabilities of models in multilingual contexts.",
            "procedure": "Model performance was evaluated by testing on tasks using both original and machine-translated prompts, comparing results across languages."
        },
        "experiments": {
            "model": "The models tested include the pretrained multilingual BLOOM and mT5 models, finetuned to produce BLOOMZ and mT0.",
            "procedure": "Models were finetuned on multilingual tasks using English prompts and machine-translated prompts, with specific parameters set for training.",
            "result": "The models achieved state-of-the-art zero-shot results on various tasks, demonstrating significant performance improvements.",
            "variability": "Variability in results was accounted for by evaluating models across multiple trials and subsets of the dataset."
        },
        "conclusion": "The experiments demonstrate that multilingual models can generalize effectively to new tasks and languages, highlighting the importance of the xP3 benchmark in evaluating and advancing language model capabilities.",
        "discussion": {
            "advantage": "The benchmark provides a comprehensive framework for assessing multilingual model performance, contributing significantly to the field of natural language processing.",
            "limitation": "Potential limitations include the reliance on machine-translated prompts, which may not fully capture the nuances of human language.",
            "future work": "Future research could explore further enhancements to the benchmark, including additional languages and more complex tasks."
        },
        "other info": []
    },
    "mount_outline": [
        {
            "section number": "2.1",
            "key information": "Large language models are designed to generalize language model performance across different languages and tasks in a zero-shot setting."
        },
        {
            "section number": "2.3",
            "key information": "Existing benchmarks have largely focused on English-only tasks, limiting the evaluation of multilingual capabilities and the generalization potential of models to non-English languages."
        },
        {
            "section number": "3.6",
            "key information": "The benchmark introduces xP3, a composite of supervised datasets in 46 languages, which incorporates both English and machine-translated prompts, differing from previous benchmarks that lacked such diversity."
        },
        {
            "section number": "5.1",
            "key information": "The models tested include the pretrained multilingual BLOOM and mT5 models, finetuned to produce BLOOMZ and mT0, demonstrating integration with transformer models."
        },
        {
            "section number": "7.1",
            "key information": "Potential limitations include the reliance on machine-translated prompts, which may not fully capture the nuances of human language."
        },
        {
            "section number": "7.4",
            "key information": "Future research could explore further enhancements to the benchmark, including additional languages and more complex tasks, addressing challenges of generalization and robustness."
        }
    ],
    "similarity_score": null,
    "image": null,
    "path": "/home/liudingyuan/code/SurveyX/code/SurveyX-main/outputs/t1b/papers/Crosslingual generalization through multitask finetuning.json"
}