{
    "from": null,
    "scholar_id": null,
    "detail_id": null,
    "title": "Cvalues: Measuring the values of chinese large language models from safety to responsibility",
    "abstract": "With the rapid evolution of large language models (LLMs), there is a growing concern that they may pose risks or have negative social impacts. Therefore, evaluation of human values alignment is becoming increasingly important. Previous work mainly focuses on assessing the performance of LLMs on certain knowledge and reasoning abilities, while neglecting the alignment to human values, especially in a Chinese context. In this paper, we present CValues, the first Chinese human values evaluation benchmark to measure the alignment ability of LLMs in terms of both safety and responsibility criteria. As a result, we have manually collected adversarial safety prompts across 10 scenarios and induced responsibility prompts from 8 domains by professional experts. To provide a comprehensive values evaluation of Chinese LLMs, we not only conduct human evaluation for reliable comparison, but also construct multi-choice prompts for automatic evaluation. Our findings suggest that while most Chinese LLMs perform well in terms of safety, there is considerable room for improvement in terms of responsibility. Moreover, both the automatic and human evaluation are important for assessing the human values alignment in different aspects. The benchmark and code is available on ModelScope and Github.",
    "arxivid": "2307.09705v1",
    "bib_name": "Cvalues:Me102",
    "md_text": "# Cvalues: Measuring the values of chinese large language models from safety to responsibility\n\n\nabstract\n\nWith the rapid evolution of large language models (LLMs), there is a growing concern that they may pose risks or have negative social impacts. Therefore, evaluation of human values alignment is becoming increasingly important. Previous work mainly focuses on assessing the performance of LLMs on certain knowledge and reasoning abilities, while neglecting the alignment to human values, especially in a Chinese context. In this paper, we present CValues, the first Chinese human values evaluation benchmark to measure the alignment ability of LLMs in terms of both safety and responsibility criteria. As a result, we have manually collected adversarial safety prompts across 10 scenarios and induced responsibility prompts from 8 domains by professional experts. To provide a comprehensive values evaluation of Chinese LLMs, we not only conduct human evaluation for reliable comparison, but also construct multi-choice prompts for automatic evaluation. Our findings suggest that while most Chinese LLMs perform well in terms of safety, there is considerable room for improvement in terms of responsibility. Moreover, both the automatic and human evaluation are important for assessing the human values alignment in different aspects. The benchmark and code is available on ModelScope and Github.",
    "paper_type": "benchmark",
    "attri": {
        "background": "With the rapid evolution of large language models (LLMs), there is a growing concern that they may pose risks or have negative social impacts. Therefore, evaluation of human values alignment is becoming increasingly important. Previous work mainly focuses on assessing the performance of LLMs on certain knowledge and reasoning abilities, while neglecting the alignment to human values, especially in a Chinese context.",
        "problem": {
            "definition": "The benchmark is designed to address the alignment ability of LLMs in terms of safety and responsibility criteria.",
            "key obstacle": "Existing benchmarks primarily assess knowledge and reasoning abilities without focusing on human values alignment."
        },
        "idea": {
            "intuition": "The need for a benchmark that evaluates LLMs on safety and responsibility stems from the lack of existing assessments in the context of Chinese language models.",
            "opinion": "The authors believe that this benchmark is crucial for understanding and improving the ethical implications of LLMs in society.",
            "innovation": "CValues is the first benchmark specifically designed to evaluate human values alignment in Chinese LLMs, offering both human and automatic evaluation methods.",
            "benchmark abbreviation": "CValues"
        },
        "dataset": {
            "source": "The dataset was manually collected by professional experts, involving adversarial safety prompts across 10 scenarios and responsibility prompts from 8 domains.",
            "desc": "The dataset consists of prompts designed to evaluate LLMs on safety and responsibility, providing a comprehensive values evaluation.",
            "content": "The dataset includes adversarial safety prompts and responsibility prompts, which are designed to assess the models' alignment with human values.",
            "size": "-",
            "domain": "Ethics",
            "task format": "Multi-choice prompts"
        },
        "metrics": {
            "metric name": "Human evaluation, Automatic evaluation",
            "aspect": "Human values alignment",
            "principle": "The metrics were chosen to provide reliable comparisons and insights into the models' performance across different evaluation methods.",
            "procedure": "Models were evaluated using both human assessments and automatic evaluations based on the constructed prompts."
        },
        "experiments": {
            "model": "Various Chinese LLMs were tested, focusing on their performance in terms of safety and responsibility.",
            "procedure": "The models were evaluated using both human and automatic evaluation methods based on the constructed prompts.",
            "result": "Most Chinese LLMs performed well in terms of safety, but there is significant room for improvement in responsibility.",
            "variability": "Variability was accounted for through the use of both human evaluation and automatic evaluation methods."
        },
        "conclusion": "The findings suggest that while Chinese LLMs perform well in safety, enhancing their responsibility alignment is crucial, indicating the benchmark's importance for further research.",
        "discussion": {
            "advantage": "CValues contributes to the field by providing a structured approach to evaluate human values alignment in LLMs, addressing a critical gap in existing benchmarks.",
            "limitation": "The benchmark may be limited by the specific scenarios and domains selected, which might not encompass all aspects of human values.",
            "future work": "Future research could explore additional scenarios and domains to enhance the comprehensiveness of the benchmark."
        },
        "other info": []
    },
    "mount_outline": [
        {
            "section number": "1.1",
            "key information": "The evaluation of human values alignment is becoming increasingly important as large language models pose risks or have negative social impacts."
        },
        {
            "section number": "2.1",
            "key information": "The benchmark is designed to address the alignment ability of large language models in terms of safety and responsibility criteria."
        },
        {
            "section number": "3.1",
            "key information": "CValues is the first benchmark specifically designed to evaluate human values alignment in Chinese large language models."
        },
        {
            "section number": "7.1",
            "key information": "The findings suggest that while Chinese large language models perform well in safety, enhancing their responsibility alignment is crucial."
        },
        {
            "section number": "7.4",
            "key information": "The benchmark may be limited by the specific scenarios and domains selected, which might not encompass all aspects of human values."
        }
    ],
    "similarity_score": null,
    "image": null,
    "path": "/home/liudingyuan/code/SurveyX/code/SurveyX-main/outputs/t1b/papers/Cvalues_ Measuring the values of chinese large language models from safety to responsibility.json"
}