{
    "from": null,
    "scholar_id": null,
    "detail_id": null,
    "title": "Deduplicating training data makes language models better",
    "abstract": "We find that existing language modeling datasets contain many near-duplicate examples and long repetitive substrings.As a result, over 1% of the unprompted output of language models trained on these datasets is copied verbatim from the training data.We develop two tools that allow us to deduplicate training datasets\u2014for example removing from C4 a single 61 word English sentence that is repeated over 60,000 times.Deduplication allows us to train models that emit memorized text ten times less frequently and require fewer training steps to achieve the same or better accuracy.We can also reduce train-test overlap, which affects over 4% of the validation set of standard datasets, thus allowing for more accurate evaluation.Code for deduplication is released at https://github.com/google-research/deduplicate-text-datasets.",
    "arxivid": "2107.06499v2",
    "bib_name": "Deduplicat132",
    "md_text": "# Deduplicating training data makes language models better\n\n\nabstract\n\nWe find that existing language modeling datasets contain many near-duplicate examples and long repetitive substrings.As a result, over 1% of the unprompted output of language models trained on these datasets is copied verbatim from the training data.We develop two tools that allow us to deduplicate training datasets\u2014for example removing from C4 a single 61 word English sentence that is repeated over 60,000 times.Deduplication allows us to train models that emit memorized text ten times less frequently and require fewer training steps to achieve the same or better accuracy.We can also reduce train-test overlap, which affects over 4% of the validation set of standard datasets, thus allowing for more accurate evaluation.Code for deduplication is released at https://github.com/google-research/deduplicate-text-datasets.",
    "paper_type": "benchmark",
    "attri": {
        "background": "The paper addresses the issue of near-duplicate examples and long repetitive substrings in existing language modeling datasets, which lead to language models producing verbatim outputs from training data. This necessitates the creation of a benchmark focused on deduplication to improve model performance and evaluation accuracy.",
        "problem": {
            "definition": "The benchmark is designed to address the problem of language models generating memorized text due to the presence of duplicate training examples.",
            "key obstacle": "Existing benchmarks do not account for the impact of data duplication on model performance and evaluation, leading to inflated performance metrics."
        },
        "idea": {
            "intuition": "The thought process behind the benchmark stems from the observation that deduplication can significantly enhance model training efficiency and output quality.",
            "opinion": "The authors believe that deduplication is crucial for improving the reliability of language models and their evaluations.",
            "innovation": "This benchmark introduces a novel approach to deduplicating training data, which has not been systematically addressed in previous benchmarks.",
            "benchmark abbreviation": "DLM"
        },
        "dataset": {
            "source": "The dataset was sourced from existing language modeling datasets, specifically targeting the removal of duplicate entries.",
            "desc": "The deduplicated dataset significantly reduces redundancy, ensuring a more diverse training set.",
            "content": "The dataset includes text data, specifically focusing on English sentences that were previously duplicated.",
            "size": "60,000",
            "domain": "Natural Language Processing",
            "task format": "Language Modeling"
        },
        "metrics": {
            "metric name": "Accuracy, Memorization Rate",
            "aspect": "The metrics measure the model's performance in terms of accuracy and the frequency of memorized outputs.",
            "principle": "The choice of metrics is guided by the need to evaluate both the effectiveness of deduplication and the overall performance of the language models.",
            "procedure": "Model performance is evaluated by comparing outputs on deduplicated versus non-deduplicated datasets."
        },
        "experiments": {
            "model": "The experiments tested state-of-the-art language models trained on both deduplicated and original datasets.",
            "procedure": "Models were trained with varying degrees of deduplication applied to the training data, and performance metrics were collected.",
            "result": "Models trained on deduplicated datasets demonstrated a tenfold reduction in memorized outputs and maintained or improved accuracy.",
            "variability": "Variability in results was accounted for by running multiple training trials with different random seeds and dataset splits."
        },
        "conclusion": "The key findings indicate that deduplication significantly enhances language model performance and evaluation accuracy, suggesting that future benchmarks should incorporate deduplication as a standard practice.",
        "discussion": {
            "advantage": "The benchmark provides a systematic approach to deduplication, improving model training efficiency and evaluation accuracy.",
            "limitation": "Potential limitations include the challenge of determining the optimal level of deduplication without losing valuable training data.",
            "future work": "Future research could explore automated deduplication techniques and their integration into model training pipelines."
        },
        "other info": []
    },
    "mount_outline": [
        {
            "section number": "2.3",
            "key information": "Existing benchmarks do not account for the impact of data duplication on model performance and evaluation, leading to inflated performance metrics."
        },
        {
            "section number": "3.1",
            "key information": "The deduplicated dataset significantly reduces redundancy, ensuring a more diverse training set."
        },
        {
            "section number": "3.4",
            "key information": "Models trained on deduplicated datasets demonstrated a tenfold reduction in memorized outputs and maintained or improved accuracy."
        },
        {
            "section number": "7.1",
            "key information": "The authors believe that deduplication is crucial for improving the reliability of language models and their evaluations."
        },
        {
            "section number": "7.2",
            "key information": "Potential limitations include the challenge of determining the optimal level of deduplication without losing valuable training data."
        },
        {
            "section number": "8",
            "key information": "The key findings indicate that deduplication significantly enhances language model performance and evaluation accuracy, suggesting that future benchmarks should incorporate deduplication as a standard practice."
        }
    ],
    "similarity_score": null,
    "image": null,
    "path": "/home/liudingyuan/code/SurveyX/code/SurveyX-main/outputs/t1b/papers/Deduplicating training data makes language models better.json"
}