{
    "from": null,
    "scholar_id": null,
    "detail_id": null,
    "title": "Deep double descent: Where bigger models and more data hurt",
    "abstract": "We show that a variety of modern deep learning tasks exhibit a \u2018double-descent\u2019 phenomenon where, as we increase model size, performance first gets worse and then gets better. Moreover, we show that double descent occurs not just as a function of model size, but also as a function of the number of training epochs. We unify the above phenomena by defining a new complexity measure we call the effective model complexity and conjecture a generalized double descent with respect to this measure. Furthermore, our notion of model complexity allows us to identify certain regimes where increasing (even quadrupling) the number of train samples actually hurts test performance.",
    "arxivid": "1912.02292v1",
    "bib_name": "Deepdouble139",
    "md_text": "# Deep double descent: Where bigger models and more data hurt\n\n\nabstract\n\nWe show that a variety of modern deep learning tasks exhibit a \u2018double-descent\u2019 phenomenon where, as we increase model size, performance first gets worse and then gets better. Moreover, we show that double descent occurs not just as a function of model size, but also as a function of the number of training epochs. We unify the above phenomena by defining a new complexity measure we call the effective model complexity and conjecture a generalized double descent with respect to this measure. Furthermore, our notion of model complexity allows us to identify certain regimes where increasing (even quadrupling) the number of train samples actually hurts test performance.",
    "paper_type": "theory",
    "attri": {
        "background": "This paper addresses the issue of the double-descent phenomenon observed in modern deep learning tasks, highlighting its implications on model size and training epochs.",
        "problem": {
            "definition": "The problem is the unexpected performance degradation of deep learning models as their size increases, followed by an eventual improvement.",
            "key obstacle": "Understanding the conditions under which larger models and more training data can lead to worse performance."
        },
        "idea": {
            "intuition": "The idea was inspired by observations of performance fluctuations in relation to model complexity and training duration.",
            "opinion": "The authors propose that both model size and training epochs contribute to a double-descent behavior in model performance.",
            "innovation": "The main difference compared to previous methods is the introduction of a new complexity measure termed effective model complexity, which helps unify the observed phenomena."
        },
        "Theory": {
            "perspective": "The perspective of the theory is that model complexity is a critical factor influencing performance, and it can be generalized across different training settings.",
            "opinion": "The authors assume that increasing model complexity does not always lead to better performance and that there are optimal complexity regimes.",
            "proof": "The proof involves empirical evidence showing the double-descent phenomenon across various models and datasets, supported by the new complexity measure."
        },
        "experiments": {
            "evaluation setting": "The experiments utilize various datasets and model architectures to analyze performance across different model sizes and training epochs.",
            "evaluation method": "The evaluation involves measuring test performance as model size and training epochs are varied, observing the resulting performance curves."
        },
        "conclusion": "The conclusion of the experiments indicates that double descent is a significant phenomenon in deep learning, where optimal performance can be counterintuitive based on model size and training data.",
        "discussion": {
            "advantage": "The paper provides a novel framework for understanding model performance in deep learning, potentially guiding better model design.",
            "limitation": "The limitations include the need for further empirical validation across more diverse tasks and the complexity of the proposed measure.",
            "future work": "Future work could focus on refining the effective model complexity measure and exploring its implications in different learning scenarios."
        },
        "other info": []
    },
    "mount_outline": [
        {
            "section number": "3.1",
            "key information": "The paper addresses the issue of the double-descent phenomenon observed in modern deep learning tasks, highlighting its implications on model size and training epochs."
        },
        {
            "section number": "3.4",
            "key information": "The authors propose that both model size and training epochs contribute to a double-descent behavior in model performance."
        },
        {
            "section number": "7.2",
            "key information": "The limitations include the need for further empirical validation across more diverse tasks and the complexity of the proposed measure."
        },
        {
            "section number": "7.4",
            "key information": "The perspective of the theory is that model complexity is a critical factor influencing performance, and it can be generalized across different training settings."
        },
        {
            "section number": "8",
            "key information": "The conclusion of the experiments indicates that double descent is a significant phenomenon in deep learning, where optimal performance can be counterintuitive based on model size and training data."
        }
    ],
    "similarity_score": null,
    "image": null,
    "path": "/home/liudingyuan/code/SurveyX/code/SurveyX-main/outputs/t1b/papers/Deep double descent_ Where bigger models and more data hurt.json"
}