{
    "from": null,
    "scholar_id": null,
    "detail_id": null,
    "title": "Deep reinforcement learning from human preferences",
    "abstract": "For sophisticated reinforcement learning (RL) systems to interact usefully with real-world environments, we need to communicate complex goals to these systems. In this work, we explore goals defined in terms of (non-expert) human preferences between pairs of trajectory segments. We show that this approach can effectively solve complex RL tasks without access to the reward function, including Atari games and simulated robot locomotion, while providing feedback on less than one percent of our agent's interactions with the environment. This reduces the cost of human oversight far enough that it can be practically applied to state-of-the-art RL systems. To demonstrate the flexibility of our approach, we show that we can successfully train complex novel behaviors with about an hour of human time. These behaviors and environments are considerably more complex than any that have been previously learned from human feedback.",
    "arxivid": "1706.03741v4",
    "bib_name": "Deepreinfo46",
    "md_text": "# Deep reinforcement learning from human preferences\n\n\nabstract\n\nFor sophisticated reinforcement learning (RL) systems to interact usefully with real-world environments, we need to communicate complex goals to these systems. In this work, we explore goals defined in terms of (non-expert) human preferences between pairs of trajectory segments. We show that this approach can effectively solve complex RL tasks without access to the reward function, including Atari games and simulated robot locomotion, while providing feedback on less than one percent of our agent's interactions with the environment. This reduces the cost of human oversight far enough that it can be practically applied to state-of-the-art RL systems. To demonstrate the flexibility of our approach, we show that we can successfully train complex novel behaviors with about an hour of human time. These behaviors and environments are considerably more complex than any that have been previously learned from human feedback.",
    "paper_type": "method",
    "attri": {
        "background": "This paper addresses the issue of effectively communicating complex goals to reinforcement learning systems using human preferences between pairs of trajectory segments, highlighting the limitations of traditional reward functions.",
        "problem": {
            "definition": "The problem being addressed is the challenge of specifying complex goals for reinforcement learning systems in a way that is understandable and actionable, especially when traditional reward functions are not available.",
            "key obstacle": "The main difficulty lies in the need for extensive human oversight and the inability of existing methods to learn effectively from limited human feedback."
        },
        "idea": {
            "intuition": "The intuition behind the proposed idea is that human preferences can serve as a more intuitive and flexible alternative to traditional reward functions, allowing for more effective learning in complex environments.",
            "opinion": "The proposed idea involves training reinforcement learning agents based on preferences expressed by humans regarding different trajectory segments, enabling the agents to learn complex behaviors without direct access to reward signals.",
            "innovation": "The key innovation of this method is its ability to significantly reduce the amount of human feedback required for training while still achieving effective learning outcomes in complex tasks."
        },
        "method": {
            "method name": "Deep reinforcement learning from human preferences",
            "method abbreviation": "DRLHP",
            "method definition": "This method utilizes deep reinforcement learning techniques to learn from human preferences expressed between pairs of trajectory segments, enabling agents to infer complex goals without explicit reward functions.",
            "method description": "The core of the method involves training agents to optimize their actions based on human feedback rather than predefined rewards.",
            "method steps": "1. Collect human preference data between trajectory segments; 2. Train a model to predict preferences; 3. Use the model to guide reinforcement learning updates.",
            "principle": "This method is effective because it leverages human insights to shape the learning process, allowing agents to focus on desirable behaviors as indicated by human preferences."
        },
        "experiments": {
            "evaluation setting": "The experimental setup includes various complex tasks such as Atari games and simulated robot locomotion, with comparisons made to traditional reinforcement learning methods that rely on reward functions.",
            "evaluation method": "Performance was assessed by measuring the effectiveness of the learned behaviors against baseline methods and analyzing the amount of human feedback required for successful training."
        },
        "conclusion": "The experiments demonstrate that the proposed method can train agents to perform complex tasks with significantly less human oversight, showcasing its potential for practical applications in reinforcement learning.",
        "discussion": {
            "advantage": "The key advantages of the proposed approach include reduced human oversight requirements and the ability to learn complex behaviors more efficiently than traditional methods.",
            "limitation": "A limitation of this method is the reliance on the quality of human preferences, which may introduce variability depending on the expertise of the human evaluators.",
            "future work": "Future research could explore improving the robustness of the method to varying quality of human feedback and extending its application to even more complex environments."
        },
        "other info": []
    },
    "mount_outline": [
        {
            "section number": "1.1",
            "key information": "The paper highlights the limitations of traditional reward functions in reinforcement learning, emphasizing the importance of effectively communicating complex goals."
        },
        {
            "section number": "2.3",
            "key information": "The paper explores the limitations of traditional reward functions, particularly the need for extensive human oversight and the inability of existing methods to learn effectively from limited human feedback."
        },
        {
            "section number": "3.1",
            "key information": "The proposed method, Deep Reinforcement Learning from Human Preferences (DRLHP), utilizes deep reinforcement learning techniques to learn from human preferences, which represents an advancement in training methodologies."
        },
        {
            "section number": "3.6",
            "key information": "The method enables agents to learn complex behaviors without direct access to reward signals, showcasing emergent abilities in reinforcement learning systems."
        },
        {
            "section number": "7.1",
            "key information": "The paper discusses the limitation of relying on the quality of human preferences, which may introduce variability depending on the expertise of the human evaluators, raising ethical concerns."
        },
        {
            "section number": "7.4",
            "key information": "The challenges of generalization and robustness are highlighted, particularly in relation to varying quality of human feedback affecting learning outcomes."
        }
    ],
    "similarity_score": null,
    "image": null,
    "path": "/home/liudingyuan/code/SurveyX/code/SurveyX-main/outputs/t1b/papers/Deep reinforcement learning from human preferences.json"
}