{
    "from": null,
    "scholar_id": null,
    "detail_id": null,
    "title": "Defending against neural fake news",
    "abstract": "Recent progress in natural language generation has raised dual-use concerns. While applications like summarization and translation are positive, the underlying technology also might enable adversaries to generate neural fake news: targeted propaganda that closely mimics the style of real news. \nModern computer security relies on careful threat modeling: identifying potential threats and vulnerabilities from an adversary's point of view, and exploring potential mitigations to these threats. Likewise, developing robust defenses against neural fake news requires us first to carefully investigate and characterize the risks of these models. We thus present a model for controllable text generation called Grover. Given a headline like `Link Found Between Vaccines and Autism,' Grover can generate the rest of the article; humans find these generations to be more trustworthy than human-written disinformation. \nDeveloping robust verification techniques against generators like Grover is critical. We find that best current discriminators can classify neural fake news from real, human-written, news with 73% accuracy, assuming access to a moderate level of training data. Counterintuitively, the best defense against Grover turns out to be Grover itself, with 92% accuracy, demonstrating the importance of public release of strong generators. We investigate these results further, showing that exposure bias -- and sampling strategies that alleviate its effects -- both leave artifacts that similar discriminators can pick up on. We conclude by discussing ethical issues regarding the technology, and plan to release Grover publicly, helping pave the way for better detection of neural fake news.",
    "arxivid": "1905.12616v3",
    "bib_name": "Defendinga88",
    "md_text": "# Defending against neural fake news\n\n\nabstract\n\nRecent progress in natural language generation has raised dual-use concerns. While applications like summarization and translation are positive, the underlying technology also might enable adversaries to generate neural fake news: targeted propaganda that closely mimics the style of real news. \nModern computer security relies on careful threat modeling: identifying potential threats and vulnerabilities from an adversary's point of view, and exploring potential mitigations to these threats. Likewise, developing robust defenses against neural fake news requires us first to carefully investigate and characterize the risks of these models. We thus present a model for controllable text generation called Grover. Given a headline like `Link Found Between Vaccines and Autism,' Grover can generate the rest of the article; humans find these generations to be more trustworthy than human-written disinformation. \nDeveloping robust verification techniques against generators like Grover is critical. We find that best current discriminators can classify neural fake news from real, human-written, news with 73% accuracy, assuming access to a moderate level of training data. Counterintuitively, the best defense against Grover turns out to be Grover itself, with 92% accuracy, demonstrating the importance of public release of strong generators. We investigate these results further, showing that exposure bias -- and sampling strategies that alleviate its effects -- both leave artifacts that similar discriminators can pick up on. We conclude by discussing ethical issues regarding the technology, and plan to release Grover publicly, helping pave the way for better detection of neural fake news.",
    "paper_type": "benchmark",
    "attri": {
        "background": "This paper addresses the issue of neural fake news generated by advanced natural language generation technologies, highlighting the dual-use nature of such models and the need for effective defenses against their misuse.",
        "problem": {
            "definition": "The benchmark is designed to address the challenge of detecting neural fake news, which closely mimics real news articles generated by models like Grover.",
            "key obstacle": "Existing benchmarks struggle with accurately classifying neural fake news from real news, with current discriminators achieving only 73% accuracy."
        },
        "idea": {
            "intuition": "The development of Grover was inspired by the need to understand and mitigate the risks posed by advanced text generation models that can create convincing fake news.",
            "opinion": "The authors emphasize the importance of developing robust verification techniques against neural fake news generators, as well as the ethical implications of such technologies.",
            "innovation": "Grover represents a novel approach to controllable text generation, demonstrating that the best defense against its outputs can be the generator itself.",
            "benchmark abbreviation": "Grover"
        },
        "dataset": {
            "source": "The dataset was created by generating news articles using the Grover model based on various headlines.",
            "desc": "The dataset includes a variety of generated articles that simulate real news, allowing for effective training and evaluation of discriminators.",
            "content": "The dataset consists of text data, specifically news articles generated to resemble human-written content.",
            "size": "-",
            "domain": "News Generation",
            "task format": "Text Classification"
        },
        "metrics": {
            "metric name": "Accuracy",
            "aspect": "Model performance in distinguishing neural fake news from real news",
            "principle": "The choice of accuracy as a metric is guided by its relevance in evaluating the effectiveness of classifiers in real-world applications.",
            "procedure": "Models were evaluated based on their ability to classify generated articles as either neural fake news or real news, using a set of training data."
        },
        "experiments": {
            "model": "The benchmark includes testing the Grover model and various discriminators trained to detect fake news.",
            "procedure": "Models were trained using a dataset of generated articles and evaluated on their classification performance.",
            "result": "The best discriminator achieved 73% accuracy, while Grover itself showed a 92% accuracy in detecting its own outputs.",
            "variability": "Variability in results was accounted for through the use of different sampling strategies and training data subsets."
        },
        "conclusion": "The experiments highlight the effectiveness of Grover as both a generator and a detector of neural fake news, emphasizing the need for public release of such technologies for better detection.",
        "discussion": {
            "advantage": "The benchmark contributes to the field by providing insights into the detection of neural fake news and the importance of strong generators in combating misinformation.",
            "limitation": "One limitation is the reliance on a moderate level of training data, which may not reflect all real-world scenarios.",
            "future work": "Future research should explore additional techniques for improving detection rates and addressing ethical concerns associated with neural fake news."
        },
        "other info": {
            "info1": "The authors plan to publicly release the Grover model to facilitate further research and development in this area.",
            "info2": {
                "info2.1": "The study discusses the ethical implications of generating convincing fake news.",
                "info2.2": "The importance of understanding exposure bias in model training is emphasized."
            }
        }
    },
    "mount_outline": [
        {
            "section number": "1.1",
            "key information": "This paper addresses the issue of neural fake news generated by advanced natural language generation technologies, highlighting the dual-use nature of such models and the need for effective defenses against their misuse."
        },
        {
            "section number": "2.1",
            "key information": "The benchmark is designed to address the challenge of detecting neural fake news, which closely mimics real news articles generated by models like Grover."
        },
        {
            "section number": "3.1",
            "key information": "The dataset was created by generating news articles using the Grover model based on various headlines, allowing for effective training and evaluation of discriminators."
        },
        {
            "section number": "3.3",
            "key information": "Models were evaluated based on their ability to classify generated articles as either neural fake news or real news, using a set of training data."
        },
        {
            "section number": "7.1",
            "key information": "The authors emphasize the importance of developing robust verification techniques against neural fake news generators, as well as the ethical implications of such technologies."
        },
        {
            "section number": "7.3",
            "key information": "One limitation is the reliance on a moderate level of training data, which may not reflect all real-world scenarios."
        },
        {
            "section number": "8",
            "key information": "The experiments highlight the effectiveness of Grover as both a generator and a detector of neural fake news, emphasizing the need for public release of such technologies for better detection."
        }
    ],
    "similarity_score": null,
    "image": null,
    "path": "/home/liudingyuan/code/SurveyX/code/SurveyX-main/outputs/t1b/papers/Defending against neural fake news.json"
}