{
    "from": null,
    "scholar_id": null,
    "detail_id": null,
    "title": "Dola: Decoding by contrasting layers improves factuality in large language models",
    "abstract": "Despite their impressive capabilities, large language models (LLMs) are prone to hallucinations, i.e., generating content that deviates from facts seen during pretraining. We propose a simple decoding strategy for reducing hallucinations with pretrained LLMs that does not require conditioning on retrieved external knowledge nor additional fine-tuning. Our approach obtains the next-token distribution by contrasting the differences in logits obtained from projecting the later layers versus earlier layers to the vocabulary space, exploiting the fact that factual knowledge in an LLMs has generally been shown to be localized to particular transformer layers. We find that this Decoding by Contrasting Layers (DoLa) approach is able to better surface factual knowledge and reduce the generation of incorrect facts. DoLa consistently improves the truthfulness across multiple choices tasks and open-ended generation tasks, for example improving the performance of LLaMA family models on TruthfulQA by 12-17% absolute points, demonstrating its potential in making LLMs reliably generate truthful facts.",
    "arxivid": "2309.03883v2",
    "bib_name": "Dola:Decod195",
    "md_text": "# Dola: Decoding by contrasting layers improves factuality in large language models\n\n\nabstract\n\nDespite their impressive capabilities, large language models (LLMs) are prone to hallucinations, i.e., generating content that deviates from facts seen during pretraining. We propose a simple decoding strategy for reducing hallucinations with pretrained LLMs that does not require conditioning on retrieved external knowledge nor additional fine-tuning. Our approach obtains the next-token distribution by contrasting the differences in logits obtained from projecting the later layers versus earlier layers to the vocabulary space, exploiting the fact that factual knowledge in an LLMs has generally been shown to be localized to particular transformer layers. We find that this Decoding by Contrasting Layers (DoLa) approach is able to better surface factual knowledge and reduce the generation of incorrect facts. DoLa consistently improves the truthfulness across multiple choices tasks and open-ended generation tasks, for example improving the performance of LLaMA family models on TruthfulQA by 12-17% absolute points, demonstrating its potential in making LLMs reliably generate truthful facts.",
    "paper_type": "method",
    "attri": {
        "background": "This paper addresses the issue of hallucinations in large language models (LLMs), which generate content that deviates from factual information. Previous methods have struggled to effectively reduce these hallucinations, necessitating a new approach to improve factual accuracy.",
        "problem": {
            "definition": "The problem is the tendency of large language models to produce hallucinated content, which undermines their reliability and factual correctness.",
            "key obstacle": "The main challenge is that existing methods either rely on external knowledge conditioning or require additional fine-tuning, which limits their practicality and effectiveness."
        },
        "idea": {
            "intuition": "The idea is inspired by the observation that factual knowledge in LLMs tends to be localized in specific transformer layers, suggesting that contrasting outputs from different layers could enhance factual accuracy.",
            "opinion": "The proposed idea, Decoding by Contrasting Layers (DoLa), involves obtaining the next-token distribution by contrasting logits from later and earlier layers to improve factual generation.",
            "innovation": "The key innovation of DoLa is its ability to reduce hallucinations without the need for external knowledge or fine-tuning, by leveraging the unique properties of layer outputs."
        },
        "method": {
            "method name": "Decoding by Contrasting Layers",
            "method abbreviation": "DoLa",
            "method definition": "DoLa is a decoding strategy that contrasts logits from different transformer layers to improve the factual accuracy of outputs generated by LLMs.",
            "method description": "DoLa enhances factual generation by contrasting the differences in logits from later and earlier transformer layers.",
            "method steps": "1. Obtain logits from earlier layers. 2. Obtain logits from later layers. 3. Contrast the logits to derive the next-token distribution. 4. Generate the output based on the contrasted logits.",
            "principle": "The effectiveness of DoLa is rooted in the localization of factual knowledge within specific transformer layers, allowing for a more accurate representation of factual information during generation."
        },
        "experiments": {
            "evaluation setting": "The evaluation involved multiple choice tasks and open-ended generation tasks, specifically assessing the performance of LLaMA family models on the TruthfulQA benchmark.",
            "evaluation method": "Performance was measured by comparing the truthfulness of outputs generated using DoLa against baseline methods, focusing on improvements in factual accuracy."
        },
        "conclusion": "The experiments demonstrated that DoLa consistently improves the truthfulness of outputs from LLMs, achieving significant gains in performance on various tasks, indicating its potential to enhance the reliability of factual generation.",
        "discussion": {
            "advantage": "DoLa stands out due to its simplicity and effectiveness in improving factual accuracy without additional conditioning or fine-tuning.",
            "limitation": "One limitation of DoLa may be its reliance on the inherent structure of LLMs, which could vary across different architectures or might not generalize to all tasks.",
            "future work": "Future research could explore optimizing DoLa for different model architectures and investigating its applicability to other types of generative tasks."
        },
        "other info": []
    },
    "mount_outline": [
        {
            "section number": "1.1",
            "key information": "This paper addresses the issue of hallucinations in large language models (LLMs), which generate content that deviates from factual information."
        },
        {
            "section number": "3.6",
            "key information": "The proposed idea, Decoding by Contrasting Layers (DoLa), involves obtaining the next-token distribution by contrasting logits from later and earlier layers to improve factual generation."
        },
        {
            "section number": "3.1",
            "key information": "DoLa enhances factual generation by contrasting the differences in logits from later and earlier transformer layers."
        },
        {
            "section number": "7.1",
            "key information": "The problem is the tendency of large language models to produce hallucinated content, which undermines their reliability and factual correctness."
        },
        {
            "section number": "7.2",
            "key information": "One limitation of DoLa may be its reliance on the inherent structure of LLMs, which could vary across different architectures or might not generalize to all tasks."
        },
        {
            "section number": "8",
            "key information": "The experiments demonstrated that DoLa consistently improves the truthfulness of outputs from LLMs, achieving significant gains in performance on various tasks."
        }
    ],
    "similarity_score": null,
    "image": null,
    "path": "/home/liudingyuan/code/SurveyX/code/SurveyX-main/outputs/t1b/papers/Dola_ Decoding by contrasting layers improves factuality in large language models.json"
}