{
    "from": null,
    "scholar_id": null,
    "detail_id": null,
    "title": "Doremi: Optimizing data mixtures speeds up language model pretraining",
    "abstract": "The mixture proportions of pretraining data domains (e.g., Wikipedia, books, web text) greatly affect language model (LM) performance. In this paper, we propose Domain Reweighting with Minimax Optimization (DoReMi), which first trains a small proxy model using group distributionally robust optimization (Group DRO) over domains to produce domain weights (mixture proportions) without knowledge of downstream tasks. We then resample a dataset with these domain weights and train a larger, full-sized model. In our experiments, we use DoReMi on a 280M-parameter proxy model to set the domain weights for training an 8B-parameter model (30x larger) more efficiently. On The Pile, DoReMi improves perplexity across all domains, even when it downweights a domain. DoReMi improves average few-shot downstream accuracy by 6.5% points over a baseline model trained using The Pile's default domain weights and reaches the baseline accuracy with 2.6x fewer training steps. On the GLaM dataset, DoReMi, which has no knowledge of downstream tasks, even matches the performance of using domain weights tuned on downstream tasks.",
    "arxivid": "2305.10429v4",
    "bib_name": "Doremi:Opt34",
    "md_text": "# Doremi: Optimizing data mixtures speeds up language model pretraining\n\n\nabstract\n\nThe mixture proportions of pretraining data domains (e.g., Wikipedia, books, web text) greatly affect language model (LM) performance. In this paper, we propose Domain Reweighting with Minimax Optimization (DoReMi), which first trains a small proxy model using group distributionally robust optimization (Group DRO) over domains to produce domain weights (mixture proportions) without knowledge of downstream tasks. We then resample a dataset with these domain weights and train a larger, full-sized model. In our experiments, we use DoReMi on a 280M-parameter proxy model to set the domain weights for training an 8B-parameter model (30x larger) more efficiently. On The Pile, DoReMi improves perplexity across all domains, even when it downweights a domain. DoReMi improves average few-shot downstream accuracy by 6.5% points over a baseline model trained using The Pile's default domain weights and reaches the baseline accuracy with 2.6x fewer training steps. On the GLaM dataset, DoReMi, which has no knowledge of downstream tasks, even matches the performance of using domain weights tuned on downstream tasks.",
    "paper_type": "method",
    "attri": {
        "background": "The mixture proportions of pretraining data domains significantly impact language model performance, necessitating a new method to optimize these proportions for better results.",
        "problem": {
            "definition": "The problem is the inefficient selection of mixture proportions for pretraining data domains, which can hinder the performance of language models.",
            "key obstacle": "Existing methods fail to effectively optimize domain weights without knowledge of downstream tasks, limiting their adaptability and performance."
        },
        "idea": {
            "intuition": "The idea is inspired by the observation that optimizing the mixture proportions of pretraining data can lead to significant improvements in model performance.",
            "opinion": "The proposed idea is to use Domain Reweighting with Minimax Optimization (DoReMi) to determine optimal domain weights through a proxy model.",
            "innovation": "The primary innovation lies in the use of Group DRO to produce domain weights without requiring downstream task knowledge, which is a departure from traditional methods."
        },
        "method": {
            "method name": "Domain Reweighting with Minimax Optimization",
            "method abbreviation": "DoReMi",
            "method definition": "DoReMi is a method that optimizes the mixture proportions of pretraining data domains using a proxy model trained with group distributionally robust optimization.",
            "method description": "The core of DoReMi involves training a small proxy model to establish domain weights, which are then used to resample the dataset for training a larger model.",
            "method steps": [
                "Train a small proxy model using Group DRO on pretraining data domains.",
                "Generate domain weights based on the proxy model's output.",
                "Resample the dataset according to the calculated domain weights.",
                "Train a larger, full-sized language model using the resampled dataset."
            ],
            "principle": "This method is effective because it allows for the optimization of domain weights in a way that is robust to distributional shifts, enhancing model performance without requiring task-specific tuning."
        },
        "experiments": {
            "evaluation setting": "Experiments were conducted using a 280M-parameter proxy model to set domain weights for training an 8B-parameter model on The Pile dataset.",
            "evaluation method": "Performance was assessed by measuring perplexity across all domains and average few-shot downstream accuracy, comparing results against a baseline model."
        },
        "conclusion": "DoReMi significantly improves language model performance by optimizing domain weights, achieving better accuracy with fewer training steps compared to baseline methods.",
        "discussion": {
            "advantage": "The key advantage of DoReMi is its ability to optimize domain weights without knowledge of downstream tasks, leading to improved model performance across various domains.",
            "limitation": "A limitation of the method may include its reliance on the initial proxy model, which could affect the quality of the domain weights if not properly trained.",
            "future work": "Future research could explore enhancing the proxy model training process and investigating the application of DoReMi in other pretraining scenarios or tasks."
        },
        "other info": {}
    },
    "mount_outline": [
        {
            "section number": "2.3",
            "key information": "The problem is the inefficient selection of mixture proportions for pretraining data domains, which can hinder the performance of language models."
        },
        {
            "section number": "3.1",
            "key information": "DoReMi is a method that optimizes the mixture proportions of pretraining data domains using a proxy model trained with group distributionally robust optimization."
        },
        {
            "section number": "3.4",
            "key information": "The primary innovation lies in the use of Group DRO to produce domain weights without requiring downstream task knowledge, which is a departure from traditional methods."
        },
        {
            "section number": "3.6",
            "key information": "DoReMi significantly improves language model performance by optimizing domain weights, achieving better accuracy with fewer training steps compared to baseline methods."
        },
        {
            "section number": "7.2",
            "key information": "A limitation of the method may include its reliance on the initial proxy model, which could affect the quality of the domain weights if not properly trained."
        },
        {
            "section number": "7.4",
            "key information": "Future research could explore enhancing the proxy model training process and investigating the application of DoReMi in other pretraining scenarios or tasks."
        }
    ],
    "similarity_score": null,
    "image": null,
    "path": "/home/liudingyuan/code/SurveyX/code/SurveyX-main/outputs/t1b/papers/Doremi_ Optimizing data mixtures speeds up language model pretraining.json"
}