{
    "from": null,
    "scholar_id": null,
    "detail_id": null,
    "title": "Efficient memory management for large language model serving with pagedattention",
    "abstract": "High throughput serving of large language models (LLMs) requires batching sufficiently many requests at a time. However, existing systems struggle because the key-value cache (KV cache) memory for each request is huge and grows and shrinks dynamically. When managed inefficiently, this memory can be significantly wasted by fragmentation and redundant duplication, limiting the batch size. To address this problem, we propose PagedAttention, an attention algorithm inspired by the classical virtual memory and paging techniques in operating systems. On top of it, we build vLLM, an LLM serving system that achieves (1) near-zero waste in KV cache memory and (2) flexible sharing of KV cache within and across requests to further reduce memory usage. Our evaluations show that vLLM improves the throughput of popular LLMs by 2--4\u00d7 with the same level of latency compared to the state-of-the-art systems, such as FasterTransformer and Orca. The improvement is more pronounced with longer sequences, larger models, and more complex decoding algorithms. vLLM's source code is publicly available at https://github.com/vllm-project/vllm.",
    "arxivid": "2309.06180v1",
    "bib_name": "Efficientm112",
    "md_text": "# Efficient memory management for large language model serving with pagedattention\n\n\nabstract\n\nHigh throughput serving of large language models (LLMs) requires batching sufficiently many requests at a time. However, existing systems struggle because the key-value cache (KV cache) memory for each request is huge and grows and shrinks dynamically. When managed inefficiently, this memory can be significantly wasted by fragmentation and redundant duplication, limiting the batch size. To address this problem, we propose PagedAttention, an attention algorithm inspired by the classical virtual memory and paging techniques in operating systems. On top of it, we build vLLM, an LLM serving system that achieves (1) near-zero waste in KV cache memory and (2) flexible sharing of KV cache within and across requests to further reduce memory usage. Our evaluations show that vLLM improves the throughput of popular LLMs by 2--4\u00d7 with the same level of latency compared to the state-of-the-art systems, such as FasterTransformer and Orca. The improvement is more pronounced with longer sequences, larger models, and more complex decoding algorithms. vLLM's source code is publicly available at https://github.com/vllm-project/vllm.",
    "paper_type": "method",
    "attri": {
        "background": "This paper addresses the issue of inefficient memory management in serving large language models (LLMs), particularly focusing on the challenges posed by the key-value cache (KV cache) memory which is large and dynamically changes in size. Previous methods have struggled with memory fragmentation and redundancy, necessitating a breakthrough to improve batch processing capabilities.",
        "problem": {
            "definition": "The problem is the inefficient management of KV cache memory during the serving of LLMs, which leads to significant memory waste and limits the ability to batch requests effectively.",
            "key obstacle": "The core obstacle is the dynamic growth and shrinkage of KV cache memory, which, when managed poorly, results in fragmentation and redundant duplication of memory."
        },
        "idea": {
            "intuition": "The idea is inspired by classical virtual memory and paging techniques used in operating systems, aiming to optimize memory usage in LLM serving.",
            "opinion": "The proposed idea, PagedAttention, entails an attention algorithm that allows for near-zero waste in KV cache memory and enables flexible sharing of cache among requests.",
            "innovation": "The primary innovation of this method lies in its ability to significantly reduce memory usage by preventing fragmentation and allowing shared access to KV cache, which is a marked improvement over existing methods."
        },
        "method": {
            "method name": "PagedAttention",
            "method abbreviation": "PA",
            "method definition": "PagedAttention is an attention algorithm designed to optimize the management of KV cache memory in LLM serving, minimizing waste and facilitating effective memory sharing.",
            "method description": "The core of PagedAttention is an algorithm that employs principles of virtual memory to manage KV cache efficiently.",
            "method steps": "The method involves implementing an attention mechanism that dynamically allocates and shares KV cache memory across requests, thereby reducing fragmentation and redundancy.",
            "principle": "This method is effective because it leverages established memory management techniques to enhance the efficiency of memory usage in LLM serving, directly addressing the problem of waste."
        },
        "experiments": {
            "evaluation setting": "The experimental setup includes comparisons with state-of-the-art systems like FasterTransformer and Orca, evaluating the performance of vLLM on popular LLMs under varying conditions.",
            "evaluation method": "The performance of the method was assessed by measuring throughput and latency, with results indicating a 2-4\u00d7 improvement in throughput while maintaining similar latency levels."
        },
        "conclusion": "The experiments demonstrate that vLLM significantly enhances the throughput of LLMs, especially with longer sequences and larger models, while effectively managing memory usage.",
        "discussion": {
            "advantage": "The key advantages of the proposed approach include near-zero waste in memory management and the ability to share KV cache efficiently, leading to improved performance in LLM serving.",
            "limitation": "A limitation of the method may include potential overhead associated with implementing the paging mechanism, which could affect performance in certain scenarios.",
            "future work": "Future research could focus on optimizing the paging algorithm further, exploring additional memory management strategies, and expanding the application of PagedAttention to other areas of machine learning."
        },
        "other info": {
            "source_code": "The source code for vLLM is publicly available at https://github.com/vllm-project/vllm."
        }
    },
    "mount_outline": [
        {
            "section number": "3.4",
            "key information": "PagedAttention is an attention algorithm designed to optimize the management of KV cache memory in LLM serving, minimizing waste and facilitating effective memory sharing."
        },
        {
            "section number": "3.1",
            "key information": "The method involves implementing an attention mechanism that dynamically allocates and shares KV cache memory across requests, thereby reducing fragmentation and redundancy."
        },
        {
            "section number": "7.2",
            "key information": "The core obstacle is the dynamic growth and shrinkage of KV cache memory, which, when managed poorly, results in fragmentation and redundant duplication of memory."
        },
        {
            "section number": "7.1",
            "key information": "The key advantages of the proposed approach include near-zero waste in memory management and the ability to share KV cache efficiently, leading to improved performance in LLM serving."
        },
        {
            "section number": "8",
            "key information": "The experiments demonstrate that vLLM significantly enhances the throughput of LLMs, especially with longer sequences and larger models, while effectively managing memory usage."
        }
    ],
    "similarity_score": null,
    "image": null,
    "path": "/home/liudingyuan/code/SurveyX/code/SurveyX-main/outputs/t1b/papers/Efficient memory management for large language model serving with pagedattention.json"
}