{
    "from": null,
    "scholar_id": null,
    "detail_id": null,
    "title": "Efficient large-scale language model training on GPU clusters using megatron-lm",
    "abstract": "Large language models have led to state-of-the-art accuracies across several tasks. However, training these models efficiently is challenging because: a) GPU memory capacity is limited, making it impossible to fit large models on even a multi-GPU server, and b) the number of compute operations required can result in unrealistically long training times. Consequently, new methods of model parallelism such as tensor and pipeline parallelism have been proposed. Unfortunately, naive usage of these methods leads to scaling issues at thousands of GPUs. In this paper, we show how tensor, pipeline, and data parallelism can be composed to scale to thousands of GPUs. We propose a novel interleaved pipelining schedule that can improve throughput by 10+% with memory footprint comparable to existing approaches. Our approach allows us to perform training iterations on a model with 1 trillion parameters at 502 petaFLOP/s on 3072 GPUs (per-GPU throughput of 52% of theoretical peak).",
    "arxivid": "2104.04473v5",
    "bib_name": "Efficientl43",
    "md_text": "# Efficient large-scale language model training on GPU clusters using megatron-lm\n\n\nabstract\n\nLarge language models have led to state-of-the-art accuracies across several tasks. However, training these models efficiently is challenging because: a) GPU memory capacity is limited, making it impossible to fit large models on even a multi-GPU server, and b) the number of compute operations required can result in unrealistically long training times. Consequently, new methods of model parallelism such as tensor and pipeline parallelism have been proposed. Unfortunately, naive usage of these methods leads to scaling issues at thousands of GPUs. In this paper, we show how tensor, pipeline, and data parallelism can be composed to scale to thousands of GPUs. We propose a novel interleaved pipelining schedule that can improve throughput by 10+% with memory footprint comparable to existing approaches. Our approach allows us to perform training iterations on a model with 1 trillion parameters at 502 petaFLOP/s on 3072 GPUs (per-GPU throughput of 52% of theoretical peak).",
    "paper_type": "method",
    "attri": {
        "background": "This paper addresses the issue of efficiently training large language models on GPU clusters, highlighting the challenges posed by limited GPU memory capacity and the extensive compute operations required for training, which lead to long training times. Previous methods like tensor and pipeline parallelism have been proposed, but their naive application results in scaling issues when using thousands of GPUs.",
        "problem": {
            "definition": "The problem is the difficulty of efficiently training large-scale language models due to constraints in GPU memory and the high computational requirements that lead to impractically long training times.",
            "key obstacle": "The core obstacle is the ineffective scaling of model parallelism techniques, such as tensor and pipeline parallelism, when attempting to utilize thousands of GPUs."
        },
        "idea": {
            "intuition": "The intuition behind the proposed idea is to enhance the efficiency of training large models by effectively composing different parallelism strategies to optimize resource usage.",
            "opinion": "The proposed idea entails a novel interleaved pipelining schedule that integrates tensor, pipeline, and data parallelism to significantly improve training throughput while maintaining a manageable memory footprint.",
            "innovation": "The innovation lies in the introduction of an interleaved pipelining schedule that allows for a 10+% improvement in throughput compared to existing methods, while still being able to accommodate very large models."
        },
        "method": {
            "method name": "Interleaved Pipelining Schedule",
            "method abbreviation": "IPS",
            "method definition": "The method involves a novel scheduling approach that interleaves different forms of parallelism (tensor, pipeline, and data) to enhance the training efficiency of large-scale models.",
            "method description": "IPS allows for efficient training of models with up to 1 trillion parameters on a massive scale by optimizing the use of GPU resources.",
            "method steps": "1. Implement tensor parallelism to distribute model parameters across GPUs. 2. Apply pipeline parallelism to divide the model into stages. 3. Utilize data parallelism to replicate the model across multiple GPUs. 4. Execute the interleaved pipelining schedule to maximize throughput.",
            "principle": "The effectiveness of this method is based on the combined use of multiple parallelism strategies that reduce idle times and improve resource allocation across a large number of GPUs."
        },
        "experiments": {
            "evaluation setting": "The experimental setup involved training a model with 1 trillion parameters on a GPU cluster consisting of 3072 GPUs, measuring throughput at 502 petaFLOP/s, which corresponds to 52% of the theoretical peak per-GPU performance.",
            "evaluation method": "The performance of the method was assessed by comparing throughput and memory usage against baseline methods, focusing on the efficiency of the interleaved pipelining schedule."
        },
        "conclusion": "The experiments demonstrated that the proposed interleaved pipelining schedule significantly enhances training throughput while efficiently managing memory usage, making it feasible to train large-scale language models on thousands of GPUs.",
        "discussion": {
            "advantage": "The key advantages of the proposed approach include improved training throughput and the ability to handle extremely large models without exceeding GPU memory limits.",
            "limitation": "A limitation of the method may include the complexity of implementation and potential overhead associated with managing multiple forms of parallelism simultaneously.",
            "future work": "Future research could focus on optimizing the interleaved pipelining schedule further and exploring additional parallelism strategies to enhance training efficiency for even larger models."
        },
        "other info": []
    },
    "mount_outline": [
        {
            "section number": "3.1",
            "key information": "The proposed interleaved pipelining schedule (IPS) enhances training efficiency by optimizing the use of GPU resources, allowing for efficient training of models with up to 1 trillion parameters."
        },
        {
            "section number": "3.4",
            "key information": "The interleaved pipelining schedule allows for a 10+% improvement in training throughput compared to existing methods, which addresses scalability and efficiency challenges in large language models."
        },
        {
            "section number": "2.3",
            "key information": "The core obstacle in training large-scale language models is the ineffective scaling of model parallelism techniques, such as tensor and pipeline parallelism, when utilizing thousands of GPUs."
        },
        {
            "section number": "7.2",
            "key information": "Challenges related to computational resources include limited GPU memory capacity and the extensive compute operations required for training large language models, leading to long training times."
        },
        {
            "section number": "7.1",
            "key information": "The complexity of implementing the interleaved pipelining schedule may introduce limitations, alongside potential overhead from managing multiple forms of parallelism."
        }
    ],
    "similarity_score": null,
    "image": null,
    "path": "/home/liudingyuan/code/SurveyX/code/SurveyX-main/outputs/t1b/papers/Efficient large-scale language model training on GPU clusters using megatron-lm.json"
}