{
    "from": null,
    "scholar_id": null,
    "detail_id": null,
    "title": "Farewell to aimless large-scale pretraining: Influential subset selection for language model",
    "abstract": "Pretrained language models have achieved remarkable success in various natural language processing tasks. However, pretraining has recently shifted toward larger models and larger data, and this has resulted in significant computational and energy costs. In this paper, we propose Influence Subset Selection (ISS) for language model, which explicitly utilizes end-task knowledge to select a tiny subset of the pretraining corpus. Specifically, the ISS selects the samples that will provide the most positive influence on the performance of the end-task. Furthermore, we design a gradient matching based influence estimation method, which can drastically reduce the computation time of influence. With only 0.45% of the data and a three-orders-of-magnitude lower computational cost, ISS outperformed pretrained models (e.g., RoBERTa) on eight datasets covering four domains.",
    "arxivid": "2305.12816v1",
    "bib_name": "Farewellto143",
    "md_text": "# Farewell to aimless large-scale pretraining: Influential subset selection for language model\n\n\nabstract\n\nPretrained language models have achieved remarkable success in various natural language processing tasks. However, pretraining has recently shifted toward larger models and larger data, and this has resulted in significant computational and energy costs. In this paper, we propose Influence Subset Selection (ISS) for language model, which explicitly utilizes end-task knowledge to select a tiny subset of the pretraining corpus. Specifically, the ISS selects the samples that will provide the most positive influence on the performance of the end-task. Furthermore, we design a gradient matching based influence estimation method, which can drastically reduce the computation time of influence. With only 0.45% of the data and a three-orders-of-magnitude lower computational cost, ISS outperformed pretrained models (e.g., RoBERTa) on eight datasets covering four domains.",
    "paper_type": "method",
    "attri": {
        "background": "This paper addresses the issue of high computational and energy costs associated with large-scale pretraining of language models, highlighting the need for more efficient methods to utilize pretraining data effectively.",
        "problem": {
            "definition": "The problem is the inefficiency and resource intensity of training large-scale language models using extensive pretraining datasets.",
            "key obstacle": "The core obstacle is the inability of existing methods to effectively select the most impactful samples from large datasets, leading to unnecessary computational costs."
        },
        "idea": {
            "intuition": "The idea is inspired by the observation that not all pretraining data contributes equally to the performance of language models; thus, selecting a smaller, more influential subset can enhance efficiency.",
            "opinion": "The proposed idea, Influence Subset Selection (ISS), aims to optimize the selection of pretraining samples based on their expected positive influence on end-task performance.",
            "innovation": "The innovation lies in the gradient matching based influence estimation method, which significantly reduces computational costs while improving performance compared to traditional pretraining approaches."
        },
        "method": {
            "method name": "Influence Subset Selection",
            "method abbreviation": "ISS",
            "method definition": "ISS is a method that selects a small subset of pretraining data based on its estimated influence on the performance of a specific end-task.",
            "method description": "The method focuses on identifying and utilizing the most beneficial samples from a pretraining corpus to enhance model efficiency.",
            "method steps": "1. Estimate the influence of each sample in the pretraining corpus on the end-task performance. 2. Select the top samples based on their influence scores. 3. Train the language model using only the selected subset.",
            "principle": "The effectiveness of ISS is grounded in the principle that targeted selection of influential data can lead to better performance with significantly reduced resource consumption."
        },
        "experiments": {
            "evaluation setting": "The experiments utilized eight datasets across four domains to evaluate the performance of the ISS method against traditional pretrained models like RoBERTa.",
            "evaluation method": "Performance was assessed by measuring the end-task results achieved using the ISS-selected subset compared to full datasets and other baseline methods."
        },
        "conclusion": "The ISS method demonstrated that it can outperform existing pretrained models while using only 0.45% of the data and achieving a three-orders-of-magnitude reduction in computational cost.",
        "discussion": {
            "advantage": "The key advantage of ISS is its ability to drastically reduce resource requirements while maintaining or improving model performance.",
            "limitation": "A limitation of the ISS approach may include potential challenges in accurately estimating influence for all types of tasks or datasets.",
            "future work": "Future research could explore enhancing the influence estimation method and applying ISS to a broader range of tasks and datasets."
        },
        "other info": []
    },
    "mount_outline": [
        {
            "section number": "3",
            "key information": "The paper addresses the high computational and energy costs associated with large-scale pretraining of language models, highlighting the need for more efficient methods to utilize pretraining data effectively."
        },
        {
            "section number": "3.1",
            "key information": "The proposed method, Influence Subset Selection (ISS), optimizes the selection of pretraining samples based on their expected positive influence on end-task performance."
        },
        {
            "section number": "3.4",
            "key information": "The ISS method demonstrated a three-orders-of-magnitude reduction in computational cost while maintaining or improving model performance."
        },
        {
            "section number": "7.2",
            "key information": "A limitation of the ISS approach may include potential challenges in accurately estimating influence for all types of tasks or datasets."
        },
        {
            "section number": "7.1",
            "key information": "The inefficiency and resource intensity of training large-scale language models using extensive pretraining datasets present significant challenges in the field."
        }
    ],
    "similarity_score": null,
    "image": null,
    "path": "/home/liudingyuan/code/SurveyX/code/SurveyX-main/outputs/t1b/papers/Farewell to aimless large-scale pretraining_ Influential subset selection for language model.json"
}