{
    "from": null,
    "scholar_id": null,
    "detail_id": null,
    "title": "Flashattention-2: Faster attention with better parallelism and work partitioning",
    "abstract": "Scaling Transformers to longer sequence lengths has been a major problem in the last several years, promising to improve performance in language modeling and high-resolution image understanding, as well as to unlock new applications in code, audio, and video generation. The attention layer is the main bottleneck in scaling to longer sequences, as its runtime and memory increase quadratically in the sequence length. FlashAttention exploits the asymmetric GPU memory hierarchy to bring significant memory saving (linear instead of quadratic) and runtime speedup (2-4$\\times$ compared to optimized baselines), with no approximation. However, FlashAttention is still not nearly as fast as optimized matrix-multiply (GEMM) operations, reaching only 25-40\\% of the theoretical maximum FLOPs/s. We observe that the inefficiency is due to suboptimal work partitioning between different thread blocks and warps on the GPU, causing either low-occupancy or unnecessary shared memory reads/writes. We propose FlashAttention-2, with better work partitioning to address these issues. In particular, we (1) tweak the algorithm to reduce the number of non-matmul FLOPs (2) parallelize the attention computation, even for a single head, across different thread blocks to increase occupancy, and (3) within each thread block, distribute the work between warps to reduce communication through shared memory. These yield around 2$\\times$ speedup compared to FlashAttention, reaching 50-73\\% of the theoretical maximum FLOPs/s on A100 and getting close to the efficiency of GEMM operations. We empirically validate that when used end-to-end to train GPT-style models, FlashAttention-2 reaches training speed of up to 225 TFLOPs/s per A100 GPU (72\\% model FLOPs utilization).",
    "arxivid": "2307.08691v1",
    "bib_name": "Flashatten184",
    "md_text": "# Flashattention-2: Faster attention with better parallelism and work partitioning\n\n\nabstract\n\nScaling Transformers to longer sequence lengths has been a major problem in the last several years, promising to improve performance in language modeling and high-resolution image understanding, as well as to unlock new applications in code, audio, and video generation. The attention layer is the main bottleneck in scaling to longer sequences, as its runtime and memory increase quadratically in the sequence length. FlashAttention exploits the asymmetric GPU memory hierarchy to bring significant memory saving (linear instead of quadratic) and runtime speedup (2-4$\\times$ compared to optimized baselines), with no approximation. However, FlashAttention is still not nearly as fast as optimized matrix-multiply (GEMM) operations, reaching only 25-40\\% of the theoretical maximum FLOPs/s. We observe that the inefficiency is due to suboptimal work partitioning between different thread blocks and warps on the GPU, causing either low-occupancy or unnecessary shared memory reads/writes. We propose FlashAttention-2, with better work partitioning to address these issues. In particular, we (1) tweak the algorithm to reduce the number of non-matmul FLOPs (2) parallelize the attention computation, even for a single head, across different thread blocks to increase occupancy, and (3) within each thread block, distribute the work between warps to reduce communication through shared memory. These yield around 2$\\times$ speedup compared to FlashAttention, reaching 50-73\\% of the theoretical maximum FLOPs/s on A100 and getting close to the efficiency of GEMM operations. We empirically validate that when used end-to-end to train GPT-style models, FlashAttention-2 reaches training speed of up to 225 TFLOPs/s per A100 GPU (72\\% model FLOPs utilization).",
    "paper_type": "method",
    "attri": {
        "background": "Scaling Transformers to longer sequence lengths has been a major problem in the last several years, promising to improve performance in language modeling and high-resolution image understanding, as well as to unlock new applications in code, audio, and video generation. The attention layer is the main bottleneck in scaling to longer sequences, as its runtime and memory increase quadratically in the sequence length.",
        "problem": {
            "definition": "The problem is the inefficiency in the attention layer of Transformers when scaling to longer sequences, which results in increased runtime and memory usage.",
            "key obstacle": "The main difficulty is the suboptimal work partitioning between different thread blocks and warps on the GPU, leading to low-occupancy or unnecessary shared memory reads/writes."
        },
        "idea": {
            "intuition": "The idea originated from the observation that the inefficiency of FlashAttention was due to suboptimal work partitioning on the GPU.",
            "opinion": "FlashAttention-2 is proposed to improve upon FlashAttention by enhancing work partitioning and parallelizing attention computation.",
            "innovation": "The primary difference lies in the improved work partitioning and the ability to parallelize attention computation across different thread blocks, which significantly increases efficiency."
        },
        "method": {
            "method name": "FlashAttention-2",
            "method abbreviation": "FA2",
            "method definition": "FlashAttention-2 is a method that optimizes the attention computation in Transformers by improving work partitioning and parallelization on GPUs.",
            "method description": "The method enhances the efficiency of attention computation by reducing non-matmul FLOPs and better distributing work among thread blocks and warps.",
            "method steps": "1. Tweak the algorithm to reduce non-matmul FLOPs; 2. Parallelize attention computation across thread blocks; 3. Distribute work among warps within each thread block.",
            "principle": "This method is effective because it maximizes GPU occupancy and minimizes communication overhead, allowing for faster execution of attention computations."
        },
        "experiments": {
            "evaluation setting": "The evaluation was conducted on A100 GPUs with a focus on training GPT-style models, comparing performance against FlashAttention and optimized matrix-multiply operations.",
            "evaluation method": "Performance was measured in terms of training speed in TFLOPs/s and FLOPs utilization, assessing the efficiency of the proposed method."
        },
        "conclusion": "FlashAttention-2 achieves up to 2x speedup compared to FlashAttention, reaching 50-73% of the theoretical maximum FLOPs/s on A100 GPUs and significantly improving training speed for GPT-style models.",
        "discussion": {
            "advantage": "The key advantage of FlashAttention-2 is its improved efficiency in GPU utilization, allowing for faster attention computations without approximations.",
            "limitation": "A limitation may include the dependency on specific GPU architectures, which could affect performance on different hardware.",
            "future work": "Future work could explore further optimizations for different architectures and investigate the applicability of the method to other types of neural network models."
        },
        "other info": []
    },
    "mount_outline": [
        {
            "section number": "3.1",
            "key information": "FlashAttention-2 optimizes attention computation in Transformers by improving work partitioning and parallelization on GPUs, enhancing data utilization and training methodologies."
        },
        {
            "section number": "4.4",
            "key information": "FlashAttention-2 maximizes GPU occupancy and minimizes communication overhead, allowing for faster execution of attention computations, which are critical training and optimization techniques in transformer models."
        },
        {
            "section number": "7.2",
            "key information": "The inefficiency in the attention layer of Transformers when scaling to longer sequences presents challenges related to computational resources and efficiency."
        },
        {
            "section number": "3.4",
            "key information": "FlashAttention-2 achieves up to 2x speedup compared to FlashAttention, significantly improving efficiency and scalability in large language models."
        },
        {
            "section number": "5.1",
            "key information": "The discussion on integrating improved attention mechanisms like FlashAttention-2 with transformer models emphasizes its impact on language processing efficiency."
        }
    ],
    "similarity_score": null,
    "image": null,
    "path": "/home/liudingyuan/code/SurveyX/code/SurveyX-main/outputs/t1b/papers/Flashattention-2_ Faster attention with better parallelism and work partitioning.json"
}