{
    "from": null,
    "scholar_id": null,
    "detail_id": null,
    "title": "Focused transformer: Contrastive training for context scaling",
    "abstract": "Large language models have an exceptional capability to incorporate new information in a contextual manner. However, the full potential of such an approach is often restrained due to a limitation in the effective context length. One solution to this issue is to endow an attention layer with access to an external memory, which comprises of (key, value) pairs. Yet, as the number of documents increases, the proportion of relevant keys to irrelevant ones decreases, leading the model to focus more on the irrelevant keys. We identify a significant challenge, dubbed the distraction issue, where keys linked to different semantic values might overlap, making them hard to distinguish. To tackle this problem, we introduce the Focused Transformer (FoT), a technique that employs a training process inspired by contrastive learning. This novel approach enhances the structure of the (key, value) space, enabling an extension of the context length. Our method allows for fine-tuning pre-existing, large-scale models to lengthen their effective context. This is demonstrated by our fine-tuning of $3B$ and $7B$ OpenLLaMA checkpoints. The resulting models, which we name LongLLaMA, exhibit advancements in tasks requiring a long context. We further illustrate that our LongLLaMA models adeptly manage a $256 k$ context length for passkey retrieval.",
    "arxivid": "2307.03170v2",
    "bib_name": "Focusedtra147",
    "md_text": "# Focused transformer: Contrastive training for context scaling\n\n\nabstract\n\nLarge language models have an exceptional capability to incorporate new information in a contextual manner. However, the full potential of such an approach is often restrained due to a limitation in the effective context length. One solution to this issue is to endow an attention layer with access to an external memory, which comprises of (key, value) pairs. Yet, as the number of documents increases, the proportion of relevant keys to irrelevant ones decreases, leading the model to focus more on the irrelevant keys. We identify a significant challenge, dubbed the distraction issue, where keys linked to different semantic values might overlap, making them hard to distinguish. To tackle this problem, we introduce the Focused Transformer (FoT), a technique that employs a training process inspired by contrastive learning. This novel approach enhances the structure of the (key, value) space, enabling an extension of the context length. Our method allows for fine-tuning pre-existing, large-scale models to lengthen their effective context. This is demonstrated by our fine-tuning of $3B$ and $7B$ OpenLLaMA checkpoints. The resulting models, which we name LongLLaMA, exhibit advancements in tasks requiring a long context. We further illustrate that our LongLLaMA models adeptly manage a $256 k$ context length for passkey retrieval.",
    "paper_type": "method",
    "attri": {
        "background": "This paper addresses the issue of limited effective context length in large language models, which restricts their ability to incorporate new information contextually. Previous methods, such as using external memory with (key, value) pairs, face a challenge with the distraction issue, where the overlap of keys linked to different semantic values makes it difficult for the model to focus on relevant information.",
        "problem": {
            "definition": "The problem is the distraction issue in large language models, where the increase in documents leads to a decrease in the proportion of relevant keys to irrelevant ones, causing difficulty in distinguishing between them.",
            "key obstacle": "The core obstacle is that overlapping (key, value) pairs can lead to confusion, preventing effective context utilization and impeding the model's performance."
        },
        "idea": {
            "intuition": "The idea was inspired by the need to enhance the (key, value) space structure to better manage context length in language models.",
            "opinion": "The proposed idea involves the Focused Transformer (FoT), which uses contrastive training to improve the differentiation of keys in the context space.",
            "innovation": "The primary innovation is the application of contrastive learning to the training process, which effectively extends the context length and improves the model's ability to focus on relevant keys."
        },
        "method": {
            "method name": "Focused Transformer",
            "method abbreviation": "FoT",
            "method definition": "The Focused Transformer is a technique that employs contrastive training to enhance the structure of the (key, value) space, allowing for extended context length in large language models.",
            "method description": "FoT fine-tunes pre-existing large-scale models to increase their effective context length.",
            "method steps": "1. Implement contrastive training on the attention layer. 2. Structure the (key, value) space to improve key differentiation. 3. Fine-tune the model on large-scale datasets.",
            "principle": "The method is effective because it reduces the distraction issue by improving key relevance, allowing the model to focus more on pertinent information in a longer context."
        },
        "experiments": {
            "evaluation setting": "The experiments involved fine-tuning $3B$ and $7B$ OpenLLaMA checkpoints, assessing their performance on tasks that require long contexts, particularly focusing on a $256 k$ context length for passkey retrieval.",
            "evaluation method": "Performance was measured by comparing the LongLLaMA models against baseline methods, analyzing their ability to manage extended context lengths effectively."
        },
        "conclusion": "The experiments demonstrate that the LongLLaMA models, derived from the Focused Transformer approach, show significant advancements in managing long contexts, effectively addressing the distraction issue and improving performance in relevant tasks.",
        "discussion": {
            "advantage": "The key advantages of the proposed approach include enhanced context management and improved differentiation of relevant keys, leading to better performance in tasks requiring long context lengths.",
            "limitation": "A limitation of the method may include potential challenges in scaling to even larger models or datasets, which could introduce new distraction issues.",
            "future work": "Future research could explore further improvements to the key differentiation process, potentially integrating more advanced memory structures or additional training techniques to enhance model performance."
        },
        "other info": []
    },
    "mount_outline": [
        {
            "section number": "2.3",
            "key information": "The problem is the distraction issue in large language models, where the increase in documents leads to a decrease in the proportion of relevant keys to irrelevant ones, causing difficulty in distinguishing between them."
        },
        {
            "section number": "3.1",
            "key information": "The Focused Transformer (FoT) employs contrastive training to enhance the structure of the (key, value) space, allowing for extended context length in large language models."
        },
        {
            "section number": "3.4",
            "key information": "The method is effective because it reduces the distraction issue by improving key relevance, allowing the model to focus more on pertinent information in a longer context."
        },
        {
            "section number": "4.1",
            "key information": "The Focused Transformer fine-tunes pre-existing large-scale models to increase their effective context length."
        },
        {
            "section number": "7.2",
            "key information": "A limitation of the method may include potential challenges in scaling to even larger models or datasets, which could introduce new distraction issues."
        },
        {
            "section number": "8",
            "key information": "The experiments demonstrate that the LongLLaMA models, derived from the Focused Transformer approach, show significant advancements in managing long contexts, effectively addressing the distraction issue and improving performance in relevant tasks."
        }
    ],
    "similarity_score": null,
    "image": null,
    "path": "/home/liudingyuan/code/SurveyX/code/SurveyX-main/outputs/t1b/papers/Focused transformer_ Contrastive training for context scaling.json"
}