{
    "from": null,
    "scholar_id": null,
    "detail_id": null,
    "title": "GLU variants improve transformer",
    "abstract": "Gated Linear Units (arXiv:1612.08083) consist of the component-wise product of two linear projections, one of which is first passed through a sigmoid function. Variations on GLU are possible, using different nonlinear (or even linear) functions in place of sigmoid. We test these variants in the feed-forward sublayers of the Transformer (arXiv:1706.03762) sequence-to-sequence model, and find that some of them yield quality improvements over the typically-used ReLU or GELU activations.",
    "arxivid": "2002.05202v1",
    "bib_name": "GLUvariant167",
    "md_text": "# GLU variants improve transformer\n\n\nabstract\n\nGated Linear Units (arXiv:1612.08083) consist of the component-wise product of two linear projections, one of which is first passed through a sigmoid function. Variations on GLU are possible, using different nonlinear (or even linear) functions in place of sigmoid. We test these variants in the feed-forward sublayers of the Transformer (arXiv:1706.03762) sequence-to-sequence model, and find that some of them yield quality improvements over the typically-used ReLU or GELU activations.",
    "paper_type": "method",
    "attri": {
        "background": "This paper addresses the issue of improving the performance of Transformer models by exploring variations of Gated Linear Units (GLU) in their feed-forward sublayers, highlighting the limitations of traditional activation functions like ReLU and GELU.",
        "problem": {
            "definition": "The problem is the suboptimal performance of existing activation functions in Transformer models, which can hinder the quality of the generated outputs.",
            "key obstacle": "The core obstacle is that traditional activation functions such as ReLU and GELU may not fully exploit the potential of the model architecture, leading to subpar results."
        },
        "idea": {
            "intuition": "The idea is inspired by the component-wise product nature of GLU, suggesting that exploring alternative nonlinear functions could enhance model expressiveness and performance.",
            "opinion": "The proposed idea involves testing various GLU variants in place of standard activation functions within the Transformer architecture to identify improvements in performance.",
            "innovation": "The primary innovation lies in the systematic evaluation of different nonlinear (and linear) functions as alternatives to the traditional activation functions, potentially leading to better performance metrics."
        },
        "method": {
            "method name": "GLU variants",
            "method abbreviation": "GLUv",
            "method definition": "GLU variants are modifications of the standard Gated Linear Unit that utilize different activation functions to enhance the performance of Transformer models.",
            "method description": "The method involves substituting traditional activation functions in the feed-forward layers of Transformers with various GLU variants.",
            "principle": "This method is effective because it leverages the component-wise multiplicative nature of GLU, allowing for more complex interactions between input features, which can lead to improved model performance."
        },
        "experiments": {
            "evaluation setting": "The experimental setup includes testing various GLU variants within the Transformer architecture, comparing them against baseline methods using ReLU and GELU activations.",
            "evaluation method": "Performance is measured through quality metrics relevant to the outputs generated by the Transformer model, assessing the effectiveness of each GLU variant."
        },
        "conclusion": "The experiments demonstrate that certain GLU variants yield significant quality improvements in the output of Transformer models compared to traditional activation functions, suggesting a promising direction for future research.",
        "discussion": {
            "advantage": "The key advantages of the proposed approach include improved performance metrics and the ability to enhance model expressiveness through the use of diverse activation functions.",
            "limitation": "A limitation of the method may be the potential increase in computational complexity and the need for careful selection of activation functions to avoid overfitting.",
            "future work": "Future research could focus on further exploring the landscape of activation functions, optimizing their integration within Transformer models, and evaluating their performance across different tasks."
        },
        "other info": []
    },
    "mount_outline": [
        {
            "section number": "3.2",
            "key information": "This paper addresses the issue of improving the performance of Transformer models by exploring variations of Gated Linear Units (GLU) in their feed-forward sublayers."
        },
        {
            "section number": "3.3",
            "key information": "The primary innovation lies in the systematic evaluation of different nonlinear (and linear) functions as alternatives to the traditional activation functions, potentially leading to better performance metrics."
        },
        {
            "section number": "4.1",
            "key information": "The method involves substituting traditional activation functions in the feed-forward layers of Transformers with various GLU variants."
        },
        {
            "section number": "4.5",
            "key information": "A limitation of the method may be the potential increase in computational complexity and the need for careful selection of activation functions to avoid overfitting."
        },
        {
            "section number": "7.2",
            "key information": "The key advantages of the proposed approach include improved performance metrics and the ability to enhance model expressiveness through the use of diverse activation functions."
        },
        {
            "section number": "8",
            "key information": "The experiments demonstrate that certain GLU variants yield significant quality improvements in the output of Transformer models compared to traditional activation functions."
        }
    ],
    "similarity_score": null,
    "image": null,
    "path": "/home/liudingyuan/code/SurveyX/code/SurveyX-main/outputs/t1b/papers/GLU variants improve transformer.json"
}