{
    "from": null,
    "scholar_id": null,
    "detail_id": null,
    "title": "Google's neural machine translation system: Bridging the gap between human and machine translation",
    "abstract": "Neural Machine Translation (NMT) is an end-to-end learning approach for automated translation, with the potential to overcome many of the weaknesses of conventional phrase-based translation systems. Unfortunately, NMT systems are known to be computationally expensive both in training and in translation inference. Also, most NMT systems have difficulty with rare words. These issues have hindered NMT's use in practical deployments and services, where both accuracy and speed are essential. In this work, we present GNMT, Google's Neural Machine Translation system, which attempts to address many of these issues. Our model consists of a deep LSTM network with 8 encoder and 8 decoder layers using attention and residual connections. To improve parallelism and therefore decrease training time, our attention mechanism connects the bottom layer of the decoder to the top layer of the encoder. To accelerate the final translation speed, we employ low-precision arithmetic during inference computations. To improve handling of rare words, we divide words into a limited set of common sub-word units (\"wordpieces\") for both input and output. This method provides a good balance between the flexibility of \"character\"-delimited models and the efficiency of \"word\"-delimited models, naturally handles translation of rare words, and ultimately improves the overall accuracy of the system. Our beam search technique employs a length-normalization procedure and uses a coverage penalty, which encourages generation of an output sentence that is most likely to cover all the words in the source sentence. On the WMT'14 English-to-French and English-to-German benchmarks, GNMT achieves competitive results to state-of-the-art. Using a human side-by-side evaluation on a set of isolated simple sentences, it reduces translation errors by an average of 60% compared to Google's phrase-based production system.",
    "arxivid": "1609.08144v2",
    "bib_name": "Google'sne188",
    "md_text": "# Google's neural machine translation system: Bridging the gap between human and machine translation\n\n\nabstract\n\nNeural Machine Translation (NMT) is an end-to-end learning approach for automated translation, with the potential to overcome many of the weaknesses of conventional phrase-based translation systems. Unfortunately, NMT systems are known to be computationally expensive both in training and in translation inference. Also, most NMT systems have difficulty with rare words. These issues have hindered NMT's use in practical deployments and services, where both accuracy and speed are essential. In this work, we present GNMT, Google's Neural Machine Translation system, which attempts to address many of these issues. Our model consists of a deep LSTM network with 8 encoder and 8 decoder layers using attention and residual connections. To improve parallelism and therefore decrease training time, our attention mechanism connects the bottom layer of the decoder to the top layer of the encoder. To accelerate the final translation speed, we employ low-precision arithmetic during inference computations. To improve handling of rare words, we divide words into a limited set of common sub-word units (\"wordpieces\") for both input and output. This method provides a good balance between the flexibility of \"character\"-delimited models and the efficiency of \"word\"-delimited models, naturally handles translation of rare words, and ultimately improves the overall accuracy of the system. Our beam search technique employs a length-normalization procedure and uses a coverage penalty, which encourages generation of an output sentence that is most likely to cover all the words in the source sentence. On the WMT'14 English-to-French and English-to-German benchmarks, GNMT achieves competitive results to state-of-the-art. Using a human side-by-side evaluation on a set of isolated simple sentences, it reduces translation errors by an average of 60% compared to Google's phrase-based production system.",
    "paper_type": "method",
    "attri": {
        "background": "Neural Machine Translation (NMT) is an end-to-end learning approach for automated translation, with the potential to overcome many of the weaknesses of conventional phrase-based translation systems. Unfortunately, NMT systems are known to be computationally expensive both in training and in translation inference. Also, most NMT systems have difficulty with rare words. These issues have hindered NMT's use in practical deployments and services, where both accuracy and speed are essential.",
        "problem": {
            "definition": "The problem addressed is the computational expense and inefficiency of NMT systems, particularly in handling rare words, which limits their practical application.",
            "key obstacle": "The main difficulty is the high computational cost associated with training and inference in NMT systems, along with the inadequacy in processing rare words."
        },
        "idea": {
            "intuition": "The inspiration behind the proposed idea comes from the need to improve the efficiency and accuracy of NMT systems while addressing their limitations in handling rare words.",
            "opinion": "The proposed idea involves the development of GNMT, which incorporates a deep LSTM network and innovative techniques for enhancing translation speed and accuracy.",
            "innovation": "The key innovation lies in the architecture of GNMT, which utilizes attention mechanisms, low-precision arithmetic, and a sub-word unit approach to effectively manage rare words and improve overall system performance."
        },
        "method": {
            "method name": "Google's Neural Machine Translation system (GNMT)",
            "method abbreviation": "GNMT",
            "method definition": "GNMT is a deep learning-based translation system that utilizes a deep LSTM network architecture with attention mechanisms to enhance translation accuracy and efficiency.",
            "method description": "GNMT employs a deep LSTM network with 8 encoder and 8 decoder layers, utilizing attention and residual connections for improved performance.",
            "method steps": "1. Utilize a deep LSTM network architecture. 2. Implement attention mechanisms connecting decoder and encoder layers. 3. Employ low-precision arithmetic during inference. 4. Use sub-word units for input and output. 5. Apply beam search with length normalization and coverage penalty.",
            "principle": "The effectiveness of GNMT stems from its ability to leverage deep learning techniques to enhance translation quality while optimizing computational efficiency."
        },
        "experiments": {
            "evaluation setting": "The evaluation was conducted on the WMT'14 English-to-French and English-to-German benchmarks, comparing GNMT against state-of-the-art systems.",
            "evaluation method": "Performance was assessed through a human side-by-side evaluation of isolated simple sentences, measuring translation errors against Google's phrase-based production system."
        },
        "conclusion": "GNMT achieves competitive results on benchmark tests and significantly reduces translation errors by an average of 60% compared to the previous phrase-based system, demonstrating its effectiveness and contributions to the field of machine translation.",
        "discussion": {
            "advantage": "The key advantages of GNMT include its ability to handle rare words effectively, improved translation speed through low-precision arithmetic, and a sophisticated architecture that enhances overall translation accuracy.",
            "limitation": "Despite its advancements, GNMT may still face challenges related to computational resource requirements and potential difficulties in scaling for larger datasets.",
            "future work": "Future research could focus on optimizing GNMT further for efficiency, exploring alternative architectures, and enhancing its capabilities in processing more complex linguistic structures."
        },
        "other info": []
    },
    "mount_outline": [
        {
            "section number": "2.3",
            "key information": "The main difficulty is the high computational cost associated with training and inference in NMT systems, along with the inadequacy in processing rare words."
        },
        {
            "section number": "3.1",
            "key information": "GNMT employs a deep LSTM network with 8 encoder and 8 decoder layers, utilizing attention and residual connections for improved performance."
        },
        {
            "section number": "3.4",
            "key information": "The key innovation lies in the architecture of GNMT, which utilizes attention mechanisms, low-precision arithmetic, and a sub-word unit approach to effectively manage rare words and improve overall system performance."
        },
        {
            "section number": "5.1",
            "key information": "GNMT is a deep learning-based translation system that utilizes a deep LSTM network architecture with attention mechanisms to enhance translation accuracy and efficiency."
        },
        {
            "section number": "7.2",
            "key information": "Despite its advancements, GNMT may still face challenges related to computational resource requirements and potential difficulties in scaling for larger datasets."
        },
        {
            "section number": "8",
            "key information": "GNMT achieves competitive results on benchmark tests and significantly reduces translation errors by an average of 60% compared to the previous phrase-based system, demonstrating its effectiveness and contributions to the field of machine translation."
        }
    ],
    "similarity_score": null,
    "image": null,
    "path": "/home/liudingyuan/code/SurveyX/code/SurveyX-main/outputs/t1b/papers/Google's neural machine translation system_ Bridging the gap between human and machine translation.json"
}