{
    "from": null,
    "scholar_id": null,
    "detail_id": null,
    "title": "Grokking: Generalization beyond overfitting on small algorithmic datasets",
    "abstract": "In this paper we propose to study generalization of neural networks on small algorithmically generated datasets. In this setting, questions about data efficiency, memorization, generalization, and speed of learning can be studied in great detail. In some situations we show that neural networks learn through a process of\"grokking\"a pattern in the data, improving generalization performance from random chance level to perfect generalization, and that this improvement in generalization can happen well past the point of overfitting. We also study generalization as a function of dataset size and find that smaller datasets require increasing amounts of optimization for generalization. We argue that these datasets provide a fertile ground for studying a poorly understood aspect of deep learning: generalization of overparametrized neural networks beyond memorization of the finite training dataset.",
    "arxivid": "2201.02177v1",
    "bib_name": "Grokking:G41",
    "md_text": "# Grokking: Generalization beyond overfitting on small algorithmic datasets\n\n\nabstract\n\nIn this paper we propose to study generalization of neural networks on small algorithmically generated datasets. In this setting, questions about data efficiency, memorization, generalization, and speed of learning can be studied in great detail. In some situations we show that neural networks learn through a process of\"grokking\"a pattern in the data, improving generalization performance from random chance level to perfect generalization, and that this improvement in generalization can happen well past the point of overfitting. We also study generalization as a function of dataset size and find that smaller datasets require increasing amounts of optimization for generalization. We argue that these datasets provide a fertile ground for studying a poorly understood aspect of deep learning: generalization of overparametrized neural networks beyond memorization of the finite training dataset.",
    "paper_type": "method",
    "attri": {
        "background": "This paper addresses the issue of generalization of neural networks on small algorithmically generated datasets, highlighting the limitations of existing methods that often lead to overfitting and the need for new approaches to enhance generalization performance.",
        "problem": {
            "definition": "The problem focuses on understanding how neural networks can generalize from small datasets, particularly when they tend to memorize data rather than learn underlying patterns.",
            "key obstacle": "The main challenge is that existing methods typically fail to provide effective generalization beyond memorization, especially in small dataset scenarios."
        },
        "idea": {
            "intuition": "The idea is inspired by the observation that neural networks can achieve perfect generalization through a process termed 'grokking', which occurs after extensive training on small datasets.",
            "opinion": "The proposed idea suggests that with sufficient optimization, neural networks can learn to generalize from small datasets effectively, even after reaching a state of overfitting.",
            "innovation": "The key innovation lies in demonstrating that generalization can improve beyond the point of overfitting, challenging the conventional understanding of learning dynamics in neural networks."
        },
        "method": {
            "method name": "Grokking",
            "method abbreviation": "N/A",
            "method definition": "Grokking refers to the process by which neural networks transition from memorizing training data to achieving perfect generalization through extensive optimization.",
            "method description": "The method involves training neural networks on small algorithmic datasets until they achieve a state of perfect generalization.",
            "principle": "This method is effective because it leverages the capacity of overparametrized neural networks to discover and internalize patterns in the data, leading to improved performance beyond mere memorization."
        },
        "experiments": {
            "evaluation setting": "The experiments utilize small algorithmically generated datasets to evaluate the generalization capabilities of neural networks, comparing performance against baseline methods.",
            "evaluation method": "The evaluation involves measuring the generalization performance of the networks after various training epochs, analyzing how performance evolves with dataset size and optimization."
        },
        "conclusion": "The experiments demonstrate that neural networks can achieve perfect generalization on small datasets through grokking, providing insights into the learning dynamics and the potential for generalization beyond overfitting.",
        "discussion": {
            "advantage": "The proposed approach highlights the ability of neural networks to generalize effectively from small datasets, which is a significant advantage over traditional methods that often lead to overfitting.",
            "limitation": "A limitation of the method is that it may require substantial optimization and training time to achieve the desired generalization, which could be resource-intensive.",
            "future work": "Future research could explore optimizing the grokking process further and investigating its applicability to other types of datasets and neural network architectures."
        },
        "other info": []
    },
    "mount_outline": [
        {
            "section number": "7.4",
            "key information": "The paper highlights the challenge of generalization in neural networks, particularly the issue of memorization versus learning underlying patterns from small datasets."
        },
        {
            "section number": "5.1",
            "key information": "The integration of the proposed method, 'grokking', demonstrates how neural networks can transition from memorizing training data to achieving perfect generalization."
        },
        {
            "section number": "3.3",
            "key information": "The key innovation presented in the paper is that generalization can improve beyond the point of overfitting, challenging conventional understandings of learning dynamics in neural networks."
        },
        {
            "section number": "2.3",
            "key information": "The paper discusses the limitations of existing methods that fail to provide effective generalization, particularly in scenarios involving small datasets."
        },
        {
            "section number": "7.2",
            "key information": "A limitation of the proposed grokking method is that it may require substantial optimization and training time, which could be resource-intensive."
        }
    ],
    "similarity_score": null,
    "image": null,
    "path": "/home/liudingyuan/code/SurveyX/code/SurveyX-main/outputs/t1b/papers/Grokking_ Generalization beyond overfitting on small algorithmic datasets.json"
}