{
    "from": null,
    "scholar_id": null,
    "detail_id": null,
    "title": "Gshard: Scaling giant models with conditional computation and automatic sharding",
    "abstract": "Neural network scaling has been critical for improving the model quality in many real-world machine learning applications with vast amounts of training data and compute. Although this trend of scaling is affirmed to be a sure-fire approach for better model quality, there are challenges on the path such as the computation cost, ease of programming, and efficient implementation on parallel devices. GShard is a module composed of a set of lightweight annotation APIs and an extension to the XLA compiler. It provides an elegant way to express a wide range of parallel computation patterns with minimal changes to the existing model code. GShard enabled us to scale up multilingual neural machine translation Transformer model with Sparsely-Gated Mixture-of-Experts beyond 600 billion parameters using automatic sharding. We demonstrate that such a giant model can efficiently be trained on 2048 TPU v3 accelerators in 4 days to achieve far superior quality for translation from 100 languages to English compared to the prior art.",
    "arxivid": "2006.16668v1",
    "bib_name": "Gshard:Sca58",
    "md_text": "# Gshard: Scaling giant models with conditional computation and automatic sharding\n\n\nabstract\n\nNeural network scaling has been critical for improving the model quality in many real-world machine learning applications with vast amounts of training data and compute. Although this trend of scaling is affirmed to be a sure-fire approach for better model quality, there are challenges on the path such as the computation cost, ease of programming, and efficient implementation on parallel devices. GShard is a module composed of a set of lightweight annotation APIs and an extension to the XLA compiler. It provides an elegant way to express a wide range of parallel computation patterns with minimal changes to the existing model code. GShard enabled us to scale up multilingual neural machine translation Transformer model with Sparsely-Gated Mixture-of-Experts beyond 600 billion parameters using automatic sharding. We demonstrate that such a giant model can efficiently be trained on 2048 TPU v3 accelerators in 4 days to achieve far superior quality for translation from 100 languages to English compared to the prior art.",
    "paper_type": "method",
    "attri": {
        "background": "This paper addresses the issue of scaling neural networks for improved model quality in machine learning applications, highlighting challenges such as computation cost, programming ease, and efficient implementation on parallel devices.",
        "problem": {
            "definition": "The problem is the difficulty in effectively scaling neural network models due to high computation costs and the complexity of programming for parallel execution.",
            "key obstacle": "The core obstacle is the inefficiency in implementing large-scale models on parallel devices without significant changes to existing code."
        },
        "idea": {
            "intuition": "The idea was inspired by the need for a more efficient way to scale neural networks while minimizing programming complexity and maximizing computational resources.",
            "opinion": "The proposed idea involves GShard, a module that simplifies the expression of parallel computation patterns and facilitates automatic sharding of large models.",
            "innovation": "The primary innovation of GShard lies in its lightweight annotation APIs and integration with the XLA compiler, which allow for scaling models beyond 600 billion parameters efficiently."
        },
        "method": {
            "method name": "GShard",
            "method abbreviation": "GShard",
            "method definition": "GShard is a module that provides APIs and compiler extensions to enable efficient scaling of neural network models through conditional computation and automatic sharding.",
            "method description": "The core of GShard is its ability to express complex parallel computation patterns with minimal code changes.",
            "method steps": "1. Annotate the model code with GShard APIs. 2. Utilize the XLA compiler for optimization. 3. Implement automatic sharding for large-scale model training.",
            "principle": "GShard is effective because it allows for the scaling of models by optimizing resource allocation and computation patterns, thus enhancing training efficiency and model performance."
        },
        "experiments": {
            "evaluation setting": "The experiments were conducted using a multilingual neural machine translation model with over 600 billion parameters, trained on 2048 TPU v3 accelerators.",
            "evaluation method": "The performance was assessed by comparing translation quality from 100 languages to English against prior models, measuring improvements in translation accuracy."
        },
        "conclusion": "The experiments demonstrated that GShard enables the efficient training of giant models, achieving superior translation quality in a significantly reduced time frame compared to previous methods.",
        "discussion": {
            "advantage": "The key advantages of GShard include its ability to scale models efficiently while maintaining ease of programming and minimal code alterations.",
            "limitation": "One limitation of the method may be the dependency on specific hardware configurations, such as TPU v3 accelerators, which may not be universally accessible.",
            "future work": "Future research could explore optimizing GShard for other hardware platforms and enhancing its capabilities for different types of neural network architectures."
        },
        "other info": []
    },
    "mount_outline": [
        {
            "section number": "3.1",
            "key information": "The proposed method, GShard, enables efficient scaling of neural network models through conditional computation and automatic sharding."
        },
        {
            "section number": "3.4",
            "key information": "GShard enhances training efficiency and model performance by optimizing resource allocation and computation patterns."
        },
        {
            "section number": "2.3",
            "key information": "The core obstacle in scaling neural network models is the inefficiency in implementing large-scale models on parallel devices without significant changes to existing code."
        },
        {
            "section number": "4.4",
            "key information": "GShard allows for the expression of complex parallel computation patterns with minimal code changes, contributing to the optimization techniques used in neural networks."
        },
        {
            "section number": "7.2",
            "key information": "One limitation of the GShard method may be its dependency on specific hardware configurations, such as TPU v3 accelerators, which may not be universally accessible."
        }
    ],
    "similarity_score": null,
    "image": null,
    "path": "/home/liudingyuan/code/SurveyX/code/SurveyX-main/outputs/t1b/papers/Gshard_ Scaling giant models with conditional computation and automatic sharding.json"
}