{
    "from": null,
    "scholar_id": null,
    "detail_id": null,
    "title": "JEC-QA: A legal-domain question answering dataset",
    "abstract": "We present JEC-QA, the largest question answering dataset in the legal domain, collected from the National Judicial Examination of China. The examination is a comprehensive evaluation of professional skills for legal practitioners. College students are required to pass the examination to be certified as a lawyer or a judge. The dataset is challenging for existing question answering methods, because both retrieving relevant materials and answering questions require the ability of logic reasoning. Due to the high demand of multiple reasoning abilities to answer legal questions, the state-of-the-art models can only achieve about 28% accuracy on JEC-QA, while skilled humans and unskilled humans can reach 81% and 64% accuracy respectively, which indicates a huge gap between humans and machines on this task. We will release JEC-QA and our baselines to help improve the reasoning ability of machine comprehension models. You can access the dataset from http://jecqa.thunlp.org/.",
    "arxivid": "1911.12011v1",
    "bib_name": "JEC-QA:Ale78",
    "md_text": "# JEC-QA: A legal-domain question answering dataset\n\n\nabstract\n\nWe present JEC-QA, the largest question answering dataset in the legal domain, collected from the National Judicial Examination of China. The examination is a comprehensive evaluation of professional skills for legal practitioners. College students are required to pass the examination to be certified as a lawyer or a judge. The dataset is challenging for existing question answering methods, because both retrieving relevant materials and answering questions require the ability of logic reasoning. Due to the high demand of multiple reasoning abilities to answer legal questions, the state-of-the-art models can only achieve about 28% accuracy on JEC-QA, while skilled humans and unskilled humans can reach 81% and 64% accuracy respectively, which indicates a huge gap between humans and machines on this task. We will release JEC-QA and our baselines to help improve the reasoning ability of machine comprehension models. You can access the dataset from http://jecqa.thunlp.org/.",
    "paper_type": "benchmark",
    "attri": {
        "background": "This paper addresses the issue of developing a robust question answering system in the legal domain, highlighting the gap in performance between human experts and existing machine models.",
        "problem": {
            "definition": "The benchmark is designed to evaluate the ability of models to answer legal questions that require logical reasoning based on comprehensive legal materials.",
            "key obstacle": "Existing benchmarks do not adequately challenge models to perform logical reasoning in the context of legal questions, leading to significant performance gaps."
        },
        "idea": {
            "intuition": "The creation of JEC-QA was inspired by the need for a dataset that tests multiple reasoning abilities required for legal question answering, which current datasets fail to address.",
            "opinion": "The authors believe that JEC-QA is crucial for advancing the capabilities of machine comprehension models in the legal field.",
            "innovation": "JEC-QA differs from previous benchmarks by specifically focusing on the legal domain and the complexities of reasoning involved in answering legal questions.",
            "benchmark abbreviation": "JEC-QA"
        },
        "dataset": {
            "source": "The dataset was collected from the National Judicial Examination of China, which evaluates the professional skills of legal practitioners.",
            "desc": "JEC-QA is the largest dataset in the legal domain, specifically designed for question answering tasks.",
            "content": "The dataset includes legal questions and corresponding materials necessary for answering those questions, emphasizing logical reasoning.",
            "size": "-",
            "domain": "Legal",
            "task format": "Question Answering"
        },
        "metrics": {
            "metric name": "Accuracy",
            "aspect": "Model performance in answering legal questions",
            "principle": "Accuracy was chosen as a primary metric to measure the effectiveness of models in correctly answering questions compared to human performance.",
            "procedure": "Models are evaluated based on their ability to retrieve relevant legal materials and provide accurate answers to the questions posed."
        },
        "experiments": {
            "model": "State-of-the-art models and baseline models were tested in the benchmark.",
            "procedure": "Models were trained on the JEC-QA dataset, focusing on their reasoning abilities and accuracy in answering legal questions.",
            "result": "State-of-the-art models achieved about 28% accuracy, while skilled humans reached 81% and unskilled humans 64%, indicating a significant performance gap.",
            "variability": "Variability in results was accounted for through the comparison of model performances against human benchmarks."
        },
        "conclusion": "The experiments reveal a substantial gap in performance between humans and machines in legal question answering, indicating the need for improved reasoning capabilities in machine models.",
        "discussion": {
            "advantage": "JEC-QA provides a comprehensive evaluation framework for legal question answering, addressing a critical need in the field.",
            "limitation": "The dataset may be limited by the scope of the questions and materials included, which could affect generalizability.",
            "future work": "Future research should focus on enhancing model reasoning abilities and exploring additional legal contexts to improve performance."
        },
        "other info": []
    },
    "mount_outline": [
        {
            "section number": "1.1",
            "key information": "This paper addresses the issue of developing a robust question answering system in the legal domain, highlighting the gap in performance between human experts and existing machine models."
        },
        {
            "section number": "2.1",
            "key information": "JEC-QA is the largest dataset in the legal domain, specifically designed for question answering tasks."
        },
        {
            "section number": "2.2",
            "key information": "The benchmark is designed to evaluate the ability of models to answer legal questions that require logical reasoning based on comprehensive legal materials."
        },
        {
            "section number": "3.1",
            "key information": "Models were trained on the JEC-QA dataset, focusing on their reasoning abilities and accuracy in answering legal questions."
        },
        {
            "section number": "3.4",
            "key information": "State-of-the-art models achieved about 28% accuracy, while skilled humans reached 81% and unskilled humans 64%, indicating a significant performance gap."
        },
        {
            "section number": "7.1",
            "key information": "The experiments reveal a substantial gap in performance between humans and machines in legal question answering, indicating the need for improved reasoning capabilities in machine models."
        },
        {
            "section number": "7.4",
            "key information": "Future research should focus on enhancing model reasoning abilities and exploring additional legal contexts to improve performance."
        }
    ],
    "similarity_score": null,
    "image": null,
    "path": "/home/liudingyuan/code/SurveyX/code/SurveyX-main/outputs/t1b/papers/JEC-QA_ A legal-domain question answering dataset.json"
}