{
    "from": null,
    "scholar_id": null,
    "detail_id": null,
    "title": "Language is not all you need: Aligning perception with language models",
    "abstract": "A big convergence of language, multimodal perception, action, and world modeling is a key step toward artificial general intelligence. In this work, we introduce Kosmos-1, a Multimodal Large Language Model (MLLM) that can perceive general modalities, learn in context (i.e., few-shot), and follow instructions (i.e., zero-shot). Specifically, we train Kosmos-1 from scratch on web-scale multimodal corpora, including arbitrarily interleaved text and images, image-caption pairs, and text data. We evaluate various settings, including zero-shot, few-shot, and multimodal chain-of-thought prompting, on a wide range of tasks without any gradient updates or finetuning. Experimental results show that Kosmos-1 achieves impressive performance on (i) language understanding, generation, and even OCR-free NLP (directly fed with document images), (ii) perception-language tasks, including multimodal dialogue, image captioning, visual question answering, and (iii) vision tasks, such as image recognition with descriptions (specifying classification via text instructions). We also show that MLLMs can benefit from cross-modal transfer, i.e., transfer knowledge from language to multimodal, and from multimodal to language. In addition, we introduce a dataset of Raven IQ test, which diagnoses the nonverbal reasoning capability of MLLMs.",
    "arxivid": "2302.14045v2",
    "bib_name": "Languageis21",
    "md_text": "# Language is not all you need: Aligning perception with language models\n\n\nabstract\n\nA big convergence of language, multimodal perception, action, and world modeling is a key step toward artificial general intelligence. In this work, we introduce Kosmos-1, a Multimodal Large Language Model (MLLM) that can perceive general modalities, learn in context (i.e., few-shot), and follow instructions (i.e., zero-shot). Specifically, we train Kosmos-1 from scratch on web-scale multimodal corpora, including arbitrarily interleaved text and images, image-caption pairs, and text data. We evaluate various settings, including zero-shot, few-shot, and multimodal chain-of-thought prompting, on a wide range of tasks without any gradient updates or finetuning. Experimental results show that Kosmos-1 achieves impressive performance on (i) language understanding, generation, and even OCR-free NLP (directly fed with document images), (ii) perception-language tasks, including multimodal dialogue, image captioning, visual question answering, and (iii) vision tasks, such as image recognition with descriptions (specifying classification via text instructions). We also show that MLLMs can benefit from cross-modal transfer, i.e., transfer knowledge from language to multimodal, and from multimodal to language. In addition, we introduce a dataset of Raven IQ test, which diagnoses the nonverbal reasoning capability of MLLMs.",
    "paper_type": "benchmark",
    "attri": {
        "background": "The convergence of language, multimodal perception, action, and world modeling is essential for advancing towards artificial general intelligence. The necessity for this benchmark arises from the need to evaluate the performance of Multimodal Large Language Models (MLLMs) in understanding and generating multimodal content, which fits into the broader research landscape of AI development.",
        "problem": {
            "definition": "The benchmark is designed to assess the reasoning capabilities of MLLMs through tasks that simulate nonverbal reasoning, particularly using the Raven IQ test.",
            "key obstacle": "Existing benchmarks often fail to adequately measure the nonverbal reasoning capabilities of models, leaving a gap in understanding their performance in multimodal contexts."
        },
        "idea": {
            "intuition": "The inspiration for creating this benchmark stems from the observation that MLLMs need to be evaluated on their reasoning abilities across different modalities, not just language.",
            "opinion": "The authors believe that this benchmark is crucial for understanding the potential of MLLMs and their implications for future AI systems.",
            "innovation": "This benchmark introduces a novel evaluation framework that focuses on nonverbal reasoning tasks, differentiating it from previous benchmarks that primarily focused on language tasks.",
            "benchmark abbreviation": "Kosmos-1"
        },
        "dataset": {
            "source": "The dataset was created by compiling multimodal corpora from web-scale sources, including text and image data.",
            "desc": "The dataset includes a diverse collection of text-image pairs and is designed to test reasoning capabilities through the Raven IQ test format.",
            "content": "The dataset contains text data, images, and image-caption pairs, all of which are relevant to the reasoning tasks being benchmarked.",
            "size": "-",
            "domain": "Cognitive Reasoning",
            "task format": "Nonverbal reasoning"
        },
        "metrics": {
            "metric name": "Accuracy, F1-score",
            "aspect": "Model performance in reasoning tasks",
            "principle": "The metrics were selected based on their ability to provide a clear assessment of model capabilities in understanding and generating multimodal content.",
            "procedure": "Models are evaluated based on their performance on the benchmark tasks, using the specified metrics to quantify their reasoning abilities."
        },
        "experiments": {
            "model": "The benchmark tests state-of-the-art Multimodal Large Language Models.",
            "procedure": "Models were trained on web-scale multimodal data and evaluated without gradient updates or finetuning in various settings including zero-shot and few-shot.",
            "result": "Experimental results indicate that Kosmos-1 achieves impressive performance across multiple tasks, demonstrating strong reasoning capabilities.",
            "variability": "Variability in results was accounted for through multiple evaluation settings, including zero-shot and few-shot prompting."
        },
        "conclusion": "The experiments demonstrate that Kosmos-1 effectively assesses the reasoning capabilities of MLLMs, highlighting the importance of multimodal evaluation benchmarks in AI research.",
        "discussion": {
            "advantage": "The benchmark provides a comprehensive framework for evaluating the reasoning abilities of MLLMs, contributing to the understanding of AI's cognitive capabilities.",
            "limitation": "Potential limitations include the dataset's size and diversity, which may affect the generalizability of the results across different contexts.",
            "future work": "Future research could explore expanding the dataset and evaluating additional models to further validate the benchmark's effectiveness."
        },
        "other info": []
    },
    "mount_outline": [
        {
            "section number": "2.1",
            "key information": "Large Language Models (LLMs) are defined as models that can understand and generate human language, while Multimodal Large Language Models (MLLMs) extend this capability to include nonverbal reasoning across different modalities."
        },
        {
            "section number": "2.3",
            "key information": "Existing benchmarks often fail to adequately measure the nonverbal reasoning capabilities of models, highlighting the limitations of traditional models that MLLMs aim to overcome."
        },
        {
            "section number": "3.6",
            "key information": "The Kosmos-1 benchmark introduces a novel evaluation framework focusing on nonverbal reasoning tasks, enabling MLLMs to demonstrate emergent abilities in reasoning across different modalities."
        },
        {
            "section number": "4.1",
            "key information": "The benchmark tests state-of-the-art Multimodal Large Language Models, evaluating their core components and mechanisms in understanding and generating multimodal content."
        },
        {
            "section number": "7.2",
            "key information": "Potential limitations of the benchmark include the dataset's size and diversity, which may affect the generalizability of results, highlighting challenges related to computational resources and efficiency."
        },
        {
            "section number": "8",
            "key information": "The experiments demonstrate the importance of multimodal evaluation benchmarks in AI research, suggesting areas for further exploration in enhancing the reasoning capabilities of MLLMs."
        }
    ],
    "similarity_score": null,
    "image": null,
    "path": "/home/liudingyuan/code/SurveyX/code/SurveyX-main/outputs/t1b/papers/Language is not all you need_ Aligning perception with language models.json"
}