{
    "from": null,
    "scholar_id": null,
    "detail_id": null,
    "title": "Make up your mind! adversarial generation of inconsistent natural language explanations",
    "abstract": "To increase trust in artificial intelligence systems, a promising research direction consists of designing neural models capable of generating natural language explanations for their predictions. In this work, we show that such models are nonetheless prone to generating mutually inconsistent explanations, such as \u201dBecause there is a dog in the image.\u201d and \u201dBecause there is no dog in the [same] image.\u201d, exposing flaws in either the decision-making process of the model or in the generation of the explanations. We introduce a simple yet effective adversarial framework for sanity checking models against the generation of inconsistent natural language explanations. Moreover, as part of the framework, we address the problem of adversarial attacks with full target sequences, a scenario that was not previously addressed in sequence-to-sequence attacks. Finally, we apply our framework on a state-of-the-art neural natural language inference model that provides natural language explanations for its predictions. Our framework shows that this model is capable of generating a significant number of inconsistent explanations.",
    "arxivid": "1910.03065v3",
    "bib_name": "Makeupyour108",
    "md_text": "# Make up your mind! adversarial generation of inconsistent natural language explanations\n\n\nabstract\n\nTo increase trust in artificial intelligence systems, a promising research direction consists of designing neural models capable of generating natural language explanations for their predictions. In this work, we show that such models are nonetheless prone to generating mutually inconsistent explanations, such as \u201dBecause there is a dog in the image.\u201d and \u201dBecause there is no dog in the [same] image.\u201d, exposing flaws in either the decision-making process of the model or in the generation of the explanations. We introduce a simple yet effective adversarial framework for sanity checking models against the generation of inconsistent natural language explanations. Moreover, as part of the framework, we address the problem of adversarial attacks with full target sequences, a scenario that was not previously addressed in sequence-to-sequence attacks. Finally, we apply our framework on a state-of-the-art neural natural language inference model that provides natural language explanations for its predictions. Our framework shows that this model is capable of generating a significant number of inconsistent explanations.",
    "paper_type": "method",
    "attri": {
        "background": "This paper addresses the issue of generating natural language explanations for artificial intelligence predictions, highlighting the problem of inconsistencies in these explanations that can undermine trust in AI systems. Previous methods have not adequately tackled the issue of adversarial attacks in this context, necessitating a new approach.",
        "problem": {
            "definition": "The problem defined in this paper is the generation of mutually inconsistent natural language explanations by AI models, which can lead to confusion and distrust in their predictions.",
            "key obstacle": "The core obstacle is the inability of existing models to consistently generate explanations that align with their predictions, leading to contradictory statements."
        },
        "idea": {
            "intuition": "The intuition behind the proposed idea is that by introducing an adversarial framework, models can be tested against the generation of inconsistent explanations, thereby improving their reliability.",
            "opinion": "The proposed idea involves an adversarial framework that checks the sanity of models by exposing their tendency to produce inconsistent explanations, aiming to enhance the robustness of explanation generation.",
            "innovation": "The primary innovation of this method lies in addressing adversarial attacks with full target sequences, which has not been previously explored in the context of sequence-to-sequence models."
        },
        "method": {
            "method name": "Adversarial Framework for Inconsistent Explanation Generation",
            "method abbreviation": "AFIEG",
            "method definition": "The method involves an adversarial approach to evaluate and improve the generation of natural language explanations by identifying inconsistencies in model outputs.",
            "method description": "This framework systematically checks models against the generation of inconsistent explanations to ensure reliability.",
            "method steps": "1. Define the target sequences for explanations. 2. Generate explanations using the model. 3. Identify inconsistencies in the generated explanations. 4. Apply adversarial attacks to test robustness.",
            "principle": "This method is effective because it leverages adversarial testing to reveal flaws in the explanation generation process, thereby guiding improvements in model design."
        },
        "experiments": {
            "evaluation setting": "The framework was applied to a state-of-the-art neural natural language inference model, using a dataset of predictions and explanations to assess performance.",
            "evaluation method": "Performance was measured by analyzing the number of inconsistent explanations generated by the model before and after applying the adversarial framework."
        },
        "conclusion": "The experiments demonstrate that the proposed adversarial framework effectively identifies a significant number of inconsistent explanations generated by the model, highlighting the need for improved methods in explanation generation.",
        "discussion": {
            "advantage": "The key advantage of the proposed approach is its ability to systematically expose and address inconsistencies in natural language explanations, thereby enhancing model trustworthiness.",
            "limitation": "A limitation of the method is that it may not cover all potential inconsistencies, as the framework relies on predefined target sequences, which can restrict its applicability.",
            "future work": "Future research could focus on expanding the framework to accommodate a wider variety of adversarial scenarios and exploring automatic methods for generating target sequences."
        },
        "other info": [
            {
                "info1": "The framework introduces a novel perspective on evaluating AI explanations.",
                "info2": {
                    "info2.1": "The study emphasizes the importance of consistency in AI-generated explanations.",
                    "info2.2": "Further work is needed to refine adversarial techniques for better coverage of explanation inconsistencies."
                }
            }
        ]
    },
    "mount_outline": [
        {
            "section number": "1.1",
            "key information": "The paper addresses the issue of generating natural language explanations for artificial intelligence predictions, highlighting the importance of consistency in these explanations to build trust in AI systems."
        },
        {
            "section number": "2.1",
            "key information": "The problem defined in this paper is the generation of mutually inconsistent natural language explanations by AI models, which can lead to confusion and distrust in their predictions."
        },
        {
            "section number": "3.1",
            "key information": "The proposed method, Adversarial Framework for Inconsistent Explanation Generation (AFIEG), involves an adversarial approach to evaluate and improve the generation of natural language explanations."
        },
        {
            "section number": "3.5",
            "key information": "The primary innovation of the method lies in addressing adversarial attacks with full target sequences, which has not been previously explored in the context of sequence-to-sequence models."
        },
        {
            "section number": "7.1",
            "key information": "The paper discusses the limitations of existing models in generating consistent explanations and emphasizes the need to address these inconsistencies to enhance model trustworthiness."
        },
        {
            "section number": "8",
            "key information": "The experiments demonstrate that the proposed adversarial framework effectively identifies a significant number of inconsistent explanations, highlighting the need for improved methods in explanation generation."
        }
    ],
    "similarity_score": null,
    "image": null,
    "path": "/home/liudingyuan/code/SurveyX/code/SurveyX-main/outputs/t1b/papers/Make up your mind! adversarial generation of inconsistent natural language explanations.json"
}