{
    "from": null,
    "scholar_id": null,
    "detail_id": null,
    "title": "Mamba: Linear-time sequence modeling with selective state spaces",
    "abstract": "Foundation models, now powering most of the exciting applications in deep learning, are almost universally based on the Transformer architecture and its core attention module. Many subquadratic-time architectures such as linear attention, gated convolution and recurrent models, and structured state space models (SSMs) have been developed to address Transformers' computational inefficiency on long sequences, but they have not performed as well as attention on important modalities such as language. We identify that a key weakness of such models is their inability to perform content-based reasoning, and make several improvements. First, simply letting the SSM parameters be functions of the input addresses their weakness with discrete modalities, allowing the model to selectively propagate or forget information along the sequence length dimension depending on the current token. Second, even though this change prevents the use of efficient convolutions, we design a hardware-aware parallel algorithm in recurrent mode. We integrate these selective SSMs into a simplified end-to-end neural network architecture without attention or even MLP blocks (Mamba). Mamba enjoys fast inference (5$\\times$ higher throughput than Transformers) and linear scaling in sequence length, and its performance improves on real data up to million-length sequences. As a general sequence model backbone, Mamba achieves state-of-the-art performance across several modalities such as language, audio, and genomics. On language modeling, our Mamba-3B model outperforms Transformers of the same size and matches Transformers twice its size, both in pretraining and downstream evaluation.",
    "arxivid": "2312.00752v2",
    "bib_name": "Mamba:Line161",
    "md_text": "# Mamba: Linear-time sequence modeling with selective state spaces\n\n\nabstract\n\nFoundation models, now powering most of the exciting applications in deep learning, are almost universally based on the Transformer architecture and its core attention module. Many subquadratic-time architectures such as linear attention, gated convolution and recurrent models, and structured state space models (SSMs) have been developed to address Transformers' computational inefficiency on long sequences, but they have not performed as well as attention on important modalities such as language. We identify that a key weakness of such models is their inability to perform content-based reasoning, and make several improvements. First, simply letting the SSM parameters be functions of the input addresses their weakness with discrete modalities, allowing the model to selectively propagate or forget information along the sequence length dimension depending on the current token. Second, even though this change prevents the use of efficient convolutions, we design a hardware-aware parallel algorithm in recurrent mode. We integrate these selective SSMs into a simplified end-to-end neural network architecture without attention or even MLP blocks (Mamba). Mamba enjoys fast inference (5$\\times$ higher throughput than Transformers) and linear scaling in sequence length, and its performance improves on real data up to million-length sequences. As a general sequence model backbone, Mamba achieves state-of-the-art performance across several modalities such as language, audio, and genomics. On language modeling, our Mamba-3B model outperforms Transformers of the same size and matches Transformers twice its size, both in pretraining and downstream evaluation.",
    "paper_type": "method",
    "attri": {
        "background": "This paper addresses the issue of computational inefficiency in Transformer architectures when dealing with long sequences, highlighting the limitations of existing subquadratic-time architectures like linear attention and structured state space models (SSMs) in performing content-based reasoning.",
        "problem": {
            "definition": "The problem is the inability of current models to effectively handle long sequences while maintaining content-based reasoning capabilities, which is crucial for tasks in language and other modalities.",
            "key obstacle": "The core obstacle is the limitation of existing methods to selectively propagate or forget information based on the current token, which hinders their performance on discrete modalities."
        },
        "idea": {
            "intuition": "The idea is inspired by the observation that allowing SSM parameters to be functions of the input can enhance their effectiveness in processing sequences.",
            "opinion": "The proposed idea involves integrating selective state space models into a new architecture, Mamba, which operates without attention or MLP blocks.",
            "innovation": "The primary innovation lies in the design of a hardware-aware parallel algorithm in recurrent mode that allows for selective information management, leading to significant improvements in throughput and scalability."
        },
        "method": {
            "method name": "Mamba",
            "method abbreviation": "Mamba",
            "method definition": "Mamba is a sequence modeling method that integrates selective state spaces into a simplified neural network architecture, allowing for efficient processing of long sequences without relying on traditional attention mechanisms.",
            "method description": "The core of Mamba is its ability to selectively propagate or forget information based on the current token, resulting in linear scaling with sequence length.",
            "method steps": "1. Define SSM parameters as functions of the input; 2. Implement a hardware-aware parallel algorithm in recurrent mode; 3. Integrate the selective SSMs into the Mamba architecture.",
            "principle": "Mamba's effectiveness is based on its ability to leverage selective state management to enhance content-based reasoning while maintaining high throughput and linear scalability."
        },
        "experiments": {
            "evaluation setting": "The evaluation setting includes testing on various modalities such as language, audio, and genomics, comparing Mamba's performance against Transformers of the same and different sizes.",
            "evaluation method": "The evaluation method involves measuring throughput, sequence length handling, and performance metrics in both pretraining and downstream tasks."
        },
        "conclusion": "The experiments demonstrate that Mamba achieves state-of-the-art performance across multiple modalities, significantly outperforming Transformers of equal size and matching those twice its size.",
        "discussion": {
            "advantage": "Key advantages of Mamba include its fast inference speed, linear scaling with sequence length, and superior performance on long sequences compared to traditional Transformer models.",
            "limitation": "A limitation of Mamba is that it sacrifices the efficiency of convolutions due to the flexibility of SSM parameters, which may affect certain use cases.",
            "future work": "Future work could explore further optimizations in the architecture, potential hybrid models that combine Mamba with other methodologies, and applications in additional domains."
        },
        "other info": []
    },
    "mount_outline": [
        {
            "section number": "3.1",
            "key information": "The proposed method, Mamba, integrates selective state spaces into a simplified neural network architecture, allowing for efficient processing of long sequences without relying on traditional attention mechanisms."
        },
        {
            "section number": "3.4",
            "key information": "Mamba achieves linear scaling with sequence length, which addresses the computational inefficiency in Transformer architectures when dealing with long sequences."
        },
        {
            "section number": "4.5",
            "key information": "Key advantages of Mamba include its fast inference speed and superior performance on long sequences compared to traditional Transformer models."
        },
        {
            "section number": "7.2",
            "key information": "A limitation of Mamba is that it sacrifices the efficiency of convolutions due to the flexibility of SSM parameters, which may affect certain use cases."
        },
        {
            "section number": "7.4",
            "key information": "The core obstacle identified is the limitation of existing methods to selectively propagate or forget information based on the current token, which hinders performance on discrete modalities."
        }
    ],
    "similarity_score": null,
    "image": null,
    "path": "/home/liudingyuan/code/SurveyX/code/SurveyX-main/outputs/t1b/papers/Mamba_ Linear-time sequence modeling with selective state spaces.json"
}