{
    "from": null,
    "scholar_id": null,
    "detail_id": null,
    "title": "Multitask prompted training enables zero-shot task generalization",
    "abstract": "Large language models have recently been shown to attain reasonable zero-shot generalization on a diverse set of tasks (Brown et al., 2020). It has been hypothesized that this is a consequence of implicit multitask learning in language models' pretraining (Radford et al., 2019). Can zero-shot generalization instead be directly induced by explicit multitask learning? To test this question at scale, we develop a system for easily mapping any natural language tasks into a human-readable prompted form. We convert a large set of supervised datasets, each with multiple prompts with diverse wording. These prompted datasets allow for benchmarking the ability of a model to perform completely held-out tasks. We fine-tune a pretrained encoder-decoder model (Raffel et al., 2020; Lester et al., 2021) on this multitask mixture covering a wide variety of tasks. The model attains strong zero-shot performance on several standard datasets, often outperforming models up to 16x its size. Further, our approach attains strong performance on a subset of tasks from the BIG-bench benchmark, outperforming models up to 6x its size. All trained models are available at https://github.com/bigscience-workshop/t-zero and all prompts are available at https://github.com/bigscience-workshop/promptsource.",
    "arxivid": "2110.08207v3",
    "bib_name": "Multitaskp104",
    "md_text": "# Multitask prompted training enables zero-shot task generalization\n\n\nabstract\n\nLarge language models have recently been shown to attain reasonable zero-shot generalization on a diverse set of tasks (Brown et al., 2020). It has been hypothesized that this is a consequence of implicit multitask learning in language models' pretraining (Radford et al., 2019). Can zero-shot generalization instead be directly induced by explicit multitask learning? To test this question at scale, we develop a system for easily mapping any natural language tasks into a human-readable prompted form. We convert a large set of supervised datasets, each with multiple prompts with diverse wording. These prompted datasets allow for benchmarking the ability of a model to perform completely held-out tasks. We fine-tune a pretrained encoder-decoder model (Raffel et al., 2020; Lester et al., 2021) on this multitask mixture covering a wide variety of tasks. The model attains strong zero-shot performance on several standard datasets, often outperforming models up to 16x its size. Further, our approach attains strong performance on a subset of tasks from the BIG-bench benchmark, outperforming models up to 6x its size. All trained models are available at https://github.com/bigscience-workshop/t-zero and all prompts are available at https://github.com/bigscience-workshop/promptsource.",
    "paper_type": "benchmark",
    "attri": {
        "background": "This paper addresses the issue of zero-shot generalization in large language models and explores the effectiveness of explicit multitask learning compared to implicit multitask learning during pretraining.",
        "problem": {
            "definition": "The benchmark is designed to evaluate the ability of models to generalize to completely held-out tasks without prior exposure.",
            "key obstacle": "Existing benchmarks do not effectively assess zero-shot generalization capabilities due to their reliance on models being trained on specific tasks."
        },
        "idea": {
            "intuition": "The inspiration behind the benchmark stems from the hypothesis that explicit multitask learning can enhance zero-shot generalization in language models.",
            "opinion": "The authors believe that this benchmark will significantly advance the understanding of how language models can generalize across tasks without task-specific training.",
            "innovation": "The benchmark introduces a system for mapping natural language tasks into prompted forms, enabling the evaluation of zero-shot performance across diverse tasks.",
            "benchmark abbreviation": "T-Zero"
        },
        "dataset": {
            "source": "The dataset was created by converting a large set of supervised datasets into prompted forms, allowing for a variety of wording.",
            "desc": "The dataset includes a wide variety of tasks represented in a human-readable format, enabling effective benchmarking of zero-shot generalization.",
            "content": "The dataset includes tasks represented as natural language prompts, which can be related to various natural language processing challenges.",
            "size": "-",
            "domain": "Natural Language Processing",
            "task format": "Zero-shot generalization"
        },
        "metrics": {
            "metric name": "Accuracy, F1-score",
            "aspect": "The metrics measure the performance of models in terms of their ability to generalize to unseen tasks.",
            "principle": "The metrics were chosen to provide a clear indication of model performance in zero-shot settings, reflecting both precision and overall effectiveness.",
            "procedure": "Model performance is evaluated by comparing the predicted outputs against the ground truth for held-out tasks."
        },
        "experiments": {
            "model": "The experiments involved a fine-tuned encoder-decoder model based on existing architectures, showcasing strong zero-shot performance.",
            "procedure": "Models were trained on a multitask mixture derived from the prompted datasets, with careful attention to hyperparameters and training conditions.",
            "result": "The model achieved strong zero-shot performance, often outperforming significantly larger models.",
            "variability": "Variability in results was accounted for by evaluating performance across multiple standard datasets and different task prompts."
        },
        "conclusion": "The experiments demonstrate that explicit multitask prompted training can enhance zero-shot generalization, providing insights into the capabilities of language models.",
        "discussion": {
            "advantage": "The benchmark allows for a comprehensive evaluation of zero-shot generalization, contributing valuable insights to the field of language modeling.",
            "limitation": "Potential limitations include the reliance on the quality of the prompted datasets and the need for further validation across additional tasks.",
            "future work": "Future research could explore extending this benchmark to include even more diverse tasks and refining the methodology for prompt generation."
        },
        "other info": []
    },
    "mount_outline": [
        {
            "section number": "2.3",
            "key information": "Existing benchmarks do not effectively assess zero-shot generalization capabilities due to their reliance on models being trained on specific tasks."
        },
        {
            "section number": "3.6",
            "key information": "The benchmark introduces a system for mapping natural language tasks into prompted forms, enabling the evaluation of zero-shot performance across diverse tasks."
        },
        {
            "section number": "5.1",
            "key information": "The experiments involved a fine-tuned encoder-decoder model based on existing architectures, showcasing strong zero-shot performance."
        },
        {
            "section number": "7.1",
            "key information": "Potential limitations include the reliance on the quality of the prompted datasets and the need for further validation across additional tasks."
        },
        {
            "section number": "8",
            "key information": "The experiments demonstrate that explicit multitask prompted training can enhance zero-shot generalization, providing insights into the capabilities of language models."
        }
    ],
    "similarity_score": null,
    "image": null,
    "path": "/home/liudingyuan/code/SurveyX/code/SurveyX-main/outputs/t1b/papers/Multitask prompted training enables zero-shot task generalization.json"
}