{
    "from": null,
    "scholar_id": null,
    "detail_id": null,
    "title": "Olmo: Accelerating the science of language models",
    "abstract": "Language models (LMs) have become ubiquitous in both NLP research and in commercial product offerings. As their commercial importance has surged, the most powerful models have become closed off, gated behind proprietary interfaces, with important details of their training data, architectures, and development undisclosed. Given the importance of these details in scientifically studying these models, including their biases and potential risks, we believe it is essential for the research community to have access to powerful, truly open LMs. To this end, we have built OLMo, a competitive, truly Open Language Model, to enable the scientific study of language models. Unlike most prior efforts that have only released model weights and inference code, we release OLMo alongside open training data and training and evaluation code. We hope this release will empower the open research community and inspire a new wave of innovation.",
    "arxivid": "2402.00838v4",
    "bib_name": "Olmo:Accel97",
    "md_text": "# Olmo: Accelerating the science of language models\n\n\nabstract\n\nLanguage models (LMs) have become ubiquitous in both NLP research and in commercial product offerings. As their commercial importance has surged, the most powerful models have become closed off, gated behind proprietary interfaces, with important details of their training data, architectures, and development undisclosed. Given the importance of these details in scientifically studying these models, including their biases and potential risks, we believe it is essential for the research community to have access to powerful, truly open LMs. To this end, we have built OLMo, a competitive, truly Open Language Model, to enable the scientific study of language models. Unlike most prior efforts that have only released model weights and inference code, we release OLMo alongside open training data and training and evaluation code. We hope this release will empower the open research community and inspire a new wave of innovation.",
    "paper_type": "benchmark",
    "attri": {
        "background": "This paper addresses the issue of the lack of access to powerful language models due to their proprietary nature, which limits scientific study and understanding of their biases and potential risks. The need for an open benchmark arises from the desire to provide the research community with the tools necessary for comprehensive analysis and development in the field of language modeling.",
        "problem": {
            "definition": "The benchmark is designed to address the challenge of evaluating language models in a transparent and scientifically rigorous manner.",
            "key obstacle": "Existing benchmarks are often limited by the proprietary nature of the models and data, hindering thorough evaluation and comparison."
        },
        "idea": {
            "intuition": "The inspiration behind OLMo comes from the need for a truly open language model that provides full access to training data and evaluation methods, allowing researchers to conduct in-depth analyses.",
            "opinion": "The authors believe that OLMo will significantly impact the field by providing an open resource that fosters innovation and collaboration among researchers.",
            "innovation": "OLMo differs from previous benchmarks by not only releasing model weights but also the training data and evaluation code, promoting transparency and reproducibility.",
            "benchmark abbreviation": "OLMo"
        },
        "dataset": {
            "source": "The dataset was created using open training data sourced from publicly available resources.",
            "desc": "The dataset is comprehensive and designed to cover a wide range of language modeling tasks, ensuring robustness in evaluation.",
            "content": "The dataset includes text data relevant to language modeling tasks, enabling a variety of experiments and analyses.",
            "size": "-",
            "domain": "Language Modeling",
            "task format": "Language Generation"
        },
        "metrics": {
            "metric name": "Perplexity",
            "aspect": "Accuracy",
            "principle": "Perplexity is chosen as it is a standard metric for evaluating language models, providing a measure of how well a probability distribution predicts a sample.",
            "procedure": "Models are evaluated based on their perplexity scores on a held-out test set, allowing for comparison across different configurations."
        },
        "experiments": {
            "model": "The benchmark tested various configurations of the OLMo model against existing state-of-the-art models.",
            "procedure": "Models were trained using the open training data, with hyperparameters optimized for performance on the benchmark tasks.",
            "result": "The results indicated that OLMo performs competitively with existing models, demonstrating the effectiveness of the open approach.",
            "variability": "Variability was accounted for through multiple training runs and evaluation on different subsets of the dataset."
        },
        "conclusion": "The findings suggest that OLMo provides a valuable resource for the research community, facilitating better understanding and evaluation of language models.",
        "discussion": {
            "advantage": "OLMo's open nature allows for greater transparency and collaboration, enhancing the scientific study of language models.",
            "limitation": "One limitation is that the dataset may not cover all possible language modeling scenarios, which could affect generalizability.",
            "future work": "Future research could focus on expanding the dataset and exploring additional evaluation metrics to further enhance the benchmark."
        },
        "other info": []
    },
    "mount_outline": [
        {
            "section number": "2.3",
            "key information": "Existing benchmarks are often limited by the proprietary nature of the models and data, hindering thorough evaluation and comparison."
        },
        {
            "section number": "3.1",
            "key information": "The dataset was created using open training data sourced from publicly available resources, ensuring robustness in evaluation."
        },
        {
            "section number": "3.6",
            "key information": "OLMo differs from previous benchmarks by not only releasing model weights but also the training data and evaluation code, promoting transparency and reproducibility."
        },
        {
            "section number": "7.1",
            "key information": "The paper addresses the issue of the lack of access to powerful language models due to their proprietary nature, which limits scientific study and understanding of their biases and potential risks."
        },
        {
            "section number": "7.4",
            "key information": "One limitation is that the dataset may not cover all possible language modeling scenarios, which could affect generalizability."
        },
        {
            "section number": "8",
            "key information": "The findings suggest that OLMo provides a valuable resource for the research community, facilitating better understanding and evaluation of language models."
        }
    ],
    "similarity_score": null,
    "image": null,
    "path": "/home/liudingyuan/code/SurveyX/code/SurveyX-main/outputs/t1b/papers/Olmo_ Accelerating the science of language models.json"
}