{
    "from": null,
    "scholar_id": null,
    "detail_id": null,
    "title": "On layer normalization in the transformer architecture",
    "abstract": "The Transformer is widely used in natural language processing tasks. To train a Transformer however, one usually needs a carefully designed learning rate warm-up stage, which is shown to be crucial to the final performance but will slow down the optimization and bring more hyperparameter tunings. In this paper, we first study theoretically why the learning rate warm-up stage is essential and show that the location of layer normalization matters. Specifically, we prove with mean field theory that at initialization, for the original-designed Post-LN Transformer, which places the layer normalization between the residual blocks, the expected gradients of the parameters near the output layer are large. Therefore, using a large learning rate on those gradients makes the training unstable. The warm-up stage is practically helpful for avoiding this problem. On the other hand, our theory also shows that if the layer normalization is put inside the residual blocks (recently proposed as Pre-LN Transformer), the gradients are well-behaved at initialization. This motivates us to remove the warm-up stage for the training of Pre-LN Transformers. We show in our experiments that Pre-LN Transformers without the warm-up stage can reach comparable results with baselines while requiring significantly less training time and hyper-parameter tuning on a wide range of applications.",
    "arxivid": "2002.04745v2",
    "bib_name": "Onlayernor171",
    "md_text": "# On layer normalization in the transformer architecture\n\n\nabstract\n\nThe Transformer is widely used in natural language processing tasks. To train a Transformer however, one usually needs a carefully designed learning rate warm-up stage, which is shown to be crucial to the final performance but will slow down the optimization and bring more hyperparameter tunings. In this paper, we first study theoretically why the learning rate warm-up stage is essential and show that the location of layer normalization matters. Specifically, we prove with mean field theory that at initialization, for the original-designed Post-LN Transformer, which places the layer normalization between the residual blocks, the expected gradients of the parameters near the output layer are large. Therefore, using a large learning rate on those gradients makes the training unstable. The warm-up stage is practically helpful for avoiding this problem. On the other hand, our theory also shows that if the layer normalization is put inside the residual blocks (recently proposed as Pre-LN Transformer), the gradients are well-behaved at initialization. This motivates us to remove the warm-up stage for the training of Pre-LN Transformers. We show in our experiments that Pre-LN Transformers without the warm-up stage can reach comparable results with baselines while requiring significantly less training time and hyper-parameter tuning on a wide range of applications.",
    "paper_type": "theory",
    "attri": {
        "background": "This paper addresses the issue of training Transformers in natural language processing tasks, particularly focusing on the learning rate warm-up stage that is essential for performance but complicates optimization.",
        "problem": {
            "definition": "The problem involves the instability of training Transformers due to large expected gradients near the output layer when using the Post-LN architecture.",
            "key obstacle": "The main difficulty is the requirement of a learning rate warm-up stage to stabilize training, which adds complexity and necessitates hyperparameter tuning."
        },
        "idea": {
            "intuition": "The idea was inspired by the observation of gradient behavior at initialization in different Transformer architectures.",
            "opinion": "The proposed solution is to place layer normalization inside the residual blocks, leading to better gradient behavior.",
            "innovation": "The main difference compared to previous methods is the elimination of the warm-up stage in Pre-LN Transformers, allowing for more efficient training."
        },
        "Theory": {
            "perspective": "The perspective is based on mean field theory, which provides insights into the behavior of gradients in different configurations of Transformers.",
            "opinion": "The view is that the location of layer normalization significantly affects the stability of training.",
            "proof": "The proof is derived using mean field theory, demonstrating that gradients are well-behaved at initialization in Pre-LN Transformers."
        },
        "experiments": {
            "evaluation setting": "Experiments were conducted on a wide range of applications comparing Pre-LN Transformers without the warm-up stage to baseline models.",
            "evaluation method": "The evaluation involved measuring performance metrics and training time across different configurations."
        },
        "conclusion": "The conclusion is that Pre-LN Transformers can achieve comparable results to baselines without the need for a warm-up stage, resulting in reduced training time and hyperparameter tuning.",
        "discussion": {
            "advantage": "The advantages of this paper include improved training efficiency and reduced complexity in hyperparameter tuning.",
            "limitation": "A limitation is that the findings may not generalize to all types of architectures or tasks beyond those tested.",
            "future work": "Future work could explore further optimizations in Transformer architectures and investigate the effects of layer normalization in other contexts."
        },
        "other info": []
    },
    "mount_outline": [
        {
            "section number": "3.1",
            "key information": "The paper addresses the issue of training Transformers in natural language processing tasks, particularly focusing on the learning rate warm-up stage that is essential for performance but complicates optimization."
        },
        {
            "section number": "3.4",
            "key information": "The proposed solution is to place layer normalization inside the residual blocks, leading to better gradient behavior and eliminating the warm-up stage in Pre-LN Transformers, allowing for more efficient training."
        },
        {
            "section number": "4.4",
            "key information": "Experiments were conducted on a wide range of applications comparing Pre-LN Transformers without the warm-up stage to baseline models, measuring performance metrics and training time across different configurations."
        },
        {
            "section number": "7.2",
            "key information": "A limitation is that the findings may not generalize to all types of architectures or tasks beyond those tested, highlighting challenges related to computational resources and efficiency."
        },
        {
            "section number": "7.4",
            "key information": "The view is that the location of layer normalization significantly affects the stability of training, which relates to the challenges of generalization and robustness in large language models."
        }
    ],
    "similarity_score": null,
    "image": null,
    "path": "/home/liudingyuan/code/SurveyX/code/SurveyX-main/outputs/t1b/papers/On layer normalization in the transformer architecture.json"
}