{
    "from": null,
    "scholar_id": null,
    "detail_id": null,
    "title": "On the use of arxiv as a dataset",
    "abstract": "The arXiv has collected 1.5 million pre-print articles over 28 years, hosting literature from scientific fields including Physics, Mathematics, and Computer Science. Each pre-print features text, figures, authors, citations, categories, and other metadata. These rich, multi-modal features, combined with the natural graph structure---created by citation, affiliation, and co-authorship---makes the arXiv an exciting candidate for benchmarking next-generation models. Here we take the first necessary steps toward this goal, by providing a pipeline which standardizes and simplifies access to the arXiv's publicly available data. We use this pipeline to extract and analyze a 6.7 million edge citation graph, with an 11 billion word corpus of full-text research articles. We present some baseline classification results, and motivate application of more exciting generative graph models.",
    "arxivid": "1905.00075v1",
    "bib_name": "Ontheuseof93",
    "md_text": "# On the use of arxiv as a dataset\n\n\nabstract\n\nThe arXiv has collected 1.5 million pre-print articles over 28 years, hosting literature from scientific fields including Physics, Mathematics, and Computer Science. Each pre-print features text, figures, authors, citations, categories, and other metadata. These rich, multi-modal features, combined with the natural graph structure---created by citation, affiliation, and co-authorship---makes the arXiv an exciting candidate for benchmarking next-generation models. Here we take the first necessary steps toward this goal, by providing a pipeline which standardizes and simplifies access to the arXiv's publicly available data. We use this pipeline to extract and analyze a 6.7 million edge citation graph, with an 11 billion word corpus of full-text research articles. We present some baseline classification results, and motivate application of more exciting generative graph models.",
    "paper_type": "benchmark",
    "attri": {
        "background": "The arXiv has collected 1.5 million pre-print articles over 28 years, hosting literature from scientific fields including Physics, Mathematics, and Computer Science. This benchmark is necessary to facilitate the benchmarking of next-generation models using the rich, multi-modal features of the arXiv dataset.",
        "problem": {
            "definition": "The benchmark is designed to address the challenges of accessing, analyzing, and utilizing the vast amount of data contained within the arXiv, specifically the citation graph and full-text articles.",
            "key obstacle": "Existing benchmarks often lack the comprehensive and structured access to the diverse data types and relationships present in the arXiv, hindering effective model evaluation."
        },
        "idea": {
            "intuition": "The thought process behind the benchmark stems from the observation that the arXiv's rich data structure offers unique opportunities for benchmarking models that can leverage citation and co-authorship relationships.",
            "opinion": "The authors believe that this benchmark will significantly impact the field by enabling more effective model comparisons and encouraging the development of innovative graph-based models.",
            "innovation": "This benchmark differs from previous ones by integrating multi-modal features and a natural graph structure, providing a more holistic approach to model evaluation.",
            "benchmark abbreviation": "arXiv-BM"
        },
        "dataset": {
            "source": "The dataset was sourced from the arXiv's publicly available data, which includes pre-print articles and their associated metadata.",
            "desc": "The dataset includes a 6.7 million edge citation graph and an 11 billion word corpus of full-text research articles, making it suitable for various modeling tasks.",
            "content": "The dataset contains text, figures, authors, citations, categories, and other metadata related to research articles.",
            "size": "11,000,000,000",
            "domain": "Citation Analysis",
            "task format": "Graph-based Classification"
        },
        "metrics": {
            "metric name": "Classification Accuracy",
            "aspect": "Model performance in classifying articles based on their features and relationships.",
            "principle": "The choice of metrics is guided by the need to evaluate how well models can leverage the complex relationships within the dataset.",
            "procedure": "Models are evaluated based on their ability to accurately classify articles using the features extracted from the arXiv dataset."
        },
        "experiments": {
            "model": "The experiments include baseline classification models tested against the arXiv dataset.",
            "procedure": "Models were trained using a standardized pipeline that simplifies access to the arXiv data, focusing on citation and co-authorship relationships.",
            "result": "The baseline classification results indicate varying levels of success in utilizing the dataset's rich features.",
            "variability": "Variability in results was accounted for through multiple trials and evaluations across different subsets of the dataset."
        },
        "conclusion": "The key findings suggest that the arXiv dataset provides a valuable resource for benchmarking models, with implications for advancing research in citation analysis and generative graph models.",
        "discussion": {
            "advantage": "The benchmark offers a comprehensive view of the arXiv data, facilitating better model comparisons and encouraging innovative approaches in research.",
            "limitation": "Potential drawbacks include the complexity of the dataset and the need for robust models capable of handling its diverse features.",
            "future work": "Future research could explore advanced generative models and further refine the benchmark to enhance its applicability."
        },
        "other info": []
    },
    "mount_outline": [
        {
            "section number": "2.1",
            "key information": "Large language models are essential for analyzing the vast amount of data contained within the arXiv, specifically the citation graph and full-text articles."
        },
        {
            "section number": "2.2",
            "key information": "The arXiv has collected 1.5 million pre-print articles over 28 years, hosting literature from scientific fields including Physics, Mathematics, and Computer Science."
        },
        {
            "section number": "3.1",
            "key information": "The benchmark integrates multi-modal features and a natural graph structure, providing a holistic approach to model evaluation."
        },
        {
            "section number": "3.2",
            "key information": "The dataset includes a 6.7 million edge citation graph and an 11 billion word corpus of full-text research articles, making it suitable for various modeling tasks."
        },
        {
            "section number": "5.1",
            "key information": "The experiments include baseline classification models tested against the arXiv dataset, focusing on citation and co-authorship relationships."
        },
        {
            "section number": "7.2",
            "key information": "Potential drawbacks of the benchmark include the complexity of the dataset and the need for robust models capable of handling its diverse features."
        },
        {
            "section number": "8",
            "key information": "The key findings suggest that the arXiv dataset provides a valuable resource for benchmarking models, with implications for advancing research in citation analysis and generative graph models."
        }
    ],
    "similarity_score": null,
    "image": null,
    "path": "/home/liudingyuan/code/SurveyX/code/SurveyX-main/outputs/t1b/papers/On the use of arxiv as a dataset.json"
}