{
    "from": null,
    "scholar_id": null,
    "detail_id": null,
    "title": "Oneflow: Redesign the distributed deep learning framework from scratch",
    "abstract": "Deep learning frameworks such as TensorFlow and PyTorch provide a productive interface for expressing and training a deep neural network (DNN) model on a single device or using data parallelism. Still, they may not be flexible or efficient enough in training emerging large models on distributed devices, which require more sophisticated parallelism beyond data parallelism. Plugins or wrappers have been developed to strengthen these frameworks for model or pipeline parallelism, but they complicate the usage and implementation of distributed deep learning. Aiming at a simple, neat redesign of distributed deep learning frameworks for various parallelism paradigms, we present OneFlow, a novel distributed training framework based on an SBP (split, broadcast and partial-value) abstraction and the actor model. SBP enables much easier programming of data parallelism and model parallelism than existing frameworks, and the actor model provides a succinct runtime mechanism to manage the complex dependencies imposed by resource constraints, data movement and computation in distributed deep learning. We demonstrate the general applicability and efficiency of OneFlow for training various large DNN models with case studies and extensive experiments. The results show that OneFlow outperforms many well-known customized libraries built on top of the state-of-the-art frameworks. The code of OneFlow is available at: https://github.com/Oneflow-Inc/oneflow.",
    "arxivid": "2110.15032v6",
    "bib_name": "Oneflow:Re116",
    "md_text": "# Oneflow: Redesign the distributed deep learning framework from scratch\n\n\nabstract\n\nDeep learning frameworks such as TensorFlow and PyTorch provide a productive interface for expressing and training a deep neural network (DNN) model on a single device or using data parallelism. Still, they may not be flexible or efficient enough in training emerging large models on distributed devices, which require more sophisticated parallelism beyond data parallelism. Plugins or wrappers have been developed to strengthen these frameworks for model or pipeline parallelism, but they complicate the usage and implementation of distributed deep learning. Aiming at a simple, neat redesign of distributed deep learning frameworks for various parallelism paradigms, we present OneFlow, a novel distributed training framework based on an SBP (split, broadcast and partial-value) abstraction and the actor model. SBP enables much easier programming of data parallelism and model parallelism than existing frameworks, and the actor model provides a succinct runtime mechanism to manage the complex dependencies imposed by resource constraints, data movement and computation in distributed deep learning. We demonstrate the general applicability and efficiency of OneFlow for training various large DNN models with case studies and extensive experiments. The results show that OneFlow outperforms many well-known customized libraries built on top of the state-of-the-art frameworks. The code of OneFlow is available at: https://github.com/Oneflow-Inc/oneflow.",
    "paper_type": "method",
    "attri": {
        "background": "This paper addresses the issue of inefficiencies and complexities in existing deep learning frameworks like TensorFlow and PyTorch when training large models on distributed devices, highlighting the need for a new approach that simplifies the implementation of various parallelism paradigms.",
        "problem": {
            "definition": "The problem is the lack of flexibility and efficiency in current deep learning frameworks for training large models across distributed devices, necessitating a redesign that accommodates advanced parallelism techniques.",
            "key obstacle": "The main challenge is that existing methods complicate the usage and implementation of distributed deep learning due to their reliance on plugins or wrappers, which do not seamlessly integrate model or pipeline parallelism."
        },
        "idea": {
            "intuition": "The idea originated from the observation that existing frameworks struggle with the complexity of distributed training, prompting the need for a simpler and more intuitive design.",
            "opinion": "The proposed idea is OneFlow, a novel distributed training framework that simplifies the programming of both data and model parallelism through an SBP abstraction and an actor model.",
            "innovation": "The key innovation of OneFlow lies in its SBP abstraction, which allows for easier programming of parallelism compared to existing frameworks, and its actor model that effectively manages complex dependencies in distributed settings."
        },
        "method": {
            "method name": "OneFlow",
            "method abbreviation": "OF",
            "method definition": "OneFlow is a distributed training framework designed to facilitate the training of large DNN models across multiple devices by utilizing a split, broadcast, and partial-value (SBP) abstraction alongside an actor model.",
            "method description": "OneFlow provides a streamlined approach to distributed deep learning that integrates various parallelism paradigms efficiently.",
            "method steps": "1. Define the model architecture; 2. Specify the data parallelism and model parallelism configurations using SBP; 3. Execute the training process using the actor model to manage dependencies.",
            "principle": "The effectiveness of OneFlow in solving the problem stems from its ability to simplify the programming model and efficiently manage resource constraints, data movement, and computation in distributed environments."
        },
        "experiments": {
            "evaluation setting": "The experimental setup involves training various large DNN models using OneFlow and comparing its performance against well-known customized libraries built on top of existing frameworks.",
            "evaluation method": "The evaluation method includes measuring the performance metrics of OneFlow in terms of training speed and efficiency, and analyzing the results through extensive experiments."
        },
        "conclusion": "The outcomes of the experiments demonstrate that OneFlow significantly outperforms many existing libraries, showcasing its efficiency and applicability in training large DNN models.",
        "discussion": {
            "advantage": "OneFlow's key advantages include its simplified programming model for parallelism and its effective management of complex dependencies, making it more user-friendly and efficient for distributed deep learning.",
            "limitation": "A potential limitation of OneFlow may be its reliance on a specific architectural design, which might not be suitable for all types of deep learning tasks or configurations.",
            "future work": "Future work could focus on enhancing the framework's capabilities to support additional parallelism strategies and optimizing performance for even larger models."
        },
        "other info": []
    },
    "mount_outline": [
        {
            "section number": "2.3",
            "key information": "The main challenge is that existing methods complicate the usage and implementation of distributed deep learning due to their reliance on plugins or wrappers, which do not seamlessly integrate model or pipeline parallelism."
        },
        {
            "section number": "3.1",
            "key information": "OneFlow provides a streamlined approach to distributed deep learning that integrates various parallelism paradigms efficiently."
        },
        {
            "section number": "3.4",
            "key information": "The effectiveness of OneFlow in solving the problem stems from its ability to simplify the programming model and efficiently manage resource constraints, data movement, and computation in distributed environments."
        },
        {
            "section number": "7.2",
            "key information": "OneFlow's key advantages include its simplified programming model for parallelism and its effective management of complex dependencies, making it more user-friendly and efficient for distributed deep learning."
        },
        {
            "section number": "7.3",
            "key information": "A potential limitation of OneFlow may be its reliance on a specific architectural design, which might not be suitable for all types of deep learning tasks or configurations."
        }
    ],
    "similarity_score": null,
    "image": null,
    "path": "/home/liudingyuan/code/SurveyX/code/SurveyX-main/outputs/t1b/papers/Oneflow_ Redesign the distributed deep learning framework from scratch.json"
}