{
    "from": null,
    "scholar_id": null,
    "detail_id": null,
    "title": "Pangu-\u03a3: Towards trillion parameter language model with sparse heterogeneous computing",
    "abstract": "The scaling of large language models has greatly improved natural language understanding, generation, and reasoning. In this work, we develop a system that trained a trillion-parameter language model on a cluster of Ascend 910 AI processors and MindSpore framework, and present the language model with 1.085T parameters named PanGu-{\\Sigma}. With parameter inherent from PanGu-{\\alpha}, we extend the dense Transformer model to sparse one with Random Routed Experts (RRE), and efficiently train the model over 329B tokens by using Expert Computation and Storage Separation(ECSS). This resulted in a 6.3x increase in training throughput through heterogeneous computing. Our experimental findings show that PanGu-{\\Sigma} provides state-of-the-art performance in zero-shot learning of various Chinese NLP downstream tasks. Moreover, it demonstrates strong abilities when fine-tuned in application data of open-domain dialogue, question answering, machine translation and code generation.",
    "arxivid": "2303.10845v1",
    "bib_name": "Pangu-:Tow67",
    "md_text": "# Pangu-\u03a3: Towards trillion parameter language model with sparse heterogeneous computing\n\n\nabstract\n\nThe scaling of large language models has greatly improved natural language understanding, generation, and reasoning. In this work, we develop a system that trained a trillion-parameter language model on a cluster of Ascend 910 AI processors and MindSpore framework, and present the language model with 1.085T parameters named PanGu-{\\Sigma}. With parameter inherent from PanGu-{\\alpha}, we extend the dense Transformer model to sparse one with Random Routed Experts (RRE), and efficiently train the model over 329B tokens by using Expert Computation and Storage Separation(ECSS). This resulted in a 6.3x increase in training throughput through heterogeneous computing. Our experimental findings show that PanGu-{\\Sigma} provides state-of-the-art performance in zero-shot learning of various Chinese NLP downstream tasks. Moreover, it demonstrates strong abilities when fine-tuned in application data of open-domain dialogue, question answering, machine translation and code generation.",
    "paper_type": "method",
    "attri": {
        "background": "The scaling of large language models has greatly improved natural language understanding, generation, and reasoning. Previous methods have focused on dense Transformer models, but there is a need for breakthroughs in efficiency and scalability to continue advancements in this field.",
        "problem": {
            "definition": "The paper aims to address the limitations of existing dense Transformer models in training large language models, particularly in terms of computational efficiency and scalability.",
            "key obstacle": "The primary challenge is the inefficiency of training large models on traditional architectures, which limits throughput and increases resource consumption."
        },
        "idea": {
            "intuition": "The idea was inspired by the need for a more efficient way to train large language models by utilizing sparse computing techniques.",
            "opinion": "The proposed idea involves extending the dense Transformer model to a sparse architecture using Random Routed Experts (RRE), which allows for more efficient training.",
            "innovation": "The key innovation lies in the implementation of Expert Computation and Storage Separation (ECSS) that significantly enhances training throughput while maintaining model performance."
        },
        "method": {
            "method name": "PanGu-\u03a3",
            "method abbreviation": "P\u03a3",
            "method definition": "PanGu-\u03a3 is a trillion-parameter language model that employs a sparse architecture with Random Routed Experts to optimize training efficiency.",
            "method description": "The core of the method is the integration of sparse computing with a large-scale language model to improve training throughput and performance.",
            "method steps": "1. Utilize Random Routed Experts architecture. 2. Implement Expert Computation and Storage Separation. 3. Train the model on 329B tokens. 4. Evaluate performance on various NLP tasks.",
            "principle": "The effectiveness of this method is based on the principle that separating computation and storage allows for more efficient use of resources, enabling the training of larger models with higher throughput."
        },
        "experiments": {
            "evaluation setting": "The experiments were conducted on a cluster of Ascend 910 AI processors using the MindSpore framework, training the model on a dataset of 329 billion tokens.",
            "evaluation method": "Performance was assessed through zero-shot learning on various Chinese NLP downstream tasks and fine-tuning on application data for open-domain dialogue, question answering, machine translation, and code generation."
        },
        "conclusion": "The experimental findings demonstrate that PanGu-\u03a3 achieves state-of-the-art performance in zero-shot learning tasks and shows strong capabilities when fine-tuned, marking a significant advancement in the field of large language models.",
        "discussion": {
            "advantage": "The proposed approach offers a substantial increase in training throughput (6.3x) compared to traditional methods, making it more feasible to train trillion-parameter models.",
            "limitation": "While the method improves efficiency, it may require specific hardware configurations and expertise to implement effectively.",
            "future work": "Future research could focus on further optimizing the sparse architecture and exploring additional applications of the model in various NLP tasks."
        },
        "other info": []
    },
    "mount_outline": [
        {
            "section number": "1.1",
            "key information": "The scaling of large language models has greatly improved natural language understanding, generation, and reasoning."
        },
        {
            "section number": "2.3",
            "key information": "The primary challenge is the inefficiency of training large models on traditional architectures, which limits throughput and increases resource consumption."
        },
        {
            "section number": "3.1",
            "key information": "The proposed idea involves extending the dense Transformer model to a sparse architecture using Random Routed Experts (RRE), which allows for more efficient training."
        },
        {
            "section number": "3.4",
            "key information": "The key innovation lies in the implementation of Expert Computation and Storage Separation (ECSS) that significantly enhances training throughput while maintaining model performance."
        },
        {
            "section number": "4.1",
            "key information": "PanGu-\u03a3 is a trillion-parameter language model that employs a sparse architecture with Random Routed Experts to optimize training efficiency."
        },
        {
            "section number": "6.5",
            "key information": "The experimental findings demonstrate that PanGu-\u03a3 achieves state-of-the-art performance in zero-shot learning tasks and shows strong capabilities when fine-tuned."
        },
        {
            "section number": "7.2",
            "key information": "While the method improves efficiency, it may require specific hardware configurations and expertise to implement effectively."
        }
    ],
    "similarity_score": null,
    "image": null,
    "path": "/home/liudingyuan/code/SurveyX/code/SurveyX-main/outputs/t1b/papers/Pangu-\u03a3_ Towards trillion parameter language model with sparse heterogeneous computing.json"
}