{
    "from": null,
    "scholar_id": null,
    "detail_id": null,
    "title": "Pipedream: Fast and efficient pipeline parallel DNN training",
    "abstract": "PipeDream is a Deep Neural Network(DNN) training system for GPUs that parallelizes computation by pipelining execution across multiple machines. Its pipeline parallel computing model avoids the slowdowns faced by data-parallel training when large models and/or limited network bandwidth induce high communication-to-computation ratios. PipeDream reduces communication by up to 95% for large DNNs relative to data-parallel training, and allows perfect overlap of communication and computation. PipeDream keeps all available GPUs productive by systematically partitioning DNN layers among them to balance work and minimize communication, versions model parameters for backward pass correctness, and schedules the forward and backward passes of different inputs in round-robin fashion to optimize \"time to target accuracy\". Experiments with five different DNNs on two different clusters show that PipeDream is up to 5x faster in time-to-accuracy compared to data-parallel training.",
    "arxivid": "1806.03377v1",
    "bib_name": "Pipedream:198",
    "md_text": "# Pipedream: Fast and efficient pipeline parallel DNN training\n\n\nabstract\n\nPipeDream is a Deep Neural Network(DNN) training system for GPUs that parallelizes computation by pipelining execution across multiple machines. Its pipeline parallel computing model avoids the slowdowns faced by data-parallel training when large models and/or limited network bandwidth induce high communication-to-computation ratios. PipeDream reduces communication by up to 95% for large DNNs relative to data-parallel training, and allows perfect overlap of communication and computation. PipeDream keeps all available GPUs productive by systematically partitioning DNN layers among them to balance work and minimize communication, versions model parameters for backward pass correctness, and schedules the forward and backward passes of different inputs in round-robin fashion to optimize \"time to target accuracy\". Experiments with five different DNNs on two different clusters show that PipeDream is up to 5x faster in time-to-accuracy compared to data-parallel training.",
    "paper_type": "method",
    "attri": {
        "background": "This paper addresses the issue of slowdowns in data-parallel training of deep neural networks (DNNs) caused by high communication-to-computation ratios, particularly when dealing with large models and limited network bandwidth.",
        "problem": {
            "definition": "The problem is the inefficiency of data-parallel training methods for large DNNs, which leads to significant communication overhead and delays in achieving target accuracy.",
            "key obstacle": "The core obstacle is the high communication costs that arise when scaling DNN training across multiple machines, which can bottleneck performance."
        },
        "idea": {
            "intuition": "The idea was inspired by the need for a training system that can effectively manage communication and computation in DNN training across multiple GPUs.",
            "opinion": "The proposed idea involves a pipeline parallel computing model that systematically partitions DNN layers among GPUs to enhance efficiency and reduce communication overhead.",
            "innovation": "The primary innovation of PipeDream lies in its ability to reduce communication by up to 95% compared to traditional data-parallel methods and to allow perfect overlap of communication and computation."
        },
        "method": {
            "method name": "PipeDream",
            "method abbreviation": "PD",
            "method definition": "PipeDream is a DNN training system that utilizes a pipeline parallel computing model to optimize the training process across multiple GPUs.",
            "method description": "The method involves partitioning DNN layers and scheduling forward and backward passes in a round-robin manner to minimize communication and maximize GPU utilization.",
            "method steps": "1. Partition DNN layers across available GPUs. 2. Schedule forward and backward passes of inputs in a round-robin fashion. 3. Version model parameters for backward pass correctness. 4. Overlap communication with computation.",
            "principle": "The effectiveness of this method is based on the principle that reducing communication overhead and balancing workloads across GPUs leads to faster training times and improved resource utilization."
        },
        "experiments": {
            "evaluation setting": "Experiments were conducted with five different DNNs on two different clusters to evaluate the performance of PipeDream against data-parallel training.",
            "evaluation method": "The performance was assessed by measuring the time-to-accuracy for each DNN under both training paradigms."
        },
        "conclusion": "The experiments demonstrated that PipeDream can achieve up to 5x faster time-to-accuracy compared to data-parallel training, showcasing its effectiveness in optimizing DNN training.",
        "discussion": {
            "advantage": "The key advantages of PipeDream include significantly reduced communication overhead and improved training speed, making it suitable for large-scale DNN training.",
            "limitation": "One limitation of the method may be its dependency on the efficient partitioning of DNN layers, which could be challenging for certain network architectures.",
            "future work": "Future research could focus on refining layer partitioning strategies and exploring additional optimizations to further enhance the performance of pipeline parallel training."
        },
        "other info": {}
    },
    "mount_outline": [
        {
            "section number": "2.3",
            "key information": "The problem is the inefficiency of data-parallel training methods for large DNNs, which leads to significant communication overhead and delays in achieving target accuracy."
        },
        {
            "section number": "3.1",
            "key information": "The proposed idea involves a pipeline parallel computing model that systematically partitions DNN layers among GPUs to enhance efficiency and reduce communication overhead."
        },
        {
            "section number": "3.4",
            "key information": "PipeDream can achieve up to 5x faster time-to-accuracy compared to data-parallel training, showcasing its effectiveness in optimizing DNN training."
        },
        {
            "section number": "7.2",
            "key information": "The core obstacle is the high communication costs that arise when scaling DNN training across multiple machines, which can bottleneck performance."
        }
    ],
    "similarity_score": null,
    "image": null,
    "path": "/home/liudingyuan/code/SurveyX/code/SurveyX-main/outputs/t1b/papers/Pipedream_ Fast and efficient pipeline parallel DNN training.json"
}