{
    "from": null,
    "scholar_id": null,
    "detail_id": null,
    "title": "Pre-trained models for natural language processing: A survey",
    "abstract": "Deep learning has developed rapidly. The pre-training technology of natural language processing has also made great progress. Early natural language processing used static pre-training techniques, such as Word2Vec, GLoVe, and other word vector methods to segment text. However, this segmentation method does not consider, and the context cannot solve the problem of polysemy. The BERT model has made many typical downstream tasks a typical improvement, which has greatly promoted technological development in the field of NLP and has since entered the epoch of dynamic pre-training technology. On this basis, we analyze the shortcomings of current pre-training technology and finally looks forward to the future development trend of pre-training technology.",
    "arxivid": "2003.08271v4",
    "bib_name": "Pre-traine19",
    "md_text": "# Pre-trained models for natural language processing: A survey\n\n\nabstract\n\nDeep learning has developed rapidly. The pre-training technology of natural language processing has also made great progress. Early natural language processing used static pre-training techniques, such as Word2Vec, GLoVe, and other word vector methods to segment text. However, this segmentation method does not consider, and the context cannot solve the problem of polysemy. The BERT model has made many typical downstream tasks a typical improvement, which has greatly promoted technological development in the field of NLP and has since entered the epoch of dynamic pre-training technology. On this basis, we analyze the shortcomings of current pre-training technology and finally looks forward to the future development trend of pre-training technology.",
    "paper_type": "survey",
    "attri": {
        "background": {
            "purpose": "This survey aims to explore the advancements in pre-training technologies for natural language processing (NLP) and address the knowledge gaps related to the limitations of early static pre-training methods.",
            "scope": "The survey focuses on the evolution of pre-training techniques in NLP, particularly transitioning from static methods like Word2Vec and GLoVe to dynamic approaches such as BERT. It excludes detailed discussions on specific downstream tasks and applications of these models, as the primary focus is on pre-training technology itself."
        },
        "problem": {
            "definition": "The core issue explored in this survey is the inadequacy of earlier static pre-training techniques in handling context and polysemy in language processing.",
            "key obstacle": "The primary challenge faced by researchers is the inability of static models to effectively capture the nuances of language, leading to limitations in understanding context and meaning."
        },
        "architecture": {
            "perspective": "The survey introduces a framework categorizing pre-training methods into static and dynamic approaches, highlighting the shift in technology and its implications for NLP.",
            "fields/stages": "The survey organizes current methods into two main stages: static pre-training techniques (e.g., Word2Vec, GLoVe) and dynamic pre-training techniques (e.g., BERT), based on their ability to handle context and polysemy."
        },
        "conclusion": {
            "comparisions": "The survey compares static pre-training methods with dynamic ones, demonstrating that dynamic methods like BERT significantly improve performance on various NLP tasks due to their contextual understanding.",
            "results": "Key takeaways include the recognition of dynamic pre-training as a pivotal advancement in NLP, with implications for future research and applications in the field."
        },
        "discussion": {
            "advantage": "The existing research has successfully transitioned from static to dynamic pre-training models, significantly enhancing the performance of NLP tasks and addressing some limitations of earlier methods.",
            "limitation": "However, current research still struggles with issues such as the complexity of model training and the need for extensive computational resources.",
            "gaps": "There remain unanswered questions regarding the scalability of dynamic models and their applicability across diverse languages and contexts.",
            "future work": "Future research should focus on improving the efficiency of dynamic pre-training methods, exploring multilingual applications, and addressing the limitations of current models."
        },
        "other info": {}
    },
    "mount_outline": [
        {
            "section number": "1.2",
            "key information": "This survey aims to explore the advancements in pre-training technologies for natural language processing (NLP) and address the knowledge gaps related to the limitations of early static pre-training methods."
        },
        {
            "section number": "2.3",
            "key information": "The primary challenge faced by researchers is the inability of static models to effectively capture the nuances of language, leading to limitations in understanding context and meaning."
        },
        {
            "section number": "3",
            "key information": "The survey focuses on the evolution of pre-training techniques in NLP, particularly transitioning from static methods like Word2Vec and GLoVe to dynamic approaches such as BERT."
        },
        {
            "section number": "3.1",
            "key information": "The survey introduces a framework categorizing pre-training methods into static and dynamic approaches, highlighting the shift in technology and its implications for NLP."
        },
        {
            "section number": "3.2",
            "key information": "The survey compares static pre-training methods with dynamic ones, demonstrating that dynamic methods like BERT significantly improve performance on various NLP tasks due to their contextual understanding."
        },
        {
            "section number": "7.2",
            "key information": "Current research still struggles with issues such as the complexity of model training and the need for extensive computational resources."
        },
        {
            "section number": "7.4",
            "key information": "Future research should focus on improving the efficiency of dynamic pre-training methods, exploring multilingual applications, and addressing the limitations of current models."
        }
    ],
    "similarity_score": null,
    "image": null,
    "path": "/home/liudingyuan/code/SurveyX/code/SurveyX-main/outputs/t1b/papers/Pre-trained models for natural language processing_ A survey.json"
}