{
    "from": null,
    "scholar_id": null,
    "detail_id": null,
    "title": "Pretrained language model for text generation: A survey",
    "abstract": "Text generation has become one of the most important yet challenging tasks in natural language processing (NLP). The resurgence of deep learning\n\nhas greatly advanced this field by neural generation models, especially the paradigm of pretrained language models (PLMs). In this paper, we present\n\nan overview of the major advances achieved in the topic of PLMs for text generation. As the preliminaries, we present the general task definition\n\nand briefly describe the mainstream architectures of PLMs for text generation. As the core content, we discuss how to adapt existing PLMs to model\n\ndifferent input data and satisfy special properties in the generated text. We further summarize several important fine-tuning strategies for text generation.\n\nFinally, we present several future directions and conclude this paper. Our survey aims to provide text generation researchers a synthesis and pointer to related research.",
    "arxivid": "2201.05273v4",
    "bib_name": "Pretrained26",
    "md_text": "# Pretrained language model for text generation: A survey\n\n\nabstract\n\nText generation has become one of the most important yet challenging tasks in natural language processing (NLP). The resurgence of deep learning\n\nhas greatly advanced this field by neural generation models, especially the paradigm of pretrained language models (PLMs). In this paper, we present\n\nan overview of the major advances achieved in the topic of PLMs for text generation. As the preliminaries, we present the general task definition\n\nand briefly describe the mainstream architectures of PLMs for text generation. As the core content, we discuss how to adapt existing PLMs to model\n\ndifferent input data and satisfy special properties in the generated text. We further summarize several important fine-tuning strategies for text generation.\n\nFinally, we present several future directions and conclude this paper. Our survey aims to provide text generation researchers a synthesis and pointer to related research.",
    "paper_type": "survey",
    "attri": {
        "background": {
            "purpose": "This paper aims to provide an overview of the major advances in pretrained language models (PLMs) for text generation, addressing the challenges and knowledge gaps in the field.",
            "scope": "The survey includes discussions on the general task definition, mainstream architectures of PLMs, adaptation of PLMs for different input data, and fine-tuning strategies. It excludes unrelated NLP tasks and models not focused on text generation to maintain relevance."
        },
        "problem": {
            "definition": "The survey focuses on the challenges and methodologies related to text generation using pretrained language models.",
            "key obstacle": "Primary challenges include adapting PLMs to various input data types and ensuring the generated text meets specific properties."
        },
        "architecture": {
            "perspective": "The survey categorizes existing research based on how PLMs can be adapted for different tasks and input data, providing a framework for understanding advancements in text generation.",
            "fields/stages": "The survey organizes methods into stages such as task definition, architecture overview, adaptation strategies, and fine-tuning approaches."
        },
        "conclusion": {
            "comparisions": "The survey compares various PLM approaches in terms of their effectiveness and adaptability for text generation tasks.",
            "results": "Key takeaways include the importance of fine-tuning strategies and the potential of PLMs to enhance text generation capabilities."
        },
        "discussion": {
            "advantage": "Strengths of existing research include significant advancements in model architectures and a better understanding of adaptation strategies.",
            "limitation": "Current studies may fall short in addressing the full diversity of input data and the specific properties required for generated text.",
            "gaps": "Unanswered questions include how to effectively evaluate the quality of generated text and the scalability of PLMs in diverse applications.",
            "future work": "Future research should focus on enhancing model adaptability, exploring new evaluation metrics, and addressing the limitations identified in current studies."
        },
        "other info": []
    },
    "mount_outline": [
        {
            "section number": "1.1",
            "key information": "The paper highlights the importance of pretrained language models (PLMs) for text generation, addressing the challenges and knowledge gaps in the field."
        },
        {
            "section number": "1.2",
            "key information": "The purpose of the paper is to provide an overview of the major advances in pretrained language models for text generation."
        },
        {
            "section number": "2.1",
            "key information": "The survey defines the challenges and methodologies related to text generation using pretrained language models."
        },
        {
            "section number": "2.3",
            "key information": "Primary challenges include adapting PLMs to various input data types and ensuring the generated text meets specific properties."
        },
        {
            "section number": "3.1",
            "key information": "The survey discusses adaptation strategies for pretrained language models to enhance text generation capabilities."
        },
        {
            "section number": "3.2",
            "key information": "The paper categorizes existing research based on how PLMs can be adapted for different tasks and input data."
        },
        {
            "section number": "3.3",
            "key information": "Fine-tuning strategies are emphasized as crucial for improving the effectiveness of pretrained language models."
        },
        {
            "section number": "7.1",
            "key information": "Current studies may fall short in addressing the full diversity of input data and the specific properties required for generated text."
        },
        {
            "section number": "7.4",
            "key information": "Unanswered questions include how to effectively evaluate the quality of generated text and the scalability of PLMs in diverse applications."
        },
        {
            "section number": "8",
            "key information": "Key takeaways include the importance of fine-tuning strategies and the potential of PLMs to enhance text generation capabilities."
        }
    ],
    "similarity_score": null,
    "image": null,
    "path": "/home/liudingyuan/code/SurveyX/code/SurveyX-main/outputs/t1b/papers/Pretrained language model for text generation_ A survey.json"
}