{
    "from": null,
    "scholar_id": null,
    "detail_id": null,
    "title": "Pythia: A suite for analyzing large language models across training and scaling",
    "abstract": "How do large language models (LLMs) develop and evolve over the course of training? How do these patterns change as models scale? To answer these questions, we introduce \\textit{Pythia}, a suite of 16 LLMs all trained on public data seen in the exact same order and ranging in size from 70M to 12B parameters. We provide public access to 154 checkpoints for each one of the 16 models, alongside tools to download and reconstruct their exact training dataloaders for further study. We intend \\textit{Pythia} to facilitate research in many areas, and we present several case studies including novel results in memorization, term frequency effects on few-shot performance, and reducing gender bias. We demonstrate that this highly controlled setup can be used to yield novel insights toward LLMs and their training dynamics. Trained models, analysis code, training code, and training data can be found at \\url{https://github.com/EleutherAI/pythia}.",
    "arxivid": "2304.01373v2",
    "bib_name": "Pythia:Asu52",
    "md_text": "# Pythia: A suite for analyzing large language models across training and scaling\n\n\nabstract\n\nHow do large language models (LLMs) develop and evolve over the course of training? How do these patterns change as models scale? To answer these questions, we introduce \\textit{Pythia}, a suite of 16 LLMs all trained on public data seen in the exact same order and ranging in size from 70M to 12B parameters. We provide public access to 154 checkpoints for each one of the 16 models, alongside tools to download and reconstruct their exact training dataloaders for further study. We intend \\textit{Pythia} to facilitate research in many areas, and we present several case studies including novel results in memorization, term frequency effects on few-shot performance, and reducing gender bias. We demonstrate that this highly controlled setup can be used to yield novel insights toward LLMs and their training dynamics. Trained models, analysis code, training code, and training data can be found at \\url{https://github.com/EleutherAI/pythia}.",
    "paper_type": "benchmark",
    "attri": {
        "background": "This paper addresses the issue of understanding the development and evolution of large language models (LLMs) during training and how these patterns change with model scaling. The necessity for this benchmark arises from the need for controlled experiments that can yield insights into LLM training dynamics, contributing to the broader research landscape in AI and machine learning.",
        "problem": {
            "definition": "The benchmark is designed to address the challenges of analyzing the training dynamics and performance characteristics of large language models as they scale in size.",
            "key obstacle": "Existing benchmarks lack the controlled conditions necessary to study the evolution of LLMs across different scales, making it difficult to draw meaningful comparisons and insights."
        },
        "idea": {
            "intuition": "The creation of the benchmark was inspired by the need to systematically analyze how LLMs develop over training and how scaling affects their performance.",
            "opinion": "The authors emphasize the importance of this benchmark in providing a structured approach to understanding LLM training dynamics, which could have significant implications for future model development.",
            "innovation": "Pythia differs from previous benchmarks by offering a suite of models trained under identical conditions, allowing for direct comparisons and insights into the effects of scaling.",
            "benchmark abbreviation": "Pythia"
        },
        "dataset": {
            "source": "The dataset was created using public data, ensuring that all models were trained on the same data seen in the same order.",
            "desc": "The dataset consists of a large corpus of public data used for training 16 different LLMs, with 154 checkpoints available for analysis.",
            "content": "The dataset includes text data relevant for training language models, which is critical for simulating and measuring LLM performance.",
            "size": "154",
            "domain": "Natural Language Processing",
            "task format": "Model Training"
        },
        "metrics": {
            "metric name": "Few-shot performance, Memorization",
            "aspect": "Model performance and training dynamics",
            "principle": "Metrics were chosen based on their relevance to understanding the training and scaling effects on LLMs.",
            "procedure": "The evaluation involves analyzing performance across various training checkpoints to assess the impact of scaling and training conditions."
        },
        "experiments": {
            "model": "The benchmark tests a suite of 16 large language models ranging from 70M to 12B parameters.",
            "procedure": "Models were trained on the same public dataset in a controlled manner, with identical training conditions and data order.",
            "result": "The results indicate novel insights into memorization and performance dynamics of LLMs, with significant findings on few-shot performance and bias reduction.",
            "variability": "Variability was accounted for by analyzing multiple checkpoints and training conditions across the different models."
        },
        "conclusion": "The experiments provide key findings that enhance the understanding of LLM training dynamics and reveal important insights into scaling effects, which can guide future research and model development.",
        "discussion": {
            "advantage": "The benchmark contributes to the field by offering a controlled environment for studying LLMs, enabling researchers to draw reliable conclusions about model behavior.",
            "limitation": "One limitation is that the benchmark is based solely on public data, which may not fully represent all potential training scenarios.",
            "future work": "Future research could explore additional datasets or training conditions to further investigate LLM performance and dynamics."
        },
        "other info": []
    },
    "mount_outline": [
        {
            "section number": "2.1",
            "key information": "Large language models (LLMs) are defined as models that are trained on vast amounts of data and can generate human-like text, significantly impacting natural language processing."
        },
        {
            "section number": "2.2",
            "key information": "The historical development of large language models includes the evolution of benchmarks that analyze training dynamics and performance characteristics as models scale in size."
        },
        {
            "section number": "3.1",
            "key information": "The benchmark Pythia was created to systematically analyze how LLMs develop over training, focusing on few-shot performance and memorization as key metrics."
        },
        {
            "section number": "3.2",
            "key information": "Pythia offers a suite of models trained under identical conditions, allowing for direct comparisons and insights into the effects of scaling."
        },
        {
            "section number": "3.4",
            "key information": "The experiments with 16 large language models ranging from 70M to 12B parameters reveal insights into scaling effects and performance dynamics."
        },
        {
            "section number": "7.1",
            "key information": "The benchmark highlights the significance of studying bias reduction in large language models, contributing to the understanding of ethical concerns in AI."
        },
        {
            "section number": "7.4",
            "key information": "The findings from the experiments indicate challenges related to generalization and robustness in large language models, guiding future research directions."
        }
    ],
    "similarity_score": null,
    "image": null,
    "path": "/home/liudingyuan/code/SurveyX/code/SurveyX-main/outputs/t1b/papers/Pythia_ A suite for analyzing large language models across training and scaling.json"
}