{
    "from": null,
    "scholar_id": null,
    "detail_id": null,
    "title": "Random feature attention",
    "abstract": "Transformers are state-of-the-art models for a variety of sequence modeling tasks. At their core is an attention function which models pairwise interactions between the inputs at every timestep. While attention is powerful, it does not scale efficiently to long sequences due to its quadratic time and space complexity in the sequence length. We propose RFA, a linear time and space attention that uses random feature methods to approximate the softmax function, and explore its application in transformers. RFA can be used as a drop-in replacement for conventional softmax attention and offers a straightforward way of learning with recency bias through an optional gating mechanism. Experiments on language modeling and machine translation demonstrate that RFA achieves similar or better performance compared to strong transformer baselines. In the machine translation experiment, RFA decodes twice as fast as a vanilla transformer. Compared to existing efficient transformer variants, RFA is competitive in terms of both accuracy and efficiency on three long text classification datasets. Our analysis shows that RFA's efficiency gains are especially notable on long sequences, suggesting that RFA will be particularly useful in tasks that require working with large inputs, fast decoding speed, or low memory footprints.",
    "arxivid": "2103.02143v2",
    "bib_name": "Randomfeat180",
    "md_text": "# Random feature attention\n\n\nabstract\n\nTransformers are state-of-the-art models for a variety of sequence modeling tasks. At their core is an attention function which models pairwise interactions between the inputs at every timestep. While attention is powerful, it does not scale efficiently to long sequences due to its quadratic time and space complexity in the sequence length. We propose RFA, a linear time and space attention that uses random feature methods to approximate the softmax function, and explore its application in transformers. RFA can be used as a drop-in replacement for conventional softmax attention and offers a straightforward way of learning with recency bias through an optional gating mechanism. Experiments on language modeling and machine translation demonstrate that RFA achieves similar or better performance compared to strong transformer baselines. In the machine translation experiment, RFA decodes twice as fast as a vanilla transformer. Compared to existing efficient transformer variants, RFA is competitive in terms of both accuracy and efficiency on three long text classification datasets. Our analysis shows that RFA's efficiency gains are especially notable on long sequences, suggesting that RFA will be particularly useful in tasks that require working with large inputs, fast decoding speed, or low memory footprints.",
    "paper_type": "method",
    "attri": {
        "background": "This paper addresses the issue of inefficient scaling of attention mechanisms in transformers for long sequences, highlighting the quadratic time and space complexity of conventional methods and the necessity for a more efficient solution.",
        "problem": {
            "definition": "The problem is the inefficiency of traditional attention mechanisms in transformers when handling long sequences, which limits their applicability in various tasks.",
            "key obstacle": "The core obstacle is the quadratic scaling of attention in terms of time and space, which hinders real-time processing and increases memory usage."
        },
        "idea": {
            "intuition": "The idea is inspired by the need for a more efficient attention mechanism that can handle long sequences without the computational burden of existing methods.",
            "opinion": "The proposed idea, Random Feature Attention (RFA), aims to approximate the softmax function using random feature methods, allowing for linear scaling in time and space.",
            "innovation": "The primary innovation of RFA lies in its ability to serve as a drop-in replacement for conventional softmax attention while introducing a gating mechanism for learning recency bias."
        },
        "method": {
            "method name": "Random Feature Attention",
            "method abbreviation": "RFA",
            "method definition": "RFA is a linear time and space attention mechanism that approximates the softmax function using random feature methods, effectively addressing the inefficiencies of traditional attention.",
            "method description": "RFA provides a scalable attention mechanism suitable for long sequences, maintaining performance while reducing computational demands.",
            "method steps": "1. Generate random features to approximate the softmax function. 2. Apply the random features in the attention calculation. 3. Optionally incorporate a gating mechanism to introduce recency bias.",
            "principle": "RFA's effectiveness is based on its ability to reduce the complexity of attention calculations from quadratic to linear, enabling faster processing and lower memory usage."
        },
        "experiments": {
            "evaluation setting": "Experiments were conducted on language modeling and machine translation tasks, comparing RFA against strong transformer baselines and existing efficient transformer variants on three long text classification datasets.",
            "evaluation method": "Performance was assessed based on accuracy, decoding speed, and memory usage, with specific metrics reported for language modeling and machine translation efficiency."
        },
        "conclusion": "The experiments demonstrate that RFA achieves comparable or superior performance to traditional transformer models while significantly improving decoding speed, particularly in machine translation tasks.",
        "discussion": {
            "advantage": "Key advantages of RFA include its linear scaling for long sequences, faster decoding speeds, and competitive accuracy compared to existing methods.",
            "limitation": "One limitation of RFA may be the potential trade-off in accuracy when approximating the softmax function, which could affect performance in some contexts.",
            "future work": "Future research could focus on further optimizing RFA for specific applications, exploring additional enhancements to the gating mechanism, and testing its applicability in other sequence modeling tasks."
        },
        "other info": []
    },
    "mount_outline": [
        {
            "section number": "3.1",
            "key information": "The proposed method, Random Feature Attention (RFA), provides a scalable attention mechanism suitable for long sequences, maintaining performance while reducing computational demands."
        },
        {
            "section number": "3.4",
            "key information": "RFA reduces the complexity of attention calculations from quadratic to linear, enabling faster processing and lower memory usage."
        },
        {
            "section number": "4.1",
            "key information": "RFA serves as a drop-in replacement for conventional softmax attention while introducing a gating mechanism for learning recency bias."
        },
        {
            "section number": "5.1",
            "key information": "Experiments were conducted on language modeling and machine translation tasks, comparing RFA against strong transformer baselines."
        },
        {
            "section number": "7.2",
            "key information": "The core obstacle of traditional attention mechanisms is the quadratic scaling in terms of time and space, which limits real-time processing and increases memory usage."
        },
        {
            "section number": "7.4",
            "key information": "One limitation of RFA may be the potential trade-off in accuracy when approximating the softmax function, which could affect performance in some contexts."
        }
    ],
    "similarity_score": null,
    "image": null,
    "path": "/home/liudingyuan/code/SurveyX/code/SurveyX-main/outputs/t1b/papers/Random feature attention.json"
}