{
    "from": null,
    "scholar_id": null,
    "detail_id": null,
    "title": "Recipes for building an open-domain chatbot",
    "abstract": "Building open-domain chatbots is a challenging area for machine learning research. While prior work has shown that scaling neural models in the number of parameters and the size of the data they are trained on gives improved results, we highlight other ingredients. Good conversation requires blended skills: providing engaging talking points, and displaying knowledge, empathy and personality appropriately, while maintaining a consistent persona. We show that large scale models can learn these skills when given appropriate training data and choice of generation strategy. We build variants of these recipes with 90M, 2.7B and 9.4B parameter models, and make our models and code publicly available. Human evaluations show our best models outperform existing approaches in multi-turn dialogue on engagingness and humanness measurements. We then discuss the limitations of this work by analyzing failure cases of our models.",
    "arxivid": "2004.13637v2",
    "bib_name": "Recipesfor117",
    "md_text": "# Recipes for building an open-domain chatbot\n\n\nabstract\n\nBuilding open-domain chatbots is a challenging area for machine learning research. While prior work has shown that scaling neural models in the number of parameters and the size of the data they are trained on gives improved results, we highlight other ingredients. Good conversation requires blended skills: providing engaging talking points, and displaying knowledge, empathy and personality appropriately, while maintaining a consistent persona. We show that large scale models can learn these skills when given appropriate training data and choice of generation strategy. We build variants of these recipes with 90M, 2.7B and 9.4B parameter models, and make our models and code publicly available. Human evaluations show our best models outperform existing approaches in multi-turn dialogue on engagingness and humanness measurements. We then discuss the limitations of this work by analyzing failure cases of our models.",
    "paper_type": "method",
    "attri": {
        "background": "Building open-domain chatbots is a challenging area for machine learning research. While prior work has shown that scaling neural models in the number of parameters and the size of the data they are trained on gives improved results, we highlight other ingredients necessary for effective conversation.",
        "problem": {
            "definition": "The problem addressed in this paper is the difficulty of creating open-domain chatbots that can engage users effectively while displaying knowledge, empathy, and maintaining a consistent persona.",
            "key obstacle": "The core obstacle preventing existing methods from effectively solving this problem is the lack of appropriate training data and generation strategies that blend the necessary conversational skills."
        },
        "idea": {
            "intuition": "The intuition behind the proposed idea is that good conversation requires a blend of various skills, which can be learned by large-scale models if trained correctly.",
            "opinion": "The proposed idea involves building variants of chatbots with different model sizes (90M, 2.7B, and 9.4B parameters) that can learn to provide engaging talking points and display personality and empathy.",
            "innovation": "The primary innovation of this method is the focus on appropriate training data and generation strategies, which differentiates it from existing approaches that primarily emphasize scaling model size."
        },
        "method": {
            "method name": "Open-domain chatbot recipes",
            "method abbreviation": "OCR",
            "method definition": "The method involves training large-scale neural models with diverse datasets and specific generation strategies to improve the engagement and humanness of chatbot interactions.",
            "method description": "The core of the method consists of developing various model sizes and training them with tailored datasets to enhance their conversational abilities.",
            "method steps": [
                "Select appropriate datasets that include diverse conversational styles.",
                "Train models of varying sizes (90M, 2.7B, 9.4B parameters) using the selected datasets.",
                "Implement specific generation strategies to optimize conversational outputs.",
                "Evaluate models through human assessments focusing on engagingness and humanness."
            ],
            "principle": "This method is effective because it leverages the scale of the models along with the quality of the training data and the generation strategies to produce more engaging and human-like conversation."
        },
        "experiments": {
            "evaluation setting": "Human evaluations were conducted to assess the performance of the models in multi-turn dialogue, comparing engagingness and humanness against existing approaches.",
            "evaluation method": "The performance of the models was measured through subjective evaluations by human judges focusing on the quality of interactions."
        },
        "conclusion": "The outcomes of the experiments demonstrate that the proposed models outperform existing approaches in terms of engagingness and humanness in multi-turn dialogue.",
        "discussion": {
            "advantage": "The key advantages of the proposed approach include the ability to blend various conversational skills and the successful application of tailored training data and strategies.",
            "limitation": "The limitations of this work include the identification of failure cases where the models did not perform as expected during interactions.",
            "future work": "Future research could focus on improving the models' performance in identified failure cases and exploring additional training techniques to enhance conversational capabilities."
        },
        "other info": []
    },
    "mount_outline": [
        {
            "section number": "1.1",
            "key information": "The problem addressed in this paper is the difficulty of creating open-domain chatbots that can engage users effectively while displaying knowledge, empathy, and maintaining a consistent persona."
        },
        {
            "section number": "2.1",
            "key information": "The method involves training large-scale neural models with diverse datasets and specific generation strategies to improve the engagement and humanness of chatbot interactions."
        },
        {
            "section number": "3.1",
            "key information": "The intuition behind the proposed idea is that good conversation requires a blend of various skills, which can be learned by large-scale models if trained correctly."
        },
        {
            "section number": "3.6",
            "key information": "The primary innovation of this method is the focus on appropriate training data and generation strategies, which differentiates it from existing approaches that primarily emphasize scaling model size."
        },
        {
            "section number": "4.1",
            "key information": "The core of the method consists of developing various model sizes and training them with tailored datasets to enhance their conversational abilities."
        },
        {
            "section number": "7.1",
            "key information": "The limitations of this work include the identification of failure cases where the models did not perform as expected during interactions."
        },
        {
            "section number": "7.4",
            "key information": "Future research could focus on improving the models' performance in identified failure cases and exploring additional training techniques to enhance conversational capabilities."
        }
    ],
    "similarity_score": null,
    "image": null,
    "path": "/home/liudingyuan/code/SurveyX/code/SurveyX-main/outputs/t1b/papers/Recipes for building an open-domain chatbot.json"
}