{
    "from": null,
    "scholar_id": null,
    "detail_id": null,
    "title": "Roberta: A robustly optimized BERT pretraining approach",
    "abstract": "Language model pretraining has led to significant performance gains but careful comparison between different approaches is challenging. Training is computationally expensive, often done on private datasets of different sizes, and, as we will show, hyperparameter choices have significant impact on the final results. We present a replication study of BERT pretraining (Devlin et al., 2019) that carefully measures the impact of many key hyperparameters and training data size. We find that BERT was significantly undertrained, and can match or exceed the performance of every model published after it. Our best model achieves state-of-the-art results on GLUE, RACE and SQuAD. These results highlight the importance of previously overlooked design choices, and raise questions about the source of recently reported improvements. We release our models and code.",
    "arxivid": "1907.11692v1",
    "bib_name": "Roberta:Ar8",
    "md_text": "# Roberta: A robustly optimized BERT pretraining approach\n\n\nabstract\n\nLanguage model pretraining has led to significant performance gains but careful comparison between different approaches is challenging. Training is computationally expensive, often done on private datasets of different sizes, and, as we will show, hyperparameter choices have significant impact on the final results. We present a replication study of BERT pretraining (Devlin et al., 2019) that carefully measures the impact of many key hyperparameters and training data size. We find that BERT was significantly undertrained, and can match or exceed the performance of every model published after it. Our best model achieves state-of-the-art results on GLUE, RACE and SQuAD. These results highlight the importance of previously overlooked design choices, and raise questions about the source of recently reported improvements. We release our models and code.",
    "paper_type": "benchmark",
    "attri": {
        "background": "This paper addresses the issue of careful comparison between different language model pretraining approaches, highlighting the challenges posed by computational expenses and hyperparameter choices.",
        "problem": {
            "definition": "The benchmark is designed to address the problem of undertraining in language models, specifically focusing on the impact of hyperparameters and training data size.",
            "key obstacle": "Existing benchmarks often overlook the significance of hyperparameter choices and the size of training datasets, leading to suboptimal evaluations."
        },
        "idea": {
            "intuition": "The thought process behind this benchmark was inspired by the observation that BERT was significantly undertrained, which could affect its performance compared to other models.",
            "opinion": "The authors believe that understanding the impact of design choices is crucial for advancing the field of language model pretraining.",
            "innovation": "This benchmark differs from previous ones by emphasizing the careful measurement of hyperparameters and training data sizes, offering a more comprehensive evaluation.",
            "benchmark abbreviation": "RoBERTa"
        },
        "dataset": {
            "source": "The dataset was collected from various sources, including public datasets used in prior studies.",
            "desc": "The dataset includes a variety of language tasks, enabling robust evaluation across different benchmarks.",
            "content": "The dataset contains text data relevant for language modeling tasks.",
            "size": "-",
            "domain": "Natural Language Processing",
            "task format": "Text classification"
        },
        "metrics": {
            "metric name": "GLUE, SQuAD",
            "aspect": "Accuracy",
            "principle": "The choice of metrics is guided by their ability to measure the performance of language models on standard tasks.",
            "procedure": "Models were evaluated based on their performance on GLUE and SQuAD tasks, using the defined metrics."
        },
        "experiments": {
            "model": "The benchmark tested state-of-the-art models including BERT and its optimized versions.",
            "procedure": "Models were trained with varying hyperparameters and dataset sizes to assess their impacts on performance.",
            "result": "The best model achieved state-of-the-art results on multiple benchmarks, indicating significant improvements.",
            "variability": "Variability was accounted for by conducting multiple trials and testing different subsets of the dataset."
        },
        "conclusion": "The findings highlight the importance of hyperparameter choices in language model pretraining and suggest that BERT can be optimized to match or exceed the performance of newer models.",
        "discussion": {
            "advantage": "The benchmark provides a more accurate assessment of language models by focusing on previously overlooked design choices.",
            "limitation": "Potential limitations include the reliance on specific datasets that may not generalize across all language tasks.",
            "future work": "Future research could explore further optimizations in model training and the development of new benchmarks that address current limitations."
        },
        "other info": []
    },
    "mount_outline": [
        {
            "section number": "2.3",
            "key information": "Existing benchmarks often overlook the significance of hyperparameter choices and the size of training datasets, leading to suboptimal evaluations."
        },
        {
            "section number": "3.1",
            "key information": "The benchmark tested state-of-the-art models including BERT and its optimized versions, assessing their impacts on performance based on varying hyperparameters and dataset sizes."
        },
        {
            "section number": "3.3",
            "key information": "The thought process behind this benchmark was inspired by the observation that BERT was significantly undertrained, which could affect its performance compared to other models."
        },
        {
            "section number": "7.2",
            "key information": "The findings highlight the importance of hyperparameter choices in language model pretraining and suggest that BERT can be optimized to match or exceed the performance of newer models."
        },
        {
            "section number": "7.1",
            "key information": "The benchmark provides a more accurate assessment of language models by focusing on previously overlooked design choices."
        }
    ],
    "similarity_score": null,
    "image": null,
    "path": "/home/liudingyuan/code/SurveyX/code/SurveyX-main/outputs/t1b/papers/Roberta_ A robustly optimized BERT pretraining approach.json"
}