{
    "from": null,
    "scholar_id": null,
    "detail_id": null,
    "title": "Root mean square layer normalization",
    "abstract": "Layer normalization (LayerNorm) has been successfully applied to various deep neural networks to help stabilize training and boost model convergence because of its capability in handling re-centering and re-scaling of both inputs and weight matrix. However, the computational overhead introduced by LayerNorm makes these improvements expensive and significantly slows the underlying network, e.g. RNN in particular. In this paper, we hypothesize that re-centering invariance in LayerNorm is dispensable and propose root mean square layer normalization, or RMSNorm. RMSNorm regularizes the summed inputs to a neuron in one layer according to root mean square (RMS), giving the model re-scaling invariance property and implicit learning rate adaptation ability. RMSNorm is computationally simpler and thus more efficient than LayerNorm. We also present partial RMSNorm, or pRMSNorm where the RMS is estimated from p% of the summed inputs without breaking the above properties. Extensive experiments on several tasks using diverse network architectures show that RMSNorm achieves comparable performance against LayerNorm but reduces the running time by 7%~64% on different models. Source code is available at https://github.com/bzhangGo/rmsnorm.",
    "arxivid": "1910.07467v1",
    "bib_name": "Rootmeansq165",
    "md_text": "# Root mean square layer normalization\n\n\nabstract\n\nLayer normalization (LayerNorm) has been successfully applied to various deep neural networks to help stabilize training and boost model convergence because of its capability in handling re-centering and re-scaling of both inputs and weight matrix. However, the computational overhead introduced by LayerNorm makes these improvements expensive and significantly slows the underlying network, e.g. RNN in particular. In this paper, we hypothesize that re-centering invariance in LayerNorm is dispensable and propose root mean square layer normalization, or RMSNorm. RMSNorm regularizes the summed inputs to a neuron in one layer according to root mean square (RMS), giving the model re-scaling invariance property and implicit learning rate adaptation ability. RMSNorm is computationally simpler and thus more efficient than LayerNorm. We also present partial RMSNorm, or pRMSNorm where the RMS is estimated from p% of the summed inputs without breaking the above properties. Extensive experiments on several tasks using diverse network architectures show that RMSNorm achieves comparable performance against LayerNorm but reduces the running time by 7%~64% on different models. Source code is available at https://github.com/bzhangGo/rmsnorm.",
    "paper_type": "method",
    "attri": {
        "background": "This paper addresses the issue of computational overhead introduced by Layer normalization (LayerNorm) in deep neural networks, which slows down the training processes, particularly in RNNs. It highlights the necessity for a new method that retains the benefits of LayerNorm while improving efficiency.",
        "problem": {
            "definition": "The problem is the excessive computational cost associated with LayerNorm, which hampers the performance of deep neural networks during training.",
            "key obstacle": "The main difficulty is the re-centering invariance in LayerNorm, which is not essential for the model's performance but contributes to its computational complexity."
        },
        "idea": {
            "intuition": "The idea is inspired by the observation that the re-centering invariance in LayerNorm may be unnecessary for effective training of deep neural networks.",
            "opinion": "The proposed idea, root mean square layer normalization (RMSNorm), simplifies the normalization process by using root mean square for regularization, thus enhancing computational efficiency.",
            "innovation": "RMSNorm differs from existing methods by providing re-scaling invariance and implicit learning rate adaptation without the computational burden of LayerNorm."
        },
        "method": {
            "method name": "Root Mean Square Layer Normalization",
            "method abbreviation": "RMSNorm",
            "method definition": "RMSNorm regularizes the summed inputs to a neuron according to the root mean square, allowing for efficient training without the need for re-centering.",
            "method description": "RMSNorm simplifies layer normalization by focusing on the root mean square of inputs rather than requiring full re-centering.",
            "method steps": "1. Calculate the root mean square of the summed inputs. 2. Apply normalization based on this value. 3. Use this normalized value for further computations.",
            "principle": "The effectiveness of RMSNorm lies in its ability to maintain model performance while reducing computational complexity, which speeds up training."
        },
        "experiments": {
            "evaluation setting": "Extensive experiments were conducted across various tasks and network architectures to assess the performance of RMSNorm compared to LayerNorm.",
            "evaluation method": "The performance was measured by comparing running times and model accuracy across different models, demonstrating a reduction in running time by 7% to 64%."
        },
        "conclusion": "RMSNorm achieves comparable performance to LayerNorm while significantly reducing running time, thereby offering a more efficient alternative for deep learning applications.",
        "discussion": {
            "advantage": "The key advantages of RMSNorm include reduced computational overhead and improved efficiency without sacrificing model performance.",
            "limitation": "One limitation is that RMSNorm may not be suitable for all types of neural networks or tasks where re-centering is crucial.",
            "future work": "Future research could explore further optimizations of RMSNorm and its application to a wider range of network architectures and tasks."
        },
        "other info": {
            "source code": "https://github.com/bzhangGo/rmsnorm"
        }
    },
    "mount_outline": [
        {
            "section number": "2.3",
            "key information": "The problem is the excessive computational cost associated with LayerNorm, which hampers the performance of deep neural networks during training."
        },
        {
            "section number": "3.1",
            "key information": "RMSNorm simplifies layer normalization by focusing on the root mean square of inputs rather than requiring full re-centering."
        },
        {
            "section number": "3.4",
            "key information": "The effectiveness of RMSNorm lies in its ability to maintain model performance while reducing computational complexity, which speeds up training."
        },
        {
            "section number": "5.1",
            "key information": "RMSNorm provides re-scaling invariance and implicit learning rate adaptation without the computational burden of LayerNorm."
        },
        {
            "section number": "7.2",
            "key information": "The key advantages of RMSNorm include reduced computational overhead and improved efficiency without sacrificing model performance."
        }
    ],
    "similarity_score": null,
    "image": null,
    "path": "/home/liudingyuan/code/SurveyX/code/SurveyX-main/outputs/t1b/papers/Root mean square layer normalization.json"
}