{
    "from": null,
    "scholar_id": null,
    "detail_id": null,
    "title": "S2ORC: The semantic scholar open research corpus",
    "abstract": "We introduce S2ORC, a large corpus of 81.1M English-language academic papers spanning many academic disciplines. The corpus consists of rich metadata, paper abstracts, resolved bibliographic references, as well as structured full text for 8.1M open access papers. Full text is annotated with automatically-detected inline mentions of citations, figures, and tables, each linked to their corresponding paper objects. In S2ORC, we aggregate papers from hundreds of academic publishers and digital archives into a unified source, and create the largest publicly-available collection of machine-readable academic text to date. We hope this resource will facilitate research and development of tools and tasks for text mining over academic text.",
    "arxivid": "1911.02782v3",
    "bib_name": "S2ORC:Thes94",
    "md_text": "# S2ORC: The semantic scholar open research corpus\n\n\nabstract\n\nWe introduce S2ORC, a large corpus of 81.1M English-language academic papers spanning many academic disciplines. The corpus consists of rich metadata, paper abstracts, resolved bibliographic references, as well as structured full text for 8.1M open access papers. Full text is annotated with automatically-detected inline mentions of citations, figures, and tables, each linked to their corresponding paper objects. In S2ORC, we aggregate papers from hundreds of academic publishers and digital archives into a unified source, and create the largest publicly-available collection of machine-readable academic text to date. We hope this resource will facilitate research and development of tools and tasks for text mining over academic text.",
    "paper_type": "benchmark",
    "attri": {
        "background": "The S2ORC benchmark addresses the need for a comprehensive and machine-readable collection of academic papers, which is essential for advancing research in text mining and related fields.",
        "problem": {
            "definition": "The benchmark is designed to address the challenge of accessing and utilizing a vast array of academic papers for text mining tasks.",
            "key obstacle": "Existing benchmarks often lack the scale, diversity, and machine-readable formats necessary for effective research in text mining."
        },
        "idea": {
            "intuition": "The idea behind S2ORC stemmed from the observation that a large, unified corpus of academic texts is crucial for developing effective text mining tools.",
            "opinion": "The authors believe that S2ORC will significantly impact the field by providing a valuable resource for researchers and developers.",
            "innovation": "S2ORC differs from previous benchmarks by offering the largest publicly-available collection of machine-readable academic text, complete with rich metadata and structured full text.",
            "benchmark abbreviation": "S2ORC"
        },
        "dataset": {
            "source": "The dataset was created by aggregating papers from hundreds of academic publishers and digital archives.",
            "desc": "S2ORC consists of 81.1 million English-language academic papers, with 8.1 million containing structured full text.",
            "content": "The dataset includes rich metadata, paper abstracts, resolved bibliographic references, and annotated full text with inline mentions of citations, figures, and tables.",
            "size": "81,100,000",
            "domain": "Text Mining",
            "task format": "Information Retrieval"
        },
        "metrics": {
            "metric name": "N/A",
            "aspect": "N/A",
            "principle": "N/A",
            "procedure": "N/A"
        },
        "experiments": {
            "model": "N/A",
            "procedure": "N/A",
            "result": "N/A",
            "variability": "N/A"
        },
        "conclusion": "S2ORC serves as a foundational resource for advancing research in text mining over academic texts.",
        "discussion": {
            "advantage": "The benchmark's extensive and diverse dataset contributes significantly to the field by enabling more effective text mining research.",
            "limitation": "Potential limitations may include the reliance on the quality of the aggregated data from various sources.",
            "future work": "Future research could explore the development of specific tools and methodologies for utilizing the S2ORC dataset."
        },
        "other info": []
    },
    "mount_outline": [
        {
            "section number": "2.1",
            "key information": "S2ORC consists of 81.1 million English-language academic papers, with 8.1 million containing structured full text."
        },
        {
            "section number": "2.2",
            "key information": "The benchmark is designed to address the challenge of accessing and utilizing a vast array of academic papers for text mining tasks."
        },
        {
            "section number": "3.1",
            "key information": "S2ORC differs from previous benchmarks by offering the largest publicly-available collection of machine-readable academic text, complete with rich metadata and structured full text."
        },
        {
            "section number": "3.6",
            "key information": "The idea behind S2ORC stemmed from the observation that a large, unified corpus of academic texts is crucial for developing effective text mining tools."
        },
        {
            "section number": "7.2",
            "key information": "Potential limitations may include the reliance on the quality of the aggregated data from various sources."
        },
        {
            "section number": "7.3",
            "key information": "Future research could explore the development of specific tools and methodologies for utilizing the S2ORC dataset."
        }
    ],
    "similarity_score": null,
    "image": null,
    "path": "/home/liudingyuan/code/SurveyX/code/SurveyX-main/outputs/t1b/papers/S2ORC_ The semantic scholar open research corpus.json"
}