{
    "from": null,
    "scholar_id": null,
    "detail_id": null,
    "title": "Scaling instruction-finetuned language models",
    "abstract": "Finetuning language models on a collection of datasets phrased as instructions has been shown to improve model performance and generalization to unseen tasks. In this paper we explore instruction finetuning with a particular focus on (1) scaling the number of tasks, (2) scaling the model size, and (3) finetuning on chain-of-thought data. We find that instruction finetuning with the above aspects dramatically improves performance on a variety of model classes (PaLM, T5, U-PaLM), prompting setups (zero-shot, few-shot, CoT), and evaluation benchmarks (MMLU, BBH, TyDiQA, MGSM, open-ended generation). For instance, Flan-PaLM 540B instruction-finetuned on 1.8K tasks outperforms PALM 540B by a large margin (+9.4% on average). Flan-PaLM 540B achieves state-of-the-art performance on several benchmarks, such as 75.2% on five-shot MMLU. We also publicly release Flan-T5 checkpoints, which achieve strong few-shot performance even compared to much larger models, such as PaLM 62B. Overall, instruction finetuning is a general method for improving the performance and usability of pretrained language models.",
    "arxivid": "2210.11416v5",
    "bib_name": "Scalingins39",
    "md_text": "# Scaling instruction-finetuned language models\n\n\nabstract\n\nFinetuning language models on a collection of datasets phrased as instructions has been shown to improve model performance and generalization to unseen tasks. In this paper we explore instruction finetuning with a particular focus on (1) scaling the number of tasks, (2) scaling the model size, and (3) finetuning on chain-of-thought data. We find that instruction finetuning with the above aspects dramatically improves performance on a variety of model classes (PaLM, T5, U-PaLM), prompting setups (zero-shot, few-shot, CoT), and evaluation benchmarks (MMLU, BBH, TyDiQA, MGSM, open-ended generation). For instance, Flan-PaLM 540B instruction-finetuned on 1.8K tasks outperforms PALM 540B by a large margin (+9.4% on average). Flan-PaLM 540B achieves state-of-the-art performance on several benchmarks, such as 75.2% on five-shot MMLU. We also publicly release Flan-T5 checkpoints, which achieve strong few-shot performance even compared to much larger models, such as PaLM 62B. Overall, instruction finetuning is a general method for improving the performance and usability of pretrained language models.",
    "paper_type": "benchmark",
    "attri": {
        "background": "This paper addresses the issue of improving language model performance through instruction finetuning, highlighting the importance of scaling tasks and model size in the current research landscape.",
        "problem": {
            "definition": "The benchmark is designed to address the challenge of enhancing model performance and generalization across various tasks through instruction-based finetuning.",
            "key obstacle": "Existing benchmarks often do not account for the scaling of tasks and model sizes, limiting the effectiveness of language models in real-world applications."
        },
        "idea": {
            "intuition": "The thought process behind this benchmark stems from the observation that instruction finetuning can significantly enhance model performance, particularly when scaling the number of tasks and model size.",
            "opinion": "The authors believe that this benchmark is crucial for advancing the field of language modeling by providing a comprehensive evaluation framework.",
            "innovation": "This benchmark differs from previous ones by incorporating a larger number of tasks and focusing on chain-of-thought data, leading to improved model generalization.",
            "benchmark abbreviation": "Flan-PaLM"
        },
        "dataset": {
            "source": "The dataset was created by compiling a diverse collection of instruction-based tasks from various sources.",
            "desc": "The dataset includes 1.8K tasks designed for instruction finetuning, providing a rich set of examples for training and evaluation.",
            "content": "The dataset consists of text-based instructions and corresponding outputs, relevant to the tasks being benchmarked.",
            "size": "1,800",
            "domain": "Natural Language Processing",
            "task format": "Instruction-based tasks"
        },
        "metrics": {
            "metric name": "Accuracy, F1-score",
            "aspect": "Model performance and generalization ability",
            "principle": "The metrics were chosen based on their relevance to assessing how well models perform across diverse tasks and scenarios.",
            "procedure": "Models are evaluated using the selected metrics on a set of benchmark tasks to measure their performance."
        },
        "experiments": {
            "model": "State-of-the-art models including Flan-PaLM, T5, and U-PaLM were tested.",
            "procedure": "Models were finetuned on the instruction dataset with varying scales and evaluated on multiple benchmarks.",
            "result": "Flan-PaLM 540B outperformed PALM 540B by an average of 9.4%, achieving state-of-the-art results on several benchmarks.",
            "variability": "Variability was accounted for through multiple trials and evaluations across different task subsets."
        },
        "conclusion": "The experiments demonstrate that instruction finetuning significantly enhances the performance and usability of language models, with implications for future research in this area.",
        "discussion": {
            "advantage": "The benchmark provides a robust framework for evaluating language models' performance across a wide range of tasks, contributing valuable insights to the field.",
            "limitation": "Potential limitations include the need for extensive computational resources for finetuning and evaluation, which may not be accessible to all researchers.",
            "future work": "Future research could explore the application of this benchmark to additional tasks and the integration of more diverse datasets."
        },
        "other info": {
            "info1": "The authors released Flan-T5 checkpoints for public use.",
            "info2": {
                "info2.1": "The benchmark facilitates comparisons between different model architectures.",
                "info2.2": "It encourages further exploration of instruction-based learning methodologies."
            }
        }
    },
    "mount_outline": [
        {
            "section number": "1.1",
            "key information": "This paper addresses the issue of improving language model performance through instruction finetuning, highlighting the importance of scaling tasks and model size in the current research landscape."
        },
        {
            "section number": "2.1",
            "key information": "The benchmark is designed to address the challenge of enhancing model performance and generalization across various tasks through instruction-based finetuning."
        },
        {
            "section number": "3.1",
            "key information": "The dataset includes 1.8K tasks designed for instruction finetuning, providing a rich set of examples for training and evaluation."
        },
        {
            "section number": "3.3",
            "key information": "Flan-PaLM 540B outperformed PALM 540B by an average of 9.4%, achieving state-of-the-art results on several benchmarks."
        },
        {
            "section number": "7.2",
            "key information": "Potential limitations include the need for extensive computational resources for finetuning and evaluation, which may not be accessible to all researchers."
        },
        {
            "section number": "8",
            "key information": "The experiments demonstrate that instruction finetuning significantly enhances the performance and usability of language models, with implications for future research in this area."
        }
    ],
    "similarity_score": null,
    "image": null,
    "path": "/home/liudingyuan/code/SurveyX/code/SurveyX-main/outputs/t1b/papers/Scaling instruction-finetuned language models.json"
}