{
    "from": null,
    "scholar_id": null,
    "detail_id": null,
    "title": "Sentencepiece: A simple and language independent subword tokenizer and detokenizer for neural text processing",
    "abstract": "This paper describes SentencePiece, a language-independent subword tokenizer and detokenizer designed for Neural-based text processing, including Neural Machine Translation. It provides open-source C++ and Python implementations for subword units. While existing subword segmentation tools assume that the input is pre-tokenized into word sequences, SentencePiece can train subword models directly from raw sentences, which allows us to make a purely end-to-end and language independent system. We perform a validation experiment of NMT on English-Japanese machine translation, and find that it is possible to achieve comparable accuracy to direct subword training from raw sentences. We also compare the performance of subword training and segmentation with various configurations. SentencePiece is available under the Apache 2 license at https://github.com/google/sentencepiece.",
    "arxivid": "1808.06226v1",
    "bib_name": "Sentencepi138",
    "md_text": "# Sentencepiece: A simple and language independent subword tokenizer and detokenizer for neural text processing\n\n\nabstract\n\nThis paper describes SentencePiece, a language-independent subword tokenizer and detokenizer designed for Neural-based text processing, including Neural Machine Translation. It provides open-source C++ and Python implementations for subword units. While existing subword segmentation tools assume that the input is pre-tokenized into word sequences, SentencePiece can train subword models directly from raw sentences, which allows us to make a purely end-to-end and language independent system. We perform a validation experiment of NMT on English-Japanese machine translation, and find that it is possible to achieve comparable accuracy to direct subword training from raw sentences. We also compare the performance of subword training and segmentation with various configurations. SentencePiece is available under the Apache 2 license at https://github.com/google/sentencepiece.",
    "paper_type": "method",
    "attri": {
        "background": "This paper addresses the issue of subword tokenization in neural text processing, highlighting the limitations of existing tools that require pre-tokenized input and the necessity for a more flexible and language-independent approach.",
        "problem": {
            "definition": "The problem is the reliance on pre-tokenized word sequences in existing subword segmentation tools, which limits their applicability and efficiency in various languages.",
            "key obstacle": "The core obstacle is the inability of current methods to train subword models directly from raw sentences, preventing a truly end-to-end processing system."
        },
        "idea": {
            "intuition": "The idea was inspired by the need for a tokenizer that can function without the constraints of pre-tokenization, allowing for a more universal approach to text processing.",
            "opinion": "SentencePiece is proposed as a solution that trains subword models directly from raw sentences, facilitating a language-independent and end-to-end system for neural text processing.",
            "innovation": "The primary innovation of SentencePiece lies in its ability to operate without pre-tokenization, enabling direct training from raw text and improving the flexibility and efficiency of the tokenization process."
        },
        "method": {
            "method name": "SentencePiece",
            "method abbreviation": "SP",
            "method definition": "SentencePiece is a subword tokenizer and detokenizer that trains models directly from raw sentences, allowing for language-independent text processing.",
            "method description": "The core of SentencePiece is its ability to create subword units from unprocessed text, facilitating end-to-end neural network training.",
            "method steps": "The method involves training a model on raw sentences, generating subword units, and then applying these units for tokenization and detokenization in text processing tasks.",
            "principle": "This method is effective because it removes the need for pre-tokenization, allowing for a more direct and adaptable approach to handling various languages and text formats."
        },
        "experiments": {
            "evaluation setting": "The evaluation was conducted using English-Japanese machine translation as a validation experiment to assess the performance of SentencePiece against direct subword training.",
            "evaluation method": "Performance was measured by comparing the accuracy of machine translation results achieved through SentencePiece with those obtained from traditional subword segmentation methods."
        },
        "conclusion": "The experiments demonstrated that SentencePiece can achieve comparable accuracy to existing methods while offering the benefits of a language-independent and end-to-end tokenization process.",
        "discussion": {
            "advantage": "Key advantages of SentencePiece include its flexibility in handling raw text without pre-tokenization and its applicability across different languages.",
            "limitation": "One limitation of the method may be the potential for suboptimal segmentation in languages with complex morphological structures, which could affect the quality of the generated subwords.",
            "future work": "Future research could focus on improving the segmentation quality for morphologically rich languages and exploring additional configurations to enhance performance."
        },
        "other info": {
            "repository": "SentencePiece is available under the Apache 2 license at https://github.com/google/sentencepiece."
        }
    },
    "mount_outline": [
        {
            "section number": "1.1",
            "key information": "This paper addresses the issue of subword tokenization in neural text processing, highlighting the limitations of existing tools that require pre-tokenized input and the necessity for a more flexible and language-independent approach."
        },
        {
            "section number": "2.1",
            "key information": "The problem is the reliance on pre-tokenized word sequences in existing subword segmentation tools, which limits their applicability and efficiency in various languages."
        },
        {
            "section number": "3.1",
            "key information": "SentencePiece is proposed as a solution that trains subword models directly from raw sentences, facilitating a language-independent and end-to-end system for neural text processing."
        },
        {
            "section number": "3.2",
            "key information": "The primary innovation of SentencePiece lies in its ability to operate without pre-tokenization, enabling direct training from raw text and improving the flexibility and efficiency of the tokenization process."
        },
        {
            "section number": "4.1",
            "key information": "The core of SentencePiece is its ability to create subword units from unprocessed text, facilitating end-to-end neural network training."
        },
        {
            "section number": "7.1",
            "key information": "One limitation of the method may be the potential for suboptimal segmentation in languages with complex morphological structures, which could affect the quality of the generated subwords."
        },
        {
            "section number": "8",
            "key information": "The experiments demonstrated that SentencePiece can achieve comparable accuracy to existing methods while offering the benefits of a language-independent and end-to-end tokenization process."
        }
    ],
    "similarity_score": null,
    "image": null,
    "path": "/home/liudingyuan/code/SurveyX/code/SurveyX-main/outputs/t1b/papers/Sentencepiece_ A simple and language independent subword tokenizer and detokenizer for neural text processing.json"
}