{
    "from": null,
    "scholar_id": null,
    "detail_id": null,
    "title": "Starcoder: may the source be with you",
    "abstract": "The BigCode community, an open-scientific collaboration working on the responsible development of Large Language Models for Code (Code LLMs), introduces StarCoder and StarCoderBase: 15.5B parameter models with 8K context length, infilling capabilities and fast large-batch inference enabled by multi-query attention. StarCoderBase is trained on 1 trillion tokens sourced from The Stack, a large collection of permissively licensed GitHub repositories with inspection tools and an opt-out process. We fine-tuned StarCoderBase on 35B Python tokens, resulting in the creation of StarCoder. We perform the most comprehensive evaluation of Code LLMs to date and show that StarCoderBase outperforms every open Code LLM that supports multiple programming languages and matches or outperforms the OpenAI code-cushman-001 model. Furthermore, StarCoder outperforms every model that is fine-tuned on Python, can be prompted to achieve 40\\% pass@1 on HumanEval, and still retains its performance on other programming languages. We take several important steps towards a safe open-access model release, including an improved PII redaction pipeline and a novel attribution tracing tool, and make the StarCoder models publicly available under a more commercially viable version of the Open Responsible AI Model license.",
    "arxivid": "2305.06161v2",
    "bib_name": "Starcoder:54",
    "md_text": "# Starcoder: may the source be with you\n\n\nabstract\n\nThe BigCode community, an open-scientific collaboration working on the responsible development of Large Language Models for Code (Code LLMs), introduces StarCoder and StarCoderBase: 15.5B parameter models with 8K context length, infilling capabilities and fast large-batch inference enabled by multi-query attention. StarCoderBase is trained on 1 trillion tokens sourced from The Stack, a large collection of permissively licensed GitHub repositories with inspection tools and an opt-out process. We fine-tuned StarCoderBase on 35B Python tokens, resulting in the creation of StarCoder. We perform the most comprehensive evaluation of Code LLMs to date and show that StarCoderBase outperforms every open Code LLM that supports multiple programming languages and matches or outperforms the OpenAI code-cushman-001 model. Furthermore, StarCoder outperforms every model that is fine-tuned on Python, can be prompted to achieve 40\\% pass@1 on HumanEval, and still retains its performance on other programming languages. We take several important steps towards a safe open-access model release, including an improved PII redaction pipeline and a novel attribution tracing tool, and make the StarCoder models publicly available under a more commercially viable version of the Open Responsible AI Model license.",
    "paper_type": "benchmark",
    "attri": {
        "background": "The BigCode community addresses the need for responsible development of Large Language Models for Code (Code LLMs) by introducing StarCoder and StarCoderBase, which are designed to improve performance and safety in code generation tasks.",
        "problem": {
            "definition": "The benchmark is designed to evaluate the performance of Code LLMs in generating and understanding code across multiple programming languages.",
            "key obstacle": "Existing benchmarks for Code LLMs are limited in scope and do not adequately assess the capabilities of models across diverse programming tasks."
        },
        "idea": {
            "intuition": "The development of StarCoder arose from the observation that existing models did not effectively handle multi-language code generation and lacked comprehensive evaluation metrics.",
            "opinion": "The authors believe that StarCoder can significantly advance the field of code generation by providing a robust and versatile benchmark for evaluating model performance.",
            "innovation": "StarCoder introduces a novel approach to evaluating Code LLMs, focusing on multi-language support and comprehensive performance metrics, differentiating it from previous benchmarks.",
            "benchmark abbreviation": "StarCoder"
        },
        "dataset": {
            "source": "The dataset was created by fine-tuning on 1 trillion tokens sourced from The Stack, a large collection of permissively licensed GitHub repositories.",
            "desc": "The dataset includes a diverse range of programming code, allowing for extensive evaluation of language models in generating and understanding code.",
            "content": "The dataset primarily includes Python code, along with snippets from various other programming languages.",
            "size": "1,000,000,000",
            "domain": "Programming",
            "task format": "Code generation"
        },
        "metrics": {
            "metric name": "pass@1",
            "aspect": "Accuracy in generating correct code solutions",
            "principle": "The pass@1 metric was chosen as it directly measures the model's ability to generate correct code on the first attempt, reflecting practical usability.",
            "procedure": "Model performance is evaluated by measuring the proportion of correct solutions generated in response to coding tasks."
        },
        "experiments": {
            "model": "StarCoder and StarCoderBase, alongside other state-of-the-art Code LLMs.",
            "procedure": "Models were trained on extensive datasets with a focus on multi-query attention for improved inference speed and capability.",
            "result": "StarCoder achieved 40% pass@1 on HumanEval, outperforming all other evaluated models.",
            "variability": "Variability in results was accounted for through comprehensive testing across different programming languages and multiple evaluation tasks."
        },
        "conclusion": "The experiments demonstrate that StarCoder represents a significant advancement in the performance and evaluation of Code LLMs, with implications for future research and development in code generation.",
        "discussion": {
            "advantage": "StarCoder provides a robust framework for evaluating code generation models, contributing to the advancement of safe and effective AI in programming.",
            "limitation": "Potential limitations include the reliance on the quality of the training data and the challenges in evaluating models across all programming languages equally.",
            "future work": "Further research could explore expanding the benchmark to include more programming languages and refining evaluation metrics to capture a wider range of coding tasks."
        },
        "other info": []
    },
    "mount_outline": [
        {
            "section number": "1.1",
            "key information": "The BigCode community addresses the need for responsible development of Large Language Models for Code (Code LLMs) by introducing StarCoder and StarCoderBase, which are designed to improve performance and safety in code generation tasks."
        },
        {
            "section number": "2.1",
            "key information": "The benchmark is designed to evaluate the performance of Code LLMs in generating and understanding code across multiple programming languages."
        },
        {
            "section number": "2.3",
            "key information": "Existing benchmarks for Code LLMs are limited in scope and do not adequately assess the capabilities of models across diverse programming tasks."
        },
        {
            "section number": "3.1",
            "key information": "StarCoder introduces a novel approach to evaluating Code LLMs, focusing on multi-language support and comprehensive performance metrics, differentiating it from previous benchmarks."
        },
        {
            "section number": "3.4",
            "key information": "StarCoder achieved 40% pass@1 on HumanEval, outperforming all other evaluated models."
        },
        {
            "section number": "7.1",
            "key information": "Potential limitations include the reliance on the quality of the training data and the challenges in evaluating models across all programming languages equally."
        },
        {
            "section number": "7.3",
            "key information": "Further research could explore expanding the benchmark to include more programming languages and refining evaluation metrics to capture a wider range of coding tasks."
        }
    ],
    "similarity_score": null,
    "image": null,
    "path": "/home/liudingyuan/code/SurveyX/code/SurveyX-main/outputs/t1b/papers/Starcoder_ may the source be with you.json"
}