{
    "from": null,
    "scholar_id": null,
    "detail_id": null,
    "title": "Subword regularization: Improving neural network translation models with multiple subword candidates",
    "abstract": "Subword units are an effective way to alleviate the open vocabulary problems in neural machine translation (NMT). While sentences are usually converted into unique subword sequences, subword segmentation is potentially ambiguous and multiple segmentations are possible even with the same vocabulary. The question addressed in this paper is whether it is possible to harness the segmentation ambiguity as a noise to improve the robustness of NMT. We present a simple regularization method, subword regularization, which trains the model with multiple subword segmentations probabilistically sampled during training. In addition, for better subword sampling, we propose a new subword segmentation algorithm based on a unigram language model. We experiment with multiple corpora and report consistent improvements especially on low resource and out-of-domain settings.",
    "arxivid": "1804.10959v1",
    "bib_name": "Subwordreg137",
    "md_text": "# Subword regularization: Improving neural network translation models with multiple subword candidates\n\n\nabstract\n\nSubword units are an effective way to alleviate the open vocabulary problems in neural machine translation (NMT). While sentences are usually converted into unique subword sequences, subword segmentation is potentially ambiguous and multiple segmentations are possible even with the same vocabulary. The question addressed in this paper is whether it is possible to harness the segmentation ambiguity as a noise to improve the robustness of NMT. We present a simple regularization method, subword regularization, which trains the model with multiple subword segmentations probabilistically sampled during training. In addition, for better subword sampling, we propose a new subword segmentation algorithm based on a unigram language model. We experiment with multiple corpora and report consistent improvements especially on low resource and out-of-domain settings.",
    "paper_type": "method",
    "attri": {
        "background": "This paper addresses the issue of open vocabulary problems in neural machine translation (NMT) by exploring the ambiguities in subword segmentation and how they can be utilized to enhance model robustness.",
        "problem": {
            "definition": "The problem involves the inherent ambiguity in subword segmentation, which can lead to suboptimal performance in neural machine translation models.",
            "key obstacle": "The core obstacle is that existing methods typically rely on a single subword segmentation, which may not capture the full potential of the available data."
        },
        "idea": {
            "intuition": "The intuition is that leveraging the ambiguity in subword segmentation can introduce beneficial noise that enhances the model's robustness during training.",
            "opinion": "The proposed idea is to implement a regularization method that trains the model with multiple probabilistically sampled subword segmentations.",
            "innovation": "The primary innovation lies in the introduction of subword regularization, which differs from traditional methods by incorporating multiple segmentations rather than a single fixed one."
        },
        "method": {
            "method name": "Subword Regularization",
            "method abbreviation": "SR",
            "method definition": "Subword regularization is a training technique that utilizes multiple subword segmentations sampled probabilistically to improve the robustness of neural machine translation models.",
            "method description": "The core of the method involves training NMT models with various subword segmentations to enhance their performance.",
            "method steps": "1. Generate multiple subword segmentations for each sentence. 2. Sample segmentations probabilistically during training. 3. Train the model using these sampled segmentations.",
            "principle": "This method is effective because it exposes the model to a wider variety of subword representations, allowing it to generalize better across different contexts."
        },
        "experiments": {
            "evaluation setting": "Experiments were conducted on multiple corpora, focusing on low resource and out-of-domain settings to assess the effectiveness of the proposed method.",
            "evaluation method": "The performance of the method was evaluated by comparing translation quality against baseline methods, measuring improvements in translation accuracy."
        },
        "conclusion": "The experiments demonstrate that subword regularization consistently improves neural machine translation models, particularly in low resource and out-of-domain scenarios, highlighting its effectiveness and contribution to the field.",
        "discussion": {
            "advantage": "The key advantage of the proposed approach is its ability to enhance model robustness by incorporating multiple subword segmentations, leading to improved translation quality.",
            "limitation": "A limitation of the method may include increased computational complexity due to the need for generating and sampling multiple segmentations.",
            "future work": "Future research could explore optimizing the subword sampling process and applying the regularization technique to other language processing tasks."
        },
        "other info": []
    },
    "mount_outline": [
        {
            "section number": "2.3",
            "key information": "The problem involves the inherent ambiguity in subword segmentation, which can lead to suboptimal performance in neural machine translation models."
        },
        {
            "section number": "3.1",
            "key information": "Subword regularization is a training technique that utilizes multiple subword segmentations sampled probabilistically to improve the robustness of neural machine translation models."
        },
        {
            "section number": "3.3",
            "key information": "The proposed idea is to implement a regularization method that trains the model with multiple probabilistically sampled subword segmentations."
        },
        {
            "section number": "3.4",
            "key information": "The key advantage of the proposed approach is its ability to enhance model robustness by incorporating multiple subword segmentations, leading to improved translation quality."
        },
        {
            "section number": "7.2",
            "key information": "A limitation of the method may include increased computational complexity due to the need for generating and sampling multiple segmentations."
        },
        {
            "section number": "7.4",
            "key information": "Future research could explore optimizing the subword sampling process and applying the regularization technique to other language processing tasks."
        }
    ],
    "similarity_score": null,
    "image": null,
    "path": "/home/liudingyuan/code/SurveyX/code/SurveyX-main/outputs/t1b/papers/Subword regularization_ Improving neural network translation models with multiple subword candidates.json"
}