{
    "from": null,
    "scholar_id": null,
    "detail_id": null,
    "title": "Switch transformers: Scaling to trillion parameter models with simple and efficient sparsity",
    "abstract": "In deep learning, models typically reuse the same parameters for all inputs. Mixture of Experts (MoE) defies this and instead selects different parameters for each incoming example. The result is a sparsely-activated model -- with outrageous numbers of parameters -- but a constant computational cost. However, despite several notable successes of MoE, widespread adoption has been hindered by complexity, communication costs and training instability -- we address these with the Switch Transformer. We simplify the MoE routing algorithm and design intuitive improved models with reduced communication and computational costs. Our proposed training techniques help wrangle the instabilities and we show large sparse models may be trained, for the first time, with lower precision (bfloat16) formats. We design models based off T5-Base and T5-Large to obtain up to 7x increases in pre-training speed with the same computational resources. These improvements extend into multilingual settings where we measure gains over the mT5-Base version across all 101 languages. Finally, we advance the current scale of language models by pre-training up to trillion parameter models on the\"Colossal Clean Crawled Corpus\"and achieve a 4x speedup over the T5-XXL model.",
    "arxivid": "2101.03961v3",
    "bib_name": "Switchtran7",
    "md_text": "# Switch transformers: Scaling to trillion parameter models with simple and efficient sparsity\n\n\nabstract\n\nIn deep learning, models typically reuse the same parameters for all inputs. Mixture of Experts (MoE) defies this and instead selects different parameters for each incoming example. The result is a sparsely-activated model -- with outrageous numbers of parameters -- but a constant computational cost. However, despite several notable successes of MoE, widespread adoption has been hindered by complexity, communication costs and training instability -- we address these with the Switch Transformer. We simplify the MoE routing algorithm and design intuitive improved models with reduced communication and computational costs. Our proposed training techniques help wrangle the instabilities and we show large sparse models may be trained, for the first time, with lower precision (bfloat16) formats. We design models based off T5-Base and T5-Large to obtain up to 7x increases in pre-training speed with the same computational resources. These improvements extend into multilingual settings where we measure gains over the mT5-Base version across all 101 languages. Finally, we advance the current scale of language models by pre-training up to trillion parameter models on the\"Colossal Clean Crawled Corpus\"and achieve a 4x speedup over the T5-XXL model.",
    "paper_type": "method",
    "attri": {
        "background": "This paper addresses the issue of complexity, communication costs, and training instability in the adoption of Mixture of Experts (MoE) models in deep learning, which have shown potential due to their ability to use different parameters for different inputs, leading to sparse activation and a large number of parameters.",
        "problem": {
            "definition": "The problem defined in this paper is the difficulty in effectively utilizing Mixture of Experts models due to their complexity and inefficiencies in communication and training stability.",
            "key obstacle": "The core obstacle preventing the effective use of MoE models is the high complexity of routing algorithms and the associated communication costs, which lead to training instability."
        },
        "idea": {
            "intuition": "The idea was inspired by the need to simplify the MoE routing algorithm and reduce the associated costs while maintaining the benefits of sparse activation.",
            "opinion": "The proposed idea is the Switch Transformer, which simplifies the MoE approach and introduces new training techniques to stabilize the training process and improve efficiency.",
            "innovation": "The primary innovation of the Switch Transformer lies in its simplification of the MoE routing algorithm and the ability to train large sparse models with lower precision formats, resulting in significant improvements in training speed and stability."
        },
        "method": {
            "method name": "Switch Transformer",
            "method abbreviation": "ST",
            "method definition": "The Switch Transformer is a model that uses a simplified Mixture of Experts routing algorithm to select parameters for different inputs, thereby achieving sparsity while minimizing communication and computational costs.",
            "method description": "The core of the Switch Transformer method involves using a simplified MoE approach that allows for efficient training of large models with reduced resource requirements.",
            "method steps": "1. Simplify the MoE routing algorithm. 2. Implement training techniques to manage instabilities. 3. Train models using lower precision formats. 4. Evaluate performance across various settings.",
            "principle": "The effectiveness of the Switch Transformer in solving the problem lies in its ability to maintain a constant computational cost while leveraging a large number of parameters through sparse activation."
        },
        "experiments": {
            "evaluation setting": "The experiments were conducted using models based on T5-Base and T5-Large, with evaluations performed on the Colossal Clean Crawled Corpus and comparisons made with the mT5-Base version across 101 languages.",
            "evaluation method": "The evaluation method involved measuring pre-training speed and performance metrics, specifically assessing the improvements in training speed and resource efficiency."
        },
        "conclusion": "The outcomes of the experiments demonstrate that the Switch Transformer achieves significant improvements in pre-training speed and stability, enabling the training of trillion parameter models more efficiently than previous methods.",
        "discussion": {
            "advantage": "The key advantages of the Switch Transformer include its simplification of the MoE routing process, reduced communication costs, and ability to train large models with lower precision, leading to faster training times.",
            "limitation": "A limitation of the Switch Transformer may include potential challenges in fully utilizing the sparsity of parameters in certain applications or tasks.",
            "future work": "Future work could focus on exploring further optimizations of the routing algorithm, investigating the application of the Switch Transformer in diverse domains, and enhancing its scalability."
        },
        "other info": {}
    },
    "mount_outline": [
        {
            "section number": "3.1",
            "key information": "The Switch Transformer is a model that uses a simplified Mixture of Experts routing algorithm to select parameters for different inputs, thereby achieving sparsity while minimizing communication and computational costs."
        },
        {
            "section number": "3.3",
            "key information": "The primary innovation of the Switch Transformer lies in its simplification of the MoE routing algorithm and the ability to train large sparse models with lower precision formats, resulting in significant improvements in training speed and stability."
        },
        {
            "section number": "4.1",
            "key information": "The core of the Switch Transformer method involves using a simplified MoE approach that allows for efficient training of large models with reduced resource requirements."
        },
        {
            "section number": "4.5",
            "key information": "The effectiveness of the Switch Transformer in solving the problem lies in its ability to maintain a constant computational cost while leveraging a large number of parameters through sparse activation."
        },
        {
            "section number": "7.2",
            "key information": "The core obstacle preventing the effective use of MoE models is the high complexity of routing algorithms and the associated communication costs, which lead to training instability."
        }
    ],
    "similarity_score": null,
    "image": null,
    "path": "/home/liudingyuan/code/SurveyX/code/SurveyX-main/outputs/t1b/papers/Switch transformers_ Scaling to trillion parameter models with simple and efficient sparsity.json"
}