{
    "from": null,
    "scholar_id": null,
    "detail_id": null,
    "title": "The fineweb datasets: Decanting the web for the finest text data at scale",
    "abstract": "The performance of a large language model (LLM) depends heavily on the quality and size of its pretraining dataset. However, the pretraining datasets for state-of-the-art open LLMs like Llama 3 and Mixtral are not publicly available and very little is known about how they were created. In this work, we introduce FineWeb, a 15-trillion token dataset derived from 96 Common Crawl snapshots that produces better-performing LLMs than other open pretraining datasets. To advance the understanding of how best to curate high-quality pretraining datasets, we carefully document and ablate all of the design choices used in FineWeb, including in-depth investigations of deduplication and filtering strategies. In addition, we introduce FineWeb-Edu, a 1.3-trillion token collection of educational text filtered from FineWeb. LLMs pretrained on FineWeb-Edu exhibit dramatically better performance on knowledge- and reasoning-intensive benchmarks like MMLU and ARC. Along with our datasets, we publicly release our data curation codebase and all of the models trained during our ablation experiments.",
    "arxivid": "2406.17557v2",
    "bib_name": "Thefineweb126",
    "md_text": "# The fineweb datasets: Decanting the web for the finest text data at scale\n\n\nabstract\n\nThe performance of a large language model (LLM) depends heavily on the quality and size of its pretraining dataset. However, the pretraining datasets for state-of-the-art open LLMs like Llama 3 and Mixtral are not publicly available and very little is known about how they were created. In this work, we introduce FineWeb, a 15-trillion token dataset derived from 96 Common Crawl snapshots that produces better-performing LLMs than other open pretraining datasets. To advance the understanding of how best to curate high-quality pretraining datasets, we carefully document and ablate all of the design choices used in FineWeb, including in-depth investigations of deduplication and filtering strategies. In addition, we introduce FineWeb-Edu, a 1.3-trillion token collection of educational text filtered from FineWeb. LLMs pretrained on FineWeb-Edu exhibit dramatically better performance on knowledge- and reasoning-intensive benchmarks like MMLU and ARC. Along with our datasets, we publicly release our data curation codebase and all of the models trained during our ablation experiments.",
    "paper_type": "benchmark",
    "attri": {
        "background": "The paper addresses the challenge of pretraining large language models (LLMs) with high-quality datasets, highlighting the lack of transparency and availability of existing datasets used for state-of-the-art LLMs.",
        "problem": {
            "definition": "The benchmark is designed to address the problem of insufficient quality and transparency in pretraining datasets for LLMs.",
            "key obstacle": "Existing benchmarks do not adequately evaluate the effectiveness of dataset curation methods or provide access to the datasets used for training state-of-the-art models."
        },
        "idea": {
            "intuition": "The creation of the FineWeb benchmark stems from the observation that the quality of pretraining datasets significantly impacts LLM performance.",
            "opinion": "The authors emphasize the importance of FineWeb for advancing the field of LLMs by providing a high-quality, transparent dataset.",
            "innovation": "FineWeb differs from previous benchmarks by introducing a large-scale dataset derived from multiple Common Crawl snapshots, along with detailed documentation of its curation process.",
            "benchmark abbreviation": "FineWeb"
        },
        "dataset": {
            "source": "The dataset was created from 96 Common Crawl snapshots, focusing on high-quality text data.",
            "desc": "FineWeb consists of a 15-trillion token dataset, while FineWeb-Edu is a 1.3-trillion token subset focused on educational content.",
            "content": "The dataset includes text data relevant for training LLMs, particularly in knowledge and reasoning tasks.",
            "size": "15,000,000,000,000",
            "domain": "Natural Language Processing",
            "task format": "Pretraining"
        },
        "metrics": {
            "metric name": "MMLU, ARC",
            "aspect": "Model performance on knowledge and reasoning tasks.",
            "principle": "Metrics were chosen based on their relevance to evaluating LLM capabilities in understanding and reasoning.",
            "procedure": "Models were evaluated using the chosen metrics after being pretrained on the FineWeb datasets."
        },
        "experiments": {
            "model": "Models pretrained on FineWeb and FineWeb-Edu, including state-of-the-art LLMs.",
            "procedure": "The models were trained using the datasets with specific parameters and curation strategies documented.",
            "result": "Models pretrained on FineWeb-Edu exhibited significantly better performance on benchmarks compared to those trained on other datasets.",
            "variability": "Variability was accounted for through comprehensive ablation studies and multiple training runs."
        },
        "conclusion": "The introduction of FineWeb and FineWeb-Edu demonstrates the potential for improved LLM performance through high-quality dataset curation, with significant implications for future research in the field.",
        "discussion": {
            "advantage": "FineWeb provides a transparent and scalable dataset that enhances the training of LLMs, contributing to better model performance.",
            "limitation": "The reliance on Common Crawl data may introduce biases present in the web content, which could affect the generalizability of the models.",
            "future work": "Future research could explore further refinements in dataset curation and the development of additional specialized datasets."
        },
        "other info": {
            "data curation codebase": "Publicly released alongside the datasets to facilitate reproducibility and further research."
        }
    },
    "mount_outline": [
        {
            "section number": "2.1",
            "key information": "The paper defines large language models (LLMs) as models that require high-quality datasets for effective pretraining, highlighting the significance of dataset quality in their performance."
        },
        {
            "section number": "2.3",
            "key information": "The paper explores the limitations of traditional models, specifically noting that existing benchmarks do not adequately evaluate the effectiveness of dataset curation methods or provide access to the datasets used for training state-of-the-art models."
        },
        {
            "section number": "3.1",
            "key information": "The paper discusses improvements in data utilization through the introduction of the FineWeb benchmark, which is derived from 96 Common Crawl snapshots and focuses on high-quality text data for LLM pretraining."
        },
        {
            "section number": "3.6",
            "key information": "The paper highlights the emergent abilities of models pretrained on the FineWeb datasets, demonstrating significantly better performance on knowledge and reasoning tasks compared to those trained on other datasets."
        },
        {
            "section number": "7.1",
            "key information": "The paper discusses bias and ethical concerns, noting that the reliance on Common Crawl data may introduce biases present in the web content, potentially affecting the generalizability of the models."
        },
        {
            "section number": "8",
            "key information": "The conclusion emphasizes the potential for improved LLM performance through high-quality dataset curation, with significant implications for future research in the field."
        }
    ],
    "similarity_score": null,
    "image": null,
    "path": "/home/liudingyuan/code/SurveyX/code/SurveyX-main/outputs/t1b/papers/The fineweb datasets_ Decanting the web for the finest text data at scale.json"
}