{
    "from": null,
    "scholar_id": null,
    "detail_id": null,
    "title": "Training a helpful and harmless assistant with reinforcement learning from human feedback",
    "abstract": "We apply preference modeling and reinforcement learning from human feedback (RLHF) to \ufb01netune language models to act as helpful and harmless assistants. We \ufb01nd this alignment training improves performance on almost all NLP evaluations, and is fully compatible with training for specialized skills such as python coding and summarization. We explore an iterated online mode of training, where preference models and RL policies are updated on a weekly cadence with fresh human feedback data, ef\ufb01ciently improving our datasets and models. Finally, we investigate the robustness of RLHF training, and identify a roughly linear relation between the RL reward and the square root of the KL divergence between the policy and its initialization. Alongside our main results, we perform peripheral analyses on calibration, competing objectives, and the use of OOD detection, compare our models with human writers, and provide samples from our models using prompts appearing in recent related work. Figure These plots show that PM accuracy decreases as we focus exclusively on comparisons between pairs of samples with high score. We have normalized all preference models to have the same mean score on a held-out dataset so that they\u2019re directly comparable, and then plotted accuracy for the comparisons where both samples have scores above a speci\ufb01c threshold.",
    "arxivid": "2204.05862v1",
    "bib_name": "Trainingah100",
    "md_text": "# Training a helpful and harmless assistant with reinforcement learning from human feedback\n\n\nabstract\n\nWe apply preference modeling and reinforcement learning from human feedback (RLHF) to \ufb01netune language models to act as helpful and harmless assistants. We \ufb01nd this alignment training improves performance on almost all NLP evaluations, and is fully compatible with training for specialized skills such as python coding and summarization. We explore an iterated online mode of training, where preference models and RL policies are updated on a weekly cadence with fresh human feedback data, ef\ufb01ciently improving our datasets and models. Finally, we investigate the robustness of RLHF training, and identify a roughly linear relation between the RL reward and the square root of the KL divergence between the policy and its initialization. Alongside our main results, we perform peripheral analyses on calibration, competing objectives, and the use of OOD detection, compare our models with human writers, and provide samples from our models using prompts appearing in recent related work. Figure These plots show that PM accuracy decreases as we focus exclusively on comparisons between pairs of samples with high score. We have normalized all preference models to have the same mean score on a held-out dataset so that they\u2019re directly comparable, and then plotted accuracy for the comparisons where both samples have scores above a speci\ufb01c threshold.",
    "paper_type": "method",
    "attri": {
        "background": "This paper addresses the issue of aligning language models to act as helpful and harmless assistants through preference modeling and reinforcement learning from human feedback (RLHF). Previous methods lacked the effectiveness in ensuring that models are both capable and safe, highlighting the necessity for a new approach that integrates human feedback into the training process.",
        "problem": {
            "definition": "The problem is the challenge of training language models that are not only effective in performing tasks but also ensure safety and alignment with human values.",
            "key obstacle": "The core obstacle is the difficulty in balancing model performance with the need to prevent harmful outputs, which existing methods have struggled to achieve."
        },
        "idea": {
            "intuition": "The idea is inspired by the observation that incorporating human feedback can significantly enhance the alignment of language models with desired behaviors.",
            "opinion": "The proposed idea involves using preference modeling combined with RLHF to fine-tune language models, ensuring they act in ways that are both helpful and harmless.",
            "innovation": "The key innovation lies in the iterative online training method that updates preference models and RL policies regularly with fresh human feedback data, allowing for continuous improvement."
        },
        "method": {
            "method name": "Reinforcement Learning from Human Feedback (RLHF)",
            "method abbreviation": "RLHF",
            "method definition": "RLHF is a training approach that uses human feedback to refine language models, ensuring they align with human preferences and act safely.",
            "method description": "The core of the method involves fine-tuning language models through preference modeling, leveraging human feedback to guide their learning.",
            "method steps": "1. Collect human feedback on model outputs. 2. Update preference models based on feedback. 3. Fine-tune language models using RL techniques. 4. Iterate the process with new feedback.",
            "principle": "The effectiveness of this method is underpinned by the relationship between RL reward and the KL divergence between the policy and its initialization, which helps in maintaining model alignment."
        },
        "experiments": {
            "evaluation setting": "Experiments involved evaluating the performance of the RLHF-trained models against various NLP benchmarks, using datasets normalized for direct comparison.",
            "evaluation method": "The evaluation method included measuring model outputs based on human feedback accuracy, comparing performance to baseline models, and conducting analyses on calibration and competing objectives."
        },
        "conclusion": "The outcomes of the experiments demonstrate that RLHF significantly improves model performance across nearly all evaluations, confirming its effectiveness in training helpful and harmless language models.",
        "discussion": {
            "advantage": "The primary advantage of the proposed approach is its ability to continuously incorporate fresh human feedback, leading to improved model performance and alignment over time.",
            "limitation": "A limitation of the method is the reliance on the quality and diversity of human feedback, which may impact the robustness of the training process.",
            "future work": "Future research could explore enhancing feedback collection methods, addressing limitations in model robustness, and investigating additional applications of RLHF in other domains."
        },
        "other info": [
            {
                "info1": "The study includes analyses on calibration and out-of-distribution (OOD) detection.",
                "info2": {
                    "info2.1": "Comparison of models with human writers.",
                    "info2.2": "Sample outputs from the models using prompts from related work."
                }
            }
        ]
    },
    "mount_outline": [
        {
            "section number": "1.1",
            "key information": "The paper addresses the challenge of training language models that ensure safety and alignment with human values, emphasizing the significance of large language models in NLP."
        },
        {
            "section number": "1.2",
            "key information": "The objective of the paper is to present a new approach that integrates human feedback into the training process, aiming to improve model performance and safety."
        },
        {
            "section number": "3.1",
            "key information": "The proposed method, Reinforcement Learning from Human Feedback (RLHF), is a training approach that refines language models using human feedback to ensure alignment with human preferences."
        },
        {
            "section number": "3.3",
            "key information": "The core of the RLHF method involves fine-tuning language models through preference modeling, which leverages human feedback to guide their learning."
        },
        {
            "section number": "3.4",
            "key information": "The iterative online training method updates preference models and RL policies regularly with fresh human feedback data, allowing for continuous improvement."
        },
        {
            "section number": "7.1",
            "key information": "A limitation of the RLHF method is its reliance on the quality and diversity of human feedback, which may impact the robustness of the training process."
        },
        {
            "section number": "8",
            "key information": "The outcomes of the experiments demonstrate that RLHF significantly improves model performance across nearly all evaluations, confirming its effectiveness in training helpful and harmless language models."
        }
    ],
    "similarity_score": null,
    "image": null,
    "path": "/home/liudingyuan/code/SurveyX/code/SurveyX-main/outputs/t1b/papers/Training a helpful and harmless assistant with reinforcement learning from human feedback.json"
}