{
    "from": null,
    "scholar_id": null,
    "detail_id": null,
    "title": "Transcending scaling laws with 0.1% extra compute",
    "abstract": "Scaling language models improves performance but comes with significant computational costs. This paper proposes UL2R, a method that substantially improves existing language models and their scaling curves with a relatively tiny amount of extra compute. The key idea is to continue training a state-of-the-art large language model (e.g., PaLM) on a few more steps with UL2's mixture-of-denoiser objective. We show that, with almost negligible extra computational costs and no new sources of data, we are able to substantially improve the scaling properties of large language models on downstream metrics. In this paper, we continue training PaLM with UL2R, introducing a new set of models at 8B, 62B, and 540B scale which we call U-PaLM. Impressively, at 540B scale, we show an approximately 2x computational savings rate where U-PaLM achieves the same performance as the final PaLM 540B model at around half its computational budget (i.e., saving $\\sim$4.4 million TPUv4 hours). We further show that this improved scaling curve leads to 'emergent abilities' on challenging BIG-Bench tasks -- for instance, U-PaLM does much better than PaLM on some tasks or demonstrates better quality at much smaller scale (62B as opposed to 540B). Overall, we show that U-PaLM outperforms PaLM on many few-shot setups, i.e., English NLP tasks (e.g., commonsense reasoning, question answering), reasoning tasks with chain-of-thought (e.g., GSM8K), multilingual tasks (MGSM, TydiQA), MMLU and challenging BIG-Bench tasks. Finally, we provide qualitative examples showing the new capabilities of U-PaLM for single and multi-span infilling.",
    "arxivid": "2210.11399v2",
    "bib_name": "Transcendi66",
    "md_text": "# Transcending scaling laws with 0.1% extra compute\n\n\nabstract\n\nScaling language models improves performance but comes with significant computational costs. This paper proposes UL2R, a method that substantially improves existing language models and their scaling curves with a relatively tiny amount of extra compute. The key idea is to continue training a state-of-the-art large language model (e.g., PaLM) on a few more steps with UL2's mixture-of-denoiser objective. We show that, with almost negligible extra computational costs and no new sources of data, we are able to substantially improve the scaling properties of large language models on downstream metrics. In this paper, we continue training PaLM with UL2R, introducing a new set of models at 8B, 62B, and 540B scale which we call U-PaLM. Impressively, at 540B scale, we show an approximately 2x computational savings rate where U-PaLM achieves the same performance as the final PaLM 540B model at around half its computational budget (i.e., saving $\\sim$4.4 million TPUv4 hours). We further show that this improved scaling curve leads to 'emergent abilities' on challenging BIG-Bench tasks -- for instance, U-PaLM does much better than PaLM on some tasks or demonstrates better quality at much smaller scale (62B as opposed to 540B). Overall, we show that U-PaLM outperforms PaLM on many few-shot setups, i.e., English NLP tasks (e.g., commonsense reasoning, question answering), reasoning tasks with chain-of-thought (e.g., GSM8K), multilingual tasks (MGSM, TydiQA), MMLU and challenging BIG-Bench tasks. Finally, we provide qualitative examples showing the new capabilities of U-PaLM for single and multi-span infilling.",
    "paper_type": "method",
    "attri": {
        "background": "This paper addresses the issue of computational costs associated with scaling language models, emphasizing the need for a breakthrough method that can enhance performance without significantly increasing resource requirements.",
        "problem": {
            "definition": "The paper aims to solve the problem of inefficient scaling of language models, which leads to high computational costs and limits performance improvements.",
            "key obstacle": "The main difficulty is that existing methods require extensive computational resources to achieve better performance, making them impractical for widespread use."
        },
        "idea": {
            "intuition": "The idea is inspired by the observation that continuing training on a state-of-the-art model with a specific objective can yield significant performance improvements with minimal additional cost.",
            "opinion": "The proposed idea, UL2R, involves extending the training of large language models using UL2's mixture-of-denoiser objective to enhance their scaling properties.",
            "innovation": "The primary innovation of this method is its ability to improve the scaling curves of large language models while using only a small fraction of the additional computational resources compared to existing methods."
        },
        "method": {
            "method name": "UL2R",
            "method abbreviation": "UL2R",
            "method definition": "UL2R is a method that involves continuing the training of a large language model using a mixture-of-denoiser objective to enhance its performance without requiring new data.",
            "method description": "The core of the UL2R method is to continue training a pre-existing large language model for a few more steps to improve its scaling properties.",
            "method steps": "1. Select a state-of-the-art language model (e.g., PaLM). 2. Apply UL2's mixture-of-denoiser objective. 3. Continue training the model for additional steps. 4. Evaluate the performance on downstream tasks.",
            "principle": "The effectiveness of this method lies in its ability to leverage existing training data and model architecture while making efficient use of computational resources to achieve better performance."
        },
        "experiments": {
            "evaluation setting": "The experiments involved training U-PaLM models at scales of 8B, 62B, and 540B, comparing their performance against the original PaLM model on various downstream tasks.",
            "evaluation method": "Performance was assessed by measuring the models' effectiveness on few-shot setups across multiple benchmarks, including English NLP tasks and reasoning tasks."
        },
        "conclusion": "The experiments demonstrate that U-PaLM significantly outperforms the original PaLM model on many tasks, achieving comparable performance with reduced computational costs and showcasing new capabilities in language understanding.",
        "discussion": {
            "advantage": "The key advantages of UL2R include substantial computational savings while maintaining or improving performance, leading to enhanced scaling properties of language models.",
            "limitation": "A potential limitation of the method may be its reliance on the initial model's quality and architecture, as improvements are contingent upon the base model's capabilities.",
            "future work": "Future research could explore further optimizations of the training process, the application of UL2R to different model architectures, and the exploration of additional tasks that could benefit from this approach."
        },
        "other info": []
    },
    "mount_outline": [
        {
            "section number": "3.1",
            "key information": "The proposed method, UL2R, involves continuing the training of large language models using UL2's mixture-of-denoiser objective to enhance performance without requiring new data."
        },
        {
            "section number": "3.4",
            "key information": "The UL2R method demonstrates substantial computational savings while maintaining or improving performance, leading to enhanced scaling properties of language models."
        },
        {
            "section number": "3.6",
            "key information": "The experiments show that U-PaLM significantly outperforms the original PaLM model on many tasks, achieving comparable performance with reduced computational costs and showcasing new capabilities in language understanding."
        },
        {
            "section number": "7.2",
            "key information": "The main difficulty identified is that existing methods require extensive computational resources to achieve better performance, making them impractical for widespread use."
        },
        {
            "section number": "7.4",
            "key information": "A potential limitation of the UL2R method may be its reliance on the initial model's quality and architecture, as improvements are contingent upon the base model's capabilities."
        }
    ],
    "similarity_score": null,
    "image": null,
    "path": "/home/liudingyuan/code/SurveyX/code/SurveyX-main/outputs/t1b/papers/Transcending scaling laws with 0.1% extra compute.json"
}