{
    "from": null,
    "scholar_id": null,
    "detail_id": null,
    "title": "Transformer-xl: Attentive language models beyond a fixed-length context",
    "abstract": "Transformers have a potential of learning longer-term dependency, but are limited by a fixed-length context in the setting of language modeling. We propose a novel neural architecture Transformer-XL that enables learning dependency beyond a fixed length without disrupting temporal coherence. It consists of a segment-level recurrence mechanism and a novel positional encoding scheme. Our method not only enables capturing longer-term dependency, but also resolves the context fragmentation problem. As a result, Transformer-XL learns dependency that is 80% longer than RNNs and 450% longer than vanilla Transformers, achieves better performance on both short and long sequences, and is up to 1,800+ times faster than vanilla Transformers during evaluation. Notably, we improve the state-of-the-art results of bpc/perplexity to 0.99 on enwiki8, 1.08 on text8, 18.3 on WikiText-103, 21.8 on One Billion Word, and 54.5 on Penn Treebank (without finetuning). When trained only on WikiText-103, Transformer-XL manages to generate reasonably coherent, novel text articles with thousands of tokens. Our code, pretrained models, and hyperparameters are available in both Tensorflow and PyTorch.",
    "arxivid": "1901.02860v3",
    "bib_name": "Transforme176",
    "md_text": "# Transformer-xl: Attentive language models beyond a fixed-length context\n\n\nabstract\n\nTransformers have a potential of learning longer-term dependency, but are limited by a fixed-length context in the setting of language modeling. We propose a novel neural architecture Transformer-XL that enables learning dependency beyond a fixed length without disrupting temporal coherence. It consists of a segment-level recurrence mechanism and a novel positional encoding scheme. Our method not only enables capturing longer-term dependency, but also resolves the context fragmentation problem. As a result, Transformer-XL learns dependency that is 80% longer than RNNs and 450% longer than vanilla Transformers, achieves better performance on both short and long sequences, and is up to 1,800+ times faster than vanilla Transformers during evaluation. Notably, we improve the state-of-the-art results of bpc/perplexity to 0.99 on enwiki8, 1.08 on text8, 18.3 on WikiText-103, 21.8 on One Billion Word, and 54.5 on Penn Treebank (without finetuning). When trained only on WikiText-103, Transformer-XL manages to generate reasonably coherent, novel text articles with thousands of tokens. Our code, pretrained models, and hyperparameters are available in both Tensorflow and PyTorch.",
    "paper_type": "method",
    "attri": {
        "background": "This paper addresses the issue of limited context length in language modeling with Transformers, which hinders the ability to learn longer-term dependencies. Previous methods have struggled with this limitation, necessitating a new approach to enhance performance in language tasks.",
        "problem": {
            "definition": "The problem is the fixed-length context limitation in Transformers, which restricts their capability to capture long-range dependencies in language modeling.",
            "key obstacle": "The core obstacle is the context fragmentation that occurs with fixed-length sequences, preventing effective learning of dependencies beyond a certain length."
        },
        "idea": {
            "intuition": "The idea is inspired by the need for a mechanism that allows for longer-term dependency learning without losing the temporal coherence of sequences.",
            "opinion": "The proposed idea is Transformer-XL, a novel neural architecture that incorporates a segment-level recurrence mechanism and a new positional encoding scheme to address the fixed-length context limitation.",
            "innovation": "The primary innovation lies in enabling the model to learn dependencies that are significantly longer than those captured by existing methods, with improvements in both efficiency and performance."
        },
        "method": {
            "method name": "Transformer-XL",
            "method abbreviation": "TXL",
            "method definition": "Transformer-XL is a neural architecture designed to learn dependencies beyond a fixed length by utilizing a segment-level recurrence mechanism and a novel positional encoding scheme.",
            "method description": "The core of the method involves segment-level recurrence that allows for the processing of longer sequences while maintaining coherence.",
            "principle": "The method is effective due to its ability to maintain temporal coherence while extending the context length, allowing for improved learning of long-term dependencies."
        },
        "experiments": {
            "evaluation setting": "The evaluation was conducted on datasets such as enwiki8, text8, WikiText-103, One Billion Word, and Penn Treebank, comparing performance against baseline methods.",
            "evaluation method": "The performance was assessed using metrics like bits per character (bpc) and perplexity, measuring how well the model predicts the next token in a sequence."
        },
        "conclusion": "The experiments demonstrate that Transformer-XL achieves significant improvements in learning long-term dependencies, outperforming previous state-of-the-art results and providing efficient processing of longer sequences.",
        "discussion": {
            "advantage": "Key advantages include the ability to learn longer dependencies, improved performance on both short and long sequences, and a significant increase in evaluation speed compared to vanilla Transformers.",
            "limitation": "One limitation is that the method may still face challenges with extremely long sequences or specific types of language tasks that require different handling.",
            "future work": "Future research could explore further enhancements to the recurrence mechanism and positional encoding, as well as applications of Transformer-XL in various language modeling tasks."
        },
        "other info": []
    },
    "mount_outline": [
        {
            "section number": "2.3",
            "key information": "The problem is the fixed-length context limitation in Transformers, which restricts their capability to capture long-range dependencies in language modeling."
        },
        {
            "section number": "3.1",
            "key information": "The proposed idea is Transformer-XL, a novel neural architecture that incorporates a segment-level recurrence mechanism and a new positional encoding scheme to address the fixed-length context limitation."
        },
        {
            "section number": "3.3",
            "key information": "The core of the method involves segment-level recurrence that allows for the processing of longer sequences while maintaining coherence."
        },
        {
            "section number": "3.4",
            "key information": "Key advantages include the ability to learn longer dependencies, improved performance on both short and long sequences, and a significant increase in evaluation speed compared to vanilla Transformers."
        },
        {
            "section number": "7.4",
            "key information": "One limitation is that the method may still face challenges with extremely long sequences or specific types of language tasks that require different handling."
        }
    ],
    "similarity_score": null,
    "image": null,
    "path": "/home/liudingyuan/code/SurveyX/code/SurveyX-main/outputs/t1b/papers/Transformer-xl_ Attentive language models beyond a fixed-length context.json"
}