{
    "from": null,
    "scholar_id": null,
    "detail_id": null,
    "title": "Truncation sampling as language model desmoothing",
    "abstract": "Long samples of text from neural language models can be of poor quality. Truncation sampling algorithms--like top-$p$ or top-$k$ -- address this by setting some words' probabilities to zero at each step. This work provides framing for the aim of truncation, and an improved algorithm for that aim. We propose thinking of a neural language model as a mixture of a true distribution and a smoothing distribution that avoids infinite perplexity. In this light, truncation algorithms aim to perform desmoothing, estimating a subset of the support of the true distribution. Finding a good subset is crucial: we show that top-$p$ unnecessarily truncates high-probability words, for example causing it to truncate all words but Trump for a document that starts with Donald. We introduce $\\eta$-sampling, which truncates words below an entropy-dependent probability threshold. Compared to previous algorithms, $\\eta$-sampling generates more plausible long English documents according to humans, is better at breaking out of repetition, and behaves more reasonably on a battery of test distributions.",
    "arxivid": "2210.15191v1",
    "bib_name": "Truncation191",
    "md_text": "# Truncation sampling as language model desmoothing\n\n\nabstract\n\nLong samples of text from neural language models can be of poor quality. Truncation sampling algorithms--like top-$p$ or top-$k$ -- address this by setting some words' probabilities to zero at each step. This work provides framing for the aim of truncation, and an improved algorithm for that aim. We propose thinking of a neural language model as a mixture of a true distribution and a smoothing distribution that avoids infinite perplexity. In this light, truncation algorithms aim to perform desmoothing, estimating a subset of the support of the true distribution. Finding a good subset is crucial: we show that top-$p$ unnecessarily truncates high-probability words, for example causing it to truncate all words but Trump for a document that starts with Donald. We introduce $\\eta$-sampling, which truncates words below an entropy-dependent probability threshold. Compared to previous algorithms, $\\eta$-sampling generates more plausible long English documents according to humans, is better at breaking out of repetition, and behaves more reasonably on a battery of test distributions.",
    "paper_type": "method",
    "attri": null,
    "mount_outline": [
        {
            "section number": "1.1",
            "key information": "Large language models have revolutionized natural language processing by enabling more accurate and context-aware text generation and understanding."
        },
        {
            "section number": "1.2",
            "key information": "The survey aims to synthesize recent advancements in large language models, focusing on their architecture, training methodologies, and practical applications."
        },
        {
            "section number": "1.3",
            "key information": "The emphasis is placed on transformer models and neural networks due to their significant contributions to the performance of large language models."
        },
        {
            "section number": "2.1",
            "key information": "Large language models are defined as neural network-based models that are trained on vast amounts of text data to perform various natural language tasks."
        },
        {
            "section number": "2.2",
            "key information": "The historical development of large language models includes milestones such as the introduction of recurrent neural networks and the transition to transformer architectures."
        },
        {
            "section number": "3.1",
            "key information": "Recent advancements in data utilization have led to improved training methodologies that enhance the efficiency of large language models."
        },
        {
            "section number": "3.2",
            "key information": "Architectural innovations, such as self-attention mechanisms, have significantly improved the capabilities of large language models."
        },
        {
            "section number": "5.1",
            "key information": "Neural networks are integrated with transformer models to enhance the processing of human language, contributing to improved model performance."
        },
        {
            "section number": "6.2",
            "key information": "Large language models are extensively used in conversational agents, providing more natural and context-aware interactions."
        },
        {
            "section number": "7.1",
            "key information": "Bias and ethical concerns are critical issues in the deployment of large language models, impacting their fairness and reliability."
        },
        {
            "section number": "8",
            "key information": "The conclusion emphasizes the transformative role of large language models in natural language processing and suggests areas for future research, such as improving model fairness and efficiency."
        }
    ],
    "similarity_score": null,
    "image": null,
    "path": "/home/liudingyuan/code/SurveyX/code/SurveyX-main/outputs/t1b/papers/Truncation sampling as language model desmoothing.json"
}