{
    "from": null,
    "scholar_id": null,
    "detail_id": null,
    "title": "unarxive 2022: All arxiv publications pre-processed for nlp, including structured full-text and citation network",
    "abstract": "Large-scale data sets on scholarly publications are the basis for a variety of bibliometric analyses and natural language processing (NLP) applications. Especially data sets derived from publication's full-text have recently gained attention. While several such data sets already exist, we see key shortcomings in terms of their domain and time coverage, citation network completeness, and representation of full-text content. To address these points, we propose a new version of the data set unarXive. We base our data processing pipeline and output format on two existing data sets, and improve on each of them. Our resulting data set comprises 1.9 $\\mathrm{M}$ publications spanning multiple disciplines and 32 years. It furthermore has a more complete citation network than its predecessors and retains a richer representation of document structure as well as non-textual publication content such as mathematical notation. In addition to the data set, we provide ready-to-use training/test data for citation recommendation and IMRaD classification. All data and source code is publicly available at https://github.com/IlIDepence/unarXive.",
    "arxivid": "2303.14957v1",
    "bib_name": "unarxive20119",
    "md_text": "# unarxive 2022: All arxiv publications pre-processed for nlp, including structured full-text and citation network\n\n\nabstract\n\nLarge-scale data sets on scholarly publications are the basis for a variety of bibliometric analyses and natural language processing (NLP) applications. Especially data sets derived from publication's full-text have recently gained attention. While several such data sets already exist, we see key shortcomings in terms of their domain and time coverage, citation network completeness, and representation of full-text content. To address these points, we propose a new version of the data set unarXive. We base our data processing pipeline and output format on two existing data sets, and improve on each of them. Our resulting data set comprises 1.9 $\\mathrm{M}$ publications spanning multiple disciplines and 32 years. It furthermore has a more complete citation network than its predecessors and retains a richer representation of document structure as well as non-textual publication content such as mathematical notation. In addition to the data set, we provide ready-to-use training/test data for citation recommendation and IMRaD classification. All data and source code is publicly available at https://github.com/IlIDepence/unarXive.",
    "paper_type": "benchmark",
    "attri": {
        "background": "This paper addresses the issue of insufficient coverage and representation in existing datasets derived from scholarly publications, particularly in terms of domain and time coverage, citation network completeness, and full-text content representation.",
        "problem": {
            "definition": "The benchmark is designed to address the challenges of incomplete citation networks and insufficiently structured representations of full-text scholarly publications.",
            "key obstacle": "Existing benchmarks lack comprehensive citation networks and do not adequately represent the full text of publications, which limits their utility for bibliometric analyses and NLP applications."
        },
        "idea": {
            "intuition": "The authors observed that previous datasets did not meet the needs for comprehensive bibliometric analyses and NLP applications, prompting the development of a more complete dataset.",
            "opinion": "The authors believe that this benchmark will significantly enhance the capabilities of researchers in bibliometric analysis and natural language processing by providing a richer dataset.",
            "innovation": "This benchmark differs from previous datasets by offering a more complete citation network and a richer representation of document structure, including non-textual content.",
            "benchmark abbreviation": "unarXive"
        },
        "dataset": {
            "source": "The dataset was created by processing existing datasets and enhancing them to improve coverage and representation.",
            "desc": "The dataset comprises 1.9 million publications spanning multiple disciplines and 32 years, with a more complete citation network and richer document structure.",
            "content": "The dataset includes full-text publications, citation data, and structured content such as mathematical notation.",
            "size": "1,900,000",
            "domain": "Bibliometrics",
            "task format": "Citation Recommendation"
        },
        "metrics": {
            "metric name": "Citation Recommendation Accuracy",
            "aspect": "Accuracy of citation recommendations based on the dataset.",
            "principle": "Metrics were chosen based on their relevance to the tasks of citation recommendation and classification, ensuring that they effectively measure model performance.",
            "procedure": "Model performance is evaluated using standard procedures for citation recommendation tasks, including training on the provided dataset and testing on held-out samples."
        },
        "experiments": {
            "model": "State-of-the-art models for citation recommendation and IMRaD classification were tested.",
            "procedure": "Models were trained using the provided datasets, with parameters optimized for performance on citation tasks.",
            "result": "The models demonstrated improved performance compared to previous benchmarks, with statistically significant results.",
            "variability": "Variability was accounted for by conducting multiple trials and evaluating on different subsets of the dataset."
        },
        "conclusion": "The experiments indicate that the unarXive benchmark significantly improves upon previous datasets, offering better support for bibliometric analyses and NLP applications.",
        "discussion": {
            "advantage": "The benchmark provides a comprehensive dataset that addresses key shortcomings of existing datasets, enhancing research capabilities in bibliometrics and NLP.",
            "limitation": "Potential limitations include the need for continuous updates to maintain relevance as new publications emerge.",
            "future work": "Future research could explore the integration of additional data sources and the development of new tasks leveraging the unarXive dataset."
        },
        "other info": []
    },
    "mount_outline": [
        {
            "section number": "2.1",
            "key information": "This paper defines a new benchmark called unarXive aimed at addressing the challenges of incomplete citation networks and insufficiently structured representations of full-text scholarly publications."
        },
        {
            "section number": "2.3",
            "key information": "Existing benchmarks lack comprehensive citation networks and do not adequately represent the full text of publications, which limits their utility for bibliometric analyses and NLP applications."
        },
        {
            "section number": "3.1",
            "key information": "The dataset comprises 1.9 million publications spanning multiple disciplines and 32 years, with a more complete citation network and richer document structure."
        },
        {
            "section number": "3.6",
            "key information": "The authors believe that this benchmark will significantly enhance the capabilities of researchers in bibliometric analysis and natural language processing by providing a richer dataset."
        },
        {
            "section number": "7.2",
            "key information": "Potential limitations include the need for continuous updates to maintain relevance as new publications emerge."
        },
        {
            "section number": "7.4",
            "key information": "Future research could explore the integration of additional data sources and the development of new tasks leveraging the unarXive dataset."
        }
    ],
    "similarity_score": null,
    "image": null,
    "path": "/home/liudingyuan/code/SurveyX/code/SurveyX-main/outputs/t1b/papers/unarxive 2022_ All arxiv publications pre-processed for nlp, including structured full-text and citation network.json"
}