{
    "from": null,
    "scholar_id": null,
    "detail_id": null,
    "title": "Unified scaling laws for routed language models",
    "abstract": "The performance of a language model has been shown to be effectively modeled as a power-law in its parameter count. Here we study the scaling behaviors of Routing Networks: architectures that conditionally use only a subset of their parameters while processing an input. For these models, parameter count and computational requirement form two independent axes along which an increase leads to better performance. In this work we derive and justify scaling laws defined on these two variables which generalize those known for standard language models and describe the performance of a wide range of routing architectures trained via three different techniques. Afterwards we provide two applications of these laws: first deriving an Effective Parameter Count along which all models scale at the same rate, and then using the scaling coefficients to give a quantitative comparison of the three routing techniques considered. Our analysis derives from an extensive evaluation of Routing Networks across five orders of magnitude of size, including models with hundreds of experts and hundreds of billions of parameters.",
    "arxivid": "2202.01169v2",
    "bib_name": "Unifiedsca154",
    "md_text": "# Unified scaling laws for routed language models\n\n\nabstract\n\nThe performance of a language model has been shown to be effectively modeled as a power-law in its parameter count. Here we study the scaling behaviors of Routing Networks: architectures that conditionally use only a subset of their parameters while processing an input. For these models, parameter count and computational requirement form two independent axes along which an increase leads to better performance. In this work we derive and justify scaling laws defined on these two variables which generalize those known for standard language models and describe the performance of a wide range of routing architectures trained via three different techniques. Afterwards we provide two applications of these laws: first deriving an Effective Parameter Count along which all models scale at the same rate, and then using the scaling coefficients to give a quantitative comparison of the three routing techniques considered. Our analysis derives from an extensive evaluation of Routing Networks across five orders of magnitude of size, including models with hundreds of experts and hundreds of billions of parameters.",
    "paper_type": "theory",
    "attri": {
        "background": "This paper addresses the issue of understanding the scaling behaviors of Routing Networks in language models, which conditionally utilize a subset of their parameters to process inputs, and how their performance can be modeled as a power-law in relation to parameter count.",
        "problem": {
            "definition": "The challenge lies in modeling the performance of Routing Networks as a function of both parameter count and computational requirements, which are treated as independent axes.",
            "key obstacle": "A significant difficulty is the lack of established scaling laws that account for the unique characteristics of Routing Networks compared to standard language models."
        },
        "idea": {
            "intuition": "The idea was inspired by the observation that traditional language models exhibit predictable performance scaling with parameter count.",
            "opinion": "The central idea is to derive scaling laws that apply to Routing Networks, enabling a better understanding of their performance dynamics.",
            "innovation": "The primary improvement over previous methods is the introduction of scaling laws that account for both parameter count and computational requirements, providing a more comprehensive framework for evaluating Routing Networks."
        },
        "Theory": {
            "perspective": "The theoretical perspective considers Routing Networks as architectures that leverage conditional parameter usage, leading to a new understanding of model performance scaling.",
            "opinion": "The assumption is that performance can be effectively quantified through a unified scaling law that incorporates both parameters and computation.",
            "proof": "The proof is derived from empirical evaluations and scaling analyses across a diverse set of Routing Networks, demonstrating the validity of the proposed scaling laws."
        },
        "experiments": {
            "evaluation setting": "The experiments involved evaluating Routing Networks across five orders of magnitude in size, including models with hundreds of experts and billions of parameters, using three different training techniques.",
            "evaluation method": "The evaluation method consisted of deriving Effective Parameter Counts and scaling coefficients to compare the performance of the routing techniques quantitatively."
        },
        "conclusion": "The paper concludes that the derived scaling laws effectively generalize previous findings for standard language models and provide a framework for understanding the performance of Routing Networks.",
        "discussion": {
            "advantage": "The advantage of this paper lies in its comprehensive analysis of Routing Networks, offering new insights into their scaling behavior and performance metrics.",
            "limitation": "A limitation is that the study may not fully capture all nuances of Routing Networks beyond the evaluated architectures and techniques.",
            "future work": "Future work could focus on extending the scaling laws to include additional architectural variations and exploring their implications in real-world applications."
        },
        "other info": []
    },
    "mount_outline": [
        {
            "section number": "2.3",
            "key information": "The challenge lies in modeling the performance of Routing Networks as a function of both parameter count and computational requirements, which are treated as independent axes."
        },
        {
            "section number": "2.1",
            "key information": "This paper addresses the issue of understanding the scaling behaviors of Routing Networks in language models, which conditionally utilize a subset of their parameters to process inputs."
        },
        {
            "section number": "3.2",
            "key information": "The primary improvement over previous methods is the introduction of scaling laws that account for both parameter count and computational requirements, providing a more comprehensive framework for evaluating Routing Networks."
        },
        {
            "section number": "4.1",
            "key information": "The theoretical perspective considers Routing Networks as architectures that leverage conditional parameter usage, leading to a new understanding of model performance scaling."
        },
        {
            "section number": "7.4",
            "key information": "Future work could focus on extending the scaling laws to include additional architectural variations and exploring their implications in real-world applications."
        }
    ],
    "similarity_score": null,
    "image": null,
    "path": "/home/liudingyuan/code/SurveyX/code/SurveyX-main/outputs/t1b/papers/Unified scaling laws for routed language models.json"
}