{
    "from": null,
    "scholar_id": null,
    "detail_id": null,
    "title": "Welm: A well-read pre-trained language model for chinese",
    "abstract": "Large Language Models pre-trained with self-supervised learning have demonstrated impressive zero-shot generalization capabilities on a wide spectrum of tasks. In this work, we present WeLM: a well-read pre-trained language model for Chinese that is able to seamlessly perform different types of tasks with zero or few-shot demonstrations. WeLM is trained with 10B parameters by\"reading\"a curated high-quality corpus covering a wide range of topics. We show that WeLM is equipped with broad knowledge on various domains and languages. On 18 monolingual (Chinese) tasks, WeLM can significantly outperform existing pre-trained models with similar sizes and match the performance of models up to 25 times larger. WeLM also exhibits strong capabilities in multi-lingual and code-switching understanding, outperforming existing multilingual language models pre-trained on 30 languages. Furthermore, We collected human-written prompts for a large set of supervised datasets in Chinese and fine-tuned WeLM with multi-prompted training. The resulting model can attain strong generalization on unseen types of tasks and outperform the unsupervised WeLM in zero-shot learning. Finally, we demonstrate that WeLM has basic skills at explaining and calibrating the decisions from itself, which can be promising directions for future research. Our models can be applied from https://welm.weixin.qq.com/docs/api/.",
    "arxivid": "2209.10372v5",
    "bib_name": "Welm:Awell65",
    "md_text": "# Welm: A well-read pre-trained language model for chinese\n\n\nabstract\n\nLarge Language Models pre-trained with self-supervised learning have demonstrated impressive zero-shot generalization capabilities on a wide spectrum of tasks. In this work, we present WeLM: a well-read pre-trained language model for Chinese that is able to seamlessly perform different types of tasks with zero or few-shot demonstrations. WeLM is trained with 10B parameters by\"reading\"a curated high-quality corpus covering a wide range of topics. We show that WeLM is equipped with broad knowledge on various domains and languages. On 18 monolingual (Chinese) tasks, WeLM can significantly outperform existing pre-trained models with similar sizes and match the performance of models up to 25 times larger. WeLM also exhibits strong capabilities in multi-lingual and code-switching understanding, outperforming existing multilingual language models pre-trained on 30 languages. Furthermore, We collected human-written prompts for a large set of supervised datasets in Chinese and fine-tuned WeLM with multi-prompted training. The resulting model can attain strong generalization on unseen types of tasks and outperform the unsupervised WeLM in zero-shot learning. Finally, we demonstrate that WeLM has basic skills at explaining and calibrating the decisions from itself, which can be promising directions for future research. Our models can be applied from https://welm.weixin.qq.com/docs/api/.",
    "paper_type": "benchmark",
    "attri": {
        "background": "This paper addresses the need for a robust pre-trained language model specifically designed for the Chinese language, aiming to improve zero-shot generalization capabilities across various tasks.",
        "problem": {
            "definition": "The benchmark is designed to evaluate the performance of language models in handling multiple Chinese tasks with minimal or no prior examples.",
            "key obstacle": "Existing benchmarks often lack models that can generalize well across diverse tasks, especially in the context of Chinese language processing."
        },
        "idea": {
            "intuition": "The development of WeLM was inspired by the observation that existing models struggle with zero-shot tasks in Chinese despite their success in other languages.",
            "opinion": "The authors believe that WeLM can significantly impact the field of natural language processing for Chinese by providing a more capable and versatile model.",
            "innovation": "WeLM distinguishes itself by utilizing a curated high-quality corpus and multi-prompted training, leading to superior performance compared to previous models.",
            "benchmark abbreviation": "WeLM"
        },
        "dataset": {
            "source": "The dataset was created by curating a high-quality corpus that encompasses a wide range of topics relevant to Chinese language tasks.",
            "desc": "The dataset is designed to cover various domains and is characterized by its breadth and depth in knowledge representation.",
            "content": "The dataset includes text data relevant to multiple tasks in the Chinese language.",
            "size": "10,000,000,000",
            "domain": "Chinese Language Processing",
            "task format": "Zero-shot learning tasks"
        },
        "metrics": {
            "metric name": "Accuracy, F1-score",
            "aspect": "Model performance across various tasks",
            "principle": "The metrics were chosen to provide a comprehensive evaluation of the model's generalization capabilities and task performance.",
            "procedure": "Model performance was evaluated by applying it to a series of tasks and measuring its accuracy and F1-score against established baselines."
        },
        "experiments": {
            "model": "WeLM was compared against existing pre-trained models of similar sizes and larger models up to 25 times its size.",
            "procedure": "The experimental setup involved training WeLM on a large corpus and fine-tuning it with multi-prompted training techniques.",
            "result": "WeLM significantly outperformed existing models on 18 monolingual Chinese tasks and demonstrated strong zero-shot learning capabilities.",
            "variability": "Variability in results was assessed through multiple trials across different tasks to ensure robustness."
        },
        "conclusion": "The experiments indicate that WeLM is a highly effective pre-trained language model for Chinese, capable of generalizing well across diverse tasks and outperforming existing models.",
        "discussion": {
            "advantage": "The benchmark contributes to the field by providing a model that excels in zero-shot learning and demonstrates strong performance across various Chinese tasks.",
            "limitation": "Potential limitations include the reliance on a curated dataset, which may not cover all possible linguistic nuances.",
            "future work": "Future research could explore further enhancements in model interpretability and the inclusion of more diverse datasets."
        },
        "other info": []
    },
    "mount_outline": [
        {
            "section number": "1.1",
            "key information": "This paper addresses the need for a robust pre-trained language model specifically designed for the Chinese language, aiming to improve zero-shot generalization capabilities across various tasks."
        },
        {
            "section number": "2.1",
            "key information": "The benchmark is designed to evaluate the performance of language models in handling multiple Chinese tasks with minimal or no prior examples."
        },
        {
            "section number": "2.3",
            "key information": "Existing benchmarks often lack models that can generalize well across diverse tasks, especially in the context of Chinese language processing."
        },
        {
            "section number": "3.1",
            "key information": "The development of WeLM was inspired by the observation that existing models struggle with zero-shot tasks in Chinese despite their success in other languages."
        },
        {
            "section number": "3.4",
            "key information": "WeLM distinguishes itself by utilizing a curated high-quality corpus and multi-prompted training, leading to superior performance compared to previous models."
        },
        {
            "section number": "6.1",
            "key information": "WeLM significantly outperformed existing models on 18 monolingual Chinese tasks and demonstrated strong zero-shot learning capabilities."
        },
        {
            "section number": "7.3",
            "key information": "Potential limitations include the reliance on a curated dataset, which may not cover all possible linguistic nuances."
        },
        {
            "section number": "7.4",
            "key information": "Future research could explore further enhancements in model interpretability and the inclusion of more diverse datasets."
        }
    ],
    "similarity_score": null,
    "image": null,
    "path": "/home/liudingyuan/code/SurveyX/code/SurveyX-main/outputs/t1b/papers/Welm_ A well-read pre-trained language model for chinese.json"
}