{
    "from": null,
    "scholar_id": null,
    "detail_id": null,
    "title": "Xlnet: Generalized autoregressive pretraining for language understanding",
    "abstract": "With the capability of modeling bidirectional contexts, denoising autoencoding based pretraining like BERT achieves better performance than pretraining approaches based on autoregressive language modeling. However, relying on corrupting the input with masks, BERT neglects dependency between the masked positions and suffers from a pretrain-finetune discrepancy. In light of these pros and cons, we propose XLNet, a generalized autoregressive pretraining method that (1) enables learning bidirectional contexts by maximizing the expected likelihood over all permutations of the factorization order and (2) overcomes the limitations of BERT thanks to its autoregressive formulation. Furthermore, XLNet integrates ideas from Transformer-XL, the state-of-the-art autoregressive model, into pretraining. Empirically, under comparable experiment settings, XLNet outperforms BERT on 20 tasks, often by a large margin, including question answering, natural language inference, sentiment analysis, and document ranking.",
    "arxivid": "1906.08237v2",
    "bib_name": "Xlnet:Gene177",
    "md_text": "# Xlnet: Generalized autoregressive pretraining for language understanding\n\n\nabstract\n\nWith the capability of modeling bidirectional contexts, denoising autoencoding based pretraining like BERT achieves better performance than pretraining approaches based on autoregressive language modeling. However, relying on corrupting the input with masks, BERT neglects dependency between the masked positions and suffers from a pretrain-finetune discrepancy. In light of these pros and cons, we propose XLNet, a generalized autoregressive pretraining method that (1) enables learning bidirectional contexts by maximizing the expected likelihood over all permutations of the factorization order and (2) overcomes the limitations of BERT thanks to its autoregressive formulation. Furthermore, XLNet integrates ideas from Transformer-XL, the state-of-the-art autoregressive model, into pretraining. Empirically, under comparable experiment settings, XLNet outperforms BERT on 20 tasks, often by a large margin, including question answering, natural language inference, sentiment analysis, and document ranking.",
    "paper_type": "method",
    "attri": {
        "background": "This paper addresses the issue of improving language understanding through pretraining methods, specifically highlighting the limitations of existing methods like BERT, which relies on corrupting input with masks and suffers from pretrain-finetune discrepancies.",
        "problem": {
            "definition": "The problem is the inefficiency of existing pretraining methods in effectively modeling bidirectional contexts and addressing the dependency between masked positions.",
            "key obstacle": "The core obstacle is the reliance on masked input, which neglects the relationships between masked tokens and leads to discrepancies between pretraining and fine-tuning phases."
        },
        "idea": {
            "intuition": "The intuition behind XLNet is to leverage a generalized autoregressive approach that can learn bidirectional contexts without the limitations of masking.",
            "opinion": "XLNet proposes an autoregressive formulation that maximizes expected likelihood over all permutations of the factorization order, allowing for better context modeling.",
            "innovation": "The primary innovation of XLNet lies in its ability to integrate ideas from Transformer-XL, enabling it to outperform BERT by effectively addressing its limitations through a new pretraining strategy."
        },
        "method": {
            "method name": "XLNet",
            "method abbreviation": "XLNet",
            "method definition": "XLNet is a generalized autoregressive pretraining method that models bidirectional contexts by maximizing expected likelihood across all permutations of the input sequence.",
            "method description": "The core of XLNet is its autoregressive approach that captures bidirectional context without masking input tokens.",
            "method steps": "1. Generate all permutations of the input sequence. 2. Compute the expected likelihood for each permutation. 3. Update model parameters based on the likelihood maximization.",
            "principle": "This method is effective because it allows for comprehensive context modeling while overcoming the limitations of masking, leading to improved performance in downstream tasks."
        },
        "experiments": {
            "evaluation setting": "The experiments were conducted under comparable settings to BERT, evaluating XLNet on 20 tasks including question answering, natural language inference, sentiment analysis, and document ranking.",
            "evaluation method": "Performance was assessed by measuring the accuracy and effectiveness of XLNet across the selected tasks and comparing it with BERT."
        },
        "conclusion": "The outcomes demonstrate that XLNet significantly outperforms BERT on various tasks, indicating its effectiveness as a new pretraining method for language understanding.",
        "discussion": {
            "advantage": "The key advantages of XLNet include its ability to model bidirectional contexts effectively and its superior performance across multiple language understanding tasks compared to existing methods.",
            "limitation": "A limitation of XLNet may include increased computational complexity due to the need to consider all permutations during training.",
            "future work": "Future research could focus on optimizing the training process to reduce computational demands and exploring additional applications of XLNet in other domains."
        },
        "other info": []
    },
    "mount_outline": [
        {
            "section number": "3.1",
            "key information": "XLNet is a generalized autoregressive pretraining method that models bidirectional contexts by maximizing expected likelihood across all permutations of the input sequence."
        },
        {
            "section number": "3.2",
            "key information": "The primary innovation of XLNet lies in its ability to integrate ideas from Transformer-XL, enabling it to outperform BERT by effectively addressing its limitations through a new pretraining strategy."
        },
        {
            "section number": "2.3",
            "key information": "The problem is the inefficiency of existing pretraining methods in effectively modeling bidirectional contexts and addressing the dependency between masked positions."
        },
        {
            "section number": "4.1",
            "key information": "The core of XLNet is its autoregressive approach that captures bidirectional context without masking input tokens."
        },
        {
            "section number": "7.2",
            "key information": "A limitation of XLNet may include increased computational complexity due to the need to consider all permutations during training."
        },
        {
            "section number": "8",
            "key information": "The outcomes demonstrate that XLNet significantly outperforms BERT on various tasks, indicating its effectiveness as a new pretraining method for language understanding."
        }
    ],
    "similarity_score": null,
    "image": null,
    "path": "/home/liudingyuan/code/SurveyX/code/SurveyX-main/outputs/t1b/papers/Xlnet_ Generalized autoregressive pretraining for language understanding.json"
}