{
    "from": null,
    "scholar_id": null,
    "detail_id": null,
    "title": "Yarn: Efficient context window extension of large language models",
    "abstract": "Rotary Position Embeddings (RoPE) have been shown to effectively encode positional information in transformer-based language models. However, these models fail to generalize past the sequence length they were trained on. We present YaRN (Yet another RoPE extensioN method), a compute-efficient method to extend the context window of such models, requiring 10x less tokens and 2.5x less training steps than previous methods. Using YaRN, we show that LLaMA models can effectively utilize and extrapolate to context lengths much longer than their original pre-training would allow, while also surpassing previous the state-of-the-art at context window extension. In addition, we demonstrate that YaRN exhibits the capability to extrapolate beyond the limited context of a fine-tuning dataset. The models fine-tuned using YaRN has been made available and reproduced online up to 128k context length at https://github.com/jquesnelle/yarn",
    "arxivid": "2309.00071v2",
    "bib_name": "Yarn:Effic178",
    "md_text": "# Yarn: Efficient context window extension of large language models\n\n\nabstract\n\nRotary Position Embeddings (RoPE) have been shown to effectively encode positional information in transformer-based language models. However, these models fail to generalize past the sequence length they were trained on. We present YaRN (Yet another RoPE extensioN method), a compute-efficient method to extend the context window of such models, requiring 10x less tokens and 2.5x less training steps than previous methods. Using YaRN, we show that LLaMA models can effectively utilize and extrapolate to context lengths much longer than their original pre-training would allow, while also surpassing previous the state-of-the-art at context window extension. In addition, we demonstrate that YaRN exhibits the capability to extrapolate beyond the limited context of a fine-tuning dataset. The models fine-tuned using YaRN has been made available and reproduced online up to 128k context length at https://github.com/jquesnelle/yarn",
    "paper_type": "method",
    "attri": {
        "background": "This paper addresses the issue of extending the context window of transformer-based language models, which traditionally fail to generalize beyond their trained sequence lengths. Previous methods have limitations in terms of token efficiency and training steps, necessitating a new approach.",
        "problem": {
            "definition": "The primary problem is the inability of existing transformer models to effectively utilize context lengths that exceed their training limits.",
            "key obstacle": "The main challenge is the inefficiency of current methods, which require excessive tokens and training steps to extend context windows."
        },
        "idea": {
            "intuition": "The inspiration for YaRN comes from the need for a more efficient way to extend context windows without the heavy computational costs associated with previous methods.",
            "opinion": "YaRN proposes a compute-efficient method that allows transformer models to utilize longer context lengths than originally trained, enhancing their performance significantly.",
            "innovation": "The key innovation of YaRN lies in its ability to extend context windows using 10x fewer tokens and 2.5x fewer training steps compared to existing methods."
        },
        "method": {
            "method name": "YaRN",
            "method abbreviation": "Yet another RoPE extensioN method",
            "method definition": "YaRN is a method designed to efficiently extend the context window of transformer models while minimizing the computational resources required.",
            "method description": "YaRN enables transformer models to effectively extrapolate to much longer context lengths than their original training allowed.",
            "method steps": "The method involves integrating Rotary Position Embeddings with a streamlined training process to enhance context utilization.",
            "principle": "The effectiveness of YaRN is based on its ability to leverage existing positional encoding mechanisms while optimizing resource usage, allowing for greater context length handling."
        },
        "experiments": {
            "evaluation setting": "The experiments utilized LLaMA models and compared the performance of YaRN against previous state-of-the-art methods for context window extension, specifically evaluating up to 128k context length.",
            "evaluation method": "Performance was assessed by measuring the models' ability to utilize extended context lengths and their extrapolation capabilities beyond fine-tuning datasets."
        },
        "conclusion": "The experiments demonstrate that YaRN not only enables significant context length extension but also surpasses previous methods in efficiency and performance, contributing to advancements in transformer model capabilities.",
        "discussion": {
            "advantage": "YaRN stands out due to its high efficiency in token usage and training steps, making it a practical solution for extending context windows in large language models.",
            "limitation": "While effective, YaRN may still encounter challenges in specific applications where extreme context lengths are required or in scenarios with highly variable input data.",
            "future work": "Future research could explore further optimizations of YaRN, potential applications in diverse language tasks, and enhancements to its adaptability across different model architectures."
        },
        "other info": {
            "GitHub link": "https://github.com/jquesnelle/yarn"
        }
    },
    "mount_outline": [
        {
            "section number": "3.2",
            "key information": "YaRN proposes a compute-efficient method that allows transformer models to utilize longer context lengths than originally trained, enhancing their performance significantly."
        },
        {
            "section number": "3.4",
            "key information": "YaRN enables transformer models to effectively extrapolate to much longer context lengths than their original training allowed."
        },
        {
            "section number": "4.1",
            "key information": "The effectiveness of YaRN is based on its ability to leverage existing positional encoding mechanisms while optimizing resource usage, allowing for greater context length handling."
        },
        {
            "section number": "7.2",
            "key information": "YaRN stands out due to its high efficiency in token usage and training steps, making it a practical solution for extending context windows in large language models."
        },
        {
            "section number": "7.4",
            "key information": "While effective, YaRN may still encounter challenges in specific applications where extreme context lengths are required or in scenarios with highly variable input data."
        }
    ],
    "similarity_score": null,
    "image": null,
    "path": "/home/liudingyuan/code/SurveyX/code/SurveyX-main/outputs/t1b/papers/Yarn_ Efficient context window extension of large language models.json"
}