{
    "from": null,
    "scholar_id": null,
    "detail_id": null,
    "title": "A deep relevance matching model for ad-hoc retrieval",
    "abstract": "In recent years, deep neural networks have led to exciting breakthroughs in speech recognition, computer vision, and natural language processing (NLP) tasks. However, there have been few positive results of deep models on ad-hoc retrieval tasks. This is partially due to the fact that many important characteristics of the ad-hoc retrieval task have not been well addressed in deep models yet. Typically, the ad-hoc retrieval task is formalized as a matching problem between two pieces of text in existing work using deep models, and treated equivalent to many NLP tasks such as paraphrase identification, question answering and automatic conversation. However, we argue that the ad-hoc retrieval task is mainly about relevance matching while most NLP matching tasks concern semantic matching, and there are some fundamental differences between these two matching tasks. Successful relevance matching requires proper handling of the exact matching signals, query term importance, and diverse matching requirements. In this paper, we propose a novel deep relevance matching model (DRMM) for ad-hoc retrieval. Specifically, our model employs a joint deep architecture at the query term level for relevance matching. By using matching histogram mapping, a feed forward matching network, and a term gating network, we can effectively deal with the three relevance matching factors mentioned above. Experimental results on two representative benchmark collections show that our model can significantly outperform some well-known retrieval models as well as state-of-the-art deep matching models.",
    "arxivid": "1711.08611v1",
    "bib_name": "Adeeprelev11",
    "md_text": "# A deep relevance matching model for ad-hoc retrieval\n\n\nabstract\n\nIn recent years, deep neural networks have led to exciting breakthroughs in speech recognition, computer vision, and natural language processing (NLP) tasks. However, there have been few positive results of deep models on ad-hoc retrieval tasks. This is partially due to the fact that many important characteristics of the ad-hoc retrieval task have not been well addressed in deep models yet. Typically, the ad-hoc retrieval task is formalized as a matching problem between two pieces of text in existing work using deep models, and treated equivalent to many NLP tasks such as paraphrase identification, question answering and automatic conversation. However, we argue that the ad-hoc retrieval task is mainly about relevance matching while most NLP matching tasks concern semantic matching, and there are some fundamental differences between these two matching tasks. Successful relevance matching requires proper handling of the exact matching signals, query term importance, and diverse matching requirements. In this paper, we propose a novel deep relevance matching model (DRMM) for ad-hoc retrieval. Specifically, our model employs a joint deep architecture at the query term level for relevance matching. By using matching histogram mapping, a feed forward matching network, and a term gating network, we can effectively deal with the three relevance matching factors mentioned above. Experimental results on two representative benchmark collections show that our model can significantly outperform some well-known retrieval models as well as state-of-the-art deep matching models.",
    "paper_type": "method",
    "attri": {
        "background": "This paper addresses the issue of deep neural networks' limited success in ad-hoc retrieval tasks, highlighting the inadequacies of existing methods that treat ad-hoc retrieval as a semantic matching problem rather than focusing on relevance matching.",
        "problem": {
            "definition": "The problem is the ineffective application of deep learning models in ad-hoc retrieval, which requires a different approach than typical semantic matching tasks.",
            "key obstacle": "The core obstacle is the failure of existing methods to properly handle exact matching signals, query term importance, and diverse matching requirements inherent in ad-hoc retrieval."
        },
        "idea": {
            "intuition": "The idea is inspired by the recognition that ad-hoc retrieval fundamentally differs from other NLP tasks, necessitating a model that prioritizes relevance matching over semantic matching.",
            "opinion": "The proposed idea is a deep relevance matching model (DRMM) that focuses specifically on relevance matching by addressing the unique challenges of ad-hoc retrieval.",
            "innovation": "The key innovation of the DRMM is its joint deep architecture at the query term level, which utilizes matching histogram mapping, a feed forward matching network, and a term gating network to enhance relevance matching."
        },
        "method": {
            "method name": "Deep Relevance Matching Model",
            "method abbreviation": "DRMM",
            "method definition": "DRMM is a model designed to improve ad-hoc retrieval by focusing on relevance matching through a specialized architecture that incorporates various matching factors.",
            "method description": "The core of the DRMM method involves leveraging a joint deep architecture to effectively handle relevance matching in ad-hoc retrieval tasks.",
            "method steps": "1. Employ matching histogram mapping; 2. Utilize a feed forward matching network; 3. Implement a term gating network.",
            "principle": "The effectiveness of DRMM lies in its ability to address the specific requirements of relevance matching, allowing it to outperform traditional semantic matching approaches."
        },
        "experiments": {
            "evaluation setting": "The experimental setup includes two representative benchmark collections for ad-hoc retrieval, with comparisons made against well-known retrieval models and state-of-the-art deep matching models.",
            "evaluation method": "Performance assessment was conducted by measuring retrieval effectiveness and analyzing the results against baseline methods."
        },
        "conclusion": "The experimental results demonstrate that the DRMM significantly outperforms existing retrieval models and deep matching models, validating its effectiveness in addressing the challenges of ad-hoc retrieval.",
        "discussion": {
            "advantage": "The key advantages of DRMM include its focused approach to relevance matching, which allows for better handling of exact matching signals and query term importance.",
            "limitation": "One limitation of the DRMM may be its reliance on specific architectural components that could restrict flexibility or generalizability to other retrieval tasks.",
            "future work": "Future research could explore improvements in the model's architecture and its applicability to other domains beyond ad-hoc retrieval."
        },
        "other info": {}
    },
    "mount_outline": [
        {
            "section number": "2.2",
            "key information": "The problem is the ineffective application of deep learning models in ad-hoc retrieval, which requires a different approach than typical semantic matching tasks."
        },
        {
            "section number": "3.1",
            "key information": "The proposed idea is a deep relevance matching model (DRMM) that focuses specifically on relevance matching by addressing the unique challenges of ad-hoc retrieval."
        },
        {
            "section number": "4",
            "key information": "The core of the DRMM method involves leveraging a joint deep architecture to effectively handle relevance matching in ad-hoc retrieval tasks."
        },
        {
            "section number": "4.2",
            "key information": "The experimental results demonstrate that the DRMM significantly outperforms existing retrieval models and deep matching models, validating its effectiveness in addressing the challenges of ad-hoc retrieval."
        },
        {
            "section number": "6.2",
            "key information": "One limitation of the DRMM may be its reliance on specific architectural components that could restrict flexibility or generalizability to other retrieval tasks."
        }
    ],
    "similarity_score": null,
    "image": null,
    "path": "/home/liudingyuan/code/SurveyX/code/SurveyX-main/outputs/t10/papers/A deep relevance matching model for ad-hoc retrieval.json"
}