{
    "from": null,
    "scholar_id": null,
    "detail_id": null,
    "title": "A neural corpus indexer for document retrieval",
    "abstract": "Current state-of-the-art document retrieval solutions mainly follow an index-retrieve paradigm, where the index is hard to be directly optimized for the final retrieval target. In this paper, we aim to show that an end-to-end deep neural network unifying training and indexing stages can significantly improve the recall performance of traditional methods. To this end, we propose Neural Corpus Indexer (NCI), a sequence-to-sequence network that generates relevant document identifiers directly for a designated query. To optimize the recall performance of NCI, we invent a prefix-aware weight-adaptive decoder architecture, and leverage tailored techniques including query generation, semantic document identifiers, and consistency-based regularization. Empirical studies demonstrated the superiority of NCI on two commonly used academic benchmarks, achieving +21.4% and +16.8% relative enhancement for Recall@1 on NQ320k dataset and R-Precision on TriviaQA dataset, respectively, compared to the best baseline method.",
    "arxivid": "2206.02743v3",
    "bib_name": "Aneuralcor87",
    "md_text": "# A neural corpus indexer for document retrieval\n\n\nabstract\n\nCurrent state-of-the-art document retrieval solutions mainly follow an index-retrieve paradigm, where the index is hard to be directly optimized for the final retrieval target. In this paper, we aim to show that an end-to-end deep neural network unifying training and indexing stages can significantly improve the recall performance of traditional methods. To this end, we propose Neural Corpus Indexer (NCI), a sequence-to-sequence network that generates relevant document identifiers directly for a designated query. To optimize the recall performance of NCI, we invent a prefix-aware weight-adaptive decoder architecture, and leverage tailored techniques including query generation, semantic document identifiers, and consistency-based regularization. Empirical studies demonstrated the superiority of NCI on two commonly used academic benchmarks, achieving +21.4% and +16.8% relative enhancement for Recall@1 on NQ320k dataset and R-Precision on TriviaQA dataset, respectively, compared to the best baseline method.",
    "paper_type": "method",
    "attri": {
        "background": "Current state-of-the-art document retrieval solutions mainly follow an index-retrieve paradigm, where the index is hard to be directly optimized for the final retrieval target. A new breakthrough is necessary to improve recall performance.",
        "problem": {
            "definition": "The problem addressed is the inefficiency of traditional document retrieval methods that do not optimize the index for retrieval targets.",
            "key obstacle": "The main difficulty is that existing methods operate in a disjointed manner, failing to directly integrate indexing and retrieval processes."
        },
        "idea": {
            "intuition": "The idea was inspired by the observation that an end-to-end approach could unify the training and indexing stages to enhance retrieval performance.",
            "opinion": "The proposed idea, Neural Corpus Indexer (NCI), is a sequence-to-sequence network that directly generates relevant document identifiers for a given query.",
            "innovation": "The primary innovation of NCI lies in its prefix-aware weight-adaptive decoder architecture, which differentiates it from existing methods by optimizing recall performance through a unified approach."
        },
        "method": {
            "method name": "Neural Corpus Indexer",
            "method abbreviation": "NCI",
            "method definition": "NCI is a sequence-to-sequence network designed to generate relevant document identifiers directly from a designated query.",
            "method description": "NCI integrates training and indexing stages in a unified framework to enhance document retrieval.",
            "method steps": "The method involves generating queries, utilizing semantic document identifiers, and applying consistency-based regularization.",
            "principle": "The effectiveness of NCI is based on its ability to optimize recall performance through a cohesive architecture that aligns indexing with retrieval."
        },
        "experiments": {
            "evaluation setting": "Empirical studies were conducted on two academic benchmarks: NQ320k dataset and TriviaQA dataset, comparing NCI against baseline methods.",
            "evaluation method": "Performance was assessed using Recall@1 and R-Precision metrics, demonstrating significant improvements over the best baseline method."
        },
        "conclusion": "The experiments showed that NCI significantly improves recall performance, achieving +21.4% and +16.8% relative enhancement on the NQ320k and TriviaQA datasets, respectively.",
        "discussion": {
            "advantage": "The key advantages of NCI include its end-to-end optimization of indexing and retrieval, leading to improved recall performance.",
            "limitation": "Potential limitations include the reliance on specific datasets for validation, which may not generalize to all retrieval scenarios.",
            "future work": "Future research could explore further refinements to the architecture and its application to diverse retrieval tasks beyond the tested benchmarks."
        },
        "other info": []
    },
    "mount_outline": [
        {
            "section number": "2.2",
            "key information": "The problem addressed is the inefficiency of traditional document retrieval methods that do not optimize the index for retrieval targets."
        },
        {
            "section number": "4",
            "key information": "The proposed idea, Neural Corpus Indexer (NCI), is a sequence-to-sequence network that directly generates relevant document identifiers for a given query."
        },
        {
            "section number": "4.1",
            "key information": "NCI integrates training and indexing stages in a unified framework to enhance document retrieval."
        },
        {
            "section number": "4.2",
            "key information": "Empirical studies were conducted on two academic benchmarks: NQ320k dataset and TriviaQA dataset, comparing NCI against baseline methods."
        },
        {
            "section number": "6.1",
            "key information": "Potential limitations include the reliance on specific datasets for validation, which may not generalize to all retrieval scenarios."
        },
        {
            "section number": "7.1",
            "key information": "Future research could explore further refinements to the architecture and its application to diverse retrieval tasks beyond the tested benchmarks."
        }
    ],
    "similarity_score": null,
    "image": null,
    "path": "/home/liudingyuan/code/SurveyX/code/SurveyX-main/outputs/t10/papers/A neural corpus indexer for document retrieval.json"
}