{
    "from": null,
    "scholar_id": null,
    "detail_id": null,
    "title": "A two-stage adaptation of large language models for text ranking",
    "abstract": "Text ranking is a critical task in information retrieval. Recent advances in pre-trained language models (PLMs), especially large language models (LLMs), present new opportunities for applying them to text ranking. While supervised fine-tuning (SFT) with ranking data has been widely explored to better align PLMs with text ranking goals, previous studies have focused primarily on encoder-only and encoder-decoder PLMs. Research on leveraging decoder-only LLMs for text ranking remains scarce. An exception to this is RankLLaMA, which uses direct SFT to explore LLaMA's potential for text ranking. In this work, we propose a two-stage progressive paradigm to better adapt LLMs to text ranking. First, we conduct continual pre-training (CPT) of LLMs on a large weakly-supervised corpus. Second, we perform SFT, and propose an improved optimization strategy building upon RankLLaMA. Our experimental results on multiple benchmarks show that our approach outperforms previous methods in both in-domain and out-domain scenarios.",
    "arxivid": "2311.16720v3",
    "bib_name": "Atwo-stage93",
    "md_text": "# A two-stage adaptation of large language models for text ranking\n\n\nabstract\n\nText ranking is a critical task in information retrieval. Recent advances in pre-trained language models (PLMs), especially large language models (LLMs), present new opportunities for applying them to text ranking. While supervised fine-tuning (SFT) with ranking data has been widely explored to better align PLMs with text ranking goals, previous studies have focused primarily on encoder-only and encoder-decoder PLMs. Research on leveraging decoder-only LLMs for text ranking remains scarce. An exception to this is RankLLaMA, which uses direct SFT to explore LLaMA's potential for text ranking. In this work, we propose a two-stage progressive paradigm to better adapt LLMs to text ranking. First, we conduct continual pre-training (CPT) of LLMs on a large weakly-supervised corpus. Second, we perform SFT, and propose an improved optimization strategy building upon RankLLaMA. Our experimental results on multiple benchmarks show that our approach outperforms previous methods in both in-domain and out-domain scenarios.",
    "paper_type": "method",
    "attri": {
        "background": "Text ranking is a critical task in information retrieval. Recent advances in pre-trained language models (PLMs), especially large language models (LLMs), present new opportunities for applying them to text ranking. While supervised fine-tuning (SFT) with ranking data has been widely explored to better align PLMs with text ranking goals, previous studies have focused primarily on encoder-only and encoder-decoder PLMs. Research on leveraging decoder-only LLMs for text ranking remains scarce.",
        "problem": {
            "definition": "The problem addressed in this paper is the adaptation of large language models, specifically decoder-only models, for the task of text ranking in information retrieval.",
            "key obstacle": "The main challenge is the limited research and methods available for effectively utilizing decoder-only LLMs for text ranking, which hinders the potential advancements in this area."
        },
        "idea": {
            "intuition": "The intuition behind the proposed idea stems from the recognition that existing methods primarily focus on encoder-based models, leaving a gap in the application of decoder-only models for text ranking.",
            "opinion": "The proposed idea involves a two-stage progressive paradigm that includes continual pre-training of LLMs on a large weakly-supervised corpus followed by supervised fine-tuning with an improved optimization strategy.",
            "innovation": "The primary innovation of this method is the introduction of continual pre-training combined with a refined optimization strategy for supervised fine-tuning, which contrasts with previous approaches that mainly utilized direct supervised fine-tuning."
        },
        "method": {
            "method name": "Two-stage adaptation of large language models",
            "method abbreviation": "TSALM",
            "method definition": "This method involves a two-stage process where LLMs are first continually pre-trained on a weakly-supervised corpus and then fine-tuned with ranking data using an enhanced optimization strategy.",
            "method description": "The core of the method is a progressive adaptation of LLMs to improve their performance in text ranking tasks.",
            "method steps": [
                "Conduct continual pre-training of LLMs on a large weakly-supervised corpus.",
                "Perform supervised fine-tuning with an improved optimization strategy."
            ],
            "principle": "This method is effective because it leverages both weakly-supervised learning to enhance the model's understanding of language and targeted fine-tuning to align the model's outputs with ranking objectives."
        },
        "experiments": {
            "evaluation setting": "The experimental setup involved multiple benchmarks to assess the performance of the proposed method against previous approaches in both in-domain and out-domain scenarios.",
            "evaluation method": "The evaluation method consisted of measuring and analyzing the performance improvements of the proposed two-stage adaptation compared to baseline methods."
        },
        "conclusion": "The experimental results demonstrate that the proposed two-stage adaptation approach outperforms previous methods in text ranking, indicating its effectiveness and potential contributions to the field.",
        "discussion": {
            "advantage": "The key advantages of the proposed approach include improved performance in text ranking tasks and the ability to leverage weakly-supervised data for better model adaptation.",
            "limitation": "A limitation of the method may include the dependency on the quality and size of the weakly-supervised corpus used for continual pre-training.",
            "future work": "Future work could focus on exploring further improvements in the continual pre-training phase and evaluating the method on a broader range of datasets to validate its generalizability."
        },
        "other info": []
    },
    "mount_outline": [
        {
            "section number": "2.1",
            "key information": "The problem addressed in this paper is the adaptation of large language models, specifically decoder-only models, for the task of text ranking in information retrieval."
        },
        {
            "section number": "4",
            "key information": "Recent advances in pre-trained language models (PLMs), especially large language models (LLMs), present new opportunities for applying them to text ranking."
        },
        {
            "section number": "4.1",
            "key information": "The proposed idea involves a two-stage progressive paradigm that includes continual pre-training of LLMs on a large weakly-supervised corpus followed by supervised fine-tuning with an improved optimization strategy."
        },
        {
            "section number": "4.2",
            "key information": "The experimental results demonstrate that the proposed two-stage adaptation approach outperforms previous methods in text ranking, indicating its effectiveness and potential contributions to the field."
        },
        {
            "section number": "6.2",
            "key information": "A limitation of the method may include the dependency on the quality and size of the weakly-supervised corpus used for continual pre-training."
        }
    ],
    "similarity_score": null,
    "image": null,
    "path": "/home/liudingyuan/code/SurveyX/code/SurveyX-main/outputs/t10/papers/A two-stage adaptation of large language models for text ranking.json"
}