{
    "from": null,
    "scholar_id": null,
    "detail_id": null,
    "title": "APEER : Automatic prompt engineering enhances large language model reranking",
    "abstract": "Large Language Models (LLMs) have significantly enhanced Information Retrieval (IR) across various modules, such as reranking. Despite impressive performance, current zero-shot relevance ranking with LLMs heavily relies on human prompt engineering. Existing automatic prompt engineering algorithms primarily focus on language modeling and classification tasks, leaving the domain of IR, particularly reranking, underexplored. Directly applying current prompt engineering algorithms to relevance ranking is challenging due to the integration of query and long passage pairs in the input, where the ranking complexity surpasses classification tasks. To reduce human effort and unlock the potential of prompt optimization in reranking, we introduce a novel automatic prompt engineering algorithm named APEER. APEER iteratively generates refined prompts through feedback and preference optimization. Extensive experiments with four LLMs and ten datasets demonstrate the substantial performance improvement of APEER over existing state-of-the-art (SoTA) manual prompts. Furthermore, we find that the prompts generated by APEER exhibit better transferability across diverse tasks and LLMs.",
    "arxivid": "2406.14449v2",
    "bib_name": "APEER:Auto107",
    "md_text": "# APEER : Automatic prompt engineering enhances large language model reranking\n\n\nabstract\n\nLarge Language Models (LLMs) have significantly enhanced Information Retrieval (IR) across various modules, such as reranking. Despite impressive performance, current zero-shot relevance ranking with LLMs heavily relies on human prompt engineering. Existing automatic prompt engineering algorithms primarily focus on language modeling and classification tasks, leaving the domain of IR, particularly reranking, underexplored. Directly applying current prompt engineering algorithms to relevance ranking is challenging due to the integration of query and long passage pairs in the input, where the ranking complexity surpasses classification tasks. To reduce human effort and unlock the potential of prompt optimization in reranking, we introduce a novel automatic prompt engineering algorithm named APEER. APEER iteratively generates refined prompts through feedback and preference optimization. Extensive experiments with four LLMs and ten datasets demonstrate the substantial performance improvement of APEER over existing state-of-the-art (SoTA) manual prompts. Furthermore, we find that the prompts generated by APEER exhibit better transferability across diverse tasks and LLMs.",
    "paper_type": "method",
    "attri": {
        "background": "This paper addresses the issue of automatic prompt engineering in the context of Information Retrieval (IR), specifically for reranking tasks. Current methods heavily depend on human prompt engineering, which is labor-intensive and limits the potential for optimization. Previous algorithms have focused on language modeling and classification, leaving a gap in the application of these techniques to IR.",
        "problem": {
            "definition": "The problem this paper aims to solve is the inefficiency and limitations of human-driven prompt engineering in the context of zero-shot relevance ranking using Large Language Models (LLMs).",
            "key obstacle": "The main difficulty is the complexity of integrating query and long passage pairs in the input for ranking, which complicates the application of existing prompt engineering algorithms designed for simpler classification tasks."
        },
        "idea": {
            "intuition": "The idea for APEER was inspired by the need to reduce human effort in prompt engineering while enhancing the performance of LLMs in reranking tasks.",
            "opinion": "APEER is an automatic prompt engineering algorithm that iteratively generates refined prompts through feedback and preference optimization, aimed at improving the effectiveness of LLMs in relevance ranking.",
            "innovation": "The primary innovation of APEER lies in its iterative approach to prompt generation, which is tailored specifically for the complexities of reranking tasks, distinguishing it from existing prompt engineering methods that focus on simpler tasks."
        },
        "method": {
            "method name": "APEER",
            "method abbreviation": "APEER",
            "method definition": "APEER is defined as an automatic prompt engineering algorithm that optimizes prompts for Large Language Models in the context of relevance ranking by utilizing feedback and preference optimization.",
            "method description": "APEER enhances the performance of LLMs in reranking tasks by automatically generating and refining prompts.",
            "method steps": "The method involves iteratively generating prompts, receiving feedback on their effectiveness, and optimizing them based on preferences.",
            "principle": "The effectiveness of APEER is grounded in its ability to adapt prompts based on direct feedback, which allows for continuous improvement and better alignment with the complexities of relevance ranking."
        },
        "experiments": {
            "evaluation setting": "Extensive experiments were conducted using four Large Language Models and ten datasets to evaluate the performance of APEER against existing state-of-the-art manual prompts.",
            "evaluation method": "The evaluation method involved measuring the performance improvements of APEER in reranking tasks compared to traditional methods, analyzing the results to assess transferability and effectiveness."
        },
        "conclusion": "The experiments demonstrated that APEER significantly improves performance in relevance ranking tasks compared to existing manual prompt approaches, showcasing better transferability across diverse tasks and models.",
        "discussion": {
            "advantage": "Key advantages of APEER include reduced reliance on human input for prompt engineering and enhanced performance in reranking tasks due to its iterative optimization process.",
            "limitation": "A limitation of the method may be its dependency on the quality of feedback and preferences provided during the optimization process, which could affect the outcome.",
            "future work": "Future research could explore further refinements to the feedback mechanisms and the application of APEER in additional domains beyond reranking."
        },
        "other info": {}
    },
    "mount_outline": [
        {
            "section number": "4",
            "key information": "This paper addresses the issue of automatic prompt engineering in the context of Information Retrieval (IR), specifically for reranking tasks."
        },
        {
            "section number": "4.1",
            "key information": "APEER is an automatic prompt engineering algorithm that iteratively generates refined prompts through feedback and preference optimization, aimed at improving the effectiveness of LLMs in relevance ranking."
        },
        {
            "section number": "6.2",
            "key information": "A limitation of the method may be its dependency on the quality of feedback and preferences provided during the optimization process, which could affect the outcome."
        },
        {
            "section number": "7",
            "key information": "Future research could explore further refinements to the feedback mechanisms and the application of APEER in additional domains beyond reranking."
        }
    ],
    "similarity_score": null,
    "image": null,
    "path": "/home/liudingyuan/code/SurveyX/code/SurveyX-main/outputs/t10/papers/APEER _ Automatic prompt engineering enhances large language model reranking.json"
}