{
    "from": null,
    "scholar_id": null,
    "detail_id": null,
    "title": "Approximate nearest neighbor negative contrastive learning for dense text retrieval",
    "abstract": "Conducting text retrieval in a dense learned representation space has many intriguing advantages over sparse retrieval. Yet the effectiveness of dense retrieval (DR) often requires combination with sparse retrieval. In this paper, we identify that the main bottleneck is in the training mechanisms, where the negative instances used in training are not representative of the irrelevant documents in testing. This paper presents Approximate nearest neighbor Negative Contrastive Estimation (ANCE), a training mechanism that constructs negatives from an Approximate Nearest Neighbor (ANN) index of the corpus, which is parallelly updated with the learning process to select more realistic negative training instances. This fundamentally resolves the discrepancy between the data distribution used in the training and testing of DR. In our experiments, ANCE boosts the BERT-Siamese DR model to outperform all competitive dense and sparse retrieval baselines. It nearly matches the accuracy of sparse-retrieval-and-BERT-reranking using dot-product in the ANCE-learned representation space and provides almost 100x speed-up.",
    "arxivid": "2007.00808v2",
    "bib_name": "Approximat12",
    "md_text": "# Approximate nearest neighbor negative contrastive learning for dense text retrieval\n\n\nabstract\n\nConducting text retrieval in a dense learned representation space has many intriguing advantages over sparse retrieval. Yet the effectiveness of dense retrieval (DR) often requires combination with sparse retrieval. In this paper, we identify that the main bottleneck is in the training mechanisms, where the negative instances used in training are not representative of the irrelevant documents in testing. This paper presents Approximate nearest neighbor Negative Contrastive Estimation (ANCE), a training mechanism that constructs negatives from an Approximate Nearest Neighbor (ANN) index of the corpus, which is parallelly updated with the learning process to select more realistic negative training instances. This fundamentally resolves the discrepancy between the data distribution used in the training and testing of DR. In our experiments, ANCE boosts the BERT-Siamese DR model to outperform all competitive dense and sparse retrieval baselines. It nearly matches the accuracy of sparse-retrieval-and-BERT-reranking using dot-product in the ANCE-learned representation space and provides almost 100x speed-up.",
    "paper_type": "method",
    "attri": {
        "background": "This paper addresses the issue of improving dense text retrieval (DR) by enhancing the training mechanisms to better represent negative instances during training, which are often not aligned with the irrelevant documents encountered during testing.",
        "problem": {
            "definition": "The problem is the ineffective training of dense retrieval models due to the use of non-representative negative instances, which leads to a disparity between the training and testing data distributions.",
            "key obstacle": "The core obstacle is the reliance on negative instances that do not accurately reflect the irrelevant documents present in the test set, hindering the performance of existing methods."
        },
        "idea": {
            "intuition": "The idea is inspired by the observation that training with more representative negative instances can significantly improve the performance of dense retrieval systems.",
            "opinion": "The proposed method, Approximate nearest neighbor Negative Contrastive Estimation (ANCE), constructs negative instances from an ANN index that is updated in parallel with the learning process, ensuring that negatives are more realistic.",
            "innovation": "The primary innovation of ANCE lies in its dynamic approach to selecting negative training instances, which contrasts with traditional static methods that do not adapt to the learning process."
        },
        "method": {
            "method name": "Approximate nearest neighbor Negative Contrastive Estimation",
            "method abbreviation": "ANCE",
            "method definition": "ANCE is a training mechanism that utilizes an Approximate Nearest Neighbor index to generate negative instances that are reflective of the actual data distribution encountered during testing.",
            "method description": "The core of ANCE involves dynamically updating negative instances from an ANN index during the training of dense retrieval models.",
            "method steps": "1. Initialize an ANN index of the corpus. 2. Train the model while periodically updating the ANN index. 3. Use the updated index to select negative instances for contrastive learning.",
            "principle": "This method is effective because it aligns the training negative instances with the distribution of irrelevant documents in the test set, thereby reducing the training-testing discrepancy."
        },
        "experiments": {
            "evaluation setting": "The experiments involved comparing the performance of the BERT-Siamese DR model with ANCE against various competitive dense and sparse retrieval baselines using standard datasets.",
            "evaluation method": "Performance was assessed by measuring retrieval accuracy and speed, particularly focusing on how ANCE impacts the model's effectiveness in dense retrieval tasks."
        },
        "conclusion": "The results demonstrate that ANCE significantly enhances the performance of dense retrieval models, allowing them to nearly match the accuracy of sparse retrieval methods while achieving almost 100x speed-up.",
        "discussion": {
            "advantage": "The key advantages of ANCE include improved retrieval accuracy and efficiency, making dense retrieval competitive with traditional sparse methods.",
            "limitation": "One limitation of the method may be its dependency on the quality of the ANN index, which could affect the representativeness of the negative instances.",
            "future work": "Future research could explore further optimizations in the ANN indexing process and investigate the applicability of ANCE to other retrieval tasks beyond text."
        },
        "other info": []
    },
    "mount_outline": [
        {
            "section number": "2.1",
            "key information": "The problem is the ineffective training of dense retrieval models due to the use of non-representative negative instances, which leads to a disparity between the training and testing data distributions."
        },
        {
            "section number": "4",
            "key information": "The proposed method, Approximate nearest neighbor Negative Contrastive Estimation (ANCE), constructs negative instances from an ANN index that is updated in parallel with the learning process, ensuring that negatives are more realistic."
        },
        {
            "section number": "4.2",
            "key information": "The experiments involved comparing the performance of the BERT-Siamese DR model with ANCE against various competitive dense and sparse retrieval baselines using standard datasets."
        },
        {
            "section number": "6.2",
            "key information": "One limitation of the method may be its dependency on the quality of the ANN index, which could affect the representativeness of the negative instances."
        },
        {
            "section number": "7.1",
            "key information": "Future research could explore further optimizations in the ANN indexing process and investigate the applicability of ANCE to other retrieval tasks beyond text."
        }
    ],
    "similarity_score": null,
    "image": null,
    "path": "/home/liudingyuan/code/SurveyX/code/SurveyX-main/outputs/t10/papers/Approximate nearest neighbor negative contrastive learning for dense text retrieval.json"
}