{
    "from": null,
    "scholar_id": null,
    "detail_id": null,
    "title": "Atlas: Few-shot learning with retrieval augmented language models",
    "abstract": "Large language models have shown impressive few-shot results on a wide range of tasks. However, when knowledge is key for such results, as is the case for tasks such as question answering and fact checking, massive parameter counts to store knowledge seem to be needed. Retrieval augmented models are known to excel at knowledge intensive tasks without the need for as many parameters, but it is unclear whether they work in few-shot settings. In this work we present Atlas, a carefully designed and pre-trained retrieval augmented language model able to learn knowledge intensive tasks with very few training examples. We perform evaluations on a wide range of tasks, including MMLU, KILT and NaturalQuestions, and study the impact of the content of the document index, showing that it can easily be updated. Notably, Atlas reaches over 42% accuracy on Natural Questions using only 64 examples, outperforming a 540B parameters model by 3% despite having 50x fewer parameters.",
    "arxivid": "2208.03299v3",
    "bib_name": "Atlas:Few-127",
    "md_text": "# Atlas: Few-shot learning with retrieval augmented language models\n\n\nabstract\n\nLarge language models have shown impressive few-shot results on a wide range of tasks. However, when knowledge is key for such results, as is the case for tasks such as question answering and fact checking, massive parameter counts to store knowledge seem to be needed. Retrieval augmented models are known to excel at knowledge intensive tasks without the need for as many parameters, but it is unclear whether they work in few-shot settings. In this work we present Atlas, a carefully designed and pre-trained retrieval augmented language model able to learn knowledge intensive tasks with very few training examples. We perform evaluations on a wide range of tasks, including MMLU, KILT and NaturalQuestions, and study the impact of the content of the document index, showing that it can easily be updated. Notably, Atlas reaches over 42% accuracy on Natural Questions using only 64 examples, outperforming a 540B parameters model by 3% despite having 50x fewer parameters.",
    "paper_type": "benchmark",
    "attri": {
        "background": "This paper addresses the issue of few-shot learning in knowledge-intensive tasks, highlighting the limitations of large language models that require massive parameter counts to store knowledge. The need for efficient models that can perform well with fewer examples has become increasingly important in the research landscape.",
        "problem": {
            "definition": "The benchmark is designed to address the challenge of effectively performing few-shot learning in knowledge-intensive tasks such as question answering and fact checking.",
            "key obstacle": "Existing benchmarks often rely on models with large parameter counts, making them less efficient and harder to deploy in real-world applications."
        },
        "idea": {
            "intuition": "The thought process behind Atlas stems from the observation that retrieval augmented models can perform well on knowledge-intensive tasks without needing extensive parameterization.",
            "opinion": "The authors believe that Atlas represents a significant advancement in few-shot learning, particularly for tasks where knowledge retrieval is critical.",
            "innovation": "Atlas differs from previous benchmarks by demonstrating that retrieval augmented language models can achieve high accuracy with significantly fewer parameters, thus offering a more efficient solution for few-shot learning.",
            "benchmark abbreviation": "Atlas"
        },
        "dataset": {
            "source": "The dataset was sourced from existing knowledge-intensive tasks and is designed to be updated easily based on the document index.",
            "desc": "The dataset includes a variety of tasks such as MMLU, KILT, and NaturalQuestions, providing a comprehensive evaluation framework for the benchmark.",
            "content": "The dataset includes text data relevant to knowledge-intensive tasks, specifically designed for question answering and fact checking.",
            "size": "-",
            "domain": "Question Answering",
            "task format": "Few-shot learning"
        },
        "metrics": {
            "metric name": "Accuracy",
            "aspect": "Model performance in terms of correct predictions",
            "principle": "Accuracy was chosen as a primary metric to evaluate the effectiveness of the models in performing knowledge-intensive tasks with few examples.",
            "procedure": "Model performance was evaluated by measuring the accuracy of predictions on the benchmark tasks."
        },
        "experiments": {
            "model": "Atlas, a retrieval augmented language model with significantly fewer parameters compared to traditional large models.",
            "procedure": "The models were trained using few-shot examples, and evaluations were performed across various knowledge-intensive tasks.",
            "result": "Atlas achieved over 42% accuracy on Natural Questions with only 64 examples, outperforming a 540B parameter model by 3%.",
            "variability": "Variability in results was accounted for by testing across multiple tasks with different subsets of the dataset."
        },
        "conclusion": "The experiments demonstrate that Atlas can effectively perform few-shot learning in knowledge-intensive tasks, providing a promising direction for future research in this area.",
        "discussion": {
            "advantage": "The benchmark offers a more efficient approach to few-shot learning, enabling better performance in knowledge-intensive tasks without the need for large parameter models.",
            "limitation": "Potential limitations include the reliance on the quality of the document index and the specific tasks used for evaluation.",
            "future work": "Future research could explore further optimizations in retrieval mechanisms and the application of Atlas to additional tasks beyond those currently evaluated."
        },
        "other info": []
    },
    "mount_outline": [
        {
            "section number": "2.1",
            "key information": "This paper addresses the issue of few-shot learning in knowledge-intensive tasks, highlighting the limitations of large language models that require massive parameter counts to store knowledge."
        },
        {
            "section number": "4",
            "key information": "Atlas, a retrieval augmented language model, demonstrates that retrieval augmented models can perform well on knowledge-intensive tasks without needing extensive parameterization."
        },
        {
            "section number": "4.2",
            "key information": "Atlas achieved over 42% accuracy on Natural Questions with only 64 examples, outperforming a 540B parameter model by 3%."
        },
        {
            "section number": "6.1",
            "key information": "Existing benchmarks often rely on models with large parameter counts, making them less efficient and harder to deploy in real-world applications."
        },
        {
            "section number": "6.2",
            "key information": "Potential limitations include the reliance on the quality of the document index and the specific tasks used for evaluation."
        },
        {
            "section number": "7.1",
            "key information": "The benchmark offers a more efficient approach to few-shot learning, enabling better performance in knowledge-intensive tasks without the need for large parameter models."
        }
    ],
    "similarity_score": null,
    "image": null,
    "path": "/home/liudingyuan/code/SurveyX/code/SurveyX-main/outputs/t10/papers/Atlas_ Few-shot learning with retrieval augmented language models.json"
}