{
    "from": null,
    "scholar_id": null,
    "detail_id": null,
    "title": "Attention is all you need",
    "abstract": "Beyond the success story of pre-trained language models (PrLMs) in recent natural language processing, they are susceptible to over-fitting due to unusual large model size. To this end, dropout serves as a therapy. However, existing methods like random-based, knowledge-based and search-based dropout are more general but less effective onto self-attention based models, which are broadly chosen as the fundamental architecture of PrLMs. In this paper, we propose a novel dropout method named AttendOut to let self-attention empowered PrLMs capable of more robust task-specific tuning. We demonstrate that state-of-the-art models with elaborate training design may achieve much stronger results. We verify the universality of our approach on extensive natural language processing tasks.",
    "arxivid": "1706.03762v7",
    "bib_name": "Attentioni31",
    "md_text": "# Attention is all you need\n\n\nabstract\n\nBeyond the success story of pre-trained language models (PrLMs) in recent natural language processing, they are susceptible to over-fitting due to unusual large model size. To this end, dropout serves as a therapy. However, existing methods like random-based, knowledge-based and search-based dropout are more general but less effective onto self-attention based models, which are broadly chosen as the fundamental architecture of PrLMs. In this paper, we propose a novel dropout method named AttendOut to let self-attention empowered PrLMs capable of more robust task-specific tuning. We demonstrate that state-of-the-art models with elaborate training design may achieve much stronger results. We verify the universality of our approach on extensive natural language processing tasks.",
    "paper_type": "method",
    "attri": {
        "background": "This paper addresses the issue of overfitting in pre-trained language models (PrLMs) due to their large model sizes and discusses existing dropout methods that are less effective for self-attention based models.",
        "problem": {
            "definition": "The problem is the susceptibility of large pre-trained language models to overfitting, which hampers their performance in task-specific tuning.",
            "key obstacle": "The core obstacle is that existing dropout techniques, such as random-based, knowledge-based, and search-based dropout, do not effectively address the needs of self-attention based models."
        },
        "idea": {
            "intuition": "The intuition behind the proposed idea is to develop a dropout method that is specifically tailored for self-attention mechanisms in PrLMs, enhancing their robustness during tuning.",
            "opinion": "The proposed idea, AttendOut, is a novel dropout method designed to improve the performance of self-attention empowered PrLMs by enabling more effective task-specific tuning.",
            "innovation": "The key innovation of AttendOut lies in its targeted approach to dropout for self-attention models, distinguishing it from traditional dropout methods which are less effective in this context."
        },
        "method": {
            "method name": "AttendOut",
            "method abbreviation": "AO",
            "method definition": "AttendOut is a dropout method that specifically enhances the performance of self-attention based pre-trained language models during task-specific tuning.",
            "method description": "AttendOut modifies the standard dropout approach to better suit the architecture of self-attention mechanisms in PrLMs.",
            "method steps": "The steps involve integrating AttendOut into the training process of self-attention models, applying dropout selectively to improve robustness.",
            "principle": "The principle behind AttendOut's effectiveness is its ability to adaptively apply dropout in a manner that aligns with the operational characteristics of self-attention, thus preventing overfitting more effectively."
        },
        "experiments": {
            "evaluation setting": "The experimental setup includes extensive natural language processing tasks and comparisons against state-of-the-art models with various training designs.",
            "evaluation method": "The performance of the method was assessed through systematic measurement and analysis of results from task-specific tuning using AttendOut."
        },
        "conclusion": "The outcomes demonstrate that models utilizing AttendOut achieve significantly stronger results in various natural language processing tasks, highlighting the method's effectiveness and contribution to the field.",
        "discussion": {
            "advantage": "The key advantage of AttendOut is its tailored approach to dropout in self-attention models, which enhances their performance during task-specific tuning.",
            "limitation": "A limitation of the method may be its dependency on the specific architecture of self-attention models, potentially limiting its applicability to other model types.",
            "future work": "Future work could explore the adaptation of AttendOut to other neural architectures and investigate further improvements in dropout strategies."
        },
        "other info": []
    },
    "mount_outline": [
        {
            "section number": "2.1",
            "key information": "The problem is the susceptibility of large pre-trained language models to overfitting, which hampers their performance in task-specific tuning."
        },
        {
            "section number": "4.1",
            "key information": "The proposed idea, AttendOut, is a novel dropout method designed to improve the performance of self-attention empowered pre-trained language models by enabling more effective task-specific tuning."
        },
        {
            "section number": "5.1",
            "key information": "AttendOut modifies the standard dropout approach to better suit the architecture of self-attention mechanisms in pre-trained language models."
        },
        {
            "section number": "6.2",
            "key information": "A limitation of the method may be its dependency on the specific architecture of self-attention models, potentially limiting its applicability to other model types."
        },
        {
            "section number": "7.1",
            "key information": "Future work could explore the adaptation of AttendOut to other neural architectures and investigate further improvements in dropout strategies."
        },
        {
            "section number": "8",
            "key information": "The outcomes demonstrate that models utilizing AttendOut achieve significantly stronger results in various natural language processing tasks, highlighting the method's effectiveness and contribution to the field."
        }
    ],
    "similarity_score": null,
    "image": null,
    "path": "/home/liudingyuan/code/SurveyX/code/SurveyX-main/outputs/t10/papers/Attention is all you need.json"
}