{
    "from": null,
    "scholar_id": null,
    "detail_id": null,
    "title": "Auto-rag: Autonomous retrieval-augmented generation for large language models",
    "abstract": "Iterative retrieval refers to the process in which the model continuously queries the retriever during generation to enhance the relevance of the retrieved knowledge, thereby improving the performance of Retrieval-Augmented Generation (RAG). Existing work typically employs few-shot prompting or manually constructed rules to implement iterative retrieval. This introduces additional inference overhead and overlooks the remarkable reasoning capabilities of Large Language Models (LLMs). In this paper, we introduce Auto-RAG, an autonomous iterative retrieval model centered on the LLM's powerful decision-making capabilities. Auto-RAG engages in multi-turn dialogues with the retriever, systematically planning retrievals and refining queries to acquire valuable knowledge. This process continues until sufficient external information is gathered, at which point the results are presented to the user. To this end, we develop a method for autonomously synthesizing reasoning-based decision-making instructions in iterative retrieval and fine-tuned the latest open-source LLMs. The experimental results indicate that Auto-RAG is capable of autonomous iterative interaction with the retriever, effectively leveraging the remarkable reasoning and decision-making abilities of LLMs, which lead to outstanding performance across six benchmarks. Further analysis reveals that Auto-RAG can autonomously adjust the number of iterations based on the difficulty of the questions and the utility of the retrieved knowledge, without requiring any human intervention. Moreover, Auto-RAG expresses the iterative retrieval process in natural language, enhancing interpretability while providing users with a more intuitive experience\\footnote{Code is available at \\url{https://github.com/ictnlp/Auto-RAG}.",
    "arxivid": "2411.19443v1",
    "bib_name": "Auto-rag:A182",
    "md_text": "# Auto-rag: Autonomous retrieval-augmented generation for large language models\n\n\nabstract\n\nIterative retrieval refers to the process in which the model continuously queries the retriever during generation to enhance the relevance of the retrieved knowledge, thereby improving the performance of Retrieval-Augmented Generation (RAG). Existing work typically employs few-shot prompting or manually constructed rules to implement iterative retrieval. This introduces additional inference overhead and overlooks the remarkable reasoning capabilities of Large Language Models (LLMs). In this paper, we introduce Auto-RAG, an autonomous iterative retrieval model centered on the LLM's powerful decision-making capabilities. Auto-RAG engages in multi-turn dialogues with the retriever, systematically planning retrievals and refining queries to acquire valuable knowledge. This process continues until sufficient external information is gathered, at which point the results are presented to the user. To this end, we develop a method for autonomously synthesizing reasoning-based decision-making instructions in iterative retrieval and fine-tuned the latest open-source LLMs. The experimental results indicate that Auto-RAG is capable of autonomous iterative interaction with the retriever, effectively leveraging the remarkable reasoning and decision-making abilities of LLMs, which lead to outstanding performance across six benchmarks. Further analysis reveals that Auto-RAG can autonomously adjust the number of iterations based on the difficulty of the questions and the utility of the retrieved knowledge, without requiring any human intervention. Moreover, Auto-RAG expresses the iterative retrieval process in natural language, enhancing interpretability while providing users with a more intuitive experience\\footnote{Code is available at \\url{https://github.com/ictnlp/Auto-RAG}.",
    "paper_type": "method",
    "attri": {
        "background": "This paper addresses the issue of enhancing the performance of Retrieval-Augmented Generation (RAG) through iterative retrieval, which traditionally relies on few-shot prompting or manually constructed rules, leading to additional inference overhead and underutilization of Large Language Models (LLMs) reasoning capabilities.",
        "problem": {
            "definition": "The problem is the inefficiency of existing methods in performing iterative retrieval during the generation process, which limits the effectiveness of RAG.",
            "key obstacle": "The core obstacle is the reliance on manual prompting and rules, which do not leverage the full potential of LLMs for decision-making and reasoning."
        },
        "idea": {
            "intuition": "The idea is inspired by the need to utilize LLMs' reasoning capabilities to autonomously engage in multi-turn dialogues with a retriever for better information retrieval.",
            "opinion": "The proposed idea involves developing Auto-RAG, which autonomously plans retrievals and refines queries to gather relevant knowledge without human intervention.",
            "innovation": "The primary innovation of Auto-RAG is its ability to autonomously synthesize reasoning-based decision-making instructions, allowing for dynamic adjustments in the retrieval process based on query difficulty and knowledge utility."
        },
        "method": {
            "method name": "Auto-RAG",
            "method abbreviation": "AR",
            "method definition": "Auto-RAG is an autonomous iterative retrieval model that engages in dialogues with a retriever to enhance the relevance of retrieved knowledge during generation.",
            "method description": "The core of Auto-RAG involves iterative interactions with a retriever to gather and synthesize external information effectively.",
            "method steps": "1. Initiate dialogue with the retriever. 2. Plan retrievals based on initial queries. 3. Refine queries through iterative interaction. 4. Gather information until sufficient knowledge is acquired. 5. Present results to the user.",
            "principle": "The effectiveness of Auto-RAG lies in its autonomous decision-making capabilities, which allow it to optimize the retrieval process dynamically, enhancing the relevance and utility of the information gathered."
        },
        "experiments": {
            "evaluation setting": "The experimental setup involves testing Auto-RAG across six benchmarks to evaluate its performance compared to existing methods.",
            "evaluation method": "Performance assessment is conducted by measuring the effectiveness of the autonomous iterative interactions and the relevance of the retrieved knowledge."
        },
        "conclusion": "The experimental results demonstrate that Auto-RAG significantly improves the efficiency of iterative retrieval in RAG, showcasing its ability to adjust interactions based on query complexity and enhancing user experience through natural language expression of the retrieval process.",
        "discussion": {
            "advantage": "Key advantages of Auto-RAG include its autonomous decision-making, reduced inference overhead, and enhanced interpretability of the retrieval process.",
            "limitation": "A limitation of the method may include potential challenges in handling highly complex queries that require more nuanced understanding beyond the current capabilities of LLMs.",
            "future work": "Future research could explore further refinements in the decision-making process and investigate applications of Auto-RAG in various domains requiring iterative retrieval."
        },
        "other info": []
    },
    "mount_outline": [
        {
            "section number": "4",
            "key information": "This paper addresses the issue of enhancing the performance of Retrieval-Augmented Generation (RAG) through iterative retrieval, which traditionally relies on few-shot prompting or manually constructed rules, leading to additional inference overhead and underutilization of Large Language Models (LLMs) reasoning capabilities."
        },
        {
            "section number": "4.1",
            "key information": "The proposed idea involves developing Auto-RAG, which autonomously plans retrievals and refines queries to gather relevant knowledge without human intervention."
        },
        {
            "section number": "4.2",
            "key information": "The experimental setup involves testing Auto-RAG across six benchmarks to evaluate its performance compared to existing methods."
        },
        {
            "section number": "6",
            "key information": "A limitation of the method may include potential challenges in handling highly complex queries that require more nuanced understanding beyond the current capabilities of LLMs."
        },
        {
            "section number": "7.1",
            "key information": "Future research could explore further refinements in the decision-making process and investigate applications of Auto-RAG in various domains requiring iterative retrieval."
        }
    ],
    "similarity_score": null,
    "image": null,
    "path": "/home/liudingyuan/code/SurveyX/code/SurveyX-main/outputs/t10/papers/Auto-rag_ Autonomous retrieval-augmented generation for large language models.json"
}