{
    "from": null,
    "scholar_id": null,
    "detail_id": null,
    "title": "BART: denoising sequence-to-sequence pre-training for natural language generation, translation, and comprehension",
    "abstract": "We present BART, a denoising autoencoder for pretraining sequence-to-sequence models. BART is trained by (1) corrupting text with an arbitrary noising function, and (2) learning a model to reconstruct the original text. It uses a standard Tranformer-based neural machine translation architecture which, despite its simplicity, can be seen as generalizing BERT (due to the bidirectional encoder), GPT (with the left-to-right decoder), and other recent pretraining schemes. We evaluate a number of noising approaches, finding the best performance by both randomly shuffling the order of sentences and using a novel in-filling scheme, where spans of text are replaced with a single mask token. BART is particularly effective when fine tuned for text generation but also works well for comprehension tasks. It matches the performance of RoBERTa on GLUE and SQuAD, and achieves new state-of-the-art results on a range of abstractive dialogue, question answering, and summarization tasks, with gains of up to 3.5 ROUGE. BART also provides a 1.1 BLEU increase over a back-translation system for machine translation, with only target language pretraining. We also replicate other pretraining schemes within the BART framework, to understand their effect on end-task performance.",
    "arxivid": "1910.13461v1",
    "bib_name": "BART:denoi32",
    "md_text": "# BART: denoising sequence-to-sequence pre-training for natural language generation, translation, and comprehension\n\n\nabstract\n\nWe present BART, a denoising autoencoder for pretraining sequence-to-sequence models. BART is trained by (1) corrupting text with an arbitrary noising function, and (2) learning a model to reconstruct the original text. It uses a standard Tranformer-based neural machine translation architecture which, despite its simplicity, can be seen as generalizing BERT (due to the bidirectional encoder), GPT (with the left-to-right decoder), and other recent pretraining schemes. We evaluate a number of noising approaches, finding the best performance by both randomly shuffling the order of sentences and using a novel in-filling scheme, where spans of text are replaced with a single mask token. BART is particularly effective when fine tuned for text generation but also works well for comprehension tasks. It matches the performance of RoBERTa on GLUE and SQuAD, and achieves new state-of-the-art results on a range of abstractive dialogue, question answering, and summarization tasks, with gains of up to 3.5 ROUGE. BART also provides a 1.1 BLEU increase over a back-translation system for machine translation, with only target language pretraining. We also replicate other pretraining schemes within the BART framework, to understand their effect on end-task performance.",
    "paper_type": "method",
    "attri": {
        "background": "This paper addresses the issue of effective pretraining for sequence-to-sequence models in natural language processing, highlighting limitations in existing methods and the need for a more robust approach that can handle various tasks such as text generation, translation, and comprehension.",
        "problem": {
            "definition": "The problem is the inefficiency of current pretraining methods for sequence-to-sequence models, which do not generalize well across different natural language tasks.",
            "key obstacle": "The main difficulty lies in the inability of existing pretraining methods to effectively reconstruct corrupted text, limiting their performance in downstream tasks."
        },
        "idea": {
            "intuition": "The idea is inspired by the need for a flexible and effective pretraining method that can handle diverse noising functions and improve model performance across various tasks.",
            "opinion": "The proposed idea is BART, a denoising autoencoder that learns to reconstruct original text from corrupted input, combining the strengths of both bidirectional and left-to-right modeling.",
            "innovation": "The primary innovation of BART is its unique training approach, which involves corrupting text with various noising functions and using a Transformer-based architecture that integrates features from BERT and GPT."
        },
        "method": {
            "method name": "BART",
            "method abbreviation": "BART",
            "method definition": "BART is a denoising autoencoder designed for pretraining sequence-to-sequence models by corrupting input text and training the model to reconstruct the original text.",
            "method description": "The core of BART involves corrupting text through an arbitrary noising function and then training a model to reconstruct the original sequence.",
            "method steps": [
                "Corrupt the input text using a noising function.",
                "Train the model to reconstruct the original text from the corrupted version."
            ],
            "principle": "BART is effective because it leverages both bidirectional context from the encoder and unidirectional context from the decoder, allowing it to understand and generate text more effectively."
        },
        "experiments": {
            "evaluation setting": "The evaluation is conducted using various datasets and tasks, comparing BART's performance against baseline methods like RoBERTa on GLUE and SQuAD.",
            "evaluation method": "The performance of BART is assessed based on standard metrics such as ROUGE for summarization tasks and BLEU for machine translation, with results analyzed to determine improvements over existing methods."
        },
        "conclusion": "BART demonstrates superior performance across multiple natural language processing tasks, achieving state-of-the-art results in dialogue, question answering, and summarization, and showing significant improvements over previous methods.",
        "discussion": {
            "advantage": "The key advantages of BART include its flexibility in handling various noising functions and its ability to generalize well across different tasks, leading to improved performance.",
            "limitation": "A limitation of BART may be its reliance on extensive pretraining data and computational resources, which could hinder its accessibility for smaller projects.",
            "future work": "Future work could explore optimizing BART for specific tasks or developing more efficient training strategies to reduce resource requirements."
        },
        "other info": []
    },
    "mount_outline": [
        {
            "section number": "3.1",
            "key information": "BART is a denoising autoencoder designed for pretraining sequence-to-sequence models by corrupting input text and training the model to reconstruct the original text."
        },
        {
            "section number": "4.1",
            "key information": "The idea is inspired by the need for a flexible and effective pretraining method that can handle diverse noising functions and improve model performance across various tasks."
        },
        {
            "section number": "6.2",
            "key information": "A limitation of BART may be its reliance on extensive pretraining data and computational resources, which could hinder its accessibility for smaller projects."
        },
        {
            "section number": "7.1",
            "key information": "Future work could explore optimizing BART for specific tasks or developing more efficient training strategies to reduce resource requirements."
        },
        {
            "section number": "4.2",
            "key information": "BART demonstrates superior performance across multiple natural language processing tasks, achieving state-of-the-art results in dialogue, question answering, and summarization."
        }
    ],
    "similarity_score": null,
    "image": null,
    "path": "/home/liudingyuan/code/SurveyX/code/SurveyX-main/outputs/t10/papers/BART_ denoising sequence-to-sequence pre-training for natural language generation, translation, and comprehension.json"
}