{
    "from": null,
    "scholar_id": null,
    "detail_id": null,
    "title": "Chameleon: a heterogeneous and disaggregated accelerator system for retrieval-augmented language models",
    "abstract": "A Retrieval-Augmented Language Model (RALM) combines a large language model (LLM) with a vector database to retrieve context-specific knowledge during text generation. This strategy facilitates impressive generation quality even with smaller models, thus reducing computational demands by orders of magnitude. To serve RALMs efficiently and flexibly, we propose\n Chameleon\n , a heterogeneous accelerator system integrating both LLM and vector search accelerators in a disaggregated architecture. The\n heterogeneity\n ensures efficient serving for both inference and retrieval, while the\n disaggregation\n allows independent scaling of LLM and vector search accelerators to fulfill diverse RALM requirements. Our Chameleon prototype implements vector search accelerators on FPGAs and assigns LLM inference to GPUs, with CPUs as cluster coordinators. Evaluated on various RALMs, Chameleon exhibits up to 2.16\u00d7 reduction in latency and 3.18\u00d7 speedup in throughput compared to the hybrid CPU-GPU architecture. The promising results pave the way for adopting heterogeneous accelerators for not only LLM inference but also vector search in future RALM systems.",
    "arxivid": "2310.09949v4",
    "bib_name": "Chameleon:155",
    "md_text": "# Chameleon: a heterogeneous and disaggregated accelerator system for retrieval-augmented language models\n\n\nabstract\n\nA Retrieval-Augmented Language Model (RALM) combines a large language model (LLM) with a vector database to retrieve context-specific knowledge during text generation. This strategy facilitates impressive generation quality even with smaller models, thus reducing computational demands by orders of magnitude. To serve RALMs efficiently and flexibly, we propose\n Chameleon\n , a heterogeneous accelerator system integrating both LLM and vector search accelerators in a disaggregated architecture. The\n heterogeneity\n ensures efficient serving for both inference and retrieval, while the\n disaggregation\n allows independent scaling of LLM and vector search accelerators to fulfill diverse RALM requirements. Our Chameleon prototype implements vector search accelerators on FPGAs and assigns LLM inference to GPUs, with CPUs as cluster coordinators. Evaluated on various RALMs, Chameleon exhibits up to 2.16\u00d7 reduction in latency and 3.18\u00d7 speedup in throughput compared to the hybrid CPU-GPU architecture. The promising results pave the way for adopting heterogeneous accelerators for not only LLM inference but also vector search in future RALM systems.",
    "paper_type": "method",
    "attri": {
        "background": "This paper addresses the issue of efficiently serving Retrieval-Augmented Language Models (RALMs) by proposing a new heterogeneous and disaggregated accelerator system called Chameleon. Previous methods struggled with high computational demands and latency in RALM implementations, necessitating a breakthrough to improve performance and scalability.",
        "problem": {
            "definition": "The problem is the inefficiency in serving RALMs due to the limitations of existing hybrid CPU-GPU architectures, which do not adequately address the diverse requirements of both language model inference and vector retrieval.",
            "key obstacle": "The core obstacle is the inability of existing methods to independently scale the components necessary for effective RALM performance, leading to increased latency and reduced throughput."
        },
        "idea": {
            "intuition": "The idea was inspired by the need for a flexible and efficient architecture that can independently scale the components of RALMs, specifically separating the processing of language models and vector searches.",
            "opinion": "Chameleon proposes a heterogeneous accelerator system that integrates both LLM and vector search accelerators in a disaggregated architecture, allowing for optimized performance tailored to RALM needs.",
            "innovation": "The primary innovation of Chameleon lies in its disaggregated architecture that enables independent scaling of LLM and vector search accelerators, significantly improving efficiency compared to traditional hybrid architectures."
        },
        "method": {
            "method name": "Chameleon",
            "method abbreviation": "CHM",
            "method definition": "Chameleon is a heterogeneous accelerator system designed for Retrieval-Augmented Language Models, integrating LLM inference on GPUs with vector search acceleration on FPGAs in a disaggregated architecture.",
            "method description": "Chameleon combines LLM and vector search accelerators to enhance the performance of RALMs by allowing independent scaling and optimized resource allocation.",
            "method steps": "1. Implement vector search accelerators on FPGAs. 2. Assign LLM inference tasks to GPUs. 3. Use CPUs as cluster coordinators to manage the system.",
            "principle": "The effectiveness of Chameleon is based on its ability to decouple the processing of language models and vector searches, which allows for tailored performance improvements and resource optimization."
        },
        "experiments": {
            "evaluation setting": "The evaluation was conducted on various Retrieval-Augmented Language Models using a prototype of Chameleon, comparing its performance against a traditional hybrid CPU-GPU architecture.",
            "evaluation method": "Performance was assessed based on latency and throughput metrics, measuring the improvements achieved by the Chameleon architecture over the baseline."
        },
        "conclusion": "The experiments demonstrate that Chameleon achieves up to 2.16\u00d7 reduction in latency and 3.18\u00d7 speedup in throughput compared to traditional architectures, indicating its potential for future RALM systems and heterogeneous accelerators.",
        "discussion": {
            "advantage": "Key advantages of Chameleon include its ability to independently scale components, leading to significant reductions in latency and improvements in throughput for RALMs.",
            "limitation": "One limitation of the current implementation may be the dependency on specific hardware configurations (FPGAs and GPUs), which could restrict wider adoption.",
            "future work": "Future research could explore further optimizations of the architecture, potential integration with other types of accelerators, and enhancements to the system's flexibility and scalability."
        },
        "other info": []
    },
    "mount_outline": [
        {
            "section number": "4",
            "key information": "This paper addresses the issue of efficiently serving Retrieval-Augmented Language Models (RALMs) by proposing a new heterogeneous and disaggregated accelerator system called Chameleon."
        },
        {
            "section number": "4.1",
            "key information": "Chameleon combines LLM and vector search accelerators to enhance the performance of RALMs by allowing independent scaling and optimized resource allocation."
        },
        {
            "section number": "6.1",
            "key information": "The core obstacle is the inability of existing methods to independently scale the components necessary for effective RALM performance, leading to increased latency and reduced throughput."
        },
        {
            "section number": "6.2",
            "key information": "One limitation of the current implementation may be the dependency on specific hardware configurations (FPGAs and GPUs), which could restrict wider adoption."
        },
        {
            "section number": "7",
            "key information": "Future research could explore further optimizations of the architecture, potential integration with other types of accelerators, and enhancements to the system's flexibility and scalability."
        }
    ],
    "similarity_score": null,
    "image": null,
    "path": "/home/liudingyuan/code/SurveyX/code/SurveyX-main/outputs/t10/papers/Chameleon_ a heterogeneous and disaggregated accelerator system for retrieval-augmented language models.json"
}