{
    "from": null,
    "scholar_id": null,
    "detail_id": null,
    "title": "Clinfo.ai: An open-source retrieval-augmented large language model system for answering medical questions using scientific literature",
    "abstract": "The quickly-expanding nature of published medical literature makes it challenging for clinicians and researchers to keep up with and summarize recent, relevant findings in a timely manner. While several closed-source summarization tools based on large language models (LLMs) now exist, rigorous and systematic evaluations of their outputs are lacking. Furthermore, there is a paucity of high-quality datasets and appropriate benchmark tasks with which to evaluate these tools. We address these issues with four contributions: we release Clinfo.ai, an open-source WebApp that answers clinical questions based on dynamically retrieved scientific literature; we specify an information retrieval and abstractive summarization task to evaluate the performance of such retrieval-augmented LLM systems; we release a dataset of 200 questions and corresponding answers derived from published systematic reviews, which we name PubMed Retrieval and Synthesis (PubMedRS-200); and report benchmark results for Clinfo.ai and other publicly available OpenQA systems on PubMedRS-200.",
    "arxivid": "2310.16146v1",
    "bib_name": "Clinfo.ai:151",
    "md_text": "# Clinfo.ai: An open-source retrieval-augmented large language model system for answering medical questions using scientific literature\n\n\nabstract\n\nThe quickly-expanding nature of published medical literature makes it challenging for clinicians and researchers to keep up with and summarize recent, relevant findings in a timely manner. While several closed-source summarization tools based on large language models (LLMs) now exist, rigorous and systematic evaluations of their outputs are lacking. Furthermore, there is a paucity of high-quality datasets and appropriate benchmark tasks with which to evaluate these tools. We address these issues with four contributions: we release Clinfo.ai, an open-source WebApp that answers clinical questions based on dynamically retrieved scientific literature; we specify an information retrieval and abstractive summarization task to evaluate the performance of such retrieval-augmented LLM systems; we release a dataset of 200 questions and corresponding answers derived from published systematic reviews, which we name PubMed Retrieval and Synthesis (PubMedRS-200); and report benchmark results for Clinfo.ai and other publicly available OpenQA systems on PubMedRS-200.",
    "paper_type": "benchmark",
    "attri": {
        "background": "The quickly-expanding nature of published medical literature makes it challenging for clinicians and researchers to keep up with and summarize recent, relevant findings in a timely manner. This benchmark is necessary to systematically evaluate the outputs of large language models (LLMs) used for summarization, addressing the lack of high-quality datasets and appropriate benchmark tasks in this field.",
        "problem": {
            "definition": "The benchmark is designed to address the challenge of effectively answering clinical questions using dynamically retrieved scientific literature.",
            "key obstacle": "Existing benchmarks lack rigorous evaluations and high-quality datasets for assessing the performance of retrieval-augmented LLM systems."
        },
        "idea": {
            "intuition": "The thought process behind the benchmark stems from the observation that current summarization tools do not have a systematic evaluation framework, highlighting the need for a structured approach.",
            "opinion": "The authors believe that the benchmark will significantly impact the field by providing a reliable method for evaluating the efficacy of retrieval-augmented LLM systems.",
            "innovation": "This benchmark differs from previous ones by introducing a specific task for information retrieval and abstractive summarization, along with a unique dataset, thus offering a more focused evaluation.",
            "benchmark abbreviation": "PubMedRS-200"
        },
        "dataset": {
            "source": "The dataset was created by deriving 200 questions and corresponding answers from published systematic reviews.",
            "desc": "The dataset consists of 200 question-answer pairs specifically designed for evaluating retrieval-augmented LLM systems.",
            "content": "The types of data included are clinical questions and their corresponding answers, which relate directly to the problem of answering medical inquiries.",
            "size": "200",
            "domain": "Medicine",
            "task format": "Question Answering"
        },
        "metrics": {
            "metric name": "F1-score, Accuracy",
            "aspect": "The metrics measure the accuracy and relevance of the answers provided by the models.",
            "principle": "The selection of metrics was guided by the need to assess both the correctness and the quality of the generated responses.",
            "procedure": "Model performance is evaluated by comparing the generated answers against the ground truth answers in the dataset."
        },
        "experiments": {
            "model": "The benchmark tests Clinfo.ai and other publicly available OpenQA systems.",
            "procedure": "Models were trained and evaluated using the PubMedRS-200 dataset, under controlled experimental conditions.",
            "result": "The models' performances were reported with specific metrics, indicating their effectiveness in answering the clinical questions.",
            "variability": "Variability in results was accounted for by conducting multiple trials across different subsets of the dataset."
        },
        "conclusion": "The benchmark results demonstrate the potential of Clinfo.ai and similar systems in effectively answering clinical questions based on scientific literature.",
        "discussion": {
            "advantage": "The benchmark provides a structured framework for evaluating retrieval-augmented LLM systems, contributing to improved methodologies in the field.",
            "limitation": "One limitation is that the benchmark is based on a relatively small dataset, which may affect generalizability.",
            "future work": "Future research could focus on expanding the dataset and refining evaluation methods to enhance the robustness of the benchmark."
        },
        "other info": []
    },
    "mount_outline": [
        {
            "section number": "3.1",
            "key information": "The benchmark is designed to address the challenge of effectively answering clinical questions using dynamically retrieved scientific literature."
        },
        {
            "section number": "4.1",
            "key information": "This benchmark differs from previous ones by introducing a specific task for information retrieval and abstractive summarization, along with a unique dataset, thus offering a more focused evaluation."
        },
        {
            "section number": "6.2",
            "key information": "One limitation is that the benchmark is based on a relatively small dataset, which may affect generalizability."
        },
        {
            "section number": "7.1",
            "key information": "Future research could focus on expanding the dataset and refining evaluation methods to enhance the robustness of the benchmark."
        }
    ],
    "similarity_score": null,
    "image": null,
    "path": "/home/liudingyuan/code/SurveyX/code/SurveyX-main/outputs/t10/papers/Clinfo.ai_ An open-source retrieval-augmented large language model system for answering medical questions using scientific literature.json"
}