{
    "from": null,
    "scholar_id": null,
    "detail_id": null,
    "title": "Consolidating ranking and relevance predictions of large language models through post-processing",
    "abstract": "The powerful generative abilities of large language models (LLMs) show potential in generating relevance labels for search applications. Previous work has found that directly asking about relevancy, such as \"*How relevant is document A to query Q?*\u201d, results in suboptimal ranking. Instead, the pairwise-ranking prompting (PRP) approach produces promising ranking performance through asking about pairwise comparisons, e.g., \"*Is document A more relevant than document B to query Q?*\u201d. Thus, while LLMs are effective at their ranking ability, this is not reflected in their relevance label generation.In this work, we propose a post-processing method to consolidate the relevance labels generated by an LLM with its powerful ranking abilities. Our method takes both LLM generated relevance labels and pairwise preferences. The labels are then altered to satisfy the pairwise preferences of the LLM, while staying as close to the original values as possible. Our experimental results indicate that our approach effectively balances label accuracy and ranking performance. Thereby, our work shows it is possible to combine both the ranking and labeling abilities of LLMs through post-processing.",
    "arxivid": "2404.11791v1",
    "bib_name": "Consolidat110",
    "md_text": "# Consolidating ranking and relevance predictions of large language models through post-processing\n\n\nabstract\n\nThe powerful generative abilities of large language models (LLMs) show potential in generating relevance labels for search applications. Previous work has found that directly asking about relevancy, such as \"*How relevant is document A to query Q?*\u201d, results in suboptimal ranking. Instead, the pairwise-ranking prompting (PRP) approach produces promising ranking performance through asking about pairwise comparisons, e.g., \"*Is document A more relevant than document B to query Q?*\u201d. Thus, while LLMs are effective at their ranking ability, this is not reflected in their relevance label generation.In this work, we propose a post-processing method to consolidate the relevance labels generated by an LLM with its powerful ranking abilities. Our method takes both LLM generated relevance labels and pairwise preferences. The labels are then altered to satisfy the pairwise preferences of the LLM, while staying as close to the original values as possible. Our experimental results indicate that our approach effectively balances label accuracy and ranking performance. Thereby, our work shows it is possible to combine both the ranking and labeling abilities of LLMs through post-processing.",
    "paper_type": "method",
    "attri": {
        "background": "This paper addresses the issue of suboptimal relevance labeling in search applications when using large language models (LLMs) directly for generating relevance labels. Previous methods, particularly direct questioning about relevance, have proven ineffective, necessitating a new approach to improve the performance of LLMs in ranking tasks.",
        "problem": {
            "definition": "The problem this paper aims to solve is the inefficiency of LLMs in generating accurate relevance labels for documents in response to queries, which negatively impacts their ranking capabilities.",
            "key obstacle": "The core obstacle is that existing methods fail to leverage the pairwise comparison strengths of LLMs, leading to inaccuracies in relevance labeling that do not align with optimal ranking."
        },
        "idea": {
            "intuition": "The idea is inspired by the observation that LLMs perform better in pairwise ranking tasks than in direct relevance labeling, suggesting a need to integrate these two capabilities.",
            "opinion": "The proposed idea is to develop a post-processing method that refines the relevance labels generated by LLMs by aligning them with pairwise preferences, enhancing both label accuracy and ranking performance.",
            "innovation": "The primary innovation of this method lies in its ability to modify LLM-generated relevance labels to conform to pairwise preferences while maintaining proximity to the original labels, thereby improving overall effectiveness."
        },
        "method": {
            "method name": "Post-Processing Method for Relevance Labeling",
            "method abbreviation": "PPMRL",
            "method definition": "The method consolidates relevance labels generated by LLMs with pairwise preferences to enhance label accuracy while preserving the integrity of the original labels.",
            "method description": "This method involves adjusting LLM-generated relevance labels based on pairwise comparisons to ensure alignment with the ranking preferences.",
            "method steps": "1. Generate relevance labels using the LLM. 2. Collect pairwise preferences for the documents. 3. Adjust the relevance labels to satisfy the pairwise preferences while minimizing deviation from the original labels.",
            "principle": "This method is effective because it utilizes the strengths of LLMs in pairwise ranking to inform and refine the relevance labels, thus bridging the gap between ranking and labeling capabilities."
        },
        "experiments": {
            "evaluation setting": "The experimental setup involved using a dataset of documents and queries, comparing the proposed method against baseline methods that do not incorporate pairwise preferences.",
            "evaluation method": "Performance was assessed through metrics that measure both label accuracy and ranking effectiveness, analyzing the results to determine the balance achieved by the post-processing method."
        },
        "conclusion": "The experimental results demonstrate that the proposed post-processing method successfully consolidates relevance labeling and ranking capabilities of LLMs, achieving a balance that enhances both accuracy and performance in search applications.",
        "discussion": {
            "advantage": "The key advantage of the proposed approach is its ability to combine the strengths of LLMs in both ranking and labeling, leading to improved relevance predictions that are more aligned with user expectations.",
            "limitation": "A limitation of the method may include its dependency on the quality of the pairwise preferences, as inaccuracies in these preferences could adversely affect the final relevance labels.",
            "future work": "Future research could explore optimizing the collection of pairwise preferences and extending the method to other applications beyond search, potentially enhancing its versatility and effectiveness."
        },
        "other info": []
    },
    "mount_outline": [
        {
            "section number": "4",
            "key information": "This paper addresses the issue of suboptimal relevance labeling in search applications when using large language models (LLMs) directly for generating relevance labels."
        },
        {
            "section number": "4.1",
            "key information": "The proposed idea is to develop a post-processing method that refines the relevance labels generated by LLMs by aligning them with pairwise preferences, enhancing both label accuracy and ranking performance."
        },
        {
            "section number": "6.2",
            "key information": "A limitation of the method may include its dependency on the quality of the pairwise preferences, as inaccuracies in these preferences could adversely affect the final relevance labels."
        },
        {
            "section number": "7",
            "key information": "Future research could explore optimizing the collection of pairwise preferences and extending the method to other applications beyond search, potentially enhancing its versatility and effectiveness."
        }
    ],
    "similarity_score": null,
    "image": null,
    "path": "/home/liudingyuan/code/SurveyX/code/SurveyX-main/outputs/t10/papers/Consolidating ranking and relevance predictions of large language models through post-processing.json"
}