{
    "from": null,
    "scholar_id": null,
    "detail_id": null,
    "title": "Deepresearcher: Scaling deep research via reinforcement learning in real-world environments",
    "abstract": "Large Language Models (LLMs) equipped with web search capabilities have demonstrated impressive potential for deep research tasks. However, current approaches predominantly rely on either manually engineered prompts (prompt engineering-based) with brittle performance or reinforcement learning within controlled Retrieval-Augmented Generation (RAG) environments (RAG-based) that fail to capture the complexities of real-world interaction. In this paper, we introduce DeepResearcher, the first comprehensive framework for end-to-end training of LLM-based deep research agents through scaling reinforcement learning (RL) in real-world environments with authentic web search interactions. Unlike RAG-based approaches that assume all necessary information exists within a fixed corpus, our method trains agents to navigate the noisy, unstructured, and dynamic nature of the open web. We implement a specialized multi-agent architecture where browsing agents extract relevant information from various webpage structures and overcoming significant technical challenges. Extensive experiments on open-domain research tasks demonstrate that DeepResearcher achieves substantial improvements of up to 28.9 points over prompt engineering-based baselines and up to 7.2 points over RAG-based RL agents. Our qualitative analysis reveals emergent cognitive behaviors from end-to-end RL training, including the ability to formulate plans, cross-validate information from multiple sources, engage in self-reflection to redirect research, and maintain honesty when unable to find definitive answers. Our results highlight that end-to-end training in real-world web environments is not merely an implementation detail but a fundamental requirement for developing robust research capabilities aligned with real-world applications. We release DeepResearcher at https://github.com/GAIR-NLP/DeepResearcher.",
    "arxivid": "2504.03160v4",
    "bib_name": "Deepresear184",
    "md_text": "# Deepresearcher: Scaling deep research via reinforcement learning in real-world environments\n\n\nabstract\n\nLarge Language Models (LLMs) equipped with web search capabilities have demonstrated impressive potential for deep research tasks. However, current approaches predominantly rely on either manually engineered prompts (prompt engineering-based) with brittle performance or reinforcement learning within controlled Retrieval-Augmented Generation (RAG) environments (RAG-based) that fail to capture the complexities of real-world interaction. In this paper, we introduce DeepResearcher, the first comprehensive framework for end-to-end training of LLM-based deep research agents through scaling reinforcement learning (RL) in real-world environments with authentic web search interactions. Unlike RAG-based approaches that assume all necessary information exists within a fixed corpus, our method trains agents to navigate the noisy, unstructured, and dynamic nature of the open web. We implement a specialized multi-agent architecture where browsing agents extract relevant information from various webpage structures and overcoming significant technical challenges. Extensive experiments on open-domain research tasks demonstrate that DeepResearcher achieves substantial improvements of up to 28.9 points over prompt engineering-based baselines and up to 7.2 points over RAG-based RL agents. Our qualitative analysis reveals emergent cognitive behaviors from end-to-end RL training, including the ability to formulate plans, cross-validate information from multiple sources, engage in self-reflection to redirect research, and maintain honesty when unable to find definitive answers. Our results highlight that end-to-end training in real-world web environments is not merely an implementation detail but a fundamental requirement for developing robust research capabilities aligned with real-world applications. We release DeepResearcher at https://github.com/GAIR-NLP/DeepResearcher.",
    "paper_type": "method",
    "attri": {
        "background": "This paper addresses the issue of scaling deep research tasks using Large Language Models (LLMs) with web search capabilities, highlighting the limitations of existing methods that rely on either brittle prompt engineering or controlled RAG environments that do not represent real-world complexities.",
        "problem": {
            "definition": "The problem defined in this paper is the inability of current methods to effectively perform deep research tasks in the dynamic and noisy environment of the open web.",
            "key obstacle": "The main difficulty is that existing methods either depend on fixed corpora or lack the capability to adapt to the complexities of real-world interactions, which limits their effectiveness."
        },
        "idea": {
            "intuition": "The idea was inspired by the observation that true research requires navigating unstructured information from various web sources, rather than relying solely on pre-defined datasets.",
            "opinion": "The proposed idea is to develop DeepResearcher, a framework that enables end-to-end training of LLM-based agents to effectively conduct research in real-world environments through reinforcement learning.",
            "innovation": "The key innovation lies in the ability of DeepResearcher to train agents in a real-world context, allowing them to extract information from diverse webpage structures and adapt to the dynamic nature of the web, unlike previous methods."
        },
        "method": {
            "method name": "DeepResearcher",
            "method abbreviation": "DR",
            "method definition": "DeepResearcher is defined as a comprehensive framework for training LLM-based research agents using reinforcement learning in real-world web environments.",
            "method description": "The core of the method involves using a specialized multi-agent architecture to enable browsing agents to interact with and extract relevant information from the web.",
            "method steps": "1. Implement a multi-agent architecture; 2. Train agents using reinforcement learning; 3. Enable agents to navigate and extract information from various webpage structures.",
            "principle": "This method is effective because it allows agents to learn from real-world interactions, thereby developing robust capabilities to handle the complexities of deep research tasks."
        },
        "experiments": {
            "evaluation setting": "Extensive experiments were conducted on open-domain research tasks, comparing DeepResearcher against prompt engineering-based baselines and RAG-based RL agents.",
            "evaluation method": "Performance was assessed by measuring improvements in task completion rates and qualitative analysis of cognitive behaviors exhibited by the agents."
        },
        "conclusion": "The outcomes of the experiments demonstrate that DeepResearcher achieves significant performance improvements, highlighting the necessity of end-to-end training in real-world environments for developing effective research capabilities.",
        "discussion": {
            "advantage": "The key advantages include substantial performance gains over existing methods and the emergence of cognitive behaviors such as planning and self-reflection.",
            "limitation": "One limitation noted is the potential challenges in scalability and the need for continuous adaptation to evolving web content.",
            "future work": "Future research directions include enhancing scalability and exploring additional applications of the framework in various domains."
        },
        "other info": {
            "GitHub link": "https://github.com/GAIR-NLP/DeepResearcher"
        }
    },
    "mount_outline": [
        {
            "section number": "1.1",
            "key information": "This paper addresses the issue of scaling deep research tasks using Large Language Models (LLMs) with web search capabilities."
        },
        {
            "section number": "2.2",
            "key information": "The main difficulty is that existing methods either depend on fixed corpora or lack the capability to adapt to the complexities of real-world interactions, which limits their effectiveness."
        },
        {
            "section number": "3.1",
            "key information": "DeepResearcher is defined as a comprehensive framework for training LLM-based research agents using reinforcement learning in real-world web environments."
        },
        {
            "section number": "4.1",
            "key information": "The core of the method involves using a specialized multi-agent architecture to enable browsing agents to interact with and extract relevant information from the web."
        },
        {
            "section number": "6.1",
            "key information": "One limitation noted is the potential challenges in scalability and the need for continuous adaptation to evolving web content."
        },
        {
            "section number": "7.1",
            "key information": "Future research directions include enhancing scalability and exploring additional applications of the framework in various domains."
        }
    ],
    "similarity_score": null,
    "image": null,
    "path": "/home/liudingyuan/code/SurveyX/code/SurveyX-main/outputs/t10/papers/Deepresearcher_ Scaling deep research via reinforcement learning in real-world environments.json"
}