{
    "from": null,
    "scholar_id": null,
    "detail_id": null,
    "title": "Deeprag: Thinking to retrieve step by step for large language models",
    "abstract": "Large Language Models (LLMs) have shown remarkable reasoning capabilities, while their practical applications are limited by severe factual hallucinations due to limitations in the timeliness, accuracy, and comprehensiveness of their parametric knowledge. Meanwhile, enhancing retrieval-augmented generation (RAG) with reasoning remains challenging due to ineffective task decomposition and redundant retrieval, which can introduce noise and degrade response quality. In this paper, we propose DeepRAG, a framework that models retrieval-augmented reasoning as a Markov Decision Process (MDP), enabling reasonable and adaptive retrieval. By iteratively decomposing queries, DeepRAG dynamically determines whether to retrieve external knowledge or rely on parametric reasoning at each step. Experiments show that DeepRAG improves retrieval efficiency and boosts answer accuracy by 26.4%, demonstrating its effectiveness in enhancing retrieval-augmented reasoning.",
    "arxivid": "2502.01142v2",
    "bib_name": "Deeprag:Th179",
    "md_text": "# Deeprag: Thinking to retrieve step by step for large language models\n\n\nabstract\n\nLarge Language Models (LLMs) have shown remarkable reasoning capabilities, while their practical applications are limited by severe factual hallucinations due to limitations in the timeliness, accuracy, and comprehensiveness of their parametric knowledge. Meanwhile, enhancing retrieval-augmented generation (RAG) with reasoning remains challenging due to ineffective task decomposition and redundant retrieval, which can introduce noise and degrade response quality. In this paper, we propose DeepRAG, a framework that models retrieval-augmented reasoning as a Markov Decision Process (MDP), enabling reasonable and adaptive retrieval. By iteratively decomposing queries, DeepRAG dynamically determines whether to retrieve external knowledge or rely on parametric reasoning at each step. Experiments show that DeepRAG improves retrieval efficiency and boosts answer accuracy by 26.4%, demonstrating its effectiveness in enhancing retrieval-augmented reasoning.",
    "paper_type": "method",
    "attri": {
        "background": "This paper addresses the issue of factual hallucinations in Large Language Models (LLMs) and the challenges in enhancing retrieval-augmented generation (RAG) with reasoning due to ineffective task decomposition and redundant retrieval.",
        "problem": {
            "definition": "The problem is the limited practical applications of LLMs caused by severe factual inaccuracies and the inefficiencies in retrieval-augmented reasoning methods.",
            "key obstacle": "The core obstacle is the ineffective task decomposition and redundant retrieval processes that introduce noise and degrade response quality."
        },
        "idea": {
            "intuition": "The idea is inspired by the need for a more adaptive and effective retrieval process in LLMs to enhance reasoning capabilities.",
            "opinion": "The proposed idea, DeepRAG, models retrieval-augmented reasoning as a Markov Decision Process (MDP) to improve the retrieval process.",
            "innovation": "The primary innovation of DeepRAG lies in its ability to iteratively decompose queries and dynamically decide between retrieving external knowledge or using parametric reasoning."
        },
        "method": {
            "method name": "DeepRAG",
            "method abbreviation": "DR",
            "method definition": "DeepRAG is a framework that models retrieval-augmented reasoning as a Markov Decision Process, facilitating a more efficient and accurate retrieval process.",
            "method description": "DeepRAG improves retrieval efficiency and accuracy in reasoning tasks by adaptively determining the need for external knowledge retrieval.",
            "method steps": "1. Decompose the query iteratively; 2. Decide whether to retrieve external knowledge or use parametric reasoning; 3. Generate the response based on the chosen approach.",
            "principle": "The effectiveness of DeepRAG is supported by its ability to adaptively choose between retrieval methods, reducing noise and improving the quality of responses."
        },
        "experiments": {
            "evaluation setting": "The experiments involved assessing DeepRAG's performance against baseline methods, measuring retrieval efficiency and answer accuracy using a specific dataset.",
            "evaluation method": "The evaluation method included quantitative analysis of the improvements in retrieval efficiency and accuracy, comparing results with existing methods."
        },
        "conclusion": "The experiments demonstrate that DeepRAG significantly improves retrieval efficiency and boosts answer accuracy by 26.4%, showcasing its effectiveness in enhancing retrieval-augmented reasoning.",
        "discussion": {
            "advantage": "Key advantages of DeepRAG include its adaptive retrieval process and improved accuracy in reasoning tasks compared to traditional methods.",
            "limitation": "The limitations of DeepRAG may include potential complexities in implementation and the need for extensive training data to optimize performance.",
            "future work": "Future work could explore further enhancements in the adaptive retrieval process and investigate the application of DeepRAG in diverse reasoning tasks."
        },
        "other info": []
    },
    "mount_outline": [
        {
            "section number": "2.2",
            "key information": "The core obstacle in LLMs is the ineffective task decomposition and redundant retrieval processes that introduce noise and degrade response quality."
        },
        {
            "section number": "4",
            "key information": "DeepRAG is a framework that models retrieval-augmented reasoning as a Markov Decision Process, facilitating a more efficient and accurate retrieval process."
        },
        {
            "section number": "4.1",
            "key information": "DeepRAG improves retrieval efficiency and accuracy in reasoning tasks by adaptively determining the need for external knowledge retrieval."
        },
        {
            "section number": "6",
            "key information": "The limitations of DeepRAG may include potential complexities in implementation and the need for extensive training data to optimize performance."
        },
        {
            "section number": "7",
            "key information": "Future work could explore further enhancements in the adaptive retrieval process and investigate the application of DeepRAG in diverse reasoning tasks."
        }
    ],
    "similarity_score": null,
    "image": null,
    "path": "/home/liudingyuan/code/SurveyX/code/SurveyX-main/outputs/t10/papers/Deeprag_ Thinking to retrieve step by step for large language models.json"
}