{
    "from": null,
    "scholar_id": null,
    "detail_id": null,
    "title": "Deep contextualized word representations",
    "abstract": "We introduce a new type of deep contextualized word representation that models both (1) complex characteristics of word use (e.g., syntax and semantics), and (2) how these uses vary across linguistic contexts (i.e., to model polysemy). Our word vectors are learned functions of the internal states of a deep bidirectional language model (biLM), which is pre-trained on a large text corpus. We show that these representations can be easily added to existing models and significantly improve the state of the art across six challenging NLP problems, including question answering, textual entailment and sentiment analysis. We also present an analysis showing that exposing the deep internals of the pre-trained network is crucial, allowing downstream models to mix different types of semi-supervision signals.",
    "arxivid": "1802.05365v2",
    "bib_name": "Deepcontex29",
    "md_text": "# Deep contextualized word representations\n\n\nabstract\n\nWe introduce a new type of deep contextualized word representation that models both (1) complex characteristics of word use (e.g., syntax and semantics), and (2) how these uses vary across linguistic contexts (i.e., to model polysemy). Our word vectors are learned functions of the internal states of a deep bidirectional language model (biLM), which is pre-trained on a large text corpus. We show that these representations can be easily added to existing models and significantly improve the state of the art across six challenging NLP problems, including question answering, textual entailment and sentiment analysis. We also present an analysis showing that exposing the deep internals of the pre-trained network is crucial, allowing downstream models to mix different types of semi-supervision signals.",
    "paper_type": "method",
    "attri": {
        "background": "This paper addresses the issue of representing word meanings in a way that captures their complex characteristics and variations across different contexts, emphasizing the limitations of previous methods in handling polysemy.",
        "problem": {
            "definition": "The problem is the inadequacy of traditional word representations to model the rich and dynamic nature of word usage, particularly in varying linguistic contexts.",
            "key obstacle": "The core obstacle is the inability of existing methods to effectively capture the nuances of word meanings that change depending on context, leading to suboptimal performance in NLP tasks."
        },
        "idea": {
            "intuition": "The inspiration for the proposed idea comes from the observation that words have different meanings in different contexts, which traditional representations fail to fully capture.",
            "opinion": "The proposed idea involves creating deep contextualized word representations that leverage the internal states of a deep bidirectional language model to better reflect the complexity of word usage.",
            "innovation": "The primary innovation lies in the ability to model both syntax and semantics dynamically through a deep learning approach, significantly enhancing the performance of NLP tasks compared to previous static methods."
        },
        "method": {
            "method name": "Deep Contextualized Word Representations",
            "method abbreviation": "DCWR",
            "method definition": "DCWR are word vectors derived from the internal states of a pre-trained deep bidirectional language model, designed to capture the nuances of word usage in context.",
            "method description": "The core of the method involves learning word representations that adapt based on the context in which the words appear.",
            "method steps": "1. Pre-train a deep bidirectional language model on a large text corpus. 2. Extract word vectors from the internal states of the model for specific contexts. 3. Integrate these representations into downstream NLP models.",
            "principle": "This method is effective because it utilizes the rich contextual information encoded in the deep learning model, allowing for a more nuanced understanding of word meanings."
        },
        "experiments": {
            "evaluation setting": "The evaluation was conducted across six challenging NLP tasks, including question answering, textual entailment, and sentiment analysis, using baseline methods for comparison.",
            "evaluation method": "Performance was measured by assessing the improvements in accuracy and effectiveness of models that incorporated the deep contextualized word representations."
        },
        "conclusion": "The experiments demonstrate that deep contextualized word representations significantly enhance the performance of NLP models, providing a robust solution to the challenges posed by polysemy and complex word usage.",
        "discussion": {
            "advantage": "The key advantage of the proposed approach is its ability to dynamically represent word meanings based on context, leading to improved performance in various NLP applications.",
            "limitation": "A limitation of the method may include the dependency on the quality and size of the pre-training corpus, which could affect the generalizability of the representations.",
            "future work": "Future research could explore further refinements in the model architecture, additional training strategies, and applications in new NLP tasks to enhance the versatility of contextualized word representations."
        },
        "other info": []
    },
    "mount_outline": [
        {
            "section number": "2.2",
            "key information": "The problem is the inadequacy of traditional word representations to model the rich and dynamic nature of word usage, particularly in varying linguistic contexts."
        },
        {
            "section number": "3.1",
            "key information": "Deep Contextualized Word Representations (DCWR) are word vectors derived from the internal states of a pre-trained deep bidirectional language model, designed to capture the nuances of word usage in context."
        },
        {
            "section number": "3.2",
            "key information": "The proposed idea involves creating deep contextualized word representations that leverage the internal states of a deep bidirectional language model to better reflect the complexity of word usage."
        },
        {
            "section number": "4",
            "key information": "The experiments demonstrate that deep contextualized word representations significantly enhance the performance of NLP models, providing a robust solution to the challenges posed by polysemy and complex word usage."
        },
        {
            "section number": "6.2",
            "key information": "A limitation of the method may include the dependency on the quality and size of the pre-training corpus, which could affect the generalizability of the representations."
        },
        {
            "section number": "7.1",
            "key information": "Future research could explore further refinements in the model architecture, additional training strategies, and applications in new NLP tasks to enhance the versatility of contextualized word representations."
        }
    ],
    "similarity_score": null,
    "image": null,
    "path": "/home/liudingyuan/code/SurveyX/code/SurveyX-main/outputs/t10/papers/Deep contextualized word representations.json"
}