{
    "from": null,
    "scholar_id": null,
    "detail_id": null,
    "title": "Demorank: Selecting effective demonstrations for large language models in ranking task",
    "abstract": "Recently, there has been increasing interest in applying large language models (LLMs) as zero-shot passage rankers. However, few studies have explored how to select appropriate in-context demonstrations for the passage ranking task, which is the focus of this paper. Previous studies mainly use LLM's feedback to train a retriever for demonstration selection. These studies apply the LLM to score each demonstration independently, which ignores the dependencies between demonstrations (especially important in ranking task), leading to inferior performance of top-$k$ retrieved demonstrations. To mitigate this issue, we introduce a demonstration reranker to rerank the retrieved demonstrations so that top-$k$ ranked ones are more suitable for ICL. However, generating training data for such reranker is quite challenging. On the one hand, different from demonstration retriever, the training samples of reranker need to incorporate demonstration dependencies. On the other hand, obtaining the gold ranking from the retrieved demonstrations is an NP-hard problem, which is hard to implement. To overcome these challenges, we propose a method to approximate the optimal demonstration list iteratively and utilize LLM to score demonstration lists of varying lengths. By doing so, the search space is greatly reduced and demonstration dependencies are considered. Based on these scored demonstration lists, we further design a list-pairwise training approach which compares a pair of lists that only differ in the last demonstration, to teach the reranker how to select the next demonstration given a previous sequence. In this paper, we propose a demonstration selection framework DemoRank for ranking task and conduct extensive experiments to prove its strong ability.",
    "arxivid": "2406.16332v2",
    "bib_name": "Demorank:S99",
    "md_text": "# Demorank: Selecting effective demonstrations for large language models in ranking task\n\n\nabstract\n\nRecently, there has been increasing interest in applying large language models (LLMs) as zero-shot passage rankers. However, few studies have explored how to select appropriate in-context demonstrations for the passage ranking task, which is the focus of this paper. Previous studies mainly use LLM's feedback to train a retriever for demonstration selection. These studies apply the LLM to score each demonstration independently, which ignores the dependencies between demonstrations (especially important in ranking task), leading to inferior performance of top-$k$ retrieved demonstrations. To mitigate this issue, we introduce a demonstration reranker to rerank the retrieved demonstrations so that top-$k$ ranked ones are more suitable for ICL. However, generating training data for such reranker is quite challenging. On the one hand, different from demonstration retriever, the training samples of reranker need to incorporate demonstration dependencies. On the other hand, obtaining the gold ranking from the retrieved demonstrations is an NP-hard problem, which is hard to implement. To overcome these challenges, we propose a method to approximate the optimal demonstration list iteratively and utilize LLM to score demonstration lists of varying lengths. By doing so, the search space is greatly reduced and demonstration dependencies are considered. Based on these scored demonstration lists, we further design a list-pairwise training approach which compares a pair of lists that only differ in the last demonstration, to teach the reranker how to select the next demonstration given a previous sequence. In this paper, we propose a demonstration selection framework DemoRank for ranking task and conduct extensive experiments to prove its strong ability.",
    "paper_type": "method",
    "attri": {
        "background": "This paper addresses the issue of selecting appropriate in-context demonstrations for passage ranking tasks using large language models (LLMs), highlighting the limitations of previous methods that score demonstrations independently without considering their dependencies.",
        "problem": {
            "definition": "The problem involves the ineffective selection of demonstrations for ranking tasks due to existing methods ignoring the dependencies between demonstrations.",
            "key obstacle": "The main challenge is the inability of current approaches to consider demonstration dependencies, which is crucial for achieving optimal performance in ranking tasks."
        },
        "idea": {
            "intuition": "The idea is inspired by the observation that the dependencies between demonstrations significantly affect their effectiveness in ranking tasks.",
            "opinion": "The proposed idea involves introducing a demonstration reranker that re-evaluates the retrieved demonstrations to improve their suitability for in-context learning (ICL).",
            "innovation": "The innovation lies in the development of a reranking method that incorporates demonstration dependencies and utilizes a list-pairwise training approach to enhance the selection process."
        },
        "method": {
            "method name": "DemoRank",
            "method abbreviation": "DR",
            "method definition": "DemoRank is defined as a framework that selects effective demonstrations for ranking tasks by considering the dependencies between demonstrations and optimizing their selection iteratively.",
            "method description": "The core of DemoRank involves reranking retrieved demonstrations to ensure the top-ranked ones are suitable for ICL.",
            "method steps": "1. Retrieve demonstrations using a demonstration retriever. 2. Rerank the retrieved demonstrations considering dependencies. 3. Generate training data for the reranker based on demonstration lists. 4. Train the reranker using a list-pairwise approach.",
            "principle": "The effectiveness of DemoRank is based on the principle that considering demonstration dependencies leads to better selection outcomes, thereby improving performance in ranking tasks."
        },
        "experiments": {
            "evaluation setting": "The experiments were conducted using a set of datasets for passage ranking, comparing the performance of DemoRank against baseline methods.",
            "evaluation method": "Performance was assessed by measuring the ranking accuracy and effectiveness of the selected demonstrations through various metrics."
        },
        "conclusion": "The experiments demonstrated that DemoRank significantly improves the selection of demonstrations for ranking tasks, showcasing its strong performance compared to existing methods.",
        "discussion": {
            "advantage": "The key advantage of DemoRank is its ability to effectively incorporate demonstration dependencies, leading to improved ranking outcomes.",
            "limitation": "One limitation is the complexity involved in generating training data for the reranker, particularly due to the NP-hard nature of obtaining gold rankings.",
            "future work": "Future research could explore simplifying the training data generation process and expanding the framework to other tasks beyond passage ranking."
        },
        "other info": []
    },
    "mount_outline": [
        {
            "section number": "4",
            "key information": "This paper addresses the issue of selecting appropriate in-context demonstrations for passage ranking tasks using large language models (LLMs)."
        },
        {
            "section number": "4.1",
            "key information": "The proposed idea involves introducing a demonstration reranker that re-evaluates the retrieved demonstrations to improve their suitability for in-context learning (ICL)."
        },
        {
            "section number": "4.2",
            "key information": "The experiments demonstrated that DemoRank significantly improves the selection of demonstrations for ranking tasks, showcasing its strong performance compared to existing methods."
        },
        {
            "section number": "6",
            "key information": "One limitation is the complexity involved in generating training data for the reranker, particularly due to the NP-hard nature of obtaining gold rankings."
        },
        {
            "section number": "7",
            "key information": "Future research could explore simplifying the training data generation process and expanding the framework to other tasks beyond passage ranking."
        }
    ],
    "similarity_score": null,
    "image": null,
    "path": "/home/liudingyuan/code/SurveyX/code/SurveyX-main/outputs/t10/papers/Demorank_ Selecting effective demonstrations for large language models in ranking task.json"
}