{
    "from": null,
    "scholar_id": null,
    "detail_id": null,
    "title": "Dense text retrieval based on pretrained language models: A survey",
    "abstract": "Text retrieval is a long-standing research topic on information seeking, where a system is required to return relevant information resources to user\u2019s queries in natural language. From heuristic-based retrieval methods to learning-based ranking functions, the underlying retrieval models have been continually evolved with the ever-lasting technical innovation. To design effective retrieval models, a key point lies in how to learn text representations and model the relevance matching. The recent success of pretrained language models (PLM) sheds light on developing more capable text-retrieval approaches by leveraging the excellent modeling capacity of PLMs. With powerful PLMs, we can effectively learn the semantic representations of queries and texts in the latent representation space, and further construct the semantic matching function between the dense vectors for relevance modeling. Such a retrieval approach is called dense retrieval, since it employs dense vectors to represent the texts. Considering the rapid progress on dense retrieval, this survey systematically reviews the recent progress on PLM-based dense retrieval. Different from previous surveys on dense retrieval, we take a new perspective to organize the related studies by four major aspects, including architecture, training, indexing and integration, and thoroughly summarize the mainstream techniques for each aspect. We extensively collect the recent advances on this topic, and include 300+ reference papers. To support our survey, we create a website for providing useful resources, and release a code repository for dense retrieval. This survey aims to provide a comprehensive, practical reference focused on the major progress for dense text retrieval.",
    "arxivid": "2211.14876v1",
    "bib_name": "Densetextr28",
    "md_text": "# Dense text retrieval based on pretrained language models: A survey\n\n\nabstract\n\nText retrieval is a long-standing research topic on information seeking, where a system is required to return relevant information resources to user\u2019s queries in natural language. From heuristic-based retrieval methods to learning-based ranking functions, the underlying retrieval models have been continually evolved with the ever-lasting technical innovation. To design effective retrieval models, a key point lies in how to learn text representations and model the relevance matching. The recent success of pretrained language models (PLM) sheds light on developing more capable text-retrieval approaches by leveraging the excellent modeling capacity of PLMs. With powerful PLMs, we can effectively learn the semantic representations of queries and texts in the latent representation space, and further construct the semantic matching function between the dense vectors for relevance modeling. Such a retrieval approach is called dense retrieval, since it employs dense vectors to represent the texts. Considering the rapid progress on dense retrieval, this survey systematically reviews the recent progress on PLM-based dense retrieval. Different from previous surveys on dense retrieval, we take a new perspective to organize the related studies by four major aspects, including architecture, training, indexing and integration, and thoroughly summarize the mainstream techniques for each aspect. We extensively collect the recent advances on this topic, and include 300+ reference papers. To support our survey, we create a website for providing useful resources, and release a code repository for dense retrieval. This survey aims to provide a comprehensive, practical reference focused on the major progress for dense text retrieval.",
    "paper_type": "survey",
    "attri": {
        "background": {
            "purpose": "This survey aims to systematically review the recent progress on pretrained language model (PLM)-based dense retrieval, addressing the evolution of text retrieval methods and the integration of PLMs in enhancing text representation and relevance matching.",
            "scope": "The survey focuses on dense retrieval approaches utilizing PLMs, categorizing studies by architecture, training, indexing, and integration. It excludes heuristic-based methods that do not leverage PLMs, as the emphasis is on the advancements brought by these models."
        },
        "problem": {
            "definition": "The core issue explored is how to effectively learn text representations and model relevance matching in text retrieval systems using PLMs.",
            "key obstacle": "Primary challenges include the complexity of integrating PLMs into existing retrieval frameworks and ensuring efficient processing of dense vectors for relevance modeling."
        },
        "architecture": {
            "perspective": "The survey introduces a new organizational framework for understanding dense retrieval studies by focusing on four major aspects: architecture, training, indexing, and integration.",
            "fields/stages": "The survey categorizes current methods into four stages: architecture (design of retrieval models), training (learning representations), indexing (efficient storage and retrieval), and integration (combining retrieval with other systems)."
        },
        "conclusion": {
            "comparisions": "The survey compares various PLM-based dense retrieval methods, highlighting differences in effectiveness and approaches, particularly in how they leverage semantic representations.",
            "results": "Key takeaways include the recognition of PLMs as a significant advancement in dense retrieval, enhancing the ability to model semantic relevance effectively."
        },
        "discussion": {
            "advantage": "Strengths of current research include the ability of PLMs to provide rich semantic representations and improve retrieval accuracy, showcasing significant progress in the field.",
            "limitation": "Current studies often fall short in addressing the computational efficiency of dense retrieval methods and the scalability of PLM integration.",
            "gaps": "Unanswered questions include the optimal methods for fine-tuning PLMs for specific retrieval tasks and how to balance model complexity with retrieval speed.",
            "future work": "Future research directions should focus on enhancing the efficiency of PLM-based retrieval systems, exploring new architectures, and addressing scalability challenges to meet growing data demands."
        },
        "other info": {
            "website": "A website has been created to provide useful resources related to the survey.",
            "code repository": "A code repository for dense retrieval has been released to support the findings of this survey."
        }
    },
    "mount_outline": [
        {
            "section number": "1.1",
            "key information": "The survey aims to systematically review the recent progress on pretrained language model (PLM)-based dense retrieval, addressing the evolution of text retrieval methods and the integration of PLMs in enhancing text representation and relevance matching."
        },
        {
            "section number": "1.1",
            "key information": "The survey focuses on dense retrieval approaches utilizing PLMs, categorizing studies by architecture, training, indexing, and integration."
        },
        {
            "section number": "2.1",
            "key information": "The core issue explored is how to effectively learn text representations and model relevance matching in text retrieval systems using PLMs."
        },
        {
            "section number": "2.2",
            "key information": "Primary challenges include the complexity of integrating PLMs into existing retrieval frameworks and ensuring efficient processing of dense vectors for relevance modeling."
        },
        {
            "section number": "5.1",
            "key information": "The survey introduces a new organizational framework for understanding dense retrieval studies by focusing on four major aspects: architecture, training, indexing, and integration."
        },
        {
            "section number": "6.1",
            "key information": "Current studies often fall short in addressing the computational efficiency of dense retrieval methods and the scalability of PLM integration."
        },
        {
            "section number": "7.1",
            "key information": "Future research directions should focus on enhancing the efficiency of PLM-based retrieval systems, exploring new architectures, and addressing scalability challenges to meet growing data demands."
        },
        {
            "section number": "8",
            "key information": "Key takeaways include the recognition of PLMs as a significant advancement in dense retrieval, enhancing the ability to model semantic relevance effectively."
        }
    ],
    "similarity_score": null,
    "image": null,
    "path": "/home/liudingyuan/code/SurveyX/code/SurveyX-main/outputs/t10/papers/Dense text retrieval based on pretrained language models_ A survey.json"
}