{
    "from": null,
    "scholar_id": null,
    "detail_id": null,
    "title": "Direct preference optimization: Your language model is secretly a reward model",
    "abstract": "While large-scale unsupervised language models (LMs) learn broad world knowledge and some reasoning skills, achieving precise control of their behavior is difficult due to the completely unsupervised nature of their training. Existing methods for gaining such steerability collect human labels of the relative quality of model generations and fine-tune the unsupervised LM to align with these preferences, often with reinforcement learning from human feedback (RLHF). However, RLHF is a complex and often unstable procedure, first fitting a reward model that reflects the human preferences, and then fine-tuning the large unsupervised LM using reinforcement learning to maximize this estimated reward without drifting too far from the original model. In this paper we introduce a new parameterization of the reward model in RLHF that enables extraction of the corresponding optimal policy in closed form, allowing us to solve the standard RLHF problem with only a simple classification loss. The resulting algorithm, which we call Direct Preference Optimization (DPO), is stable, performant, and computationally lightweight, eliminating the need for sampling from the LM during fine-tuning or performing significant hyperparameter tuning. Our experiments show that DPO can fine-tune LMs to align with human preferences as well as or better than existing methods. Notably, fine-tuning with DPO exceeds PPO-based RLHF in ability to control sentiment of generations, and matches or improves response quality in summarization and single-turn dialogue while being substantially simpler to implement and train.",
    "arxivid": "2305.18290v3",
    "bib_name": "Directpref59",
    "md_text": "# Direct preference optimization: Your language model is secretly a reward model\n\n\nabstract\n\nWhile large-scale unsupervised language models (LMs) learn broad world knowledge and some reasoning skills, achieving precise control of their behavior is difficult due to the completely unsupervised nature of their training. Existing methods for gaining such steerability collect human labels of the relative quality of model generations and fine-tune the unsupervised LM to align with these preferences, often with reinforcement learning from human feedback (RLHF). However, RLHF is a complex and often unstable procedure, first fitting a reward model that reflects the human preferences, and then fine-tuning the large unsupervised LM using reinforcement learning to maximize this estimated reward without drifting too far from the original model. In this paper we introduce a new parameterization of the reward model in RLHF that enables extraction of the corresponding optimal policy in closed form, allowing us to solve the standard RLHF problem with only a simple classification loss. The resulting algorithm, which we call Direct Preference Optimization (DPO), is stable, performant, and computationally lightweight, eliminating the need for sampling from the LM during fine-tuning or performing significant hyperparameter tuning. Our experiments show that DPO can fine-tune LMs to align with human preferences as well as or better than existing methods. Notably, fine-tuning with DPO exceeds PPO-based RLHF in ability to control sentiment of generations, and matches or improves response quality in summarization and single-turn dialogue while being substantially simpler to implement and train.",
    "paper_type": "method",
    "attri": {
        "background": "This paper addresses the issue of achieving precise control over the behavior of large-scale unsupervised language models (LMs), which is challenging due to their unsupervised training nature. Previous methods, such as reinforcement learning from human feedback (RLHF), involve complex processes of fitting a reward model based on human preferences, making them unstable and difficult to implement.",
        "problem": {
            "definition": "The problem defined in this paper is the difficulty in steering large-scale unsupervised language models to align with human preferences effectively.",
            "key obstacle": "The main difficulty lies in the complexity and instability of existing RLHF methods, which require fitting a reward model and fine-tuning the LM without deviating from its original performance."
        },
        "idea": {
            "intuition": "The intuition behind the proposed idea is to simplify the process of aligning LMs with human preferences by introducing a new parameterization of the reward model that allows for direct extraction of the optimal policy.",
            "opinion": "The proposed idea, Direct Preference Optimization (DPO), entails using a simple classification loss to solve the RLHF problem, thereby streamlining the fine-tuning process for LMs.",
            "innovation": "The primary innovation of DPO is its ability to achieve stable and effective fine-tuning of LMs without the need for complex sampling or extensive hyperparameter tuning, differentiating it from existing RLHF approaches."
        },
        "method": {
            "method name": "Direct Preference Optimization",
            "method abbreviation": "DPO",
            "method definition": "DPO is a new parameterization of the reward model in RLHF that enables the extraction of the optimal policy in closed form, addressing the problem of steering LMs with human preferences.",
            "method description": "DPO simplifies the fine-tuning of language models by utilizing a straightforward classification loss for training.",
            "method steps": "The method involves parameterizing the reward model, applying a classification loss for optimization, and directly extracting the optimal policy for LM fine-tuning.",
            "principle": "The effectiveness of DPO lies in its ability to provide a stable and computationally lightweight approach to fine-tuning LMs, aligning them with human preferences without the complications of traditional RLHF methods."
        },
        "experiments": {
            "evaluation setting": "The experimental setup includes fine-tuning LMs using DPO and comparing their performance against existing RLHF methods, particularly focusing on sentiment control, summarization, and single-turn dialogue.",
            "evaluation method": "The evaluation method involves measuring the alignment of LM outputs with human preferences and analyzing the quality of responses in various tasks."
        },
        "conclusion": "The experiments demonstrate that DPO can fine-tune language models to align with human preferences as effectively as or better than existing methods, achieving superior sentiment control and matching or improving response quality in summarization and dialogue tasks while being simpler to implement.",
        "discussion": {
            "advantage": "The key advantages of DPO include its stability, performance, and computational efficiency, making it easier to implement and train compared to traditional RLHF methods.",
            "limitation": "One limitation of DPO may be its reliance on the quality of the classification loss and the need for appropriate training data to ensure effective alignment with human preferences.",
            "future work": "Future work could explore enhancing the classification loss mechanism, expanding the applicability of DPO to other types of language tasks, and investigating its performance in diverse settings."
        },
        "other info": {}
    },
    "mount_outline": [
        {
            "section number": "1.1",
            "key information": "The paper addresses the challenge of achieving precise control over the behavior of large-scale unsupervised language models, highlighting the significance of aligning these models with human preferences."
        },
        {
            "section number": "2.2",
            "key information": "The complexity and instability of existing reinforcement learning from human feedback (RLHF) methods pose challenges for traditional search technologies in capturing semantic meaning."
        },
        {
            "section number": "3.1",
            "key information": "Direct Preference Optimization (DPO) is introduced as a new parameterization of the reward model in RLHF, simplifying the process of aligning language models with human preferences."
        },
        {
            "section number": "4.1",
            "key information": "DPO enhances the fine-tuning process of language models by using a straightforward classification loss, which can improve query rewriting and reformulation in information retrieval."
        },
        {
            "section number": "6.1",
            "key information": "The paper discusses the computational efficiency of DPO, which provides a stable approach to fine-tuning language models, addressing challenges related to computational complexity."
        },
        {
            "section number": "7.1",
            "key information": "Future work could explore enhancing the classification loss mechanism in DPO, indicating a direction for optimizing model efficiency in the context of language models."
        }
    ],
    "similarity_score": null,
    "image": null,
    "path": "/home/liudingyuan/code/SurveyX/code/SurveyX-main/outputs/t10/papers/Direct preference optimization_ Your language model is secretly a reward model.json"
}