{
    "from": null,
    "scholar_id": null,
    "detail_id": null,
    "title": "Discrete prompt optimization via constrained generation for zero-shot re-ranker",
    "abstract": "Re-rankers, which order retrieved documents with respect to the relevance score on the given query, have gained attention for the information retrieval (IR) task. Rather than fine-tuning the pre-trained language model (PLM), the large-scale language model (LLM) is utilized as a zero-shot re-ranker with excellent results. While LLM is highly dependent on the prompts, the impact and the optimization of the prompts for the zero-shot re-ranker are not explored yet. Along with highlighting the impact of optimization on the zero-shot re-ranker, we propose a novel discrete prompt optimization method, Constrained Prompt generation (Co-Prompt), with the metric estimating the optimum for re-ranking. Co-Prompt guides the generated texts from PLM toward optimal prompts based on the metric without parameter update. The experimental results demonstrate that Co-Prompt leads to outstanding re-ranking performance against the baselines. Also, Co-Prompt generates more interpretable prompts for humans against other prompt optimization methods.",
    "arxivid": "2305.13729v1",
    "bib_name": "Discretepr98",
    "md_text": "# Discrete prompt optimization via constrained generation for zero-shot re-ranker\n\n\nabstract\n\nRe-rankers, which order retrieved documents with respect to the relevance score on the given query, have gained attention for the information retrieval (IR) task. Rather than fine-tuning the pre-trained language model (PLM), the large-scale language model (LLM) is utilized as a zero-shot re-ranker with excellent results. While LLM is highly dependent on the prompts, the impact and the optimization of the prompts for the zero-shot re-ranker are not explored yet. Along with highlighting the impact of optimization on the zero-shot re-ranker, we propose a novel discrete prompt optimization method, Constrained Prompt generation (Co-Prompt), with the metric estimating the optimum for re-ranking. Co-Prompt guides the generated texts from PLM toward optimal prompts based on the metric without parameter update. The experimental results demonstrate that Co-Prompt leads to outstanding re-ranking performance against the baselines. Also, Co-Prompt generates more interpretable prompts for humans against other prompt optimization methods.",
    "paper_type": "method",
    "attri": {
        "background": "This paper addresses the issue of optimizing prompts for zero-shot re-rankers in information retrieval tasks, emphasizing the need for effective prompt management as existing methods have not thoroughly explored this area.",
        "problem": {
            "definition": "The problem is the lack of effective methods for optimizing prompts used by large-scale language models in zero-shot re-ranking tasks, which limits the performance of these models.",
            "key obstacle": "The core obstacle is that existing methods do not adequately address the impact of prompt optimization on the performance of zero-shot re-rankers, leading to suboptimal results."
        },
        "idea": {
            "intuition": "The idea was inspired by the observation that the performance of zero-shot re-rankers heavily relies on the quality of prompts, suggesting that optimizing these prompts could significantly enhance re-ranking results.",
            "opinion": "The proposed idea, Co-Prompt, involves a novel discrete prompt optimization method that guides the generation of optimal prompts without requiring parameter updates.",
            "innovation": "Co-Prompt differs from existing approaches by utilizing a metric to estimate the optimum for re-ranking, thereby generating more interpretable prompts and improving performance."
        },
        "method": {
            "method name": "Constrained Prompt generation",
            "method abbreviation": "Co-Prompt",
            "method definition": "Co-Prompt is a method for optimizing prompts in zero-shot re-ranking tasks by guiding the generation process towards optimal prompts based on a defined metric.",
            "method description": "The core of Co-Prompt is its ability to optimize prompts for large-scale language models in a zero-shot context without the need for fine-tuning.",
            "method steps": "1. Define the metric for optimal re-ranking. 2. Generate prompts using the PLM. 3. Evaluate the generated prompts against the metric. 4. Select the prompts that meet the optimal criteria.",
            "principle": "The effectiveness of Co-Prompt lies in its ability to leverage a metric for prompt optimization, ensuring that the generated prompts are aligned with the desired re-ranking outcomes."
        },
        "experiments": {
            "evaluation setting": "The experimental setup involved comparing Co-Prompt against baseline methods using various datasets to assess re-ranking performance.",
            "evaluation method": "The evaluation method included measuring the performance of the re-rankers based on the relevance scores derived from the optimized prompts."
        },
        "conclusion": "The experimental results indicate that Co-Prompt significantly enhances re-ranking performance compared to baseline methods and produces more interpretable prompts.",
        "discussion": {
            "advantage": "Key advantages of Co-Prompt include improved re-ranking performance and the generation of interpretable prompts, which facilitate better understanding for human users.",
            "limitation": "A limitation of the method may include its dependency on the predefined metric, which could impact the effectiveness of prompt optimization.",
            "future work": "Future work could explore refining the metric used for optimization and applying Co-Prompt to other tasks beyond zero-shot re-ranking."
        },
        "other info": [
            {
                "info1": "The paper highlights the importance of prompt optimization in enhancing the capabilities of zero-shot re-rankers."
            }
        ]
    },
    "mount_outline": [
        {
            "section number": "4",
            "key information": "This paper addresses the issue of optimizing prompts for zero-shot re-rankers in information retrieval tasks, emphasizing the need for effective prompt management."
        },
        {
            "section number": "4.1",
            "key information": "The proposed idea, Co-Prompt, involves a novel discrete prompt optimization method that guides the generation of optimal prompts without requiring parameter updates."
        },
        {
            "section number": "6",
            "key information": "A limitation of the method may include its dependency on the predefined metric, which could impact the effectiveness of prompt optimization."
        },
        {
            "section number": "6.1",
            "key information": "The core obstacle is that existing methods do not adequately address the impact of prompt optimization on the performance of zero-shot re-rankers, leading to suboptimal results."
        },
        {
            "section number": "7.1",
            "key information": "Future work could explore refining the metric used for optimization and applying Co-Prompt to other tasks beyond zero-shot re-ranking."
        }
    ],
    "similarity_score": null,
    "image": null,
    "path": "/home/liudingyuan/code/SurveyX/code/SurveyX-main/outputs/t10/papers/Discrete prompt optimization via constrained generation for zero-shot re-ranker.json"
}