{
    "from": null,
    "scholar_id": null,
    "detail_id": null,
    "title": "Don't forget private retrieval: distributed private similarity search for large language models",
    "abstract": "While the flexible capabilities of large language models (LLMs) allow them to answer a range of queries based on existing learned knowledge, information retrieval to augment generation is an important tool to allow LLMs to answer questions on information not included in pre-training data. Such private information is increasingly being generated in a wide array of distributed contexts by organizations and individuals. Performing such information retrieval using neural embeddings of queries and documents always leaked information about queries and database content unless both were stored locally. We present Private Retrieval Augmented Generation (PRAG), an approach that uses multi-party computation (MPC) to securely transmit queries to a distributed set of servers containing a privately constructed database to return top-k and approximate top-k documents. This is a first-of-its-kind approach to dense information retrieval that ensures no server observes a client\u2019s query or can see the database content. The approach introduces a novel MPC friendly protocol for inverted file approximate search (IVF) that allows for fast document search over distributed and private data in sublinear communication complexity. This work presents new avenues through which data for use in LLMs can be accessed and used without needing to centralize or forgo privacy.",
    "arxivid": "2311.12955v1",
    "bib_name": "Don'tforge154",
    "md_text": "# Don't forget private retrieval: distributed private similarity search for large language models\n\n\nabstract\n\nWhile the flexible capabilities of large language models (LLMs) allow them to answer a range of queries based on existing learned knowledge, information retrieval to augment generation is an important tool to allow LLMs to answer questions on information not included in pre-training data. Such private information is increasingly being generated in a wide array of distributed contexts by organizations and individuals. Performing such information retrieval using neural embeddings of queries and documents always leaked information about queries and database content unless both were stored locally. We present Private Retrieval Augmented Generation (PRAG), an approach that uses multi-party computation (MPC) to securely transmit queries to a distributed set of servers containing a privately constructed database to return top-k and approximate top-k documents. This is a first-of-its-kind approach to dense information retrieval that ensures no server observes a client\u2019s query or can see the database content. The approach introduces a novel MPC friendly protocol for inverted file approximate search (IVF) that allows for fast document search over distributed and private data in sublinear communication complexity. This work presents new avenues through which data for use in LLMs can be accessed and used without needing to centralize or forgo privacy.",
    "paper_type": "method",
    "attri": {
        "background": "This paper addresses the issue of secure information retrieval for large language models (LLMs) in distributed contexts, highlighting the limitations of existing methods that compromise query and database privacy.",
        "problem": {
            "definition": "The problem involves retrieving private information from a distributed database using LLMs without exposing sensitive queries or database content.",
            "key obstacle": "The core obstacle is that traditional information retrieval methods leak information about queries and database content when using neural embeddings."
        },
        "idea": {
            "intuition": "The idea was inspired by the need for privacy in information retrieval, particularly in contexts where sensitive data is distributed across multiple servers.",
            "opinion": "The proposed idea is to use multi-party computation (MPC) to facilitate secure query transmission and retrieval of documents from a distributed database without compromising privacy.",
            "innovation": "The innovation lies in the introduction of a novel MPC-friendly protocol for inverted file approximate search (IVF), allowing for secure and efficient document retrieval while maintaining privacy."
        },
        "method": {
            "method name": "Private Retrieval Augmented Generation",
            "method abbreviation": "PRAG",
            "method definition": "PRAG is a method that employs multi-party computation to securely transmit queries to distributed servers and retrieve relevant documents without exposing sensitive information.",
            "method description": "The core of PRAG involves using MPC to perform secure information retrieval from a distributed database while ensuring privacy.",
            "method steps": "1. Securely transmit the query using MPC. 2. Query distributed servers containing the private database. 3. Retrieve top-k documents based on the query without exposing sensitive information.",
            "principle": "PRAG is effective due to its use of multi-party computation, which allows secure communication and retrieval processes that prevent any server from accessing the client's query or the database content."
        },
        "experiments": {
            "evaluation setting": "The experimental setup includes a distributed database with private documents and a set of queries to evaluate the performance of PRAG against baseline methods.",
            "evaluation method": "The evaluation method involves measuring the accuracy and privacy preservation of document retrieval compared to traditional methods."
        },
        "conclusion": "The outcomes demonstrate that PRAG effectively retrieves information from a distributed database while maintaining user privacy, showcasing its potential for enhancing LLM capabilities without compromising security.",
        "discussion": {
            "advantage": "The key advantages of PRAG include enhanced privacy during information retrieval and the ability to access distributed data without centralization.",
            "limitation": "A limitation of the method is the potential increase in computational complexity and communication overhead associated with multi-party computation.",
            "future work": "Future work could explore optimizing the efficiency of the MPC protocols used and expanding the method to handle larger datasets and more complex queries."
        },
        "other info": []
    },
    "mount_outline": [
        {
            "section number": "2.2",
            "key information": "Traditional information retrieval methods leak information about queries and database content when using neural embeddings."
        },
        {
            "section number": "4",
            "key information": "This paper addresses the issue of secure information retrieval for large language models (LLMs) in distributed contexts, highlighting the limitations of existing methods that compromise query and database privacy."
        },
        {
            "section number": "4.1",
            "key information": "The proposed idea is to use multi-party computation (MPC) to facilitate secure query transmission and retrieval of documents from a distributed database without compromising privacy."
        },
        {
            "section number": "6.1",
            "key information": "A limitation of the method is the potential increase in computational complexity and communication overhead associated with multi-party computation."
        },
        {
            "section number": "7.1",
            "key information": "Future work could explore optimizing the efficiency of the MPC protocols used and expanding the method to handle larger datasets and more complex queries."
        }
    ],
    "similarity_score": null,
    "image": null,
    "path": "/home/liudingyuan/code/SurveyX/code/SurveyX-main/outputs/t10/papers/Don't forget private retrieval_ distributed private similarity search for large language models.json"
}