{
    "from": null,
    "scholar_id": null,
    "detail_id": null,
    "title": "Emergent abilities of large language models",
    "abstract": "Scaling up language models has been shown to predictably improve performance and sample efficiency on a wide range of downstream tasks. This paper instead discusses an unpredictable phenomenon that we refer to as emergent abilities of large language models. We consider an ability to be emergent if it is not present in smaller models but is present in larger models. Thus, emergent abilities cannot be predicted simply by extrapolating the performance of smaller models. The existence of such emergence implies that additional scaling could further expand the range of capabilities of language models.",
    "arxivid": "2206.07682v2",
    "bib_name": "Emergentab19",
    "md_text": "# Emergent abilities of large language models\n\n\nabstract\n\nScaling up language models has been shown to predictably improve performance and sample efficiency on a wide range of downstream tasks. This paper instead discusses an unpredictable phenomenon that we refer to as emergent abilities of large language models. We consider an ability to be emergent if it is not present in smaller models but is present in larger models. Thus, emergent abilities cannot be predicted simply by extrapolating the performance of smaller models. The existence of such emergence implies that additional scaling could further expand the range of capabilities of language models.",
    "paper_type": "theory",
    "attri": {
        "background": "This paper addresses the unpredictable phenomenon of emergent abilities in large language models, highlighting the significance of scaling in enhancing performance and sample efficiency across various tasks.",
        "problem": {
            "definition": "The problem is the inability to predict the emergence of certain capabilities in large language models based solely on the performance of smaller models.",
            "key obstacle": "The main challenge is understanding why certain abilities are not present in smaller models but appear in larger ones, making it difficult to anticipate the full potential of scaling."
        },
        "idea": {
            "intuition": "The idea was inspired by observations that larger models exhibit capabilities that smaller models lack, suggesting a non-linear progression in abilities.",
            "opinion": "The authors propose that emergent abilities are a significant aspect of model scaling that warrants further exploration.",
            "innovation": "The primary improvement compared to previous methods is the recognition that not all capabilities can be predicted from smaller models, indicating a need for a different approach to understanding model performance."
        },
        "Theory": {
            "perspective": "The perspective of the theory revolves around the emergent properties of large models, suggesting a complex relationship between model size and capability.",
            "opinion": "The authors assume that scaling up models can lead to unforeseen abilities that are not linearly related to the size of the model.",
            "proof": "The paper does not provide formal proofs but discusses empirical observations supporting the existence of emergent abilities in larger models."
        },
        "experiments": {
            "evaluation setting": "The evaluation involves comparing various sizes of language models to identify the emergence of abilities not present in smaller counterparts.",
            "evaluation method": "The evaluation steps include analyzing performance metrics across different model sizes and identifying capabilities that emerge only at larger scales."
        },
        "conclusion": "The conclusion drawn from the experiments is that emergent abilities in large language models suggest that further scaling could unlock additional capabilities that are currently unpredictable.",
        "discussion": {
            "advantage": "The advantage of this paper lies in its focus on the unpredictable nature of emergent abilities, which challenges existing assumptions about model performance.",
            "limitation": "A limitation is the lack of formal proofs or detailed methodologies for quantifying emergent abilities, which may lead to ambiguity in findings.",
            "future work": "Future work could focus on systematically exploring the nature of emergent abilities, developing methods to predict them, and investigating the underlying mechanisms that contribute to their emergence."
        },
        "other info": []
    },
    "mount_outline": [
        {
            "section number": "3.1",
            "key information": "The paper addresses the unpredictable phenomenon of emergent abilities in large language models, highlighting the significance of scaling in enhancing performance and sample efficiency across various tasks."
        },
        {
            "section number": "3.1",
            "key information": "The problem is the inability to predict the emergence of certain capabilities in large language models based solely on the performance of smaller models."
        },
        {
            "section number": "4",
            "key information": "The authors propose that emergent abilities are a significant aspect of model scaling that warrants further exploration."
        },
        {
            "section number": "6.2",
            "key information": "A limitation is the lack of formal proofs or detailed methodologies for quantifying emergent abilities, which may lead to ambiguity in findings."
        },
        {
            "section number": "7.1",
            "key information": "Future work could focus on systematically exploring the nature of emergent abilities, developing methods to predict them, and investigating the underlying mechanisms that contribute to their emergence."
        }
    ],
    "similarity_score": null,
    "image": null,
    "path": "/home/liudingyuan/code/SurveyX/code/SurveyX-main/outputs/t10/papers/Emergent abilities of large language models.json"
}