{
    "from": null,
    "scholar_id": null,
    "detail_id": null,
    "title": "Empowering large language models to set up a knowledge retrieval indexer via self-learning",
    "abstract": "Retrieval-Augmented Generation (RAG) offers a cost-effective approach to injecting real-time knowledge into large language models (LLMs). Nevertheless, constructing and validating high-quality knowledge repositories require considerable effort. We propose a pre-retrieval framework named Pseudo-Graph Retrieval-Augmented Generation (PG-RAG), which conceptualizes LLMs as students by providing them with abundant raw reading materials and encouraging them to engage in autonomous reading to record factual information in their own words. The resulting concise, well-organized mental indices are interconnected through common topics or complementary facts to form a pseudo-graph database. During the retrieval phase, PG-RAG mimics the human behavior in flipping through notes, identifying fact paths and subsequently exploring the related contexts. Adhering to the principle of the path taken by many is the best, it integrates highly corroborated fact paths to provide a structured and refined sub-graph assisting LLMs. We validated PG-RAG on three specialized question-answering datasets. In single-document tasks, PG-RAG significantly outperformed the current best baseline, KGP-LLaMA, across all key evaluation metrics, with an average overall performance improvement of 11.6%. Specifically, its BLEU score increased by approximately 14.3%, and the QE-F1 metric improved by 23.7%. In multi-document scenarios, the average metrics of PG-RAG were at least 2.35% higher than the best baseline. Notably, the BLEU score and QE-F1 metric showed stable improvements of around 7.55% and 12.75%, respectively. Our code: https://github.com/IAAR-Shanghai/PGRAG.",
    "arxivid": "2405.16933v1",
    "bib_name": "Empowering140",
    "md_text": "# Empowering large language models to set up a knowledge retrieval indexer via self-learning\n\n\nabstract\n\nRetrieval-Augmented Generation (RAG) offers a cost-effective approach to injecting real-time knowledge into large language models (LLMs). Nevertheless, constructing and validating high-quality knowledge repositories require considerable effort. We propose a pre-retrieval framework named Pseudo-Graph Retrieval-Augmented Generation (PG-RAG), which conceptualizes LLMs as students by providing them with abundant raw reading materials and encouraging them to engage in autonomous reading to record factual information in their own words. The resulting concise, well-organized mental indices are interconnected through common topics or complementary facts to form a pseudo-graph database. During the retrieval phase, PG-RAG mimics the human behavior in flipping through notes, identifying fact paths and subsequently exploring the related contexts. Adhering to the principle of the path taken by many is the best, it integrates highly corroborated fact paths to provide a structured and refined sub-graph assisting LLMs. We validated PG-RAG on three specialized question-answering datasets. In single-document tasks, PG-RAG significantly outperformed the current best baseline, KGP-LLaMA, across all key evaluation metrics, with an average overall performance improvement of 11.6%. Specifically, its BLEU score increased by approximately 14.3%, and the QE-F1 metric improved by 23.7%. In multi-document scenarios, the average metrics of PG-RAG were at least 2.35% higher than the best baseline. Notably, the BLEU score and QE-F1 metric showed stable improvements of around 7.55% and 12.75%, respectively. Our code: https://github.com/IAAR-Shanghai/PGRAG.",
    "paper_type": "method",
    "attri": {
        "background": "This paper addresses the issue of effectively constructing and validating high-quality knowledge repositories for large language models (LLMs) using a pre-retrieval framework.",
        "problem": {
            "definition": "The problem involves the challenge of creating efficient knowledge retrieval systems that can integrate real-time knowledge into LLMs without extensive manual effort.",
            "key obstacle": "The main difficulty lies in the considerable effort required to construct and validate these knowledge repositories, which existing methods do not adequately address."
        },
        "idea": {
            "intuition": "The idea is inspired by the concept of treating LLMs as students who can autonomously read and organize information, similar to how humans take notes.",
            "opinion": "The proposed idea, Pseudo-Graph Retrieval-Augmented Generation (PG-RAG), allows LLMs to create concise mental indices from raw materials, forming a pseudo-graph database for effective knowledge retrieval.",
            "innovation": "The key innovation of PG-RAG is its ability to mimic human behavior in retrieving information through fact paths, integrating corroborated paths to enhance the retrieval process."
        },
        "method": {
            "method name": "Pseudo-Graph Retrieval-Augmented Generation",
            "method abbreviation": "PG-RAG",
            "method definition": "PG-RAG is a pre-retrieval framework that enables LLMs to autonomously read and organize information into a structured pseudo-graph database.",
            "method description": "It conceptualizes LLMs as students engaging in autonomous reading to create organized mental indices for knowledge retrieval.",
            "method steps": "1. Provide LLMs with raw reading materials; 2. Encourage autonomous reading; 3. Organize information into a pseudo-graph; 4. Retrieve information by identifying fact paths.",
            "principle": "The method is effective because it leverages the principle that the most corroborated paths yield the best retrieval results, enhancing the quality of the knowledge accessed by LLMs."
        },
        "experiments": {
            "evaluation setting": "The method was validated on three specialized question-answering datasets, comparing its performance against the baseline method KGP-LLaMA.",
            "evaluation method": "Performance was assessed using key evaluation metrics, including BLEU scores and QE-F1 metrics, to measure improvements in single-document and multi-document scenarios."
        },
        "conclusion": "The experiments demonstrated that PG-RAG significantly outperformed the best baseline across all key metrics, with notable improvements in BLEU scores and QE-F1 metrics, indicating its effectiveness in enhancing LLM knowledge retrieval.",
        "discussion": {
            "advantage": "The key advantages of PG-RAG include its ability to autonomously organize information and improve retrieval accuracy through corroborated fact paths.",
            "limitation": "A limitation of the method may include potential challenges in the initial setup of raw reading materials and the need for extensive data for optimal performance.",
            "future work": "Future research could focus on refining the autonomous reading process and exploring additional datasets to enhance the robustness of the PG-RAG framework."
        },
        "other info": []
    },
    "mount_outline": [
        {
            "section number": "2.1",
            "key information": "The problem involves the challenge of creating efficient knowledge retrieval systems that can integrate real-time knowledge into LLMs without extensive manual effort."
        },
        {
            "section number": "3.1",
            "key information": "PG-RAG is a pre-retrieval framework that enables LLMs to autonomously read and organize information into a structured pseudo-graph database."
        },
        {
            "section number": "4.1",
            "key information": "The key innovation of PG-RAG is its ability to mimic human behavior in retrieving information through fact paths, integrating corroborated paths to enhance the retrieval process."
        },
        {
            "section number": "4.2",
            "key information": "The method was validated on three specialized question-answering datasets, comparing its performance against the baseline method KGP-LLaMA."
        },
        {
            "section number": "6.2",
            "key information": "A limitation of the method may include potential challenges in the initial setup of raw reading materials and the need for extensive data for optimal performance."
        },
        {
            "section number": "7.1",
            "key information": "Future research could focus on refining the autonomous reading process and exploring additional datasets to enhance the robustness of the PG-RAG framework."
        }
    ],
    "similarity_score": null,
    "image": null,
    "path": "/home/liudingyuan/code/SurveyX/code/SurveyX-main/outputs/t10/papers/Empowering large language models to set up a knowledge retrieval indexer via self-learning.json"
}