{
    "from": null,
    "scholar_id": null,
    "detail_id": null,
    "title": "Enabling large language models to generate text with citations",
    "abstract": "Large language models (LLMs) have emerged as a widely-used tool for information seeking, but their generated outputs are prone to hallucination. In this work, our aim is to allow LLMs to generate text with citations, improving their factual correctness and verifiability. Existing work mainly relies on commercial search engines and human evaluation, making it challenging to reproduce and compare different modeling approaches. We propose ALCE, the first benchmark for Automatic LLMs' Citation Evaluation. ALCE collects a diverse set of questions and retrieval corpora and requires building end-to-end systems to retrieve supporting evidence and generate answers with citations. We develop automatic metrics along three dimensions -- fluency, correctness, and citation quality -- and demonstrate their strong correlation with human judgements. Our experiments with state-of-the-art LLMs and novel prompting strategies show that current systems have considerable room for improvement -- For example, on the ELI5 dataset, even the best models lack complete citation support 50% of the time. Our analyses further highlight promising future directions, including developing better retrievers, advancing long-context LLMs, and improving the ability to synthesize information from multiple sources.",
    "arxivid": "2305.14627v2",
    "bib_name": "Enablingla139",
    "md_text": "# Enabling large language models to generate text with citations\n\n\nabstract\n\nLarge language models (LLMs) have emerged as a widely-used tool for information seeking, but their generated outputs are prone to hallucination. In this work, our aim is to allow LLMs to generate text with citations, improving their factual correctness and verifiability. Existing work mainly relies on commercial search engines and human evaluation, making it challenging to reproduce and compare different modeling approaches. We propose ALCE, the first benchmark for Automatic LLMs' Citation Evaluation. ALCE collects a diverse set of questions and retrieval corpora and requires building end-to-end systems to retrieve supporting evidence and generate answers with citations. We develop automatic metrics along three dimensions -- fluency, correctness, and citation quality -- and demonstrate their strong correlation with human judgements. Our experiments with state-of-the-art LLMs and novel prompting strategies show that current systems have considerable room for improvement -- For example, on the ELI5 dataset, even the best models lack complete citation support 50% of the time. Our analyses further highlight promising future directions, including developing better retrievers, advancing long-context LLMs, and improving the ability to synthesize information from multiple sources.",
    "paper_type": "benchmark",
    "attri": {
        "background": "Large language models (LLMs) have emerged as a widely-used tool for information seeking, but their generated outputs are prone to hallucination. This benchmark is necessary to improve the factual correctness and verifiability of LLMs' outputs, fitting into the broader research landscape of enhancing LLM reliability.",
        "problem": {
            "definition": "The benchmark is designed to address the challenge of generating text with accurate citations, simulating the task of retrieving supporting evidence and generating answers in a verifiable manner.",
            "key obstacle": "Existing benchmarks mainly rely on commercial search engines and human evaluation, making it difficult to reproduce and compare different modeling approaches."
        },
        "idea": {
            "intuition": "The thought process behind creating the benchmark stems from the need to improve LLMs' ability to produce verifiable outputs with citations, addressing the issue of hallucination.",
            "opinion": "The authors believe that this benchmark is crucial for enhancing the reliability of LLMs and has the potential to significantly impact the field of information retrieval and generation.",
            "innovation": "ALCE differs from previous benchmarks by specifically focusing on citation evaluation and requiring the integration of retrieval and generation systems, offering improvements in how citation quality is assessed.",
            "benchmark abbreviation": "ALCE"
        },
        "dataset": {
            "source": "The dataset was created by collecting a diverse set of questions and retrieval corpora.",
            "desc": "The dataset includes a variety of questions designed to test LLMs' citation capabilities and the retrieval corpora necessary for answering these questions.",
            "content": "The dataset consists of text-based questions and corresponding retrieval documents, which are essential for evaluating citation generation.",
            "size": "-",
            "domain": "Information Retrieval",
            "task format": "Text Generation"
        },
        "metrics": {
            "metric name": "Fluency, Correctness",
            "aspect": "The metrics measure aspects of model performance such as the quality of generated text and the accuracy of citations.",
            "principle": "The choice of metrics is guided by the need to assess both the linguistic quality of the generated text and the reliability of the citations provided.",
            "procedure": "Model performance is evaluated using automatic metrics that correlate with human judgments across the dimensions of fluency, correctness, and citation quality."
        },
        "experiments": {
            "model": "State-of-the-art LLMs were tested in the benchmark.",
            "procedure": "Models were trained and evaluated using novel prompting strategies to generate answers with citations.",
            "result": "The experiments showed that even the best models lack complete citation support 50% of the time on the ELI5 dataset, indicating significant room for improvement.",
            "variability": "Variability in results was accounted for through multiple trials and analyses of different models' performances."
        },
        "conclusion": "The key findings indicate that while current LLMs show potential, there is substantial room for improvement in citation support, highlighting the importance of the ALCE benchmark for future advancements.",
        "discussion": {
            "advantage": "The benchmark contributes to the field by providing a structured way to evaluate LLMs' citation capabilities, promoting better practices in information generation.",
            "limitation": "Potential drawbacks include the reliance on automatic metrics, which may not fully capture the nuances of human judgment in citation quality.",
            "future work": "Future research could focus on developing better retrieval systems, enhancing long-context LLMs, and improving synthesis from multiple sources."
        },
        "other info": []
    },
    "mount_outline": [
        {
            "section number": "1.1",
            "key information": "The benchmark is designed to address the challenge of generating text with accurate citations, simulating the task of retrieving supporting evidence and generating answers in a verifiable manner."
        },
        {
            "section number": "4",
            "key information": "Large language models (LLMs) have emerged as a widely-used tool for information seeking, but their generated outputs are prone to hallucination."
        },
        {
            "section number": "4.2",
            "key information": "The experiments showed that even the best models lack complete citation support 50% of the time on the ELI5 dataset, indicating significant room for improvement."
        },
        {
            "section number": "6.2",
            "key information": "Potential drawbacks include the reliance on automatic metrics, which may not fully capture the nuances of human judgment in citation quality."
        },
        {
            "section number": "7.1",
            "key information": "Future research could focus on developing better retrieval systems, enhancing long-context LLMs, and improving synthesis from multiple sources."
        }
    ],
    "similarity_score": null,
    "image": null,
    "path": "/home/liudingyuan/code/SurveyX/code/SurveyX-main/outputs/t10/papers/Enabling large language models to generate text with citations.json"
}