{
    "from": null,
    "scholar_id": null,
    "detail_id": null,
    "title": "FIRST: faster improved listwise reranking with single token decoding",
    "abstract": "Large Language Models (LLMs) have significantly advanced the field of information retrieval, particularly for reranking. Listwise LLM rerankers have showcased superior performance and generalizability compared to existing supervised approaches. However, conventional listwise LLM reranking methods lack efficiency as they provide ranking output in the form of a generated ordered sequence of candidate passage identifiers. Further, they are trained with the typical language modeling objective, which treats all ranking errors uniformly\u2013potentially at the cost of misranking highly relevant passages. Addressing these limitations, we introduce FIRST, a novel listwise LLM reranking approach leveraging the output logits of the first generated identifier to directly obtain a ranked ordering of the candidates. Further, we incorporate a learning-to-rank loss during training, prioritizing ranking accuracy for the more relevant passages. Empirical results demonstrate that FIRST accelerates inference by 50% while maintaining a robust ranking performance with gains across the BEIR benchmark. Finally, to illustrate the practical effectiveness of listwise LLM rerankers, we investigate their application in providing relevance feedback for retrievers during inference. Our results show that LLM rerankers can provide a stronger distillation signal compared to cross-encoders, yielding substantial improvements in retriever recall after relevance feedback.",
    "arxivid": "2406.15657v1",
    "bib_name": "FIRST:fast121",
    "md_text": "# FIRST: faster improved listwise reranking with single token decoding\n\n\nabstract\n\nLarge Language Models (LLMs) have significantly advanced the field of information retrieval, particularly for reranking. Listwise LLM rerankers have showcased superior performance and generalizability compared to existing supervised approaches. However, conventional listwise LLM reranking methods lack efficiency as they provide ranking output in the form of a generated ordered sequence of candidate passage identifiers. Further, they are trained with the typical language modeling objective, which treats all ranking errors uniformly\u2013potentially at the cost of misranking highly relevant passages. Addressing these limitations, we introduce FIRST, a novel listwise LLM reranking approach leveraging the output logits of the first generated identifier to directly obtain a ranked ordering of the candidates. Further, we incorporate a learning-to-rank loss during training, prioritizing ranking accuracy for the more relevant passages. Empirical results demonstrate that FIRST accelerates inference by 50% while maintaining a robust ranking performance with gains across the BEIR benchmark. Finally, to illustrate the practical effectiveness of listwise LLM rerankers, we investigate their application in providing relevance feedback for retrievers during inference. Our results show that LLM rerankers can provide a stronger distillation signal compared to cross-encoders, yielding substantial improvements in retriever recall after relevance feedback.",
    "paper_type": "method",
    "attri": {
        "background": "This paper addresses the issue of inefficiency in conventional listwise LLM reranking methods, which provide ranking output as a generated ordered sequence of candidate passage identifiers. Previous methods have shown superior performance but lack efficiency and uniform treatment of ranking errors, particularly affecting the ranking of highly relevant passages.",
        "problem": {
            "definition": "The problem is the inefficiency of existing listwise LLM reranking methods in generating ranked outputs and the suboptimal treatment of ranking errors, which can misrank highly relevant passages.",
            "key obstacle": "The core obstacle is the reliance on typical language modeling objectives that do not prioritize the ranking of more relevant passages, leading to potential misrankings."
        },
        "idea": {
            "intuition": "The intuition behind FIRST is to leverage the output logits of the first generated identifier to directly obtain a ranked ordering of candidates, enhancing efficiency.",
            "opinion": "FIRST is a novel listwise LLM reranking approach that incorporates a learning-to-rank loss during training to improve ranking accuracy for more relevant passages.",
            "innovation": "The primary difference of FIRST compared to existing methods is its direct use of the first generated identifier's logits for ranking, along with a targeted learning-to-rank loss that emphasizes relevant passage accuracy."
        },
        "method": {
            "method name": "FIRST",
            "method abbreviation": "FIRST",
            "method definition": "FIRST is a listwise LLM reranking approach that uses the output logits from the first generated identifier to directly produce a ranked ordering of candidate passages.",
            "method description": "The core of FIRST involves leveraging the logits of the first identifier to achieve efficient and accurate reranking of candidates.",
            "method steps": "1. Generate candidate passage identifiers. 2. Extract output logits from the first identifier. 3. Apply a learning-to-rank loss to prioritize relevant passages during training. 4. Produce a ranked ordering based on the logits.",
            "principle": "This method is effective because it directly addresses the inefficiencies of conventional approaches by focusing on relevant passage ranking and reducing inference time."
        },
        "experiments": {
            "evaluation setting": "The evaluation was conducted using the BEIR benchmark, comparing FIRST against baseline methods to assess performance improvements and inference speed.",
            "evaluation method": "Performance was measured by analyzing ranking accuracy and inference speed, particularly focusing on the recall improvements in retrievers after relevance feedback from LLM rerankers."
        },
        "conclusion": "FIRST demonstrates a 50% acceleration in inference while maintaining robust ranking performance, showing significant improvements in the BEIR benchmark and highlighting the practical effectiveness of listwise LLM rerankers in enhancing retriever recall.",
        "discussion": {
            "advantage": "The key advantages of FIRST include its efficiency in inference and its ability to prioritize the ranking of highly relevant passages, leading to improved overall performance.",
            "limitation": "A limitation of the method may include its dependency on the quality of the initial candidate generation process, which could affect the final ranking.",
            "future work": "Future research may focus on refining the candidate generation process and exploring additional loss functions to further enhance the ranking accuracy and efficiency of LLM rerankers."
        },
        "other info": []
    },
    "mount_outline": [
        {
            "section number": "4",
            "key information": "This paper addresses the issue of inefficiency in conventional listwise LLM reranking methods, which provide ranking output as a generated ordered sequence of candidate passage identifiers."
        },
        {
            "section number": "4.1",
            "key information": "FIRST is a novel listwise LLM reranking approach that incorporates a learning-to-rank loss during training to improve ranking accuracy for more relevant passages."
        },
        {
            "section number": "5.1",
            "key information": "FIRST is a listwise LLM reranking approach that uses the output logits from the first generated identifier to directly produce a ranked ordering of candidate passages."
        },
        {
            "section number": "6",
            "key information": "A limitation of the method may include its dependency on the quality of the initial candidate generation process, which could affect the final ranking."
        },
        {
            "section number": "7",
            "key information": "Future research may focus on refining the candidate generation process and exploring additional loss functions to further enhance the ranking accuracy and efficiency of LLM rerankers."
        }
    ],
    "similarity_score": null,
    "image": null,
    "path": "/home/liudingyuan/code/SurveyX/code/SurveyX-main/outputs/t10/papers/FIRST_ faster improved listwise reranking with single token decoding.json"
}