{
    "from": null,
    "scholar_id": null,
    "detail_id": null,
    "title": "From eliza to xiaoice: challenges and opportunities with social chatbots",
    "abstract": "Conversational systems have come a long way since their inception in the 1960s. After decades of research and development, we have seen progress from Eliza and Parry in the 1960s and 1970s, to task-completion systems as in the Defense Advanced Research Projects Agency (DARPA) communicator program in the 2000s, to intelligent personal assistants such as Siri, in the 2010s, to today\u2019s social chatbots like XiaoIce. Social chatbots\u2019 appeal lies not only in their ability to respond to users\u2019 diverse requests, but also in being able to establish an emotional connection with users. The latter is done by satisfying users\u2019 need for communication, affection, as well as social belonging. To further the advancement and adoption of social chatbots, their design must focus on user engagement and take both intellectual quotient (IQ) and emotional quotient (EQ) into account. Users should want to engage with a social chatbot; as such, we define the success metric for social chatbots as conversation-turns per session (CPS). Using XiaoIce as an illustrative example, we discuss key technologies in building social chatbots from core chat to visual awareness to skills. We also show how XiaoIce can dynamically recognize emotion and engage the user throughout long conversations with appropriate interpersonal responses. As we become the first generation of humans ever living with artificial intelligenc (AI), we have a responsibility to design social chatbots to be both useful and empathetic, so they will become ubiquitous and help society as a whole.",
    "arxivid": "1801.01957v2",
    "bib_name": "Fromelizat1",
    "md_text": "# From eliza to xiaoice: challenges and opportunities with social chatbots\n\n\nabstract\n\nConversational systems have come a long way since their inception in the 1960s. After decades of research and development, we have seen progress from Eliza and Parry in the 1960s and 1970s, to task-completion systems as in the Defense Advanced Research Projects Agency (DARPA) communicator program in the 2000s, to intelligent personal assistants such as Siri, in the 2010s, to today\u2019s social chatbots like XiaoIce. Social chatbots\u2019 appeal lies not only in their ability to respond to users\u2019 diverse requests, but also in being able to establish an emotional connection with users. The latter is done by satisfying users\u2019 need for communication, affection, as well as social belonging. To further the advancement and adoption of social chatbots, their design must focus on user engagement and take both intellectual quotient (IQ) and emotional quotient (EQ) into account. Users should want to engage with a social chatbot; as such, we define the success metric for social chatbots as conversation-turns per session (CPS). Using XiaoIce as an illustrative example, we discuss key technologies in building social chatbots from core chat to visual awareness to skills. We also show how XiaoIce can dynamically recognize emotion and engage the user throughout long conversations with appropriate interpersonal responses. As we become the first generation of humans ever living with artificial intelligenc (AI), we have a responsibility to design social chatbots to be both useful and empathetic, so they will become ubiquitous and help society as a whole.",
    "paper_type": "survey",
    "attri": {
        "background": {
            "purpose": "The survey aims to explore the evolution and current state of social chatbots, addressing the need for emotional connection and user engagement in conversational systems.",
            "scope": "The survey covers the transition from early conversational systems like Eliza to modern social chatbots such as XiaoIce, focusing on their design, technologies, and user interaction. Areas excluded include purely task-oriented chatbots that do not prioritize emotional engagement."
        },
        "problem": {
            "definition": "The core issue explored is the challenge of designing social chatbots that effectively engage users emotionally while fulfilling their communication needs.",
            "key obstacle": "A primary challenge is balancing the intellectual and emotional aspects of chatbots to ensure they can maintain user engagement over extended interactions."
        },
        "architecture": {
            "perspective": "The survey introduces a framework that categorizes social chatbots based on their ability to establish emotional connections and engage users, emphasizing the importance of both IQ and EQ.",
            "fields/stages": "The survey organizes current methods into stages of development: early conversational agents, task-completion systems, intelligent personal assistants, and contemporary social chatbots, using user engagement metrics as the primary criterion."
        },
        "conclusion": {
            "comparisions": "Different studies and methods are compared based on their effectiveness in user engagement and emotional responsiveness, highlighting the advancements in technology from simple chatbots to sophisticated social agents.",
            "results": "The key takeaway is that for social chatbots to succeed, they must prioritize user engagement and emotional connection, as evidenced by the example of XiaoIce."
        },
        "discussion": {
            "advantage": "The existing research has successfully developed chatbots that can engage users emotionally, providing a sense of companionship and social interaction.",
            "limitation": "Current studies often fall short in addressing the complexities of human emotions and may not fully capture the nuances required for deeper conversations.",
            "gaps": "There are unanswered questions regarding how to scale emotional engagement across diverse user demographics and contexts.",
            "future work": "Future research should focus on enhancing emotional intelligence in chatbots, exploring emerging trends in user interaction, and addressing the limitations of current emotional engagement strategies."
        },
        "other info": {
            "technologies": "Key technologies discussed include core chat functionalities, visual awareness, and emotion recognition capabilities.",
            "user engagement metric": "Conversation-turns per session (CPS) is defined as the success metric for social chatbots."
        }
    },
    "mount_outline": [
        {
            "section number": "1.1",
            "key information": "The survey aims to explore the evolution and current state of social chatbots, addressing the need for emotional connection and user engagement in conversational systems."
        },
        {
            "section number": "1.2",
            "key information": "The survey covers the transition from early conversational systems like Eliza to modern social chatbots such as XiaoIce, focusing on their design, technologies, and user interaction."
        },
        {
            "section number": "2.1",
            "key information": "The survey organizes current methods into stages of development: early conversational agents, task-completion systems, intelligent personal assistants, and contemporary social chatbots."
        },
        {
            "section number": "2.2",
            "key information": "Current studies often fall short in addressing the complexities of human emotions and may not fully capture the nuances required for deeper conversations."
        },
        {
            "section number": "3.1",
            "key information": "The core issue explored is the challenge of designing social chatbots that effectively engage users emotionally while fulfilling their communication needs."
        },
        {
            "section number": "4.1",
            "key information": "A primary challenge is balancing the intellectual and emotional aspects of chatbots to ensure they can maintain user engagement over extended interactions."
        },
        {
            "section number": "6.2",
            "key information": "There are unanswered questions regarding how to scale emotional engagement across diverse user demographics and contexts."
        },
        {
            "section number": "7.1",
            "key information": "Future research should focus on enhancing emotional intelligence in chatbots, exploring emerging trends in user interaction, and addressing the limitations of current emotional engagement strategies."
        }
    ],
    "similarity_score": null,
    "image": null,
    "path": "/home/liudingyuan/code/SurveyX/code/SurveyX-main/outputs/t10/papers/From eliza to xiaoice_ challenges and opportunities with social chatbots.json"
}