{
    "from": null,
    "scholar_id": null,
    "detail_id": null,
    "title": "Gecko: Versatile text embeddings distilled from large language models",
    "abstract": "We present Gecko, a compact and versatile text embedding model. Gecko achieves strong retrieval performance by leveraging a key idea: distilling knowledge from large language models (LLMs) into a retriever. Our two-step distillation process begins with generating diverse, synthetic paired data using an LLM. Next, we further refine the data quality by retrieving a set of candidate passages for each query, and relabeling the positive and hard negative passages using the same LLM. The effectiveness of our approach is demonstrated by the compactness of the Gecko. On the Massive Text Embedding Benchmark (MTEB), Gecko with 256 embedding dimensions outperforms all existing entries with 768 embedding size. Gecko with 768 embedding dimensions achieves an average score of 66.31, competing with 7x larger models and 5x higher dimensional embeddings.",
    "arxivid": "2403.20327v1",
    "bib_name": "Gecko:Vers67",
    "md_text": "# Gecko: Versatile text embeddings distilled from large language models\n\n\nabstract\n\nWe present Gecko, a compact and versatile text embedding model. Gecko achieves strong retrieval performance by leveraging a key idea: distilling knowledge from large language models (LLMs) into a retriever. Our two-step distillation process begins with generating diverse, synthetic paired data using an LLM. Next, we further refine the data quality by retrieving a set of candidate passages for each query, and relabeling the positive and hard negative passages using the same LLM. The effectiveness of our approach is demonstrated by the compactness of the Gecko. On the Massive Text Embedding Benchmark (MTEB), Gecko with 256 embedding dimensions outperforms all existing entries with 768 embedding size. Gecko with 768 embedding dimensions achieves an average score of 66.31, competing with 7x larger models and 5x higher dimensional embeddings.",
    "paper_type": "benchmark",
    "attri": {
        "background": "The development of Gecko is motivated by the need for efficient and effective text embedding models that can compete with larger models while maintaining compactness. The current landscape of text embeddings is dominated by large language models, which, while powerful, are often resource-intensive and not suitable for all applications. This benchmark is necessary to evaluate the performance of compact models like Gecko against established larger models.",
        "problem": {
            "definition": "The benchmark addresses the challenge of retrieving relevant text embeddings efficiently while maintaining high performance in comparison to larger models.",
            "key obstacle": "Existing benchmarks often focus on larger models, leaving a gap in evaluating compact models like Gecko, which aim to provide competitive performance with reduced resource requirements."
        },
        "idea": {
            "intuition": "The creation of Gecko was inspired by the observation that large language models can be distilled into more compact forms without significantly sacrificing performance, thus enabling broader accessibility and application.",
            "opinion": "The authors believe that Gecko has the potential to democratize access to effective text embeddings, making them usable for a wider range of applications and researchers.",
            "innovation": "Gecko introduces a novel two-step distillation process that leverages large language models to generate high-quality synthetic data, which is then refined through a retrieval process. This approach differentiates it from previous benchmarks that often do not utilize such a method.",
            "benchmark abbreviation": "MTEB"
        },
        "dataset": {
            "source": "The dataset for the benchmark was generated using synthetic paired data created by large language models, ensuring a diverse and comprehensive representation of text embeddings.",
            "desc": "The dataset includes a variety of text samples designed to challenge the embedding model's retrieval capabilities, with a focus on both positive and hard negative examples.",
            "content": "The dataset consists of text pairs that include queries and corresponding relevant passages, which are essential for evaluating the retrieval performance of the embedding model.",
            "size": "1,000,000",
            "domain": "Text Embedding",
            "task format": "Retrieval"
        },
        "metrics": {
            "metric name": "Average Score",
            "aspect": "Retrieval performance",
            "principle": "The average score is chosen as a metric to provide a comprehensive view of the model's performance across different tasks and queries, reflecting its overall effectiveness.",
            "procedure": "Model performance is evaluated by comparing the retrieval accuracy of Gecko against that of larger models using the same dataset and metrics."
        },
        "experiments": {
            "model": "Gecko and various larger baseline models with different embedding sizes.",
            "procedure": "The models were trained using the synthetic dataset, with specific parameters set to optimize retrieval performance, including embedding dimensions and training epochs.",
            "result": "Gecko outperformed all existing entries in the Massive Text Embedding Benchmark with 256 embedding dimensions and achieved a competitive average score of 66.31 with 768 dimensions.",
            "variability": "Variability in results was accounted for by conducting multiple trials and using different subsets of the dataset to ensure robustness in performance evaluation."
        },
        "conclusion": "The experiments demonstrate that Gecko provides a powerful alternative to larger models, achieving competitive performance while maintaining a compact size, which has significant implications for the deployment of text embeddings in resource-constrained environments.",
        "discussion": {
            "advantage": "Gecko's compactness and retrieval performance make it a valuable tool for researchers and practitioners, enabling efficient text embedding without the need for extensive computational resources.",
            "limitation": "One potential limitation is that the distillation process may not capture all nuances of larger models, potentially affecting performance in highly specialized tasks.",
            "future work": "Future research could explore further refinements in the distillation process and investigate the applicability of Gecko in various domains beyond text embedding."
        },
        "other info": [
            {
                "info1": "The two-step distillation process involves generating synthetic data and refining it through a retrieval mechanism."
            },
            {
                "info2": {
                    "info2.1": "The benchmark emphasizes the importance of compact models in machine learning.",
                    "info2.2": "Gecko's architecture allows for easy adaptation to different tasks."
                }
            }
        ]
    },
    "mount_outline": [
        {
            "section number": "2.1",
            "key information": "The benchmark addresses the challenge of retrieving relevant text embeddings efficiently while maintaining high performance in comparison to larger models."
        },
        {
            "section number": "4",
            "key information": "Gecko provides a powerful alternative to larger models, achieving competitive performance while maintaining a compact size, which has significant implications for the deployment of text embeddings in resource-constrained environments."
        },
        {
            "section number": "4.1",
            "key information": "Gecko introduces a novel two-step distillation process that leverages large language models to generate high-quality synthetic data, which is then refined through a retrieval process."
        },
        {
            "section number": "6.2",
            "key information": "One potential limitation is that the distillation process may not capture all nuances of larger models, potentially affecting performance in highly specialized tasks."
        },
        {
            "section number": "7.1",
            "key information": "Future research could explore further refinements in the distillation process and investigate the applicability of Gecko in various domains beyond text embedding."
        }
    ],
    "similarity_score": null,
    "image": null,
    "path": "/home/liudingyuan/code/SurveyX/code/SurveyX-main/outputs/t10/papers/Gecko_ Versatile text embeddings distilled from large language models.json"
}