{
    "from": null,
    "scholar_id": null,
    "detail_id": null,
    "title": "Generative and pseudo-relevant feedback for sparse, dense and learned sparse retrieval",
    "abstract": "Pseudo-relevance feedback (PRF) is a classical approach to address lexical mismatch by enriching the query using first-pass retrieval. Moreover, recent work on generative-relevance feedback (GRF) shows that query expansion models using text generated from large language models can improve sparse retrieval without depending on first-pass retrieval effectiveness. This work extends GRF to dense and learned sparse retrieval paradigms with experiments over six standard document ranking benchmarks. We find that GRF improves over comparable PRF techniques by around 10% on both precision and recall-oriented measures. Nonetheless, query analysis shows that GRF and PRF have contrasting benefits, with GRF providing external context not present in first-pass retrieval, whereas PRF grounds the query to the information contained within the target corpus. Thus, we propose combining generative and pseudo-relevance feedback ranking signals to achieve the benefits of both feedback classes, which significantly increases recall over PRF methods on 95% of experiments.",
    "arxivid": "2305.07477v1",
    "bib_name": "Generative45",
    "md_text": "# Generative and pseudo-relevant feedback for sparse, dense and learned sparse retrieval\n\n\nabstract\n\nPseudo-relevance feedback (PRF) is a classical approach to address lexical mismatch by enriching the query using first-pass retrieval. Moreover, recent work on generative-relevance feedback (GRF) shows that query expansion models using text generated from large language models can improve sparse retrieval without depending on first-pass retrieval effectiveness. This work extends GRF to dense and learned sparse retrieval paradigms with experiments over six standard document ranking benchmarks. We find that GRF improves over comparable PRF techniques by around 10% on both precision and recall-oriented measures. Nonetheless, query analysis shows that GRF and PRF have contrasting benefits, with GRF providing external context not present in first-pass retrieval, whereas PRF grounds the query to the information contained within the target corpus. Thus, we propose combining generative and pseudo-relevance feedback ranking signals to achieve the benefits of both feedback classes, which significantly increases recall over PRF methods on 95% of experiments.",
    "paper_type": "benchmark",
    "attri": {
        "background": "This paper addresses the issue of lexical mismatch in information retrieval, highlighting the limitations of existing methods such as pseudo-relevance feedback (PRF) and introducing generative-relevance feedback (GRF) as a novel approach. The necessity of this benchmark arises from the need to improve retrieval effectiveness across various paradigms, particularly in the context of sparse retrieval.",
        "problem": {
            "definition": "The benchmark is designed to evaluate the effectiveness of query expansion techniques in addressing lexical mismatches in information retrieval.",
            "key obstacle": "Existing benchmarks primarily focus on PRF techniques, which may not leverage the external context provided by generative models, thereby limiting the effectiveness of query expansion."
        },
        "idea": {
            "intuition": "The thought process behind the benchmark stems from the observation that GRF can enhance retrieval effectiveness by incorporating external context not available in first-pass retrieval.",
            "opinion": "The authors believe that combining GRF and PRF can significantly enhance retrieval performance, making this benchmark crucial for advancing research in the field.",
            "innovation": "This benchmark innovatively integrates generative feedback with traditional feedback methods, providing a comprehensive evaluation framework that addresses the limitations of existing benchmarks.",
            "benchmark abbreviation": "GRF-PRF"
        },
        "dataset": {
            "source": "The dataset comprises standard document ranking benchmarks sourced from existing retrieval datasets.",
            "desc": "The dataset includes various document collections used to evaluate retrieval techniques, ensuring a diverse testing ground for the proposed methods.",
            "content": "The dataset includes text documents relevant to the retrieval tasks, focusing on the effectiveness of different feedback mechanisms.",
            "size": "-",
            "domain": "Information Retrieval",
            "task format": "Document Ranking"
        },
        "metrics": {
            "metric name": "Precision, Recall",
            "aspect": "Model effectiveness in retrieving relevant documents.",
            "principle": "The metrics were chosen to provide a comprehensive view of retrieval performance, focusing on both the accuracy of retrieved results and the completeness of relevant documents.",
            "procedure": "Models were evaluated based on their ability to retrieve relevant documents using the proposed feedback mechanisms, comparing performance against standard benchmarks."
        },
        "experiments": {
            "model": "The experiments tested both generative and pseudo-relevance feedback models, including state-of-the-art retrieval techniques.",
            "procedure": "Models were trained and evaluated using a consistent experimental setup, applying various feedback methods across the document ranking benchmarks.",
            "result": "The results indicated that GRF outperformed traditional PRF methods by approximately 10% in terms of precision and recall.",
            "variability": "Variability in results was accounted for by conducting multiple trials and analyzing different subsets of the dataset."
        },
        "conclusion": "The experiments demonstrate that combining GRF and PRF significantly enhances retrieval effectiveness, particularly in terms of recall, suggesting that integrating diverse feedback mechanisms can lead to better performance in information retrieval tasks.",
        "discussion": {
            "advantage": "The benchmark effectively combines the strengths of generative and pseudo-relevance feedback, providing a more robust evaluation framework for retrieval techniques.",
            "limitation": "Potential limitations include the reliance on existing datasets, which may not fully capture the diversity of real-world retrieval scenarios.",
            "future work": "Future research could explore the integration of additional feedback mechanisms and the application of the benchmark to new datasets to further validate its effectiveness."
        },
        "other info": []
    },
    "mount_outline": [
        {
            "section number": "2.2",
            "key information": "Existing benchmarks primarily focus on pseudo-relevance feedback (PRF) techniques, which may not leverage the external context provided by generative models, thereby limiting the effectiveness of query expansion."
        },
        {
            "section number": "4",
            "key information": "This paper introduces generative-relevance feedback (GRF) as a novel approach to improve retrieval effectiveness across various paradigms, particularly in the context of sparse retrieval."
        },
        {
            "section number": "4.1",
            "key information": "The thought process behind the benchmark stems from the observation that GRF can enhance retrieval effectiveness by incorporating external context not available in first-pass retrieval."
        },
        {
            "section number": "6",
            "key information": "Potential limitations include the reliance on existing datasets, which may not fully capture the diversity of real-world retrieval scenarios."
        },
        {
            "section number": "7.1",
            "key information": "Future research could explore the integration of additional feedback mechanisms and the application of the benchmark to new datasets to further validate its effectiveness."
        }
    ],
    "similarity_score": null,
    "image": null,
    "path": "/home/liudingyuan/code/SurveyX/code/SurveyX-main/outputs/t10/papers/Generative and pseudo-relevant feedback for sparse, dense and learned sparse retrieval.json"
}