{
    "from": null,
    "scholar_id": null,
    "detail_id": null,
    "title": "Hotpotqa: A dataset for diverse, explainable multi-hop question answering",
    "abstract": "Existing question answering (QA) datasets fail to train QA systems to perform complex reasoning and provide explanations for answers. We introduce HotpotQA, a new dataset with 113k Wikipedia-based question-answer pairs with four key features: (1) the questions require finding and reasoning over multiple supporting documents to answer; (2) the questions are diverse and not constrained to any pre-existing knowledge bases or knowledge schemas; (3) we provide sentence-level supporting facts required for reasoning, allowing QA systems to reason with strong supervision and explain the predictions; (4) we offer a new type of factoid comparison questions to test QA systems\u2019 ability to extract relevant facts and perform necessary comparison. We show that HotpotQA is challenging for the latest QA systems, and the supporting facts enable models to improve performance and make explainable predictions.",
    "arxivid": "1809.09600v1",
    "bib_name": "Hotpotqa:A192",
    "md_text": "# Hotpotqa: A dataset for diverse, explainable multi-hop question answering\n\n\nabstract\n\nExisting question answering (QA) datasets fail to train QA systems to perform complex reasoning and provide explanations for answers. We introduce HotpotQA, a new dataset with 113k Wikipedia-based question-answer pairs with four key features: (1) the questions require finding and reasoning over multiple supporting documents to answer; (2) the questions are diverse and not constrained to any pre-existing knowledge bases or knowledge schemas; (3) we provide sentence-level supporting facts required for reasoning, allowing QA systems to reason with strong supervision and explain the predictions; (4) we offer a new type of factoid comparison questions to test QA systems\u2019 ability to extract relevant facts and perform necessary comparison. We show that HotpotQA is challenging for the latest QA systems, and the supporting facts enable models to improve performance and make explainable predictions.",
    "paper_type": "benchmark",
    "attri": {
        "background": "Existing question answering (QA) datasets fail to train QA systems to perform complex reasoning and provide explanations for answers. This led to the creation of HotpotQA, which fits into the broader research landscape by addressing these shortcomings.",
        "problem": {
            "definition": "The benchmark is designed to address the challenge of multi-hop question answering, where the model must reason over multiple documents to find the answer.",
            "key obstacle": "Existing benchmarks do not adequately test the ability of QA systems to perform complex reasoning and provide explanations for their answers."
        },
        "idea": {
            "intuition": "The development of HotpotQA was inspired by the need for a dataset that encourages models to perform complex reasoning and provide explanations.",
            "opinion": "The authors believe that HotpotQA is crucial for advancing the field of question answering by enabling models to improve their reasoning capabilities.",
            "innovation": "HotpotQA differs from previous benchmarks by incorporating diverse questions that require reasoning over multiple documents and providing sentence-level supporting facts.",
            "benchmark abbreviation": "HotpotQA"
        },
        "dataset": {
            "source": "The dataset was created using 113k question-answer pairs sourced from Wikipedia.",
            "desc": "HotpotQA consists of diverse questions that require reasoning over multiple supporting documents and includes sentence-level supporting facts.",
            "content": "The dataset includes text data in the form of questions and supporting documents.",
            "size": "113,000",
            "domain": "Question Answering",
            "task format": "Multi-hop Question Answering"
        },
        "metrics": {
            "metric name": "F1-score",
            "aspect": "Accuracy of the answers provided by the QA systems.",
            "principle": "The F1-score was chosen to measure the balance between precision and recall in the context of multi-hop reasoning.",
            "procedure": "Models are evaluated based on their ability to correctly answer the questions using the provided supporting facts."
        },
        "experiments": {
            "model": "The benchmark includes state-of-the-art QA models.",
            "procedure": "Models were trained on the HotpotQA dataset using standard training procedures for question answering tasks.",
            "result": "The results indicate that HotpotQA is challenging for current QA systems, with models showing varying levels of performance.",
            "variability": "Variability in results was accounted for through multiple trials and evaluation on different subsets of the dataset."
        },
        "conclusion": "HotpotQA demonstrates the need for QA systems to handle complex reasoning and provides a framework for evaluating their performance in this area.",
        "discussion": {
            "advantage": "The benchmark contributes to the field by enabling the evaluation of models on their reasoning capabilities and the explainability of their predictions.",
            "limitation": "One potential limitation is that the dataset may not cover all types of reasoning required in real-world scenarios.",
            "future work": "Future research could focus on expanding the dataset to include more diverse reasoning tasks and improving model architectures for better performance."
        },
        "other info": []
    },
    "mount_outline": [
        {
            "section number": "2.1",
            "key information": "The benchmark HotpotQA is designed to address the challenge of multi-hop question answering, where the model must reason over multiple documents to find the answer."
        },
        {
            "section number": "2.2",
            "key information": "Existing benchmarks do not adequately test the ability of QA systems to perform complex reasoning and provide explanations for their answers."
        },
        {
            "section number": "4.1",
            "key information": "HotpotQA consists of diverse questions that require reasoning over multiple supporting documents and includes sentence-level supporting facts."
        },
        {
            "section number": "4.2",
            "key information": "The results indicate that HotpotQA is challenging for current QA systems, with models showing varying levels of performance."
        },
        {
            "section number": "6.1",
            "key information": "One potential limitation is that the dataset may not cover all types of reasoning required in real-world scenarios."
        },
        {
            "section number": "7.1",
            "key information": "Future research could focus on expanding the dataset to include more diverse reasoning tasks and improving model architectures for better performance."
        }
    ],
    "similarity_score": null,
    "image": null,
    "path": "/home/liudingyuan/code/SurveyX/code/SurveyX-main/outputs/t10/papers/Hotpotqa_ A dataset for diverse, explainable multi-hop question answering.json"
}