{
    "from": null,
    "scholar_id": null,
    "detail_id": null,
    "title": "How does generative retrieval scale to millions of passages?",
    "abstract": "Popularized by the Differentiable Search Index, the emerging paradigm of generative retrieval re-frames the classic information retrieval problem into a sequence-to-sequence modeling task, forgoing external indices and encoding an entire document corpus within a single Transformer. Although many different approaches have been proposed to improve the effectiveness of generative retrieval, they have only been evaluated on document corpora on the order of 100k in size. We conduct the first empirical study of generative retrieval techniques across various corpus scales, ultimately scaling up to the entire MS MARCO passage ranking task with a corpus of 8.8M passages and evaluating model sizes up to 11B parameters. We uncover several findings about scaling generative retrieval to millions of passages; notably, the central importance of using synthetic queries as document representations during indexing, the ineffectiveness of existing proposed architecture modifications when accounting for compute cost, and the limits of naively scaling model parameters with respect to retrieval performance. While we find that generative retrieval is competitive with state-of-the-art dual encoders on small corpora, scaling to millions of passages remains an important and unsolved challenge. We believe these findings will be valuable for the community to clarify the current state of generative retrieval, highlight the unique challenges, and inspire new research directions.",
    "arxivid": "2305.11841v1",
    "bib_name": "Howdoesgen89",
    "md_text": "# How does generative retrieval scale to millions of passages?\n\n\nabstract\n\nPopularized by the Differentiable Search Index, the emerging paradigm of generative retrieval re-frames the classic information retrieval problem into a sequence-to-sequence modeling task, forgoing external indices and encoding an entire document corpus within a single Transformer. Although many different approaches have been proposed to improve the effectiveness of generative retrieval, they have only been evaluated on document corpora on the order of 100k in size. We conduct the first empirical study of generative retrieval techniques across various corpus scales, ultimately scaling up to the entire MS MARCO passage ranking task with a corpus of 8.8M passages and evaluating model sizes up to 11B parameters. We uncover several findings about scaling generative retrieval to millions of passages; notably, the central importance of using synthetic queries as document representations during indexing, the ineffectiveness of existing proposed architecture modifications when accounting for compute cost, and the limits of naively scaling model parameters with respect to retrieval performance. While we find that generative retrieval is competitive with state-of-the-art dual encoders on small corpora, scaling to millions of passages remains an important and unsolved challenge. We believe these findings will be valuable for the community to clarify the current state of generative retrieval, highlight the unique challenges, and inspire new research directions.",
    "paper_type": "benchmark",
    "attri": {
        "background": "This paper addresses the issue of scaling generative retrieval techniques to document corpora of millions of passages, particularly focusing on the challenges and limitations encountered when moving beyond smaller datasets.",
        "problem": {
            "definition": "The benchmark is designed to address the challenges of effectively retrieving information from large-scale document corpora, specifically when scaling generative retrieval methods to millions of passages.",
            "key obstacle": "The main challenges include the ineffectiveness of existing architecture modifications in managing compute costs and the limitations of simply increasing model parameters without improving retrieval performance."
        },
        "idea": {
            "intuition": "The thought process behind the benchmark stems from the need to empirically study generative retrieval techniques across various corpus scales, as previous evaluations were limited to smaller datasets.",
            "opinion": "The authors emphasize the importance of this benchmark in clarifying the state of generative retrieval and its unique challenges, which could inspire new research directions.",
            "innovation": "This benchmark differs from previous ones by focusing on the scaling of generative retrieval techniques to large document corpora and uncovering specific findings related to query representation and architecture efficiency.",
            "benchmark abbreviation": "GRT"
        },
        "dataset": {
            "source": "The dataset was sourced from the MS MARCO passage ranking task, which consists of real-world data collected for information retrieval tasks.",
            "desc": "The dataset includes a corpus of 8.8 million passages, providing a comprehensive resource for evaluating generative retrieval techniques at scale.",
            "content": "The types of data included are text passages that represent potential documents for retrieval tasks.",
            "size": "8,800,000",
            "domain": "Information Retrieval",
            "task format": "Passage Ranking"
        },
        "metrics": {
            "metric name": "Retrieval Performance",
            "aspect": "Effectiveness of retrieval methods",
            "principle": "The metrics were selected based on their ability to evaluate the effectiveness of generative retrieval in comparison to state-of-the-art methods.",
            "procedure": "Model performance was evaluated by comparing retrieval results against established benchmarks and analyzing the impact of scaling on retrieval effectiveness."
        },
        "experiments": {
            "model": "The experiments tested various generative retrieval models, including those with up to 11 billion parameters.",
            "procedure": "Models were trained and evaluated using synthetic queries as document representations, with careful consideration of compute costs and architecture modifications.",
            "result": "The results indicated that while generative retrieval is competitive on smaller corpora, significant challenges remain when scaling to millions of passages.",
            "variability": "Variability in results was accounted for through multiple trials and assessments across different model configurations."
        },
        "conclusion": "The findings highlight the challenges of scaling generative retrieval techniques and suggest that while competitive on small datasets, further research is needed to improve performance on larger corpora.",
        "discussion": {
            "advantage": "The benchmark contributes to the field by providing insights into the scaling challenges of generative retrieval, which may guide future research efforts.",
            "limitation": "One limitation is the current inability to effectively scale generative retrieval methods without compromising performance, which may hinder their practical application.",
            "future work": "Future research should focus on developing more efficient architectures and techniques for generative retrieval to overcome the identified challenges."
        },
        "other info": []
    },
    "mount_outline": [
        {
            "section number": "2.2",
            "key information": "The main challenges include the ineffectiveness of existing architecture modifications in managing compute costs and the limitations of simply increasing model parameters without improving retrieval performance."
        },
        {
            "section number": "4.1",
            "key information": "The benchmark is designed to address the challenges of effectively retrieving information from large-scale document corpora, specifically when scaling generative retrieval methods to millions of passages."
        },
        {
            "section number": "6.1",
            "key information": "The findings highlight the challenges of scaling generative retrieval techniques and suggest that while competitive on small datasets, further research is needed to improve performance on larger corpora."
        },
        {
            "section number": "6.2",
            "key information": "One limitation is the current inability to effectively scale generative retrieval methods without compromising performance, which may hinder their practical application."
        },
        {
            "section number": "7.1",
            "key information": "Future research should focus on developing more efficient architectures and techniques for generative retrieval to overcome the identified challenges."
        }
    ],
    "similarity_score": null,
    "image": null,
    "path": "/home/liudingyuan/code/SurveyX/code/SurveyX-main/outputs/t10/papers/How does generative retrieval scale to millions of passages_.json"
}