{
    "from": null,
    "scholar_id": null,
    "detail_id": null,
    "title": "Improving text embeddings with large language models",
    "abstract": "In this paper, we introduce a novel and simple method for obtaining high-quality text embeddings using only synthetic data and less than 1k training steps. Unlike existing methods that often depend on multi-stage intermediate pre-training with billions of weakly-supervised text pairs, followed by fine-tuning with a few labeled datasets, our method does not require building complex training pipelines or relying on manually collected datasets that are often constrained by task diversity and language coverage. We leverage proprietary LLMs to generate diverse synthetic data for hundreds of thousands of text embedding tasks across 93 languages. We then fine-tune open-source decoder-only LLMs on the synthetic data using standard contrastive loss. Experiments demonstrate that our method achieves strong performance on highly competitive text embedding benchmarks without using any labeled data. Furthermore, when fine-tuned with a mixture of synthetic and labeled data, our model sets new state-of-the-art results on the BEIR and MTEB benchmarks.",
    "arxivid": "2401.00368v3",
    "bib_name": "Improvingt69",
    "md_text": "# Improving text embeddings with large language models\n\n\nabstract\n\nIn this paper, we introduce a novel and simple method for obtaining high-quality text embeddings using only synthetic data and less than 1k training steps. Unlike existing methods that often depend on multi-stage intermediate pre-training with billions of weakly-supervised text pairs, followed by fine-tuning with a few labeled datasets, our method does not require building complex training pipelines or relying on manually collected datasets that are often constrained by task diversity and language coverage. We leverage proprietary LLMs to generate diverse synthetic data for hundreds of thousands of text embedding tasks across 93 languages. We then fine-tune open-source decoder-only LLMs on the synthetic data using standard contrastive loss. Experiments demonstrate that our method achieves strong performance on highly competitive text embedding benchmarks without using any labeled data. Furthermore, when fine-tuned with a mixture of synthetic and labeled data, our model sets new state-of-the-art results on the BEIR and MTEB benchmarks.",
    "paper_type": "method",
    "attri": {
        "background": "This paper addresses the issue of obtaining high-quality text embeddings efficiently without complex training pipelines or reliance on manually collected datasets, which are often limited in task diversity and language coverage.",
        "problem": {
            "definition": "The problem is the difficulty in generating effective text embeddings due to the reliance on multi-stage pre-training with large datasets and complex training processes.",
            "key obstacle": "The core obstacle is the dependency on billions of weakly-supervised text pairs and the need for extensive labeled datasets, which limits the scalability and adaptability of existing methods."
        },
        "idea": {
            "intuition": "The idea is inspired by the observation that synthetic data can be effectively used to generate diverse text embeddings without the need for extensive labeled datasets.",
            "opinion": "The proposed idea entails using proprietary large language models (LLMs) to create synthetic data for text embedding tasks, which simplifies the training process and reduces the need for labeled data.",
            "innovation": "The primary innovation lies in the method's ability to achieve strong performance on text embedding benchmarks using only synthetic data and minimal training steps, contrasting sharply with existing methods that require complex pre-training."
        },
        "method": {
            "method name": "Synthetic Data-Driven Text Embedding",
            "method abbreviation": "SDTE",
            "method definition": "SDTE is a method for generating high-quality text embeddings using synthetic data generated by proprietary LLMs and fine-tuning open-source decoder-only LLMs with contrastive loss.",
            "method description": "The method leverages synthetic data to train models for text embedding tasks efficiently.",
            "method steps": "1. Generate diverse synthetic data using proprietary LLMs. 2. Fine-tune open-source decoder-only LLMs on the synthetic data using standard contrastive loss.",
            "principle": "This method is effective because it utilizes a large volume of synthetic data to train models, which enhances the model's ability to generalize across various tasks and languages."
        },
        "experiments": {
            "evaluation setting": "Experiments were conducted using competitive text embedding benchmarks, including BEIR and MTEB, across 93 languages without the use of labeled data.",
            "evaluation method": "The performance of the method was assessed by comparing the results against existing state-of-the-art methods on the specified benchmarks."
        },
        "conclusion": "The experiments demonstrate that the proposed method achieves strong performance on text embedding tasks and sets new state-of-the-art results when combined with labeled data.",
        "discussion": {
            "advantage": "The key advantages include the ability to generate high-quality embeddings without complex training pipelines and the flexibility to work across multiple languages with minimal labeled data.",
            "limitation": "One limitation is that the effectiveness of the method may vary depending on the quality and diversity of the synthetic data generated.",
            "future work": "Future work could explore improving the synthetic data generation process and investigating the method's applicability to other NLP tasks beyond text embeddings."
        },
        "other info": {}
    },
    "mount_outline": [
        {
            "section number": "2.2",
            "key information": "The core obstacle is the dependency on billions of weakly-supervised text pairs and the need for extensive labeled datasets, which limits the scalability and adaptability of existing methods."
        },
        {
            "section number": "3.1",
            "key information": "The proposed idea entails using proprietary large language models (LLMs) to create synthetic data for text embedding tasks, which simplifies the training process and reduces the need for labeled data."
        },
        {
            "section number": "4.1",
            "key information": "SDTE is a method for generating high-quality text embeddings using synthetic data generated by proprietary LLMs and fine-tuning open-source decoder-only LLMs with contrastive loss."
        },
        {
            "section number": "4.2",
            "key information": "Experiments were conducted using competitive text embedding benchmarks, including BEIR and MTEB, across 93 languages without the use of labeled data."
        },
        {
            "section number": "6.2",
            "key information": "One limitation is that the effectiveness of the method may vary depending on the quality and diversity of the synthetic data generated."
        },
        {
            "section number": "7.1",
            "key information": "Future work could explore improving the synthetic data generation process and investigating the method's applicability to other NLP tasks beyond text embeddings."
        }
    ],
    "similarity_score": null,
    "image": null,
    "path": "/home/liudingyuan/code/SurveyX/code/SurveyX-main/outputs/t10/papers/Improving text embeddings with large language models.json"
}