{
    "from": null,
    "scholar_id": null,
    "detail_id": null,
    "title": "Information retrieval meets large language models: A strategic report from chinese IR community",
    "abstract": "The research field of Information Retrieval (IR) has evolved significantly, expanding beyond traditional search to meet diverse user information needs. Recently, Large Language Models (LLMs) have demonstrated exceptional capabilities in text understanding, generation, and knowledge inference, opening up exciting avenues for IR research. LLMs not only facilitate generative retrieval but also offer improved solutions for user understanding, model evaluation, and user-system interactions. More importantly, the synergistic relationship among IR models, LLMs, and humans forms a new technical paradigm that is more powerful for information seeking. IR models provide real-time and relevant information, LLMs contribute internal knowledge, and humans play a central role of demanders and evaluators to the reliability of information services. Nevertheless, significant challenges exist, including computational costs, credibility concerns, domain-specific limitations, and ethical considerations. To thoroughly discuss the transformative impact of LLMs on IR research, the Chinese IR community conducted a strategic workshop in April 2023, yielding valuable insights. This paper provides a summary of the workshop's outcomes, including the rethinking of IR's core values, the mutual enhancement of LLMs and IR, the proposal of a novel IR technical paradigm, and open challenges.",
    "arxivid": "2307.09751v2",
    "bib_name": "Informatio26",
    "md_text": "# Information retrieval meets large language models: A strategic report from chinese IR community\n\n\nabstract\n\nThe research field of Information Retrieval (IR) has evolved significantly, expanding beyond traditional search to meet diverse user information needs. Recently, Large Language Models (LLMs) have demonstrated exceptional capabilities in text understanding, generation, and knowledge inference, opening up exciting avenues for IR research. LLMs not only facilitate generative retrieval but also offer improved solutions for user understanding, model evaluation, and user-system interactions. More importantly, the synergistic relationship among IR models, LLMs, and humans forms a new technical paradigm that is more powerful for information seeking. IR models provide real-time and relevant information, LLMs contribute internal knowledge, and humans play a central role of demanders and evaluators to the reliability of information services. Nevertheless, significant challenges exist, including computational costs, credibility concerns, domain-specific limitations, and ethical considerations. To thoroughly discuss the transformative impact of LLMs on IR research, the Chinese IR community conducted a strategic workshop in April 2023, yielding valuable insights. This paper provides a summary of the workshop's outcomes, including the rethinking of IR's core values, the mutual enhancement of LLMs and IR, the proposal of a novel IR technical paradigm, and open challenges.",
    "paper_type": "survey",
    "attri": {
        "background": {
            "purpose": "This survey aims to explore the transformative impact of Large Language Models (LLMs) on Information Retrieval (IR) research, addressing how LLMs can enhance user understanding, model evaluation, and user-system interactions.",
            "scope": "The survey includes discussions on the integration of LLMs in IR, the evolving user needs, and the challenges posed by computational costs and ethical considerations. It excludes traditional IR methods that do not incorporate LLMs, as the focus is on the synergy between IR and LLMs."
        },
        "problem": {
            "definition": "The core issue being explored is the integration of LLMs into the IR paradigm and how this integration can address diverse user information needs.",
            "key obstacle": "Primary challenges include high computational costs, credibility concerns regarding the information generated by LLMs, domain-specific limitations, and ethical considerations surrounding the use of AI in information retrieval."
        },
        "architecture": {
            "perspective": "The survey introduces a novel technical paradigm that emphasizes the synergistic relationship among IR models, LLMs, and human evaluators, redefining how information seeking is approached.",
            "fields/stages": "The survey organizes current methods into stages focusing on user understanding, model evaluation, and the interaction between users and systems, using criteria such as effectiveness in meeting user needs and the integration of LLM capabilities."
        },
        "conclusion": {
            "comparisions": "The survey compares various research studies on the effectiveness of LLMs in enhancing IR, highlighting differences in approaches, outcomes, and the integration of user feedback.",
            "results": "Key takeaways include the need for a rethinking of IR's core values, the mutual enhancement potential of LLMs and IR, and the identification of ongoing challenges that need to be addressed."
        },
        "discussion": {
            "advantage": "Strengths of existing research include advancements in user understanding and the ability of LLMs to provide relevant information through generative retrieval techniques.",
            "limitation": "Current research faces limitations such as high computational demands and concerns over the reliability of LLM-generated information.",
            "gaps": "Unanswered questions include how to effectively balance the use of LLMs in IR while ensuring ethical standards and credibility in information retrieval.",
            "future work": "Future research should focus on developing efficient LLM integration methods in IR, addressing ethical considerations, and exploring new trends in user-system interaction dynamics."
        },
        "other info": {
            "workshop_date": "April 2023",
            "community": "Chinese IR community",
            "key_outcomes": [
                "Rethinking IR's core values",
                "Mutual enhancement of LLMs and IR",
                "Proposal of a novel IR technical paradigm",
                "Identification of open challenges in the field"
            ]
        }
    },
    "mount_outline": [
        {
            "section number": "1.1",
            "key information": "This survey aims to explore the transformative impact of Large Language Models (LLMs) on Information Retrieval (IR) research, addressing how LLMs can enhance user understanding, model evaluation, and user-system interactions."
        },
        {
            "section number": "1.1",
            "key information": "The survey includes discussions on the integration of LLMs in IR, the evolving user needs, and the challenges posed by computational costs and ethical considerations."
        },
        {
            "section number": "2.1",
            "key information": "The core issue being explored is the integration of LLMs into the IR paradigm and how this integration can address diverse user information needs."
        },
        {
            "section number": "2.2",
            "key information": "Primary challenges include high computational costs, credibility concerns regarding the information generated by LLMs, domain-specific limitations, and ethical considerations surrounding the use of AI in information retrieval."
        },
        {
            "section number": "5.1",
            "key information": "The survey introduces a novel technical paradigm that emphasizes the synergistic relationship among IR models, LLMs, and human evaluators, redefining how information seeking is approached."
        },
        {
            "section number": "6.1",
            "key information": "Current research faces limitations such as high computational demands and concerns over the reliability of LLM-generated information."
        },
        {
            "section number": "7.1",
            "key information": "Future research should focus on developing efficient LLM integration methods in IR, addressing ethical considerations, and exploring new trends in user-system interaction dynamics."
        }
    ],
    "similarity_score": null,
    "image": null,
    "path": "/home/liudingyuan/code/SurveyX/code/SurveyX-main/outputs/t10/papers/Information retrieval meets large language models_ A strategic report from chinese IR community.json"
}