{
    "from": null,
    "scholar_id": null,
    "detail_id": null,
    "title": "Inpars: Data augmentation for information retrieval using large language models",
    "abstract": "The information retrieval community has recently witnessed a revolution due to large pretrained transformer models. Another key ingredient for this revolution was the MS MARCO dataset, whose scale and diversity has enabled zero-shot transfer learning to various tasks. However, not all IR tasks and domains can benefit from one single dataset equally. Extensive research in various NLP tasks has shown that using domain-specific training data, as opposed to a general-purpose one, improves the performance of neural models. In this work, we harness the few-shot capabilities of large pretrained language models as synthetic data generators for IR tasks. We show that models finetuned solely on our unsupervised dataset outperform strong baselines such as BM25 as well as recently proposed self-supervised dense retrieval methods. Furthermore, retrievers finetuned on both supervised and our synthetic data achieve better zero-shot transfer than models finetuned only on supervised data. Code, models, and data are available at https://github.com/zetaalphavector/inpars .",
    "arxivid": "2202.05144v1",
    "bib_name": "Inpars:Dat62",
    "md_text": "# Inpars: Data augmentation for information retrieval using large language models\n\n\nabstract\n\nThe information retrieval community has recently witnessed a revolution due to large pretrained transformer models. Another key ingredient for this revolution was the MS MARCO dataset, whose scale and diversity has enabled zero-shot transfer learning to various tasks. However, not all IR tasks and domains can benefit from one single dataset equally. Extensive research in various NLP tasks has shown that using domain-specific training data, as opposed to a general-purpose one, improves the performance of neural models. In this work, we harness the few-shot capabilities of large pretrained language models as synthetic data generators for IR tasks. We show that models finetuned solely on our unsupervised dataset outperform strong baselines such as BM25 as well as recently proposed self-supervised dense retrieval methods. Furthermore, retrievers finetuned on both supervised and our synthetic data achieve better zero-shot transfer than models finetuned only on supervised data. Code, models, and data are available at https://github.com/zetaalphavector/inpars .",
    "paper_type": "benchmark",
    "attri": {
        "background": "The information retrieval community has witnessed a revolution due to large pretrained transformer models and the MS MARCO dataset, which has enabled zero-shot transfer learning. However, not all IR tasks can equally benefit from a single dataset, highlighting the need for a benchmark that focuses on domain-specific training data to improve neural model performance.",
        "problem": {
            "definition": "The benchmark is designed to address the challenge of improving information retrieval performance by utilizing domain-specific data rather than general-purpose datasets.",
            "key obstacle": "Existing benchmarks do not adequately cater to the diverse needs of various IR tasks, which limits the effectiveness of neural models."
        },
        "idea": {
            "intuition": "The inspiration behind the benchmark comes from the observation that domain-specific training data significantly enhances model performance in various NLP tasks.",
            "opinion": "The authors believe that this benchmark is crucial for advancing the field of information retrieval by providing a means to evaluate models trained on synthetic data generated by large language models.",
            "innovation": "This benchmark differs from previous ones by focusing on the use of synthetic data generated by pretrained language models, which has not been extensively explored in the context of information retrieval.",
            "benchmark abbreviation": "INPARS"
        },
        "dataset": {
            "source": "The dataset was created using large pretrained language models as synthetic data generators for information retrieval tasks.",
            "desc": "The dataset is characterized by its unsupervised nature and domain-specific focus, which allows for improved model performance on IR tasks.",
            "content": "The dataset includes synthetic data generated for various IR tasks, enhancing the diversity and relevance of the training material.",
            "size": "-",
            "domain": "Information Retrieval",
            "task format": "Retrieval"
        },
        "metrics": {
            "metric name": "F1-score, Mean Reciprocal Rank (MRR)",
            "aspect": "Accuracy",
            "principle": "The metrics were chosen based on their ability to effectively measure the performance of retrieval models in terms of relevance and ranking.",
            "procedure": "Models were evaluated using standard retrieval evaluation methods that compare their performance against established baselines."
        },
        "experiments": {
            "model": "The benchmark tested both state-of-the-art models and strong baselines such as BM25.",
            "procedure": "Models were finetuned on the unsupervised dataset and evaluated for their performance on retrieval tasks.",
            "result": "Models finetuned on the unsupervised dataset outperformed strong baselines and achieved better zero-shot transfer performance.",
            "variability": "Variability in results was accounted for by comparing performance across different models and training conditions."
        },
        "conclusion": "The experiments demonstrated that utilizing synthetic data generated by large language models can significantly enhance the performance of information retrieval systems, suggesting a new direction for future research.",
        "discussion": {
            "advantage": "The benchmark provides a novel approach to improve information retrieval performance by leveraging synthetic data, which can lead to better model training and evaluation.",
            "limitation": "Potential limitations include the dependence on the quality of the synthetic data generated and its applicability across various IR tasks.",
            "future work": "Future research could explore further improvements in synthetic data generation methods and their application to other domains within information retrieval."
        },
        "other info": []
    },
    "mount_outline": [
        {
            "section number": "2.1",
            "key information": "The information retrieval community has witnessed a revolution due to large pretrained transformer models and the MS MARCO dataset, which has enabled zero-shot transfer learning."
        },
        {
            "section number": "2.2",
            "key information": "Existing benchmarks do not adequately cater to the diverse needs of various IR tasks, which limits the effectiveness of neural models."
        },
        {
            "section number": "3.1",
            "key information": "The benchmark is designed to address the challenge of improving information retrieval performance by utilizing domain-specific data rather than general-purpose datasets."
        },
        {
            "section number": "4.1",
            "key information": "The inspiration behind the benchmark comes from the observation that domain-specific training data significantly enhances model performance in various NLP tasks."
        },
        {
            "section number": "4.2",
            "key information": "Models finetuned on the unsupervised dataset outperformed strong baselines and achieved better zero-shot transfer performance."
        },
        {
            "section number": "6.2",
            "key information": "Potential limitations include the dependence on the quality of the synthetic data generated and its applicability across various IR tasks."
        },
        {
            "section number": "7.1",
            "key information": "Future research could explore further improvements in synthetic data generation methods and their application to other domains within information retrieval."
        }
    ],
    "similarity_score": null,
    "image": null,
    "path": "/home/liudingyuan/code/SurveyX/code/SurveyX-main/outputs/t10/papers/Inpars_ Data augmentation for information retrieval using large language models.json"
}