{
    "from": null,
    "scholar_id": null,
    "detail_id": null,
    "title": "Lamda: Language models for dialog applications",
    "abstract": "We present LaMDA: Language Models for Dialog Applications. LaMDA is a family of Transformer-based neural language models specialized for dialog, which have up to 137B parameters and are pre-trained on 1.56T words of public dialog data and web text. While model scaling alone can improve quality, it shows less improvements on safety and factual grounding. We demonstrate that fine-tuning with annotated data and enabling the model to consult external knowledge sources can lead to significant improvements towards the two key challenges of safety and factual grounding. The first challenge, safety, involves ensuring that the model's responses are consistent with a set of human values, such as preventing harmful suggestions and unfair bias. We quantify safety using a metric based on an illustrative set of human values, and we find that filtering candidate responses using a LaMDA classifier fine-tuned with a small amount of crowdworker-annotated data offers a promising approach to improving model safety. The second challenge, factual grounding, involves enabling the model to consult external knowledge sources, such as an information retrieval system, a language translator, and a calculator. We quantify factuality using a groundedness metric, and we find that our approach enables the model to generate responses grounded in known sources, rather than responses that merely sound plausible. Finally, we explore the use of LaMDA in the domains of education and content recommendations, and analyze their helpfulness and role consistency.",
    "arxivid": "2201.08239v3",
    "bib_name": "Lamda:Lang158",
    "md_text": "# Lamda: Language models for dialog applications\n\n\nabstract\n\nWe present LaMDA: Language Models for Dialog Applications. LaMDA is a family of Transformer-based neural language models specialized for dialog, which have up to 137B parameters and are pre-trained on 1.56T words of public dialog data and web text. While model scaling alone can improve quality, it shows less improvements on safety and factual grounding. We demonstrate that fine-tuning with annotated data and enabling the model to consult external knowledge sources can lead to significant improvements towards the two key challenges of safety and factual grounding. The first challenge, safety, involves ensuring that the model's responses are consistent with a set of human values, such as preventing harmful suggestions and unfair bias. We quantify safety using a metric based on an illustrative set of human values, and we find that filtering candidate responses using a LaMDA classifier fine-tuned with a small amount of crowdworker-annotated data offers a promising approach to improving model safety. The second challenge, factual grounding, involves enabling the model to consult external knowledge sources, such as an information retrieval system, a language translator, and a calculator. We quantify factuality using a groundedness metric, and we find that our approach enables the model to generate responses grounded in known sources, rather than responses that merely sound plausible. Finally, we explore the use of LaMDA in the domains of education and content recommendations, and analyze their helpfulness and role consistency.",
    "paper_type": "benchmark",
    "attri": {
        "background": "This paper addresses the issue of improving dialog applications through the development of LaMDA, a family of language models that focus on safety and factual grounding in responses.",
        "problem": {
            "definition": "The benchmark is designed to address the challenges of safety and factual grounding in dialog systems, ensuring that responses align with human values and are based on verified information.",
            "key obstacle": "Existing benchmarks often do not adequately measure the safety of model responses or their factual accuracy, which this new benchmark aims to overcome."
        },
        "idea": {
            "intuition": "The development of LaMDA was inspired by the need for dialog systems that not only generate plausible responses but also adhere to human values and factual correctness.",
            "opinion": "The authors believe that LaMDA has the potential to significantly enhance the quality of dialog systems in various applications.",
            "innovation": "LaMDA introduces novel metrics for quantifying safety and factuality, along with mechanisms for integrating external knowledge sources into the dialog generation process.",
            "benchmark abbreviation": "LaMDA"
        },
        "dataset": {
            "source": "The dataset was created from a combination of public dialog data and web text, ensuring a diverse and extensive training set.",
            "desc": "The dataset comprises 1.56 trillion words, making it one of the largest dialog datasets available.",
            "content": "The dataset includes text-based dialog data that reflects various conversational contexts and styles.",
            "size": "1,560,000,000,000",
            "domain": "Dialog Systems",
            "task format": "Dialog Generation"
        },
        "metrics": {
            "metric name": "Safety Metric, Groundedness Metric",
            "aspect": "The metrics measure the alignment of model responses with human values and the factual accuracy of the generated content.",
            "principle": "The metrics were selected based on their ability to quantify important aspects of dialog quality that are often overlooked in traditional benchmarks.",
            "procedure": "Model performance is evaluated by comparing generated responses against a set of annotated human values and known factual information."
        },
        "experiments": {
            "model": "The benchmark tests a family of LaMDA models, which include state-of-the-art transformer-based architectures.",
            "procedure": "Models were fine-tuned with annotated data and tested in various dialog scenarios to assess their performance on safety and factuality.",
            "result": "The results indicate significant improvements in both safety and factual grounding compared to previous models, with statistically significant enhancements.",
            "variability": "Variability was accounted for by conducting multiple trials and utilizing different subsets of the dataset during evaluation."
        },
        "conclusion": "The experiments demonstrate that LaMDA effectively improves the quality of dialog systems by addressing safety and factual grounding, highlighting its potential impact on the field.",
        "discussion": {
            "advantage": "The benchmark provides a comprehensive framework for evaluating dialog systems, focusing on critical aspects that enhance user safety and factual reliability.",
            "limitation": "One limitation is that the reliance on annotated data may not capture all nuances of human values, potentially affecting the model's response quality in complex scenarios.",
            "future work": "Future research could explore expanding the dataset and refining the metrics to better capture the complexities of human dialog."
        },
        "other info": {}
    },
    "mount_outline": [
        {
            "section number": "1.1",
            "key information": "The paper addresses the issue of improving dialog applications through the development of LaMDA, a family of language models that focus on safety and factual grounding in responses."
        },
        {
            "section number": "2.1",
            "key information": "The benchmark is designed to address the challenges of safety and factual grounding in dialog systems, ensuring that responses align with human values and are based on verified information."
        },
        {
            "section number": "3.1",
            "key information": "LaMDA introduces novel metrics for quantifying safety and factuality, along with mechanisms for integrating external knowledge sources into the dialog generation process."
        },
        {
            "section number": "4.1",
            "key information": "The benchmark tests a family of LaMDA models, which include state-of-the-art transformer-based architectures."
        },
        {
            "section number": "6.2",
            "key information": "One limitation is that the reliance on annotated data may not capture all nuances of human values, potentially affecting the model's response quality in complex scenarios."
        },
        {
            "section number": "7.1",
            "key information": "Future research could explore expanding the dataset and refining the metrics to better capture the complexities of human dialog."
        }
    ],
    "similarity_score": null,
    "image": null,
    "path": "/home/liudingyuan/code/SurveyX/code/SurveyX-main/outputs/t10/papers/Lamda_ Language models for dialog applications.json"
}