{
    "from": null,
    "scholar_id": null,
    "detail_id": null,
    "title": "Language models that seek for knowledge: Modular search & generation for dialogue and prompt completion",
    "abstract": "Language models (LMs) have recently been shown to generate more factual responses by employing modularity (Zhou et al., 2021) in combination with retrieval (Adolphs et al., 2021). We extend the recent approach of Adolphs et al. (2021) to include internet search as a module. Our SeeKeR (Search engine->Knowledge->Response) method thus applies a single LM to three modular tasks in succession: search, generating knowledge, and generating a final response. We show that, when using SeeKeR as a dialogue model, it outperforms the state-of-the-art model BlenderBot 2 (Chen et al., 2021) on open-domain knowledge-grounded conversations for the same number of parameters, in terms of consistency, knowledge and per-turn engagingness. SeeKeR applied to topical prompt completions as a standard language model outperforms GPT2 (Radford et al., 2019) and GPT3 (Brown et al., 2020) in terms of factuality and topicality, despite GPT3 being a vastly larger model. Our code and models are made publicly available.",
    "arxivid": "2203.13224v2",
    "bib_name": "Languagemo159",
    "md_text": "# Language models that seek for knowledge: Modular search & generation for dialogue and prompt completion\n\n\nabstract\n\nLanguage models (LMs) have recently been shown to generate more factual responses by employing modularity (Zhou et al., 2021) in combination with retrieval (Adolphs et al., 2021). We extend the recent approach of Adolphs et al. (2021) to include internet search as a module. Our SeeKeR (Search engine->Knowledge->Response) method thus applies a single LM to three modular tasks in succession: search, generating knowledge, and generating a final response. We show that, when using SeeKeR as a dialogue model, it outperforms the state-of-the-art model BlenderBot 2 (Chen et al., 2021) on open-domain knowledge-grounded conversations for the same number of parameters, in terms of consistency, knowledge and per-turn engagingness. SeeKeR applied to topical prompt completions as a standard language model outperforms GPT2 (Radford et al., 2019) and GPT3 (Brown et al., 2020) in terms of factuality and topicality, despite GPT3 being a vastly larger model. Our code and models are made publicly available.",
    "paper_type": "method",
    "attri": {
        "background": "Language models (LMs) have recently been shown to generate more factual responses by employing modularity in combination with retrieval. The previous methods lack integration of internet search as a module, which is necessary for further advancements in generating knowledge-grounded responses.",
        "problem": {
            "definition": "The problem addressed in this paper is the generation of factual and engaging responses in open-domain conversations using language models.",
            "key obstacle": "The main difficulty is the inability of existing models to effectively incorporate real-time knowledge retrieval from the internet to enhance response accuracy and engagement."
        },
        "idea": {
            "intuition": "The idea was inspired by the observation that incorporating modularity and retrieval can significantly improve the factuality of responses generated by language models.",
            "opinion": "The proposed idea, SeeKeR, integrates a search engine with knowledge generation and response generation in a modular fashion to enhance the performance of dialogue models.",
            "innovation": "The primary difference of SeeKeR compared to existing approaches is its unique integration of internet search as a module, allowing for real-time knowledge retrieval to inform responses."
        },
        "method": {
            "method name": "SeeKeR",
            "method abbreviation": "Search engine->Knowledge->Response",
            "method definition": "SeeKeR is a method that applies a single language model to three modular tasks in succession: searching for information, generating knowledge from that information, and producing a final response.",
            "method description": "The core of SeeKeR involves a sequential process where a search engine retrieves relevant information, which is then processed to generate knowledge that informs the final response.",
            "method steps": [
                "1. Conduct a search using a search engine.",
                "2. Generate knowledge based on the retrieved information.",
                "3. Produce a final response using the generated knowledge."
            ],
            "principle": "This method is effective because it leverages real-time information retrieval from the internet, thereby ensuring that the responses are not only factual but also contextually relevant and engaging."
        },
        "experiments": {
            "evaluation setting": "The evaluation involved comparing SeeKeR with BlenderBot 2 on open-domain knowledge-grounded conversations and with GPT2 and GPT3 for topical prompt completions, focusing on parameters like consistency, knowledge, and engagement.",
            "evaluation method": "The performance of the method was assessed based on metrics of factuality, topicality, and engagement, comparing the results against baseline models."
        },
        "conclusion": "The experiments demonstrated that SeeKeR outperforms state-of-the-art models in generating factual and engaging responses, highlighting its effectiveness in knowledge-grounded conversations.",
        "discussion": {
            "advantage": "The key advantages of SeeKeR include its ability to provide factual responses by integrating real-time knowledge retrieval, leading to improved consistency and engagement in dialogues.",
            "limitation": "A limitation of the method may be its reliance on the quality of the search engine and the availability of relevant information on the internet.",
            "future work": "Future research could explore enhancements in the search module and investigate the integration of additional sources of knowledge to further improve response quality."
        },
        "other info": []
    },
    "mount_outline": [
        {
            "section number": "1.1",
            "key information": "The purpose of this paper is to address the generation of factual and engaging responses in open-domain conversations using language models, with a focus on integrating real-time knowledge retrieval."
        },
        {
            "section number": "2.2",
            "key information": "Traditional methods lack integration of internet search as a module, which is necessary for advancements in generating knowledge-grounded responses."
        },
        {
            "section number": "3.1",
            "key information": "The proposed method, SeeKeR, applies a single language model to three modular tasks: searching for information, generating knowledge from that information, and producing a final response."
        },
        {
            "section number": "4.1",
            "key information": "SeeKeR enhances response generation by integrating a search engine with knowledge generation, allowing for real-time knowledge retrieval to inform responses."
        },
        {
            "section number": "4.2",
            "key information": "The evaluation compared SeeKeR with BlenderBot 2 and GPT2/GPT3, focusing on metrics such as consistency, knowledge, and engagement."
        },
        {
            "section number": "6.2",
            "key information": "A limitation of SeeKeR is its reliance on the quality of the search engine and the availability of relevant information on the internet."
        },
        {
            "section number": "7.1",
            "key information": "Future research could explore enhancements in the search module and investigate the integration of additional sources of knowledge to improve response quality."
        }
    ],
    "similarity_score": null,
    "image": null,
    "path": "/home/liudingyuan/code/SurveyX/code/SurveyX-main/outputs/t10/papers/Language models that seek for knowledge_ Modular search & generation for dialogue and prompt completion.json"
}