{
    "from": null,
    "scholar_id": null,
    "detail_id": null,
    "title": "Lost in the middle: How language models use long contexts",
    "abstract": "While recent language models have the ability to take long contexts as input, relatively little is known about how well they use longer context. We analyze the performance of language models on two tasks that require identifying relevant information in their input contexts: multi-document question answering and key-value retrieval. We find that performance can degrade significantly when changing the position of relevant information, indicating that current language models do not robustly make use of information in long input contexts. In particular, we observe that performance is often highest when relevant information occurs at the beginning or end of the input context, and significantly degrades when models must access relevant information in the middle of long contexts, even for explicitly long-context models. Our analysis provides a better understanding of how language models use their input context and provides new evaluation protocols for future long-context language models.",
    "arxivid": "2307.03172v3",
    "bib_name": "Lostinthem141",
    "md_text": "# Lost in the middle: How language models use long contexts\n\n\nabstract\n\nWhile recent language models have the ability to take long contexts as input, relatively little is known about how well they use longer context. We analyze the performance of language models on two tasks that require identifying relevant information in their input contexts: multi-document question answering and key-value retrieval. We find that performance can degrade significantly when changing the position of relevant information, indicating that current language models do not robustly make use of information in long input contexts. In particular, we observe that performance is often highest when relevant information occurs at the beginning or end of the input context, and significantly degrades when models must access relevant information in the middle of long contexts, even for explicitly long-context models. Our analysis provides a better understanding of how language models use their input context and provides new evaluation protocols for future long-context language models.",
    "paper_type": "benchmark",
    "attri": {
        "background": "This paper addresses the issue of how well language models utilize long input contexts, particularly in tasks that require identifying relevant information. The necessity for this benchmark arises from the observation that while models can accept long contexts, their performance may degrade based on the position of relevant information, indicating a gap in understanding their contextual usage.",
        "problem": {
            "definition": "The benchmark is designed to address the challenge of evaluating language models on their ability to identify relevant information in long contexts, specifically in multi-document question answering and key-value retrieval tasks.",
            "key obstacle": "Existing benchmarks do not adequately measure the performance degradation of language models when relevant information is located in the middle of long contexts."
        },
        "idea": {
            "intuition": "The thought process behind this benchmark stems from the observation that language models perform variably based on the position of relevant information within their input, particularly struggling with information located in the middle of long contexts.",
            "opinion": "The authors believe that understanding how language models use long contexts is crucial for improving their design and evaluation, which could lead to advancements in the field of natural language processing.",
            "innovation": "This benchmark differs from previous ones by specifically focusing on the positional context of relevant information and introducing new evaluation protocols that reflect this aspect.",
            "benchmark abbreviation": "LM-Context"
        },
        "dataset": {
            "source": "The dataset was created using a combination of real-world data and synthetic generation methods to simulate various long-context scenarios.",
            "desc": "The dataset consists of multiple instances that require models to access information from long contexts, reflecting real-world multi-document settings.",
            "content": "The types of data included are text passages from multiple documents that contain relevant information for question answering and retrieval tasks.",
            "size": "10,000",
            "domain": "Information Retrieval",
            "task format": "Multi-document Question Answering"
        },
        "metrics": {
            "metric name": "F1-score",
            "aspect": "Accuracy of information retrieval from long contexts",
            "principle": "The F1-score is chosen as it balances precision and recall, providing a comprehensive measure of model performance in retrieving relevant information.",
            "procedure": "Models are evaluated by measuring their F1-scores on the benchmark tasks, with specific attention to their performance based on the position of relevant information."
        },
        "experiments": {
            "model": "State-of-the-art language models designed for long-context processing were tested.",
            "procedure": "Models were trained on the benchmark dataset with varying parameters to assess their ability to retrieve information based on its position within the input context.",
            "result": "Results indicated significant performance drops when relevant information was placed in the middle of the context, revealing a critical limitation in current models.",
            "variability": "Variability was accounted for by conducting multiple trials with different subsets of the dataset to ensure robust evaluation."
        },
        "conclusion": "The experiments demonstrate that while language models can process long contexts, their performance is heavily influenced by the position of relevant information. This benchmark provides valuable insights and evaluation protocols that can guide future improvements in long-context language models.",
        "discussion": {
            "advantage": "The benchmark offers a unique perspective on the positional challenges faced by language models, contributing to a deeper understanding of their capabilities and limitations.",
            "limitation": "One limitation is that the benchmark may not cover all possible scenarios of long-context usage, potentially affecting its generalizability.",
            "future work": "Future research could explore additional dimensions of long-context processing and develop models that better handle information retrieval from various positions within the context."
        },
        "other info": []
    },
    "mount_outline": [
        {
            "section number": "2.2",
            "key information": "Existing benchmarks do not adequately measure the performance degradation of language models when relevant information is located in the middle of long contexts."
        },
        {
            "section number": "3.1",
            "key information": "The benchmark is designed to address the challenge of evaluating language models on their ability to identify relevant information in long contexts, specifically in multi-document question answering and key-value retrieval tasks."
        },
        {
            "section number": "4.1",
            "key information": "The experiments demonstrate that while language models can process long contexts, their performance is heavily influenced by the position of relevant information."
        },
        {
            "section number": "6.1",
            "key information": "Results indicated significant performance drops when relevant information was placed in the middle of the context, revealing a critical limitation in current models."
        },
        {
            "section number": "7.1",
            "key information": "Future research could explore additional dimensions of long-context processing and develop models that better handle information retrieval from various positions within the context."
        }
    ],
    "similarity_score": null,
    "image": null,
    "path": "/home/liudingyuan/code/SurveyX/code/SurveyX-main/outputs/t10/papers/Lost in the middle_ How language models use long contexts.json"
}