{
    "from": null,
    "scholar_id": null,
    "detail_id": null,
    "title": "M-RAG: reinforcing large language model performance through retrieval-augmented generation with multiple partitions",
    "abstract": "Retrieval-Augmented Generation (RAG) enhances Large Language Models (LLMs) by retrieving relevant memories from an external database. However, existing RAG methods typically organize all memories in a whole database, potentially limiting focus on crucial memories and introducing noise. In this paper, we introduce a multiple partition paradigm for RAG (called M-RAG), where each database partition serves as a basic unit for RAG execution. Based on this paradigm, we propose a novel framework that leverages LLMs with Multi-Agent Reinforcement Learning to optimize different language generation tasks explicitly. Through comprehensive experiments conducted on seven datasets, spanning three language generation tasks and involving three distinct language model architectures, we confirm that M-RAG consistently outperforms various baseline methods, achieving improvements of 11%, 8%, and 12% for text summarization, machine translation, and dialogue generation, respectively.",
    "arxivid": "2405.16420v1",
    "bib_name": "M-RAG:rein153",
    "md_text": "# M-RAG: reinforcing large language model performance through retrieval-augmented generation with multiple partitions\n\n\nabstract\n\nRetrieval-Augmented Generation (RAG) enhances Large Language Models (LLMs) by retrieving relevant memories from an external database. However, existing RAG methods typically organize all memories in a whole database, potentially limiting focus on crucial memories and introducing noise. In this paper, we introduce a multiple partition paradigm for RAG (called M-RAG), where each database partition serves as a basic unit for RAG execution. Based on this paradigm, we propose a novel framework that leverages LLMs with Multi-Agent Reinforcement Learning to optimize different language generation tasks explicitly. Through comprehensive experiments conducted on seven datasets, spanning three language generation tasks and involving three distinct language model architectures, we confirm that M-RAG consistently outperforms various baseline methods, achieving improvements of 11%, 8%, and 12% for text summarization, machine translation, and dialogue generation, respectively.",
    "paper_type": "method",
    "attri": {
        "background": "Retrieval-Augmented Generation (RAG) enhances Large Language Models (LLMs) by retrieving relevant memories from an external database. However, existing RAG methods typically organize all memories in a whole database, potentially limiting focus on crucial memories and introducing noise.",
        "problem": {
            "definition": "The problem this paper aims to solve is the inefficiency in existing RAG methods that organize memories in a single database, leading to a lack of focus on important memories.",
            "key obstacle": "The core obstacle is the potential noise introduced by irrelevant memories when all are stored together, which hampers the performance of LLMs."
        },
        "idea": {
            "intuition": "The idea was inspired by the observation that organizing memories into multiple partitions can enhance the retrieval process by reducing noise and improving focus on relevant information.",
            "opinion": "The proposed idea, M-RAG, involves a multiple partition paradigm for RAG where each partition serves as a unit for executing retrieval and generation tasks.",
            "innovation": "The primary innovation of M-RAG lies in its framework that utilizes Multi-Agent Reinforcement Learning to optimize language generation tasks across different partitions, contrasting with traditional approaches that do not leverage such partitioning."
        },
        "method": {
            "method name": "M-RAG",
            "method abbreviation": "M-RAG",
            "method definition": "M-RAG is defined as a retrieval-augmented generation framework that organizes memories into multiple partitions to enhance the performance of LLMs.",
            "method description": "M-RAG optimizes language generation tasks by retrieving relevant memories from distinct database partitions.",
            "method steps": "1. Organize memories into multiple partitions; 2. Retrieve relevant memories from the selected partition; 3. Utilize Multi-Agent Reinforcement Learning to generate responses based on retrieved memories.",
            "principle": "The effectiveness of M-RAG is rooted in its ability to minimize noise and enhance relevance in memory retrieval, leading to improved performance in language generation tasks."
        },
        "experiments": {
            "evaluation setting": "Comprehensive experiments were conducted on seven datasets across three language generation tasks: text summarization, machine translation, and dialogue generation, using three distinct language model architectures.",
            "evaluation method": "The performance of M-RAG was assessed by comparing it against various baseline methods, measuring improvements in task-specific metrics."
        },
        "conclusion": "The experiments confirm that M-RAG consistently outperforms baseline methods, achieving improvements of 11%, 8%, and 12% for text summarization, machine translation, and dialogue generation, respectively.",
        "discussion": {
            "advantage": "The key advantages of M-RAG include enhanced focus on relevant memories and reduced noise during retrieval, leading to superior performance in language generation tasks.",
            "limitation": "A limitation of the method may include the complexity of managing multiple partitions and the potential overhead in memory retrieval processes.",
            "future work": "Future research could explore further optimizations in partition management and investigate the applicability of M-RAG in other domains beyond language generation."
        },
        "other info": []
    },
    "mount_outline": [
        {
            "section number": "4",
            "key information": "M-RAG is defined as a retrieval-augmented generation framework that organizes memories into multiple partitions to enhance the performance of LLMs."
        },
        {
            "section number": "4.1",
            "key information": "The key advantages of M-RAG include enhanced focus on relevant memories and reduced noise during retrieval, leading to superior performance in language generation tasks."
        },
        {
            "section number": "6",
            "key information": "A limitation of the method may include the complexity of managing multiple partitions and the potential overhead in memory retrieval processes."
        },
        {
            "section number": "7",
            "key information": "Future research could explore further optimizations in partition management and investigate the applicability of M-RAG in other domains beyond language generation."
        }
    ],
    "similarity_score": null,
    "image": null,
    "path": "/home/liudingyuan/code/SurveyX/code/SurveyX-main/outputs/t10/papers/M-RAG_ reinforcing large language model performance through retrieval-augmented generation with multiple partitions.json"
}