{
    "from": null,
    "scholar_id": null,
    "detail_id": null,
    "title": "Neural models for information retrieval",
    "abstract": "Neural ranking models for information retrieval (IR) use shallow or deep neural networks to rank search results in response to a query. Traditional learning to rank models employ machine learning techniques over hand-crafted IR features. By contrast, neural models learn representations of language from raw text that can bridge the gap between query and document vocabulary. Unlike classical IR models, these new machine learning based approaches are data-hungry, requiring large scale training data before they can be deployed. This tutorial introduces basic concepts and intuitions behind neural IR models, and places them in the context of traditional retrieval models. We begin by introducing fundamental concepts of IR and different neural and non-neural approaches to learning vector representations of text. We then review shallow neural IR methods that employ pre-trained neural term embeddings without learning the IR task end-to-end. We introduce deep neural networks next, discussing popular deep architectures. Finally, we review the current DNN models for information retrieval. We conclude with a discussion on potential future directions for neural IR.",
    "arxivid": "1705.01509v1",
    "bib_name": "Neuralmode27",
    "md_text": "# Neural models for information retrieval\n\n\nabstract\n\nNeural ranking models for information retrieval (IR) use shallow or deep neural networks to rank search results in response to a query. Traditional learning to rank models employ machine learning techniques over hand-crafted IR features. By contrast, neural models learn representations of language from raw text that can bridge the gap between query and document vocabulary. Unlike classical IR models, these new machine learning based approaches are data-hungry, requiring large scale training data before they can be deployed. This tutorial introduces basic concepts and intuitions behind neural IR models, and places them in the context of traditional retrieval models. We begin by introducing fundamental concepts of IR and different neural and non-neural approaches to learning vector representations of text. We then review shallow neural IR methods that employ pre-trained neural term embeddings without learning the IR task end-to-end. We introduce deep neural networks next, discussing popular deep architectures. Finally, we review the current DNN models for information retrieval. We conclude with a discussion on potential future directions for neural IR.",
    "paper_type": "survey",
    "attri": {
        "background": {
            "purpose": "This paper aims to introduce basic concepts and intuitions behind neural ranking models for information retrieval (IR), addressing the transition from traditional learning to rank models to neural approaches.",
            "scope": "The survey covers neural ranking models, including both shallow and deep neural networks, and compares them with traditional IR models. It excludes detailed discussions on specific applications of IR models outside the context of neural approaches."
        },
        "problem": {
            "definition": "The core issue explored is the effectiveness of neural models in ranking search results in response to user queries, particularly in bridging the vocabulary gap between queries and documents.",
            "key obstacle": "The primary challenge is the data-hungry nature of neural models, which require large-scale training data for effective deployment."
        },
        "architecture": {
            "perspective": "The survey categorizes existing research into shallow neural methods using pre-trained embeddings and deep neural networks, providing a framework for understanding their effectiveness in IR.",
            "fields/stages": "The paper organizes current methods into stages: shallow neural IR methods and deep neural networks, based on their learning mechanisms and application to the IR task."
        },
        "conclusion": {
            "comparisions": "The survey compares traditional IR methods with neural approaches, highlighting differences in effectiveness and the ability to learn representations from raw text.",
            "results": "Key takeaways include the advantages of neural models in learning richer representations and the need for substantial training data to achieve optimal performance."
        },
        "discussion": {
            "advantage": "Existing research has successfully demonstrated the potential of neural models to improve ranking accuracy in IR tasks by leveraging deep learning techniques.",
            "limitation": "Current studies often struggle with the requirement for large datasets and may not generalize well to domains with limited training data.",
            "gaps": "There remain unanswered questions regarding the optimal architectures for various IR tasks and the impact of different training data characteristics.",
            "future work": "Future research should focus on developing more efficient training methods, exploring transfer learning approaches, and investigating the integration of neural models with traditional IR techniques."
        },
        "other info": {
            "additional_info": "The tutorial also places neural IR models in the broader context of traditional retrieval models and discusses the evolution of vector representations of text."
        }
    },
    "mount_outline": [
        {
            "section number": "1.1",
            "key information": "This paper aims to introduce basic concepts and intuitions behind neural ranking models for information retrieval (IR), addressing the transition from traditional learning to rank models to neural approaches."
        },
        {
            "section number": "2.1",
            "key information": "The survey covers neural ranking models, including both shallow and deep neural networks, and compares them with traditional IR models."
        },
        {
            "section number": "2.2",
            "key information": "The primary challenge is the data-hungry nature of neural models, which require large-scale training data for effective deployment."
        },
        {
            "section number": "3.1",
            "key information": "The core issue explored is the effectiveness of neural models in ranking search results in response to user queries, particularly in bridging the vocabulary gap between queries and documents."
        },
        {
            "section number": "4",
            "key information": "Existing research has successfully demonstrated the potential of neural models to improve ranking accuracy in IR tasks by leveraging deep learning techniques."
        },
        {
            "section number": "6.1",
            "key information": "Current studies often struggle with the requirement for large datasets and may not generalize well to domains with limited training data."
        },
        {
            "section number": "7.1",
            "key information": "Future research should focus on developing more efficient training methods, exploring transfer learning approaches, and investigating the integration of neural models with traditional IR techniques."
        }
    ],
    "similarity_score": null,
    "image": null,
    "path": "/home/liudingyuan/code/SurveyX/code/SurveyX-main/outputs/t10/papers/Neural models for information retrieval.json"
}