{
    "from": null,
    "scholar_id": null,
    "detail_id": null,
    "title": "One embedder, any task: Instruction-finetuned text embeddings",
    "abstract": "We introduce INSTRUCTOR, a new method for computing text embeddings given task instructions: every text input is embedded together with instructions explaining the use case (e.g., task and domain descriptions). Unlike encoders from prior work that are more specialized, INSTRUCTOR is a single embedder that can generate text embeddings tailored to different downstream tasks and domains, without any further training. We first annotate instructions for 330 diverse tasks and train INSTRUCTOR on this multitask mixture with a contrastive loss. We evaluate INSTRUCTOR on 70 embedding evaluation tasks (66 of which are unseen during training), ranging from classification and information retrieval to semantic textual similarity and text generation evaluation. INSTRUCTOR, while having an order of magnitude fewer parameters than the previous best model, achieves state-of-the-art performance, with an average improvement of 3.4% compared to the previous best results on the 70 diverse datasets. Our analysis suggests that INSTRUCTOR is robust to changes in instructions, and that instruction finetuning mitigates the challenge of training a single model on diverse datasets. Our model, code, and data are available at https://instructor-embedding.github.io.",
    "arxivid": "2212.09741v3",
    "bib_name": "Oneembedde79",
    "md_text": "# One embedder, any task: Instruction-finetuned text embeddings\n\n\nabstract\n\nWe introduce INSTRUCTOR, a new method for computing text embeddings given task instructions: every text input is embedded together with instructions explaining the use case (e.g., task and domain descriptions). Unlike encoders from prior work that are more specialized, INSTRUCTOR is a single embedder that can generate text embeddings tailored to different downstream tasks and domains, without any further training. We first annotate instructions for 330 diverse tasks and train INSTRUCTOR on this multitask mixture with a contrastive loss. We evaluate INSTRUCTOR on 70 embedding evaluation tasks (66 of which are unseen during training), ranging from classification and information retrieval to semantic textual similarity and text generation evaluation. INSTRUCTOR, while having an order of magnitude fewer parameters than the previous best model, achieves state-of-the-art performance, with an average improvement of 3.4% compared to the previous best results on the 70 diverse datasets. Our analysis suggests that INSTRUCTOR is robust to changes in instructions, and that instruction finetuning mitigates the challenge of training a single model on diverse datasets. Our model, code, and data are available at https://instructor-embedding.github.io.",
    "paper_type": "method",
    "attri": {
        "background": "This paper addresses the issue of generating text embeddings tailored to various downstream tasks using task instructions, highlighting the limitations of specialized encoders which require further training for each task.",
        "problem": {
            "definition": "The problem is the lack of a universal model that can generate effective text embeddings for diverse tasks without needing task-specific training.",
            "key obstacle": "The main difficulty is the challenge of training a single model that can perform well across a wide range of tasks and domains, which existing methods fail to address."
        },
        "idea": {
            "intuition": "The idea is inspired by the observation that providing task instructions can enhance the performance of text embedding models by contextualizing the input data.",
            "opinion": "The proposed idea entails creating a single embedder, INSTRUCTOR, that utilizes task instructions to produce versatile text embeddings applicable to various tasks without additional training.",
            "innovation": "The key innovation lies in the ability of INSTRUCTOR to generate embeddings for multiple tasks from a single model, significantly reducing the number of parameters while achieving state-of-the-art performance."
        },
        "method": {
            "method name": "INSTRUCTOR",
            "method abbreviation": "INST",
            "method definition": "INSTRUCTOR is a method that computes text embeddings by integrating task instructions with the input text, allowing for adaptable embeddings across different tasks.",
            "method description": "The core of INSTRUCTOR is its capacity to generate contextually relevant embeddings using task-specific instructions without further training.",
            "method steps": "1. Annotate instructions for diverse tasks; 2. Train the model on a multitask mixture using contrastive loss; 3. Generate embeddings by inputting text and corresponding instructions.",
            "principle": "The effectiveness of INSTRUCTOR is based on the principle that embedding text with explicit instructions enhances the model's understanding and adaptability to various tasks."
        },
        "experiments": {
            "evaluation setting": "The evaluation was conducted on 70 embedding tasks, including classification, information retrieval, and semantic textual similarity, with 66 tasks being unseen during training.",
            "evaluation method": "Performance was assessed by measuring the embeddings generated by INSTRUCTOR against baseline methods across the diverse evaluation tasks."
        },
        "conclusion": "INSTRUCTOR demonstrates state-of-the-art performance on diverse datasets, achieving an average improvement of 3.4% over previous best results, indicating its robustness and effectiveness in generating task-specific embeddings.",
        "discussion": {
            "advantage": "The primary advantages of INSTRUCTOR include its versatility in handling multiple tasks with a single model and its reduced parameter count compared to previous models.",
            "limitation": "One limitation of the method may be its reliance on the quality of task instructions, which could affect the performance if the instructions are unclear or poorly defined.",
            "future work": "Future research could focus on improving the quality of task instructions and exploring further applications of INSTRUCTOR in more specialized domains."
        },
        "other info": {
            "model availability": "The model, code, and data are publicly available at https://instructor-embedding.github.io."
        }
    },
    "mount_outline": [
        {
            "section number": "3.1",
            "key information": "The proposed method, INSTRUCTOR, is a model that computes text embeddings by integrating task instructions with the input text, allowing for adaptable embeddings across different tasks."
        },
        {
            "section number": "4",
            "key information": "INSTRUCTOR demonstrates state-of-the-art performance on diverse datasets, achieving an average improvement of 3.4% over previous best results, indicating its robustness and effectiveness in generating task-specific embeddings."
        },
        {
            "section number": "4.2",
            "key information": "The evaluation was conducted on 70 embedding tasks, including classification, information retrieval, and semantic textual similarity, with 66 tasks being unseen during training."
        },
        {
            "section number": "6.2",
            "key information": "One limitation of the INSTRUCTOR method may be its reliance on the quality of task instructions, which could affect performance if the instructions are unclear or poorly defined."
        },
        {
            "section number": "7.1",
            "key information": "Future research could focus on improving the quality of task instructions and exploring further applications of INSTRUCTOR in more specialized domains."
        }
    ],
    "similarity_score": null,
    "image": null,
    "path": "/home/liudingyuan/code/SurveyX/code/SurveyX-main/outputs/t10/papers/One embedder, any task_ Instruction-finetuned text embeddings.json"
}