{
    "from": null,
    "scholar_id": null,
    "detail_id": null,
    "title": "Pre-trained models for natural language processing: A survey",
    "abstract": "Deep learning has developed rapidly. The pre-training technology of natural language processing has also made great progress. Early natural language processing used static pre-training techniques, such as Word2Vec, GLoVe, and other word vector methods to segment text. However, this segmentation method does not consider, and the context cannot solve the problem of polysemy. The BERT model has made many typical downstream tasks a typical improvement, which has greatly promoted technological development in the field of NLP and has since entered the epoch of dynamic pre-training technology. On this basis, we analyze the shortcomings of current pre-training technology and finally looks forward to the future development trend of pre-training technology.",
    "arxivid": "2003.08271v4",
    "bib_name": "Pre-traine21",
    "md_text": "# Pre-trained models for natural language processing: A survey\n\n\nabstract\n\nDeep learning has developed rapidly. The pre-training technology of natural language processing has also made great progress. Early natural language processing used static pre-training techniques, such as Word2Vec, GLoVe, and other word vector methods to segment text. However, this segmentation method does not consider, and the context cannot solve the problem of polysemy. The BERT model has made many typical downstream tasks a typical improvement, which has greatly promoted technological development in the field of NLP and has since entered the epoch of dynamic pre-training technology. On this basis, we analyze the shortcomings of current pre-training technology and finally looks forward to the future development trend of pre-training technology.",
    "paper_type": "survey",
    "attri": {
        "background": {
            "purpose": "This survey aims to analyze the advancements in pre-training technologies for natural language processing (NLP) and address the limitations of existing methods.",
            "scope": "The survey includes discussions on static pre-training techniques like Word2Vec and GLoVe, as well as dynamic pre-training models such as BERT. It excludes non-NLP related pre-training methods and focuses specifically on techniques relevant to text segmentation and polysemy issues."
        },
        "problem": {
            "definition": "The core issue explored in this survey is the efficacy of pre-training techniques in NLP, particularly how they handle context and polysemy in language.",
            "key obstacle": "A primary challenge is the inadequacy of static pre-training methods in addressing the complexities of language, such as polysemy and context sensitivity."
        },
        "architecture": {
            "perspective": "The survey introduces a framework that categorizes pre-training technologies into static and dynamic methods, highlighting the transition from static techniques to more context-aware dynamic approaches.",
            "fields/stages": "The survey organizes current methods based on their ability to handle context and polysemy, with static methods grouped separately from dynamic methods like BERT that improve upon these limitations."
        },
        "conclusion": {
            "comparisions": "The comparative analysis indicates that dynamic pre-training models like BERT significantly outperform static methods in various downstream NLP tasks, particularly in understanding context and resolving polysemy.",
            "results": "Key takeaways include a recognition of the limitations of static pre-training techniques and an acknowledgment of the transformative impact of dynamic models on NLP tasks."
        },
        "discussion": {
            "advantage": "Existing research has successfully demonstrated the effectiveness of dynamic pre-training models in improving NLP tasks, showcasing significant advancements in technology.",
            "limitation": "Current studies often fall short in fully addressing the complexities of language and may not generalize well across different languages or contexts.",
            "gaps": "Unanswered questions include the exploration of how these models can be further improved to handle even more complex linguistic phenomena.",
            "future work": "Emerging trends suggest a focus on enhancing dynamic pre-training techniques and exploring their application in diverse languages and contexts to bridge existing gaps."
        },
        "other info": {
            "additional_info": "The paper looks forward to future developments in pre-training technology, emphasizing the need for ongoing research in this rapidly evolving field."
        }
    },
    "mount_outline": [
        {
            "section number": "1.1",
            "key information": "This survey aims to analyze the advancements in pre-training technologies for natural language processing (NLP) and address the limitations of existing methods."
        },
        {
            "section number": "2.1",
            "key information": "The survey introduces a framework that categorizes pre-training technologies into static and dynamic methods, highlighting the transition from static techniques to more context-aware dynamic approaches."
        },
        {
            "section number": "2.2",
            "key information": "A primary challenge is the inadequacy of static pre-training methods in addressing the complexities of language, such as polysemy and context sensitivity."
        },
        {
            "section number": "3.1",
            "key information": "The core issue explored in this survey is the efficacy of pre-training techniques in NLP, particularly how they handle context and polysemy in language."
        },
        {
            "section number": "4.1",
            "key information": "Key takeaways include a recognition of the limitations of static pre-training techniques and an acknowledgment of the transformative impact of dynamic models on NLP tasks."
        },
        {
            "section number": "6.2",
            "key information": "Current studies often fall short in fully addressing the complexities of language and may not generalize well across different languages or contexts."
        },
        {
            "section number": "7.2",
            "key information": "Emerging trends suggest a focus on enhancing dynamic pre-training techniques and exploring their application in diverse languages and contexts to bridge existing gaps."
        }
    ],
    "similarity_score": null,
    "image": null,
    "path": "/home/liudingyuan/code/SurveyX/code/SurveyX-main/outputs/t10/papers/Pre-trained models for natural language processing_ A survey.json"
}