{
    "from": null,
    "scholar_id": null,
    "detail_id": null,
    "title": "Precise zero-shot dense retrieval without relevance labels",
    "abstract": "While dense retrieval has been shown to be effective and efficient across tasks and languages, it remains difficult to create effective fully zero-shot dense retrieval systems when no relevance labels are available. In this paper, we recognize the difficulty of zero-shot learning and encoding relevance. Instead, we propose to pivot through Hypothetical Document Embeddings (HyDE). Given a query, HyDE first zero-shot prompts an instruction-following language model (e.g., InstructGPT) to generate a hypothetical document. The document captures relevance patterns but is \u201cfake\u201d and may contain hallucinations. Then, an unsupervised contrastively learned encoder (e.g., Contriever) encodes the document into an embedding vector. This vector identifies a neighborhood in the corpus embedding space, from which similar real documents are retrieved based on vector similarity. This second step grounds the generated document to the actual corpus, with the encoder\u2019s dense bottleneck filtering out the hallucinations. Our experiments show that HyDE significantly outperforms the state-of-the-art unsupervised dense retriever Contriever and shows strong performance comparable to fine-tuned retrievers across various tasks (e.g. web search, QA, fact verification) and in non-English languages (e.g., sw, ko, ja, bn).",
    "arxivid": "2212.10496v1",
    "bib_name": "Precisezer39",
    "md_text": "# Precise zero-shot dense retrieval without relevance labels\n\n\nabstract\n\nWhile dense retrieval has been shown to be effective and efficient across tasks and languages, it remains difficult to create effective fully zero-shot dense retrieval systems when no relevance labels are available. In this paper, we recognize the difficulty of zero-shot learning and encoding relevance. Instead, we propose to pivot through Hypothetical Document Embeddings (HyDE). Given a query, HyDE first zero-shot prompts an instruction-following language model (e.g., InstructGPT) to generate a hypothetical document. The document captures relevance patterns but is \u201cfake\u201d and may contain hallucinations. Then, an unsupervised contrastively learned encoder (e.g., Contriever) encodes the document into an embedding vector. This vector identifies a neighborhood in the corpus embedding space, from which similar real documents are retrieved based on vector similarity. This second step grounds the generated document to the actual corpus, with the encoder\u2019s dense bottleneck filtering out the hallucinations. Our experiments show that HyDE significantly outperforms the state-of-the-art unsupervised dense retriever Contriever and shows strong performance comparable to fine-tuned retrievers across various tasks (e.g. web search, QA, fact verification) and in non-English languages (e.g., sw, ko, ja, bn).",
    "paper_type": "method",
    "attri": {
        "background": "This paper addresses the challenge of creating effective fully zero-shot dense retrieval systems in the absence of relevance labels, recognizing the difficulties associated with zero-shot learning and encoding relevance.",
        "problem": {
            "definition": "The problem is the inability to effectively perform dense retrieval without relevance labels, which limits the performance of retrieval systems.",
            "key obstacle": "The core obstacle is the challenge of generating relevant embeddings without any labeled data, which leads to ineffective retrieval results."
        },
        "idea": {
            "intuition": "The idea is inspired by the need to generate relevant document representations without reliance on existing relevance labels.",
            "opinion": "The proposed idea involves using Hypothetical Document Embeddings (HyDE) to generate a 'fake' document that embodies relevance patterns, which can then be used for retrieval.",
            "innovation": "The primary innovation of the proposed method is the combination of a language model to generate hypothetical documents and a contrastively learned encoder to ground these documents in the actual corpus, filtering out hallucinations."
        },
        "method": {
            "method name": "Hypothetical Document Embeddings (HyDE)",
            "method abbreviation": "HyDE",
            "method definition": "HyDE is a method that generates hypothetical documents using an instruction-following language model and encodes them with an unsupervised contrastively learned encoder to retrieve real documents based on vector similarity.",
            "method description": "HyDE generates a hypothetical document based on a query and retrieves similar real documents by encoding the hypothetical document into an embedding vector.",
            "method steps": [
                "Prompt an instruction-following language model to generate a hypothetical document from the query.",
                "Encode the hypothetical document using an unsupervised contrastively learned encoder.",
                "Retrieve similar real documents from the corpus based on the encoded vector similarity."
            ],
            "principle": "The method is effective because it leverages the ability of a language model to generate relevant content while using a contrastively learned encoder to ensure that only relevant real documents are retrieved."
        },
        "experiments": {
            "evaluation setting": "The experiments were conducted comparing HyDE against the state-of-the-art unsupervised dense retriever Contriever, across various tasks including web search, QA, and fact verification, as well as in non-English languages.",
            "evaluation method": "The performance of the method was assessed by measuring the retrieval effectiveness and comparing the results against baseline methods."
        },
        "conclusion": "The experiments demonstrate that HyDE significantly outperforms existing unsupervised dense retrieval methods and shows strong performance comparable to fine-tuned retrievers across multiple tasks and languages.",
        "discussion": {
            "advantage": "The key advantages of HyDE include its ability to perform effective zero-shot retrieval without relevance labels and its performance across multiple languages and tasks.",
            "limitation": "A limitation of the method may include the potential for hallucinations in the generated hypothetical documents, which could affect retrieval accuracy.",
            "future work": "Future work could focus on improving the grounding process to further reduce hallucinations and exploring additional tasks or languages for application."
        },
        "other info": {}
    },
    "mount_outline": [
        {
            "section number": "2.2",
            "key information": "The problem is the inability to effectively perform dense retrieval without relevance labels, which limits the performance of retrieval systems."
        },
        {
            "section number": "4",
            "key information": "The proposed idea involves using Hypothetical Document Embeddings (HyDE) to generate a 'fake' document that embodies relevance patterns, which can then be used for retrieval."
        },
        {
            "section number": "4.1",
            "key information": "HyDE generates a hypothetical document based on a query and retrieves similar real documents by encoding the hypothetical document into an embedding vector."
        },
        {
            "section number": "6",
            "key information": "A limitation of the method may include the potential for hallucinations in the generated hypothetical documents, which could affect retrieval accuracy."
        },
        {
            "section number": "7.1",
            "key information": "Future work could focus on improving the grounding process to further reduce hallucinations and exploring additional tasks or languages for application."
        }
    ],
    "similarity_score": null,
    "image": null,
    "path": "/home/liudingyuan/code/SurveyX/code/SurveyX-main/outputs/t10/papers/Precise zero-shot dense retrieval without relevance labels.json"
}