{
    "from": null,
    "scholar_id": null,
    "detail_id": null,
    "title": "Pretrained language model for text generation: A survey",
    "abstract": "Text generation has become one of the most important yet challenging tasks in natural language processing (NLP). The resurgence of deep learning\n\nhas greatly advanced this field by neural generation models, especially the paradigm of pretrained language models (PLMs). In this paper, we present\n\nan overview of the major advances achieved in the topic of PLMs for text generation. As the preliminaries, we present the general task definition\n\nand briefly describe the mainstream architectures of PLMs for text generation. As the core content, we discuss how to adapt existing PLMs to model\n\ndifferent input data and satisfy special properties in the generated text. We further summarize several important fine-tuning strategies for text generation.\n\nFinally, we present several future directions and conclude this paper. Our survey aims to provide text generation researchers a synthesis and pointer to related research.",
    "arxivid": "2201.05273v4",
    "bib_name": "Pretrained23",
    "md_text": "# Pretrained language model for text generation: A survey\n\n\nabstract\n\nText generation has become one of the most important yet challenging tasks in natural language processing (NLP). The resurgence of deep learning\n\nhas greatly advanced this field by neural generation models, especially the paradigm of pretrained language models (PLMs). In this paper, we present\n\nan overview of the major advances achieved in the topic of PLMs for text generation. As the preliminaries, we present the general task definition\n\nand briefly describe the mainstream architectures of PLMs for text generation. As the core content, we discuss how to adapt existing PLMs to model\n\ndifferent input data and satisfy special properties in the generated text. We further summarize several important fine-tuning strategies for text generation.\n\nFinally, we present several future directions and conclude this paper. Our survey aims to provide text generation researchers a synthesis and pointer to related research.",
    "paper_type": "survey",
    "attri": {
        "background": {
            "purpose": "This paper aims to provide an overview of the major advances in pretrained language models (PLMs) specifically for text generation, addressing the knowledge gap in understanding how PLMs can be adapted for various input data and properties in generated text.",
            "scope": "The survey focuses on pretrained language models and their applications in text generation, including task definitions, architectures, adaptation techniques, and fine-tuning strategies. Areas excluded are non-PLM based text generation methods and other NLP tasks not directly related to text generation."
        },
        "problem": {
            "definition": "The core issue explored in this survey is the adaptation of pretrained language models for effective text generation, which is a significant challenge in the field of natural language processing.",
            "key obstacle": "The primary challenges include the difficulty in adapting PLMs to diverse input data and ensuring that the generated text meets specific properties or requirements."
        },
        "architecture": {
            "perspective": "The survey introduces a framework for categorizing existing research on PLMs for text generation, focusing on adaptation techniques and fine-tuning strategies.",
            "fields/stages": "The survey organizes the current methods into stages such as task definition, model architecture, adaptation techniques, and fine-tuning strategies, using criteria based on the type of input data and properties of the generated text."
        },
        "conclusion": {
            "comparisions": "The survey conducts a comparative analysis of different PLM approaches in terms of their effectiveness and adaptability for text generation tasks.",
            "results": "Key takeaways include the identification of successful adaptation strategies and fine-tuning methods that enhance the performance of PLMs in generating coherent and contextually relevant text."
        },
        "discussion": {
            "advantage": "The existing research has achieved significant advancements in the application of PLMs for text generation, resulting in improved performance and versatility in handling various text generation tasks.",
            "limitation": "Current studies often fall short in addressing the full range of input data types and specific requirements for generated text, leading to limitations in the applicability of PLMs.",
            "gaps": "Unanswered questions include the optimal strategies for adapting PLMs to new domains and the exploration of novel properties that generated text should exhibit.",
            "future work": "Future research should focus on developing more robust adaptation techniques and exploring emerging trends in PLM architectures that can further enhance text generation capabilities."
        },
        "other info": {
            "info1": "The paper also outlines several future directions for research in the area of PLMs for text generation.",
            "info2": {
                "info2.1": "The importance of fine-tuning strategies in improving text generation.",
                "info2.2": "The role of deep learning advancements in enhancing PLM performance."
            }
        }
    },
    "mount_outline": [
        {
            "section number": "1.1",
            "key information": "The survey focuses on pretrained language models and their applications in text generation, including task definitions, architectures, adaptation techniques, and fine-tuning strategies."
        },
        {
            "section number": "2.1",
            "key information": "The core issue explored in this survey is the adaptation of pretrained language models for effective text generation, which is a significant challenge in the field of natural language processing."
        },
        {
            "section number": "2.2",
            "key information": "Current studies often fall short in addressing the full range of input data types and specific requirements for generated text, leading to limitations in the applicability of PLMs."
        },
        {
            "section number": "3.1",
            "key information": "The survey introduces a framework for categorizing existing research on PLMs for text generation, focusing on adaptation techniques and fine-tuning strategies."
        },
        {
            "section number": "4.1",
            "key information": "Key takeaways include the identification of successful adaptation strategies and fine-tuning methods that enhance the performance of PLMs in generating coherent and contextually relevant text."
        },
        {
            "section number": "6.2",
            "key information": "The primary challenges include the difficulty in adapting PLMs to diverse input data and ensuring that the generated text meets specific properties or requirements."
        },
        {
            "section number": "7.1",
            "key information": "Future research should focus on developing more robust adaptation techniques and exploring emerging trends in PLM architectures that can further enhance text generation capabilities."
        }
    ],
    "similarity_score": null,
    "image": null,
    "path": "/home/liudingyuan/code/SurveyX/code/SurveyX-main/outputs/t10/papers/Pretrained language model for text generation_ A survey.json"
}