{
    "from": null,
    "scholar_id": null,
    "detail_id": null,
    "title": "Promptagator: Few-shot dense retrieval from 8 examples",
    "abstract": "Much recent research on information retrieval has focused on how to transfer from one task (typically with abundant supervised data) to various other tasks where supervision is limited, with the implicit assumption that it is possible to generalize from one task to all the rest. However, this overlooks the fact that there are many diverse and unique retrieval tasks, each targeting different search intents, queries, and search domains. In this paper, we suggest to work on Few-shot Dense Retrieval, a setting where each task comes with a short description and a few examples. To amplify the power of a few examples, we propose Prompt-base Query Generation for Retriever (Promptagator), which leverages large language models (LLM) as a few-shot query generator, and creates task-specific retrievers based on the generated data. Powered by LLM's generalization ability, Promptagator makes it possible to create task-specific end-to-end retrievers solely based on a few examples {without} using Natural Questions or MS MARCO to train %question generators or dual encoders. Surprisingly, LLM prompting with no more than 8 examples allows dual encoders to outperform heavily engineered models trained on MS MARCO like ColBERT v2 by more than 1.2 nDCG on average on 11 retrieval sets. Further training standard-size re-rankers using the same generated data yields another 5.0 point nDCG improvement. Our studies determine that query generation can be far more effective than previously observed, especially when a small amount of task-specific knowledge is given.",
    "arxivid": "2209.11755v1",
    "bib_name": "Promptagat64",
    "md_text": "# Promptagator: Few-shot dense retrieval from 8 examples\n\n\nabstract\n\nMuch recent research on information retrieval has focused on how to transfer from one task (typically with abundant supervised data) to various other tasks where supervision is limited, with the implicit assumption that it is possible to generalize from one task to all the rest. However, this overlooks the fact that there are many diverse and unique retrieval tasks, each targeting different search intents, queries, and search domains. In this paper, we suggest to work on Few-shot Dense Retrieval, a setting where each task comes with a short description and a few examples. To amplify the power of a few examples, we propose Prompt-base Query Generation for Retriever (Promptagator), which leverages large language models (LLM) as a few-shot query generator, and creates task-specific retrievers based on the generated data. Powered by LLM's generalization ability, Promptagator makes it possible to create task-specific end-to-end retrievers solely based on a few examples {without} using Natural Questions or MS MARCO to train %question generators or dual encoders. Surprisingly, LLM prompting with no more than 8 examples allows dual encoders to outperform heavily engineered models trained on MS MARCO like ColBERT v2 by more than 1.2 nDCG on average on 11 retrieval sets. Further training standard-size re-rankers using the same generated data yields another 5.0 point nDCG improvement. Our studies determine that query generation can be far more effective than previously observed, especially when a small amount of task-specific knowledge is given.",
    "paper_type": "method",
    "attri": {
        "background": "This paper addresses the issue of transferring knowledge from well-supervised tasks to diverse retrieval tasks with limited supervision, highlighting the need for a new approach that can effectively handle unique search intents and domains.",
        "problem": {
            "definition": "The problem defined in this paper is the challenge of creating effective retrieval systems that can generalize from a small number of examples across various unique tasks.",
            "key obstacle": "The main difficulty is the assumption that existing methods can generalize from one task to all others, which fails to account for the diversity and specificity of different retrieval tasks."
        },
        "idea": {
            "intuition": "The intuition behind the proposed idea is that leveraging large language models (LLMs) can enhance the few-shot learning process by generating task-specific queries from minimal examples.",
            "opinion": "The proposed idea, Prompt-base Query Generation for Retriever (Promptagator), involves using LLMs to create tailored retrieval systems based on a few provided examples, thereby improving retrieval performance.",
            "innovation": "The primary innovation of Promptagator lies in its ability to create effective task-specific retrievers without relying on extensive training datasets like Natural Questions or MS MARCO, instead using only a few examples to generate queries."
        },
        "method": {
            "method name": "Prompt-base Query Generation for Retriever",
            "method abbreviation": "Promptagator",
            "method definition": "Promptagator is a method that utilizes large language models to generate queries from a limited number of examples, enabling the creation of task-specific retrieval systems.",
            "method description": "The core of the method involves generating task-specific queries using LLMs to facilitate the development of efficient retrievers based on few-shot learning.",
            "method steps": "1. Input a few examples and a short description of the task. 2. Use the LLM to generate relevant queries. 3. Create a task-specific retriever based on the generated queries.",
            "principle": "This method is effective because it harnesses the generalization capabilities of LLMs, allowing for the generation of high-quality queries that improve retrieval performance with minimal task-specific knowledge."
        },
        "experiments": {
            "evaluation setting": "The experimental setup involves testing the performance of the Promptagator method against heavily engineered models like ColBERT v2 on 11 retrieval sets, utilizing nDCG as the performance metric.",
            "evaluation method": "The evaluation method includes measuring the nDCG improvement of dual encoders trained on the generated data and comparing it to baseline models trained on larger datasets."
        },
        "conclusion": "The outcomes of the experiments demonstrate that Promptagator, using no more than 8 examples, can significantly outperform traditional models, highlighting the effectiveness of few-shot query generation in retrieval tasks.",
        "discussion": {
            "advantage": "The key advantages of Promptagator include its ability to create effective retrievers from minimal examples and its reliance on LLMs for query generation, which enhances generalization across diverse tasks.",
            "limitation": "One limitation of the method may be its dependency on the quality of the examples provided, as poor examples could lead to suboptimal query generation.",
            "future work": "Future work could explore further enhancements in query generation techniques and the application of Promptagator to a wider range of retrieval tasks and domains."
        },
        "other info": [
            {
                "info1": "The method does not require extensive training data, making it suitable for scenarios with limited resources.",
                "info2": {
                    "info2.1": "Promptagator has shown an average improvement of 1.2 nDCG over existing models.",
                    "info2.2": "Further training with standard-size re-rankers resulted in an additional 5.0 point nDCG improvement."
                }
            }
        ]
    },
    "mount_outline": [
        {
            "section number": "1.1",
            "key information": "The paper addresses the issue of transferring knowledge from well-supervised tasks to diverse retrieval tasks with limited supervision, emphasizing the need for a new approach to handle unique search intents and domains."
        },
        {
            "section number": "2.2",
            "key information": "The main difficulty identified is the assumption that existing methods can generalize from one task to all others, which fails to account for the diversity and specificity of different retrieval tasks."
        },
        {
            "section number": "3.1",
            "key information": "The proposed method, Prompt-base Query Generation for Retriever (Promptagator), utilizes large language models to generate queries from a limited number of examples, enabling the creation of task-specific retrieval systems."
        },
        {
            "section number": "4.1",
            "key information": "Promptagator enhances retrieval performance by generating task-specific queries from minimal examples, thereby improving the few-shot learning process."
        },
        {
            "section number": "6.2",
            "key information": "One limitation of the method may be its dependency on the quality of the examples provided, as poor examples could lead to suboptimal query generation."
        },
        {
            "section number": "7.1",
            "key information": "Future work could explore further enhancements in query generation techniques and the application of Promptagator to a wider range of retrieval tasks and domains."
        }
    ],
    "similarity_score": null,
    "image": null,
    "path": "/home/liudingyuan/code/SurveyX/code/SurveyX-main/outputs/t10/papers/Promptagator_ Few-shot dense retrieval from 8 examples.json"
}