{
    "from": null,
    "scholar_id": null,
    "detail_id": null,
    "title": "Query2doc: Query expansion with large language models",
    "abstract": "This paper introduces a simple yet effective query expansion approach, denoted as query2doc, to improve both sparse and dense retrieval systems. The proposed method first generates pseudo-documents by few-shot prompting large language models (LLMs), and then expands the query with generated pseudo-documents. LLMs are trained on web-scale text corpora and are adept at knowledge memorization. The pseudo-documents from LLMs often contain highly relevant information that can aid in query disambiguation and guide the retrievers. Experimental results demonstrate that query2doc boosts the performance of BM25 by 3% to 15% on ad-hoc IR datasets, such as MS-MARCO and TREC DL, without any model fine-tuning. Furthermore, our method also benefits state-of-the-art dense retrievers in terms of both in-domain and out-of-domain results.",
    "arxivid": "2303.07678v2",
    "bib_name": "Query2doc:38",
    "md_text": "# Query2doc: Query expansion with large language models\n\n\nabstract\n\nThis paper introduces a simple yet effective query expansion approach, denoted as query2doc, to improve both sparse and dense retrieval systems. The proposed method first generates pseudo-documents by few-shot prompting large language models (LLMs), and then expands the query with generated pseudo-documents. LLMs are trained on web-scale text corpora and are adept at knowledge memorization. The pseudo-documents from LLMs often contain highly relevant information that can aid in query disambiguation and guide the retrievers. Experimental results demonstrate that query2doc boosts the performance of BM25 by 3% to 15% on ad-hoc IR datasets, such as MS-MARCO and TREC DL, without any model fine-tuning. Furthermore, our method also benefits state-of-the-art dense retrievers in terms of both in-domain and out-of-domain results.",
    "paper_type": "method",
    "attri": {
        "background": "This paper addresses the issue of improving retrieval systems by introducing a query expansion method that utilizes large language models to generate pseudo-documents, which enhances the performance of both sparse and dense retrieval systems.",
        "problem": {
            "definition": "The problem is the inefficiency of current retrieval systems in effectively disambiguating queries and retrieving relevant information, particularly in sparse and dense retrieval contexts.",
            "key obstacle": "The core obstacle is the limitation of existing methods in leveraging the vast knowledge contained in large language models to improve query understanding and retrieval performance."
        },
        "idea": {
            "intuition": "The idea is inspired by the observation that large language models can generate relevant content that can be used to expand queries, thus improving the retrieval process.",
            "opinion": "The proposed idea entails using few-shot prompting of large language models to create pseudo-documents that can enhance query expansion and retrieval accuracy.",
            "innovation": "The primary innovation lies in the integration of large language models for generating pseudo-documents that directly inform and expand queries, a significant advancement over traditional query expansion techniques."
        },
        "method": {
            "method name": "query2doc",
            "method abbreviation": "Q2D",
            "method definition": "query2doc is a query expansion method that generates pseudo-documents using large language models to improve the effectiveness of retrieval systems.",
            "method description": "The core of the method involves generating pseudo-documents through few-shot prompting of large language models and using these documents to expand queries.",
            "method steps": "1. Use few-shot prompting with large language models to generate pseudo-documents. 2. Expand the original query with the generated pseudo-documents. 3. Use the expanded query for retrieval in sparse and dense systems.",
            "principle": "This method is effective because it leverages the extensive knowledge encoded in large language models to produce relevant content that enhances query disambiguation and retrieval accuracy."
        },
        "experiments": {
            "evaluation setting": "The experiments were conducted on ad-hoc information retrieval datasets such as MS-MARCO and TREC DL, comparing the performance of BM25 with and without the query2doc method.",
            "evaluation method": "The evaluation method involved measuring the performance improvement of retrieval systems using standard metrics, assessing how well the expanded queries performed against baseline methods."
        },
        "conclusion": "The experimental results demonstrate that query2doc significantly boosts the performance of BM25 by 3% to 15% on various datasets, proving its effectiveness in enhancing retrieval systems without requiring model fine-tuning.",
        "discussion": {
            "advantage": "The key advantage of the proposed approach is its ability to enhance both sparse and dense retrieval systems without the need for extensive model training or fine-tuning.",
            "limitation": "A limitation of the method may include its reliance on the quality of the large language models used for generating pseudo-documents, which could affect the relevance of the expanded queries.",
            "future work": "Future work could explore optimizing the prompting techniques for generating pseudo-documents and investigating the application of query2doc in other retrieval contexts or datasets."
        },
        "other info": []
    },
    "mount_outline": [
        {
            "section number": "2.2",
            "key information": "The problem is the inefficiency of current retrieval systems in effectively disambiguating queries and retrieving relevant information, particularly in sparse and dense retrieval contexts."
        },
        {
            "section number": "4",
            "key information": "This paper addresses the issue of improving retrieval systems by introducing a query expansion method that utilizes large language models to generate pseudo-documents, which enhances the performance of both sparse and dense retrieval systems."
        },
        {
            "section number": "4.1",
            "key information": "The proposed idea entails using few-shot prompting of large language models to create pseudo-documents that can enhance query expansion and retrieval accuracy."
        },
        {
            "section number": "4.2",
            "key information": "The experiments were conducted on ad-hoc information retrieval datasets such as MS-MARCO and TREC DL, comparing the performance of BM25 with and without the query2doc method."
        },
        {
            "section number": "6.2",
            "key information": "A limitation of the method may include its reliance on the quality of the large language models used for generating pseudo-documents, which could affect the relevance of the expanded queries."
        },
        {
            "section number": "7.1",
            "key information": "Future work could explore optimizing the prompting techniques for generating pseudo-documents and investigating the application of query2doc in other retrieval contexts or datasets."
        }
    ],
    "similarity_score": null,
    "image": null,
    "path": "/home/liudingyuan/code/SurveyX/code/SurveyX-main/outputs/t10/papers/Query2doc_ Query expansion with large language models.json"
}