{
    "from": null,
    "scholar_id": null,
    "detail_id": null,
    "title": "R2MED: A benchmark for reasoning-driven medical retrieval",
    "abstract": "Current medical retrieval benchmarks primarily emphasize lexical or shallow semantic similarity, overlooking the reasoning-intensive demands that are central to clinical decision-making. In practice, physicians often retrieve authoritative medical evidence to support diagnostic hypotheses. Such evidence typically aligns with an inferred diagnosis rather than the surface form of a patient's symptoms, leading to low lexical or semantic overlap between queries and relevant documents. To address this gap, we introduce R2MED, the first benchmark explicitly designed for reasoning-driven medical retrieval. It comprises 876 queries spanning three tasks: Q&A reference retrieval, clinical evidence retrieval, and clinical case retrieval. These tasks are drawn from five representative medical scenarios and twelve body systems, capturing the complexity and diversity of real-world medical information needs. We evaluate 15 widely-used retrieval systems on R2MED and find that even the best model achieves only 31.4 nDCG@10, demonstrating the benchmark's difficulty. Classical re-ranking and generation-augmented retrieval methods offer only modest improvements. Although large reasoning models improve performance via intermediate inference generation, the best results still peak at 41.4 nDCG@10. These findings underscore a substantial gap between current retrieval techniques and the reasoning demands of real clinical tasks. We release R2MED as a challenging benchmark to foster the development of next-generation medical retrieval systems with enhanced reasoning capabilities. Data and code are available at https://github.com/R2MED/R2MED",
    "arxivid": "2505.14558v1",
    "bib_name": "R2MED:Aben123",
    "md_text": "# R2MED: A benchmark for reasoning-driven medical retrieval\n\n\nabstract\n\nCurrent medical retrieval benchmarks primarily emphasize lexical or shallow semantic similarity, overlooking the reasoning-intensive demands that are central to clinical decision-making. In practice, physicians often retrieve authoritative medical evidence to support diagnostic hypotheses. Such evidence typically aligns with an inferred diagnosis rather than the surface form of a patient's symptoms, leading to low lexical or semantic overlap between queries and relevant documents. To address this gap, we introduce R2MED, the first benchmark explicitly designed for reasoning-driven medical retrieval. It comprises 876 queries spanning three tasks: Q&A reference retrieval, clinical evidence retrieval, and clinical case retrieval. These tasks are drawn from five representative medical scenarios and twelve body systems, capturing the complexity and diversity of real-world medical information needs. We evaluate 15 widely-used retrieval systems on R2MED and find that even the best model achieves only 31.4 nDCG@10, demonstrating the benchmark's difficulty. Classical re-ranking and generation-augmented retrieval methods offer only modest improvements. Although large reasoning models improve performance via intermediate inference generation, the best results still peak at 41.4 nDCG@10. These findings underscore a substantial gap between current retrieval techniques and the reasoning demands of real clinical tasks. We release R2MED as a challenging benchmark to foster the development of next-generation medical retrieval systems with enhanced reasoning capabilities. Data and code are available at https://github.com/R2MED/R2MED",
    "paper_type": "benchmark",
    "attri": {
        "background": "Current medical retrieval benchmarks primarily emphasize lexical or shallow semantic similarity, overlooking the reasoning-intensive demands that are central to clinical decision-making. In practice, physicians often retrieve authoritative medical evidence to support diagnostic hypotheses. Such evidence typically aligns with an inferred diagnosis rather than the surface form of a patient's symptoms, leading to low lexical or semantic overlap between queries and relevant documents.",
        "problem": {
            "definition": "The benchmark is designed to address the challenges of retrieving medical evidence that aligns with inferred diagnoses rather than surface symptoms.",
            "key obstacle": "Existing benchmarks do not adequately capture the reasoning-intensive nature of clinical decision-making, leading to low performance in real-world medical retrieval tasks."
        },
        "idea": {
            "intuition": "The benchmark was inspired by the observation that medical retrieval requires reasoning beyond lexical similarity.",
            "opinion": "The authors believe that R2MED is crucial for advancing the field of medical retrieval by emphasizing reasoning capabilities.",
            "innovation": "R2MED differs from previous benchmarks by focusing on reasoning-driven retrieval tasks rather than just lexical matches.",
            "benchmark abbreviation": "R2MED"
        },
        "dataset": {
            "source": "The dataset was created using queries derived from real-world medical scenarios.",
            "desc": "R2MED comprises 876 queries spanning three tasks and captures the complexity and diversity of medical information needs.",
            "content": "The dataset includes queries related to Q&A reference retrieval, clinical evidence retrieval, and clinical case retrieval.",
            "size": "876",
            "domain": "Medicine",
            "task format": "Q&A reference retrieval"
        },
        "metrics": {
            "metric name": "nDCG@10",
            "aspect": "Accuracy of retrieval performance",
            "principle": "The choice of nDCG@10 is guided by its ability to measure the relevance of retrieved documents in relation to the queries.",
            "procedure": "Models are evaluated based on their ability to retrieve documents that align with the reasoning demands of the queries."
        },
        "experiments": {
            "model": "15 widely-used retrieval systems were evaluated, including both traditional and reasoning-augmented models.",
            "procedure": "Models were tested on the R2MED benchmark using standard evaluation protocols.",
            "result": "The best model achieved only 41.4 nDCG@10, indicating the benchmark's difficulty.",
            "variability": "Variability in results was assessed through multiple trials using different subsets of the dataset."
        },
        "conclusion": "The findings highlight a substantial gap between current retrieval techniques and the reasoning demands of real clinical tasks, underscoring the need for improved medical retrieval systems.",
        "discussion": {
            "advantage": "R2MED contributes to the field by providing a challenging benchmark that emphasizes reasoning in medical retrieval.",
            "limitation": "The benchmark may not cover all possible medical scenarios, which could limit its applicability in certain contexts.",
            "future work": "Future research could explore the development of models that better integrate reasoning capabilities for medical retrieval tasks."
        },
        "other info": []
    },
    "mount_outline": [
        {
            "section number": "2.2",
            "key information": "Existing benchmarks do not adequately capture the reasoning-intensive nature of clinical decision-making, leading to low performance in real-world medical retrieval tasks."
        },
        {
            "section number": "3.1",
            "key information": "The benchmark is designed to address the challenges of retrieving medical evidence that aligns with inferred diagnoses rather than surface symptoms."
        },
        {
            "section number": "4.1",
            "key information": "R2MED differs from previous benchmarks by focusing on reasoning-driven retrieval tasks rather than just lexical matches."
        },
        {
            "section number": "6.1",
            "key information": "The best model achieved only 41.4 nDCG@10, indicating the benchmark's difficulty."
        },
        {
            "section number": "6.3",
            "key information": "The findings highlight a substantial gap between current retrieval techniques and the reasoning demands of real clinical tasks, underscoring the need for improved medical retrieval systems."
        },
        {
            "section number": "7.1",
            "key information": "Future research could explore the development of models that better integrate reasoning capabilities for medical retrieval tasks."
        }
    ],
    "similarity_score": null,
    "image": null,
    "path": "/home/liudingyuan/code/SurveyX/code/SurveyX-main/outputs/t10/papers/R2MED_ A benchmark for reasoning-driven medical retrieval.json"
}