{
    "from": null,
    "scholar_id": null,
    "detail_id": null,
    "title": "Ranked list truncation for large language model-based re-ranking",
    "abstract": "We study ranked list truncation (RLT) from a novel retrieve-then-re-rank perspective, where we optimize re-ranking by truncating the retrieved list (i.e., trim re-ranking candidates). RLT is crucial for re-ranking as it can improve re-ranking efficiency by sending variable-length candidate lists to a re-ranker on a per-query basis. It also has the potential to improve re-ranking effectiveness. Despite its importance, there is limited research into applying RLT methods to this new perspective. To address this research gap, we reproduce existing RLT methods in the context of re-ranking, especially newly emerged large language model (LLM)-based re-ranking. In particular, we examine to what extent established findings on RLT for retrieval are generalizable to the \"retrieve-then-re-rank\" setup from three perspectives: (i) assessing RLT methods in the context of LLM-based re-ranking with lexical first-stage retrieval, (ii) investigating the impact of different types of first-stage retrievers on RLT methods, and (iii) investigating the impact of different types of re-rankers on RLT methods. We perform experiments on the TREC 2019 and 2020 deep learning tracks, investigating 8 RLT methods for pipelines involving 3 retrievers and 2 re-rankers. We reach new insights into RLT methods in the context of re-ranking.",
    "arxivid": "2404.18185v1",
    "bib_name": "Rankedlist124",
    "md_text": "# Ranked list truncation for large language model-based re-ranking\n\n\nabstract\n\nWe study ranked list truncation (RLT) from a novel retrieve-then-re-rank perspective, where we optimize re-ranking by truncating the retrieved list (i.e., trim re-ranking candidates). RLT is crucial for re-ranking as it can improve re-ranking efficiency by sending variable-length candidate lists to a re-ranker on a per-query basis. It also has the potential to improve re-ranking effectiveness. Despite its importance, there is limited research into applying RLT methods to this new perspective. To address this research gap, we reproduce existing RLT methods in the context of re-ranking, especially newly emerged large language model (LLM)-based re-ranking. In particular, we examine to what extent established findings on RLT for retrieval are generalizable to the \"retrieve-then-re-rank\" setup from three perspectives: (i) assessing RLT methods in the context of LLM-based re-ranking with lexical first-stage retrieval, (ii) investigating the impact of different types of first-stage retrievers on RLT methods, and (iii) investigating the impact of different types of re-rankers on RLT methods. We perform experiments on the TREC 2019 and 2020 deep learning tracks, investigating 8 RLT methods for pipelines involving 3 retrievers and 2 re-rankers. We reach new insights into RLT methods in the context of re-ranking.",
    "paper_type": "method",
    "attri": {
        "background": "This paper addresses the issue of ranked list truncation (RLT) in the context of re-ranking, emphasizing its importance for improving efficiency and effectiveness in large language model (LLM)-based re-ranking systems. Previous methods have not fully explored the application of RLT in this novel perspective, highlighting the need for further research.",
        "problem": {
            "definition": "The problem defined in this paper is the limited research on the application of ranked list truncation methods specifically in the retrieve-then-re-rank context, particularly for LLM-based re-ranking.",
            "key obstacle": "The core obstacle is the lack of understanding of how established RLT methods for retrieval can be effectively adapted and applied within the re-ranking framework, especially concerning the variability of candidate lists."
        },
        "idea": {
            "intuition": "The intuition behind the proposed idea stems from the observation that optimizing the re-ranking process through effective list truncation can significantly enhance both efficiency and effectiveness.",
            "opinion": "The proposed idea involves reproducing existing RLT methods within the re-ranking context and assessing their performance with various first-stage retrievers and re-rankers.",
            "innovation": "The key innovation lies in the application of established RLT methods to the new retrieve-then-re-rank perspective, thereby providing insights into their generalizability and effectiveness in this context."
        },
        "method": {
            "method name": "Ranked List Truncation (RLT)",
            "method abbreviation": "RLT",
            "method definition": "RLT is defined as the process of optimizing the candidate list length for re-ranking by selectively truncating retrieved items based on their relevance to the query.",
            "method description": "The core of the RLT method involves trimming the list of candidates to improve re-ranking efficiency and potentially enhance effectiveness.",
            "method steps": "1. Retrieve a list of candidates using a first-stage retriever. 2. Apply RLT to truncate the candidate list based on relevance. 3. Re-rank the truncated list using a re-ranker.",
            "principle": "The method is effective because it allows for dynamic adjustment of candidate lists, ensuring that only the most relevant items are considered for re-ranking, which facilitates better resource allocation and potentially improved outcomes."
        },
        "experiments": {
            "evaluation setting": "Experiments were conducted on the TREC 2019 and 2020 deep learning tracks, involving 8 RLT methods, 3 different retrievers, and 2 re-rankers.",
            "evaluation method": "The performance of the RLT methods was assessed by analyzing the effectiveness of re-ranking outcomes based on the truncated candidate lists, comparing results against baseline methods."
        },
        "conclusion": "The experiments revealed new insights into the application and effectiveness of RLT methods in the re-ranking context, demonstrating their potential to enhance both efficiency and effectiveness in LLM-based systems.",
        "discussion": {
            "advantage": "The key advantages of the proposed approach include improved re-ranking efficiency through optimized candidate list truncation and enhanced effectiveness by focusing on the most relevant items.",
            "limitation": "One limitation of the method is that the effectiveness of RLT may vary depending on the specific characteristics of the first-stage retrievers and re-rankers used.",
            "future work": "Future research could explore the adaptation of RLT methods to other retrieval paradigms and investigate further optimizations for different types of queries and datasets."
        },
        "other info": []
    },
    "mount_outline": [
        {
            "section number": "1.1",
            "key information": "This paper addresses the issue of ranked list truncation (RLT) in the context of re-ranking, emphasizing its importance for improving efficiency and effectiveness in large language model (LLM)-based re-ranking systems."
        },
        {
            "section number": "2.2",
            "key information": "The problem defined in this paper is the limited research on the application of ranked list truncation methods specifically in the retrieve-then-re-rank context, particularly for LLM-based re-ranking."
        },
        {
            "section number": "4.1",
            "key information": "The intuition behind the proposed idea stems from the observation that optimizing the re-ranking process through effective list truncation can significantly enhance both efficiency and effectiveness."
        },
        {
            "section number": "4.2",
            "key information": "Experiments were conducted on the TREC 2019 and 2020 deep learning tracks, involving 8 RLT methods, 3 different retrievers, and 2 re-rankers."
        },
        {
            "section number": "6.1",
            "key information": "One limitation of the method is that the effectiveness of RLT may vary depending on the specific characteristics of the first-stage retrievers and re-rankers used."
        },
        {
            "section number": "7.1",
            "key information": "Future research could explore the adaptation of RLT methods to other retrieval paradigms and investigate further optimizations for different types of queries and datasets."
        }
    ],
    "similarity_score": null,
    "image": null,
    "path": "/home/liudingyuan/code/SurveyX/code/SurveyX-main/outputs/t10/papers/Ranked list truncation for large language model-based re-ranking.json"
}