{
    "from": null,
    "scholar_id": null,
    "detail_id": null,
    "title": "Re-invoke: Tool invocation rewriting for zero-shot tool retrieval",
    "abstract": "Recent advances in large language models (LLMs) have enabled autonomous agents with complex reasoning and task-fulfillment capabilities using a wide range of tools. However, effectively identifying the most relevant tools for a given task becomes a key bottleneck as the toolset size grows, hindering reliable tool utilization. To address this, we introduce Re-Invoke, an unsupervised tool retrieval method designed to scale effectively to large toolsets without training. Specifically, we first generate a diverse set of synthetic queries that comprehensively cover different aspects of the query space associated with each tool document during the tool indexing phase. Second, we leverage LLM's query understanding capabilities to extract key tool-related context and underlying intents from user queries during the inference phase. Finally, we employ a novel multi-view similarity ranking strategy based on intents to pinpoint the most relevant tools for each query. Our evaluation demonstrates that Re-Invoke significantly outperforms state-of-the-art alternatives in both single-tool and multi-tool scenarios, all within a fully unsupervised setting. Notably, on the ToolE datasets, we achieve a 20% relative improvement in nDCG@5 for single-tool retrieval and a 39% improvement for multi-tool retrieval.",
    "arxivid": "2408.01875v2",
    "bib_name": "Re-invoke:52",
    "md_text": "# Re-invoke: Tool invocation rewriting for zero-shot tool retrieval\n\n\nabstract\n\nRecent advances in large language models (LLMs) have enabled autonomous agents with complex reasoning and task-fulfillment capabilities using a wide range of tools. However, effectively identifying the most relevant tools for a given task becomes a key bottleneck as the toolset size grows, hindering reliable tool utilization. To address this, we introduce Re-Invoke, an unsupervised tool retrieval method designed to scale effectively to large toolsets without training. Specifically, we first generate a diverse set of synthetic queries that comprehensively cover different aspects of the query space associated with each tool document during the tool indexing phase. Second, we leverage LLM's query understanding capabilities to extract key tool-related context and underlying intents from user queries during the inference phase. Finally, we employ a novel multi-view similarity ranking strategy based on intents to pinpoint the most relevant tools for each query. Our evaluation demonstrates that Re-Invoke significantly outperforms state-of-the-art alternatives in both single-tool and multi-tool scenarios, all within a fully unsupervised setting. Notably, on the ToolE datasets, we achieve a 20% relative improvement in nDCG@5 for single-tool retrieval and a 39% improvement for multi-tool retrieval.",
    "paper_type": "method",
    "attri": {
        "background": "This paper addresses the issue of effectively identifying relevant tools for autonomous agents using large language models, which becomes a bottleneck as the toolset size increases. Previous methods struggled to handle the growing complexity and size of toolsets, necessitating a breakthrough in retrieval methods.",
        "problem": {
            "definition": "The problem is the difficulty in reliably retrieving the most relevant tools for a given task from a large and diverse set of tools, which limits the effectiveness of autonomous agents.",
            "key obstacle": "The main challenge is the efficient identification and utilization of relevant tools from an expanding toolset, which existing methods fail to address adequately."
        },
        "idea": {
            "intuition": "The idea is inspired by the need for a scalable and unsupervised approach to tool retrieval that can effectively manage the complexities of large toolsets without requiring extensive training.",
            "opinion": "The proposed method, Re-Invoke, focuses on generating synthetic queries to enhance tool indexing and employs LLM's capabilities to understand user intents for better tool retrieval.",
            "innovation": "Re-Invoke introduces a novel multi-view similarity ranking strategy based on user intents, setting it apart from existing methods that do not leverage such a comprehensive approach."
        },
        "method": {
            "method name": "Re-Invoke",
            "method abbreviation": "RI",
            "method definition": "Re-Invoke is an unsupervised tool retrieval method that scales to large toolsets by generating synthetic queries for indexing and utilizing LLMs to extract intents from user queries.",
            "method description": "The method involves generating diverse synthetic queries and employing a multi-view similarity ranking to retrieve relevant tools based on user intent.",
            "method steps": [
                "Generate a diverse set of synthetic queries covering different aspects of the query space for each tool document during the indexing phase.",
                "Utilize LLM's query understanding capabilities to extract key context and intents from user queries during the inference phase.",
                "Implement a multi-view similarity ranking strategy based on extracted intents to identify the most relevant tools."
            ],
            "principle": "This method is effective because it combines synthetic query generation with intent extraction and multi-view ranking, allowing for a more nuanced understanding of user needs and tool relevance."
        },
        "experiments": {
            "evaluation setting": "The evaluation was conducted on the ToolE datasets, comparing Re-Invoke against state-of-the-art alternatives in both single-tool and multi-tool retrieval scenarios.",
            "evaluation method": "Performance was assessed using nDCG@5 as the primary metric, measuring how well the retrieved tools matched user queries."
        },
        "conclusion": "The experiments demonstrate that Re-Invoke significantly outperforms existing methods in both single-tool and multi-tool retrieval settings, achieving a 20% relative improvement in nDCG@5 for single-tool retrieval and a 39% improvement for multi-tool retrieval.",
        "discussion": {
            "advantage": "Re-Invoke's key advantages include its unsupervised nature, scalability to large toolsets, and effective retrieval performance based on user intents.",
            "limitation": "One limitation is that the method's performance may depend on the quality of synthetic queries generated and the underlying assumptions about user intents.",
            "future work": "Future research could explore enhancing synthetic query generation techniques and further optimizing the multi-view ranking strategy to improve retrieval accuracy."
        },
        "other info": []
    },
    "mount_outline": [
        {
            "section number": "1.1",
            "key information": "The paper addresses the issue of effectively identifying relevant tools for autonomous agents using large language models, highlighting the significance of LLMs in enhancing retrieval methods."
        },
        {
            "section number": "2.2",
            "key information": "The main challenge faced by existing methods is the efficient identification and utilization of relevant tools from an expanding toolset, which traditional retrieval methods do not address adequately."
        },
        {
            "section number": "3.1",
            "key information": "Re-Invoke is defined as an unsupervised tool retrieval method that scales to large toolsets by generating synthetic queries for indexing and utilizing LLMs to extract intents from user queries."
        },
        {
            "section number": "4.1",
            "key information": "Re-Invoke enhances query rewriting and reformulation processes by generating diverse synthetic queries and employing a multi-view similarity ranking based on user intents."
        },
        {
            "section number": "6.2",
            "key information": "One limitation of the Re-Invoke method is that its performance may depend on the quality of synthetic queries generated and the underlying assumptions about user intents."
        },
        {
            "section number": "7.1",
            "key information": "Future research could explore enhancing synthetic query generation techniques and further optimizing the multi-view ranking strategy to improve retrieval accuracy."
        }
    ],
    "similarity_score": null,
    "image": null,
    "path": "/home/liudingyuan/code/SurveyX/code/SurveyX-main/outputs/t10/papers/Re-invoke_ Tool invocation rewriting for zero-shot tool retrieval.json"
}