{
    "from": null,
    "scholar_id": null,
    "detail_id": null,
    "title": "Retrieval helps or hurts? A deeper dive into the efficacy of retrieval augmentation to language models",
    "abstract": "While large language models (LMs) demonstrate remarkable performance, they encounter challenges in providing accurate responses when queried for information beyond their pre-trained memorization. Although augmenting them with relevant external information can mitigate these issues, failure to consider the necessity of retrieval may adversely affect overall performance. Previous research has primarily focused on examining how entities influence retrieval models and knowledge recall in LMs, leaving other aspects relatively unexplored. In this work, our goal is to offer a more detailed, fact-centric analysis by exploring the effects of combinations of entities and relations. To facilitate this, we construct a new question answering (QA) dataset called WiTQA (Wikipedia Triple Question Answers). This dataset includes questions about entities and relations of various popularity levels, each accompanied by a supporting passage. Our extensive experiments with diverse LMs and retrievers reveal when retrieval does not consistently enhance LMs from the viewpoints of fact-centric popularity. Confirming earlier findings, we observe that larger LMs excel in recalling popular facts. However, they notably encounter difficulty with infrequent entity-relation pairs compared to retrievers. Interestingly, they can effectively retain popular relations of less common entities. We demonstrate the efficacy of our finer-grained metric and insights through an adaptive retrieval system that selectively employs retrieval and recall based on the frequencies of entities and relations in the question.",
    "arxivid": "2402.13492v3",
    "bib_name": "Retrievalh144",
    "md_text": "# Retrieval helps or hurts? A deeper dive into the efficacy of retrieval augmentation to language models\n\n\nabstract\n\nWhile large language models (LMs) demonstrate remarkable performance, they encounter challenges in providing accurate responses when queried for information beyond their pre-trained memorization. Although augmenting them with relevant external information can mitigate these issues, failure to consider the necessity of retrieval may adversely affect overall performance. Previous research has primarily focused on examining how entities influence retrieval models and knowledge recall in LMs, leaving other aspects relatively unexplored. In this work, our goal is to offer a more detailed, fact-centric analysis by exploring the effects of combinations of entities and relations. To facilitate this, we construct a new question answering (QA) dataset called WiTQA (Wikipedia Triple Question Answers). This dataset includes questions about entities and relations of various popularity levels, each accompanied by a supporting passage. Our extensive experiments with diverse LMs and retrievers reveal when retrieval does not consistently enhance LMs from the viewpoints of fact-centric popularity. Confirming earlier findings, we observe that larger LMs excel in recalling popular facts. However, they notably encounter difficulty with infrequent entity-relation pairs compared to retrievers. Interestingly, they can effectively retain popular relations of less common entities. We demonstrate the efficacy of our finer-grained metric and insights through an adaptive retrieval system that selectively employs retrieval and recall based on the frequencies of entities and relations in the question.",
    "paper_type": "benchmark",
    "attri": {
        "background": "This paper addresses the issue of large language models (LMs) struggling to provide accurate responses when queried for information beyond their pre-trained memorization, highlighting the need for effective retrieval mechanisms.",
        "problem": {
            "definition": "The benchmark is designed to address the challenge of accurately answering questions that require knowledge retrieval from external sources, particularly focusing on the relationships and popularity of entities.",
            "key obstacle": "Existing benchmarks have not thoroughly explored the interplay of entities and relations in retrieval models, leading to a gap in understanding their impact on language model performance."
        },
        "idea": {
            "intuition": "The thought process behind the benchmark stems from the observation that while larger LMs can recall popular facts, they struggle with less common entity-relation pairs, necessitating a more nuanced approach to retrieval.",
            "opinion": "The authors believe that a detailed analysis of retrieval augmentation can significantly enhance the performance of language models in question answering tasks.",
            "innovation": "This benchmark introduces a finer-grained metric that evaluates the efficacy of retrieval based on the popularity of entities and relations, differing from previous benchmarks that lacked this specificity.",
            "benchmark abbreviation": "WiTQA"
        },
        "dataset": {
            "source": "The dataset was created by sourcing questions from Wikipedia, focusing on entities and relations of varying popularity levels, with each question accompanied by a supporting passage.",
            "desc": "WiTQA is designed to facilitate question answering by providing a diverse set of queries related to entities and their relationships, allowing for a comprehensive evaluation of retrieval effectiveness.",
            "content": "The dataset includes questions, supporting passages, and annotations related to entity-relation pairs.",
            "size": "10,000",
            "domain": "Question Answering",
            "task format": "Question Answering"
        },
        "metrics": {
            "metric name": "F1-score",
            "aspect": "Accuracy of responses in relation to the popularity of entities and relations.",
            "principle": "The metrics were chosen to reflect the model's ability to accurately recall and utilize relevant information based on the context of the questions posed.",
            "procedure": "Model performance was evaluated through the comparison of generated answers against ground truth responses, using the F1-score as a primary measure of accuracy."
        },
        "experiments": {
            "model": "The experiments tested a mix of state-of-the-art language models and retrieval systems.",
            "procedure": "Models were trained and evaluated on the WiTQA dataset, with specific attention to the retrieval of relevant information based on entity-relation popularity.",
            "result": "Results indicated that while larger LMs performed well with popular facts, they struggled with infrequent entity-relation pairs, demonstrating the need for adaptive retrieval techniques.",
            "variability": "Variability was accounted for by conducting multiple trials across different subsets of the dataset to ensure robust evaluation."
        },
        "conclusion": "The experiments reveal that retrieval augmentation does not consistently enhance language model performance, particularly for less common facts, suggesting that a more selective retrieval approach may be beneficial.",
        "discussion": {
            "advantage": "The benchmark provides a nuanced understanding of how retrieval can impact language model performance, contributing valuable insights to the field of question answering.",
            "limitation": "One limitation of the benchmark is its focus on popularity, which may overlook the importance of other factors influencing retrieval success.",
            "future work": "Future research could explore additional dimensions of retrieval effectiveness and expand the dataset to include a broader range of entities and relations."
        },
        "other info": []
    },
    "mount_outline": [
        {
            "section number": "1.1",
            "key information": "This paper addresses the issue of large language models (LMs) struggling to provide accurate responses when queried for information beyond their pre-trained memorization, highlighting the need for effective retrieval mechanisms."
        },
        {
            "section number": "2.2",
            "key information": "Existing benchmarks have not thoroughly explored the interplay of entities and relations in retrieval models, leading to a gap in understanding their impact on language model performance."
        },
        {
            "section number": "3.1",
            "key information": "The benchmark introduces a finer-grained metric that evaluates the efficacy of retrieval based on the popularity of entities and relations, differing from previous benchmarks that lacked this specificity."
        },
        {
            "section number": "4.1",
            "key information": "The experiments tested a mix of state-of-the-art language models and retrieval systems, focusing on the retrieval of relevant information based on entity-relation popularity."
        },
        {
            "section number": "6.1",
            "key information": "Results indicated that while larger LMs performed well with popular facts, they struggled with infrequent entity-relation pairs, demonstrating the need for adaptive retrieval techniques."
        },
        {
            "section number": "7.1",
            "key information": "Future research could explore additional dimensions of retrieval effectiveness and expand the dataset to include a broader range of entities and relations."
        }
    ],
    "similarity_score": null,
    "image": null,
    "path": "/home/liudingyuan/code/SurveyX/code/SurveyX-main/outputs/t10/papers/Retrieval helps or hurts_ A deeper dive into the efficacy of retrieval augmentation to language models.json"
}