{
    "from": null,
    "scholar_id": null,
    "detail_id": null,
    "title": "Self-knowledge guided retrieval augmentation for large language models",
    "abstract": "Large language models (LLMs) have shown superior performance without task-specific fine-tuning. Despite the success, the knowledge stored in the parameters of LLMs could still be incomplete and difficult to update due to the computational costs. As complementary, retrieval-based methods can offer non-parametric world knowledge and improve the performance on tasks such as question answering. However, we find that the retrieved knowledge does not always help and even has a negative impact on original responses occasionally. To better make use of both internal knowledge and external world knowledge, we investigate eliciting the model's ability to recognize what they know and do not know (which is also called self-knowledge) and propose Self-Knowledge guided Retrieval augmentation (SKR), a simple yet effective method which can let LLMs refer to the questions they have previously encountered and adaptively call for external resources when dealing with new questions. We evaluate SKR on multiple datasets and demonstrate that it outperforms chain-of-thought based and fully retrieval-based methods by using either InstructGPT or ChatGPT.",
    "arxivid": "2310.05002v1",
    "bib_name": "Self-knowl146",
    "md_text": "# Self-knowledge guided retrieval augmentation for large language models\n\n\nabstract\n\nLarge language models (LLMs) have shown superior performance without task-specific fine-tuning. Despite the success, the knowledge stored in the parameters of LLMs could still be incomplete and difficult to update due to the computational costs. As complementary, retrieval-based methods can offer non-parametric world knowledge and improve the performance on tasks such as question answering. However, we find that the retrieved knowledge does not always help and even has a negative impact on original responses occasionally. To better make use of both internal knowledge and external world knowledge, we investigate eliciting the model's ability to recognize what they know and do not know (which is also called self-knowledge) and propose Self-Knowledge guided Retrieval augmentation (SKR), a simple yet effective method which can let LLMs refer to the questions they have previously encountered and adaptively call for external resources when dealing with new questions. We evaluate SKR on multiple datasets and demonstrate that it outperforms chain-of-thought based and fully retrieval-based methods by using either InstructGPT or ChatGPT.",
    "paper_type": "method",
    "attri": {
        "background": "This paper addresses the issue of incomplete knowledge in large language models (LLMs) and the challenges associated with retrieval-based methods that can sometimes hinder performance.",
        "problem": {
            "definition": "The problem defined in this paper is the difficulty LLMs face in effectively utilizing both their internal knowledge and external information from retrieval methods, which can lead to suboptimal performance.",
            "key obstacle": "The core obstacle is that retrieved knowledge does not consistently enhance the responses generated by LLMs and can occasionally detract from their original outputs."
        },
        "idea": {
            "intuition": "The inspiration behind the proposed idea is the recognition of LLMs' self-knowledge, specifically their ability to identify gaps in their understanding and seek external resources when needed.",
            "opinion": "The proposed idea, Self-Knowledge guided Retrieval augmentation (SKR), allows LLMs to leverage their previous experiences with questions to improve their responses by adaptively incorporating external knowledge.",
            "innovation": "The primary innovation of SKR lies in its ability to enable LLMs to discern when to retrieve additional information based on their self-assessment, which differs from traditional methods that rely solely on fixed retrieval strategies."
        },
        "method": {
            "method name": "Self-Knowledge guided Retrieval augmentation",
            "method abbreviation": "SKR",
            "method definition": "SKR is a method that enhances LLMs' performance by enabling them to recognize their own knowledge limitations and selectively retrieve external information to address new queries.",
            "method description": "SKR allows LLMs to refer to previously encountered questions and adaptively call for external resources when dealing with new questions.",
            "method steps": "1. Identify previously encountered questions; 2. Assess knowledge gaps; 3. Retrieve relevant external resources; 4. Generate responses incorporating both internal and external knowledge.",
            "principle": "This method is effective because it capitalizes on the model's self-awareness to improve the relevance and accuracy of its responses by using external knowledge only when necessary."
        },
        "experiments": {
            "evaluation setting": "The evaluation was conducted on multiple datasets, comparing SKR against chain-of-thought based and fully retrieval-based methods using InstructGPT and ChatGPT.",
            "evaluation method": "The performance of SKR was assessed by measuring its effectiveness in generating accurate responses compared to baseline methods."
        },
        "conclusion": "The experiments demonstrate that SKR outperforms existing methods by effectively integrating self-knowledge with external resources, leading to improved task performance.",
        "discussion": {
            "advantage": "The key advantage of SKR is its ability to enhance LLM performance by selectively using external knowledge based on the model's self-assessment, reducing the risk of irrelevant or detrimental information.",
            "limitation": "A limitation of the method is that it relies on the model's self-awareness, which may not always be accurate, potentially leading to missed opportunities for retrieval.",
            "future work": "Future research could explore refining the self-knowledge assessment process and expanding the types of external resources that can be integrated into the retrieval process."
        },
        "other info": []
    },
    "mount_outline": [
        {
            "section number": "4",
            "key information": "This paper addresses the issue of incomplete knowledge in large language models (LLMs) and the challenges associated with retrieval-based methods that can sometimes hinder performance."
        },
        {
            "section number": "4.1",
            "key information": "The proposed idea, Self-Knowledge guided Retrieval augmentation (SKR), allows LLMs to leverage their previous experiences with questions to improve their responses by adaptively incorporating external knowledge."
        },
        {
            "section number": "6",
            "key information": "A limitation of the method is that it relies on the model's self-awareness, which may not always be accurate, potentially leading to missed opportunities for retrieval."
        },
        {
            "section number": "7",
            "key information": "Future research could explore refining the self-knowledge assessment process and expanding the types of external resources that can be integrated into the retrieval process."
        }
    ],
    "similarity_score": null,
    "image": null,
    "path": "/home/liudingyuan/code/SurveyX/code/SurveyX-main/outputs/t10/papers/Self-knowledge guided retrieval augmentation for large language models.json"
}