{
    "from": null,
    "scholar_id": null,
    "detail_id": null,
    "title": "Sequential matching network: A new architecture for multi-turn response selection in retrieval-based chatbots",
    "abstract": "We study response selection for multi-turn conversation in retrieval based chatbots. Existing works either ignores relationships among utterances, or misses important information in context when matching a response with a highly abstract context vector finally. We propose a new session based matching model to address both problems. The model first matches a response with each utterance on multiple granularities, and distills important matching information from each pair as a vector with convolution and pooling operations. The vectors are then accumulated in a chronological order through a recurrent neural network (RNN) which models the relationships among the utterances. The final matching score is calculated with the hidden states of the RNN. Empirical study on two public data sets shows that our model can significantly outperform the state-of-the-art methods for response selection in multi-turn conversation.",
    "arxivid": "1612.01627v2",
    "bib_name": "Sequential0",
    "md_text": "# Sequential matching network: A new architecture for multi-turn response selection in retrieval-based chatbots\n\n\nabstract\n\nWe study response selection for multi-turn conversation in retrieval based chatbots. Existing works either ignores relationships among utterances, or misses important information in context when matching a response with a highly abstract context vector finally. We propose a new session based matching model to address both problems. The model first matches a response with each utterance on multiple granularities, and distills important matching information from each pair as a vector with convolution and pooling operations. The vectors are then accumulated in a chronological order through a recurrent neural network (RNN) which models the relationships among the utterances. The final matching score is calculated with the hidden states of the RNN. Empirical study on two public data sets shows that our model can significantly outperform the state-of-the-art methods for response selection in multi-turn conversation.",
    "paper_type": "method",
    "attri": {
        "background": "This paper addresses the issue of response selection for multi-turn conversations in retrieval-based chatbots, highlighting that existing methods either ignore relationships among utterances or fail to capture important contextual information when matching responses with abstract context vectors.",
        "problem": {
            "definition": "The problem revolves around effectively selecting appropriate responses in multi-turn conversations, where understanding the context and relationships among multiple utterances is crucial.",
            "key obstacle": "The main challenge is the inability of existing methods to accurately model the relationships among utterances and to extract essential information from context, leading to suboptimal response selection."
        },
        "idea": {
            "intuition": "The idea was inspired by the observation that effective response selection requires a nuanced understanding of the interactions between utterances across a conversation.",
            "opinion": "The proposed session-based matching model aims to enhance response selection by matching responses with each utterance at multiple granularities and capturing the relationship dynamics through an RNN.",
            "innovation": "The primary innovation lies in the model's ability to distill important matching information using convolution and pooling operations, followed by the accumulation of these vectors in a chronological order, thus effectively modeling the relationships among utterances."
        },
        "method": {
            "method name": "Sequential Matching Network",
            "method abbreviation": "SMN",
            "method definition": "The Sequential Matching Network is a model designed for response selection in multi-turn conversations that matches responses with individual utterances and captures the contextual relationships among them.",
            "method description": "The method involves matching responses with utterances on multiple granularities and using RNNs to model the relationships over time.",
            "method steps": [
                "Match each response with individual utterances using convolution and pooling operations.",
                "Accumulate the resulting vectors in chronological order.",
                "Use a recurrent neural network to model the relationships among the utterances.",
                "Calculate the final matching score based on the hidden states of the RNN."
            ],
            "principle": "This method is effective because it captures both the individual matching of responses to utterances and the temporal relationships among those utterances, leading to a more informed response selection process."
        },
        "experiments": {
            "evaluation setting": "The empirical study was conducted using two public datasets to evaluate the performance of the proposed model against state-of-the-art methods for response selection.",
            "evaluation method": "The performance was assessed by measuring the accuracy of response selections and comparing them with baseline methods."
        },
        "conclusion": "The experiments demonstrate that the Sequential Matching Network significantly outperforms existing methods for response selection in multi-turn conversations, indicating its effectiveness and contribution to the field.",
        "discussion": {
            "advantage": "The key advantages of the proposed approach include its ability to model relationships among utterances and capture important context information, leading to improved response accuracy.",
            "limitation": "One limitation of the method may be its reliance on the quality of the training data, which can affect the model's performance in diverse conversational contexts.",
            "future work": "Future research could explore enhancements in the model architecture or training strategies to further improve response selection accuracy and adaptability to various conversational settings."
        },
        "other info": []
    },
    "mount_outline": [
        {
            "section number": "2.2",
            "key information": "The main challenge is the inability of existing methods to accurately model the relationships among utterances and to extract essential information from context, leading to suboptimal response selection."
        },
        {
            "section number": "3.1",
            "key information": "The problem revolves around effectively selecting appropriate responses in multi-turn conversations, where understanding the context and relationships among multiple utterances is crucial."
        },
        {
            "section number": "4.1",
            "key information": "The proposed session-based matching model aims to enhance response selection by matching responses with each utterance at multiple granularities and capturing the relationship dynamics through an RNN."
        },
        {
            "section number": "5.1",
            "key information": "The Sequential Matching Network is a model designed for response selection in multi-turn conversations that matches responses with individual utterances and captures the contextual relationships among them."
        },
        {
            "section number": "6.2",
            "key information": "One limitation of the method may be its reliance on the quality of the training data, which can affect the model's performance in diverse conversational contexts."
        },
        {
            "section number": "7.1",
            "key information": "Future research could explore enhancements in the model architecture or training strategies to further improve response selection accuracy and adaptability to various conversational settings."
        }
    ],
    "similarity_score": null,
    "image": null,
    "path": "/home/liudingyuan/code/SurveyX/code/SurveyX-main/outputs/t10/papers/Sequential matching network_ A new architecture for multi-turn response selection in retrieval-based chatbots.json"
}