{
    "from": null,
    "scholar_id": null,
    "detail_id": null,
    "title": "Soft prompt tuning for augmenting dense retrieval with large language models",
    "abstract": "Dense retrieval (DR) converts queries and documents into dense embeddings and measures the similarity between queries and documents in vector space. One of the challenges in DR is the lack of domain-specific training data. While DR models can learn from large-scale public datasets like MS MARCO through transfer learning, evidence shows that not all DR models and domains can benefit from transfer learning equally. Recently, some researchers have resorted to large language models (LLMs) to improve the zero-shot and few-shot DR models. However, the hard prompts or human-written prompts utilized in these works cannot guarantee the good quality of generated weak queries. To tackle this, we propose soft prompt tuning for augmenting DR (SPTAR): For each task, we leverage soft prompt-tuning to optimize a task-specific soft prompt on limited ground truth data and then prompt the LLMs to tag unlabeled documents with weak queries, yielding enough weak document-query pairs to train task-specific dense retrievers. We design a filter to select high-quality example document-query pairs in the prompt to further improve the quality of weak tagged queries. To the best of our knowledge, there is no prior work utilizing soft prompt tuning to augment DR models. The experiments demonstrate that SPTAR outperforms the unsupervised baselines BM25 and the recently proposed LLMs-based augmentation method for DR.",
    "arxivid": "2307.08303v5",
    "bib_name": "Softprompt66",
    "md_text": "# Soft prompt tuning for augmenting dense retrieval with large language models\n\n\nabstract\n\nDense retrieval (DR) converts queries and documents into dense embeddings and measures the similarity between queries and documents in vector space. One of the challenges in DR is the lack of domain-specific training data. While DR models can learn from large-scale public datasets like MS MARCO through transfer learning, evidence shows that not all DR models and domains can benefit from transfer learning equally. Recently, some researchers have resorted to large language models (LLMs) to improve the zero-shot and few-shot DR models. However, the hard prompts or human-written prompts utilized in these works cannot guarantee the good quality of generated weak queries. To tackle this, we propose soft prompt tuning for augmenting DR (SPTAR): For each task, we leverage soft prompt-tuning to optimize a task-specific soft prompt on limited ground truth data and then prompt the LLMs to tag unlabeled documents with weak queries, yielding enough weak document-query pairs to train task-specific dense retrievers. We design a filter to select high-quality example document-query pairs in the prompt to further improve the quality of weak tagged queries. To the best of our knowledge, there is no prior work utilizing soft prompt tuning to augment DR models. The experiments demonstrate that SPTAR outperforms the unsupervised baselines BM25 and the recently proposed LLMs-based augmentation method for DR.",
    "paper_type": "method",
    "attri": {
        "background": "This paper addresses the issue of enhancing dense retrieval (DR) methods, which face challenges due to the scarcity of domain-specific training data. Previous methods relied on transfer learning from large public datasets like MS MARCO, but the effectiveness varied among different DR models and domains. Recent approaches have attempted to leverage large language models (LLMs) to improve zero-shot and few-shot DR models, yet they often depend on hard prompts that do not ensure high-quality generated weak queries.",
        "problem": {
            "definition": "The problem is the inadequate quality of weak queries generated for dense retrieval due to the limitations of hard prompts and the variability in effectiveness of transfer learning across different domains.",
            "key obstacle": "The core obstacle is the inability of existing methods to guarantee the generation of high-quality weak queries necessary for training effective task-specific dense retrievers."
        },
        "idea": {
            "intuition": "The idea is inspired by the observation that soft prompt tuning can optimize task-specific prompts that improve the quality of generated queries for retrieval tasks.",
            "opinion": "The proposed idea, soft prompt tuning for augmenting dense retrieval (SPTAR), involves using soft prompts to tag unlabeled documents with weak queries, thereby creating a sufficient number of document-query pairs for training.",
            "innovation": "The primary innovation of SPTAR lies in its unique application of soft prompt tuning to enhance DR models, a method not previously explored in this context."
        },
        "method": {
            "method name": "Soft Prompt Tuning for Augmenting Dense Retrieval",
            "method abbreviation": "SPTAR",
            "method definition": "SPTAR optimizes a task-specific soft prompt on limited ground truth data and uses it to prompt LLMs for tagging unlabeled documents with weak queries, generating high-quality document-query pairs.",
            "method description": "The method leverages soft prompt tuning to enhance the quality and quantity of weak queries for dense retrieval.",
            "method steps": "1. Optimize a task-specific soft prompt on available ground truth data. 2. Use the optimized prompt to tag unlabeled documents with weak queries. 3. Filter and select high-quality document-query pairs for training.",
            "principle": "The effectiveness of this method is grounded in the ability of soft prompts to adaptively generate contextually relevant queries that improve the training of dense retrievers."
        },
        "experiments": {
            "evaluation setting": "The experiments compare SPTAR against unsupervised baselines like BM25 and other LLM-based augmentation methods using standard datasets in dense retrieval tasks.",
            "evaluation method": "The performance of the method is assessed through quantitative measures of retrieval effectiveness, comparing the results against baseline methods."
        },
        "conclusion": "The experiments demonstrate that SPTAR significantly outperforms existing unsupervised baselines and other LLM-based methods, highlighting its effectiveness in enhancing dense retrieval systems.",
        "discussion": {
            "advantage": "SPTAR stands out due to its ability to generate high-quality weak queries through soft prompt tuning, which improves the training of dense retrieval models.",
            "limitation": "One limitation of the method is its reliance on the availability of some ground truth data for optimizing the soft prompts, which may not always be feasible.",
            "future work": "Future research could explore the applicability of SPTAR in more diverse domains and investigate methods to further enhance the quality of generated queries without extensive ground truth data."
        },
        "other info": []
    },
    "mount_outline": [
        {
            "section number": "4",
            "key information": "This paper addresses the issue of enhancing dense retrieval (DR) methods, which face challenges due to the scarcity of domain-specific training data."
        },
        {
            "section number": "4.1",
            "key information": "The proposed idea, soft prompt tuning for augmenting dense retrieval (SPTAR), involves using soft prompts to tag unlabeled documents with weak queries, thereby creating a sufficient number of document-query pairs for training."
        },
        {
            "section number": "6",
            "key information": "One limitation of the method is its reliance on the availability of some ground truth data for optimizing the soft prompts, which may not always be feasible."
        },
        {
            "section number": "7.1",
            "key information": "Future research could explore the applicability of SPTAR in more diverse domains and investigate methods to further enhance the quality of generated queries without extensive ground truth data."
        }
    ],
    "similarity_score": null,
    "image": null,
    "path": "/home/liudingyuan/code/SurveyX/code/SurveyX-main/outputs/t10/papers/Soft prompt tuning for augmenting dense retrieval with large language models.json"
}