{
    "from": null,
    "scholar_id": null,
    "detail_id": null,
    "title": "Teaching language models to support answers with verified quotes",
    "abstract": "Recent large language models often answer factual questions correctly. But users can't trust any given claim a model makes without fact-checking, because language models can hallucinate convincing nonsense. In this work we use reinforcement learning from human preferences (RLHP) to train\"open-book\"QA models that generate answers whilst also citing specific evidence for their claims, which aids in the appraisal of correctness. Supporting evidence is drawn from multiple documents found via a search engine, or from a single user-provided document. Our 280 billion parameter model, GopherCite, is able to produce answers with high quality supporting evidence and abstain from answering when unsure. We measure the performance of GopherCite by conducting human evaluation of answers to questions in a subset of the NaturalQuestions and ELI5 datasets. The model's response is found to be high-quality 80\\% of the time on this Natural Questions subset, and 67\\% of the time on the ELI5 subset. Abstaining from the third of questions for which it is most unsure improves performance to 90\\% and 80\\% respectively, approaching human baselines. However, analysis on the adversarial TruthfulQA dataset shows why citation is only one part of an overall strategy for safety and trustworthiness: not all claims supported by evidence are true.",
    "arxivid": "2203.11147v1",
    "bib_name": "Teachingla162",
    "md_text": "# Teaching language models to support answers with verified quotes\n\n\nabstract\n\nRecent large language models often answer factual questions correctly. But users can't trust any given claim a model makes without fact-checking, because language models can hallucinate convincing nonsense. In this work we use reinforcement learning from human preferences (RLHP) to train\"open-book\"QA models that generate answers whilst also citing specific evidence for their claims, which aids in the appraisal of correctness. Supporting evidence is drawn from multiple documents found via a search engine, or from a single user-provided document. Our 280 billion parameter model, GopherCite, is able to produce answers with high quality supporting evidence and abstain from answering when unsure. We measure the performance of GopherCite by conducting human evaluation of answers to questions in a subset of the NaturalQuestions and ELI5 datasets. The model's response is found to be high-quality 80\\% of the time on this Natural Questions subset, and 67\\% of the time on the ELI5 subset. Abstaining from the third of questions for which it is most unsure improves performance to 90\\% and 80\\% respectively, approaching human baselines. However, analysis on the adversarial TruthfulQA dataset shows why citation is only one part of an overall strategy for safety and trustworthiness: not all claims supported by evidence are true.",
    "paper_type": "method",
    "attri": {
        "background": "This paper addresses the issue of trust in language model outputs, particularly the challenge of hallucinations where models generate plausible but incorrect information. Previous methods have struggled to ensure the reliability of answers provided by language models, necessitating a breakthrough that allows models to support their claims with verifiable evidence.",
        "problem": {
            "definition": "The problem is the inability of language models to reliably provide accurate answers without the risk of hallucination, which undermines user trust.",
            "key obstacle": "The core obstacle is that existing language models can produce convincing but false information, making it difficult for users to ascertain the correctness of their responses."
        },
        "idea": {
            "intuition": "The intuition behind the proposed idea is that by training models to cite specific evidence for their claims, users can better evaluate the accuracy of the information provided.",
            "opinion": "The proposed idea involves using reinforcement learning from human preferences to create 'open-book' QA models that not only generate answers but also provide citations from verified sources.",
            "innovation": "The primary innovation lies in the model's ability to generate answers with high-quality supporting evidence and to abstain from responding when it is unsure, which distinguishes it from traditional language models."
        },
        "method": {
            "method name": "GopherCite",
            "method abbreviation": "GC",
            "method definition": "GopherCite is a language model that generates answers to questions while citing specific evidence from multiple documents or a single user-provided document, enhancing the verification process.",
            "method description": "GopherCite produces answers with supporting evidence and abstains from answering when uncertain.",
            "method steps": "1. Retrieve relevant documents via a search engine or from user-provided input. 2. Generate an answer based on the retrieved information. 3. Cite the sources used for the answer. 4. Abstain from answering if the model is unsure.",
            "principle": "The effectiveness of GopherCite in solving the problem stems from its ability to provide verifiable citations, which helps users assess the reliability of the answers."
        },
        "experiments": {
            "evaluation setting": "The performance of GopherCite was evaluated on a subset of the NaturalQuestions and ELI5 datasets, comparing its responses to human baselines.",
            "evaluation method": "Human evaluation was conducted to assess the quality of answers, measuring how often the model's responses were deemed high-quality."
        },
        "conclusion": "The experiments demonstrated that GopherCite produces high-quality responses with supporting evidence 80% of the time for Natural Questions and 67% for ELI5. By abstaining from uncertain answers, the model's performance improves significantly, approaching human-level accuracy.",
        "discussion": {
            "advantage": "The key advantages of GopherCite include its ability to provide verifiable citations and its mechanism to abstain from answering when unsure, which enhances user trust.",
            "limitation": "Despite improvements, the method has limitations as not all claims supported by evidence are true, highlighting the need for a broader safety strategy.",
            "future work": "Future research should focus on improving the model's ability to discern the truthfulness of cited information and exploring additional strategies for enhancing safety and trustworthiness."
        },
        "other info": []
    },
    "mount_outline": [
        {
            "section number": "6",
            "key information": "The problem is the inability of language models to reliably provide accurate answers without the risk of hallucination, which undermines user trust."
        },
        {
            "section number": "6.1",
            "key information": "The effectiveness of GopherCite in solving the problem stems from its ability to provide verifiable citations, which helps users assess the reliability of the answers."
        },
        {
            "section number": "4.1",
            "key information": "GopherCite produces answers with supporting evidence and abstains from answering when uncertain."
        },
        {
            "section number": "7.1",
            "key information": "Future research should focus on improving the model's ability to discern the truthfulness of cited information and exploring additional strategies for enhancing safety and trustworthiness."
        }
    ],
    "similarity_score": null,
    "image": null,
    "path": "/home/liudingyuan/code/SurveyX/code/SurveyX-main/outputs/t10/papers/Teaching language models to support answers with verified quotes.json"
}