{
    "from": null,
    "scholar_id": null,
    "detail_id": null,
    "title": "Tourrank: Utilizing large language models for documents ranking with a tournament-inspired strategy",
    "abstract": "Large Language Models (LLMs) are increasingly employed in zero-shot documents ranking, yielding commendable results. However, several significant challenges still persist in LLMs for ranking: (1) LLMs are constrained by limited input length, precluding them from processing a large number of documents simultaneously; (2) The output document sequence is influenced by the input order of documents, resulting in inconsistent ranking outcomes; (3) Achieving a balance between cost and ranking performance is challenging. To tackle these issues, we introduce a novel documents ranking method called TourRank1. which is inspired by the sport tournaments, such as FIFA World Cup. Specifically, we 1) overcome the limitation in input length and reduce the ranking latency by incorporating a multi-stage grouping strategy similar to the parallel group stage of sport tournaments; 2) improve the ranking performance and robustness to input orders by using a points system to ensemble multiple ranking results. We test TourRank with different LLMs on the TREC DL datasets and the BEIR benchmark. The experimental results demonstrate that TourRank delivers state-of-the-art performance at a modest cost.",
    "arxivid": "2406.11678v2",
    "bib_name": "Tourrank:U105",
    "md_text": "# Tourrank: Utilizing large language models for documents ranking with a tournament-inspired strategy\n\n\nabstract\n\nLarge Language Models (LLMs) are increasingly employed in zero-shot documents ranking, yielding commendable results. However, several significant challenges still persist in LLMs for ranking: (1) LLMs are constrained by limited input length, precluding them from processing a large number of documents simultaneously; (2) The output document sequence is influenced by the input order of documents, resulting in inconsistent ranking outcomes; (3) Achieving a balance between cost and ranking performance is challenging. To tackle these issues, we introduce a novel documents ranking method called TourRank1. which is inspired by the sport tournaments, such as FIFA World Cup. Specifically, we 1) overcome the limitation in input length and reduce the ranking latency by incorporating a multi-stage grouping strategy similar to the parallel group stage of sport tournaments; 2) improve the ranking performance and robustness to input orders by using a points system to ensemble multiple ranking results. We test TourRank with different LLMs on the TREC DL datasets and the BEIR benchmark. The experimental results demonstrate that TourRank delivers state-of-the-art performance at a modest cost.",
    "paper_type": "method",
    "attri": {
        "background": "This paper addresses the issue of document ranking using Large Language Models (LLMs), highlighting challenges such as limited input length, order sensitivity in output sequences, and the difficulty of balancing cost with ranking performance. A new method, TourRank, is presented to address these challenges.",
        "problem": {
            "definition": "The problem involves effectively ranking documents using LLMs while overcoming limitations such as input length constraints and inconsistent ranking due to input order.",
            "key obstacle": "The primary difficulty lies in the limited input length of LLMs, which prevents simultaneous processing of many documents, and the influence of input order on output ranking."
        },
        "idea": {
            "intuition": "The idea is inspired by the structure of sports tournaments, which allows for efficient grouping and ranking.",
            "opinion": "TourRank proposes a multi-stage grouping strategy to manage input length and a points system to enhance ranking consistency and performance.",
            "innovation": "The key innovation of TourRank is its tournament-inspired approach that combines multi-stage grouping with a points system to improve ranking robustness and efficiency."
        },
        "method": {
            "method name": "TourRank",
            "method abbreviation": "TR",
            "method definition": "TourRank is a document ranking method that utilizes a multi-stage grouping strategy and a points system to effectively rank documents using LLMs.",
            "method description": "TourRank employs a tournament-inspired strategy to rank documents in a structured manner, enhancing efficiency and effectiveness.",
            "method steps": "1. Group documents into stages; 2. Rank within groups; 3. Aggregate results using a points system.",
            "principle": "TourRank is effective because it mitigates the limitations of input length and order sensitivity by structuring the ranking process into manageable groups and utilizing a consistent scoring mechanism."
        },
        "experiments": {
            "evaluation setting": "TourRank was tested using different LLMs on the TREC DL datasets and the BEIR benchmark to evaluate its performance against baseline methods.",
            "evaluation method": "The performance was assessed by comparing ranking results and measuring the effectiveness and efficiency of the method."
        },
        "conclusion": "The experimental results indicate that TourRank achieves state-of-the-art performance in document ranking while maintaining a modest cost, demonstrating its effectiveness and contributions to the field.",
        "discussion": {
            "advantage": "TourRank's main advantages include improved ranking performance, reduced latency through multi-stage processing, and robustness against input order variations.",
            "limitation": "A limitation of TourRank is its reliance on the structure of the tournament, which may not be suitable for all types of document ranking tasks.",
            "future work": "Future research could explore further optimizations of the grouping strategy and the points system, as well as applications of TourRank in different domains."
        },
        "other info": []
    },
    "mount_outline": [
        {
            "section number": "2.2",
            "key information": "The primary difficulty lies in the limited input length of LLMs, which prevents simultaneous processing of many documents, and the influence of input order on output ranking."
        },
        {
            "section number": "4",
            "key information": "This paper addresses the issue of document ranking using Large Language Models (LLMs), highlighting challenges such as limited input length, order sensitivity in output sequences, and the difficulty of balancing cost with ranking performance."
        },
        {
            "section number": "4.1",
            "key information": "TourRank proposes a multi-stage grouping strategy to manage input length and a points system to enhance ranking consistency and performance."
        },
        {
            "section number": "4.2",
            "key information": "TourRank was tested using different LLMs on the TREC DL datasets and the BEIR benchmark to evaluate its performance against baseline methods."
        },
        {
            "section number": "6",
            "key information": "A limitation of TourRank is its reliance on the structure of the tournament, which may not be suitable for all types of document ranking tasks."
        },
        {
            "section number": "7",
            "key information": "Future research could explore further optimizations of the grouping strategy and the points system, as well as applications of TourRank in different domains."
        }
    ],
    "similarity_score": null,
    "image": null,
    "path": "/home/liudingyuan/code/SurveyX/code/SurveyX-main/outputs/t10/papers/Tourrank_ Utilizing large language models for documents ranking with a tournament-inspired strategy.json"
}