{
    "from": null,
    "scholar_id": null,
    "detail_id": null,
    "title": "Towards open-world recommendation with knowledge augmentation from large language models",
    "abstract": "Recommender system plays a vital role in various online services. However, its insulated nature of training and deploying separately within a specific closed domain limits its access to open-world knowledge. Recently, the emergence of large language models (LLMs) has shown promise in bridging this gap by encoding extensive world knowledge and demonstrating reasoning capabilities. Nevertheless, previous attempts to directly use LLMs as recommenders cannot meet the inference latency demand of industrial recommender systems. In this work, we propose an Open-World Knowledge Augmented Recommendation Framework with Large Language Models, dubbed KAR, to acquire two types of external knowledge from LLMs \u2014 the reasoning knowledge on user preferences and the factual knowledge on items. We introduce factorization prompting to elicit accurate reasoning on user preferences. The generated reasoning and factual knowledge are effectively transformed and condensed into augmented vectors by a hybrid-expert adaptor in order to be compatible with the recommendation task. The obtained vectors can then be directly used to enhance the performance of any recommendation model. We also ensure efficient inference by preprocessing and prestoring the knowledge from the LLM. Extensive experiments show that KAR significantly outperforms the state-of-the-art baselines and is compatible with a wide range of recommendation algorithms. We deploy KAR to Huawei\u2019s news and music recommendation platforms and gain a 7% and 1.7% improvement in the online A/B test, respectively.",
    "arxivid": "2306.10933v4",
    "bib_name": "Towardsope16",
    "md_text": "# Towards open-world recommendation with knowledge augmentation from large language models\n\n\nabstract\n\nRecommender system plays a vital role in various online services. However, its insulated nature of training and deploying separately within a specific closed domain limits its access to open-world knowledge. Recently, the emergence of large language models (LLMs) has shown promise in bridging this gap by encoding extensive world knowledge and demonstrating reasoning capabilities. Nevertheless, previous attempts to directly use LLMs as recommenders cannot meet the inference latency demand of industrial recommender systems. In this work, we propose an Open-World Knowledge Augmented Recommendation Framework with Large Language Models, dubbed KAR, to acquire two types of external knowledge from LLMs \u2014 the reasoning knowledge on user preferences and the factual knowledge on items. We introduce factorization prompting to elicit accurate reasoning on user preferences. The generated reasoning and factual knowledge are effectively transformed and condensed into augmented vectors by a hybrid-expert adaptor in order to be compatible with the recommendation task. The obtained vectors can then be directly used to enhance the performance of any recommendation model. We also ensure efficient inference by preprocessing and prestoring the knowledge from the LLM. Extensive experiments show that KAR significantly outperforms the state-of-the-art baselines and is compatible with a wide range of recommendation algorithms. We deploy KAR to Huawei\u2019s news and music recommendation platforms and gain a 7% and 1.7% improvement in the online A/B test, respectively.",
    "paper_type": "method",
    "attri": {
        "background": "Recommender systems are crucial for online services but are limited by their closed-domain training and deployment, which restricts access to open-world knowledge. The rise of large language models (LLMs) offers a potential solution by providing extensive world knowledge and reasoning capabilities.",
        "problem": {
            "definition": "The problem addressed is the inability of traditional recommender systems to leverage open-world knowledge due to their isolated training and deployment processes.",
            "key obstacle": "The main challenge is the inference latency of industrial recommender systems, which previous attempts to use LLMs could not satisfy."
        },
        "idea": {
            "intuition": "The idea is inspired by the potential of LLMs to provide reasoning and factual knowledge that can enhance recommendation systems.",
            "opinion": "The proposed idea, called KAR, involves a framework that utilizes LLMs to acquire reasoning knowledge on user preferences and factual knowledge on items.",
            "innovation": "KAR innovates by introducing factorization prompting and a hybrid-expert adaptor to transform and condense knowledge into vectors compatible with recommendation tasks, while ensuring efficient inference."
        },
        "method": {
            "method name": "Knowledge Augmented Recommendation Framework",
            "method abbreviation": "KAR",
            "method definition": "KAR is a framework that integrates knowledge from large language models to enhance the performance of recommendation systems by preprocessing and prestoring knowledge for efficient inference.",
            "method description": "KAR utilizes LLMs to generate augmented vectors of user preferences and item knowledge for improved recommendations.",
            "method steps": "1. Use factorization prompting to elicit reasoning knowledge from LLMs. 2. Transform and condense the generated knowledge into augmented vectors using a hybrid-expert adaptor. 3. Apply these vectors to enhance existing recommendation models.",
            "principle": "KAR is effective because it combines reasoning and factual knowledge from LLMs with traditional recommendation models, thereby improving their performance while addressing inference latency."
        },
        "experiments": {
            "evaluation setting": "KAR was tested on Huawei\u2019s news and music recommendation platforms, comparing its performance against state-of-the-art baselines.",
            "evaluation method": "The performance was assessed through extensive experiments and online A/B tests, measuring improvements in recommendation accuracy."
        },
        "conclusion": "The experiments demonstrate that KAR significantly outperforms existing methods and is compatible with various recommendation algorithms, achieving a 7% improvement in news and a 1.7% improvement in music recommendations in online tests.",
        "discussion": {
            "advantage": "KAR stands out due to its ability to leverage open-world knowledge effectively, enhancing the performance of recommendation systems without compromising inference speed.",
            "limitation": "One limitation of KAR may be its dependency on the quality of the LLMs and the preprocessing steps, which could affect the overall effectiveness.",
            "future work": "Future research could explore optimizing the knowledge acquisition process and expanding the framework to other domains beyond recommendations."
        },
        "other info": []
    },
    "mount_outline": [
        {
            "section number": "1.1",
            "key information": "The rise of large language models (LLMs) offers a potential solution by providing extensive world knowledge and reasoning capabilities."
        },
        {
            "section number": "2.1",
            "key information": "The problem addressed is the inability of traditional recommender systems to leverage open-world knowledge due to their isolated training and deployment processes."
        },
        {
            "section number": "2.2",
            "key information": "The main challenge is the inference latency of industrial recommender systems, which previous attempts to use LLMs could not satisfy."
        },
        {
            "section number": "3.1",
            "key information": "KAR is a framework that integrates knowledge from large language models to enhance the performance of recommendation systems by preprocessing and prestoring knowledge for efficient inference."
        },
        {
            "section number": "4",
            "key information": "KAR utilizes LLMs to generate augmented vectors of user preferences and item knowledge for improved recommendations."
        },
        {
            "section number": "6.2",
            "key information": "One limitation of KAR may be its dependency on the quality of the LLMs and the preprocessing steps, which could affect the overall effectiveness."
        },
        {
            "section number": "7.1",
            "key information": "Future research could explore optimizing the knowledge acquisition process and expanding the framework to other domains beyond recommendations."
        }
    ],
    "similarity_score": null,
    "image": null,
    "path": "/home/liudingyuan/code/SurveyX/code/SurveyX-main/outputs/t10/papers/Towards open-world recommendation with knowledge augmentation from large language models.json"
}