{
    "from": null,
    "scholar_id": null,
    "detail_id": null,
    "title": "Towards reasoning in large language models: A survey",
    "abstract": "Language has long been conceived as an essential tool for human reasoning. The breakthrough of Large Language Models (LLMs) has sparked significant research interest in leveraging these models to tackle complex reasoning tasks. Researchers have moved beyond simple autoregressive token generation by introducing the concept of\"thought\"-- a sequence of tokens representing intermediate steps in the reasoning process. This innovative paradigm enables LLMs' to mimic complex human reasoning processes, such as tree search and reflective thinking. Recently, an emerging trend of learning to reason has applied reinforcement learning (RL) to train LLMs to master reasoning processes. This approach enables the automatic generation of high-quality reasoning trajectories through trial-and-error search algorithms, significantly expanding LLMs' reasoning capacity by providing substantially more training data. Furthermore, recent studies demonstrate that encouraging LLMs to\"think\"with more tokens during test-time inference can further significantly boost reasoning accuracy. Therefore, the train-time and test-time scaling combined to show a new research frontier -- a path toward Large Reasoning Model. The introduction of OpenAI's o1 series marks a significant milestone in this research direction. In this survey, we present a comprehensive review of recent progress in LLM reasoning. We begin by introducing the foundational background of LLMs and then explore the key technical components driving the development of large reasoning models, with a focus on automated data construction, learning-to-reason techniques, and test-time scaling. We also analyze popular open-source projects at building large reasoning models, and conclude with open challenges and future research directions.",
    "arxivid": "2212.10403v2",
    "bib_name": "Towardsrea24",
    "md_text": "# Towards reasoning in large language models: A survey\n\n\nabstract\n\nLanguage has long been conceived as an essential tool for human reasoning. The breakthrough of Large Language Models (LLMs) has sparked significant research interest in leveraging these models to tackle complex reasoning tasks. Researchers have moved beyond simple autoregressive token generation by introducing the concept of\"thought\"-- a sequence of tokens representing intermediate steps in the reasoning process. This innovative paradigm enables LLMs' to mimic complex human reasoning processes, such as tree search and reflective thinking. Recently, an emerging trend of learning to reason has applied reinforcement learning (RL) to train LLMs to master reasoning processes. This approach enables the automatic generation of high-quality reasoning trajectories through trial-and-error search algorithms, significantly expanding LLMs' reasoning capacity by providing substantially more training data. Furthermore, recent studies demonstrate that encouraging LLMs to\"think\"with more tokens during test-time inference can further significantly boost reasoning accuracy. Therefore, the train-time and test-time scaling combined to show a new research frontier -- a path toward Large Reasoning Model. The introduction of OpenAI's o1 series marks a significant milestone in this research direction. In this survey, we present a comprehensive review of recent progress in LLM reasoning. We begin by introducing the foundational background of LLMs and then explore the key technical components driving the development of large reasoning models, with a focus on automated data construction, learning-to-reason techniques, and test-time scaling. We also analyze popular open-source projects at building large reasoning models, and conclude with open challenges and future research directions.",
    "paper_type": "survey",
    "attri": {
        "background": {
            "purpose": "This survey aims to explore the advancements in reasoning capabilities of Large Language Models (LLMs) and to address the knowledge gaps in understanding how these models can effectively mimic complex human reasoning processes.",
            "scope": "The survey covers the foundational background of LLMs, key technical components for developing large reasoning models, and a review of open-source projects in this domain. It excludes detailed discussions on unrelated machine learning techniques and applications that do not pertain to reasoning."
        },
        "problem": {
            "definition": "The core issue explored in this survey is how to enhance the reasoning abilities of LLMs, moving beyond simple token generation to more complex reasoning tasks.",
            "key obstacle": "The primary challenge is the limited capacity of current LLMs to perform complex reasoning consistently, as well as the need for substantial training data to improve their reasoning capabilities."
        },
        "architecture": {
            "perspective": "The survey introduces a novel framework that categorizes LLMs into different types based on their reasoning capabilities, emphasizing the importance of thought sequences in the reasoning process.",
            "fields/stages": "The survey organizes current research methods into stages that include automated data construction, learning-to-reason techniques, and test-time scaling, each assessed based on their contribution to enhancing reasoning abilities."
        },
        "conclusion": {
            "comparisions": "The comparative analysis indicates that methods involving reinforcement learning and test-time scaling significantly outperform traditional approaches in terms of reasoning accuracy and effectiveness.",
            "results": "The key takeaway is that integrating learning-to-reason techniques and scaling during both training and testing phases can substantially enhance the reasoning capabilities of LLMs, marking a significant advancement in this research area."
        },
        "discussion": {
            "advantage": "The existing research has successfully demonstrated the potential of LLMs to perform complex reasoning tasks, paving the way for more sophisticated applications in natural language understanding.",
            "limitation": "Current studies often face limitations in the diversity and quantity of training data, which can hinder the reasoning performance of LLMs in real-world scenarios.",
            "gaps": "There remain unanswered questions regarding the optimal strategies for training LLMs to reason effectively and the best practices for test-time scaling.",
            "future work": "Future research should focus on developing more robust learning-to-reason frameworks, exploring new training methodologies, and addressing the identified gaps to improve LLM reasoning capabilities."
        },
        "other info": {
            "notable projects": "The survey highlights several popular open-source projects that contribute to the development of large reasoning models, showcasing community efforts in this area.",
            "milestone": "The introduction of OpenAI's o1 series represents a significant milestone in the evolution of large reasoning models."
        }
    },
    "mount_outline": [
        {
            "section number": "1.1",
            "key information": "This survey aims to explore the advancements in reasoning capabilities of Large Language Models (LLMs) and to address the knowledge gaps in understanding how these models can effectively mimic complex human reasoning processes."
        },
        {
            "section number": "2.1",
            "key information": "The core issue explored in this survey is how to enhance the reasoning abilities of LLMs, moving beyond simple token generation to more complex reasoning tasks."
        },
        {
            "section number": "2.2",
            "key information": "The primary challenge is the limited capacity of current LLMs to perform complex reasoning consistently, as well as the need for substantial training data to improve their reasoning capabilities."
        },
        {
            "section number": "5.1",
            "key information": "The survey introduces a novel framework that categorizes LLMs into different types based on their reasoning capabilities, emphasizing the importance of thought sequences in the reasoning process."
        },
        {
            "section number": "6.2",
            "key information": "Current studies often face limitations in the diversity and quantity of training data, which can hinder the reasoning performance of LLMs in real-world scenarios."
        },
        {
            "section number": "7.1",
            "key information": "Future research should focus on developing more robust learning-to-reason frameworks, exploring new training methodologies, and addressing the identified gaps to improve LLM reasoning capabilities."
        }
    ],
    "similarity_score": null,
    "image": null,
    "path": "/home/liudingyuan/code/SurveyX/code/SurveyX-main/outputs/t10/papers/Towards reasoning in large language models_ A survey.json"
}