{
    "from": null,
    "scholar_id": null,
    "detail_id": null,
    "title": "Webdancer: Towards autonomous information seeking agency",
    "abstract": "Addressing intricate real-world problems necessitates in-depth information seeking and multi-step reasoning. Recent progress in agentic systems, exemplified by Deep Research, underscores the potential for autonomous multi-step research. In this work, we present a cohesive paradigm for building end-to-end agentic information seeking agents from a data-centric and training-stage perspective. Our approach consists of four key stages: (1) browsing data construction, (2) trajectories sampling, (3) supervised fine-tuning for effective cold start, and (4) reinforcement learning for enhanced generalisation. We instantiate this framework in a web agent based on the ReAct, WebDancer. Empirical evaluations on the challenging information seeking benchmarks, GAIA and WebWalkerQA, demonstrate the strong performance of WebDancer, achieving considerable results and highlighting the efficacy of our training paradigm. Further analysis of agent training provides valuable insights and actionable, systematic pathways for developing more capable agentic models. The codes and demo will be released in https://github.com/Alibaba-NLP/WebAgent.",
    "arxivid": "2505.22648v3",
    "bib_name": "Webdancer:186",
    "md_text": "# Webdancer: Towards autonomous information seeking agency\n\n\nabstract\n\nAddressing intricate real-world problems necessitates in-depth information seeking and multi-step reasoning. Recent progress in agentic systems, exemplified by Deep Research, underscores the potential for autonomous multi-step research. In this work, we present a cohesive paradigm for building end-to-end agentic information seeking agents from a data-centric and training-stage perspective. Our approach consists of four key stages: (1) browsing data construction, (2) trajectories sampling, (3) supervised fine-tuning for effective cold start, and (4) reinforcement learning for enhanced generalisation. We instantiate this framework in a web agent based on the ReAct, WebDancer. Empirical evaluations on the challenging information seeking benchmarks, GAIA and WebWalkerQA, demonstrate the strong performance of WebDancer, achieving considerable results and highlighting the efficacy of our training paradigm. Further analysis of agent training provides valuable insights and actionable, systematic pathways for developing more capable agentic models. The codes and demo will be released in https://github.com/Alibaba-NLP/WebAgent.",
    "paper_type": "method",
    "attri": {
        "background": "Addressing intricate real-world problems necessitates in-depth information seeking and multi-step reasoning. Recent progress in agentic systems, exemplified by Deep Research, underscores the potential for autonomous multi-step research.",
        "problem": {
            "definition": "The paper aims to solve the challenge of building end-to-end agentic information seeking agents that can perform autonomous multi-step research effectively.",
            "key obstacle": "The core obstacle is the lack of cohesive training paradigms that integrate data construction, sampling, fine-tuning, and reinforcement learning for effective agent training."
        },
        "idea": {
            "intuition": "The idea is inspired by the need for a systematic approach to develop agents capable of complex information seeking tasks.",
            "opinion": "The proposed idea entails a four-stage framework for constructing agentic information seeking agents that enhances their capability through structured training.",
            "innovation": "The primary difference lies in the integration of data-centric methods and a comprehensive training paradigm that includes both supervised and reinforcement learning."
        },
        "method": {
            "method name": "WebDancer",
            "method abbreviation": "WD",
            "method definition": "WebDancer is a web agent that employs a four-stage training paradigm to build effective information seeking agents.",
            "method description": "The method focuses on browsing data construction, trajectory sampling, supervised fine-tuning, and reinforcement learning.",
            "method steps": [
                "Data construction for browsing.",
                "Sampling trajectories for training.",
                "Supervised fine-tuning to address cold starts.",
                "Reinforcement learning for improved generalization."
            ],
            "principle": "The method is effective due to its systematic approach that combines different learning paradigms to enhance agent performance in complex information seeking tasks."
        },
        "experiments": {
            "evaluation setting": "Empirical evaluations were conducted on benchmarks GAIA and WebWalkerQA to assess the performance of WebDancer.",
            "evaluation method": "The performance was measured through specific metrics on the benchmarks, analyzing the results to demonstrate the efficacy of the training paradigm."
        },
        "conclusion": "The experiments demonstrate that WebDancer achieves considerable results, highlighting the effectiveness of the proposed training paradigm and providing insights for developing more capable agentic models.",
        "discussion": {
            "advantage": "Key advantages include the comprehensive training framework that integrates multiple learning strategies, resulting in enhanced performance on challenging information seeking tasks.",
            "limitation": "The limitations include potential challenges in scaling the method to more complex real-world scenarios and the dependency on the quality of the constructed data.",
            "future work": "Future research could explore improving the scalability of the method and addressing the limitations by incorporating more diverse datasets and advanced learning techniques."
        },
        "other info": {
            "repository": "The codes and demo will be released in https://github.com/Alibaba-NLP/WebAgent."
        }
    },
    "mount_outline": [
        {
            "section number": "2.1",
            "key information": "The paper discusses the evolution of information retrieval systems, highlighting the transition towards agentic systems capable of autonomous multi-step research."
        },
        {
            "section number": "4",
            "key information": "The paper examines the application of the WebDancer method, which builds effective information seeking agents and enhances their capability through a structured training paradigm."
        },
        {
            "section number": "4.1",
            "key information": "WebDancer enhances query rewriting and reformulation processes through its four-stage training paradigm, which includes data construction, trajectory sampling, supervised fine-tuning, and reinforcement learning."
        },
        {
            "section number": "6.2",
            "key information": "The paper identifies challenges related to data dependency, noting that the effectiveness of the WebDancer method is influenced by the quality of the constructed data."
        },
        {
            "section number": "6.3",
            "key information": "The discussion includes potential limitations of the WebDancer method, such as challenges in scaling to complex real-world scenarios and ethical considerations related to data quality."
        },
        {
            "section number": "7",
            "key information": "Future research directions include improving the scalability of the WebDancer method and addressing limitations by incorporating more diverse datasets and advanced learning techniques."
        }
    ],
    "similarity_score": null,
    "image": null,
    "path": "/home/liudingyuan/code/SurveyX/code/SurveyX-main/outputs/t10/papers/Webdancer_ Towards autonomous information seeking agency.json"
}