{
    "from": null,
    "scholar_id": null,
    "detail_id": null,
    "title": "A neural corpus indexer for document retrieval",
    "abstract": "Current state-of-the-art document retrieval solutions mainly follow an index-retrieve paradigm, where the index is hard to be directly optimized for the final retrieval target. In this paper, we aim to show that an end-to-end deep neural network unifying training and indexing stages can significantly improve the recall performance of traditional methods. To this end, we propose Neural Corpus Indexer (NCI), a sequence-to-sequence network that generates relevant document identifiers directly for a designated query. To optimize the recall performance of NCI, we invent a prefix-aware weight-adaptive decoder architecture, and leverage tailored techniques including query generation, semantic document identifiers, and consistency-based regularization. Empirical studies demonstrated the superiority of NCI on two commonly used academic benchmarks, achieving +21.4% and +16.8% relative enhancement for Recall@1 on NQ320k dataset and R-Precision on TriviaQA dataset, respectively, compared to the best baseline method.",
    "arxivid": "2206.02743v3",
    "bib_name": "Aneuralcor87",
    "md_text": "# A neural corpus indexer for document retrieval\n\n\nabstract\n\nCurrent state-of-the-art document retrieval solutions mainly follow an index-retrieve paradigm, where the index is hard to be directly optimized for the final retrieval target. In this paper, we aim to show that an end-to-end deep neural network unifying training and indexing stages can significantly improve the recall performance of traditional methods. To this end, we propose Neural Corpus Indexer (NCI), a sequence-to-sequence network that generates relevant document identifiers directly for a designated query. To optimize the recall performance of NCI, we invent a prefix-aware weight-adaptive decoder architecture, and leverage tailored techniques including query generation, semantic document identifiers, and consistency-based regularization. Empirical studies demonstrated the superiority of NCI on two commonly used academic benchmarks, achieving +21.4% and +16.8% relative enhancement for Recall@1 on NQ320k dataset and R-Precision on TriviaQA dataset, respectively, compared to the best baseline method.",
    "paper_type": "method",
    "attri": {
        "background": "Current state-of-the-art document retrieval solutions mainly follow an index-retrieve paradigm, where the index is hard to be directly optimized for the final retrieval target. A new breakthrough is necessary to improve recall performance.",
        "problem": {
            "definition": "The problem addressed in this paper is the inefficiency of traditional document retrieval methods that do not allow for direct optimization of the index for retrieval targets.",
            "key obstacle": "The core obstacle is that existing methods struggle to effectively optimize the index for improved recall performance."
        },
        "idea": {
            "intuition": "The idea is inspired by the observation that unifying training and indexing stages in a deep neural network can enhance retrieval performance.",
            "opinion": "The proposed idea, Neural Corpus Indexer (NCI), is a sequence-to-sequence network that generates relevant document identifiers directly for a designated query.",
            "innovation": "The primary innovation of NCI lies in its end-to-end approach, which integrates training and indexing, and employs a prefix-aware weight-adaptive decoder architecture."
        },
        "method": {
            "method name": "Neural Corpus Indexer",
            "method abbreviation": "NCI",
            "method definition": "NCI is a sequence-to-sequence network designed to optimize recall performance by generating relevant document identifiers for specific queries.",
            "method description": "NCI utilizes a deep learning framework to unify the indexing and retrieval processes.",
            "method steps": "1. Generate queries; 2. Use semantic document identifiers; 3. Apply consistency-based regularization; 4. Utilize the prefix-aware weight-adaptive decoder.",
            "principle": "This method is effective due to its end-to-end optimization approach, which allows for better integration of training and indexing, leading to improved recall performance."
        },
        "experiments": {
            "evaluation setting": "Empirical studies were conducted on two academic benchmarks: NQ320k dataset and TriviaQA dataset, comparing NCI against baseline methods.",
            "evaluation method": "Performance was assessed using Recall@1 and R-Precision metrics, measuring the effectiveness of document retrieval."
        },
        "conclusion": "The experiments demonstrated that NCI achieves significant improvements in recall performance, with enhancements of +21.4% for Recall@1 on NQ320k and +16.8% for R-Precision on TriviaQA compared to the best baseline method.",
        "discussion": {
            "advantage": "NCI stands out due to its end-to-end optimization, which directly enhances recall performance in document retrieval.",
            "limitation": "The method may face challenges in scalability or generalization to datasets outside the benchmarks tested.",
            "future work": "Future research could explore improvements in scalability and the application of NCI to a broader range of document retrieval tasks."
        },
        "other info": {}
    },
    "mount_outline": [
        {
            "section number": "2.2",
            "key information": "The problem addressed in this paper is the inefficiency of traditional document retrieval methods that do not allow for direct optimization of the index for retrieval targets."
        },
        {
            "section number": "2.3",
            "key information": "Current state-of-the-art document retrieval solutions mainly follow an index-retrieve paradigm, where the index is hard to be directly optimized for the final retrieval target. A new breakthrough is necessary to improve recall performance."
        },
        {
            "section number": "4",
            "key information": "The proposed idea, Neural Corpus Indexer (NCI), is a sequence-to-sequence network that generates relevant document identifiers directly for a designated query."
        },
        {
            "section number": "4.1",
            "key information": "The primary innovation of NCI lies in its end-to-end approach, which integrates training and indexing, and employs a prefix-aware weight-adaptive decoder architecture."
        },
        {
            "section number": "5.1",
            "key information": "NCI utilizes a deep learning framework to unify the indexing and retrieval processes, enhancing recall performance in document retrieval."
        },
        {
            "section number": "7.1",
            "key information": "The method may face challenges in scalability or generalization to datasets outside the benchmarks tested."
        },
        {
            "section number": "7.3",
            "key information": "Future research could explore improvements in scalability and the application of NCI to a broader range of document retrieval tasks."
        }
    ],
    "similarity_score": null,
    "image": null,
    "path": "/home/liudingyuan/code/SurveyX/code/SurveyX-main/outputs/t10a/papers/A neural corpus indexer for document retrieval.json"
}