{
    "from": null,
    "scholar_id": null,
    "detail_id": null,
    "title": "A survey of large language models",
    "abstract": "Language is essentially a complex, intricate system of human expressions governed by grammatical rules. It poses a significant challenge to develop capable AI algorithms for comprehending and grasping a language. As a major approach, language modeling has been widely studied for language understanding and generation in the past two decades, evolving from statistical language models to neural language models. Recently, pre-trained language models (PLMs) have been proposed by pre-training Transformer models over large-scale corpora, showing strong capabilities in solving various NLP tasks. Since researchers have found that model scaling can lead to performance improvement, they further study the scaling effect by increasing the model size to an even larger size. Interestingly, when the parameter scale exceeds a certain level, these enlarged language models not only achieve a significant performance improvement but also show some special abilities that are not present in small-scale language models. To discriminate the difference in parameter scale, the research community has coined the term large language models (LLM) for the PLMs of significant size. Recently, the research on LLMs has been largely advanced by both academia and industry, and a remarkable progress is the launch of ChatGPT, which has attracted widespread attention from society. The technical evolution of LLMs has been making an important impact on the entire AI community, which would revolutionize the way how we develop and use AI algorithms. In this survey, we review the recent advances of LLMs by introducing the background, key findings, and mainstream techniques. In particular, we focus on four major aspects of LLMs, namely pre-training, adaptation tuning, utilization, and capacity evaluation. Besides, we also summarize the available resources for developing LLMs and discuss the remaining issues for future directions.",
    "arxivid": "2303.18223v16",
    "bib_name": "Asurveyofl25",
    "md_text": "# A survey of large language models\n\n\nabstract\n\nLanguage is essentially a complex, intricate system of human expressions governed by grammatical rules. It poses a significant challenge to develop capable AI algorithms for comprehending and grasping a language. As a major approach, language modeling has been widely studied for language understanding and generation in the past two decades, evolving from statistical language models to neural language models. Recently, pre-trained language models (PLMs) have been proposed by pre-training Transformer models over large-scale corpora, showing strong capabilities in solving various NLP tasks. Since researchers have found that model scaling can lead to performance improvement, they further study the scaling effect by increasing the model size to an even larger size. Interestingly, when the parameter scale exceeds a certain level, these enlarged language models not only achieve a significant performance improvement but also show some special abilities that are not present in small-scale language models. To discriminate the difference in parameter scale, the research community has coined the term large language models (LLM) for the PLMs of significant size. Recently, the research on LLMs has been largely advanced by both academia and industry, and a remarkable progress is the launch of ChatGPT, which has attracted widespread attention from society. The technical evolution of LLMs has been making an important impact on the entire AI community, which would revolutionize the way how we develop and use AI algorithms. In this survey, we review the recent advances of LLMs by introducing the background, key findings, and mainstream techniques. In particular, we focus on four major aspects of LLMs, namely pre-training, adaptation tuning, utilization, and capacity evaluation. Besides, we also summarize the available resources for developing LLMs and discuss the remaining issues for future directions.",
    "paper_type": "survey",
    "attri": {
        "background": {
            "purpose": "The survey aims to review recent advances in large language models (LLMs), addressing the evolution from statistical to neural language models and the impact of model scaling on performance.",
            "scope": "The survey focuses on pre-training, adaptation tuning, utilization, and capacity evaluation of LLMs, while excluding unrelated NLP techniques that do not pertain directly to LLMs."
        },
        "problem": {
            "definition": "The core issue explored is the challenge of developing AI algorithms capable of comprehending and generating human language effectively.",
            "key obstacle": "Primary challenges include the complexity of language systems and the difficulties in scaling models to achieve significant performance improvements."
        },
        "architecture": {
            "perspective": "The survey categorizes existing research by focusing on the scaling effects of language models and their resulting capabilities, particularly in the context of pre-trained language models (PLMs).",
            "fields/stages": "The survey organizes current methods into four major aspects: pre-training, adaptation tuning, utilization, and capacity evaluation, based on their relevance to the development and application of LLMs."
        },
        "conclusion": {
            "comparisions": "The survey compares various LLM approaches in terms of their effectiveness and the unique capabilities exhibited as model sizes increase.",
            "results": "Key takeaways include the significant performance improvements observed in larger models and their transformative potential for AI algorithm development."
        },
        "discussion": {
            "advantage": "Strengths of existing research include the successful demonstration of enhanced performance through scaling and the introduction of innovative techniques in LLM development.",
            "limitation": "Current research limitations involve gaps in understanding the full implications of LLM capabilities and the challenges in practical applications.",
            "gaps": "Unanswered questions remain regarding the ethical implications and the long-term effects of deploying LLMs in real-world scenarios.",
            "future work": "Future research should focus on addressing the identified limitations and exploring emerging trends in LLM capabilities and applications."
        },
        "other info": {
            "resources": "The survey summarizes available resources for developing LLMs, which include datasets, frameworks, and tools."
        }
    },
    "mount_outline": [
        {
            "section number": "1.1",
            "key information": "The survey aims to review recent advances in large language models (LLMs), addressing the evolution from statistical to neural language models and the impact of model scaling on performance."
        },
        {
            "section number": "1.2",
            "key information": "The survey focuses on pre-training, adaptation tuning, utilization, and capacity evaluation of LLMs, while excluding unrelated NLP techniques that do not pertain directly to LLMs."
        },
        {
            "section number": "2.1",
            "key information": "The survey categorizes existing research by focusing on the scaling effects of language models and their resulting capabilities, particularly in the context of pre-trained language models (PLMs)."
        },
        {
            "section number": "2.2",
            "key information": "Primary challenges include the complexity of language systems and the difficulties in scaling models to achieve significant performance improvements."
        },
        {
            "section number": "7.2",
            "key information": "Unanswered questions remain regarding the ethical implications and the long-term effects of deploying LLMs in real-world scenarios."
        },
        {
            "section number": "7.1",
            "key information": "Current research limitations involve gaps in understanding the full implications of LLM capabilities and the challenges in practical applications."
        },
        {
            "section number": "8",
            "key information": "Key takeaways include the significant performance improvements observed in larger models and their transformative potential for AI algorithm development."
        }
    ],
    "similarity_score": null,
    "image": null,
    "path": "/home/liudingyuan/code/SurveyX/code/SurveyX-main/outputs/t10a/papers/A survey of large language models.json"
}