{
    "from": null,
    "scholar_id": null,
    "detail_id": null,
    "title": "A two-stage adaptation of large language models for text ranking",
    "abstract": "Text ranking is a critical task in information retrieval. Recent advances in pre-trained language models (PLMs), especially large language models (LLMs), present new opportunities for applying them to text ranking. While supervised fine-tuning (SFT) with ranking data has been widely explored to better align PLMs with text ranking goals, previous studies have focused primarily on encoder-only and encoder-decoder PLMs. Research on leveraging decoder-only LLMs for text ranking remains scarce. An exception to this is RankLLaMA, which uses direct SFT to explore LLaMA's potential for text ranking. In this work, we propose a two-stage progressive paradigm to better adapt LLMs to text ranking. First, we conduct continual pre-training (CPT) of LLMs on a large weakly-supervised corpus. Second, we perform SFT, and propose an improved optimization strategy building upon RankLLaMA. Our experimental results on multiple benchmarks show that our approach outperforms previous methods in both in-domain and out-domain scenarios.",
    "arxivid": "2311.16720v3",
    "bib_name": "Atwo-stage93",
    "md_text": "# A two-stage adaptation of large language models for text ranking\n\n\nabstract\n\nText ranking is a critical task in information retrieval. Recent advances in pre-trained language models (PLMs), especially large language models (LLMs), present new opportunities for applying them to text ranking. While supervised fine-tuning (SFT) with ranking data has been widely explored to better align PLMs with text ranking goals, previous studies have focused primarily on encoder-only and encoder-decoder PLMs. Research on leveraging decoder-only LLMs for text ranking remains scarce. An exception to this is RankLLaMA, which uses direct SFT to explore LLaMA's potential for text ranking. In this work, we propose a two-stage progressive paradigm to better adapt LLMs to text ranking. First, we conduct continual pre-training (CPT) of LLMs on a large weakly-supervised corpus. Second, we perform SFT, and propose an improved optimization strategy building upon RankLLaMA. Our experimental results on multiple benchmarks show that our approach outperforms previous methods in both in-domain and out-domain scenarios.",
    "paper_type": "method",
    "attri": {
        "background": "Text ranking is a critical task in information retrieval. Recent advances in pre-trained language models (PLMs), especially large language models (LLMs), present new opportunities for applying them to text ranking. While supervised fine-tuning (SFT) with ranking data has been widely explored to better align PLMs with text ranking goals, previous studies have focused primarily on encoder-only and encoder-decoder PLMs. Research on leveraging decoder-only LLMs for text ranking remains scarce.",
        "problem": {
            "definition": "The paper aims to address the limitations of existing methods that primarily utilize encoder-only and encoder-decoder PLMs for text ranking, highlighting the need for effective adaptation of decoder-only LLMs.",
            "key obstacle": "The core obstacle is the lack of research and effective methods for applying decoder-only LLMs like LLaMA to the task of text ranking."
        },
        "idea": {
            "intuition": "The idea is inspired by the need to explore the potential of decoder-only LLMs for text ranking, which has been under-researched compared to other PLM architectures.",
            "opinion": "The proposed idea involves a two-stage progressive paradigm that includes continual pre-training followed by supervised fine-tuning to enhance the performance of LLMs in text ranking tasks.",
            "innovation": "The primary innovation lies in the two-stage adaptation process that combines continual pre-training on a weakly-supervised corpus with an improved optimization strategy for supervised fine-tuning, which differentiates it from existing methods like RankLLaMA."
        },
        "method": {
            "method name": "Two-stage adaptation of large language models",
            "method abbreviation": "TSALM",
            "method definition": "A two-stage approach that first conducts continual pre-training of large language models on a weakly-supervised corpus, followed by supervised fine-tuning with an enhanced optimization strategy.",
            "method description": "The method consists of continual pre-training on a large corpus followed by supervised fine-tuning to adapt LLMs for text ranking.",
            "method steps": [
                "Conduct continual pre-training (CPT) of LLMs on a large weakly-supervised corpus.",
                "Perform supervised fine-tuning (SFT) with an improved optimization strategy."
            ],
            "principle": "This method is effective because it leverages a large amount of weakly-supervised data to enhance the model's understanding of text ranking before fine-tuning it on specific ranking tasks."
        },
        "experiments": {
            "evaluation setting": "The experimental setup includes multiple benchmarks to evaluate the performance of the proposed method in both in-domain and out-domain scenarios.",
            "evaluation method": "The evaluation method involves measuring and analyzing the performance of the model against baseline methods to demonstrate the effectiveness of the proposed approach."
        },
        "conclusion": "The experimental results show that the proposed two-stage adaptation approach outperforms previous methods in text ranking tasks, indicating its effectiveness and contribution to the field.",
        "discussion": {
            "advantage": "The key advantages of the proposed approach include improved adaptability of LLMs to text ranking tasks and enhanced performance over existing methods.",
            "limitation": "A limitation of the method may include the reliance on the quality of the weakly-supervised corpus used for continual pre-training.",
            "future work": "Future work could explore further optimization strategies and the application of this two-stage adaptation process to other tasks beyond text ranking."
        },
        "other info": []
    },
    "mount_outline": [
        {
            "section number": "2.2",
            "key information": "The paper highlights the limitations of existing methods that primarily utilize encoder-only and encoder-decoder pre-trained language models (PLMs) for text ranking."
        },
        {
            "section number": "2.3",
            "key information": "Recent advances in pre-trained language models, especially large language models (LLMs), present new opportunities for applying them to text ranking."
        },
        {
            "section number": "3.1",
            "key information": "Large language models (LLMs) are defined as models that can be adapted for various tasks, including text ranking, through methods like supervised fine-tuning."
        },
        {
            "section number": "4.1",
            "key information": "The paper proposes a two-stage adaptation process that includes continual pre-training followed by supervised fine-tuning to enhance the performance of LLMs in text ranking tasks."
        },
        {
            "section number": "5.1",
            "key information": "The proposed method aims to improve the adaptability of LLMs to text ranking tasks, suggesting an enhanced understanding of user queries."
        },
        {
            "section number": "7.1",
            "key information": "A limitation of the proposed method may include the reliance on the quality of the weakly-supervised corpus used for continual pre-training."
        },
        {
            "section number": "7.3",
            "key information": "Future work could explore the application of the two-stage adaptation process to other tasks beyond text ranking, indicating potential strategies for domain adaptation."
        }
    ],
    "similarity_score": null,
    "image": null,
    "path": "/home/liudingyuan/code/SurveyX/code/SurveyX-main/outputs/t10a/papers/A two-stage adaptation of large language models for text ranking.json"
}