{
    "from": null,
    "scholar_id": null,
    "detail_id": null,
    "title": "APEER : Automatic prompt engineering enhances large language model reranking",
    "abstract": "Large Language Models (LLMs) have significantly enhanced Information Retrieval (IR) across various modules, such as reranking. Despite impressive performance, current zero-shot relevance ranking with LLMs heavily relies on human prompt engineering. Existing automatic prompt engineering algorithms primarily focus on language modeling and classification tasks, leaving the domain of IR, particularly reranking, underexplored. Directly applying current prompt engineering algorithms to relevance ranking is challenging due to the integration of query and long passage pairs in the input, where the ranking complexity surpasses classification tasks. To reduce human effort and unlock the potential of prompt optimization in reranking, we introduce a novel automatic prompt engineering algorithm named APEER. APEER iteratively generates refined prompts through feedback and preference optimization. Extensive experiments with four LLMs and ten datasets demonstrate the substantial performance improvement of APEER over existing state-of-the-art (SoTA) manual prompts. Furthermore, we find that the prompts generated by APEER exhibit better transferability across diverse tasks and LLMs.",
    "arxivid": "2406.14449v2",
    "bib_name": "APEER:Auto107",
    "md_text": "# APEER : Automatic prompt engineering enhances large language model reranking\n\n\nabstract\n\nLarge Language Models (LLMs) have significantly enhanced Information Retrieval (IR) across various modules, such as reranking. Despite impressive performance, current zero-shot relevance ranking with LLMs heavily relies on human prompt engineering. Existing automatic prompt engineering algorithms primarily focus on language modeling and classification tasks, leaving the domain of IR, particularly reranking, underexplored. Directly applying current prompt engineering algorithms to relevance ranking is challenging due to the integration of query and long passage pairs in the input, where the ranking complexity surpasses classification tasks. To reduce human effort and unlock the potential of prompt optimization in reranking, we introduce a novel automatic prompt engineering algorithm named APEER. APEER iteratively generates refined prompts through feedback and preference optimization. Extensive experiments with four LLMs and ten datasets demonstrate the substantial performance improvement of APEER over existing state-of-the-art (SoTA) manual prompts. Furthermore, we find that the prompts generated by APEER exhibit better transferability across diverse tasks and LLMs.",
    "paper_type": "method",
    "attri": {
        "background": "This paper addresses the issue of enhancing Information Retrieval (IR) through Large Language Models (LLMs), specifically in the context of reranking. Current zero-shot relevance ranking heavily relies on human prompt engineering, and existing automatic prompt engineering algorithms have not adequately explored the domain of IR, particularly reranking.",
        "problem": {
            "definition": "The problem defined in this paper is the inefficiency and limitations of current prompt engineering methods when applied to relevance ranking in Information Retrieval, particularly in the context of reranking tasks.",
            "key obstacle": "The main difficulty is that existing prompt engineering algorithms are primarily designed for language modeling and classification tasks, making them unsuitable for the complex integration of query and long passage pairs required in reranking."
        },
        "idea": {
            "intuition": "The idea is inspired by the need to reduce human effort in prompt engineering while unlocking the potential of prompt optimization in reranking tasks.",
            "opinion": "The proposed idea is the introduction of APEER, an automatic prompt engineering algorithm that iteratively generates refined prompts through feedback and preference optimization.",
            "innovation": "The primary innovation of APEER lies in its ability to adapt prompt engineering specifically for the complexities of reranking in Information Retrieval, demonstrating substantial performance improvements over existing manual prompts."
        },
        "method": {
            "method name": "APEER",
            "method abbreviation": "APEER",
            "method definition": "APEER is an automatic prompt engineering algorithm designed to enhance the performance of Large Language Models in reranking tasks by generating refined prompts through iterative feedback and optimization.",
            "method description": "APEER optimizes the prompt generation process to improve relevance ranking in Information Retrieval.",
            "method steps": "1. Initialize prompts; 2. Generate candidate prompts; 3. Evaluate prompts based on feedback; 4. Optimize prompts through preference optimization; 5. Iterate until convergence.",
            "principle": "The effectiveness of APEER is based on its iterative refinement process, which allows for better alignment of prompts with the specific requirements of reranking tasks, improving overall performance."
        },
        "experiments": {
            "evaluation setting": "Extensive experiments were conducted using four different Large Language Models and ten datasets to evaluate the performance of APEER against existing state-of-the-art manual prompts.",
            "evaluation method": "The evaluation method involved measuring the performance improvements of APEER through comparative analysis with baseline methods, assessing the effectiveness of the generated prompts across diverse tasks."
        },
        "conclusion": "The outcomes of the experiments demonstrate that APEER significantly enhances the performance of relevance ranking in Information Retrieval, providing better transferability of prompts across various tasks and Large Language Models.",
        "discussion": {
            "advantage": "Key advantages of APEER include reduced reliance on human input for prompt engineering and improved performance in reranking tasks compared to existing methods.",
            "limitation": "The limitations of APEER may include potential challenges in specific edge cases where the complexity of queries and passages exceeds the optimization capabilities.",
            "future work": "Future work could involve exploring further enhancements to the algorithm, addressing its limitations, and applying APEER to additional domains beyond Information Retrieval."
        },
        "other info": []
    },
    "mount_outline": [
        {
            "section number": "1.1",
            "key information": "Large Language Models (LLMs) enhance Information Retrieval (IR) by improving relevance ranking, specifically through the application of automatic prompt engineering algorithms."
        },
        {
            "section number": "2.2",
            "key information": "Current prompt engineering methods for relevance ranking in Information Retrieval are inefficient and face limitations, particularly in reranking tasks."
        },
        {
            "section number": "4.1",
            "key information": "APEER is an automatic prompt engineering algorithm that optimizes prompt generation for reranking tasks, demonstrating substantial performance improvements over existing manual prompts."
        },
        {
            "section number": "5.1",
            "key information": "The introduction of APEER reduces the reliance on human input for prompt engineering while improving the performance of Large Language Models in reranking tasks."
        },
        {
            "section number": "7.1",
            "key information": "The limitations of APEER may include challenges in specific edge cases where the complexity of queries and passages exceeds its optimization capabilities."
        },
        {
            "section number": "8",
            "key information": "The outcomes of the experiments demonstrate that APEER significantly enhances relevance ranking in Information Retrieval, providing better transferability of prompts across various tasks and Large Language Models."
        }
    ],
    "similarity_score": null,
    "image": null,
    "path": "/home/liudingyuan/code/SurveyX/code/SurveyX-main/outputs/t10a/papers/APEER _ Automatic prompt engineering enhances large language model reranking.json"
}