{
    "from": null,
    "scholar_id": null,
    "detail_id": null,
    "title": "Atlas: Few-shot learning with retrieval augmented language models",
    "abstract": "Large language models have shown impressive few-shot results on a wide range of tasks. However, when knowledge is key for such results, as is the case for tasks such as question answering and fact checking, massive parameter counts to store knowledge seem to be needed. Retrieval augmented models are known to excel at knowledge intensive tasks without the need for as many parameters, but it is unclear whether they work in few-shot settings. In this work we present Atlas, a carefully designed and pre-trained retrieval augmented language model able to learn knowledge intensive tasks with very few training examples. We perform evaluations on a wide range of tasks, including MMLU, KILT and NaturalQuestions, and study the impact of the content of the document index, showing that it can easily be updated. Notably, Atlas reaches over 42% accuracy on Natural Questions using only 64 examples, outperforming a 540B parameters model by 3% despite having 50x fewer parameters.",
    "arxivid": "2208.03299v3",
    "bib_name": "Atlas:Few-127",
    "md_text": "# Atlas: Few-shot learning with retrieval augmented language models\n\n\nabstract\n\nLarge language models have shown impressive few-shot results on a wide range of tasks. However, when knowledge is key for such results, as is the case for tasks such as question answering and fact checking, massive parameter counts to store knowledge seem to be needed. Retrieval augmented models are known to excel at knowledge intensive tasks without the need for as many parameters, but it is unclear whether they work in few-shot settings. In this work we present Atlas, a carefully designed and pre-trained retrieval augmented language model able to learn knowledge intensive tasks with very few training examples. We perform evaluations on a wide range of tasks, including MMLU, KILT and NaturalQuestions, and study the impact of the content of the document index, showing that it can easily be updated. Notably, Atlas reaches over 42% accuracy on Natural Questions using only 64 examples, outperforming a 540B parameters model by 3% despite having 50x fewer parameters.",
    "paper_type": "benchmark",
    "attri": {
        "background": "This paper addresses the issue of few-shot learning in knowledge-intensive tasks, where traditional large language models require massive parameters to store knowledge. The necessity of a benchmark arises from the need to evaluate retrieval augmented models that can perform well in few-shot scenarios.",
        "problem": {
            "definition": "The benchmark is designed to address the challenge of effectively utilizing retrieval augmented language models in few-shot learning settings for knowledge-intensive tasks.",
            "key obstacle": "Existing benchmarks primarily focus on large models with high parameter counts, which limits their applicability to few-shot scenarios and does not evaluate the effectiveness of retrieval augmented approaches."
        },
        "idea": {
            "intuition": "The inspiration for creating the benchmark stems from the observation that retrieval augmented models can perform well with fewer parameters, but their effectiveness in few-shot contexts needed validation.",
            "opinion": "The authors emphasize the benchmark's importance in demonstrating the capability of retrieval augmented models to excel in knowledge-intensive tasks with minimal training data.",
            "innovation": "Atlas introduces a novel approach by combining retrieval mechanisms with language models, allowing for effective few-shot learning, which differs from traditional benchmarks that do not account for retrieval augmentation.",
            "benchmark abbreviation": "Atlas"
        },
        "dataset": {
            "source": "The dataset was created from a combination of existing knowledge-intensive tasks and document indices that can be easily updated.",
            "desc": "The dataset includes a variety of tasks such as MMLU, KILT, and NaturalQuestions, allowing for comprehensive evaluation across different knowledge domains.",
            "content": "The dataset includes text data from various knowledge-intensive tasks relevant to question answering and fact-checking.",
            "size": "64",
            "domain": "Question Answering",
            "task format": "Few-shot Learning"
        },
        "metrics": {
            "metric name": "Accuracy",
            "aspect": "Model performance in terms of correct predictions on knowledge-intensive tasks.",
            "principle": "The choice of accuracy as a metric is guided by its relevance in evaluating the effectiveness of models in correctly answering questions based on limited examples.",
            "procedure": "Model performance was evaluated by measuring accuracy on test datasets after training on a small number of examples."
        },
        "experiments": {
            "model": "Atlas, a retrieval augmented language model, was tested against a baseline model with 540B parameters.",
            "procedure": "Models were trained with a few examples and evaluated on tasks like Natural Questions, with specific parameters and retrieval mechanisms in place.",
            "result": "Atlas achieved over 42% accuracy on Natural Questions using only 64 examples, outperforming the larger model by 3%.",
            "variability": "Variability was accounted for by testing the models across multiple tasks and datasets, ensuring robust performance evaluation."
        },
        "conclusion": "The experiments demonstrate that Atlas can effectively perform knowledge-intensive tasks with significantly fewer parameters, highlighting the potential of retrieval augmented models in few-shot learning scenarios.",
        "discussion": {
            "advantage": "The benchmark showcases the strengths of retrieval augmented models in achieving high accuracy with fewer training examples, contributing to the field of few-shot learning.",
            "limitation": "One limitation is that the benchmark may not fully capture the performance of models in all possible knowledge-intensive scenarios.",
            "future work": "Future research could explore expanding the benchmark to include more diverse tasks and datasets, as well as further optimizing retrieval mechanisms."
        },
        "other info": []
    },
    "mount_outline": [
        {
            "section number": "1.1",
            "key information": "This paper addresses the issue of few-shot learning in knowledge-intensive tasks, where traditional large language models require massive parameters to store knowledge."
        },
        {
            "section number": "1.2",
            "key information": "The necessity of a benchmark arises from the need to evaluate retrieval augmented models that can perform well in few-shot scenarios."
        },
        {
            "section number": "2.2",
            "key information": "Existing benchmarks primarily focus on large models with high parameter counts, which limits their applicability to few-shot scenarios and does not evaluate the effectiveness of retrieval augmented approaches."
        },
        {
            "section number": "3.1",
            "key information": "Atlas introduces a novel approach by combining retrieval mechanisms with language models, allowing for effective few-shot learning."
        },
        {
            "section number": "5.1",
            "key information": "The authors emphasize the benchmark's importance in demonstrating the capability of retrieval augmented models to excel in knowledge-intensive tasks with minimal training data."
        },
        {
            "section number": "7.1",
            "key information": "The benchmark showcases the strengths of retrieval augmented models in achieving high accuracy with fewer training examples."
        },
        {
            "section number": "7.3",
            "key information": "Future research could explore expanding the benchmark to include more diverse tasks and datasets, as well as further optimizing retrieval mechanisms."
        }
    ],
    "similarity_score": null,
    "image": null,
    "path": "/home/liudingyuan/code/SurveyX/code/SurveyX-main/outputs/t10a/papers/Atlas_ Few-shot learning with retrieval augmented language models.json"
}