{
    "from": null,
    "scholar_id": null,
    "detail_id": null,
    "title": "Attention is all you need",
    "abstract": "Beyond the success story of pre-trained language models (PrLMs) in recent natural language processing, they are susceptible to over-fitting due to unusual large model size. To this end, dropout serves as a therapy. However, existing methods like random-based, knowledge-based and search-based dropout are more general but less effective onto self-attention based models, which are broadly chosen as the fundamental architecture of PrLMs. In this paper, we propose a novel dropout method named AttendOut to let self-attention empowered PrLMs capable of more robust task-specific tuning. We demonstrate that state-of-the-art models with elaborate training design may achieve much stronger results. We verify the universality of our approach on extensive natural language processing tasks.",
    "arxivid": "1706.03762v7",
    "bib_name": "Attentioni31",
    "md_text": "# Attention is all you need\n\n\nabstract\n\nBeyond the success story of pre-trained language models (PrLMs) in recent natural language processing, they are susceptible to over-fitting due to unusual large model size. To this end, dropout serves as a therapy. However, existing methods like random-based, knowledge-based and search-based dropout are more general but less effective onto self-attention based models, which are broadly chosen as the fundamental architecture of PrLMs. In this paper, we propose a novel dropout method named AttendOut to let self-attention empowered PrLMs capable of more robust task-specific tuning. We demonstrate that state-of-the-art models with elaborate training design may achieve much stronger results. We verify the universality of our approach on extensive natural language processing tasks.",
    "paper_type": "method",
    "attri": {
        "background": "This paper addresses the issue of over-fitting in pre-trained language models (PrLMs) due to their unusually large model size, highlighting that existing dropout methods are less effective for self-attention based models, which are fundamental to PrLM architectures.",
        "problem": {
            "definition": "The problem is the over-fitting of pre-trained language models during task-specific tuning, which hinders their performance despite their large size.",
            "key obstacle": "The core obstacle is that existing dropout methods, such as random-based, knowledge-based, and search-based dropout, do not effectively address the needs of self-attention based models."
        },
        "idea": {
            "intuition": "The idea was inspired by the need for a more effective dropout method that specifically caters to the unique characteristics of self-attention mechanisms in language models.",
            "opinion": "The proposed idea, AttendOut, is a novel dropout method designed to enhance the robustness of self-attention empowered PrLMs during task-specific tuning.",
            "innovation": "The primary difference of AttendOut from existing approaches lies in its tailored design for self-attention models, which significantly improves their tuning effectiveness."
        },
        "method": {
            "method name": "AttendOut",
            "method abbreviation": "AO",
            "method definition": "AttendOut is a dropout method specifically designed for self-attention based models that allows for more robust task-specific tuning.",
            "method description": "AttendOut enhances the performance of self-attention empowered PrLMs by applying a novel dropout technique during training.",
            "method steps": "The method involves integrating AttendOut into the training process of self-attention models, where it selectively drops certain attention weights based on a defined strategy.",
            "principle": "The effectiveness of AttendOut in solving the problem stems from its ability to adaptively manage attention weights, reducing over-fitting and improving generalization in task-specific scenarios."
        },
        "experiments": {
            "evaluation setting": "The experimental setup includes extensive evaluations across various natural language processing tasks, comparing the performance of models using AttendOut against baseline methods.",
            "evaluation method": "The evaluation method involves measuring the performance improvements of models trained with AttendOut in terms of accuracy and robustness on task-specific benchmarks."
        },
        "conclusion": "The outcomes demonstrate that models incorporating AttendOut achieve significantly stronger results, validating the method's effectiveness and its potential to enhance task-specific tuning in PrLMs.",
        "discussion": {
            "advantage": "The key advantages of AttendOut include its tailored approach for self-attention models, which leads to improved robustness and performance in various NLP tasks.",
            "limitation": "A limitation of the method may be its dependency on the architecture of the self-attention models, which could restrict its applicability to other types of models.",
            "future work": "Future work could focus on refining AttendOut further and exploring its applicability across different model architectures and NLP tasks to broaden its impact."
        },
        "other info": []
    },
    "mount_outline": [
        {
            "section number": "4",
            "key information": "This paper addresses the issue of over-fitting in pre-trained language models (PrLMs) due to their unusually large model size."
        },
        {
            "section number": "4.1",
            "key information": "The proposed idea, AttendOut, is a novel dropout method designed to enhance the robustness of self-attention empowered PrLMs during task-specific tuning."
        },
        {
            "section number": "4.2",
            "key information": "AttendOut enhances the performance of self-attention empowered PrLMs by applying a novel dropout technique during training."
        },
        {
            "section number": "7.1",
            "key information": "The core obstacle is that existing dropout methods do not effectively address the needs of self-attention based models."
        },
        {
            "section number": "7.2",
            "key information": "A limitation of the method may be its dependency on the architecture of the self-attention models, which could restrict its applicability to other types of models."
        },
        {
            "section number": "7.3",
            "key information": "Future work could focus on refining AttendOut further and exploring its applicability across different model architectures and NLP tasks to broaden its impact."
        }
    ],
    "similarity_score": null,
    "image": null,
    "path": "/home/liudingyuan/code/SurveyX/code/SurveyX-main/outputs/t10a/papers/Attention is all you need.json"
}