{
    "from": null,
    "scholar_id": null,
    "detail_id": null,
    "title": "Auto-rag: Autonomous retrieval-augmented generation for large language models",
    "abstract": "Iterative retrieval refers to the process in which the model continuously queries the retriever during generation to enhance the relevance of the retrieved knowledge, thereby improving the performance of Retrieval-Augmented Generation (RAG). Existing work typically employs few-shot prompting or manually constructed rules to implement iterative retrieval. This introduces additional inference overhead and overlooks the remarkable reasoning capabilities of Large Language Models (LLMs). In this paper, we introduce Auto-RAG, an autonomous iterative retrieval model centered on the LLM's powerful decision-making capabilities. Auto-RAG engages in multi-turn dialogues with the retriever, systematically planning retrievals and refining queries to acquire valuable knowledge. This process continues until sufficient external information is gathered, at which point the results are presented to the user. To this end, we develop a method for autonomously synthesizing reasoning-based decision-making instructions in iterative retrieval and fine-tuned the latest open-source LLMs. The experimental results indicate that Auto-RAG is capable of autonomous iterative interaction with the retriever, effectively leveraging the remarkable reasoning and decision-making abilities of LLMs, which lead to outstanding performance across six benchmarks. Further analysis reveals that Auto-RAG can autonomously adjust the number of iterations based on the difficulty of the questions and the utility of the retrieved knowledge, without requiring any human intervention. Moreover, Auto-RAG expresses the iterative retrieval process in natural language, enhancing interpretability while providing users with a more intuitive experience\\footnote{Code is available at \\url{https://github.com/ictnlp/Auto-RAG}.",
    "arxivid": "2411.19443v1",
    "bib_name": "Auto-rag:A182",
    "md_text": "# Auto-rag: Autonomous retrieval-augmented generation for large language models\n\n\nabstract\n\nIterative retrieval refers to the process in which the model continuously queries the retriever during generation to enhance the relevance of the retrieved knowledge, thereby improving the performance of Retrieval-Augmented Generation (RAG). Existing work typically employs few-shot prompting or manually constructed rules to implement iterative retrieval. This introduces additional inference overhead and overlooks the remarkable reasoning capabilities of Large Language Models (LLMs). In this paper, we introduce Auto-RAG, an autonomous iterative retrieval model centered on the LLM's powerful decision-making capabilities. Auto-RAG engages in multi-turn dialogues with the retriever, systematically planning retrievals and refining queries to acquire valuable knowledge. This process continues until sufficient external information is gathered, at which point the results are presented to the user. To this end, we develop a method for autonomously synthesizing reasoning-based decision-making instructions in iterative retrieval and fine-tuned the latest open-source LLMs. The experimental results indicate that Auto-RAG is capable of autonomous iterative interaction with the retriever, effectively leveraging the remarkable reasoning and decision-making abilities of LLMs, which lead to outstanding performance across six benchmarks. Further analysis reveals that Auto-RAG can autonomously adjust the number of iterations based on the difficulty of the questions and the utility of the retrieved knowledge, without requiring any human intervention. Moreover, Auto-RAG expresses the iterative retrieval process in natural language, enhancing interpretability while providing users with a more intuitive experience\\footnote{Code is available at \\url{https://github.com/ictnlp/Auto-RAG}.",
    "paper_type": "method",
    "attri": {
        "background": "This paper addresses the issue of enhancing the performance of Retrieval-Augmented Generation (RAG) through iterative retrieval, which traditionally relies on few-shot prompting or manually constructed rules, leading to increased inference overhead and underutilization of Large Language Models' (LLMs) reasoning capabilities.",
        "problem": {
            "definition": "The problem is the inefficiency of existing iterative retrieval methods that do not fully exploit the reasoning abilities of LLMs, resulting in suboptimal performance in knowledge retrieval during generation tasks.",
            "key obstacle": "The core obstacle is the reliance on manual rules and few-shot prompting, which limits the adaptability and effectiveness of retrieval processes in real-time interactions."
        },
        "idea": {
            "intuition": "The idea was inspired by the need for a more autonomous system that can leverage LLMs' reasoning capabilities to enhance iterative retrieval processes without human intervention.",
            "opinion": "The proposed idea, Auto-RAG, involves an autonomous iterative retrieval model that engages in multi-turn dialogues with a retriever to plan and refine queries systematically.",
            "innovation": "The primary innovation of Auto-RAG lies in its ability to autonomously synthesize reasoning-based decision-making instructions and adjust the number of iterations based on question difficulty and retrieved knowledge utility."
        },
        "method": {
            "method name": "Auto-RAG",
            "method abbreviation": "AR",
            "method definition": "Auto-RAG is an autonomous iterative retrieval model that utilizes LLMs to engage in dialogues with a retriever, systematically improving the relevance of retrieved knowledge through iterative interactions.",
            "method description": "The core of Auto-RAG involves autonomous multi-turn interactions with a retriever to enhance knowledge retrieval during generation.",
            "method steps": [
                "Initiate a dialogue with the retriever.",
                "Plan retrievals based on the current context.",
                "Refine queries iteratively to gather relevant information.",
                "Present the gathered results to the user."
            ],
            "principle": "This method is effective because it leverages the reasoning and decision-making capabilities of LLMs to autonomously determine the optimal amount of information needed for effective knowledge retrieval."
        },
        "experiments": {
            "evaluation setting": "The experimental setup involved testing Auto-RAG across six benchmarks to assess its performance in autonomous iterative interactions with the retriever.",
            "evaluation method": "Performance was measured by analyzing the effectiveness of knowledge retrieval and the adaptability of the model in adjusting iterations based on task difficulty."
        },
        "conclusion": "The experimental results demonstrate that Auto-RAG effectively utilizes LLMs' reasoning capabilities for autonomous iterative retrieval, leading to significant improvements in performance across multiple benchmarks.",
        "discussion": {
            "advantage": "Key advantages include the reduction of inference overhead and the enhanced interpretability of the iterative retrieval process, providing users with a more intuitive experience.",
            "limitation": "A limitation of the method is the potential for variability in performance based on the specific characteristics of the questions posed to the retriever.",
            "future work": "Future research could focus on refining the model's adaptability to various contexts and improving its performance in more complex retrieval scenarios."
        },
        "other info": {}
    },
    "mount_outline": [
        {
            "section number": "5.1",
            "key information": "The proposed idea, Auto-RAG, involves an autonomous iterative retrieval model that engages in multi-turn dialogues with a retriever to plan and refine queries systematically."
        },
        {
            "section number": "5.2",
            "key information": "The experimental results demonstrate that Auto-RAG effectively utilizes LLMs' reasoning capabilities for autonomous iterative retrieval, leading to significant improvements in performance across multiple benchmarks."
        },
        {
            "section number": "7.1",
            "key information": "The core obstacle is the reliance on manual rules and few-shot prompting, which limits the adaptability and effectiveness of retrieval processes in real-time interactions."
        },
        {
            "section number": "7.2",
            "key information": "Key advantages include the reduction of inference overhead and the enhanced interpretability of the iterative retrieval process, providing users with a more intuitive experience."
        },
        {
            "section number": "7.3",
            "key information": "Future research could focus on refining the model's adaptability to various contexts and improving its performance in more complex retrieval scenarios."
        }
    ],
    "similarity_score": null,
    "image": null,
    "path": "/home/liudingyuan/code/SurveyX/code/SurveyX-main/outputs/t10a/papers/Auto-rag_ Autonomous retrieval-augmented generation for large language models.json"
}