{
    "from": null,
    "scholar_id": null,
    "detail_id": null,
    "title": "Autoregressive search engines: Generating substrings as document identifiers",
    "abstract": "Knowledge-intensive language tasks require NLP systems to both provide the correct answer and retrieve supporting evidence for it in a given corpus. Autoregressive language models are emerging as the de-facto standard for generating answers, with newer and more powerful systems emerging at an astonishing pace. In this paper we argue that all this (and future) progress can be directly applied to the retrieval problem with minimal intervention to the models' architecture. Previous work has explored ways to partition the search space into hierarchical structures and retrieve documents by autoregressively generating their unique identifier. In this work we propose an alternative that doesn't force any structure in the search space: using all ngrams in a passage as its possible identifiers. This setup allows us to use an autoregressive model to generate and score distinctive ngrams, that are then mapped to full passages through an efficient data structure. Empirically, we show this not only outperforms prior autoregressive approaches but also leads to an average improvement of at least 10 points over more established retrieval solutions for passage-level retrieval on the KILT benchmark, establishing new state-of-the-art downstream performance on some datasets, while using a considerably lighter memory footprint than competing systems. Code and pre-trained models at https://github.com/facebookresearch/SEAL.",
    "arxivid": "2204.10628v1",
    "bib_name": "Autoregres88",
    "md_text": "# Autoregressive search engines: Generating substrings as document identifiers\n\n\nabstract\n\nKnowledge-intensive language tasks require NLP systems to both provide the correct answer and retrieve supporting evidence for it in a given corpus. Autoregressive language models are emerging as the de-facto standard for generating answers, with newer and more powerful systems emerging at an astonishing pace. In this paper we argue that all this (and future) progress can be directly applied to the retrieval problem with minimal intervention to the models' architecture. Previous work has explored ways to partition the search space into hierarchical structures and retrieve documents by autoregressively generating their unique identifier. In this work we propose an alternative that doesn't force any structure in the search space: using all ngrams in a passage as its possible identifiers. This setup allows us to use an autoregressive model to generate and score distinctive ngrams, that are then mapped to full passages through an efficient data structure. Empirically, we show this not only outperforms prior autoregressive approaches but also leads to an average improvement of at least 10 points over more established retrieval solutions for passage-level retrieval on the KILT benchmark, establishing new state-of-the-art downstream performance on some datasets, while using a considerably lighter memory footprint than competing systems. Code and pre-trained models at https://github.com/facebookresearch/SEAL.",
    "paper_type": "method",
    "attri": {
        "background": "This paper addresses the issue of retrieving supporting evidence for knowledge-intensive language tasks in NLP systems, highlighting the limitations of previous methods that partition the search space into hierarchical structures.",
        "problem": {
            "definition": "The problem involves effectively retrieving documents from a corpus using autoregressive language models without imposing a rigid structure on the search space.",
            "key obstacle": "The main difficulty is the inefficiency of existing retrieval methods that rely on structured identifiers, which limits their effectiveness in generating relevant document identifiers."
        },
        "idea": {
            "intuition": "The idea is inspired by the observation that using all n-grams in a passage as potential identifiers can enhance the retrieval process without enforcing structural constraints.",
            "opinion": "The proposed method utilizes an autoregressive model to generate and score distinctive n-grams, allowing for a more flexible and efficient retrieval mechanism.",
            "innovation": "The key innovation lies in the use of n-grams as identifiers in an unstructured search space, which significantly improves retrieval performance compared to existing autoregressive approaches."
        },
        "method": {
            "method name": "Autoregressive Search Engine",
            "method abbreviation": "ASE",
            "method definition": "ASE is a method that retrieves documents by generating and scoring n-grams as potential identifiers without imposing a hierarchical structure on the search space.",
            "method description": "The method generates distinctive n-grams from passages and maps them to full documents using an efficient data structure.",
            "method steps": [
                "Generate all possible n-grams from the passage.",
                "Score the generated n-grams using an autoregressive model.",
                "Map the scored n-grams to the corresponding full passages."
            ],
            "principle": "The effectiveness of this method stems from its ability to leverage the rich information contained in n-grams, allowing for more accurate and relevant document retrieval."
        },
        "experiments": {
            "evaluation setting": "The experiments were conducted on the KILT benchmark, comparing the proposed method against established retrieval solutions for passage-level retrieval.",
            "evaluation method": "Performance was assessed based on the average improvement in retrieval accuracy, measuring the effectiveness of the method against baseline approaches."
        },
        "conclusion": "The proposed autoregressive search engine outperforms prior autoregressive methods and achieves an average improvement of at least 10 points over traditional retrieval solutions, establishing new state-of-the-art results on several datasets.",
        "discussion": {
            "advantage": "The main advantages include improved retrieval accuracy and a lighter memory footprint compared to competing systems.",
            "limitation": "One limitation may be the reliance on the quality of n-grams generated, which could affect retrieval performance in certain contexts.",
            "future work": "Future research could explore further optimizations in n-gram generation and investigate the application of this method to other language tasks."
        },
        "other info": {
            "code repository": "https://github.com/facebookresearch/SEAL"
        }
    },
    "mount_outline": [
        {
            "section number": "2.2",
            "key information": "The main difficulty is the inefficiency of existing retrieval methods that rely on structured identifiers, which limits their effectiveness in generating relevant document identifiers."
        },
        {
            "section number": "4.1",
            "key information": "The key innovation lies in the use of n-grams as identifiers in an unstructured search space, which significantly improves retrieval performance compared to existing autoregressive approaches."
        },
        {
            "section number": "5.1",
            "key information": "The proposed method utilizes an autoregressive model to generate and score distinctive n-grams, allowing for a more flexible and efficient retrieval mechanism."
        },
        {
            "section number": "7.1",
            "key information": "One limitation may be the reliance on the quality of n-grams generated, which could affect retrieval performance in certain contexts."
        }
    ],
    "similarity_score": null,
    "image": null,
    "path": "/home/liudingyuan/code/SurveyX/code/SurveyX-main/outputs/t10a/papers/Autoregressive search engines_ Generating substrings as document identifiers.json"
}