{
    "from": null,
    "scholar_id": null,
    "detail_id": null,
    "title": "BERT: pre-training of deep bidirectional transformers for language understanding",
    "abstract": "We introduce a new language representation model called BERT, which stands for Bidirectional Encoder Representations from Transformers. Unlike recent language representation models (Peters et al., 2018a; Radford et al., 2018), BERT is designed to pre-train deep bidirectional representations from unlabeled text by jointly conditioning on both left and right context in all layers. As a result, the pre-trained BERT model can be fine-tuned with just one additional output layer to create state-of-the-art models for a wide range of tasks, such as question answering and language inference, without substantial task-specific architecture modifications. BERT is conceptually simple and empirically powerful. It obtains new state-of-the-art results on eleven natural language processing tasks, including pushing the GLUE score to 80.5 (7.7 point absolute improvement), MultiNLI accuracy to 86.7% (4.6% absolute improvement), SQuAD v1.1 question answering Test F1 to 93.2 (1.5 point absolute improvement) and SQuAD v2.0 Test F1 to 83.1 (5.1 point absolute improvement).",
    "arxivid": "1810.04805v2",
    "bib_name": "BERT:pre-t30",
    "md_text": "# BERT: pre-training of deep bidirectional transformers for language understanding\n\n\nabstract\n\nWe introduce a new language representation model called BERT, which stands for Bidirectional Encoder Representations from Transformers. Unlike recent language representation models (Peters et al., 2018a; Radford et al., 2018), BERT is designed to pre-train deep bidirectional representations from unlabeled text by jointly conditioning on both left and right context in all layers. As a result, the pre-trained BERT model can be fine-tuned with just one additional output layer to create state-of-the-art models for a wide range of tasks, such as question answering and language inference, without substantial task-specific architecture modifications. BERT is conceptually simple and empirically powerful. It obtains new state-of-the-art results on eleven natural language processing tasks, including pushing the GLUE score to 80.5 (7.7 point absolute improvement), MultiNLI accuracy to 86.7% (4.6% absolute improvement), SQuAD v1.1 question answering Test F1 to 93.2 (1.5 point absolute improvement) and SQuAD v2.0 Test F1 to 83.1 (5.1 point absolute improvement).",
    "paper_type": "method",
    "attri": {
        "background": "This paper addresses the issue of language representation in natural language processing, highlighting the limitations of existing models that do not utilize bidirectional context, necessitating a breakthrough approach for improved performance.",
        "problem": {
            "definition": "The problem involves the need for effective language representation models that can leverage both left and right context in text to improve understanding and performance across various tasks.",
            "key obstacle": "Existing models typically rely on unidirectional context, limiting their ability to fully understand language nuances and leading to suboptimal performance in tasks requiring deep comprehension."
        },
        "idea": {
            "intuition": "The idea was inspired by the observation that bidirectional context can significantly enhance language understanding, allowing models to capture more complex relationships in text.",
            "opinion": "The proposed idea is BERT, a model that pre-trains deep bidirectional representations from unlabeled text by conditioning on both left and right context.",
            "innovation": "BERT's primary innovation lies in its ability to pre-train deep bidirectional representations, which can be fine-tuned with minimal task-specific adjustments, setting it apart from previous models."
        },
        "method": {
            "method name": "BERT",
            "method abbreviation": "Bidirectional Encoder Representations from Transformers",
            "method definition": "BERT is a language representation model that pre-trains deep bidirectional representations from unlabeled text, using both left and right context in all layers.",
            "method description": "BERT leverages a bidirectional approach to language representation, enhancing the model's understanding of context.",
            "method steps": "Pre-train on unlabeled text, fine-tune with a task-specific output layer.",
            "principle": "The effectiveness of BERT in solving the problem is rooted in its bidirectional training approach, which allows for a more comprehensive understanding of language context."
        },
        "experiments": {
            "evaluation setting": "BERT was evaluated on eleven natural language processing tasks, including GLUE, MultiNLI, and SQuAD datasets.",
            "evaluation method": "Performance was measured and analyzed based on task-specific metrics such as GLUE score, MultiNLI accuracy, and SQuAD F1 scores."
        },
        "conclusion": "The experiments demonstrate that BERT achieves state-of-the-art results across multiple NLP tasks, indicating its effectiveness and contribution to the field of language understanding.",
        "discussion": {
            "advantage": "BERT's key advantages include its ability to utilize bidirectional context and its simplicity in fine-tuning for various tasks without significant architectural changes.",
            "limitation": "One limitation of BERT is the requirement for substantial computational resources for pre-training, which may not be feasible for all researchers.",
            "future work": "Future work could focus on optimizing the pre-training process to reduce resource requirements and exploring additional applications of BERT in various domains."
        },
        "other info": []
    },
    "mount_outline": [
        {
            "section number": "1.1",
            "key information": "The paper highlights the limitations of existing models that do not utilize bidirectional context, emphasizing the importance of large language models in improving the effectiveness of information retrieval systems."
        },
        {
            "section number": "2.2",
            "key information": "Existing models typically rely on unidirectional context, limiting their ability to fully understand language nuances and leading to suboptimal performance in tasks requiring deep comprehension."
        },
        {
            "section number": "3.1",
            "key information": "BERT is a language representation model that pre-trains deep bidirectional representations from unlabeled text, using both left and right context in all layers."
        },
        {
            "section number": "4.1",
            "key information": "BERT's primary innovation lies in its ability to pre-train deep bidirectional representations, which can be fine-tuned with minimal task-specific adjustments, setting it apart from previous models."
        },
        {
            "section number": "5.1",
            "key information": "The idea was inspired by the observation that bidirectional context can significantly enhance language understanding, allowing models to capture more complex relationships in text."
        },
        {
            "section number": "7.1",
            "key information": "One limitation of BERT is the requirement for substantial computational resources for pre-training, which may not be feasible for all researchers."
        }
    ],
    "similarity_score": null,
    "image": null,
    "path": "/home/liudingyuan/code/SurveyX/code/SurveyX-main/outputs/t10a/papers/BERT_ pre-training of deep bidirectional transformers for language understanding.json"
}