{
    "from": null,
    "scholar_id": null,
    "detail_id": null,
    "title": "Chain-of-retrieval augmented generation",
    "abstract": "This paper introduces an approach for training o1-like RAG models that retrieve and reason over relevant information step by step before generating the final answer. Conventional RAG methods usually perform a single retrieval step before the generation process, which limits their effectiveness in addressing complex queries due to imperfect retrieval results. In contrast, our proposed method, CoRAG (Chain-of-Retrieval Augmented Generation), allows the model to dynamically reformulate the query based on the evolving state. To train CoRAG effectively, we utilize rejection sampling to automatically generate intermediate retrieval chains, thereby augmenting existing RAG datasets that only provide the correct final answer. At test time, we propose various decoding strategies to scale the model's test-time compute by controlling the length and number of sampled retrieval chains. Experimental results across multiple benchmarks validate the efficacy of CoRAG, particularly in multi-hop question answering tasks, where we observe more than 10 points improvement in EM score compared to strong baselines. On the KILT benchmark, CoRAG establishes a new state-of-the-art performance across a diverse range of knowledge-intensive tasks. Furthermore, we offer comprehensive analyses to understand the scaling behavior of CoRAG, laying the groundwork for future research aimed at developing factual and grounded foundation models.",
    "arxivid": "2501.14342v3",
    "bib_name": "Chain-of-r181",
    "md_text": "# Chain-of-retrieval augmented generation\n\n\nabstract\n\nThis paper introduces an approach for training o1-like RAG models that retrieve and reason over relevant information step by step before generating the final answer. Conventional RAG methods usually perform a single retrieval step before the generation process, which limits their effectiveness in addressing complex queries due to imperfect retrieval results. In contrast, our proposed method, CoRAG (Chain-of-Retrieval Augmented Generation), allows the model to dynamically reformulate the query based on the evolving state. To train CoRAG effectively, we utilize rejection sampling to automatically generate intermediate retrieval chains, thereby augmenting existing RAG datasets that only provide the correct final answer. At test time, we propose various decoding strategies to scale the model's test-time compute by controlling the length and number of sampled retrieval chains. Experimental results across multiple benchmarks validate the efficacy of CoRAG, particularly in multi-hop question answering tasks, where we observe more than 10 points improvement in EM score compared to strong baselines. On the KILT benchmark, CoRAG establishes a new state-of-the-art performance across a diverse range of knowledge-intensive tasks. Furthermore, we offer comprehensive analyses to understand the scaling behavior of CoRAG, laying the groundwork for future research aimed at developing factual and grounded foundation models.",
    "paper_type": "method",
    "attri": {
        "background": "This paper addresses the limitations of conventional retrieval-augmented generation (RAG) methods, which typically perform a single retrieval step that may not effectively handle complex queries due to imperfect retrieval results. The need for a new approach is underscored by the growing demand for models capable of dynamic query reformulation.",
        "problem": {
            "definition": "The core problem is the inability of traditional RAG models to adequately address complex queries due to their reliance on a single retrieval step, leading to suboptimal performance in multi-hop question answering tasks.",
            "key obstacle": "The main challenge is the reliance on imperfect retrieval results from a single query, which fails to capture the necessary information for generating accurate answers."
        },
        "idea": {
            "intuition": "The idea was inspired by the observation that dynamic query reformulation could enhance retrieval effectiveness by allowing the model to adaptively refine its queries based on intermediate results.",
            "opinion": "The proposed method, CoRAG, involves a multi-step retrieval process where the model incrementally retrieves and reasons over relevant information before generating the final answer.",
            "innovation": "CoRAG differentiates itself from existing methods by employing a chain-of-retrieval approach that allows for dynamic query adjustments, significantly improving the model's ability to handle complex queries."
        },
        "method": {
            "method name": "Chain-of-Retrieval Augmented Generation",
            "method abbreviation": "CoRAG",
            "method definition": "CoRAG is defined as a method that retrieves and reasons over relevant information in multiple steps, dynamically reformulating the query based on the evolving state to enhance the generation of answers.",
            "method description": "CoRAG enables step-by-step retrieval and reasoning over information, improving the accuracy of the final generated answers.",
            "method steps": "1. Generate initial query; 2. Retrieve relevant information; 3. Reformulate query based on retrieved data; 4. Repeat retrieval and reasoning as necessary; 5. Generate final answer.",
            "principle": "The effectiveness of CoRAG lies in its ability to iteratively refine queries and retrieve information, thereby addressing the shortcomings of single-step retrieval methods and enhancing the model's performance on complex queries."
        },
        "experiments": {
            "evaluation setting": "The experimental setup includes multiple benchmarks for assessing the performance of CoRAG, with comparisons against strong baselines in multi-hop question answering tasks and the KILT benchmark for knowledge-intensive tasks.",
            "evaluation method": "Performance was measured using EM scores across various tasks, with specific decoding strategies employed to control the length and number of sampled retrieval chains during evaluation."
        },
        "conclusion": "The experimental results demonstrate that CoRAG significantly outperforms existing methods, achieving over 10 points improvement in EM score on multi-hop question answering tasks and establishing a new state-of-the-art performance on the KILT benchmark.",
        "discussion": {
            "advantage": "The key advantage of CoRAG is its ability to dynamically reformulate queries and retrieve information in a stepwise manner, leading to improved accuracy in complex question answering scenarios.",
            "limitation": "One limitation of the method is the potential computational overhead associated with the multi-step retrieval process, which may require careful management of resources during implementation.",
            "future work": "Future research could explore optimizations to reduce computational costs and further enhance the efficiency of CoRAG, as well as investigate its applicability to other knowledge-intensive tasks."
        },
        "other info": []
    },
    "mount_outline": [
        {
            "section number": "2.2",
            "key information": "The core problem is the inability of traditional retrieval-augmented generation (RAG) models to adequately address complex queries due to their reliance on a single retrieval step, leading to suboptimal performance in multi-hop question answering tasks."
        },
        {
            "section number": "2.3",
            "key information": "The idea was inspired by the observation that dynamic query reformulation could enhance retrieval effectiveness by allowing the model to adaptively refine its queries based on intermediate results."
        },
        {
            "section number": "4.2",
            "key information": "CoRAG enables step-by-step retrieval and reasoning over information, improving the accuracy of the final generated answers."
        },
        {
            "section number": "5.1",
            "key information": "The key advantage of CoRAG is its ability to dynamically reformulate queries and retrieve information in a stepwise manner, leading to improved accuracy in complex question answering scenarios."
        },
        {
            "section number": "7.1",
            "key information": "One limitation of the method is the potential computational overhead associated with the multi-step retrieval process, which may require careful management of resources during implementation."
        },
        {
            "section number": "7.3",
            "key information": "Future research could explore optimizations to reduce computational costs and further enhance the efficiency of CoRAG, as well as investigate its applicability to other knowledge-intensive tasks."
        }
    ],
    "similarity_score": null,
    "image": null,
    "path": "/home/liudingyuan/code/SurveyX/code/SurveyX-main/outputs/t10a/papers/Chain-of-retrieval augmented generation.json"
}