{
    "from": null,
    "scholar_id": null,
    "detail_id": null,
    "title": "Clinfo.ai: An open-source retrieval-augmented large language model system for answering medical questions using scientific literature",
    "abstract": "The quickly-expanding nature of published medical literature makes it challenging for clinicians and researchers to keep up with and summarize recent, relevant findings in a timely manner. While several closed-source summarization tools based on large language models (LLMs) now exist, rigorous and systematic evaluations of their outputs are lacking. Furthermore, there is a paucity of high-quality datasets and appropriate benchmark tasks with which to evaluate these tools. We address these issues with four contributions: we release Clinfo.ai, an open-source WebApp that answers clinical questions based on dynamically retrieved scientific literature; we specify an information retrieval and abstractive summarization task to evaluate the performance of such retrieval-augmented LLM systems; we release a dataset of 200 questions and corresponding answers derived from published systematic reviews, which we name PubMed Retrieval and Synthesis (PubMedRS-200); and report benchmark results for Clinfo.ai and other publicly available OpenQA systems on PubMedRS-200.",
    "arxivid": "2310.16146v1",
    "bib_name": "Clinfo.ai:151",
    "md_text": "# Clinfo.ai: An open-source retrieval-augmented large language model system for answering medical questions using scientific literature\n\n\nabstract\n\nThe quickly-expanding nature of published medical literature makes it challenging for clinicians and researchers to keep up with and summarize recent, relevant findings in a timely manner. While several closed-source summarization tools based on large language models (LLMs) now exist, rigorous and systematic evaluations of their outputs are lacking. Furthermore, there is a paucity of high-quality datasets and appropriate benchmark tasks with which to evaluate these tools. We address these issues with four contributions: we release Clinfo.ai, an open-source WebApp that answers clinical questions based on dynamically retrieved scientific literature; we specify an information retrieval and abstractive summarization task to evaluate the performance of such retrieval-augmented LLM systems; we release a dataset of 200 questions and corresponding answers derived from published systematic reviews, which we name PubMed Retrieval and Synthesis (PubMedRS-200); and report benchmark results for Clinfo.ai and other publicly available OpenQA systems on PubMedRS-200.",
    "paper_type": "benchmark",
    "attri": {
        "background": "The quickly-expanding nature of published medical literature makes it challenging for clinicians and researchers to keep up with and summarize recent, relevant findings in a timely manner. There is a lack of high-quality datasets and appropriate benchmark tasks to evaluate summarization tools based on large language models.",
        "problem": {
            "definition": "The benchmark is designed to address the challenge of evaluating the performance of retrieval-augmented large language model systems in answering clinical questions based on scientific literature.",
            "key obstacle": "Existing benchmarks lack systematic evaluations and high-quality datasets for summarization tools."
        },
        "idea": {
            "intuition": "The development of this benchmark was inspired by the need for rigorous evaluation methods for summarization tools in the medical field.",
            "opinion": "The authors believe that the benchmark will significantly advance the evaluation of retrieval-augmented LLM systems and enhance their applicability in clinical settings.",
            "innovation": "This benchmark introduces a novel dataset and a specific task for evaluating retrieval-augmented LLMs, differing from previous benchmarks by focusing on the integration of information retrieval and summarization.",
            "benchmark abbreviation": "PubMedRS-200"
        },
        "dataset": {
            "source": "The dataset was created from published systematic reviews, ensuring high-quality and relevant clinical questions.",
            "desc": "The dataset consists of 200 questions and their corresponding answers, specifically designed for evaluating retrieval-augmented systems.",
            "content": "The dataset includes text-based clinical questions and answers derived from scientific literature.",
            "size": "200",
            "domain": "Medical Literature",
            "task format": "Information Retrieval and Abstractive Summarization"
        },
        "metrics": {
            "metric name": "F1-score, Accuracy",
            "aspect": "Model performance in answering clinical questions.",
            "principle": "The metrics were chosen to provide a comprehensive evaluation of both precision and overall performance in the context of clinical question answering.",
            "procedure": "Models were evaluated based on their ability to accurately retrieve and summarize relevant information in response to clinical questions."
        },
        "experiments": {
            "model": "Clinfo.ai and other publicly available OpenQA systems.",
            "procedure": "Models were tested using the PubMedRS-200 dataset, with specific training parameters and settings detailed in the paper.",
            "result": "The results showed varying performance levels among the tested models, highlighting the effectiveness of Clinfo.ai in comparison to others.",
            "variability": "Variability in results was accounted for through multiple trials and evaluations across different subsets of the dataset."
        },
        "conclusion": "The benchmark provides a valuable tool for evaluating retrieval-augmented LLM systems, demonstrating its potential to improve clinical question answering using scientific literature.",
        "discussion": {
            "advantage": "The benchmark enhances the evaluation landscape for summarization tools, providing a systematic approach to assess their performance in a critical application area.",
            "limitation": "Potential limitations include the focus on a specific dataset which may not encompass all clinical scenarios.",
            "future work": "Future research could explore expanding the dataset and incorporating additional evaluation metrics to further enhance the benchmark."
        },
        "other info": {
            "info1": "Clinfo.ai is an open-source WebApp.",
            "info2": {
                "info2.1": "The benchmark results for Clinfo.ai and other systems are reported on the PubMedRS-200 dataset.",
                "info2.2": "The benchmark addresses a significant gap in the evaluation of large language models in the medical domain."
            }
        }
    },
    "mount_outline": [
        {
            "section number": "1.1",
            "key information": "The quickly-expanding nature of published medical literature makes it challenging for clinicians and researchers to keep up with and summarize recent, relevant findings in a timely manner."
        },
        {
            "section number": "2.2",
            "key information": "Existing benchmarks lack systematic evaluations and high-quality datasets for summarization tools."
        },
        {
            "section number": "5.2",
            "key information": "The benchmark provides a valuable tool for evaluating retrieval-augmented LLM systems, demonstrating its potential to improve clinical question answering using scientific literature."
        },
        {
            "section number": "7.1",
            "key information": "Future research could explore expanding the dataset and incorporating additional evaluation metrics to further enhance the benchmark."
        },
        {
            "section number": "7.2",
            "key information": "The benchmark addresses a significant gap in the evaluation of large language models in the medical domain."
        }
    ],
    "similarity_score": null,
    "image": null,
    "path": "/home/liudingyuan/code/SurveyX/code/SurveyX-main/outputs/t10a/papers/Clinfo.ai_ An open-source retrieval-augmented large language model system for answering medical questions using scientific literature.json"
}