{
    "from": null,
    "scholar_id": null,
    "detail_id": null,
    "title": "Consolidating ranking and relevance predictions of large language models through post-processing",
    "abstract": "The powerful generative abilities of large language models (LLMs) show potential in generating relevance labels for search applications. Previous work has found that directly asking about relevancy, such as \"*How relevant is document A to query Q?*\u201d, results in suboptimal ranking. Instead, the pairwise-ranking prompting (PRP) approach produces promising ranking performance through asking about pairwise comparisons, e.g., \"*Is document A more relevant than document B to query Q?*\u201d. Thus, while LLMs are effective at their ranking ability, this is not reflected in their relevance label generation.In this work, we propose a post-processing method to consolidate the relevance labels generated by an LLM with its powerful ranking abilities. Our method takes both LLM generated relevance labels and pairwise preferences. The labels are then altered to satisfy the pairwise preferences of the LLM, while staying as close to the original values as possible. Our experimental results indicate that our approach effectively balances label accuracy and ranking performance. Thereby, our work shows it is possible to combine both the ranking and labeling abilities of LLMs through post-processing.",
    "arxivid": "2404.11791v1",
    "bib_name": "Consolidat110",
    "md_text": "# Consolidating ranking and relevance predictions of large language models through post-processing\n\n\nabstract\n\nThe powerful generative abilities of large language models (LLMs) show potential in generating relevance labels for search applications. Previous work has found that directly asking about relevancy, such as \"*How relevant is document A to query Q?*\u201d, results in suboptimal ranking. Instead, the pairwise-ranking prompting (PRP) approach produces promising ranking performance through asking about pairwise comparisons, e.g., \"*Is document A more relevant than document B to query Q?*\u201d. Thus, while LLMs are effective at their ranking ability, this is not reflected in their relevance label generation.In this work, we propose a post-processing method to consolidate the relevance labels generated by an LLM with its powerful ranking abilities. Our method takes both LLM generated relevance labels and pairwise preferences. The labels are then altered to satisfy the pairwise preferences of the LLM, while staying as close to the original values as possible. Our experimental results indicate that our approach effectively balances label accuracy and ranking performance. Thereby, our work shows it is possible to combine both the ranking and labeling abilities of LLMs through post-processing.",
    "paper_type": "method",
    "attri": {
        "background": "The powerful generative abilities of large language models (LLMs) show potential in generating relevance labels for search applications. Previous work has found that directly asking about relevancy results in suboptimal ranking, while the pairwise-ranking prompting (PRP) approach produces promising ranking performance through pairwise comparisons.",
        "problem": {
            "definition": "The issue addressed in this paper is the suboptimal ranking performance of LLMs when generating relevance labels directly, which does not effectively utilize their ranking capabilities.",
            "key obstacle": "The core obstacle is that existing methods do not effectively combine the relevance label generation and ranking abilities of LLMs, leading to inaccuracies in ranking."
        },
        "idea": {
            "intuition": "The idea is inspired by the observation that LLMs perform better in providing rankings through pairwise comparisons rather than direct relevance assessments.",
            "opinion": "The proposed idea involves a post-processing method that consolidates relevance labels generated by LLMs with their pairwise ranking preferences.",
            "innovation": "The primary innovation lies in the method's ability to adjust relevance labels to align with pairwise preferences while maintaining proximity to original values, effectively integrating both labeling and ranking capabilities."
        },
        "method": {
            "method name": "Post-processing method for relevance label consolidation",
            "method abbreviation": "PPRLC",
            "method definition": "This method consolidates relevance labels generated by LLMs with pairwise preferences by adjusting the labels to satisfy the preferences while remaining close to the original values.",
            "method description": "The method consolidates LLM generated relevance labels with pairwise preferences to improve accuracy and ranking performance.",
            "principle": "The method is effective due to its ability to leverage both the original relevance labels and the more reliable pairwise preferences, resulting in a balanced output."
        },
        "experiments": {
            "evaluation setting": "The experimental setup includes datasets where LLMs generated relevance labels and pairwise preferences were compared against baseline methods.",
            "evaluation method": "The evaluation method involved measuring and analyzing the accuracy of relevance labels and the performance of rankings produced by the proposed method."
        },
        "conclusion": "The experimental results indicate that the proposed method effectively balances label accuracy and ranking performance, demonstrating the feasibility of combining ranking and labeling capabilities of LLMs through post-processing.",
        "discussion": {
            "advantage": "The key advantage of the proposed approach is its ability to improve both the accuracy of relevance labels and the performance of rankings simultaneously.",
            "limitation": "One limitation of the method may be its dependency on the quality of the initial relevance labels generated by the LLM.",
            "future work": "Future research could explore further enhancements to the method and investigate its application across different domains and datasets."
        },
        "other info": []
    },
    "mount_outline": [
        {
            "section number": "5",
            "key information": "The powerful generative abilities of large language models (LLMs) show potential in generating relevance labels for search applications."
        },
        {
            "section number": "5.1",
            "key information": "The proposed idea involves a post-processing method that consolidates relevance labels generated by LLMs with their pairwise ranking preferences."
        },
        {
            "section number": "5.2",
            "key information": "The primary innovation lies in the method's ability to adjust relevance labels to align with pairwise preferences while maintaining proximity to original values."
        },
        {
            "section number": "7",
            "key information": "One limitation of the method may be its dependency on the quality of the initial relevance labels generated by the LLM."
        },
        {
            "section number": "7.1",
            "key information": "The issue addressed in this paper is the suboptimal ranking performance of LLMs when generating relevance labels directly."
        }
    ],
    "similarity_score": null,
    "image": null,
    "path": "/home/liudingyuan/code/SurveyX/code/SurveyX-main/outputs/t10a/papers/Consolidating ranking and relevance predictions of large language models through post-processing.json"
}