{
    "from": null,
    "scholar_id": null,
    "detail_id": null,
    "title": "Corpusbrain: Pre-train a generative retrieval model for knowledge-intensive language tasks",
    "abstract": "Knowledge-intensive language tasks (KILT) usually require a large body of information to provide correct answers. A popular paradigm to solve this problem is to combine a search system with a machine reader, where the former retrieves supporting evidences and the latter examines them to produce answers. Recently, the reader component has witnessed significant advances with the help of large-scale pre-trained generative models. Meanwhile most existing solutions in the search component rely on the traditional \"index-retrieve-then-rank'' pipeline, which suffers from large memory footprint and difficulty in end-to-end optimization. Inspired by recent efforts in constructing model-based IR models, we propose to replace the traditional multi-step search pipeline with a novel single-step generative model, which can dramatically simplify the search process and be optimized in an end-to-end manner. We show that a strong generative retrieval model can be learned with a set of adequately designed pre-training tasks, and be adopted to improve a variety of downstream KILT tasks with further fine-tuning. We name the pre-trained generative retrieval model as CorpusBrain as all information about the corpus is encoded in its parameters without the need of constructing additional index. Empirical results show that CorpusBrain can significantly outperform strong baselines for the retrieval task on the KILT benchmark and establish new state-of-the-art downstream performances. We also show that CorpusBrain works well under zero- and low-resource settings.",
    "arxivid": "2208.07652v1",
    "bib_name": "Corpusbrai84",
    "md_text": "# Corpusbrain: Pre-train a generative retrieval model for knowledge-intensive language tasks\n\n\nabstract\n\nKnowledge-intensive language tasks (KILT) usually require a large body of information to provide correct answers. A popular paradigm to solve this problem is to combine a search system with a machine reader, where the former retrieves supporting evidences and the latter examines them to produce answers. Recently, the reader component has witnessed significant advances with the help of large-scale pre-trained generative models. Meanwhile most existing solutions in the search component rely on the traditional \"index-retrieve-then-rank'' pipeline, which suffers from large memory footprint and difficulty in end-to-end optimization. Inspired by recent efforts in constructing model-based IR models, we propose to replace the traditional multi-step search pipeline with a novel single-step generative model, which can dramatically simplify the search process and be optimized in an end-to-end manner. We show that a strong generative retrieval model can be learned with a set of adequately designed pre-training tasks, and be adopted to improve a variety of downstream KILT tasks with further fine-tuning. We name the pre-trained generative retrieval model as CorpusBrain as all information about the corpus is encoded in its parameters without the need of constructing additional index. Empirical results show that CorpusBrain can significantly outperform strong baselines for the retrieval task on the KILT benchmark and establish new state-of-the-art downstream performances. We also show that CorpusBrain works well under zero- and low-resource settings.",
    "paper_type": "method",
    "attri": {
        "background": "Knowledge-intensive language tasks (KILT) require extensive information to provide accurate answers. Traditional methods combine search systems with machine readers, but the search component often relies on an inefficient 'index-retrieve-then-rank' pipeline, which has limitations in memory usage and optimization.",
        "problem": {
            "definition": "The problem addressed is the inefficiency and complexity of existing search methods in knowledge-intensive language tasks, particularly in the retrieval process.",
            "key obstacle": "The main challenge is the large memory footprint and the lack of end-to-end optimization in traditional search methods."
        },
        "idea": {
            "intuition": "The idea was inspired by recent advancements in model-based information retrieval, aiming to simplify the search process.",
            "opinion": "The proposed idea involves a single-step generative model that replaces the traditional multi-step search pipeline, allowing for end-to-end optimization.",
            "innovation": "The key innovation is the introduction of the CorpusBrain model, which encodes all corpus information in its parameters, eliminating the need for additional indexing."
        },
        "method": {
            "method name": "CorpusBrain",
            "method abbreviation": "CB",
            "method definition": "CorpusBrain is a generative retrieval model designed to streamline the search process for knowledge-intensive language tasks by integrating retrieval and reading into a single model.",
            "method description": "CorpusBrain simplifies the retrieval process by using a single-step generative model optimized for knowledge-intensive tasks.",
            "method steps": "1. Pre-train the generative retrieval model with designed tasks. 2. Fine-tune the model on downstream KILT tasks.",
            "principle": "The effectiveness of CorpusBrain lies in its ability to encode all necessary information within its parameters, allowing for efficient retrieval without external indexing."
        },
        "experiments": {
            "evaluation setting": "Experiments were conducted on the KILT benchmark, comparing CorpusBrain against strong baseline methods under various conditions.",
            "evaluation method": "Performance was assessed through empirical results, measuring retrieval effectiveness and downstream task performance."
        },
        "conclusion": "CorpusBrain significantly outperforms existing baselines in retrieval tasks and establishes new state-of-the-art performance on downstream KILT tasks, demonstrating its effectiveness even in zero- and low-resource settings.",
        "discussion": {
            "advantage": "The main advantages of CorpusBrain include its simplified search process, reduced memory requirements, and improved end-to-end optimization.",
            "limitation": "Potential limitations may include challenges in adapting the model to specific tasks that require highly specialized knowledge.",
            "future work": "Future research could explore enhancing the model's adaptability to various knowledge-intensive tasks and improving performance in resource-constrained environments."
        },
        "other info": []
    },
    "mount_outline": [
        {
            "section number": "2.2",
            "key information": "The problem addressed is the inefficiency and complexity of existing search methods in knowledge-intensive language tasks, particularly in the retrieval process."
        },
        {
            "section number": "2.3",
            "key information": "The key innovation is the introduction of the CorpusBrain model, which encodes all corpus information in its parameters, eliminating the need for additional indexing."
        },
        {
            "section number": "3.1",
            "key information": "CorpusBrain is a generative retrieval model designed to streamline the search process for knowledge-intensive language tasks by integrating retrieval and reading into a single model."
        },
        {
            "section number": "4.1",
            "key information": "The proposed idea involves a single-step generative model that replaces the traditional multi-step search pipeline, allowing for end-to-end optimization."
        },
        {
            "section number": "6.1",
            "key information": "CorpusBrain significantly outperforms existing baselines in retrieval tasks and establishes new state-of-the-art performance on downstream KILT tasks."
        },
        {
            "section number": "7.1",
            "key information": "The main advantages of CorpusBrain include its simplified search process, reduced memory requirements, and improved end-to-end optimization."
        },
        {
            "section number": "7.3",
            "key information": "Future research could explore enhancing the model's adaptability to various knowledge-intensive tasks and improving performance in resource-constrained environments."
        }
    ],
    "similarity_score": null,
    "image": null,
    "path": "/home/liudingyuan/code/SurveyX/code/SurveyX-main/outputs/t10a/papers/Corpusbrain_ Pre-train a generative retrieval model for knowledge-intensive language tasks.json"
}