{
    "from": null,
    "scholar_id": null,
    "detail_id": null,
    "title": "Cotkr: Chain-of-thought enhanced knowledge rewriting for complex knowledge graph question answering",
    "abstract": "Recent studies have explored the use of Large Language Models (LLMs) with Retrieval Augmented Generation (RAG) for Knowledge Graph Question Answering (KGQA). They typically require rewriting retrieved subgraphs into natural language formats comprehensible to LLMs. However, when tackling complex questions, the knowledge rewritten by existing methods may include irrelevant information, omit crucial details, or fail to align with the question\u2019s semantics. To address them, we propose a novel rewriting method CoTKR, Chain- of-Thought Enhanced Knowledge Rewriting, for generating reasoning traces and corresponding knowledge in an interleaved manner, thereby mitigating the limitations of single-step knowledge rewriting. Additionally, to bridge the preference gap between the knowledge rewriter and the question answering (QA) model, we propose a training strategy PAQAF, Preference Alignment from Question Answering Feedback, for leveraging feedback from the QA model to further optimize the knowledge rewriter. We conduct experiments using various LLMs across several KGQA benchmarks. Experimental results demonstrate that, compared with previous knowledge rewriting methods, CoTKR generates the most beneficial knowledge representation for QA models, which significantly improves the performance of LLMs in KGQA.",
    "arxivid": "2409.19753v4",
    "bib_name": "Cotkr:Chai57",
    "md_text": "# Cotkr: Chain-of-thought enhanced knowledge rewriting for complex knowledge graph question answering\n\n\nabstract\n\nRecent studies have explored the use of Large Language Models (LLMs) with Retrieval Augmented Generation (RAG) for Knowledge Graph Question Answering (KGQA). They typically require rewriting retrieved subgraphs into natural language formats comprehensible to LLMs. However, when tackling complex questions, the knowledge rewritten by existing methods may include irrelevant information, omit crucial details, or fail to align with the question\u2019s semantics. To address them, we propose a novel rewriting method CoTKR, Chain- of-Thought Enhanced Knowledge Rewriting, for generating reasoning traces and corresponding knowledge in an interleaved manner, thereby mitigating the limitations of single-step knowledge rewriting. Additionally, to bridge the preference gap between the knowledge rewriter and the question answering (QA) model, we propose a training strategy PAQAF, Preference Alignment from Question Answering Feedback, for leveraging feedback from the QA model to further optimize the knowledge rewriter. We conduct experiments using various LLMs across several KGQA benchmarks. Experimental results demonstrate that, compared with previous knowledge rewriting methods, CoTKR generates the most beneficial knowledge representation for QA models, which significantly improves the performance of LLMs in KGQA.",
    "paper_type": "method",
    "attri": {
        "background": "This paper addresses the issue of ineffective knowledge rewriting in Knowledge Graph Question Answering (KGQA) when using Large Language Models (LLMs). Previous methods often lead to irrelevant information, omission of crucial details, and misalignment with question semantics, necessitating a new approach.",
        "problem": {
            "definition": "The problem is the inadequacy of existing knowledge rewriting methods to produce relevant and semantically aligned information for complex questions in KGQA.",
            "key obstacle": "The core obstacle is the tendency of existing methods to generate knowledge representations that include irrelevant details or lack essential information, which hinders the performance of QA models."
        },
        "idea": {
            "intuition": "The idea is inspired by the need for a more nuanced approach to knowledge rewriting that incorporates reasoning traces and aligns closely with the semantics of the questions being asked.",
            "opinion": "The proposed idea, CoTKR, involves generating reasoning traces alongside knowledge in an interleaved manner, enhancing the quality of the rewritten knowledge.",
            "innovation": "The primary innovation of CoTKR lies in its dual approach to knowledge rewriting, which contrasts with existing methods that perform single-step rewriting, thus improving the relevance and accuracy of the generated knowledge."
        },
        "method": {
            "method name": "CoTKR",
            "method abbreviation": "CoTKR",
            "method definition": "CoTKR is a method for knowledge rewriting that generates reasoning traces and corresponding knowledge in an interleaved fashion to enhance the comprehension of complex questions by LLMs.",
            "method description": "CoTKR improves knowledge representation for QA models by generating reasoning and knowledge simultaneously.",
            "method steps": "1. Identify the complex question. 2. Generate reasoning traces. 3. Produce corresponding knowledge interleaved with reasoning. 4. Optimize using feedback from the QA model.",
            "principle": "The effectiveness of CoTKR is based on its ability to create a more coherent and semantically aligned representation of knowledge that directly addresses the complex nature of the questions."
        },
        "experiments": {
            "evaluation setting": "Experiments were conducted using various LLMs across multiple KGQA benchmarks to assess the performance of CoTKR compared to previous methods.",
            "evaluation method": "The evaluation involved measuring the performance of the QA models with knowledge representations generated by CoTKR and analyzing the results for improvements over baseline methods."
        },
        "conclusion": "The experimental results demonstrate that CoTKR significantly enhances the performance of LLMs in KGQA by generating the most beneficial knowledge representations compared to previous methods.",
        "discussion": {
            "advantage": "The key advantages of CoTKR include improved relevance and alignment of knowledge with the semantics of complex questions, leading to better performance in QA tasks.",
            "limitation": "One limitation is that the method may still encounter challenges in cases where the underlying knowledge graph contains incomplete or ambiguous information.",
            "future work": "Future work could explore further optimization of the knowledge rewriting process and the integration of additional feedback mechanisms to enhance the model's adaptability in diverse KGQA scenarios."
        },
        "other info": []
    },
    "mount_outline": [
        {
            "section number": "1.1",
            "key information": "This paper addresses the issue of ineffective knowledge rewriting in Knowledge Graph Question Answering (KGQA) when using Large Language Models (LLMs)."
        },
        {
            "section number": "2.2",
            "key information": "The core obstacle is the tendency of existing methods to generate knowledge representations that include irrelevant details or lack essential information, which hinders the performance of QA models."
        },
        {
            "section number": "3.1",
            "key information": "CoTKR is a method for knowledge rewriting that generates reasoning traces and corresponding knowledge in an interleaved fashion to enhance the comprehension of complex questions by LLMs."
        },
        {
            "section number": "5.2",
            "key information": "The experimental results demonstrate that CoTKR significantly enhances the performance of LLMs in KGQA by generating the most beneficial knowledge representations compared to previous methods."
        },
        {
            "section number": "7.1",
            "key information": "One limitation is that the method may still encounter challenges in cases where the underlying knowledge graph contains incomplete or ambiguous information."
        }
    ],
    "similarity_score": null,
    "image": null,
    "path": "/home/liudingyuan/code/SurveyX/code/SurveyX-main/outputs/t10a/papers/Cotkr_ Chain-of-thought enhanced knowledge rewriting for complex knowledge graph question answering.json"
}