{
    "from": null,
    "scholar_id": null,
    "detail_id": null,
    "title": "Crafting the path: Robust query rewriting for information retrieval",
    "abstract": "Query rewriting aims to generate a new query that can complement the original query to improve the information retrieval system. Recent studies on query rewriting, such as query2doc, query2expand and querey2cot, rely on the internal knowledge of Large Language Models (LLMs) to generate a relevant passage to add information to the query. Nevertheless, the efficacy of these methodologies may markedly decline in instances where the requisite knowledge is not encapsulated within the model\u2019s intrinsic parameters. In this paper, we propose a novel structured query rewriting method called Crafting The Path tailored for retrieval systems. Crafting The Path involves a three-step process that crafts query-related information necessary for finding the passages to be searched in each step. Specifically, the Crafting The Path begins with Query Concept Comprehension, proceeds to Query Type Identification, and finally conducts Expected Answer Extraction. Experimental results show that our method outperforms previous rewriting methods, especially in less familiar domains for LLMs. We demonstrate that our method is less dependent on the internal parameter knowledge of the model and generates queries with fewer factual inaccuracies. Furthermore, we observe that Crafting The Path demonstrates superior performance in the retrieval-augmented generation scenarios.",
    "arxivid": "2407.12529v2",
    "bib_name": "Craftingth58",
    "md_text": "# Crafting the path: Robust query rewriting for information retrieval\n\n\nabstract\n\nQuery rewriting aims to generate a new query that can complement the original query to improve the information retrieval system. Recent studies on query rewriting, such as query2doc, query2expand and querey2cot, rely on the internal knowledge of Large Language Models (LLMs) to generate a relevant passage to add information to the query. Nevertheless, the efficacy of these methodologies may markedly decline in instances where the requisite knowledge is not encapsulated within the model\u2019s intrinsic parameters. In this paper, we propose a novel structured query rewriting method called Crafting The Path tailored for retrieval systems. Crafting The Path involves a three-step process that crafts query-related information necessary for finding the passages to be searched in each step. Specifically, the Crafting The Path begins with Query Concept Comprehension, proceeds to Query Type Identification, and finally conducts Expected Answer Extraction. Experimental results show that our method outperforms previous rewriting methods, especially in less familiar domains for LLMs. We demonstrate that our method is less dependent on the internal parameter knowledge of the model and generates queries with fewer factual inaccuracies. Furthermore, we observe that Crafting The Path demonstrates superior performance in the retrieval-augmented generation scenarios.",
    "paper_type": "method",
    "attri": {
        "background": "This paper addresses the issue of improving information retrieval systems through effective query rewriting, highlighting the limitations of existing methods like query2doc, query2expand, and query2cot that rely heavily on the internal knowledge of Large Language Models (LLMs).",
        "problem": {
            "definition": "The problem is the inefficacy of current query rewriting methods in scenarios where necessary knowledge is not embedded in the LLM's parameters, leading to suboptimal retrieval performance.",
            "key obstacle": "The core obstacle is the reliance on the internal knowledge of LLMs, which can lead to a decline in effectiveness when the required information is not contained within the model."
        },
        "idea": {
            "intuition": "The idea was inspired by the need for a more robust query rewriting approach that does not solely depend on the internal knowledge of LLMs, allowing for better performance in unfamiliar domains.",
            "opinion": "The proposed idea, Crafting The Path, involves a structured method that enhances query rewriting by systematically crafting query-related information through three distinct steps.",
            "innovation": "The primary innovation of Crafting The Path lies in its structured three-step process, which includes Query Concept Comprehension, Query Type Identification, and Expected Answer Extraction, distinguishing it from existing methods."
        },
        "method": {
            "method name": "Crafting The Path",
            "method abbreviation": "CTP",
            "method definition": "Crafting The Path is a structured query rewriting method designed to enhance information retrieval by generating queries that are more relevant and less dependent on LLM internal knowledge.",
            "method description": "The core of the method involves a three-step process that systematically crafts query-related information necessary for effective passage retrieval.",
            "method steps": [
                "Query Concept Comprehension",
                "Query Type Identification",
                "Expected Answer Extraction"
            ],
            "principle": "This method is effective because it reduces reliance on the LLM's internal parameters and generates more accurate queries, which improves retrieval performance."
        },
        "experiments": {
            "evaluation setting": "The experimental setup included comparisons with baseline methods in various domains, particularly focusing on less familiar contexts for LLMs.",
            "evaluation method": "The performance of the method was assessed by measuring the accuracy and relevance of the generated queries in improving information retrieval outcomes."
        },
        "conclusion": "The experimental results demonstrate that Crafting The Path outperforms previous query rewriting methods, particularly in less familiar domains, and shows reduced reliance on the internal knowledge of LLMs.",
        "discussion": {
            "advantage": "The key advantages of the proposed approach include its robustness in unfamiliar domains and its ability to generate queries with fewer factual inaccuracies.",
            "limitation": "One limitation of the method may be its complexity in implementation compared to simpler rewriting techniques.",
            "future work": "Future work could explore further enhancements to the method and its application in diverse retrieval scenarios to improve its adaptability and effectiveness."
        },
        "other info": []
    },
    "mount_outline": [
        {
            "section number": "2.2",
            "key information": "The problem is the inefficacy of current query rewriting methods in scenarios where necessary knowledge is not embedded in the LLM's parameters, leading to suboptimal retrieval performance."
        },
        {
            "section number": "2.3",
            "key information": "The primary innovation of Crafting The Path lies in its structured three-step process, which includes Query Concept Comprehension, Query Type Identification, and Expected Answer Extraction, distinguishing it from existing methods."
        },
        {
            "section number": "4.2",
            "key information": "Crafting The Path is a structured query rewriting method designed to enhance information retrieval by generating queries that are more relevant and less dependent on LLM internal knowledge."
        },
        {
            "section number": "5.1",
            "key information": "The proposed idea, Crafting The Path, involves a structured method that enhances query rewriting by systematically crafting query-related information through three distinct steps."
        },
        {
            "section number": "7.1",
            "key information": "The key advantages of the proposed approach include its robustness in unfamiliar domains and its ability to generate queries with fewer factual inaccuracies."
        },
        {
            "section number": "7.2",
            "key information": "One limitation of the method may be its complexity in implementation compared to simpler rewriting techniques."
        }
    ],
    "similarity_score": null,
    "image": null,
    "path": "/home/liudingyuan/code/SurveyX/code/SurveyX-main/outputs/t10a/papers/Crafting the path_ Robust query rewriting for information retrieval.json"
}