{
    "from": null,
    "scholar_id": null,
    "detail_id": null,
    "title": "Dialog inpainting: Turning documents into dialogs",
    "abstract": "Many important questions (e.g.\"How to eat healthier?\") require conversation to establish context and explore in depth. However, conversational question answering (ConvQA) systems have long been stymied by scarce training data that is expensive to collect. To address this problem, we propose a new technique for synthetically generating diverse and high-quality dialog data: dialog inpainting. Our approach takes the text of any document and transforms it into a two-person dialog between the writer and an imagined reader: we treat sentences from the article as utterances spoken by the writer, and then use a dialog inpainter to predict what the imagined reader asked or said in between each of the writer's utterances. By applying this approach to passages from Wikipedia and the web, we produce WikiDialog and WebDialog, two datasets totalling 19 million diverse information-seeking dialogs -- 1,000x larger than the largest existing ConvQA dataset. Furthermore, human raters judge the answer adequacy and conversationality of WikiDialog to be as good or better than existing manually-collected datasets. Using our inpainted data to pre-train ConvQA retrieval systems, we significantly advance state-of-the-art across three benchmarks (QReCC, OR-QuAC, TREC CAsT) yielding up to 40% relative gains on standard evaluation metrics.",
    "arxivid": "2205.09073v2",
    "bib_name": "Dialoginpa51",
    "md_text": "# Dialog inpainting: Turning documents into dialogs\n\n\nabstract\n\nMany important questions (e.g.\"How to eat healthier?\") require conversation to establish context and explore in depth. However, conversational question answering (ConvQA) systems have long been stymied by scarce training data that is expensive to collect. To address this problem, we propose a new technique for synthetically generating diverse and high-quality dialog data: dialog inpainting. Our approach takes the text of any document and transforms it into a two-person dialog between the writer and an imagined reader: we treat sentences from the article as utterances spoken by the writer, and then use a dialog inpainter to predict what the imagined reader asked or said in between each of the writer's utterances. By applying this approach to passages from Wikipedia and the web, we produce WikiDialog and WebDialog, two datasets totalling 19 million diverse information-seeking dialogs -- 1,000x larger than the largest existing ConvQA dataset. Furthermore, human raters judge the answer adequacy and conversationality of WikiDialog to be as good or better than existing manually-collected datasets. Using our inpainted data to pre-train ConvQA retrieval systems, we significantly advance state-of-the-art across three benchmarks (QReCC, OR-QuAC, TREC CAsT) yielding up to 40% relative gains on standard evaluation metrics.",
    "paper_type": "benchmark",
    "attri": {
        "background": "This paper addresses the issue of scarce training data for conversational question answering (ConvQA) systems, which has hindered their development. The necessity for a benchmark arises from the need to generate diverse and high-quality dialog data to improve ConvQA performance, fitting into the broader research landscape of natural language processing and conversational AI.",
        "problem": {
            "definition": "The benchmark is designed to address the challenge of generating sufficient training data for ConvQA systems, specifically focusing on the task of creating dialogues from document text.",
            "key obstacle": "Existing benchmarks suffer from limited data availability and quality, making it difficult for ConvQA systems to learn effectively."
        },
        "idea": {
            "intuition": "The thought process behind the benchmark stems from the observation that documents contain rich information that can be transformed into dialogues, thereby simulating the conversational context needed for effective question answering.",
            "opinion": "The authors believe that this benchmark is crucial for advancing the field of conversational AI, as it allows for better training of models in understanding and generating dialog.",
            "innovation": "The benchmark introduces dialog inpainting, a novel method for generating dialog data from documents, which significantly increases the dataset size and quality compared to previous benchmarks.",
            "benchmark abbreviation": "WikiDialog and WebDialog"
        },
        "dataset": {
            "source": "The dataset was created by applying dialog inpainting techniques to text from Wikipedia and the web, resulting in synthetic dialog data.",
            "desc": "The dataset consists of 19 million diverse information-seeking dialogs, making it 1,000 times larger than the largest existing ConvQA dataset.",
            "content": "The dataset includes dialogues generated from document text, simulating interactions between a writer and an imagined reader.",
            "size": "19,000,000",
            "domain": "Conversational Question Answering",
            "task format": "Dialog Generation"
        },
        "metrics": {
            "metric name": "Answer Adequacy, Conversationality",
            "aspect": "The aspects of model performance being measured include the quality of the generated dialog in terms of how well it answers questions and its naturalness in conversation.",
            "principle": "The choice of metrics is guided by the need to evaluate the effectiveness of the generated dialogs in real-world conversational contexts.",
            "procedure": "Model performance is evaluated through human raters who assess the generated dialogs for adequacy and conversational flow."
        },
        "experiments": {
            "model": "The experiments tested state-of-the-art ConvQA retrieval systems using the newly generated dialog datasets.",
            "procedure": "Models were pre-trained on the inpainted data, with specific parameters and configurations optimized for dialog generation tasks.",
            "result": "The models demonstrated significant advancements in performance, achieving up to 40% relative gains on standard evaluation metrics across three benchmarks.",
            "variability": "Variability in results was accounted for through multiple trials and assessments across different subsets of the dataset."
        },
        "conclusion": "The experiments concluded that the dialog inpainting approach significantly enhances the performance of ConvQA systems, demonstrating the potential of the new benchmark to improve conversational AI.",
        "discussion": {
            "advantage": "The benchmark provides a substantial increase in training data quality and quantity, facilitating better model training and performance in conversational contexts.",
            "limitation": "Potential limitations include the reliance on synthetic data, which may not capture all nuances of real-world conversations.",
            "future work": "Future research could explore further refinements in dialog inpainting techniques and the application of the benchmark to other domains of conversational AI."
        },
        "other info": []
    },
    "mount_outline": [
        {
            "section number": "1.1",
            "key information": "The necessity for a benchmark arises from the need to generate diverse and high-quality dialog data to improve conversational question answering (ConvQA) performance."
        },
        {
            "section number": "2.2",
            "key information": "Existing benchmarks suffer from limited data availability and quality, making it difficult for ConvQA systems to learn effectively."
        },
        {
            "section number": "3.1",
            "key information": "The benchmark is designed to address the challenge of generating sufficient training data for ConvQA systems, specifically focusing on the task of creating dialogues from document text."
        },
        {
            "section number": "4.1",
            "key information": "The benchmark introduces dialog inpainting, a novel method for generating dialog data from documents, which significantly increases the dataset size and quality compared to previous benchmarks."
        },
        {
            "section number": "5.1",
            "key information": "The dataset consists of 19 million diverse information-seeking dialogs, making it 1,000 times larger than the largest existing ConvQA dataset."
        },
        {
            "section number": "7.1",
            "key information": "Future research could explore further refinements in dialog inpainting techniques and the application of the benchmark to other domains of conversational AI."
        }
    ],
    "similarity_score": null,
    "image": null,
    "path": "/home/liudingyuan/code/SurveyX/code/SurveyX-main/outputs/t10a/papers/Dialog inpainting_ Turning documents into dialogs.json"
}