{
    "from": null,
    "scholar_id": null,
    "detail_id": null,
    "title": "Direct preference optimization: Your language model is secretly a reward model",
    "abstract": "While large-scale unsupervised language models (LMs) learn broad world knowledge and some reasoning skills, achieving precise control of their behavior is difficult due to the completely unsupervised nature of their training. Existing methods for gaining such steerability collect human labels of the relative quality of model generations and fine-tune the unsupervised LM to align with these preferences, often with reinforcement learning from human feedback (RLHF). However, RLHF is a complex and often unstable procedure, first fitting a reward model that reflects the human preferences, and then fine-tuning the large unsupervised LM using reinforcement learning to maximize this estimated reward without drifting too far from the original model. In this paper we introduce a new parameterization of the reward model in RLHF that enables extraction of the corresponding optimal policy in closed form, allowing us to solve the standard RLHF problem with only a simple classification loss. The resulting algorithm, which we call Direct Preference Optimization (DPO), is stable, performant, and computationally lightweight, eliminating the need for sampling from the LM during fine-tuning or performing significant hyperparameter tuning. Our experiments show that DPO can fine-tune LMs to align with human preferences as well as or better than existing methods. Notably, fine-tuning with DPO exceeds PPO-based RLHF in ability to control sentiment of generations, and matches or improves response quality in summarization and single-turn dialogue while being substantially simpler to implement and train.",
    "arxivid": "2305.18290v3",
    "bib_name": "Directpref59",
    "md_text": "# Direct preference optimization: Your language model is secretly a reward model\n\n\nabstract\n\nWhile large-scale unsupervised language models (LMs) learn broad world knowledge and some reasoning skills, achieving precise control of their behavior is difficult due to the completely unsupervised nature of their training. Existing methods for gaining such steerability collect human labels of the relative quality of model generations and fine-tune the unsupervised LM to align with these preferences, often with reinforcement learning from human feedback (RLHF). However, RLHF is a complex and often unstable procedure, first fitting a reward model that reflects the human preferences, and then fine-tuning the large unsupervised LM using reinforcement learning to maximize this estimated reward without drifting too far from the original model. In this paper we introduce a new parameterization of the reward model in RLHF that enables extraction of the corresponding optimal policy in closed form, allowing us to solve the standard RLHF problem with only a simple classification loss. The resulting algorithm, which we call Direct Preference Optimization (DPO), is stable, performant, and computationally lightweight, eliminating the need for sampling from the LM during fine-tuning or performing significant hyperparameter tuning. Our experiments show that DPO can fine-tune LMs to align with human preferences as well as or better than existing methods. Notably, fine-tuning with DPO exceeds PPO-based RLHF in ability to control sentiment of generations, and matches or improves response quality in summarization and single-turn dialogue while being substantially simpler to implement and train.",
    "paper_type": "method",
    "attri": {
        "background": "This paper addresses the issue of achieving precise control over the behavior of large-scale unsupervised language models (LMs), which is challenging due to their unsupervised training. Existing methods, particularly reinforcement learning from human feedback (RLHF), are complex and unstable, necessitating a new approach to improve steerability.",
        "problem": {
            "definition": "The problem focuses on the difficulty of aligning large unsupervised LMs with human preferences for model generations, which is critical for effective applications.",
            "key obstacle": "The core obstacle lies in the complexity and instability of RLHF processes, which involve fitting a reward model and fine-tuning the LM while maintaining its original capabilities."
        },
        "idea": {
            "intuition": "The idea is inspired by the need for a more stable and straightforward method to optimize the reward model in RLHF, allowing for better alignment of LMs with human preferences.",
            "opinion": "The proposed idea, Direct Preference Optimization (DPO), simplifies the RLHF process by providing a new parameterization of the reward model that allows for closed-form extraction of the optimal policy.",
            "innovation": "DPO innovates by eliminating the need for sampling during fine-tuning and reducing the complexity associated with hyperparameter tuning, thus enhancing the efficiency and performance of the alignment process."
        },
        "method": {
            "method name": "Direct Preference Optimization",
            "method abbreviation": "DPO",
            "method definition": "DPO is a method that enables the extraction of the optimal policy in RLHF through a new parameterization of the reward model, utilizing a simple classification loss.",
            "method description": "DPO simplifies the RLHF process by allowing for closed-form solutions that enhance the alignment of LMs with human preferences.",
            "method steps": "1. Parameterize the reward model. 2. Use a classification loss to extract the optimal policy. 3. Fine-tune the LM based on this optimal policy without extensive sampling or hyperparameter tuning.",
            "principle": "The effectiveness of DPO lies in its ability to directly optimize the alignment of LMs with human preferences while maintaining stability and reducing computational demands."
        },
        "experiments": {
            "evaluation setting": "The experiments involved fine-tuning LMs using DPO and comparing their performance against existing RLHF methods, particularly focusing on sentiment control, summarization, and single-turn dialogue.",
            "evaluation method": "Performance was assessed by measuring the alignment of model outputs with human preferences and comparing response quality across different tasks."
        },
        "conclusion": "The experiments demonstrate that DPO can fine-tune LMs to align with human preferences as effectively as or better than existing methods, showing particular strength in sentiment control and response quality while being simpler to implement.",
        "discussion": {
            "advantage": "DPO's key advantages include its stability, computational efficiency, and ability to perform well without extensive hyperparameter tuning, making it a more accessible approach for fine-tuning LMs.",
            "limitation": "A potential limitation of DPO may include its reliance on the quality of the initial unsupervised LM, as the effectiveness of the fine-tuning is contingent upon the model's foundational capabilities.",
            "future work": "Future research could explore further optimizations of DPO, investigate its applicability across different types of LMs, and assess its performance in more complex multi-turn dialogue scenarios."
        },
        "other info": []
    },
    "mount_outline": [
        {
            "section number": "1.1",
            "key information": "This paper addresses the issue of achieving precise control over the behavior of large-scale unsupervised language models (LMs), which is challenging due to their unsupervised training."
        },
        {
            "section number": "1.2",
            "key information": "The proposed idea, Direct Preference Optimization (DPO), simplifies the RLHF process by providing a new parameterization of the reward model that allows for closed-form extraction of the optimal policy."
        },
        {
            "section number": "2.2",
            "key information": "The core obstacle lies in the complexity and instability of RLHF processes, which involve fitting a reward model and fine-tuning the LM while maintaining its original capabilities."
        },
        {
            "section number": "3.1",
            "key information": "DPO is a method that enables the extraction of the optimal policy in RLHF through a new parameterization of the reward model, utilizing a simple classification loss."
        },
        {
            "section number": "4.1",
            "key information": "DPO innovates by eliminating the need for sampling during fine-tuning and reducing the complexity associated with hyperparameter tuning, thus enhancing the efficiency and performance of the alignment process."
        },
        {
            "section number": "7.2",
            "key information": "DPO's key advantages include its stability, computational efficiency, and ability to perform well without extensive hyperparameter tuning, making it a more accessible approach for fine-tuning LMs."
        },
        {
            "section number": "7.3",
            "key information": "A potential limitation of DPO may include its reliance on the quality of the initial unsupervised LM, as the effectiveness of the fine-tuning is contingent upon the model's foundational capabilities."
        }
    ],
    "similarity_score": null,
    "image": null,
    "path": "/home/liudingyuan/code/SurveyX/code/SurveyX-main/outputs/t10a/papers/Direct preference optimization_ Your language model is secretly a reward model.json"
}