{
    "from": null,
    "scholar_id": null,
    "detail_id": null,
    "title": "Document ranking with a pretrained sequence-to-sequence model",
    "abstract": "This work proposes the use of a pretrained sequence-to-sequence model for document ranking. Our approach is fundamentally different from a commonly adopted classification-based formulation based on encoder-only pretrained transformer architectures such as BERT. We show how a sequence-to-sequence model can be trained to generate relevance labels as \u201ctarget tokens\u201d, and how the underlying logits of these target tokens can be interpreted as relevance probabilities for ranking. Experimental results on the MS MARCO passage ranking task show that our ranking approach is superior to strong encoder-only models. On three other document retrieval test collections, we demonstrate a zero-shot transfer-based approach that outperforms previous state-of-the-art models requiring in-domain cross-validation. Furthermore, we find that our approach significantly outperforms an encoder-only architecture in a data-poor setting. We investigate this observation in more detail by varying target tokens to probe the model\u2019s use of latent knowledge. Surprisingly, we find that the choice of target tokens impacts effectiveness, even for words that are closely related semantically. This finding sheds some light on why our sequence-to-sequence formulation for document ranking is effective. Code and models are available at pygaggle.ai.",
    "arxivid": "2003.06713v1",
    "bib_name": "Documentra6",
    "md_text": "# Document ranking with a pretrained sequence-to-sequence model\n\n\nabstract\n\nThis work proposes the use of a pretrained sequence-to-sequence model for document ranking. Our approach is fundamentally different from a commonly adopted classification-based formulation based on encoder-only pretrained transformer architectures such as BERT. We show how a sequence-to-sequence model can be trained to generate relevance labels as \u201ctarget tokens\u201d, and how the underlying logits of these target tokens can be interpreted as relevance probabilities for ranking. Experimental results on the MS MARCO passage ranking task show that our ranking approach is superior to strong encoder-only models. On three other document retrieval test collections, we demonstrate a zero-shot transfer-based approach that outperforms previous state-of-the-art models requiring in-domain cross-validation. Furthermore, we find that our approach significantly outperforms an encoder-only architecture in a data-poor setting. We investigate this observation in more detail by varying target tokens to probe the model\u2019s use of latent knowledge. Surprisingly, we find that the choice of target tokens impacts effectiveness, even for words that are closely related semantically. This finding sheds some light on why our sequence-to-sequence formulation for document ranking is effective. Code and models are available at pygaggle.ai.",
    "paper_type": "method",
    "attri": {
        "background": "This paper addresses the issue of document ranking using a pretrained sequence-to-sequence model, highlighting the limitations of traditional classification-based methods that utilize encoder-only architectures like BERT.",
        "problem": {
            "definition": "The problem is the inefficiency of existing document ranking methods that rely on encoder-only models, which do not effectively translate relevance into ranking probabilities.",
            "key obstacle": "The core obstacle is that these existing methods fail to leverage the generative capabilities of sequence-to-sequence models, which can produce more nuanced relevance labels."
        },
        "idea": {
            "intuition": "The intuition behind the proposed idea is that sequence-to-sequence models can generate relevance labels as target tokens, offering a new perspective on ranking documents.",
            "opinion": "The proposed idea involves training a sequence-to-sequence model to generate relevance labels, interpreting the logits of these tokens as probabilities for effective document ranking.",
            "innovation": "The primary innovation is the application of a sequence-to-sequence model for document ranking, contrasting with the prevalent encoder-only models and demonstrating superior performance in various contexts."
        },
        "method": {
            "method name": "Pretrained Sequence-to-Sequence Model for Document Ranking",
            "method abbreviation": "Seq2Seq-Rank",
            "method definition": "This method employs a pretrained sequence-to-sequence model that generates relevance labels, using the logits of these labels to derive ranking probabilities.",
            "method description": "The method involves training a sequence-to-sequence model to produce relevance labels, which are then used to rank documents based on their predicted relevance.",
            "method steps": "1. Train a pretrained sequence-to-sequence model on a document ranking dataset. 2. Generate relevance labels as target tokens. 3. Interpret logits of these tokens as relevance probabilities for ranking.",
            "principle": "The effectiveness of this method lies in its ability to utilize generative modeling to capture complex relationships between documents and their relevance, enhancing the ranking process."
        },
        "experiments": {
            "evaluation setting": "The experimental setup includes the MS MARCO passage ranking task and three additional document retrieval test collections, comparing performance against strong encoder-only models.",
            "evaluation method": "Performance was assessed by measuring the relevance probabilities generated by the sequence-to-sequence model and comparing them to baseline methods."
        },
        "conclusion": "The experimental results indicate that the proposed sequence-to-sequence approach significantly outperforms encoder-only models, especially in data-poor settings, and provides insights into the importance of target token selection for ranking effectiveness.",
        "discussion": {
            "advantage": "The key advantages of this approach include its superior performance on various datasets and its ability to transfer knowledge effectively without requiring in-domain cross-validation.",
            "limitation": "A limitation of the method is its dependency on the choice of target tokens, which can impact effectiveness, indicating a potential area for further exploration.",
            "future work": "Future work could focus on optimizing target token selection and exploring additional applications of sequence-to-sequence models in document retrieval."
        },
        "other info": []
    },
    "mount_outline": [
        {
            "section number": "2.2",
            "key information": "The inefficiency of existing document ranking methods that rely on encoder-only models, which do not effectively translate relevance into ranking probabilities."
        },
        {
            "section number": "3.1",
            "key information": "The proposed idea involves training a sequence-to-sequence model to generate relevance labels, interpreting the logits of these tokens as probabilities for effective document ranking."
        },
        {
            "section number": "4.1",
            "key information": "The primary innovation is the application of a sequence-to-sequence model for document ranking, contrasting with the prevalent encoder-only models and demonstrating superior performance in various contexts."
        },
        {
            "section number": "5.1",
            "key information": "The method involves training a sequence-to-sequence model to produce relevance labels, which are then used to rank documents based on their predicted relevance."
        },
        {
            "section number": "7.1",
            "key information": "A limitation of the method is its dependency on the choice of target tokens, which can impact effectiveness, indicating a potential area for further exploration."
        }
    ],
    "similarity_score": null,
    "image": null,
    "path": "/home/liudingyuan/code/SurveyX/code/SurveyX-main/outputs/t10a/papers/Document ranking with a pretrained sequence-to-sequence model.json"
}