{
    "from": null,
    "scholar_id": null,
    "detail_id": null,
    "title": "Don't forget private retrieval: distributed private similarity search for large language models",
    "abstract": "While the flexible capabilities of large language models (LLMs) allow them to answer a range of queries based on existing learned knowledge, information retrieval to augment generation is an important tool to allow LLMs to answer questions on information not included in pre-training data. Such private information is increasingly being generated in a wide array of distributed contexts by organizations and individuals. Performing such information retrieval using neural embeddings of queries and documents always leaked information about queries and database content unless both were stored locally. We present Private Retrieval Augmented Generation (PRAG), an approach that uses multi-party computation (MPC) to securely transmit queries to a distributed set of servers containing a privately constructed database to return top-k and approximate top-k documents. This is a first-of-its-kind approach to dense information retrieval that ensures no server observes a client\u2019s query or can see the database content. The approach introduces a novel MPC friendly protocol for inverted file approximate search (IVF) that allows for fast document search over distributed and private data in sublinear communication complexity. This work presents new avenues through which data for use in LLMs can be accessed and used without needing to centralize or forgo privacy.",
    "arxivid": "2311.12955v1",
    "bib_name": "Don'tforge154",
    "md_text": "# Don't forget private retrieval: distributed private similarity search for large language models\n\n\nabstract\n\nWhile the flexible capabilities of large language models (LLMs) allow them to answer a range of queries based on existing learned knowledge, information retrieval to augment generation is an important tool to allow LLMs to answer questions on information not included in pre-training data. Such private information is increasingly being generated in a wide array of distributed contexts by organizations and individuals. Performing such information retrieval using neural embeddings of queries and documents always leaked information about queries and database content unless both were stored locally. We present Private Retrieval Augmented Generation (PRAG), an approach that uses multi-party computation (MPC) to securely transmit queries to a distributed set of servers containing a privately constructed database to return top-k and approximate top-k documents. This is a first-of-its-kind approach to dense information retrieval that ensures no server observes a client\u2019s query or can see the database content. The approach introduces a novel MPC friendly protocol for inverted file approximate search (IVF) that allows for fast document search over distributed and private data in sublinear communication complexity. This work presents new avenues through which data for use in LLMs can be accessed and used without needing to centralize or forgo privacy.",
    "paper_type": "method",
    "attri": {
        "background": "This paper addresses the issue of securely retrieving private information using large language models (LLMs) without leaking sensitive data. Previous methods of information retrieval using neural embeddings often exposed queries and database content, necessitating a breakthrough in privacy-preserving techniques.",
        "problem": {
            "definition": "The problem is the challenge of performing information retrieval from distributed databases while ensuring that sensitive queries and data remain private.",
            "key obstacle": "The core obstacle is that existing methods leak information about the client's queries and the content of the databases, compromising user privacy."
        },
        "idea": {
            "intuition": "The idea was inspired by the need for secure information retrieval methods that do not compromise privacy while allowing access to distributed databases.",
            "opinion": "The proposed idea, Private Retrieval Augmented Generation (PRAG), utilizes multi-party computation (MPC) to enable secure query transmission and document retrieval from a distributed database without exposing sensitive information.",
            "innovation": "The innovation lies in the introduction of a novel MPC-friendly protocol for inverted file approximate search (IVF), which allows for efficient document searching while maintaining privacy."
        },
        "method": {
            "method name": "Private Retrieval Augmented Generation",
            "method abbreviation": "PRAG",
            "method definition": "PRAG is a method that employs multi-party computation to securely transmit queries to distributed servers with a private database, enabling the retrieval of top-k documents without revealing sensitive information.",
            "method description": "The method facilitates secure information retrieval from distributed databases while preserving the privacy of both queries and data.",
            "method steps": "1. Construct a private database on distributed servers. 2. Use multi-party computation to securely transmit queries. 3. Retrieve top-k documents from the database without exposing the queries or database content.",
            "principle": "The effectiveness of PRAG is based on the use of multi-party computation, which allows for secure processing of queries and data without any server gaining access to sensitive information."
        },
        "experiments": {
            "evaluation setting": "The experimental setup involved a distributed database with private data, and comparisons were made against baseline methods that do not utilize privacy-preserving techniques.",
            "evaluation method": "The performance of PRAG was assessed by measuring the efficiency of document retrieval and the privacy guarantees provided during the query processing."
        },
        "conclusion": "The outcomes demonstrate that PRAG successfully enables secure information retrieval from distributed databases without compromising privacy, paving the way for new applications of LLMs in sensitive contexts.",
        "discussion": {
            "advantage": "The key advantages of PRAG include enhanced privacy for users and the ability to access distributed databases without centralizing data.",
            "limitation": "One limitation of the method may be the computational overhead associated with multi-party computation, which could impact performance in certain scenarios.",
            "future work": "Future research could explore optimizing the efficiency of the MPC protocol and expanding the applicability of PRAG to other domains requiring privacy-preserving information retrieval."
        },
        "other info": []
    },
    "mount_outline": [
        {
            "section number": "1.1",
            "key information": "This paper addresses the issue of securely retrieving private information using large language models (LLMs) without leaking sensitive data."
        },
        {
            "section number": "1.2",
            "key information": "The proposed idea, Private Retrieval Augmented Generation (PRAG), utilizes multi-party computation (MPC) to enable secure query transmission and document retrieval from a distributed database without exposing sensitive information."
        },
        {
            "section number": "2.2",
            "key information": "The core obstacle is that existing methods leak information about the client's queries and the content of the databases, compromising user privacy."
        },
        {
            "section number": "5.2",
            "key information": "The outcomes demonstrate that PRAG successfully enables secure information retrieval from distributed databases without compromising privacy, paving the way for new applications of LLMs in sensitive contexts."
        },
        {
            "section number": "7.2",
            "key information": "The key advantages of PRAG include enhanced privacy for users and the ability to access distributed databases without centralizing data."
        },
        {
            "section number": "7.3",
            "key information": "Future research could explore optimizing the efficiency of the MPC protocol and expanding the applicability of PRAG to other domains requiring privacy-preserving information retrieval."
        }
    ],
    "similarity_score": null,
    "image": null,
    "path": "/home/liudingyuan/code/SurveyX/code/SurveyX-main/outputs/t10a/papers/Don't forget private retrieval_ distributed private similarity search for large language models.json"
}