{
    "Primary Attribute Name": "Novel Pruning Techniques",
    "Secondary Attribute Name": "Efficiency Optimization",
    "Description": "Fast Post-Training Techniques involve methods for improving model efficiency and performance after training, focusing on reducing computational overhead through strategies like mask search, rearrangement, and tuning.",
    "title": "A fast post-training pruning framework for transformers",
    "method name": "Fast Post-Training Pruning Framework",
    "abbr": "FPTPF",
    "bib_name": "Afastpost-113",
    "cite_name": "FPTPF\\cite{Afastpost-113}",
    "order": 3
}