{
    "Primary Attribute Name": "Static vs. Dynamic Pruning",
    "Secondary Attribute Name": "Dynamic Optimization Strategies",
    "Description": "Dynamic Adaptability refers to the capability of a method to adjust its pruning strategy iteratively during the training process, using real-time feedback to optimize performance.",
    "title": "A gradient flow framework for analyzing network pruning",
    "method name": "Gradient Flow Framework",
    "abbr": "GFF",
    "bib_name": "Agradientf119",
    "cite_name": "GFF\\cite{Agradientf119}",
    "order": 2
}