{
    "Primary Attribute Name": "Pruning in Specific Applications",
    "Secondary Attribute Name": "Dimensionality Optimization",
    "Description": "Subspace Clustering involves grouping data points into clusters based on their distribution in lower-dimensional subspaces, optimizing feature selection and redundancy reduction.",
    "title": "Exploring linear relationship in feature map subspace for ConvNets compression",
    "method name": "Subspace Clustering Filter Pruning",
    "abbr": "SCFP",
    "bib_name": "Exploringl178",
    "cite_name": "SCFP\\cite{Exploringl178}",
    "order": 5
}