{
    "Primary Attribute Name": "Structured vs. Unstructured Pruning",
    "Secondary Attribute Name": "Structured Pruning Techniques",
    "Description": "Manifold Alignment involves aligning the geometric relationships between data instances and model components, enhancing the coherence of pruning strategies by considering the interconnectedness of data in structured pruning.",
    "title": "Manifold regularized dynamic network pruning",
    "method name": "Manifold Regularized Dynamic Network Pruning",
    "abbr": "ManiDP",
    "bib_name": "Manifoldre52",
    "cite_name": "ManiDP\\cite{Manifoldre52}",
    "order": 1
}