{
    "Primary Attribute Name": "Pruning in Specific Applications",
    "Secondary Attribute Name": "Efficiency Enhancement",
    "Description": "Adaptive Pruning Strategy involves dynamically adjusting the pruning process based on domain-specific requirements, optimizing model efficiency while maintaining performance.",
    "title": "Model pruning enables efficient federated learning on edge devices",
    "method name": "PruneFL",
    "abbr": "PFL",
    "bib_name": "Modelpruni174",
    "cite_name": "PFL\\cite{Modelpruni174}",
    "order": 5
}