{
    "Primary Attribute Name": "Static vs. Dynamic Pruning",
    "Secondary Attribute Name": "Dynamic Optimization Strategies",
    "Description": "Dynamic Adaptability refers to the capability of a method to adjust its pruning strategy iteratively during the training process, using real-time feedback to optimize performance.",
    "title": "Pruning filter in filter",
    "method name": "Stripe-Wise Pruning",
    "abbr": "SWP",
    "bib_name": "Pruningfil41",
    "cite_name": "SWP\\cite{Pruningfil41}",
    "order": 2
}