{
    "Primary Attribute Name": "Static vs. Dynamic Pruning",
    "Secondary Attribute Name": "Dynamic Optimization Strategies",
    "Description": "Dynamic Adaptability refers to the capability of a method to adjust its pruning strategy iteratively during the training process, using real-time feedback to optimize performance.",
    "title": "Pruning neural networks without any data by iteratively conserving synaptic flow",
    "method name": "Iterative Synaptic Flow Pruning",
    "abbr": "SynFlow",
    "bib_name": "Pruningneu40",
    "cite_name": "SynFlow\\cite{Pruningneu40}",
    "order": 2
}