{
    "Primary Attribute Name": "Hybrid and Specialized Pruning Methods",
    "Secondary Attribute Name": "Connection Restoration",
    "Description": "Neuroregeneration Process involves restoring previously pruned neural connections, maintaining robustness and adaptability during training, and ensuring models respond effectively to varying conditions.",
    "title": "Sparse training via boosting pruning plasticity with neuroregeneration",
    "method name": "Gradual pruning with zero-cost neuroregeneration",
    "abbr": "GraNet",
    "bib_name": "Sparsetrai73",
    "cite_name": "GraNet\\cite{Sparsetrai73}",
    "order": 4
}