{
    "Primary Attribute Name": "Novel Pruning Techniques",
    "Secondary Attribute Name": "Restoration and Resilience",
    "Description": "Robust Accuracy Balancing involves maintaining both benign and robust accuracy during the pruning process, ensuring model resilience and performance.",
    "title": "Towards compact and robust deep neural networks",
    "method name": "Robust Pruning Method",
    "abbr": "RPM",
    "bib_name": "Towardscom120",
    "cite_name": "RPM\\cite{Towardscom120}",
    "order": 3
}