{
    "generate outline": {
        "start": "2025-12-28 14:44:21",
        "end": "2025-12-28 14:49:12",
        "duration": 291.75
    },
    "generate content": {
        "start": "2025-12-28 14:49:12",
        "end": "2025-12-28 15:06:58",
        "duration": 1066.54
    },
    "generate tabel": {
        "start": "2025-12-28 15:11:22",
        "end": "2025-12-28 15:12:56",
        "duration": 94.02
    },
    "post refine": {
        "start": "2025-12-28 15:07:06",
        "end": "2025-12-28 15:12:56",
        "duration": 350.02
    },
    "compile latex": {
        "start": "2025-12-28 15:12:56",
        "end": "2025-12-28 15:13:01",
        "duration": 5.93
    }
}