{
    "title": "A Survey on Deep Neural Network Pruning: Taxonomy Comparison Analysis and Recommendations",
    "sections": [
        {
            "section title": "Introduction",
            "description": "Introduce the topic of deep neural network pruning, its importance in model compression and optimization, and the scope of the survey.",
            "subsections": [
                {
                    "subsection title": "Significance of Deep Neural Network Pruning",
                    "description": "Discuss the importance of pruning in the context of deep neural networks and how it contributes to model efficiency and performance."
                },
                {
                    "subsection title": "Scope of the Survey",
                    "description": "Define the boundaries of the survey and what aspects of neural network pruning will be covered."
                },
                {
                    "subsection title": "Structure of the Survey",
                    "description": "Outline the organization of the paper to guide the reader through the various sections and topics discussed."
                }
            ]
        },
        {
            "section title": "Background and Core Concepts",
            "description": "Provide an overview of deep neural networks, model compression, and optimization.",
            "subsections": [
                {
                    "subsection title": "Overview of Deep Neural Networks",
                    "description": "Describe the fundamentals of deep neural networks and their role in modern AI."
                },
                {
                    "subsection title": "Model Compression Techniques",
                    "description": "Explain different techniques for compressing neural network models to improve efficiency."
                },
                {
                    "subsection title": "Pruning Techniques and Their Importance",
                    "description": "Define key pruning concepts and their role in enhancing neural network efficiency and performance."
                }
            ]
        },
        {
            "section title": "Taxonomy of Pruning Techniques",
            "description": "Categorize and describe various pruning methods used in deep neural networks.",
            "subsections": [
                {
                    "subsection title": "Structured vs. Unstructured Pruning",
                    "description": "Discuss structured and unstructured pruning approaches and highlight their unique characteristics and applications."
                },
                {
                    "subsection title": "Novel Pruning Approaches",
                    "description": "Explore emerging and innovative pruning techniques."
                },
                {
                    "subsection title": "Dynamic and Adaptive Pruning Techniques",
                    "description": "Examine pruning methods that adapt dynamically to network changes."
                },
                {
                    "subsection title": "Hybrid and Multi-Objective Pruning Methods",
                    "description": "Discuss approaches that combine multiple pruning objectives and techniques."
                }
            ]
        },
        {
            "section title": "Comparison of Pruning Methods",
            "description": "Evaluate and compare the effectiveness of different pruning techniques.",
            "subsections": [
                {
                    "subsection title": "Criteria for Evaluation",
                    "description": "Define criteria used to compare pruning methods, such as computational efficiency and accuracy retention."
                },
                {
                    "subsection title": "Performance Metrics",
                    "description": "Discuss key metrics used to assess pruning effectiveness."
                },
                {
                    "subsection title": "Comparative Analysis of Pruning Techniques",
                    "description": "Perform a detailed comparison of various pruning methods based on defined criteria."
                }
            ]
        },
        {
            "section title": "Analysis of Pruning Impact",
            "description": "Analyze the impact of pruning on model performance.",
            "subsections": [
                {
                    "subsection title": "Trade-offs Between Model Size and Accuracy",
                    "description": "Discuss the balance between reducing model size and maintaining accuracy."
                },
                {
                    "subsection title": "Impact on Computational Efficiency and Resource Utilization",
                    "description": "Examine how pruning affects computational resources and network efficiency."
                },
                {
                    "subsection title": "Pruning Techniques and Their Impact on Performance",
                    "description": "Analyze how different pruning methods influence overall model performance."
                },
                {
                    "subsection title": "Case Studies and Examples",
                    "description": "Provide real-world examples and case studies to illustrate pruning impacts."
                }
            ]
        },
        {
            "section title": "Recommendations for Neural Network Optimization",
            "description": "Provide insights and recommendations for optimizing neural networks through pruning.",
            "subsections": [
                {
                    "subsection title": "Best Practices in Neural Network Pruning",
                    "description": "Recommend strategies to implement effective pruning in neural networks."
                },
                {
                    "subsection title": "Challenges in Neural Network Pruning",
                    "description": "Discuss obstacles and common issues faced during neural network pruning."
                },
                {
                    "subsection title": "Challenges and Future Directions",
                    "description": "Identify ongoing challenges and propose directions for future research."
                },
                {
                    "subsection title": "Emerging Trends and Hybrid Approaches",
                    "description": "Explore new trends in pruning and the potential of hybrid models."
                },
                {
                    "subsection title": "Role of Knowledge Distillation",
                    "description": "Evaluate how knowledge distillation complements pruning techniques."
                },
                {
                    "subsection title": "Explainability and Fairness in Pruning",
                    "description": "Discuss the importance of transparency and fairness in applied pruning techniques."
                }
            ]
        },
        {
            "section title": "Conclusion",
            "description": "Summarize the key findings of the survey and suggest areas for future research.",
            "subsections": []
        }
    ]
}