{
    "title": "A survey on deep neural network pruning: Taxonomy, comparison, analysis, and recommendations",
    "key_words": "A survey on deep neural network pruning: Taxonomy, comparison, analysis, and recommendations,model compression, neural network optimization, pruning techniques",
    "topic": "\"A survey on deep neural network pruning: Taxonomy, comparison, analysis, and recommendations, model compression, neural network optimization, pruning techniques\" is a comprehensive scholarly article that systematically categorizes, evaluates, and analyzes various methods of deep neural network pruning, offering insights and recommendations for optimizing neural network models through compression and pruning techniques to enhance efficiency and performance.",
    "mid": 0,
    "task_id": "t14"
}