{
    "title": "A Survey of Large Language Models and Their Role in Natural Language Processing",
    "sections": [
        {
            "section title": "Introduction",
            "description": "Introduce the topic of large language models and their significance in natural language processing. Explain the purpose of the survey, highlighting the focus on transformer models and neural networks. Include a subsection 'Structure of the Survey' to outline the organization of the paper.",
            "subsections": [
                {
                    "subsection title": "Significance of Large Language Models in NLP",
                    "description": "Discuss the impact and importance of large language models in the field of natural language processing."
                },
                {
                    "subsection title": "Purpose of the Survey",
                    "description": "Explain the objectives and goals of the survey paper, focusing on what it aims to achieve."
                },
                {
                    "subsection title": "Focus on Transformer Models and Neural Networks",
                    "description": "Highlight the emphasis on transformer models and neural networks within the survey."
                },
                {
                    "subsection title": "Structure of the Survey",
                    "description": "Outline the organization and structure of the survey paper."
                }
            ]
        },
        {
            "section title": "Background and Definitions",
            "description": "Provide an overview of the core concepts involved in the survey, including definitions of large language models, natural language processing, transformer models, and neural networks. Discuss the historical development and advancements in these areas.",
            "subsections": [
                {
                    "subsection title": "Definitions and Core Concepts",
                    "description": "Define large language models, natural language processing, transformer models, and neural networks."
                },
                {
                    "subsection title": "Historical Development",
                    "description": "Discuss the historical evolution and key milestones in the development of large language models and related technologies."
                },
                {
                    "subsection title": "Limitations of Traditional Models",
                    "description": "Explore the limitations of traditional models that large language models aim to overcome."
                }
            ]
        },
        {
            "section title": "Advancements in Large Language Models",
            "description": "Explore the recent advancements in large language models, focusing on improvements in architecture, training methodologies, and scalability. Discuss key innovations that have contributed to their enhanced performance and capabilities.",
            "subsections": [
                {
                    "subsection title": "Advancements in Data and Training",
                    "description": "Discuss improvements in data utilization and training methodologies for large language models."
                },
                {
                    "subsection title": "Architectural Innovations",
                    "description": "Explore innovative architectural designs that have enhanced the capabilities of large language models."
                },
                {
                    "subsection title": "Training Methodologies",
                    "description": "Examine the latest training methodologies that have improved the efficiency and performance of large language models."
                },
                {
                    "subsection title": "Scalability and Efficiency",
                    "description": "Discuss the scalability and efficiency improvements in large language models."
                },
                {
                    "subsection title": "Data Utilization and Benchmarking",
                    "description": "Explore the role of data utilization and benchmarking in advancing large language models."
                },
                {
                    "subsection title": "Emergent Abilities and Applications",
                    "description": "Highlight the emergent abilities and applications enabled by recent advancements in large language models."
                }
            ]
        },
        {
            "section title": "Transformer Models: Architecture and Capabilities",
            "description": "Examine the architecture of transformer models, detailing their components and mechanisms. Discuss their capabilities in understanding, generating, and manipulating human language at scale, highlighting their role in the success of large language models.",
            "subsections": [
                {
                    "subsection title": "Core Components and Mechanisms",
                    "description": "Detail the core components and mechanisms of transformer models."
                },
                {
                    "subsection title": "Innovative Architectures and Extensions",
                    "description": "Discuss innovative architectures and extensions of transformer models."
                },
                {
                    "subsection title": "Cross-Modal and Multimodal Capabilities",
                    "description": "Explore the cross-modal and multimodal capabilities of transformer models."
                },
                {
                    "subsection title": "Training and Optimization Techniques",
                    "description": "Examine the training and optimization techniques used in transformer models."
                },
                {
                    "subsection title": "Challenges and Future Directions in Architecture",
                    "description": "Identify challenges and potential future directions in the architecture of transformer models."
                }
            ]
        },
        {
            "section title": "Neural Networks in Natural Language Processing",
            "description": "Analyze the application of neural networks in natural language processing, emphasizing their integration with transformer models. Discuss how neural networks contribute to the processing and generation of human language, and their impact on the performance of language models.",
            "subsections": [
                {
                    "subsection title": "Integration with Transformer Models",
                    "description": "Discuss the integration of neural networks with transformer models and its impact on language processing."
                },
                {
                    "subsection title": "Evaluation Metrics and Model Performance",
                    "description": "Explore the evaluation metrics and performance of neural networks in NLP."
                }
            ]
        },
        {
            "section title": "Applications of Large Language Models",
            "description": "Explore the diverse applications of large language models in natural language processing. Discuss their use in tasks such as translation, sentiment analysis, and conversational agents, highlighting real-world examples and case studies.",
            "subsections": [
                {
                    "subsection title": "Multilingual and Domain-Specific Applications",
                    "description": "Discuss the applications of large language models in multilingual and domain-specific contexts."
                },
                {
                    "subsection title": "Applications in Conversational Agents and Sentiment Analysis",
                    "description": "Explore the use of large language models in conversational agents and sentiment analysis."
                },
                {
                    "subsection title": "Privacy and Security Applications",
                    "description": "Discuss the role of large language models in privacy and security applications."
                },
                {
                    "subsection title": "Translation and Multilingual Processing",
                    "description": "Examine the applications of large language models in translation and multilingual processing."
                },
                {
                    "subsection title": "Reasoning and Information Retrieval",
                    "description": "Explore the use of large language models in reasoning and information retrieval tasks."
                },
                {
                    "subsection title": "Creative Content Generation",
                    "description": "Discuss the applications of large language models in creative content generation."
                },
                {
                    "subsection title": "Mobile and Accessibility Applications",
                    "description": "Examine the applications of large language models in mobile and accessibility contexts."
                }
            ]
        },
        {
            "section title": "Challenges and Future Directions",
            "description": "Identify the current challenges faced by large language models, including issues related to bias, ethics, and computational resources. Discuss potential future directions for research and development in this field.",
            "subsections": [
                {
                    "subsection title": "Bias and Ethical Concerns",
                    "description": "Discuss the bias and ethical concerns associated with large language models."
                },
                {
                    "subsection title": "Computational Resources and Efficiency",
                    "description": "Explore the challenges related to computational resources and efficiency in large language models."
                },
                {
                    "subsection title": "Data Quality and Diversity",
                    "description": "Examine the issues of data quality and diversity in the development of large language models."
                },
                {
                    "subsection title": "Generalization and Robustness",
                    "description": "Discuss the challenges of generalization and robustness in large language models."
                }
            ]
        },
        {
            "section title": "Conclusion",
            "description": "Summarize the key findings of the survey, reiterating the importance of large language models in advancing natural language processing. Highlight the contributions of transformer models and neural networks, and suggest areas for further exploration.",
            "subsections": []
        }
    ]
}