{
    "title": "Large Language Models for Information Retrieval: A Survey",
    "sections": [
        {
            "section title": "Introduction",
            "description": "Introduce the topic of large language models in information retrieval, highlighting their significance in enhancing semantic search capabilities. Explain the purpose of the survey and its relevance to current research trends.",
            "subsections": [
                {
                    "subsection title": "Significance of Large Language Models in Information Retrieval",
                    "description": "Discuss the importance of large language models in improving the effectiveness of information retrieval systems."
                },
                {
                    "subsection title": "Purpose of the Survey",
                    "description": "Explain the objectives of the survey and how it contributes to the field of information retrieval."
                },
                {
                    "subsection title": "Relevance to Current Research Trends",
                    "description": "Highlight how the survey aligns with and contributes to existing research trends in information retrieval."
                },
                {
                    "subsection title": "Structure of the Survey",
                    "description": "Outline the organization of the paper and the topics covered in each section."
                }
            ]
        },
        {
            "section title": "Background",
            "description": "Provide an overview of information retrieval systems and their evolution. Discuss traditional approaches and the limitations they face in semantic search tasks.",
            "subsections": [
                {
                    "subsection title": "Evolution of Information Retrieval Systems",
                    "description": "Trace the development of information retrieval systems over time."
                },
                {
                    "subsection title": "Limitations of Conventional Approaches",
                    "description": "Identify the shortcomings of traditional information retrieval methods."
                },
                {
                    "subsection title": "Advancements in Semantic Search",
                    "description": "Discuss recent advancements that have improved semantic search capabilities."
                },
                {
                    "subsection title": "Role of Natural Language Processing in Information Retrieval",
                    "description": "Explain how natural language processing techniques have been integrated into information retrieval systems."
                }
            ]
        },
        {
            "section title": "Definitions",
            "description": "Define key concepts such as large language models, semantic search, and transformer models.",
            "subsections": [
                {
                    "subsection title": "Large Language Models (LLMs)",
                    "description": "Define what large language models are and their role in information retrieval."
                },
                {
                    "subsection title": "Semantic Search",
                    "description": "Explain the concept of semantic search and its importance in information retrieval."
                },
                {
                    "subsection title": "Transformer Models",
                    "description": "Describe transformer models and their functionality in information retrieval."
                },
                {
                    "subsection title": "Interaction of Key Components",
                    "description": "Discuss how these components interact to improve information retrieval processes."
                }
            ]
        },
        {
            "section title": "Transformer Models in Information Retrieval",
            "description": "Explore the architecture and functionality of transformer models, focusing on their application in information retrieval.",
            "subsections": [
                {
                    "subsection title": "Innovative Architectures and Methods",
                    "description": "Examine new and innovative architectures of transformer models used in information retrieval."
                },
                {
                    "subsection title": "Reasoning and Query Reformulation Techniques",
                    "description": "Discuss techniques for improving query reformulation and reasoning in retrieval tasks."
                },
                {
                    "subsection title": "Integration with External Tools and Systems",
                    "description": "Explore how transformer models are integrated with other tools and systems to enhance retrieval."
                }
            ]
        },
        {
            "section title": "Semantic Search with Large Language Models",
            "description": "Examine the role of large language models in semantic search.",
            "subsections": [
                {
                    "subsection title": "Enhanced Query Understanding",
                    "description": "Discuss how large language models improve the understanding of user queries."
                },
                {
                    "subsection title": "Advanced Retrieval-Augmented Generation Methods",
                    "description": "Examine advanced methods that augment retrieval with generation capabilities."
                }
            ]
        },
        {
            "section title": "Case Studies and Applications",
            "description": "Present case studies or examples of large language models being used in real-world information retrieval systems.",
            "subsections": [
                {
                    "subsection title": "Innovations in Query and Document Retrieval",
                    "description": "Highlight examples of innovations in query and document retrieval using large language models."
                },
                {
                    "subsection title": "Advancements in Question Answering Systems",
                    "description": "Discuss advancements in question answering systems powered by large language models."
                }
            ]
        },
        {
            "section title": "Challenges and Future Directions",
            "description": "Identify current challenges faced by large language models in information retrieval and suggest potential future research directions.",
            "subsections": [
                {
                    "subsection title": "Scalability and Generalization",
                    "description": "Address issues related to scalability and the ability of models to generalize across domains."
                },
                {
                    "subsection title": "Ethical Considerations and Bias Mitigation",
                    "description": "Discuss ethical concerns and strategies for mitigating bias in large language models."
                },
                {
                    "subsection title": "Domain Adaptation and Generalization",
                    "description": "Explore strategies for adapting models to new domains and improving generalization."
                },
                {
                    "subsection title": "Integration of External Knowledge and Reasoning",
                    "description": "Examine how external knowledge and reasoning can be integrated into retrieval systems."
                }
            ]
        },
        {
            "section title": "Conclusion",
            "description": "Summarize the key findings of the survey and reflect on the implications of large language models for the future of information retrieval and semantic search.",
            "subsections": []
        }
    ]
}