{
    "from": null,
    "scholar_id": null,
    "detail_id": null,
    "title": "A setwise approach for effective and highly efficient zero-shot ranking with large language models",
    "abstract": "We propose a novel zero-shot document ranking approach based on Large Language Models (LLMs): the Setwise prompting approach. Our approach complements existing prompting approaches for LLM-based zero-shot ranking: Pointwise, Pairwise, and Listwise. Through the first-of-its-kind comparative evaluation within a consistent experimental framework and considering factors like model size, token consumption, latency, among others, we show that existing approaches are inherently characterised by trade-offs between effectiveness and efficiency. We find that while Pointwise approaches score high on efficiency, they suffer from poor effectiveness. Conversely, Pairwise approaches demonstrate superior effectiveness but incur high computational overhead. Our Setwise approach, instead, reduces the number of LLM inferences and the amount of prompt token consumption during the ranking procedure, compared to previous methods. This significantly improves the efficiency of LLM-based zero-shot ranking, while also retaining high zero-shot ranking effectiveness. We make our code and results publicly available at https://github.com/ielab/llm-rankers.",
    "arxivid": "2310.09497v2",
    "bib_name": "Asetwiseap109",
    "md_text": "# A setwise approach for effective and highly efficient zero-shot ranking with large language models\n\n\nabstract\n\nWe propose a novel zero-shot document ranking approach based on Large Language Models (LLMs): the Setwise prompting approach. Our approach complements existing prompting approaches for LLM-based zero-shot ranking: Pointwise, Pairwise, and Listwise. Through the first-of-its-kind comparative evaluation within a consistent experimental framework and considering factors like model size, token consumption, latency, among others, we show that existing approaches are inherently characterised by trade-offs between effectiveness and efficiency. We find that while Pointwise approaches score high on efficiency, they suffer from poor effectiveness. Conversely, Pairwise approaches demonstrate superior effectiveness but incur high computational overhead. Our Setwise approach, instead, reduces the number of LLM inferences and the amount of prompt token consumption during the ranking procedure, compared to previous methods. This significantly improves the efficiency of LLM-based zero-shot ranking, while also retaining high zero-shot ranking effectiveness. We make our code and results publicly available at https://github.com/ielab/llm-rankers.",
    "paper_type": "method",
    "attri": {
        "background": "This paper addresses the issue of zero-shot document ranking using Large Language Models (LLMs), highlighting the limitations of existing methods such as Pointwise, Pairwise, and Listwise approaches, and the need for a new method that balances effectiveness and efficiency.",
        "problem": {
            "definition": "The problem involves effectively ranking documents in a zero-shot setting using LLMs, where traditional methods face significant trade-offs between efficiency and effectiveness.",
            "key obstacle": "The core obstacle is the inherent trade-off in existing approaches, where Pointwise methods are efficient but ineffective, while Pairwise methods are effective but computationally expensive."
        },
        "idea": {
            "intuition": "The inspiration for the Setwise prompting approach comes from the need to optimize the balance between efficiency and effectiveness in zero-shot ranking.",
            "opinion": "The proposed idea entails a Setwise approach that reduces the number of LLM inferences and prompt token consumption during the ranking process.",
            "innovation": "The innovation lies in the Setwise approach's ability to improve efficiency without sacrificing effectiveness, distinguishing it from existing Pointwise and Pairwise methods."
        },
        "method": {
            "method name": "Setwise prompting approach",
            "method abbreviation": "Setwise",
            "method definition": "The Setwise prompting approach is a novel method for zero-shot document ranking that minimizes LLM inferences and token consumption while maintaining high effectiveness.",
            "method description": "This method optimizes the ranking process by leveraging a setwise perspective on document evaluation.",
            "method steps": "1. Gather a set of documents to rank; 2. Apply the Setwise prompting approach to generate rankings; 3. Evaluate the rankings based on effectiveness and efficiency metrics.",
            "principle": "The effectiveness of this method is supported by its ability to process multiple documents simultaneously, thereby reducing computational overhead and token usage."
        },
        "experiments": {
            "evaluation setting": "The experiments were conducted within a consistent framework, evaluating the performance of the Setwise approach against existing methods while considering factors like model size, token consumption, and latency.",
            "evaluation method": "Performance was assessed through comparative evaluation metrics that measure effectiveness and efficiency, analyzing the trade-offs of each method."
        },
        "conclusion": "The Setwise prompting approach demonstrates a significant improvement in efficiency for zero-shot document ranking while retaining high effectiveness, addressing the limitations of prior methods.",
        "discussion": {
            "advantage": "Key advantages include improved efficiency in LLM inferences and reduced token consumption, leading to faster and more cost-effective ranking.",
            "limitation": "Potential limitations may arise in scenarios where the effectiveness of the Setwise approach does not meet specific domain requirements or when dealing with exceptionally large document sets.",
            "future work": "Future research could explore further optimizations of the Setwise approach and its applicability to different types of ranking tasks beyond zero-shot scenarios."
        },
        "other info": {
            "code availability": "The code and results are publicly available at https://github.com/ielab/llm-rankers."
        }
    },
    "mount_outline": [
        {
            "section number": "4",
            "key information": "This paper addresses the issue of zero-shot document ranking using Large Language Models (LLMs), highlighting the limitations of existing methods such as Pointwise, Pairwise, and Listwise approaches, and the need for a new method that balances effectiveness and efficiency."
        },
        {
            "section number": "4.1",
            "key information": "The proposed idea entails a Setwise approach that reduces the number of LLM inferences and prompt token consumption during the ranking process."
        },
        {
            "section number": "4.2",
            "key information": "The experiments were conducted within a consistent framework, evaluating the performance of the Setwise approach against existing methods while considering factors like model size, token consumption, and latency."
        },
        {
            "section number": "6",
            "key information": "Potential limitations may arise in scenarios where the effectiveness of the Setwise approach does not meet specific domain requirements or when dealing with exceptionally large document sets."
        },
        {
            "section number": "7.1",
            "key information": "Future research could explore further optimizations of the Setwise approach and its applicability to different types of ranking tasks beyond zero-shot scenarios."
        }
    ],
    "similarity_score": null,
    "image": null,
    "path": "/home/liudingyuan/code/SurveyX/code/SurveyX-main/outputs/t10/papers/A setwise approach for effective and highly efficient zero-shot ranking with large language models.json"
}