{
    "from": null,
    "scholar_id": null,
    "detail_id": null,
    "title": "A survey of large language models",
    "abstract": "Language is essentially a complex, intricate system of human expressions governed by grammatical rules. It poses a significant challenge to develop capable AI algorithms for comprehending and grasping a language. As a major approach, language modeling has been widely studied for language understanding and generation in the past two decades, evolving from statistical language models to neural language models. Recently, pre-trained language models (PLMs) have been proposed by pre-training Transformer models over large-scale corpora, showing strong capabilities in solving various NLP tasks. Since researchers have found that model scaling can lead to performance improvement, they further study the scaling effect by increasing the model size to an even larger size. Interestingly, when the parameter scale exceeds a certain level, these enlarged language models not only achieve a significant performance improvement but also show some special abilities that are not present in small-scale language models. To discriminate the difference in parameter scale, the research community has coined the term large language models (LLM) for the PLMs of significant size. Recently, the research on LLMs has been largely advanced by both academia and industry, and a remarkable progress is the launch of ChatGPT, which has attracted widespread attention from society. The technical evolution of LLMs has been making an important impact on the entire AI community, which would revolutionize the way how we develop and use AI algorithms. In this survey, we review the recent advances of LLMs by introducing the background, key findings, and mainstream techniques. In particular, we focus on four major aspects of LLMs, namely pre-training, adaptation tuning, utilization, and capacity evaluation. Besides, we also summarize the available resources for developing LLMs and discuss the remaining issues for future directions.",
    "arxivid": "2303.18223v16",
    "bib_name": "Asurveyofl25",
    "md_text": "# A survey of large language models\n\n\nabstract\n\nLanguage is essentially a complex, intricate system of human expressions governed by grammatical rules. It poses a significant challenge to develop capable AI algorithms for comprehending and grasping a language. As a major approach, language modeling has been widely studied for language understanding and generation in the past two decades, evolving from statistical language models to neural language models. Recently, pre-trained language models (PLMs) have been proposed by pre-training Transformer models over large-scale corpora, showing strong capabilities in solving various NLP tasks. Since researchers have found that model scaling can lead to performance improvement, they further study the scaling effect by increasing the model size to an even larger size. Interestingly, when the parameter scale exceeds a certain level, these enlarged language models not only achieve a significant performance improvement but also show some special abilities that are not present in small-scale language models. To discriminate the difference in parameter scale, the research community has coined the term large language models (LLM) for the PLMs of significant size. Recently, the research on LLMs has been largely advanced by both academia and industry, and a remarkable progress is the launch of ChatGPT, which has attracted widespread attention from society. The technical evolution of LLMs has been making an important impact on the entire AI community, which would revolutionize the way how we develop and use AI algorithms. In this survey, we review the recent advances of LLMs by introducing the background, key findings, and mainstream techniques. In particular, we focus on four major aspects of LLMs, namely pre-training, adaptation tuning, utilization, and capacity evaluation. Besides, we also summarize the available resources for developing LLMs and discuss the remaining issues for future directions.",
    "paper_type": "survey",
    "attri": {
        "background": {
            "purpose": "This survey aims to review recent advances in large language models (LLMs), addressing the evolution from statistical to neural language models and the impact of model scaling on performance.",
            "scope": "The survey focuses on pre-training, adaptation tuning, utilization, and capacity evaluation of LLMs, while excluding unrelated NLP tasks and methodologies that do not involve language modeling."
        },
        "problem": {
            "definition": "The core issue explored is the challenge of developing AI algorithms that can effectively comprehend and generate human language.",
            "key obstacle": "Researchers face significant challenges in scaling language models and understanding the special abilities that emerge at larger parameter sizes."
        },
        "architecture": {
            "perspective": "The survey introduces a framework for categorizing LLMs based on their pre-training, adaptation, utilization, and evaluation techniques.",
            "fields/stages": "The survey organizes current methods into four major aspects: pre-training, adaptation tuning, utilization, and capacity evaluation, using these categories to analyze the advancements in LLMs."
        },
        "conclusion": {
            "comparisions": "The survey compares various LLMs in terms of their effectiveness and the unique capabilities that arise from increased model size.",
            "results": "Key takeaways include the significant performance improvements observed with larger models and the transformative impact of LLMs on the AI community."
        },
        "discussion": {
            "advantage": "Existing research has achieved substantial progress in language modeling, particularly through the development of pre-trained language models and their applications.",
            "limitation": "Current studies often fall short in addressing the complexities of language understanding and the implications of scaling beyond certain thresholds.",
            "gaps": "Unanswered questions remain regarding the specific abilities of very large models and the potential ethical implications of their deployment.",
            "future work": "Future research should focus on exploring the capabilities of larger models, addressing ethical concerns, and improving the efficiency of model training and utilization."
        },
        "other info": {
            "resources": "The survey summarizes available resources for developing LLMs, including datasets, tools, and frameworks."
        }
    },
    "mount_outline": [
        {
            "section number": "1.1",
            "key information": "This survey aims to review recent advances in large language models (LLMs), addressing the evolution from statistical to neural language models and the impact of model scaling on performance."
        },
        {
            "section number": "1.1",
            "key information": "The survey focuses on pre-training, adaptation tuning, utilization, and capacity evaluation of LLMs, while excluding unrelated NLP tasks and methodologies that do not involve language modeling."
        },
        {
            "section number": "2.1",
            "key information": "The core issue explored is the challenge of developing AI algorithms that can effectively comprehend and generate human language."
        },
        {
            "section number": "2.1",
            "key information": "Researchers face significant challenges in scaling language models and understanding the special abilities that emerge at larger parameter sizes."
        },
        {
            "section number": "4",
            "key information": "The survey introduces a framework for categorizing LLMs based on their pre-training, adaptation, utilization, and evaluation techniques."
        },
        {
            "section number": "4",
            "key information": "The survey organizes current methods into four major aspects: pre-training, adaptation tuning, utilization, and capacity evaluation, using these categories to analyze the advancements in LLMs."
        },
        {
            "section number": "6",
            "key information": "Current studies often fall short in addressing the complexities of language understanding and the implications of scaling beyond certain thresholds."
        },
        {
            "section number": "6.3",
            "key information": "Unanswered questions remain regarding the specific abilities of very large models and the potential ethical implications of their deployment."
        },
        {
            "section number": "7",
            "key information": "Future research should focus on exploring the capabilities of larger models, addressing ethical concerns, and improving the efficiency of model training and utilization."
        }
    ],
    "similarity_score": null,
    "image": null,
    "path": "/home/liudingyuan/code/SurveyX/code/SurveyX-main/outputs/t10/papers/A survey of large language models.json"
}