{
    "from": null,
    "scholar_id": null,
    "detail_id": null,
    "title": "Active retrieval augmented generation",
    "abstract": "Despite the remarkable ability of large language models (LMs) to comprehend and generate language, they have a tendency to hallucinate and create factually inaccurate output. Augmenting LMs by retrieving information from external knowledge resources is one promising solution. Most existing retrieval augmented LMs employ a retrieve-and-generate setup that only retrieves information once based on the input. This is limiting, however, in more general scenarios involving generation of long texts, where continually gathering information throughout generation is essential. In this work, we provide a generalized view of active retrieval augmented generation, methods that actively decide when and what to retrieve across the course of the generation. We propose Forward-Looking Active REtrieval augmented generation (FLARE), a generic method which iteratively uses a prediction of the upcoming sentence to anticipate future content, which is then utilized as a query to retrieve relevant documents to regenerate the sentence if it contains low-confidence tokens. We test FLARE along with baselines comprehensively over 4 long-form knowledge-intensive generation tasks/datasets. FLARE achieves superior or competitive performance on all tasks, demonstrating the effectiveness of our method. Code and datasets are available at https://github.com/jzbjyb/FLARE.",
    "arxivid": "2305.06983v2",
    "bib_name": "Activeretr133",
    "md_text": "# Active retrieval augmented generation\n\n\nabstract\n\nDespite the remarkable ability of large language models (LMs) to comprehend and generate language, they have a tendency to hallucinate and create factually inaccurate output. Augmenting LMs by retrieving information from external knowledge resources is one promising solution. Most existing retrieval augmented LMs employ a retrieve-and-generate setup that only retrieves information once based on the input. This is limiting, however, in more general scenarios involving generation of long texts, where continually gathering information throughout generation is essential. In this work, we provide a generalized view of active retrieval augmented generation, methods that actively decide when and what to retrieve across the course of the generation. We propose Forward-Looking Active REtrieval augmented generation (FLARE), a generic method which iteratively uses a prediction of the upcoming sentence to anticipate future content, which is then utilized as a query to retrieve relevant documents to regenerate the sentence if it contains low-confidence tokens. We test FLARE along with baselines comprehensively over 4 long-form knowledge-intensive generation tasks/datasets. FLARE achieves superior or competitive performance on all tasks, demonstrating the effectiveness of our method. Code and datasets are available at https://github.com/jzbjyb/FLARE.",
    "paper_type": "method",
    "attri": {
        "background": "This paper addresses the issue of hallucination and factual inaccuracy in large language models (LMs) by proposing a method that enhances LMs through continuous retrieval of information from external knowledge sources during text generation.",
        "problem": {
            "definition": "The problem is the tendency of large language models to generate factually inaccurate outputs, especially during the generation of long texts.",
            "key obstacle": "The main challenge is the limitation of existing retrieval augmented models that only retrieve information once based on the initial input, which is insufficient for generating long-form content."
        },
        "idea": {
            "intuition": "The idea was inspired by the need for continuous information retrieval during text generation to improve the accuracy and relevance of the output.",
            "opinion": "The proposed idea, Forward-Looking Active REtrieval augmented generation (FLARE), involves predicting upcoming content to determine when and what information to retrieve dynamically.",
            "innovation": "FLARE differs from existing methods by actively deciding when to retrieve information based on predictions of future content, rather than relying on a single retrieval event."
        },
        "method": {
            "method name": "Forward-Looking Active REtrieval augmented generation",
            "method abbreviation": "FLARE",
            "method definition": "FLARE is a method that iteratively predicts the next sentence in a generation task and retrieves relevant documents to regenerate sentences that contain low-confidence tokens.",
            "method description": "FLARE enhances text generation by continuously retrieving information based on predictions of future sentences.",
            "method steps": "1. Predict the upcoming sentence. 2. Assess the confidence of generated tokens. 3. Retrieve relevant documents if confidence is low. 4. Regenerate the sentence using the retrieved information.",
            "principle": "The effectiveness of FLARE lies in its ability to adaptively gather information throughout the generation process, leading to more accurate and contextually relevant outputs."
        },
        "experiments": {
            "evaluation setting": "FLARE was tested across 4 long-form knowledge-intensive generation tasks/datasets, comparing its performance against baseline methods.",
            "evaluation method": "Performance was measured by assessing the quality of generated text and the accuracy of the information retrieved during the generation process."
        },
        "conclusion": "FLARE demonstrates superior or competitive performance on all evaluated tasks, validating the effectiveness of active retrieval in enhancing long-form text generation.",
        "discussion": {
            "advantage": "The key advantage of FLARE is its ability to continuously adapt its information retrieval strategy based on ongoing predictions, improving the relevance and accuracy of generated content.",
            "limitation": "A potential limitation is the computational overhead associated with continuous retrieval and processing during generation, which may affect efficiency.",
            "future work": "Future research could explore optimizing the retrieval process to reduce computational costs and investigate the applicability of FLARE in more diverse generation scenarios."
        },
        "other info": []
    },
    "mount_outline": [
        {
            "section number": "3.1",
            "key information": "Large language models (LMs) tend to generate factually inaccurate outputs, especially during the generation of long texts."
        },
        {
            "section number": "4.1",
            "key information": "The proposed method, Forward-Looking Active REtrieval augmented generation (FLARE), enhances text generation by continuously retrieving information based on predictions of future sentences."
        },
        {
            "section number": "6.1",
            "key information": "A potential limitation of FLARE is the computational overhead associated with continuous retrieval and processing during generation, which may affect efficiency."
        },
        {
            "section number": "7.1",
            "key information": "Future research could explore optimizing the retrieval process to reduce computational costs and investigate the applicability of FLARE in more diverse generation scenarios."
        }
    ],
    "similarity_score": null,
    "image": null,
    "path": "/home/liudingyuan/code/SurveyX/code/SurveyX-main/outputs/t10/papers/Active retrieval augmented generation.json"
}