{
    "from": null,
    "scholar_id": null,
    "detail_id": null,
    "title": "Autoregressive search engines: Generating substrings as document identifiers",
    "abstract": "Knowledge-intensive language tasks require NLP systems to both provide the correct answer and retrieve supporting evidence for it in a given corpus. Autoregressive language models are emerging as the de-facto standard for generating answers, with newer and more powerful systems emerging at an astonishing pace. In this paper we argue that all this (and future) progress can be directly applied to the retrieval problem with minimal intervention to the models' architecture. Previous work has explored ways to partition the search space into hierarchical structures and retrieve documents by autoregressively generating their unique identifier. In this work we propose an alternative that doesn't force any structure in the search space: using all ngrams in a passage as its possible identifiers. This setup allows us to use an autoregressive model to generate and score distinctive ngrams, that are then mapped to full passages through an efficient data structure. Empirically, we show this not only outperforms prior autoregressive approaches but also leads to an average improvement of at least 10 points over more established retrieval solutions for passage-level retrieval on the KILT benchmark, establishing new state-of-the-art downstream performance on some datasets, while using a considerably lighter memory footprint than competing systems. Code and pre-trained models at https://github.com/facebookresearch/SEAL.",
    "arxivid": "2204.10628v1",
    "bib_name": "Autoregres88",
    "md_text": "# Autoregressive search engines: Generating substrings as document identifiers\n\n\nabstract\n\nKnowledge-intensive language tasks require NLP systems to both provide the correct answer and retrieve supporting evidence for it in a given corpus. Autoregressive language models are emerging as the de-facto standard for generating answers, with newer and more powerful systems emerging at an astonishing pace. In this paper we argue that all this (and future) progress can be directly applied to the retrieval problem with minimal intervention to the models' architecture. Previous work has explored ways to partition the search space into hierarchical structures and retrieve documents by autoregressively generating their unique identifier. In this work we propose an alternative that doesn't force any structure in the search space: using all ngrams in a passage as its possible identifiers. This setup allows us to use an autoregressive model to generate and score distinctive ngrams, that are then mapped to full passages through an efficient data structure. Empirically, we show this not only outperforms prior autoregressive approaches but also leads to an average improvement of at least 10 points over more established retrieval solutions for passage-level retrieval on the KILT benchmark, establishing new state-of-the-art downstream performance on some datasets, while using a considerably lighter memory footprint than competing systems. Code and pre-trained models at https://github.com/facebookresearch/SEAL.",
    "paper_type": "method",
    "attri": {
        "background": "This paper addresses the issue of retrieving supporting evidence for answers in knowledge-intensive language tasks by leveraging autoregressive language models.",
        "problem": {
            "definition": "The problem focuses on enhancing the retrieval of documents in a corpus to support answers generated by NLP systems.",
            "key obstacle": "Existing methods partition the search space into hierarchical structures, which can limit the flexibility and efficiency of retrieval."
        },
        "idea": {
            "intuition": "The idea stems from the observation that using all n-grams in a passage as possible identifiers could enhance retrieval without imposing structural constraints.",
            "opinion": "The proposed idea involves generating and scoring distinctive n-grams from passages as identifiers, allowing for a more dynamic retrieval process.",
            "innovation": "The primary innovation is the use of n-grams as identifiers without forcing a hierarchical structure, significantly improving retrieval performance."
        },
        "method": {
            "method name": "Autoregressive Search Engine",
            "method abbreviation": "ASE",
            "method definition": "The method uses an autoregressive model to generate and score n-grams from passages, which are then mapped to full passages via an efficient data structure.",
            "method description": "ASE leverages n-grams as identifiers for document retrieval, streamlining the search process.",
            "method steps": [
                "Identify all n-grams in a passage.",
                "Use an autoregressive model to generate and score these n-grams.",
                "Map the scored n-grams to full passages using an efficient data structure."
            ],
            "principle": "The effectiveness of this method lies in its ability to utilize a broader set of identifiers (n-grams) without structural limitations, enhancing retrieval accuracy."
        },
        "experiments": {
            "evaluation setting": "The experiments were conducted on the KILT benchmark, comparing the performance of the proposed method against prior autoregressive approaches and established retrieval solutions.",
            "evaluation method": "Performance was assessed by measuring the retrieval accuracy and efficiency of the method against baseline methods."
        },
        "conclusion": "The proposed autoregressive search engine outperforms previous autoregressive methods and established retrieval solutions, achieving significant improvements in retrieval accuracy while maintaining a lighter memory footprint.",
        "discussion": {
            "advantage": "The key advantages include improved retrieval accuracy and efficiency without the need for hierarchical structuring of the search space.",
            "limitation": "Potential limitations may include the reliance on the quality of n-grams generated and the efficiency of the mapping process.",
            "future work": "Future research could explore enhancing the n-gram generation process and further optimizing the mapping efficiency."
        },
        "other info": {
            "repository": "Code and pre-trained models are available at https://github.com/facebookresearch/SEAL."
        }
    },
    "mount_outline": [
        {
            "section number": "2.1",
            "key information": "The problem focuses on enhancing the retrieval of documents in a corpus to support answers generated by NLP systems."
        },
        {
            "section number": "4",
            "key information": "The proposed autoregressive search engine outperforms previous autoregressive methods and established retrieval solutions, achieving significant improvements in retrieval accuracy while maintaining a lighter memory footprint."
        },
        {
            "section number": "4.1",
            "key information": "The idea involves generating and scoring distinctive n-grams from passages as identifiers, allowing for a more dynamic retrieval process."
        },
        {
            "section number": "6.2",
            "key information": "Potential limitations may include the reliance on the quality of n-grams generated and the efficiency of the mapping process."
        },
        {
            "section number": "7.1",
            "key information": "Future research could explore enhancing the n-gram generation process and further optimizing the mapping efficiency."
        }
    ],
    "similarity_score": null,
    "image": null,
    "path": "/home/liudingyuan/code/SurveyX/code/SurveyX-main/outputs/t10/papers/Autoregressive search engines_ Generating substrings as document identifiers.json"
}