{
    "from": null,
    "scholar_id": null,
    "detail_id": null,
    "title": "BERT: pre-training of deep bidirectional transformers for language understanding",
    "abstract": "We introduce a new language representation model called BERT, which stands for Bidirectional Encoder Representations from Transformers. Unlike recent language representation models (Peters et al., 2018a; Radford et al., 2018), BERT is designed to pre-train deep bidirectional representations from unlabeled text by jointly conditioning on both left and right context in all layers. As a result, the pre-trained BERT model can be fine-tuned with just one additional output layer to create state-of-the-art models for a wide range of tasks, such as question answering and language inference, without substantial task-specific architecture modifications. BERT is conceptually simple and empirically powerful. It obtains new state-of-the-art results on eleven natural language processing tasks, including pushing the GLUE score to 80.5 (7.7 point absolute improvement), MultiNLI accuracy to 86.7% (4.6% absolute improvement), SQuAD v1.1 question answering Test F1 to 93.2 (1.5 point absolute improvement) and SQuAD v2.0 Test F1 to 83.1 (5.1 point absolute improvement).",
    "arxivid": "1810.04805v2",
    "bib_name": "BERT:pre-t30",
    "md_text": "# BERT: pre-training of deep bidirectional transformers for language understanding\n\n\nabstract\n\nWe introduce a new language representation model called BERT, which stands for Bidirectional Encoder Representations from Transformers. Unlike recent language representation models (Peters et al., 2018a; Radford et al., 2018), BERT is designed to pre-train deep bidirectional representations from unlabeled text by jointly conditioning on both left and right context in all layers. As a result, the pre-trained BERT model can be fine-tuned with just one additional output layer to create state-of-the-art models for a wide range of tasks, such as question answering and language inference, without substantial task-specific architecture modifications. BERT is conceptually simple and empirically powerful. It obtains new state-of-the-art results on eleven natural language processing tasks, including pushing the GLUE score to 80.5 (7.7 point absolute improvement), MultiNLI accuracy to 86.7% (4.6% absolute improvement), SQuAD v1.1 question answering Test F1 to 93.2 (1.5 point absolute improvement) and SQuAD v2.0 Test F1 to 83.1 (5.1 point absolute improvement).",
    "paper_type": "method",
    "attri": {
        "background": "This paper addresses the issue of language representation in natural language processing, highlighting the limitations of previous models that do not leverage bidirectional context effectively, necessitating a breakthrough method for improved performance.",
        "problem": {
            "definition": "The problem is the inadequate effectiveness of existing language representation models in understanding context due to their unidirectional nature.",
            "key obstacle": "The main difficulty is that traditional models only consider context from one direction, limiting their understanding and performance on various language tasks."
        },
        "idea": {
            "intuition": "The idea was inspired by the observation that understanding language requires context from both directions, leading to the development of a model that can capture this bidirectional context.",
            "opinion": "The proposed idea is BERT, which utilizes deep bidirectional representations from Transformers to enhance language understanding across multiple tasks.",
            "innovation": "The primary innovation of BERT lies in its ability to jointly condition on both left and right context in all layers, contrasting with previous models that operate in a unidirectional manner."
        },
        "method": {
            "method name": "BERT",
            "method abbreviation": "Bidirectional Encoder Representations from Transformers",
            "method definition": "BERT is a language representation model that pre-trains deep bidirectional representations from unlabeled text by conditioning on both left and right context.",
            "method description": "BERT pre-trains a model that can be fine-tuned for various NLP tasks with minimal additional architecture changes.",
            "method steps": "1. Pre-train deep bidirectional representations from unlabeled text. 2. Fine-tune the pre-trained model with a task-specific output layer.",
            "principle": "The effectiveness of BERT in solving the problem stems from its ability to capture context from both directions, leading to superior language understanding."
        },
        "experiments": {
            "evaluation setting": "The evaluation was conducted on eleven natural language processing tasks, including GLUE, MultiNLI, and SQuAD datasets for performance comparison.",
            "evaluation method": "The performance of BERT was assessed by measuring improvements in scores and accuracy on these tasks, demonstrating its state-of-the-art capabilities."
        },
        "conclusion": "The experiments show that BERT achieves new state-of-the-art results on multiple NLP tasks, significantly improving performance metrics, which illustrates its effectiveness as a language representation model.",
        "discussion": {
            "advantage": "The key advantages of BERT include its ability to leverage bidirectional context and its simplicity in fine-tuning for various tasks without extensive modifications.",
            "limitation": "One limitation of BERT is the substantial computational resources required for pre-training and fine-tuning, which may not be accessible for all researchers.",
            "future work": "Future work could focus on optimizing the model for efficiency, exploring applications in other domains, and improving accessibility for broader research communities."
        },
        "other info": []
    },
    "mount_outline": [
        {
            "section number": "3.1",
            "key information": "BERT is a language representation model that pre-trains deep bidirectional representations from unlabeled text by conditioning on both left and right context."
        },
        {
            "section number": "3.2",
            "key information": "The primary innovation of BERT lies in its ability to jointly condition on both left and right context in all layers, contrasting with previous models that operate in a unidirectional manner."
        },
        {
            "section number": "4.1",
            "key information": "The proposed idea is BERT, which utilizes deep bidirectional representations from Transformers to enhance language understanding across multiple tasks."
        },
        {
            "section number": "6.1",
            "key information": "One limitation of BERT is the substantial computational resources required for pre-training and fine-tuning, which may not be accessible for all researchers."
        },
        {
            "section number": "7.1",
            "key information": "Future work could focus on optimizing the model for efficiency, exploring applications in other domains, and improving accessibility for broader research communities."
        }
    ],
    "similarity_score": null,
    "image": null,
    "path": "/home/liudingyuan/code/SurveyX/code/SurveyX-main/outputs/t10/papers/BERT_ pre-training of deep bidirectional transformers for language understanding.json"
}