{
    "from": null,
    "scholar_id": null,
    "detail_id": null,
    "title": "Can query expansion improve generalization of strong cross-encoder rankers",
    "abstract": "Query expansion has been widely used to improve the search results of first-stage retrievers, yet its influence on second-stage, cross-encoder rankers remains under-explored. A recent study shows that current expansion techniques benefit weaker models but harm stronger rankers. In this paper, we re-examine this conclusion and raise the following question: Can query expansion improve generalization of strong cross-encoder rankers? To answer this question, we first apply popular query expansion methods to different cross-encoder rankers and verify the deteriorated zero-shot effectiveness. We identify two vital steps in the experiment: high-quality keyword generation and minimally-disruptive query modification. We show that it is possible to improve the generalization of a strong neural ranker, by generating keywords through a reasoning chain and aggregating the ranking results of each expanded query via self-consistency, reciprocal rank weighting, and fusion. Experiments on BEIR and TREC Deep Learning 2019/2020 show that the nDCG@10 scores of both MonoT5 and RankT5 following these steps are improved, which points out a direction for applying query expansion to strong cross-encoder rankers.",
    "arxivid": "2311.09175v2",
    "bib_name": "Canqueryex43",
    "md_text": "# Can query expansion improve generalization of strong cross-encoder rankers\n\n\nabstract\n\nQuery expansion has been widely used to improve the search results of first-stage retrievers, yet its influence on second-stage, cross-encoder rankers remains under-explored. A recent study shows that current expansion techniques benefit weaker models but harm stronger rankers. In this paper, we re-examine this conclusion and raise the following question: Can query expansion improve generalization of strong cross-encoder rankers? To answer this question, we first apply popular query expansion methods to different cross-encoder rankers and verify the deteriorated zero-shot effectiveness. We identify two vital steps in the experiment: high-quality keyword generation and minimally-disruptive query modification. We show that it is possible to improve the generalization of a strong neural ranker, by generating keywords through a reasoning chain and aggregating the ranking results of each expanded query via self-consistency, reciprocal rank weighting, and fusion. Experiments on BEIR and TREC Deep Learning 2019/2020 show that the nDCG@10 scores of both MonoT5 and RankT5 following these steps are improved, which points out a direction for applying query expansion to strong cross-encoder rankers.",
    "paper_type": "method",
    "attri": {
        "background": "Query expansion has traditionally been utilized to enhance the search outcomes of first-stage retrievers, but its impact on second-stage, cross-encoder rankers has not been thoroughly investigated. Previous studies suggest that existing expansion techniques tend to benefit weaker models while adversely affecting stronger rankers, highlighting a need for a novel approach to leverage query expansion effectively.",
        "problem": {
            "definition": "The problem addressed in this paper is whether query expansion can enhance the generalization capabilities of strong cross-encoder rankers in information retrieval tasks.",
            "key obstacle": "The main challenge is that current query expansion techniques are found to harm the performance of stronger rankers, which limits their effectiveness in improving search results."
        },
        "idea": {
            "intuition": "The idea stems from the observation that while query expansion may not work well with strong rankers, a refined approach focusing on high-quality keyword generation and careful query modification could yield beneficial results.",
            "opinion": "The proposed idea involves utilizing reasoning chains for keyword generation and employing self-consistency, reciprocal rank weighting, and fusion to aggregate rankings from expanded queries to improve the performance of strong rankers.",
            "innovation": "The primary innovation of this method lies in its dual focus on generating high-quality keywords and minimally disrupting the original query, which contrasts with traditional methods that often lead to performance degradation."
        },
        "method": {
            "method name": "Query Expansion for Cross-Encoder Rankers",
            "method abbreviation": "QECR",
            "method definition": "The method involves generating high-quality keywords through reasoning chains and aggregating the results of expanded queries to enhance the generalization of strong neural rankers.",
            "method description": "The core of the method is to apply refined query expansion techniques to improve the performance of strong cross-encoder rankers.",
            "method steps": [
                "Generate high-quality keywords using a reasoning chain.",
                "Modify the original query minimally to create expanded queries.",
                "Aggregate the ranking results from each expanded query using self-consistency, reciprocal rank weighting, and fusion."
            ],
            "principle": "This method is effective because it leverages the strengths of strong rankers while mitigating the negative impacts of traditional query expansion techniques."
        },
        "experiments": {
            "evaluation setting": "Experiments were conducted using the BEIR dataset and TREC Deep Learning 2019/2020, comparing the performance of MonoT5 and RankT5 with and without the proposed query expansion techniques.",
            "evaluation method": "The performance was assessed based on the nDCG@10 scores, measuring the effectiveness of the rankers in retrieving relevant documents."
        },
        "conclusion": "The experiments demonstrate that applying the proposed query expansion techniques significantly improves the nDCG@10 scores for both MonoT5 and RankT5, indicating a successful direction for enhancing strong cross-encoder rankers.",
        "discussion": {
            "advantage": "The key advantage of the proposed approach is its ability to improve the generalization of strong rankers without compromising their performance, unlike traditional query expansion methods.",
            "limitation": "A limitation of the method may be its dependency on the quality of the reasoning chain for keyword generation, which could affect the overall effectiveness if not executed properly.",
            "future work": "Future research could explore further refinements in the keyword generation process and investigate the applicability of this method to other types of rankers and retrieval tasks."
        },
        "other info": []
    },
    "mount_outline": [
        {
            "section number": "4",
            "key information": "The problem addressed in this paper is whether query expansion can enhance the generalization capabilities of strong cross-encoder rankers in information retrieval tasks."
        },
        {
            "section number": "4.1",
            "key information": "The proposed idea involves utilizing reasoning chains for keyword generation and employing self-consistency, reciprocal rank weighting, and fusion to aggregate rankings from expanded queries to improve the performance of strong rankers."
        },
        {
            "section number": "6.2",
            "key information": "A limitation of the method may be its dependency on the quality of the reasoning chain for keyword generation, which could affect the overall effectiveness if not executed properly."
        },
        {
            "section number": "6.3",
            "key information": "The key advantage of the proposed approach is its ability to improve the generalization of strong rankers without compromising their performance, unlike traditional query expansion methods."
        },
        {
            "section number": "7.1",
            "key information": "Future research could explore further refinements in the keyword generation process and investigate the applicability of this method to other types of rankers and retrieval tasks."
        }
    ],
    "similarity_score": null,
    "image": null,
    "path": "/home/liudingyuan/code/SurveyX/code/SurveyX-main/outputs/t10/papers/Can query expansion improve generalization of strong cross-encoder rankers.json"
}