{
    "from": null,
    "scholar_id": null,
    "detail_id": null,
    "title": "Chain-of-retrieval augmented generation",
    "abstract": "This paper introduces an approach for training o1-like RAG models that retrieve and reason over relevant information step by step before generating the final answer. Conventional RAG methods usually perform a single retrieval step before the generation process, which limits their effectiveness in addressing complex queries due to imperfect retrieval results. In contrast, our proposed method, CoRAG (Chain-of-Retrieval Augmented Generation), allows the model to dynamically reformulate the query based on the evolving state. To train CoRAG effectively, we utilize rejection sampling to automatically generate intermediate retrieval chains, thereby augmenting existing RAG datasets that only provide the correct final answer. At test time, we propose various decoding strategies to scale the model's test-time compute by controlling the length and number of sampled retrieval chains. Experimental results across multiple benchmarks validate the efficacy of CoRAG, particularly in multi-hop question answering tasks, where we observe more than 10 points improvement in EM score compared to strong baselines. On the KILT benchmark, CoRAG establishes a new state-of-the-art performance across a diverse range of knowledge-intensive tasks. Furthermore, we offer comprehensive analyses to understand the scaling behavior of CoRAG, laying the groundwork for future research aimed at developing factual and grounded foundation models.",
    "arxivid": "2501.14342v3",
    "bib_name": "Chain-of-r181",
    "md_text": "# Chain-of-retrieval augmented generation\n\n\nabstract\n\nThis paper introduces an approach for training o1-like RAG models that retrieve and reason over relevant information step by step before generating the final answer. Conventional RAG methods usually perform a single retrieval step before the generation process, which limits their effectiveness in addressing complex queries due to imperfect retrieval results. In contrast, our proposed method, CoRAG (Chain-of-Retrieval Augmented Generation), allows the model to dynamically reformulate the query based on the evolving state. To train CoRAG effectively, we utilize rejection sampling to automatically generate intermediate retrieval chains, thereby augmenting existing RAG datasets that only provide the correct final answer. At test time, we propose various decoding strategies to scale the model's test-time compute by controlling the length and number of sampled retrieval chains. Experimental results across multiple benchmarks validate the efficacy of CoRAG, particularly in multi-hop question answering tasks, where we observe more than 10 points improvement in EM score compared to strong baselines. On the KILT benchmark, CoRAG establishes a new state-of-the-art performance across a diverse range of knowledge-intensive tasks. Furthermore, we offer comprehensive analyses to understand the scaling behavior of CoRAG, laying the groundwork for future research aimed at developing factual and grounded foundation models.",
    "paper_type": "method",
    "attri": {
        "background": "This paper addresses the limitations of conventional RAG methods that typically perform a single retrieval step before generating answers, which can hinder their effectiveness in handling complex queries due to suboptimal retrieval results.",
        "problem": {
            "definition": "The problem addressed is the inefficiency of conventional RAG models in retrieving relevant information for complex queries, resulting in less accurate answers.",
            "key obstacle": "The main challenge is the reliance on a single retrieval step that does not adapt to the evolving context of the query, leading to potentially incorrect or incomplete information being utilized in the answer generation."
        },
        "idea": {
            "intuition": "The idea is inspired by the need for a more dynamic retrieval process that can adapt to the context of the query as it evolves during the retrieval and generation phases.",
            "opinion": "The proposed method, CoRAG, introduces a chain of retrieval steps that reformulates queries at each stage, allowing for a more comprehensive gathering of relevant information before generating the final answer.",
            "innovation": "CoRAG differs from existing approaches by employing multiple retrieval steps and utilizing rejection sampling to create intermediate retrieval chains, significantly enhancing the model's ability to handle complex queries."
        },
        "method": {
            "method name": "Chain-of-Retrieval Augmented Generation",
            "method abbreviation": "CoRAG",
            "method definition": "CoRAG is a retrieval-augmented generation model that dynamically reformulates queries based on intermediate retrieval results to improve the accuracy of answers generated for complex queries.",
            "method description": "CoRAG enhances traditional RAG methods by incorporating multiple retrieval steps that adapt to the evolving context of the query.",
            "method steps": "1. Generate initial query. 2. Perform retrieval based on the query. 3. Reformulate the query based on retrieved information. 4. Repeat retrieval until satisfactory information is gathered. 5. Generate final answer based on comprehensive retrieval.",
            "principle": "The effectiveness of CoRAG lies in its ability to iteratively refine the information retrieval process, allowing it to gather more relevant data before generating an answer, thus improving overall accuracy."
        },
        "experiments": {
            "evaluation setting": "The experimental setup includes multiple benchmarks, with a focus on multi-hop question answering tasks and comparison against strong baseline models.",
            "evaluation method": "The performance of CoRAG was assessed by measuring the EM score across various tasks, analyzing the impact of different decoding strategies and the length and number of sampled retrieval chains."
        },
        "conclusion": "The experimental results demonstrate that CoRAG significantly outperforms existing methods, achieving a more than 10 point improvement in EM score on multi-hop question answering tasks and establishing state-of-the-art performance on the KILT benchmark.",
        "discussion": {
            "advantage": "CoRAG's key advantage is its ability to adaptively refine queries during the retrieval process, leading to more accurate and relevant information being utilized in answer generation.",
            "limitation": "A limitation of the method may include the increased computational complexity due to multiple retrieval steps, which could affect scalability in certain applications.",
            "future work": "Future research directions include optimizing the retrieval process for efficiency, exploring further enhancements to the query reformulation strategy, and applying CoRAG to a broader range of knowledge-intensive tasks."
        },
        "other info": []
    },
    "mount_outline": [
        {
            "section number": "2.2",
            "key information": "The problem addressed is the inefficiency of conventional RAG models in retrieving relevant information for complex queries, resulting in less accurate answers."
        },
        {
            "section number": "4",
            "key information": "CoRAG is a retrieval-augmented generation model that dynamically reformulates queries based on intermediate retrieval results to improve the accuracy of answers generated for complex queries."
        },
        {
            "section number": "4.1",
            "key information": "CoRAG enhances traditional RAG methods by incorporating multiple retrieval steps that adapt to the evolving context of the query."
        },
        {
            "section number": "6.1",
            "key information": "A limitation of the method may include the increased computational complexity due to multiple retrieval steps, which could affect scalability in certain applications."
        },
        {
            "section number": "7.1",
            "key information": "Future research directions include optimizing the retrieval process for efficiency, exploring further enhancements to the query reformulation strategy, and applying CoRAG to a broader range of knowledge-intensive tasks."
        }
    ],
    "similarity_score": null,
    "image": null,
    "path": "/home/liudingyuan/code/SurveyX/code/SurveyX-main/outputs/t10/papers/Chain-of-retrieval augmented generation.json"
}