{
    "from": null,
    "scholar_id": null,
    "detail_id": null,
    "title": "Characterizing attribution and fluency tradeoffs for retrieval-augmented large language models",
    "abstract": "Despite recent progress, it has been difficult to prevent semantic hallucinations in generative Large Language Models. One common solution to this is augmenting LLMs with a retrieval system and making sure that the generated output is attributable to the retrieved information. Given this new added constraint, it is plausible to expect that the overall quality of the output will be affected, for example, in terms of fluency. Can scaling language models help? Here we examine the relationship between fluency and attribution in LLMs prompted with retrieved evidence in knowledge-heavy dialog settings. Our experiments were implemented with a set of auto-metrics that are aligned with human preferences. They were used to evaluate a large set of generations, produced under varying parameters of LLMs and supplied context. We show that larger models tend to do much better in both fluency and attribution, and that (naively) using top-k retrieval versus top-1 retrieval improves attribution but hurts fluency. We next propose a recipe that could allow smaller models to both close the gap with larger models and preserve the benefits of top-k retrieval while avoiding its drawbacks.",
    "arxivid": "2302.05578v2",
    "bib_name": "Characteri143",
    "md_text": "# Characterizing attribution and fluency tradeoffs for retrieval-augmented large language models\n\n\nabstract\n\nDespite recent progress, it has been difficult to prevent semantic hallucinations in generative Large Language Models. One common solution to this is augmenting LLMs with a retrieval system and making sure that the generated output is attributable to the retrieved information. Given this new added constraint, it is plausible to expect that the overall quality of the output will be affected, for example, in terms of fluency. Can scaling language models help? Here we examine the relationship between fluency and attribution in LLMs prompted with retrieved evidence in knowledge-heavy dialog settings. Our experiments were implemented with a set of auto-metrics that are aligned with human preferences. They were used to evaluate a large set of generations, produced under varying parameters of LLMs and supplied context. We show that larger models tend to do much better in both fluency and attribution, and that (naively) using top-k retrieval versus top-1 retrieval improves attribution but hurts fluency. We next propose a recipe that could allow smaller models to both close the gap with larger models and preserve the benefits of top-k retrieval while avoiding its drawbacks.",
    "paper_type": "benchmark",
    "attri": {
        "background": "This paper addresses the issue of semantic hallucinations in generative Large Language Models (LLMs) and the necessity of augmenting them with a retrieval system to ensure that generated outputs are attributable to the retrieved information. This benchmark fits into the broader research landscape by exploring the trade-offs between fluency and attribution in knowledge-heavy dialog settings.",
        "problem": {
            "definition": "The benchmark is designed to address the trade-off between fluency and attribution in LLMs when prompted with retrieved evidence.",
            "key obstacle": "Existing benchmarks often do not adequately simulate the challenges of balancing fluency and attribution, leading to a gap in understanding how retrieval strategies affect model performance."
        },
        "idea": {
            "intuition": "The thought process behind this benchmark stems from observing that larger models perform better in fluency and attribution, and that retrieval strategies impact these dimensions differently.",
            "opinion": "The authors believe that understanding the trade-offs between fluency and attribution is crucial for advancing the performance of LLMs in practical applications.",
            "innovation": "This benchmark introduces a novel approach by systematically evaluating the effects of different retrieval strategies on fluency and attribution, offering insights that previous benchmarks lacked.",
            "benchmark abbreviation": "FLA"
        },
        "dataset": {
            "source": "The dataset was created using a combination of real-world data and synthetic data generated from LLMs.",
            "desc": "The dataset consists of a large collection of dialog prompts and responses, specifically designed to evaluate fluency and attribution under various conditions.",
            "content": "The dataset includes text data that captures user-dialog interactions and the corresponding model-generated responses.",
            "size": "100,000",
            "domain": "Knowledge-heavy Dialog",
            "task format": "Response Generation"
        },
        "metrics": {
            "metric name": "Fluency, Attribution",
            "aspect": "The aspects of model performance being measured are the quality of generated text in terms of fluency and the degree to which outputs can be traced back to retrieved information.",
            "principle": "The metrics were selected based on their alignment with human preferences and their ability to capture the nuances of fluency and attribution in generated text.",
            "procedure": "Model performance is evaluated through a series of auto-metrics that compare generated outputs against human assessments."
        },
        "experiments": {
            "model": "The models tested include both state-of-the-art LLMs and smaller baseline models.",
            "procedure": "Models were trained with varying parameters and retrieval strategies, including top-k and top-1 retrieval, to assess their impact on fluency and attribution.",
            "result": "Results indicated that larger models generally perform better in both fluency and attribution, while using top-k retrieval improves attribution but can negatively impact fluency.",
            "variability": "Variability in results was accounted for by conducting multiple trials with different subsets of the dataset."
        },
        "conclusion": "The key findings suggest that larger models outperform smaller ones in balancing fluency and attribution, and that careful selection of retrieval strategies is essential for optimizing performance.",
        "discussion": {
            "advantage": "The benchmark contributes to the field by providing a systematic way to evaluate and understand the trade-offs between fluency and attribution in LLMs.",
            "limitation": "One limitation of the benchmark is that it may not fully capture all aspects of user interactions in real-world scenarios, potentially affecting the generalizability of the results.",
            "future work": "Future research should explore additional retrieval strategies and their impact on various dimensions of model performance, as well as investigate the implications of these findings in practical applications."
        },
        "other info": {
            "info1": "The benchmark aims to provide insights that can help in developing more robust LLMs that effectively manage the trade-offs between fluency and attribution.",
            "info2": {
                "info2.1": "The experiments utilized a diverse set of dialog contexts to ensure comprehensive evaluation.",
                "info2.2": "The authors suggest that their findings could inform the design of future LLMs and retrieval systems."
            }
        }
    },
    "mount_outline": [
        {
            "section number": "2.2",
            "key information": "Traditional search technologies often do not adequately simulate the challenges of balancing fluency and attribution, leading to a gap in understanding how retrieval strategies affect model performance."
        },
        {
            "section number": "3.1",
            "key information": "The benchmark is designed to address the trade-off between fluency and attribution in LLMs when prompted with retrieved evidence."
        },
        {
            "section number": "4",
            "key information": "This benchmark introduces a novel approach by systematically evaluating the effects of different retrieval strategies on fluency and attribution, offering insights that previous benchmarks lacked."
        },
        {
            "section number": "4.1",
            "key information": "Results indicated that larger models generally perform better in both fluency and attribution, while using top-k retrieval improves attribution but can negatively impact fluency."
        },
        {
            "section number": "6.2",
            "key information": "One limitation of the benchmark is that it may not fully capture all aspects of user interactions in real-world scenarios, potentially affecting the generalizability of the results."
        },
        {
            "section number": "7.1",
            "key information": "Future research should explore additional retrieval strategies and their impact on various dimensions of model performance, as well as investigate the implications of these findings in practical applications."
        }
    ],
    "similarity_score": null,
    "image": null,
    "path": "/home/liudingyuan/code/SurveyX/code/SurveyX-main/outputs/t10/papers/Characterizing attribution and fluency tradeoffs for retrieval-augmented large language models.json"
}