{
    "from": null,
    "scholar_id": null,
    "detail_id": null,
    "title": "Contrastive learning of user behavior sequence for context-aware document ranking",
    "abstract": "Context information in search sessions has proven to be useful for capturing user search intent. Existing studies explored user behavior sequences in sessions in different ways to enhance query suggestion or document ranking. However, a user behavior sequence has often been viewed as a definite and exact signal reflecting a user's behavior. In reality, it is highly variable: user's queries for the same intent can vary, and different documents can be clicked. To learn a more robust representation of the user behavior sequence, we propose a method based on contrastive learning, which takes into account the possible variations in user's behavior sequences. Specifically, we propose three data augmentation strategies to generate similar variants of user behavior sequences and contrast them with other sequences. In so doing, the model is forced to be more robust regarding the possible variations. The optimized sequence representation is incorporated into document ranking. Experiments on two real query log datasets show that our proposed model outperforms the state-of-the-art methods significantly, which demonstrates the effectiveness of our method for context-aware document ranking.",
    "arxivid": "2108.10510v1",
    "bib_name": "Contrastiv7",
    "md_text": "# Contrastive learning of user behavior sequence for context-aware document ranking\n\n\nabstract\n\nContext information in search sessions has proven to be useful for capturing user search intent. Existing studies explored user behavior sequences in sessions in different ways to enhance query suggestion or document ranking. However, a user behavior sequence has often been viewed as a definite and exact signal reflecting a user's behavior. In reality, it is highly variable: user's queries for the same intent can vary, and different documents can be clicked. To learn a more robust representation of the user behavior sequence, we propose a method based on contrastive learning, which takes into account the possible variations in user's behavior sequences. Specifically, we propose three data augmentation strategies to generate similar variants of user behavior sequences and contrast them with other sequences. In so doing, the model is forced to be more robust regarding the possible variations. The optimized sequence representation is incorporated into document ranking. Experiments on two real query log datasets show that our proposed model outperforms the state-of-the-art methods significantly, which demonstrates the effectiveness of our method for context-aware document ranking.",
    "paper_type": "method",
    "attri": {
        "background": "Context information in search sessions has proven to be useful for capturing user search intent. Existing studies explored user behavior sequences in sessions in different ways to enhance query suggestion or document ranking. However, a user behavior sequence has often been viewed as a definite and exact signal reflecting a user's behavior.",
        "problem": {
            "definition": "The problem addressed in this paper is the variability in user behavior sequences during search sessions, where user queries for the same intent can differ and different documents can be clicked.",
            "key obstacle": "The core obstacle is that existing methods do not adequately account for the variability in user behavior sequences, which can lead to suboptimal document ranking."
        },
        "idea": {
            "intuition": "The intuition behind the proposed method is that by recognizing and learning from the variations in user behavior sequences, a more robust representation can be achieved.",
            "opinion": "The proposed idea involves using contrastive learning to generate similar variants of user behavior sequences and contrast them with other sequences to improve the model's robustness.",
            "innovation": "The primary innovation of this method lies in the introduction of three data augmentation strategies that create similar variants of user behavior sequences, enhancing the model's ability to handle variability."
        },
        "method": {
            "method name": "Contrastive Learning of User Behavior Sequence",
            "method abbreviation": "CLUBS",
            "method definition": "CLUBS is a method that uses contrastive learning to optimize the representation of user behavior sequences by accounting for their inherent variability.",
            "method description": "The core of the method involves generating augmented variants of user behavior sequences and training the model to differentiate between similar and dissimilar sequences.",
            "method steps": "1. Generate augmented variants of user behavior sequences using three data augmentation strategies. 2. Train the model to contrast similar sequences against dissimilar ones. 3. Incorporate the optimized sequence representation into document ranking.",
            "principle": "The method is effective because it forces the model to learn robust representations that can generalize across variations in user behavior, leading to improved document ranking."
        },
        "experiments": {
            "evaluation setting": "Experiments were conducted on two real query log datasets to assess the performance of the proposed method compared to state-of-the-art methods.",
            "evaluation method": "The evaluation method involved measuring and analyzing the performance of the proposed model against baseline methods to demonstrate its effectiveness in document ranking."
        },
        "conclusion": "The experiments showed that the proposed method significantly outperforms state-of-the-art methods, demonstrating its effectiveness for context-aware document ranking.",
        "discussion": {
            "advantage": "The key advantage of the proposed approach is its ability to learn from variations in user behavior sequences, leading to more accurate document ranking.",
            "limitation": "A limitation of the method may be the reliance on the quality of the data augmentation strategies, which could affect the robustness of the learned representations.",
            "future work": "Future work could explore further enhancements to the data augmentation strategies and investigate the application of the method in different contexts beyond document ranking."
        },
        "other info": []
    },
    "mount_outline": [
        {
            "section number": "2.2",
            "key information": "The problem addressed in this paper is the variability in user behavior sequences during search sessions, where user queries for the same intent can differ and different documents can be clicked."
        },
        {
            "section number": "4.1",
            "key information": "The proposed idea involves using contrastive learning to generate similar variants of user behavior sequences and contrast them with other sequences to improve the model's robustness."
        },
        {
            "section number": "4.2",
            "key information": "Experiments were conducted on two real query log datasets to assess the performance of the proposed method compared to state-of-the-art methods."
        },
        {
            "section number": "6.2",
            "key information": "A limitation of the method may be the reliance on the quality of the data augmentation strategies, which could affect the robustness of the learned representations."
        },
        {
            "section number": "7.1",
            "key information": "Future work could explore further enhancements to the data augmentation strategies and investigate the application of the method in different contexts beyond document ranking."
        }
    ],
    "similarity_score": null,
    "image": null,
    "path": "/home/liudingyuan/code/SurveyX/code/SurveyX-main/outputs/t10/papers/Contrastive learning of user behavior sequence for context-aware document ranking.json"
}