{
    "from": null,
    "scholar_id": null,
    "detail_id": null,
    "title": "Corpusbrain: Pre-train a generative retrieval model for knowledge-intensive language tasks",
    "abstract": "Knowledge-intensive language tasks (KILT) usually require a large body of information to provide correct answers. A popular paradigm to solve this problem is to combine a search system with a machine reader, where the former retrieves supporting evidences and the latter examines them to produce answers. Recently, the reader component has witnessed significant advances with the help of large-scale pre-trained generative models. Meanwhile most existing solutions in the search component rely on the traditional \"index-retrieve-then-rank'' pipeline, which suffers from large memory footprint and difficulty in end-to-end optimization. Inspired by recent efforts in constructing model-based IR models, we propose to replace the traditional multi-step search pipeline with a novel single-step generative model, which can dramatically simplify the search process and be optimized in an end-to-end manner. We show that a strong generative retrieval model can be learned with a set of adequately designed pre-training tasks, and be adopted to improve a variety of downstream KILT tasks with further fine-tuning. We name the pre-trained generative retrieval model as CorpusBrain as all information about the corpus is encoded in its parameters without the need of constructing additional index. Empirical results show that CorpusBrain can significantly outperform strong baselines for the retrieval task on the KILT benchmark and establish new state-of-the-art downstream performances. We also show that CorpusBrain works well under zero- and low-resource settings.",
    "arxivid": "2208.07652v1",
    "bib_name": "Corpusbrai84",
    "md_text": "# Corpusbrain: Pre-train a generative retrieval model for knowledge-intensive language tasks\n\n\nabstract\n\nKnowledge-intensive language tasks (KILT) usually require a large body of information to provide correct answers. A popular paradigm to solve this problem is to combine a search system with a machine reader, where the former retrieves supporting evidences and the latter examines them to produce answers. Recently, the reader component has witnessed significant advances with the help of large-scale pre-trained generative models. Meanwhile most existing solutions in the search component rely on the traditional \"index-retrieve-then-rank'' pipeline, which suffers from large memory footprint and difficulty in end-to-end optimization. Inspired by recent efforts in constructing model-based IR models, we propose to replace the traditional multi-step search pipeline with a novel single-step generative model, which can dramatically simplify the search process and be optimized in an end-to-end manner. We show that a strong generative retrieval model can be learned with a set of adequately designed pre-training tasks, and be adopted to improve a variety of downstream KILT tasks with further fine-tuning. We name the pre-trained generative retrieval model as CorpusBrain as all information about the corpus is encoded in its parameters without the need of constructing additional index. Empirical results show that CorpusBrain can significantly outperform strong baselines for the retrieval task on the KILT benchmark and establish new state-of-the-art downstream performances. We also show that CorpusBrain works well under zero- and low-resource settings.",
    "paper_type": "method",
    "attri": {
        "background": "Knowledge-intensive language tasks (KILT) often require extensive information to deliver accurate answers. Traditional methods combine search systems with machine readers, but the search component relies on a multi-step 'index-retrieve-then-rank' pipeline, which has limitations in memory usage and optimization.",
        "problem": {
            "definition": "The existing multi-step search pipeline for knowledge-intensive language tasks is inefficient and restricts end-to-end optimization.",
            "key obstacle": "The core challenge is the large memory footprint and the complexity of optimizing the traditional search methods."
        },
        "idea": {
            "intuition": "Recent advancements in model-based information retrieval (IR) inspired the development of a single-step generative model to streamline the search process.",
            "opinion": "The proposed method, CorpusBrain, simplifies the search pipeline by integrating the retrieval and reading processes into a single generative model.",
            "innovation": "CorpusBrain distinguishes itself by eliminating the need for a separate indexing mechanism, allowing for end-to-end optimization and improved performance in retrieval tasks."
        },
        "method": {
            "method name": "CorpusBrain",
            "method abbreviation": "CB",
            "method definition": "CorpusBrain is a pre-trained generative retrieval model designed to optimize the search process in knowledge-intensive language tasks by encoding all corpus information within its parameters.",
            "method description": "The method integrates the retrieval and reading components into a single generative model, enhancing efficiency.",
            "method steps": "1. Pre-train the generative model with designed tasks. 2. Fine-tune the model for specific KILT tasks. 3. Utilize the model for retrieval without additional indexing.",
            "principle": "The effectiveness of CorpusBrain lies in its ability to encode comprehensive corpus information directly within the model, facilitating efficient retrieval and processing."
        },
        "experiments": {
            "evaluation setting": "Empirical evaluations were conducted on the KILT benchmark, comparing CorpusBrain against strong baseline methods under various resource conditions.",
            "evaluation method": "The performance of CorpusBrain was assessed through retrieval task metrics and downstream task outcomes, demonstrating its superiority over existing methods."
        },
        "conclusion": "CorpusBrain significantly outperforms strong baselines in retrieval tasks and sets new state-of-the-art results for downstream KILT tasks, showcasing its effectiveness even in zero- and low-resource scenarios.",
        "discussion": {
            "advantage": "The key advantages of CorpusBrain include its simplified search process, end-to-end optimization, and superior performance in retrieval tasks.",
            "limitation": "Potential limitations may include the model's dependency on the quality of pre-training tasks and its adaptability to diverse KILT tasks.",
            "future work": "Future research could explore enhancing the model's adaptability, improving pre-training methodologies, and investigating its application in broader contexts."
        },
        "other info": []
    },
    "mount_outline": [
        {
            "section number": "2.1",
            "key information": "The existing multi-step search pipeline for knowledge-intensive language tasks is inefficient and restricts end-to-end optimization."
        },
        {
            "section number": "2.2",
            "key information": "Traditional methods combine search systems with machine readers, but the search component relies on a multi-step 'index-retrieve-then-rank' pipeline, which has limitations in memory usage and optimization."
        },
        {
            "section number": "3.1",
            "key information": "CorpusBrain is a pre-trained generative retrieval model designed to optimize the search process in knowledge-intensive language tasks by encoding all corpus information within its parameters."
        },
        {
            "section number": "4",
            "key information": "The proposed method, CorpusBrain, simplifies the search pipeline by integrating the retrieval and reading processes into a single generative model."
        },
        {
            "section number": "4.2",
            "key information": "Empirical evaluations were conducted on the KILT benchmark, comparing CorpusBrain against strong baseline methods under various resource conditions."
        },
        {
            "section number": "6.2",
            "key information": "Potential limitations may include the model's dependency on the quality of pre-training tasks and its adaptability to diverse KILT tasks."
        },
        {
            "section number": "7.1",
            "key information": "Future research could explore enhancing the model's adaptability, improving pre-training methodologies, and investigating its application in broader contexts."
        }
    ],
    "similarity_score": null,
    "image": null,
    "path": "/home/liudingyuan/code/SurveyX/code/SurveyX-main/outputs/t10/papers/Corpusbrain_ Pre-train a generative retrieval model for knowledge-intensive language tasks.json"
}