{
    "from": null,
    "scholar_id": null,
    "detail_id": null,
    "title": "Cotkr: Chain-of-thought enhanced knowledge rewriting for complex knowledge graph question answering",
    "abstract": "Recent studies have explored the use of Large Language Models (LLMs) with Retrieval Augmented Generation (RAG) for Knowledge Graph Question Answering (KGQA). They typically require rewriting retrieved subgraphs into natural language formats comprehensible to LLMs. However, when tackling complex questions, the knowledge rewritten by existing methods may include irrelevant information, omit crucial details, or fail to align with the question\u2019s semantics. To address them, we propose a novel rewriting method CoTKR, Chain- of-Thought Enhanced Knowledge Rewriting, for generating reasoning traces and corresponding knowledge in an interleaved manner, thereby mitigating the limitations of single-step knowledge rewriting. Additionally, to bridge the preference gap between the knowledge rewriter and the question answering (QA) model, we propose a training strategy PAQAF, Preference Alignment from Question Answering Feedback, for leveraging feedback from the QA model to further optimize the knowledge rewriter. We conduct experiments using various LLMs across several KGQA benchmarks. Experimental results demonstrate that, compared with previous knowledge rewriting methods, CoTKR generates the most beneficial knowledge representation for QA models, which significantly improves the performance of LLMs in KGQA.",
    "arxivid": "2409.19753v4",
    "bib_name": "Cotkr:Chai57",
    "md_text": "# Cotkr: Chain-of-thought enhanced knowledge rewriting for complex knowledge graph question answering\n\n\nabstract\n\nRecent studies have explored the use of Large Language Models (LLMs) with Retrieval Augmented Generation (RAG) for Knowledge Graph Question Answering (KGQA). They typically require rewriting retrieved subgraphs into natural language formats comprehensible to LLMs. However, when tackling complex questions, the knowledge rewritten by existing methods may include irrelevant information, omit crucial details, or fail to align with the question\u2019s semantics. To address them, we propose a novel rewriting method CoTKR, Chain- of-Thought Enhanced Knowledge Rewriting, for generating reasoning traces and corresponding knowledge in an interleaved manner, thereby mitigating the limitations of single-step knowledge rewriting. Additionally, to bridge the preference gap between the knowledge rewriter and the question answering (QA) model, we propose a training strategy PAQAF, Preference Alignment from Question Answering Feedback, for leveraging feedback from the QA model to further optimize the knowledge rewriter. We conduct experiments using various LLMs across several KGQA benchmarks. Experimental results demonstrate that, compared with previous knowledge rewriting methods, CoTKR generates the most beneficial knowledge representation for QA models, which significantly improves the performance of LLMs in KGQA.",
    "paper_type": "method",
    "attri": {
        "background": "This paper addresses the issue of ineffective knowledge rewriting in Knowledge Graph Question Answering (KGQA) when using Large Language Models (LLMs) with Retrieval Augmented Generation (RAG), highlighting the need for a new approach due to the limitations of existing methods that result in irrelevant information or misalignment with question semantics.",
        "problem": {
            "definition": "The problem is the inadequacy of current methods to effectively rewrite retrieved subgraphs into a format that is both relevant and semantically aligned with complex questions in KGQA.",
            "key obstacle": "The main difficulty lies in the tendency of existing rewriting methods to generate knowledge that includes irrelevant details or omits crucial information, thereby hindering the performance of LLMs in answering complex questions."
        },
        "idea": {
            "intuition": "The proposed idea is inspired by the need to enhance the reasoning process during knowledge rewriting, allowing for a more coherent and contextually relevant output that aligns with the question being asked.",
            "opinion": "The idea entails a novel method called CoTKR, which generates reasoning traces and corresponding knowledge in an interleaved manner, improving upon single-step knowledge rewriting approaches.",
            "innovation": "The primary innovation of CoTKR is its dual approach of generating reasoning traces alongside the rewritten knowledge, coupled with a training strategy (PAQAF) that aligns the knowledge rewriter's outputs with feedback from the QA model."
        },
        "method": {
            "method name": "Chain-of-Thought Enhanced Knowledge Rewriting",
            "method abbreviation": "CoTKR",
            "method definition": "CoTKR is a method designed to enhance knowledge rewriting for KGQA by interleaving reasoning traces with the generated knowledge, addressing the limitations of previous single-step methods.",
            "method description": "The core of the method involves the simultaneous generation of reasoning and knowledge, allowing for a more contextual and relevant output.",
            "method steps": "1. Retrieve relevant subgraphs; 2. Generate reasoning traces; 3. Interleave reasoning with knowledge rewriting; 4. Optimize outputs based on QA model feedback.",
            "principle": "The effectiveness of CoTKR in solving the problem lies in its ability to produce more relevant and semantically aligned knowledge outputs through the integration of reasoning processes."
        },
        "experiments": {
            "evaluation setting": "Experiments were conducted using various LLMs across multiple KGQA benchmarks to assess the performance of CoTKR compared to previous knowledge rewriting methods.",
            "evaluation method": "The performance was measured by analyzing the quality of the knowledge representation generated by CoTKR and its impact on the accuracy of LLMs in answering KGQA questions."
        },
        "conclusion": "The experimental results demonstrate that CoTKR significantly improves the performance of LLMs in KGQA by generating more beneficial knowledge representations, thereby validating the proposed approach's effectiveness.",
        "discussion": {
            "advantage": "The key advantages of CoTKR include its ability to produce semantically aligned knowledge outputs and the integration of reasoning traces, which enhance the overall quality of the generated knowledge for complex questions.",
            "limitation": "One limitation of the method may be its reliance on the quality of the feedback from the QA model, which could affect the optimization process of the knowledge rewriter.",
            "future work": "Future research could explore further refinements to the training strategy PAQAF and investigate additional ways to enhance the interleaving process in knowledge rewriting."
        },
        "other info": []
    },
    "mount_outline": [
        {
            "section number": "2.2",
            "key information": "The limitations of existing methods in Knowledge Graph Question Answering (KGQA) result in irrelevant information or misalignment with question semantics."
        },
        {
            "section number": "3.1",
            "key information": "Large Language Models (LLMs) are employed in KGQA, but current methods inadequately rewrite retrieved subgraphs into a relevant format."
        },
        {
            "section number": "4.1",
            "key information": "The proposed method, CoTKR, enhances query rewriting by generating reasoning traces alongside rewritten knowledge, improving contextual relevance."
        },
        {
            "section number": "4.2",
            "key information": "Experiments conducted across multiple KGQA benchmarks demonstrate the effectiveness of CoTKR in improving LLM performance."
        },
        {
            "section number": "6.2",
            "key information": "The method's reliance on the quality of feedback from the QA model may impact the optimization process of the knowledge rewriter."
        },
        {
            "section number": "7.1",
            "key information": "Future research could explore refinements to the training strategy PAQAF to enhance the interleaving process in knowledge rewriting."
        }
    ],
    "similarity_score": null,
    "image": null,
    "path": "/home/liudingyuan/code/SurveyX/code/SurveyX-main/outputs/t10/papers/Cotkr_ Chain-of-thought enhanced knowledge rewriting for complex knowledge graph question answering.json"
}