{
    "from": null,
    "scholar_id": null,
    "detail_id": null,
    "title": "Crafting the path: Robust query rewriting for information retrieval",
    "abstract": "Query rewriting aims to generate a new query that can complement the original query to improve the information retrieval system. Recent studies on query rewriting, such as query2doc, query2expand and querey2cot, rely on the internal knowledge of Large Language Models (LLMs) to generate a relevant passage to add information to the query. Nevertheless, the efficacy of these methodologies may markedly decline in instances where the requisite knowledge is not encapsulated within the model\u2019s intrinsic parameters. In this paper, we propose a novel structured query rewriting method called Crafting The Path tailored for retrieval systems. Crafting The Path involves a three-step process that crafts query-related information necessary for finding the passages to be searched in each step. Specifically, the Crafting The Path begins with Query Concept Comprehension, proceeds to Query Type Identification, and finally conducts Expected Answer Extraction. Experimental results show that our method outperforms previous rewriting methods, especially in less familiar domains for LLMs. We demonstrate that our method is less dependent on the internal parameter knowledge of the model and generates queries with fewer factual inaccuracies. Furthermore, we observe that Crafting The Path demonstrates superior performance in the retrieval-augmented generation scenarios.",
    "arxivid": "2407.12529v2",
    "bib_name": "Craftingth58",
    "md_text": "# Crafting the path: Robust query rewriting for information retrieval\n\n\nabstract\n\nQuery rewriting aims to generate a new query that can complement the original query to improve the information retrieval system. Recent studies on query rewriting, such as query2doc, query2expand and querey2cot, rely on the internal knowledge of Large Language Models (LLMs) to generate a relevant passage to add information to the query. Nevertheless, the efficacy of these methodologies may markedly decline in instances where the requisite knowledge is not encapsulated within the model\u2019s intrinsic parameters. In this paper, we propose a novel structured query rewriting method called Crafting The Path tailored for retrieval systems. Crafting The Path involves a three-step process that crafts query-related information necessary for finding the passages to be searched in each step. Specifically, the Crafting The Path begins with Query Concept Comprehension, proceeds to Query Type Identification, and finally conducts Expected Answer Extraction. Experimental results show that our method outperforms previous rewriting methods, especially in less familiar domains for LLMs. We demonstrate that our method is less dependent on the internal parameter knowledge of the model and generates queries with fewer factual inaccuracies. Furthermore, we observe that Crafting The Path demonstrates superior performance in the retrieval-augmented generation scenarios.",
    "paper_type": "method",
    "attri": {
        "background": "This paper addresses the issue of improving information retrieval systems through effective query rewriting. Previous methods, such as query2doc, query2expand, and query2cot, leverage the internal knowledge of Large Language Models (LLMs) to enhance queries. However, these approaches can falter when the necessary knowledge is not embedded within the model's parameters, highlighting the need for a new method.",
        "problem": {
            "definition": "The problem this paper aims to solve is the inefficacy of existing query rewriting methods in scenarios where the required knowledge is not present in the model's intrinsic parameters, leading to less accurate retrieval results.",
            "key obstacle": "The core obstacle is the dependency of current methods on the internal knowledge of LLMs, which limits their effectiveness in unfamiliar domains."
        },
        "idea": {
            "intuition": "The idea was inspired by the observation that structured approaches to query rewriting could enhance the relevance and accuracy of the generated queries.",
            "opinion": "The proposed idea, Crafting The Path, entails a structured method that systematically generates query-related information in a three-step process to improve retrieval performance.",
            "innovation": "The primary innovation of Crafting The Path lies in its structured approach, which reduces reliance on LLM internal parameters and minimizes factual inaccuracies in generated queries."
        },
        "method": {
            "method name": "Crafting The Path",
            "method abbreviation": "CTP",
            "method definition": "Crafting The Path is a structured query rewriting method that enhances information retrieval by systematically generating query-related information through three distinct steps.",
            "method description": "The method involves Query Concept Comprehension, Query Type Identification, and Expected Answer Extraction to improve query relevance.",
            "method steps": [
                "Step 1: Query Concept Comprehension",
                "Step 2: Query Type Identification",
                "Step 3: Expected Answer Extraction"
            ],
            "principle": "The effectiveness of Crafting The Path is rooted in its structured approach, which allows for better alignment of queries with the information retrieval process, thereby improving accuracy and relevance."
        },
        "experiments": {
            "evaluation setting": "The experimental setup involved comparing the performance of Crafting The Path against previous query rewriting methods in various retrieval scenarios, particularly in less familiar domains for LLMs.",
            "evaluation method": "The evaluation method included measuring the relevance and accuracy of the generated queries and analyzing their impact on retrieval performance."
        },
        "conclusion": "The experimental results indicate that Crafting The Path outperforms existing rewriting methods, particularly in scenarios where LLMs are less knowledgeable, demonstrating a reduction in factual inaccuracies and improved performance in retrieval-augmented generation.",
        "discussion": {
            "advantage": "Key advantages of Crafting The Path include its reduced dependency on LLM internal knowledge and its ability to generate more accurate queries, especially in less familiar domains.",
            "limitation": "A limitation of the method could be its reliance on the structured approach, which may not be adaptable to all types of queries or retrieval contexts.",
            "future work": "Future work could explore further enhancements to the method, including adapting it for diverse query types and integrating additional contextual information to improve performance."
        },
        "other info": []
    },
    "mount_outline": [
        {
            "section number": "4.1",
            "key information": "The proposed method, Crafting The Path, enhances information retrieval by systematically generating query-related information through three distinct steps: Query Concept Comprehension, Query Type Identification, and Expected Answer Extraction."
        },
        {
            "section number": "4.2",
            "key information": "The experimental results indicate that Crafting The Path outperforms existing rewriting methods, particularly in scenarios where LLMs are less knowledgeable, demonstrating a reduction in factual inaccuracies and improved performance in retrieval-augmented generation."
        },
        {
            "section number": "6.2",
            "key information": "A limitation of the Crafting The Path method could be its reliance on the structured approach, which may not be adaptable to all types of queries or retrieval contexts."
        },
        {
            "section number": "7.1",
            "key information": "Future work could explore further enhancements to Crafting The Path, including adapting it for diverse query types and integrating additional contextual information to improve performance."
        }
    ],
    "similarity_score": null,
    "image": null,
    "path": "/home/liudingyuan/code/SurveyX/code/SurveyX-main/outputs/t10/papers/Crafting the path_ Robust query rewriting for information retrieval.json"
}