{
    "from": null,
    "scholar_id": null,
    "detail_id": null,
    "title": "Crosslingual retrieval augmented in-context learning for bangla",
    "abstract": "The promise of Large Language Models (LLMs) in Natural Language Processing has often been overshadowed by their limited performance in low-resource languages such as Bangla. To address this, our paper presents a pioneering approach that utilizes cross-lingual retrieval augmented in-context learning. By strategically sourcing semantically similar prompts from high-resource language, we enable multilingual pretrained language models (MPLMs), especially the generative model BLOOMZ, to successfully boost performance on Bangla tasks. Our extensive evaluation highlights that the cross-lingual retrieval augmented prompts bring steady improvements to MPLMs over the zero-shot performance.",
    "arxivid": "2311.00587v2",
    "bib_name": "Crosslingu150",
    "md_text": "# Crosslingual retrieval augmented in-context learning for bangla\n\n\nabstract\n\nThe promise of Large Language Models (LLMs) in Natural Language Processing has often been overshadowed by their limited performance in low-resource languages such as Bangla. To address this, our paper presents a pioneering approach that utilizes cross-lingual retrieval augmented in-context learning. By strategically sourcing semantically similar prompts from high-resource language, we enable multilingual pretrained language models (MPLMs), especially the generative model BLOOMZ, to successfully boost performance on Bangla tasks. Our extensive evaluation highlights that the cross-lingual retrieval augmented prompts bring steady improvements to MPLMs over the zero-shot performance.",
    "paper_type": "method",
    "attri": {
        "background": "This paper addresses the issue of limited performance of Large Language Models (LLMs) in low-resource languages, specifically Bangla, and discusses previous methods that have struggled to enhance performance in such contexts, highlighting the necessity for a new approach.",
        "problem": {
            "definition": "The problem defined is the inadequate performance of LLMs on Bangla tasks due to the lack of resources and training data available in this language.",
            "key obstacle": "The main difficulty lies in the scarcity of high-quality training data for Bangla, which hampers the effectiveness of existing LLM methods."
        },
        "idea": {
            "intuition": "The intuition behind the proposed idea is that sourcing semantically similar prompts from high-resource languages can provide valuable context and improve the performance of models on low-resource languages.",
            "opinion": "The proposed idea involves utilizing cross-lingual retrieval to augment in-context learning for Bangla, enabling MPLMs to leverage information from high-resource languages.",
            "innovation": "The primary innovation is the integration of cross-lingual retrieval with in-context learning, which distinguishes this method from traditional approaches that do not utilize such retrieval mechanisms."
        },
        "method": {
            "method name": "Crosslingual Retrieval Augmented In-Context Learning",
            "method abbreviation": "CRAIL",
            "method definition": "CRAIL is defined as a method that enhances the performance of multilingual pretrained language models by incorporating semantically similar prompts retrieved from high-resource languages into the learning process for low-resource languages.",
            "method description": "The core of the method involves retrieving relevant prompts from high-resource languages to augment the training data for Bangla tasks.",
            "principle": "This method is effective because it allows the model to learn from a broader context, thereby improving its understanding and performance in Bangla through the use of related prompts."
        },
        "experiments": {
            "evaluation setting": "The experimental setup includes evaluating the performance of the proposed method on various Bangla tasks, comparing it against baseline methods to assess improvements.",
            "evaluation method": "The evaluation method involves measuring and analyzing the performance of MPLMs before and after the integration of cross-lingual retrieval augmented prompts."
        },
        "conclusion": "The outcomes of the experiments demonstrate that cross-lingual retrieval augmented prompts significantly enhance the performance of MPLMs on Bangla tasks, contributing to advancements in natural language processing for low-resource languages.",
        "discussion": {
            "advantage": "The key advantages of the proposed approach include improved performance on Bangla tasks and the ability to leverage high-resource language data effectively.",
            "limitation": "A limitation of the method may be its dependency on the availability of relevant high-resource language prompts, which could affect its applicability across different contexts.",
            "future work": "Future work should focus on refining the retrieval process and exploring additional languages to further enhance the method's effectiveness and applicability."
        },
        "other info": []
    },
    "mount_outline": [
        {
            "section number": "2.1",
            "key information": "The problem defined is the inadequate performance of LLMs on Bangla tasks due to the lack of resources and training data available in this language."
        },
        {
            "section number": "2.2",
            "key information": "The main difficulty lies in the scarcity of high-quality training data for Bangla, which hampers the effectiveness of existing LLM methods."
        },
        {
            "section number": "3.1",
            "key information": "CRAIL is defined as a method that enhances the performance of multilingual pretrained language models by incorporating semantically similar prompts retrieved from high-resource languages into the learning process for low-resource languages."
        },
        {
            "section number": "4.1",
            "key information": "The proposed idea involves utilizing cross-lingual retrieval to augment in-context learning for Bangla, enabling MPLMs to leverage information from high-resource languages."
        },
        {
            "section number": "6.2",
            "key information": "A limitation of the method may be its dependency on the availability of relevant high-resource language prompts, which could affect its applicability across different contexts."
        },
        {
            "section number": "7.1",
            "key information": "Future work should focus on refining the retrieval process and exploring additional languages to further enhance the method's effectiveness and applicability."
        }
    ],
    "similarity_score": null,
    "image": null,
    "path": "/home/liudingyuan/code/SurveyX/code/SurveyX-main/outputs/t10/papers/Crosslingual retrieval augmented in-context learning for bangla.json"
}