{
    "from": null,
    "scholar_id": null,
    "detail_id": null,
    "title": "Dense passage retrieval for open-domain question answering",
    "abstract": "Open-domain question answering relies on efficient passage retrieval to select candidate contexts, where traditional sparse vector space models, such as TF-IDF or BM25, are the de facto method. In this work, we show that retrieval can be practically implemented using dense representations alone, where embeddings are learned from a small number of questions and passages by a simple dual-encoder framework. When evaluated on a wide range of open-domain QA datasets, our dense retriever outperforms a strong Lucene-BM25 system largely by 9%-19% absolute in terms of top-20 passage retrieval accuracy, and helps our end-to-end QA system establish new state-of-the-art on multiple open-domain QA benchmarks.",
    "arxivid": "2004.04906v3",
    "bib_name": "Densepassa2",
    "md_text": "# Dense passage retrieval for open-domain question answering\n\n\nabstract\n\nOpen-domain question answering relies on efficient passage retrieval to select candidate contexts, where traditional sparse vector space models, such as TF-IDF or BM25, are the de facto method. In this work, we show that retrieval can be practically implemented using dense representations alone, where embeddings are learned from a small number of questions and passages by a simple dual-encoder framework. When evaluated on a wide range of open-domain QA datasets, our dense retriever outperforms a strong Lucene-BM25 system largely by 9%-19% absolute in terms of top-20 passage retrieval accuracy, and helps our end-to-end QA system establish new state-of-the-art on multiple open-domain QA benchmarks.",
    "paper_type": "benchmark",
    "attri": {
        "background": "Open-domain question answering relies heavily on efficient passage retrieval methods. Traditional sparse vector space models like TF-IDF or BM25 have been the standard approach. However, the limitations of these models in effectively retrieving relevant passages have prompted the need for a new benchmark that can better evaluate dense representation methods in this context.",
        "problem": {
            "definition": "The benchmark is designed to address the challenge of selecting candidate contexts for open-domain question answering, specifically focusing on the retrieval accuracy of passages relevant to user queries.",
            "key obstacle": "Existing benchmarks primarily evaluate traditional sparse retrieval methods, which may not adequately reflect the performance of modern dense retrieval approaches."
        },
        "idea": {
            "intuition": "The thought process behind the benchmark stems from the observation that dense representations can significantly improve retrieval accuracy, despite being less commonly used in traditional frameworks.",
            "opinion": "The authors believe that the introduction of a dense retrieval benchmark is crucial for advancing the field of open-domain question answering, as it encourages the development and evaluation of more effective retrieval models.",
            "innovation": "This benchmark differs from previous ones by focusing specifically on dense retrieval methods, utilizing a dual-encoder framework that learns embeddings from a limited set of questions and passages, which offers a novel approach to passage retrieval.",
            "benchmark abbreviation": "DPR"
        },
        "dataset": {
            "source": "The dataset was created by collecting a diverse set of open-domain question answering datasets, allowing for a comprehensive evaluation of retrieval methods.",
            "desc": "The dataset includes various open-domain QA datasets, ensuring a wide range of contexts and queries for evaluation.",
            "content": "The dataset comprises text passages that serve as potential answers to the posed questions, which are critical for evaluating retrieval performance.",
            "size": "-",
            "domain": "Open-Domain Question Answering",
            "task format": "Passage Retrieval"
        },
        "metrics": {
            "metric name": "Top-20 Passage Retrieval Accuracy",
            "aspect": "Accuracy of retrieved passages in relation to user queries.",
            "principle": "The selection of accuracy as a primary metric is based on its direct relevance to the effectiveness of retrieval methods in providing correct answers to questions.",
            "procedure": "Models are evaluated by measuring the accuracy of the top-20 retrieved passages against a set of gold-standard answers for each question."
        },
        "experiments": {
            "model": "The benchmark tests a dense retriever model implemented via a dual-encoder framework, compared against a strong baseline model using Lucene-BM25.",
            "procedure": "Models were trained on a limited set of questions and passages, with parameters optimized for retrieval tasks.",
            "result": "The dense retriever model outperformed the Lucene-BM25 system by 9%-19% in terms of top-20 passage retrieval accuracy, indicating significant improvements.",
            "variability": "Variability in results was accounted for by conducting multiple trials and evaluating performance across different datasets."
        },
        "conclusion": "The experiments demonstrate that dense passage retrieval methods can significantly enhance the accuracy of open-domain question answering systems, indicating a shift in how passage retrieval should be approached in future research.",
        "discussion": {
            "advantage": "The benchmark facilitates the evaluation of novel dense retrieval methods, contributing to improved performance in open-domain question answering systems.",
            "limitation": "Potential limitations include the reliance on a limited dataset for training, which may not fully capture the diversity of real-world queries.",
            "future work": "Future research could explore expanding the dataset and further optimizing dense retrieval methods to enhance their applicability across various domains."
        },
        "other info": []
    },
    "mount_outline": [
        {
            "section number": "2.2",
            "key information": "Traditional sparse vector space models like TF-IDF or BM25 have been the standard approach for passage retrieval methods, but they have limitations in effectively retrieving relevant passages."
        },
        {
            "section number": "4",
            "key information": "The introduction of a dense retrieval benchmark is crucial for advancing the field of open-domain question answering, as it encourages the development and evaluation of more effective retrieval models."
        },
        {
            "section number": "4.1",
            "key information": "The benchmark tests a dense retriever model implemented via a dual-encoder framework, which significantly enhances the accuracy of open-domain question answering systems."
        },
        {
            "section number": "6.2",
            "key information": "Potential limitations include the reliance on a limited dataset for training, which may not fully capture the diversity of real-world queries."
        },
        {
            "section number": "7.1",
            "key information": "Future research could explore expanding the dataset and further optimizing dense retrieval methods to enhance their applicability across various domains."
        }
    ],
    "similarity_score": null,
    "image": null,
    "path": "/home/liudingyuan/code/SurveyX/code/SurveyX-main/outputs/t10/papers/Dense passage retrieval for open-domain question answering.json"
}