{
    "from": null,
    "scholar_id": null,
    "detail_id": null,
    "title": "Dialog inpainting: Turning documents into dialogs",
    "abstract": "Many important questions (e.g.\"How to eat healthier?\") require conversation to establish context and explore in depth. However, conversational question answering (ConvQA) systems have long been stymied by scarce training data that is expensive to collect. To address this problem, we propose a new technique for synthetically generating diverse and high-quality dialog data: dialog inpainting. Our approach takes the text of any document and transforms it into a two-person dialog between the writer and an imagined reader: we treat sentences from the article as utterances spoken by the writer, and then use a dialog inpainter to predict what the imagined reader asked or said in between each of the writer's utterances. By applying this approach to passages from Wikipedia and the web, we produce WikiDialog and WebDialog, two datasets totalling 19 million diverse information-seeking dialogs -- 1,000x larger than the largest existing ConvQA dataset. Furthermore, human raters judge the answer adequacy and conversationality of WikiDialog to be as good or better than existing manually-collected datasets. Using our inpainted data to pre-train ConvQA retrieval systems, we significantly advance state-of-the-art across three benchmarks (QReCC, OR-QuAC, TREC CAsT) yielding up to 40% relative gains on standard evaluation metrics.",
    "arxivid": "2205.09073v2",
    "bib_name": "Dialoginpa51",
    "md_text": "# Dialog inpainting: Turning documents into dialogs\n\n\nabstract\n\nMany important questions (e.g.\"How to eat healthier?\") require conversation to establish context and explore in depth. However, conversational question answering (ConvQA) systems have long been stymied by scarce training data that is expensive to collect. To address this problem, we propose a new technique for synthetically generating diverse and high-quality dialog data: dialog inpainting. Our approach takes the text of any document and transforms it into a two-person dialog between the writer and an imagined reader: we treat sentences from the article as utterances spoken by the writer, and then use a dialog inpainter to predict what the imagined reader asked or said in between each of the writer's utterances. By applying this approach to passages from Wikipedia and the web, we produce WikiDialog and WebDialog, two datasets totalling 19 million diverse information-seeking dialogs -- 1,000x larger than the largest existing ConvQA dataset. Furthermore, human raters judge the answer adequacy and conversationality of WikiDialog to be as good or better than existing manually-collected datasets. Using our inpainted data to pre-train ConvQA retrieval systems, we significantly advance state-of-the-art across three benchmarks (QReCC, OR-QuAC, TREC CAsT) yielding up to 40% relative gains on standard evaluation metrics.",
    "paper_type": "benchmark",
    "attri": {
        "background": "Many important questions require conversation to establish context and explore in depth. Conversational question answering (ConvQA) systems have been limited by the scarcity of training data, which is expensive to collect. This benchmark aims to provide a solution to this problem by generating synthetic dialog data.",
        "problem": {
            "definition": "The benchmark addresses the challenge of generating sufficient and diverse training data for ConvQA systems.",
            "key obstacle": "Existing benchmarks suffer from limited data availability and diversity, which this new benchmark aims to overcome."
        },
        "idea": {
            "intuition": "The inspiration for this benchmark comes from the need to create rich dialog data from existing documents to enhance ConvQA systems.",
            "opinion": "The authors emphasize the importance of this benchmark in improving the performance of ConvQA systems and advancing the field.",
            "innovation": "This benchmark introduces a novel method of dialog inpainting that transforms document text into dialogs, vastly increasing the dataset size and diversity compared to previous benchmarks.",
            "benchmark abbreviation": "WikiDialog and WebDialog"
        },
        "dataset": {
            "source": "The dataset was created by synthetically generating dialogs from text passages sourced from Wikipedia and the web.",
            "desc": "The dataset comprises 19 million diverse information-seeking dialogs, making it 1,000 times larger than the largest existing ConvQA dataset.",
            "content": "The dataset includes dialogs that simulate conversations between a writer and an imagined reader, derived from the text of documents.",
            "size": "19,000,000",
            "domain": "Conversational Question Answering",
            "task format": "Dialog Generation"
        },
        "metrics": {
            "metric name": "Accuracy, F1-score",
            "aspect": "Model performance in terms of answer adequacy and conversationality.",
            "principle": "The metrics were chosen based on their ability to evaluate the effectiveness of the generated dialogs in a conversational context.",
            "procedure": "Models were evaluated using standard evaluation metrics on three established benchmarks."
        },
        "experiments": {
            "model": "State-of-the-art ConvQA retrieval systems were tested.",
            "procedure": "Models were pre-trained using the inpainted data generated from the new benchmark.",
            "result": "The models showed significant improvements, yielding up to 40% relative gains on standard evaluation metrics across three benchmarks.",
            "variability": "Variability was accounted for through comprehensive testing across multiple benchmarks."
        },
        "conclusion": "The experiments demonstrate that the new benchmark significantly enhances the performance of ConvQA systems, highlighting its potential impact on the field.",
        "discussion": {
            "advantage": "This benchmark provides a vast and diverse dataset that addresses the limitations of existing ConvQA datasets.",
            "limitation": "Potential limitations include the reliance on synthetic data, which may not capture all nuances of natural conversation.",
            "future work": "Future research could explore further improvements in dialog inpainting techniques and their applications in other domains."
        },
        "other info": []
    },
    "mount_outline": [
        {
            "section number": "2.2",
            "key information": "Existing benchmarks suffer from limited data availability and diversity, which this new benchmark aims to overcome."
        },
        {
            "section number": "3.1",
            "key information": "The benchmark addresses the challenge of generating sufficient and diverse training data for ConvQA systems."
        },
        {
            "section number": "4.1",
            "key information": "The inspiration for this benchmark comes from the need to create rich dialog data from existing documents to enhance ConvQA systems."
        },
        {
            "section number": "4.2",
            "key information": "The dataset comprises 19 million diverse information-seeking dialogs, making it 1,000 times larger than the largest existing ConvQA dataset."
        },
        {
            "section number": "6.2",
            "key information": "Potential limitations include the reliance on synthetic data, which may not capture all nuances of natural conversation."
        },
        {
            "section number": "7.1",
            "key information": "Future research could explore further improvements in dialog inpainting techniques and their applications in other domains."
        }
    ],
    "similarity_score": null,
    "image": null,
    "path": "/home/liudingyuan/code/SurveyX/code/SurveyX-main/outputs/t10/papers/Dialog inpainting_ Turning documents into dialogs.json"
}