{
    "from": null,
    "scholar_id": null,
    "detail_id": null,
    "title": "Document ranking with a pretrained sequence-to-sequence model",
    "abstract": "This work proposes the use of a pretrained sequence-to-sequence model for document ranking. Our approach is fundamentally different from a commonly adopted classification-based formulation based on encoder-only pretrained transformer architectures such as BERT. We show how a sequence-to-sequence model can be trained to generate relevance labels as \u201ctarget tokens\u201d, and how the underlying logits of these target tokens can be interpreted as relevance probabilities for ranking. Experimental results on the MS MARCO passage ranking task show that our ranking approach is superior to strong encoder-only models. On three other document retrieval test collections, we demonstrate a zero-shot transfer-based approach that outperforms previous state-of-the-art models requiring in-domain cross-validation. Furthermore, we find that our approach significantly outperforms an encoder-only architecture in a data-poor setting. We investigate this observation in more detail by varying target tokens to probe the model\u2019s use of latent knowledge. Surprisingly, we find that the choice of target tokens impacts effectiveness, even for words that are closely related semantically. This finding sheds some light on why our sequence-to-sequence formulation for document ranking is effective. Code and models are available at pygaggle.ai.",
    "arxivid": "2003.06713v1",
    "bib_name": "Documentra6",
    "md_text": "# Document ranking with a pretrained sequence-to-sequence model\n\n\nabstract\n\nThis work proposes the use of a pretrained sequence-to-sequence model for document ranking. Our approach is fundamentally different from a commonly adopted classification-based formulation based on encoder-only pretrained transformer architectures such as BERT. We show how a sequence-to-sequence model can be trained to generate relevance labels as \u201ctarget tokens\u201d, and how the underlying logits of these target tokens can be interpreted as relevance probabilities for ranking. Experimental results on the MS MARCO passage ranking task show that our ranking approach is superior to strong encoder-only models. On three other document retrieval test collections, we demonstrate a zero-shot transfer-based approach that outperforms previous state-of-the-art models requiring in-domain cross-validation. Furthermore, we find that our approach significantly outperforms an encoder-only architecture in a data-poor setting. We investigate this observation in more detail by varying target tokens to probe the model\u2019s use of latent knowledge. Surprisingly, we find that the choice of target tokens impacts effectiveness, even for words that are closely related semantically. This finding sheds some light on why our sequence-to-sequence formulation for document ranking is effective. Code and models are available at pygaggle.ai.",
    "paper_type": "method",
    "attri": {
        "background": "This paper addresses the issue of document ranking using pretrained sequence-to-sequence models, highlighting the limitations of traditional classification-based methods that rely on encoder-only transformer architectures like BERT. The necessity for a new approach is underscored by the superior performance of sequence-to-sequence models in generating relevance labels for ranking.",
        "problem": {
            "definition": "The problem this paper aims to solve is the inefficiency of existing document ranking methods that use encoder-only models, which do not effectively leverage the capabilities of sequence-to-sequence architectures.",
            "key obstacle": "The core obstacle is the reliance on classification-based formulations that fail to capture the nuances of relevance ranking compared to the generative capabilities of sequence-to-sequence models."
        },
        "idea": {
            "intuition": "The idea was inspired by the observation that sequence-to-sequence models can generate relevance labels as target tokens, leading to a more effective representation of document relevance.",
            "opinion": "The proposed idea entails using a pretrained sequence-to-sequence model to generate relevance labels, interpreting the underlying logits as probabilities for ranking documents.",
            "innovation": "The primary innovation of this method lies in its ability to generate relevance labels directly, contrasting with existing approaches that use fixed classification outputs, thus allowing for a more dynamic and effective ranking process."
        },
        "method": {
            "method name": "Pretrained Sequence-to-Sequence Model for Document Ranking",
            "method abbreviation": "Seq2Seq-Rank",
            "method definition": "This method utilizes a pretrained sequence-to-sequence model to generate relevance labels for documents, interpreting the logits of these labels as relevance probabilities for effective ranking.",
            "method description": "The core of the method involves training the sequence-to-sequence model to produce relevance labels, which are then used for ranking documents based on their predicted relevance.",
            "method steps": [
                "Train a pretrained sequence-to-sequence model on document relevance data.",
                "Generate relevance labels as target tokens during the ranking process.",
                "Interpret the logits of these target tokens as relevance probabilities.",
                "Rank documents based on the generated relevance probabilities."
            ],
            "principle": "This method is effective in solving the problem because it leverages the generative capabilities of sequence-to-sequence models to produce dynamic relevance labels, improving the ranking process compared to static classification methods."
        },
        "experiments": {
            "evaluation setting": "The experimental setup involved testing the proposed method on the MS MARCO passage ranking task and three other document retrieval test collections, comparing its performance against strong encoder-only models.",
            "evaluation method": "The evaluation method included measuring the ranking effectiveness of the proposed approach and analyzing the impact of varying target tokens on the model's performance."
        },
        "conclusion": "The experiments demonstrate that the proposed sequence-to-sequence ranking approach significantly outperforms encoder-only models, especially in data-poor settings, and highlights the importance of target token selection in enhancing ranking effectiveness.",
        "discussion": {
            "advantage": "Key advantages of the proposed approach include its superior performance in various ranking tasks and its effectiveness in data-scarce scenarios, showcasing its robustness compared to traditional methods.",
            "limitation": "A limitation of the method may involve its dependency on the choice of target tokens, which could affect the model's effectiveness in certain contexts.",
            "future work": "Future research could explore optimizing target token selection and extending the method to other ranking tasks or datasets to further validate its effectiveness."
        },
        "other info": {
            "code and models": "Available at pygaggle.ai"
        }
    },
    "mount_outline": [
        {
            "section number": "2.2",
            "key information": "The paper highlights the limitations of traditional classification-based methods that rely on encoder-only transformer architectures like BERT, which do not effectively leverage the capabilities of sequence-to-sequence architectures."
        },
        {
            "section number": "3.1",
            "key information": "The proposed method, 'Seq2Seq-Rank', utilizes a pretrained sequence-to-sequence model to generate relevance labels for documents, interpreting the logits of these labels as relevance probabilities for effective ranking."
        },
        {
            "section number": "4.1",
            "key information": "The method involves training the sequence-to-sequence model to produce relevance labels, which are then used for ranking documents based on their predicted relevance."
        },
        {
            "section number": "4.2",
            "key information": "The experimental setup involved testing the proposed method on the MS MARCO passage ranking task and comparing its performance against strong encoder-only models."
        },
        {
            "section number": "6.2",
            "key information": "A limitation of the method may involve its dependency on the choice of target tokens, which could affect the model's effectiveness in certain contexts."
        },
        {
            "section number": "7.1",
            "key information": "Future research could explore optimizing target token selection and extending the method to other ranking tasks or datasets to further validate its effectiveness."
        }
    ],
    "similarity_score": null,
    "image": null,
    "path": "/home/liudingyuan/code/SurveyX/code/SurveyX-main/outputs/t10/papers/Document ranking with a pretrained sequence-to-sequence model.json"
}