{
    "from": null,
    "scholar_id": null,
    "detail_id": null,
    "title": "Enhancing financial sentiment analysis via retrieval augmented large language models",
    "abstract": "Financial sentiment analysis is critical for valuation and investment decision-making. Traditional NLP models, however, are limited by their parameter size and the scope of their training datasets, which hampers their generalization capabilities and effectiveness in this field. Recently, Large Language Models (LLMs) pre-trained on extensive corpora have demonstrated superior performance across various NLP tasks due to their commendable zero-shot abilities. Yet, directly applying LLMs to financial sentiment analysis presents challenges: The discrepancy between the pre-training objective of LLMs and predicting the sentiment label can compromise their predictive performance. Furthermore, the succinct nature of financial news, often devoid of sufficient context, can significantly diminish the reliability of LLMs\u2019 sentiment analysis. To address these challenges, we introduce a retrieval-augmented LLMs framework for financial sentiment analysis. This framework includes an instruction-tuned LLMs module, which ensures LLMs behave as predictors of sentiment labels, and a retrieval-augmentation module which retrieves additional context from reliable external sources. Benchmarked against traditional models and LLMs like ChatGPT and LLaMA, our approach achieves 15% to 48% performance gain in accuracy and F1 score.",
    "arxivid": "2310.04027v2",
    "bib_name": "Enhancingf152",
    "md_text": "# Enhancing financial sentiment analysis via retrieval augmented large language models\n\n\nabstract\n\nFinancial sentiment analysis is critical for valuation and investment decision-making. Traditional NLP models, however, are limited by their parameter size and the scope of their training datasets, which hampers their generalization capabilities and effectiveness in this field. Recently, Large Language Models (LLMs) pre-trained on extensive corpora have demonstrated superior performance across various NLP tasks due to their commendable zero-shot abilities. Yet, directly applying LLMs to financial sentiment analysis presents challenges: The discrepancy between the pre-training objective of LLMs and predicting the sentiment label can compromise their predictive performance. Furthermore, the succinct nature of financial news, often devoid of sufficient context, can significantly diminish the reliability of LLMs\u2019 sentiment analysis. To address these challenges, we introduce a retrieval-augmented LLMs framework for financial sentiment analysis. This framework includes an instruction-tuned LLMs module, which ensures LLMs behave as predictors of sentiment labels, and a retrieval-augmentation module which retrieves additional context from reliable external sources. Benchmarked against traditional models and LLMs like ChatGPT and LLaMA, our approach achieves 15% to 48% performance gain in accuracy and F1 score.",
    "paper_type": "method",
    "attri": {
        "background": "Financial sentiment analysis is critical for valuation and investment decision-making. Traditional NLP models are limited by their parameter size and the scope of their training datasets, which hampers their generalization capabilities and effectiveness in this field. Recently, Large Language Models (LLMs) pre-trained on extensive corpora have demonstrated superior performance across various NLP tasks due to their commendable zero-shot abilities. However, directly applying LLMs to financial sentiment analysis presents challenges due to the discrepancy between the pre-training objective of LLMs and predicting the sentiment label, as well as the succinct nature of financial news, which often lacks sufficient context.",
        "problem": {
            "definition": "The paper aims to solve the problem of inadequate predictive performance in financial sentiment analysis when using traditional NLP models and LLMs.",
            "key obstacle": "The main challenge is the mismatch between the pre-training objectives of LLMs and the requirements for accurately predicting sentiment labels, compounded by the lack of contextual information in financial news."
        },
        "idea": {
            "intuition": "The idea is inspired by the need to enhance the contextual understanding of LLMs in financial sentiment analysis by retrieving relevant information from external sources.",
            "opinion": "The proposed idea involves a retrieval-augmented framework that combines instruction-tuned LLMs with a module for retrieving additional context to improve sentiment analysis accuracy.",
            "innovation": "The primary innovation is the integration of a retrieval-augmentation module with LLMs, which allows for enhanced contextual understanding and improved performance over existing approaches."
        },
        "method": {
            "method name": "Retrieval-Augmented Large Language Models Framework",
            "method abbreviation": "RALM",
            "method definition": "RALM is a framework that combines instruction-tuned LLMs with a retrieval module to enhance financial sentiment analysis by providing additional context from reliable external sources.",
            "method description": "The method leverages LLMs augmented with external retrieval mechanisms to improve sentiment prediction accuracy in financial contexts.",
            "method steps": "1. Use an instruction-tuned LLM module to predict sentiment labels. 2. Implement a retrieval module to fetch relevant contextual information from external sources. 3. Combine the outputs for enhanced sentiment analysis.",
            "principle": "This method is effective because it addresses the limitations of LLMs in understanding financial sentiment by providing additional context, thereby improving the accuracy and reliability of sentiment predictions."
        },
        "experiments": {
            "evaluation setting": "The framework was benchmarked against traditional models and LLMs like ChatGPT and LLaMA, utilizing financial sentiment datasets for evaluation.",
            "evaluation method": "Performance was assessed based on accuracy and F1 score, measuring the effectiveness of the retrieval-augmented approach against baseline methods."
        },
        "conclusion": "The experiments demonstrated that the retrieval-augmented LLMs framework achieves a performance gain of 15% to 48% in accuracy and F1 score compared to traditional models and existing LLMs, showcasing its effectiveness in financial sentiment analysis.",
        "discussion": {
            "advantage": "Key advantages include improved accuracy and contextual understanding compared to traditional NLP models and LLMs, resulting in better sentiment prediction.",
            "limitation": "Potential limitations may include dependency on the quality and relevance of the retrieved external information, which could affect overall performance.",
            "future work": "Future research could explore refining the retrieval mechanisms, expanding the dataset sources, and further optimizing the LLMs for enhanced performance."
        },
        "other info": []
    },
    "mount_outline": [
        {
            "section number": "1.1",
            "key information": "The paper aims to solve the problem of inadequate predictive performance in financial sentiment analysis when using traditional NLP models and LLMs."
        },
        {
            "section number": "2.1",
            "key information": "Traditional NLP models are limited by their parameter size and the scope of their training datasets, which hampers their generalization capabilities and effectiveness in financial sentiment analysis."
        },
        {
            "section number": "3.1",
            "key information": "The proposed idea involves a retrieval-augmented framework that combines instruction-tuned LLMs with a module for retrieving additional context to improve sentiment analysis accuracy."
        },
        {
            "section number": "4",
            "key information": "The framework leverages LLMs augmented with external retrieval mechanisms to improve sentiment prediction accuracy in financial contexts."
        },
        {
            "section number": "6.2",
            "key information": "Potential limitations may include dependency on the quality and relevance of the retrieved external information, which could affect overall performance."
        },
        {
            "section number": "7.1",
            "key information": "Future research could explore refining the retrieval mechanisms, expanding the dataset sources, and further optimizing the LLMs for enhanced performance."
        },
        {
            "section number": "8",
            "key information": "The experiments demonstrated that the retrieval-augmented LLMs framework achieves a performance gain of 15% to 48% in accuracy and F1 score compared to traditional models and existing LLMs."
        }
    ],
    "similarity_score": null,
    "image": null,
    "path": "/home/liudingyuan/code/SurveyX/code/SurveyX-main/outputs/t10/papers/Enhancing financial sentiment analysis via retrieval augmented large language models.json"
}