{
    "from": null,
    "scholar_id": null,
    "detail_id": null,
    "title": "Enhancing retrieval-augmented large language models with iterative retrieval-generation synergy",
    "abstract": "Large language models are powerful text processors and reasoners, but are still subject to limitations including outdated knowledge and hallucinations, which necessitates connecting them to the world. Retrieval-augmented large language models have raised extensive attention for grounding model generation on external knowledge. However, retrievers struggle to capture relevance, especially for queries with complex information needs. Recent work has proposed to improve relevance modeling by having large language models actively involved in retrieval, i.e., to improve retrieval with generation. In this paper, we show that strong performance can be achieved by a method we call Iter-RetGen, which synergizes retrieval and generation in an iterative manner. A model output shows what might be needed to finish a task, and thus provides an informative context for retrieving more relevant knowledge which in turn helps generate a better output in the next iteration. Compared with recent work which interleaves retrieval with generation when producing an output, Iter-RetGen processes all retrieved knowledge as a whole and largely preserves the flexibility in generation without structural constraints. We evaluate Iter-RetGen on multi-hop question answering, fact verification, and commonsense reasoning, and show that it can flexibly leverage parametric knowledge and non-parametric knowledge, and is superior to or competitive with state-of-the-art retrieval-augmented baselines while causing fewer overheads of retrieval and generation. We can further improve performance via generation-augmented retrieval adaptation.",
    "arxivid": "2305.15294v2",
    "bib_name": "Enhancingr131",
    "md_text": "# Enhancing retrieval-augmented large language models with iterative retrieval-generation synergy\n\n\nabstract\n\nLarge language models are powerful text processors and reasoners, but are still subject to limitations including outdated knowledge and hallucinations, which necessitates connecting them to the world. Retrieval-augmented large language models have raised extensive attention for grounding model generation on external knowledge. However, retrievers struggle to capture relevance, especially for queries with complex information needs. Recent work has proposed to improve relevance modeling by having large language models actively involved in retrieval, i.e., to improve retrieval with generation. In this paper, we show that strong performance can be achieved by a method we call Iter-RetGen, which synergizes retrieval and generation in an iterative manner. A model output shows what might be needed to finish a task, and thus provides an informative context for retrieving more relevant knowledge which in turn helps generate a better output in the next iteration. Compared with recent work which interleaves retrieval with generation when producing an output, Iter-RetGen processes all retrieved knowledge as a whole and largely preserves the flexibility in generation without structural constraints. We evaluate Iter-RetGen on multi-hop question answering, fact verification, and commonsense reasoning, and show that it can flexibly leverage parametric knowledge and non-parametric knowledge, and is superior to or competitive with state-of-the-art retrieval-augmented baselines while causing fewer overheads of retrieval and generation. We can further improve performance via generation-augmented retrieval adaptation.",
    "paper_type": "method",
    "attri": {
        "background": "This paper addresses the issue of limitations in large language models, specifically outdated knowledge and hallucinations, which necessitate grounding model generation on external knowledge through retrieval-augmented methods.",
        "problem": {
            "definition": "The problem is the difficulty in capturing relevance during retrieval, especially for queries that require complex information.",
            "key obstacle": "The core obstacle is that existing retrievers struggle to effectively retrieve relevant information for complex queries, which limits the performance of retrieval-augmented models."
        },
        "idea": {
            "intuition": "The idea is inspired by the observation that involving large language models in the retrieval process can enhance relevance modeling.",
            "opinion": "The proposed idea, Iter-RetGen, synergizes retrieval and generation in an iterative manner, allowing the model to inform the retrieval process based on previous outputs.",
            "innovation": "The key innovation of Iter-RetGen is its ability to process all retrieved knowledge as a whole, preserving flexibility in generation without structural constraints, unlike previous methods that interleave retrieval with generation."
        },
        "method": {
            "method name": "Iter-RetGen",
            "method abbreviation": "IRG",
            "method definition": "Iter-RetGen is a method that iteratively enhances retrieval and generation by using model outputs to inform subsequent retrievals, thereby improving the relevance of the information retrieved.",
            "method description": "The core of Iter-RetGen involves using the output of a model to guide the retrieval of relevant knowledge in a cyclical process.",
            "method steps": "1. Generate an output from the model. 2. Use the generated output to retrieve relevant knowledge. 3. Incorporate the retrieved knowledge to generate a new output. 4. Repeat the process iteratively.",
            "principle": "This method is effective because it leverages the model's generative capabilities to refine the retrieval process, ensuring that the information retrieved is directly relevant to the task at hand."
        },
        "experiments": {
            "evaluation setting": "The evaluation is conducted on multi-hop question answering, fact verification, and commonsense reasoning tasks, comparing Iter-RetGen with state-of-the-art retrieval-augmented baselines.",
            "evaluation method": "The performance of Iter-RetGen is assessed by measuring its ability to flexibly leverage both parametric and non-parametric knowledge, as well as analyzing the overheads associated with retrieval and generation."
        },
        "conclusion": "The experiments show that Iter-RetGen achieves strong performance, is superior to or competitive with existing methods, and incurs fewer overheads, thus demonstrating its effectiveness in enhancing retrieval-augmented language models.",
        "discussion": {
            "advantage": "The key advantages of Iter-RetGen include its ability to flexibly integrate knowledge and improve relevance in retrieval, leading to better overall performance in various tasks.",
            "limitation": "A limitation of the method may include potential challenges in maintaining relevance across multiple iterations, as well as the need for careful tuning of retrieval and generation processes.",
            "future work": "Future research could focus on improving the iterative process, exploring additional applications of Iter-RetGen, and addressing the limitations identified in current experiments."
        },
        "other info": []
    },
    "mount_outline": [
        {
            "section number": "2.2",
            "key information": "The core obstacle is that existing retrievers struggle to effectively retrieve relevant information for complex queries, which limits the performance of retrieval-augmented models."
        },
        {
            "section number": "4",
            "key information": "The proposed idea, Iter-RetGen, synergizes retrieval and generation in an iterative manner, allowing the model to inform the retrieval process based on previous outputs."
        },
        {
            "section number": "4.1",
            "key information": "Iter-RetGen is a method that iteratively enhances retrieval and generation by using model outputs to inform subsequent retrievals, thereby improving the relevance of the information retrieved."
        },
        {
            "section number": "6.1",
            "key information": "A limitation of the method may include potential challenges in maintaining relevance across multiple iterations, as well as the need for careful tuning of retrieval and generation processes."
        },
        {
            "section number": "7.1",
            "key information": "Future research could focus on improving the iterative process, exploring additional applications of Iter-RetGen, and addressing the limitations identified in current experiments."
        }
    ],
    "similarity_score": null,
    "image": null,
    "path": "/home/liudingyuan/code/SurveyX/code/SurveyX-main/outputs/t10/papers/Enhancing retrieval-augmented large language models with iterative retrieval-generation synergy.json"
}