{
    "from": null,
    "scholar_id": null,
    "detail_id": null,
    "title": "Few-shot prompting for pairwise ranking: An effective non-parametric retrieval model",
    "abstract": "A supervised ranking model, despite its advantage of being effective, usually involves complex processing - typically multiple stages of task-specific pre-training and fine-tuning. This has motivated researchers to explore simpler pipelines leveraging large language models (LLMs) that are capable of working in a zero-shot manner. However, since zero-shot inference does not make use of a training set of pairs of queries and their relevant documents, its performance is mostly worse than that of supervised models, which are trained on such example pairs. Motivated by the existing findings that training examples generally improve zero-shot performance, in our work, we explore if this also applies to ranking models. More specifically, given a query and a pair of documents, the preference prediction task is improved by augmenting examples of preferences for similar queries from a training set. Our proposed pairwise few-shot ranker demonstrates consistent improvements over the zero-shot baseline on both in-domain (TREC DL) and out-domain (BEIR subset) retrieval benchmarks. Our method also achieves a close performance to that of a supervised model without requiring any complex training pipeline.",
    "arxivid": "2409.17745v3",
    "bib_name": "Few-shotpr122",
    "md_text": "# Few-shot prompting for pairwise ranking: An effective non-parametric retrieval model\n\n\nabstract\n\nA supervised ranking model, despite its advantage of being effective, usually involves complex processing - typically multiple stages of task-specific pre-training and fine-tuning. This has motivated researchers to explore simpler pipelines leveraging large language models (LLMs) that are capable of working in a zero-shot manner. However, since zero-shot inference does not make use of a training set of pairs of queries and their relevant documents, its performance is mostly worse than that of supervised models, which are trained on such example pairs. Motivated by the existing findings that training examples generally improve zero-shot performance, in our work, we explore if this also applies to ranking models. More specifically, given a query and a pair of documents, the preference prediction task is improved by augmenting examples of preferences for similar queries from a training set. Our proposed pairwise few-shot ranker demonstrates consistent improvements over the zero-shot baseline on both in-domain (TREC DL) and out-domain (BEIR subset) retrieval benchmarks. Our method also achieves a close performance to that of a supervised model without requiring any complex training pipeline.",
    "paper_type": "method",
    "attri": {
        "background": "This paper addresses the issue of improving the performance of retrieval models in a supervised ranking context, where traditional methods involve complex processing and multiple stages of task-specific pre-training and fine-tuning. The motivation for this work stems from the exploration of simpler pipelines using large language models (LLMs) that can operate in a zero-shot manner, although zero-shot performance typically lags behind that of supervised models due to the lack of training examples.",
        "problem": {
            "definition": "The problem this paper aims to solve is the subpar performance of zero-shot ranking models compared to supervised models, particularly in the context of preference prediction for pairs of documents given a query.",
            "key obstacle": "The core obstacle is that existing zero-shot inference methods do not utilize a training set of pairs of queries and relevant documents, which limits their effectiveness."
        },
        "idea": {
            "intuition": "The intuition behind the proposed idea is based on the understanding that training examples generally enhance the performance of ranking models, and this can potentially be applied to zero-shot settings by augmenting examples of preferences for similar queries.",
            "opinion": "The proposed idea is to develop a pairwise few-shot ranker that leverages augmented training examples to improve preference prediction tasks, thereby bridging the gap between zero-shot and supervised methods.",
            "innovation": "The primary innovation of this method lies in its ability to achieve performance close to that of supervised models without the need for a complex training pipeline, utilizing a simpler few-shot approach instead."
        },
        "method": {
            "method name": "Pairwise Few-Shot Ranker",
            "method abbreviation": "PFSR",
            "method definition": "The Pairwise Few-Shot Ranker is a retrieval model that enhances preference prediction by augmenting training examples of preferences for similar queries, thereby improving the ranking of document pairs in a zero-shot context.",
            "method description": "The core of the method involves leveraging few-shot learning to improve ranking performance by utilizing augmented examples from a training set.",
            "method steps": "1. Identify a query and a pair of documents. 2. Augment the training set with preference examples for similar queries. 3. Apply the few-shot ranker to predict preferences for the document pair.",
            "principle": "This method is effective because it utilizes augmented training data to enhance the zero-shot performance, allowing the model to make more informed predictions based on learned preferences."
        },
        "experiments": {
            "evaluation setting": "The experiments were conducted on both in-domain (TREC DL) and out-domain (BEIR subset) retrieval benchmarks, comparing the performance of the proposed method against zero-shot baselines and supervised models.",
            "evaluation method": "The evaluation method involved measuring the performance of the pairwise few-shot ranker against established benchmarks, analyzing the improvements in preference prediction accuracy."
        },
        "conclusion": "The outcomes of the experiments demonstrate that the proposed pairwise few-shot ranker achieves consistent improvements over the zero-shot baseline and approaches the performance of supervised models, highlighting its effectiveness and contribution to the field of retrieval models.",
        "discussion": {
            "advantage": "The key advantages of the proposed approach include its simplicity and effectiveness, as it does not require complex training pipelines while still achieving high performance.",
            "limitation": "The limitations of the method may include dependency on the quality of the augmented training examples and potential challenges in generalizing to queries that are significantly different from those in the training set.",
            "future work": "Future work could explore further enhancements to the few-shot learning approach, investigate the impact of different types of augmentations, and assess the method's performance across a wider range of retrieval tasks."
        },
        "other info": []
    },
    "mount_outline": [
        {
            "section number": "2.1",
            "key information": "The paper addresses the issue of improving the performance of retrieval models in a supervised ranking context, where traditional methods involve complex processing and multiple stages of task-specific pre-training and fine-tuning."
        },
        {
            "section number": "2.2",
            "key information": "The core obstacle identified is that existing zero-shot inference methods do not utilize a training set of pairs of queries and relevant documents, which limits their effectiveness."
        },
        {
            "section number": "3.1",
            "key information": "The proposed method, Pairwise Few-Shot Ranker (PFSR), enhances preference prediction by augmenting training examples of preferences for similar queries in a zero-shot context."
        },
        {
            "section number": "4",
            "key information": "The paper demonstrates that the proposed pairwise few-shot ranker achieves consistent improvements over the zero-shot baseline and approaches the performance of supervised models."
        },
        {
            "section number": "6.2",
            "key information": "The limitations of the method may include dependency on the quality of the augmented training examples and potential challenges in generalizing to queries that are significantly different from those in the training set."
        },
        {
            "section number": "7.1",
            "key information": "Future work could explore further enhancements to the few-shot learning approach and investigate the impact of different types of augmentations."
        }
    ],
    "similarity_score": null,
    "image": null,
    "path": "/home/liudingyuan/code/SurveyX/code/SurveyX-main/outputs/t10/papers/Few-shot prompting for pairwise ranking_ An effective non-parametric retrieval model.json"
}