{
    "from": null,
    "scholar_id": null,
    "detail_id": null,
    "title": "Flashrag: A modular toolkit for efficient retrieval-augmented generation research",
    "abstract": "With the advent of large language models (LLMs) and multimodal large language models (MLLMs), the potential of retrieval-augmented generation (RAG) has attracted considerable research attention. However, the absence of a standardized framework for implementation, coupled with the inherently complex RAG process, makes it challenging and time-consuming for researchers to compare and evaluate these approaches in a consistent environment. In response to this challenge, we develop FlashRAG, an efficient and modular open-source toolkit designed to assist researchers in reproducing and comparing existing RAG methods and developing their own algorithms within a unified framework. Our toolkit has implemented 16 advanced RAG methods and gathered and organized 38 benchmark datasets. It has various features, including a customizable modular framework, a rich collection of pre-implemented RAG works, comprehensive datasets, efficient auxiliary pre-processing scripts, and extensive and standard evaluation metrics. Our toolkit and resources are available at https://github.com/RUC-NLPIR/FlashRAG.",
    "arxivid": "2405.13576v2",
    "bib_name": "Flashrag:A157",
    "md_text": "# Flashrag: A modular toolkit for efficient retrieval-augmented generation research\n\n\nabstract\n\nWith the advent of large language models (LLMs) and multimodal large language models (MLLMs), the potential of retrieval-augmented generation (RAG) has attracted considerable research attention. However, the absence of a standardized framework for implementation, coupled with the inherently complex RAG process, makes it challenging and time-consuming for researchers to compare and evaluate these approaches in a consistent environment. In response to this challenge, we develop FlashRAG, an efficient and modular open-source toolkit designed to assist researchers in reproducing and comparing existing RAG methods and developing their own algorithms within a unified framework. Our toolkit has implemented 16 advanced RAG methods and gathered and organized 38 benchmark datasets. It has various features, including a customizable modular framework, a rich collection of pre-implemented RAG works, comprehensive datasets, efficient auxiliary pre-processing scripts, and extensive and standard evaluation metrics. Our toolkit and resources are available at https://github.com/RUC-NLPIR/FlashRAG.",
    "paper_type": "benchmark",
    "attri": {
        "background": "The paper addresses the challenge of comparing and evaluating retrieval-augmented generation (RAG) methods in a standardized manner, as the current lack of a unified framework complicates research in this area.",
        "problem": {
            "definition": "The benchmark is designed to address the complexities and inconsistencies in the evaluation of retrieval-augmented generation methods.",
            "key obstacle": "Existing benchmarks do not provide a standardized framework for implementing and comparing various RAG methods, leading to inefficiencies in research."
        },
        "idea": {
            "intuition": "The authors were inspired by the need for a modular and efficient toolkit that simplifies the RAG process, allowing for better comparisons and evaluations.",
            "opinion": "The authors believe that FlashRAG will significantly impact the field by providing a consistent environment for researchers to test and develop RAG algorithms.",
            "innovation": "FlashRAG differs from previous benchmarks by offering a modular toolkit that includes 16 advanced RAG methods and 38 benchmark datasets, facilitating easier experimentation.",
            "benchmark abbreviation": "FlashRAG"
        },
        "dataset": {
            "source": "The dataset was gathered and organized from various existing sources to support the benchmark.",
            "desc": "The dataset comprises 38 benchmark datasets that are structured to facilitate the evaluation of RAG methods.",
            "content": "The dataset includes various forms of data related to retrieval-augmented generation tasks.",
            "size": "-",
            "domain": "Information Retrieval",
            "task format": "Retrieval-Augmented Generation"
        },
        "metrics": {
            "metric name": "Standard Evaluation Metrics",
            "aspect": "Accuracy and efficiency of retrieval-augmented generation methods.",
            "principle": "The metrics were chosen to reflect the performance of RAG methods in a comprehensive manner.",
            "procedure": "Model performance is evaluated using the implemented metrics within the FlashRAG toolkit."
        },
        "experiments": {
            "model": "The toolkit implements 16 advanced retrieval-augmented generation methods.",
            "procedure": "Models are trained and evaluated within the modular framework provided by FlashRAG, allowing for consistent experimental conditions.",
            "result": "The results demonstrate the effectiveness of the implemented methods, although specific performance metrics are not detailed.",
            "variability": "Variability is accounted for by using a modular approach that allows for multiple configurations and comparisons."
        },
        "conclusion": "FlashRAG provides a significant advancement in the evaluation and comparison of retrieval-augmented generation methods, offering researchers a standardized toolkit.",
        "discussion": {
            "advantage": "The strengths of FlashRAG lie in its modular design and comprehensive dataset collection, which enhance research efficiency.",
            "limitation": "Potential limitations include the reliance on existing datasets, which may not cover all aspects of retrieval-augmented generation.",
            "future work": "Future research could focus on expanding the dataset collection and refining the evaluation metrics to include more diverse RAG scenarios."
        },
        "other info": []
    },
    "mount_outline": [
        {
            "section number": "2. Background",
            "key information": "The paper addresses the challenge of comparing and evaluating retrieval-augmented generation (RAG) methods in a standardized manner, as the current lack of a unified framework complicates research in this area."
        },
        {
            "section number": "2.2",
            "key information": "Existing benchmarks do not provide a standardized framework for implementing and comparing various RAG methods, leading to inefficiencies in research."
        },
        {
            "section number": "3. Definitions and Core Concepts",
            "key information": "FlashRAG differs from previous benchmarks by offering a modular toolkit that includes 16 advanced RAG methods and 38 benchmark datasets, facilitating easier experimentation."
        },
        {
            "section number": "4. Large Language Models in Information Retrieval",
            "key information": "The dataset comprises 38 benchmark datasets that are structured to facilitate the evaluation of RAG methods."
        },
        {
            "section number": "6. Challenges and Limitations",
            "key information": "Potential limitations include the reliance on existing datasets, which may not cover all aspects of retrieval-augmented generation."
        },
        {
            "section number": "7. Future Directions",
            "key information": "Future research could focus on expanding the dataset collection and refining the evaluation metrics to include more diverse RAG scenarios."
        },
        {
            "section number": "8. Conclusion",
            "key information": "FlashRAG provides a significant advancement in the evaluation and comparison of retrieval-augmented generation methods, offering researchers a standardized toolkit."
        }
    ],
    "similarity_score": null,
    "image": null,
    "path": "/home/liudingyuan/code/SurveyX/code/SurveyX-main/outputs/t10/papers/Flashrag_ A modular toolkit for efficient retrieval-augmented generation research.json"
}