{
    "from": null,
    "scholar_id": null,
    "detail_id": null,
    "title": "Generate rather than retrieve: Large language models are strong context generators",
    "abstract": "Knowledge-intensive tasks, such as open-domain question answering (QA), require access to a large amount of world or domain knowledge. A common approach for knowledge-intensive tasks is to employ a retrieve-then-read pipeline that first retrieves a handful of relevant contextual documents from an external corpus such as Wikipedia and then predicts an answer conditioned on the retrieved documents. In this paper, we present a novel perspective for solving knowledge-intensive tasks by replacing document retrievers with large language model generators. We call our method generate-then-read (GenRead), which first prompts a large language model to generate contextutal documents based on a given question, and then reads the generated documents to produce the final answer. Furthermore, we propose a novel clustering-based prompting method that selects distinct prompts, resulting in the generated documents that cover different perspectives, leading to better recall over acceptable answers. We conduct extensive experiments on three different knowledge-intensive tasks, including open-domain QA, fact checking, and dialogue system. Notably, GenRead achieves 71.6 and 54.4 exact match scores on TriviaQA and WebQ, significantly outperforming the state-of-the-art retrieve-then-read pipeline DPR-FiD by +4.0 and +3.9, without retrieving any documents from any external knowledge source. Lastly, we demonstrate the model performance can be further improved by combining retrieval and generation. Our code and generated documents can be found at https://github.com/wyu97/GenRead.",
    "arxivid": "2209.10063v3",
    "bib_name": "Generatera56",
    "md_text": "# Generate rather than retrieve: Large language models are strong context generators\n\n\nabstract\n\nKnowledge-intensive tasks, such as open-domain question answering (QA), require access to a large amount of world or domain knowledge. A common approach for knowledge-intensive tasks is to employ a retrieve-then-read pipeline that first retrieves a handful of relevant contextual documents from an external corpus such as Wikipedia and then predicts an answer conditioned on the retrieved documents. In this paper, we present a novel perspective for solving knowledge-intensive tasks by replacing document retrievers with large language model generators. We call our method generate-then-read (GenRead), which first prompts a large language model to generate contextutal documents based on a given question, and then reads the generated documents to produce the final answer. Furthermore, we propose a novel clustering-based prompting method that selects distinct prompts, resulting in the generated documents that cover different perspectives, leading to better recall over acceptable answers. We conduct extensive experiments on three different knowledge-intensive tasks, including open-domain QA, fact checking, and dialogue system. Notably, GenRead achieves 71.6 and 54.4 exact match scores on TriviaQA and WebQ, significantly outperforming the state-of-the-art retrieve-then-read pipeline DPR-FiD by +4.0 and +3.9, without retrieving any documents from any external knowledge source. Lastly, we demonstrate the model performance can be further improved by combining retrieval and generation. Our code and generated documents can be found at https://github.com/wyu97/GenRead.",
    "paper_type": "method",
    "attri": {
        "background": "This paper addresses the issue of knowledge-intensive tasks, such as open-domain question answering, that require access to a large amount of world or domain knowledge. The traditional approach involves a retrieve-then-read pipeline, which retrieves relevant documents from an external corpus before predicting an answer. This method has limitations, necessitating a new breakthrough for improved performance.",
        "problem": {
            "definition": "The problem being addressed is the inefficiency of the retrieve-then-read approach in knowledge-intensive tasks, which relies on external document retrieval.",
            "key obstacle": "The core obstacle is the dependency on external document retrieval, which can limit the effectiveness and speed of generating accurate answers."
        },
        "idea": {
            "intuition": "The idea was inspired by the potential of large language models to generate contextual documents directly, eliminating the need for external retrieval.",
            "opinion": "The proposed idea, GenRead, involves prompting a large language model to generate contextual documents based on a given question and then using these documents to produce the final answer.",
            "innovation": "The primary innovation of GenRead lies in replacing traditional document retrieval with generation, which allows for a more flexible and contextually relevant approach to answering questions."
        },
        "method": {
            "method name": "Generate-Then-Read",
            "method abbreviation": "GenRead",
            "method definition": "GenRead is a method that prompts a large language model to generate contextual documents based on a question, which are then read to produce an answer.",
            "method description": "The core of GenRead is the generation of contextual documents by a language model, followed by reading these documents to answer questions.",
            "method steps": "1. Prompt the large language model with a question. 2. Generate contextual documents based on the question. 3. Read the generated documents to produce the final answer.",
            "principle": "This method is effective because it leverages the generative capabilities of large language models to create relevant context, which can enhance the accuracy and relevance of the answers provided."
        },
        "experiments": {
            "evaluation setting": "Extensive experiments were conducted on three knowledge-intensive tasks: open-domain QA, fact checking, and dialogue systems, comparing the performance of GenRead against the state-of-the-art retrieve-then-read pipeline DPR-FiD.",
            "evaluation method": "The performance of the method was assessed by measuring exact match scores on benchmark datasets, specifically TriviaQA and WebQ."
        },
        "conclusion": "GenRead achieved notable performance improvements, with exact match scores of 71.6 on TriviaQA and 54.4 on WebQ, outperforming existing methods without relying on external document retrieval.",
        "discussion": {
            "advantage": "The key advantages of GenRead include improved performance over traditional methods and the ability to generate context that covers different perspectives, leading to better answer recall.",
            "limitation": "A limitation of the method is that it may not always generate contextually accurate documents, which could affect the quality of the answers.",
            "future work": "Future research could explore hybrid approaches that combine retrieval and generation to further enhance the performance of knowledge-intensive tasks."
        },
        "other info": {
            "repository": "https://github.com/wyu97/GenRead"
        }
    },
    "mount_outline": [
        {
            "section number": "2.1",
            "key information": "The traditional approach involves a retrieve-then-read pipeline, which retrieves relevant documents from an external corpus before predicting an answer. This method has limitations, necessitating a new breakthrough for improved performance."
        },
        {
            "section number": "2.2",
            "key information": "The core obstacle is the dependency on external document retrieval, which can limit the effectiveness and speed of generating accurate answers."
        },
        {
            "section number": "3.1",
            "key information": "GenRead is a method that prompts a large language model to generate contextual documents based on a question, which are then read to produce an answer."
        },
        {
            "section number": "4",
            "key information": "GenRead achieved notable performance improvements, with exact match scores of 71.6 on TriviaQA and 54.4 on WebQ, outperforming existing methods without relying on external document retrieval."
        },
        {
            "section number": "4.1",
            "key information": "The core of GenRead is the generation of contextual documents by a language model, followed by reading these documents to answer questions."
        },
        {
            "section number": "6.2",
            "key information": "A limitation of the method is that it may not always generate contextually accurate documents, which could affect the quality of the answers."
        },
        {
            "section number": "7.1",
            "key information": "Future research could explore hybrid approaches that combine retrieval and generation to further enhance the performance of knowledge-intensive tasks."
        }
    ],
    "similarity_score": null,
    "image": null,
    "path": "/home/liudingyuan/code/SurveyX/code/SurveyX-main/outputs/t10/papers/Generate rather than retrieve_ Large language models are strong context generators.json"
}