{
    "from": null,
    "scholar_id": null,
    "detail_id": null,
    "title": "GRM: generative relevance modeling using relevance-aware sample estimation for document retrieval",
    "abstract": "Recent studies show that Generative Relevance Feedback (GRF), using text generated by Large Language Models (LLMs), can enhance the effectiveness of query expansion. However, LLMs can generate irrelevant information that harms retrieval effectiveness. To address this, we propose Generative Relevance Modeling (GRM) that uses Relevance-Aware Sample Estimation (RASE) for more accurate weighting of expansion terms. Specifically, we identify similar real documents for each generated document and use a neural re-ranker to estimate their relevance. Experiments on three standard document ranking benchmarks show that GRM improves MAP by 6-9% and R@1k by 2-4%, surpassing previous methods.",
    "arxivid": "2306.09938v1",
    "bib_name": "GRM:genera46",
    "md_text": "# GRM: generative relevance modeling using relevance-aware sample estimation for document retrieval\n\n\nabstract\n\nRecent studies show that Generative Relevance Feedback (GRF), using text generated by Large Language Models (LLMs), can enhance the effectiveness of query expansion. However, LLMs can generate irrelevant information that harms retrieval effectiveness. To address this, we propose Generative Relevance Modeling (GRM) that uses Relevance-Aware Sample Estimation (RASE) for more accurate weighting of expansion terms. Specifically, we identify similar real documents for each generated document and use a neural re-ranker to estimate their relevance. Experiments on three standard document ranking benchmarks show that GRM improves MAP by 6-9% and R@1k by 2-4%, surpassing previous methods.",
    "paper_type": "method",
    "attri": {
        "background": "This paper addresses the issue of improving query expansion in document retrieval by utilizing Generative Relevance Feedback (GRF) with Large Language Models (LLMs), while highlighting the problems caused by irrelevant information generated by LLMs that can negatively impact retrieval effectiveness.",
        "problem": {
            "definition": "The problem this paper aims to solve is the inefficiency of query expansion in document retrieval due to the generation of irrelevant information by LLMs.",
            "key obstacle": "The core obstacle is the inability of existing methods to effectively filter out irrelevant generated information, which diminishes the overall effectiveness of document retrieval."
        },
        "idea": {
            "intuition": "The idea is inspired by the observation that while LLMs can generate useful text for query expansion, they often produce irrelevant content that needs to be addressed.",
            "opinion": "The proposed idea, Generative Relevance Modeling (GRM), involves using Relevance-Aware Sample Estimation (RASE) to improve the weighting of expansion terms by identifying similar real documents to each generated document.",
            "innovation": "The key innovation of GRM lies in its use of a neural re-ranker to estimate the relevance of similar real documents, which enhances the accuracy of term weighting compared to existing methods."
        },
        "method": {
            "method name": "Generative Relevance Modeling",
            "method abbreviation": "GRM",
            "method definition": "GRM is a method that employs Relevance-Aware Sample Estimation (RASE) to weight expansion terms more accurately by leveraging the relevance of similar real documents to generated documents.",
            "method description": "The core of GRM involves estimating the relevance of generated documents by comparing them with real documents and adjusting term weights accordingly.",
            "method steps": "1. Generate documents using LLMs. 2. Identify similar real documents for each generated document. 3. Use a neural re-ranker to estimate the relevance of these documents. 4. Weight expansion terms based on estimated relevance.",
            "principle": "This method is effective because it combines the generative capabilities of LLMs with a relevance assessment mechanism that filters out irrelevant information, leading to improved retrieval performance."
        },
        "experiments": {
            "evaluation setting": "Experiments were conducted on three standard document ranking benchmarks to assess the performance of GRM compared to baseline methods.",
            "evaluation method": "The evaluation involved measuring the Mean Average Precision (MAP) and Recall at 1k (R@1k) to quantify the effectiveness of the proposed method."
        },
        "conclusion": "The experiments demonstrate that GRM improves MAP by 6-9% and R@1k by 2-4%, indicating a significant advancement over previous methods in document retrieval effectiveness.",
        "discussion": {
            "advantage": "The key advantages of the proposed approach include enhanced accuracy in term weighting and improved retrieval performance due to the relevance-aware mechanism.",
            "limitation": "One limitation of the method may be the dependency on the quality of the generated documents, as poor generation could still affect the relevance estimation.",
            "future work": "Future work could explore optimizing the neural re-ranker further and investigating additional methods to enhance the quality of generated documents."
        },
        "other info": {}
    },
    "mount_outline": [
        {
            "section number": "4",
            "key information": "This paper addresses the issue of improving query expansion in document retrieval by utilizing Generative Relevance Feedback (GRF) with Large Language Models (LLMs)."
        },
        {
            "section number": "4.1",
            "key information": "The proposed idea, Generative Relevance Modeling (GRM), involves using Relevance-Aware Sample Estimation (RASE) to improve the weighting of expansion terms by identifying similar real documents to each generated document."
        },
        {
            "section number": "6",
            "key information": "One limitation of the method may be the dependency on the quality of the generated documents, as poor generation could still affect the relevance estimation."
        },
        {
            "section number": "7.1",
            "key information": "Future work could explore optimizing the neural re-ranker further and investigating additional methods to enhance the quality of generated documents."
        },
        {
            "section number": "3.1",
            "key information": "The problem this paper aims to solve is the inefficiency of query expansion in document retrieval due to the generation of irrelevant information by LLMs."
        }
    ],
    "similarity_score": null,
    "image": null,
    "path": "/home/liudingyuan/code/SurveyX/code/SurveyX-main/outputs/t10/papers/GRM_ generative relevance modeling using relevance-aware sample estimation for document retrieval.json"
}