{
    "from": null,
    "scholar_id": null,
    "detail_id": null,
    "title": "Improving passage retrieval with zero-shot question generation",
    "abstract": "We propose a simple and effective re-ranking method for improving passage retrieval in open question answering. The re-ranker re-scores retrieved passages with a zero-shot question generation model, which uses a pre-trained language model to compute the probability of the input question conditioned on a retrieved passage. This approach can be applied on top of any retrieval method (e.g. neural or keyword-based), does not require any domain- or task-specific training (and therefore is expected to generalize better to data distribution shifts), and provides rich cross-attention between query and passage (i.e. it must explain every token in the question). When evaluated on a number of open-domain retrieval datasets, our re-ranker improves strong unsupervised retrieval models by 6%-18% absolute and strong supervised models by up to 12% in terms of top-20 passage retrieval accuracy. We also obtain new state-of-the-art results on full open-domain question answering by simply adding the new re-ranker to existing models with no further changes.",
    "arxivid": "2204.07496v4",
    "bib_name": "Improvingp97",
    "md_text": "# Improving passage retrieval with zero-shot question generation\n\n\nabstract\n\nWe propose a simple and effective re-ranking method for improving passage retrieval in open question answering. The re-ranker re-scores retrieved passages with a zero-shot question generation model, which uses a pre-trained language model to compute the probability of the input question conditioned on a retrieved passage. This approach can be applied on top of any retrieval method (e.g. neural or keyword-based), does not require any domain- or task-specific training (and therefore is expected to generalize better to data distribution shifts), and provides rich cross-attention between query and passage (i.e. it must explain every token in the question). When evaluated on a number of open-domain retrieval datasets, our re-ranker improves strong unsupervised retrieval models by 6%-18% absolute and strong supervised models by up to 12% in terms of top-20 passage retrieval accuracy. We also obtain new state-of-the-art results on full open-domain question answering by simply adding the new re-ranker to existing models with no further changes.",
    "paper_type": "method",
    "attri": {
        "background": "This paper addresses the issue of improving passage retrieval in open question answering, highlighting the limitations of existing methods and the need for a new approach that enhances retrieval accuracy without requiring extensive domain-specific training.",
        "problem": {
            "definition": "The problem is the inefficiency of current passage retrieval methods in accurately retrieving relevant passages for open-domain questions, particularly in the context of varying data distributions.",
            "key obstacle": "The main challenge is that existing methods often rely on specific training data, making them less effective when faced with new or unseen data distributions."
        },
        "idea": {
            "intuition": "The idea is inspired by the potential of zero-shot question generation to enhance the matching of questions with passages through a probabilistic evaluation of relevance.",
            "opinion": "The proposed method involves a re-ranking process that uses a zero-shot question generation model to improve the scoring of retrieved passages based on their relevance to the input question.",
            "innovation": "The key innovation lies in the application of a zero-shot question generation model to re-score retrieved passages, allowing for better generalization across different datasets without the need for task-specific training."
        },
        "method": {
            "method name": "Zero-shot Question Generation Re-ranker",
            "method abbreviation": "ZQG-R",
            "method definition": "The ZQG-R method leverages a pre-trained language model to compute the probability of an input question given a retrieved passage, effectively re-ranking the passages based on this probability.",
            "method description": "This method enhances the passage retrieval process by re-scoring passages using a zero-shot question generation model, which evaluates the relevance of passages to the input question.",
            "method steps": [
                "Retrieve initial passages using any standard retrieval method.",
                "Apply the zero-shot question generation model to compute relevance scores for each passage.",
                "Re-rank the passages based on the computed scores."
            ],
            "principle": "The effectiveness of this method stems from its ability to utilize cross-attention mechanisms between the question and passage, ensuring that every token in the question is accounted for in the relevance assessment."
        },
        "experiments": {
            "evaluation setting": "The evaluation was conducted on various open-domain retrieval datasets, comparing the performance of the re-ranker against strong unsupervised and supervised retrieval models.",
            "evaluation method": "Performance was assessed by measuring the top-20 passage retrieval accuracy, with results indicating improvements of 6%-18% for unsupervised models and up to 12% for supervised models."
        },
        "conclusion": "The experiments demonstrate that the proposed re-ranker significantly enhances passage retrieval accuracy and achieves new state-of-the-art results in open-domain question answering by integrating seamlessly with existing models.",
        "discussion": {
            "advantage": "The main advantages include its generalizability across data distributions, lack of need for domain-specific training, and the ability to provide rich contextual evaluations between questions and passages.",
            "limitation": "A potential limitation is that the performance may still be influenced by the quality of the initial passage retrieval method used prior to re-ranking.",
            "future work": "Future research could explore further optimizations of the re-ranking process, as well as the application of the method in more specialized domains or tasks."
        },
        "other info": []
    },
    "mount_outline": [
        {
            "section number": "2.2",
            "key information": "Existing methods often rely on specific training data, making them less effective when faced with new or unseen data distributions."
        },
        {
            "section number": "3.1",
            "key information": "The problem is the inefficiency of current passage retrieval methods in accurately retrieving relevant passages for open-domain questions."
        },
        {
            "section number": "4",
            "key information": "The proposed method involves a re-ranking process that uses a zero-shot question generation model to improve the scoring of retrieved passages based on their relevance to the input question."
        },
        {
            "section number": "4.1",
            "key information": "The ZQG-R method leverages a pre-trained language model to compute the probability of an input question given a retrieved passage, effectively re-ranking the passages based on this probability."
        },
        {
            "section number": "6.1",
            "key information": "A potential limitation is that the performance may still be influenced by the quality of the initial passage retrieval method used prior to re-ranking."
        },
        {
            "section number": "7.1",
            "key information": "Future research could explore further optimizations of the re-ranking process, as well as the application of the method in more specialized domains or tasks."
        }
    ],
    "similarity_score": null,
    "image": null,
    "path": "/home/liudingyuan/code/SurveyX/code/SurveyX-main/outputs/t10/papers/Improving passage retrieval with zero-shot question generation.json"
}