{
    "from": null,
    "scholar_id": null,
    "detail_id": null,
    "title": "Instruction distillation makes large language models efficient zero-shot rankers",
    "abstract": "Recent studies have demonstrated the great potential of Large Language Models (LLMs) serving as zero-shot relevance rankers. The typical approach involves making comparisons between pairs or lists of documents. Although effective, these listwise and pairwise methods are not efficient and also heavily rely on intricate prompt engineering. To tackle this problem, we introduce a novel instruction distillation method. The key idea is to distill the pairwise ranking ability of open-sourced LLMs to a simpler but more efficient pointwise ranking. Specifically, given the same LLM, we first rank documents using the effective pairwise approach with complex instructions, and then distill the teacher predictions to the pointwise approach with simpler instructions. Evaluation results on the BEIR, TREC, and ReDial datasets demonstrate that instruction distillation can improve efficiency by 10 to 100x and also enhance the ranking performance of LLMs. Furthermore, our approach surpasses the performance of existing supervised methods like monoT5 and is on par with the state-of-the-art zero-shot methods. The code to reproduce our results is available at www.github.com/sunnweiwei/RankGPT.",
    "arxivid": "2311.01555v1",
    "bib_name": "Instructio113",
    "md_text": "# Instruction distillation makes large language models efficient zero-shot rankers\n\n\nabstract\n\nRecent studies have demonstrated the great potential of Large Language Models (LLMs) serving as zero-shot relevance rankers. The typical approach involves making comparisons between pairs or lists of documents. Although effective, these listwise and pairwise methods are not efficient and also heavily rely on intricate prompt engineering. To tackle this problem, we introduce a novel instruction distillation method. The key idea is to distill the pairwise ranking ability of open-sourced LLMs to a simpler but more efficient pointwise ranking. Specifically, given the same LLM, we first rank documents using the effective pairwise approach with complex instructions, and then distill the teacher predictions to the pointwise approach with simpler instructions. Evaluation results on the BEIR, TREC, and ReDial datasets demonstrate that instruction distillation can improve efficiency by 10 to 100x and also enhance the ranking performance of LLMs. Furthermore, our approach surpasses the performance of existing supervised methods like monoT5 and is on par with the state-of-the-art zero-shot methods. The code to reproduce our results is available at www.github.com/sunnweiwei/RankGPT.",
    "paper_type": "method",
    "attri": {
        "background": "This paper addresses the issue of inefficiency in existing pairwise and listwise methods used in Large Language Models (LLMs) for zero-shot relevance ranking, highlighting the need for a breakthrough to improve efficiency and reduce reliance on complex prompt engineering.",
        "problem": {
            "definition": "The problem is the inefficiency of current pairwise ranking methods in LLMs, which require intricate prompt engineering and are not optimal for performance.",
            "key obstacle": "The main difficulty lies in the complexity of existing methods that hinder their efficiency and effectiveness in ranking tasks."
        },
        "idea": {
            "intuition": "The intuition behind the proposed idea is to simplify the ranking process by distilling the pairwise ranking ability of LLMs into a more efficient pointwise ranking method.",
            "opinion": "The proposed idea entails using instruction distillation to convert complex pairwise ranking instructions into simpler pointwise instructions, thereby enhancing efficiency and performance.",
            "innovation": "The primary innovation is the introduction of instruction distillation, which allows for a significant increase in efficiency (10 to 100x) while maintaining or improving ranking performance compared to existing supervised and zero-shot methods."
        },
        "method": {
            "method name": "Instruction Distillation",
            "method abbreviation": "ID",
            "method definition": "Instruction distillation is a method that distills the pairwise ranking predictions of LLMs into a simpler pointwise ranking approach, enabling more efficient document ranking.",
            "method description": "The core of the method involves using complex pairwise instructions to generate rankings and then simplifying these into pointwise instructions for efficient processing.",
            "method steps": "1. Rank documents using pairwise approach with complex instructions. 2. Distill the predictions from the pairwise approach to a pointwise approach with simpler instructions.",
            "principle": "The method is effective because it leverages the strengths of LLMs in pairwise ranking while simplifying the instructions to improve efficiency and reduce reliance on complex prompting."
        },
        "experiments": {
            "evaluation setting": "The evaluation was conducted on the BEIR, TREC, and ReDial datasets, comparing the performance of the proposed method against existing methods like monoT5 and state-of-the-art zero-shot methods.",
            "evaluation method": "The performance was assessed by measuring ranking efficiency and effectiveness, specifically focusing on improvements in ranking performance and speed."
        },
        "conclusion": "The results demonstrate that instruction distillation significantly enhances the efficiency and performance of LLMs in zero-shot ranking tasks, outperforming existing supervised methods and matching state-of-the-art zero-shot methods.",
        "discussion": {
            "advantage": "Key advantages of the proposed approach include a dramatic increase in efficiency and the ability to maintain high ranking performance with simpler instructions.",
            "limitation": "One limitation of the method may be its reliance on the initial pairwise ranking performance of the LLM, which could affect the quality of the distilled pointwise instructions.",
            "future work": "Future research could explore further refinements in the distillation process and test the method across additional datasets and ranking tasks to enhance its applicability."
        },
        "other info": {
            "repository": "The code to reproduce the results is available at www.github.com/sunnweiwei/RankGPT."
        }
    },
    "mount_outline": [
        {
            "section number": "4",
            "key information": "This paper addresses the issue of inefficiency in existing pairwise and listwise methods used in Large Language Models (LLMs) for zero-shot relevance ranking, highlighting the need for a breakthrough to improve efficiency and reduce reliance on complex prompt engineering."
        },
        {
            "section number": "4.1",
            "key information": "The proposed idea entails using instruction distillation to convert complex pairwise ranking instructions into simpler pointwise instructions, thereby enhancing efficiency and performance."
        },
        {
            "section number": "6",
            "key information": "One limitation of the method may be its reliance on the initial pairwise ranking performance of the LLM, which could affect the quality of the distilled pointwise instructions."
        },
        {
            "section number": "7.1",
            "key information": "Future research could explore further refinements in the distillation process and test the method across additional datasets and ranking tasks to enhance its applicability."
        }
    ],
    "similarity_score": null,
    "image": null,
    "path": "/home/liudingyuan/code/SurveyX/code/SurveyX-main/outputs/t10/papers/Instruction distillation makes large language models efficient zero-shot rankers.json"
}