{
    "from": null,
    "scholar_id": null,
    "detail_id": null,
    "title": "Internet-augmented language models through few-shot prompting for open-domain question answering",
    "abstract": "In this work, we aim to capitalize on the unique few-shot capabilities of large-scale language models (LSLMs) to overcome some of their challenges with respect to grounding to factual and up-to-date information. Motivated by semi-parametric language models (LMs), which ground their decisions in external retrieved evidence, we use few-shot prompting to learn to condition LMs on information returned from the web using Google Search, a broad and constantly updated knowledge source. Our approach does not involve fine-tuning or learning additional parameters, thus making it applicable to any LM, offering therefore a strong baseline. Indeed, we find that LMs conditioned on the web surpass performance of closed-book models of similar, or even larger, model sizes in open-domain question answering. Finally, we find that increasing the inference-time compute of models, achieved via using multiple retrieved evidences to generate multiple answers followed by a reranking stage that uses scores generated by the same LMs, leads to better performance and alleviates lower performance of smaller few-shot LMs. All in all, our findings suggest that it might be beneficial to slow down the race towards the biggest model and instead shift attention towards finding more effective ways to use models, including but not limited to, better prompting or increasing inference-time compute.",
    "arxivid": "2203.05115v2",
    "bib_name": "Internet-a128",
    "md_text": "# Internet-augmented language models through few-shot prompting for open-domain question answering\n\n\nabstract\n\nIn this work, we aim to capitalize on the unique few-shot capabilities of large-scale language models (LSLMs) to overcome some of their challenges with respect to grounding to factual and up-to-date information. Motivated by semi-parametric language models (LMs), which ground their decisions in external retrieved evidence, we use few-shot prompting to learn to condition LMs on information returned from the web using Google Search, a broad and constantly updated knowledge source. Our approach does not involve fine-tuning or learning additional parameters, thus making it applicable to any LM, offering therefore a strong baseline. Indeed, we find that LMs conditioned on the web surpass performance of closed-book models of similar, or even larger, model sizes in open-domain question answering. Finally, we find that increasing the inference-time compute of models, achieved via using multiple retrieved evidences to generate multiple answers followed by a reranking stage that uses scores generated by the same LMs, leads to better performance and alleviates lower performance of smaller few-shot LMs. All in all, our findings suggest that it might be beneficial to slow down the race towards the biggest model and instead shift attention towards finding more effective ways to use models, including but not limited to, better prompting or increasing inference-time compute.",
    "paper_type": "method",
    "attri": {
        "background": "This paper addresses the issue of grounding large-scale language models (LSLMs) to factual and up-to-date information, highlighting the limitations of existing methods that do not leverage external evidence effectively.",
        "problem": {
            "definition": "The paper aims to solve the problem of LSLMs' challenges in providing accurate and timely information in open-domain question answering due to their reliance on pre-existing knowledge.",
            "key obstacle": "The core obstacle is that existing methods often fail to incorporate real-time information from external sources, limiting the models' effectiveness in dynamic knowledge contexts."
        },
        "idea": {
            "intuition": "The idea is inspired by semi-parametric language models that utilize external retrieved evidence to ground their responses, suggesting that integrating web-based information can enhance LSLMs' performance.",
            "opinion": "The proposed idea involves using few-shot prompting to condition LSLMs on information retrieved from the web, allowing them to access a broader and constantly updated knowledge base without fine-tuning.",
            "innovation": "The primary innovation is the method's ability to apply few-shot prompting with external web evidence, which distinguishes it from traditional closed-book models that rely solely on their internal knowledge."
        },
        "method": {
            "method name": "Internet-augmented language models",
            "method abbreviation": "IALM",
            "method definition": "IALM is defined as a method that utilizes few-shot prompting to condition language models on real-time information retrieved from the web, enhancing their capacity for open-domain question answering.",
            "method description": "The core of IALM involves integrating web-based information into the decision-making process of language models through few-shot prompting.",
            "method steps": "1. Retrieve relevant information from the web using Google Search; 2. Condition the language model on this information using few-shot prompting; 3. Generate multiple answers based on the retrieved evidence; 4. Rerank the answers using scores from the language model.",
            "principle": "The effectiveness of this method lies in its ability to leverage real-time web data, thereby providing LSLMs with up-to-date context that enhances their response accuracy in open-domain settings."
        },
        "experiments": {
            "evaluation setting": "The experiments were conducted using a dataset of open-domain questions, comparing the performance of IALM against traditional closed-book models and evaluating the impact of inference-time compute by using multiple retrieved evidences.",
            "evaluation method": "Performance was assessed through direct comparison of answer accuracy and relevance, with results measured using standard metrics for question answering tasks."
        },
        "conclusion": "The findings indicate that IALM outperforms closed-book models of similar or larger sizes in open-domain question answering, suggesting that focusing on effective utilization of models may be more beneficial than merely increasing model size.",
        "discussion": {
            "advantage": "Key advantages include improved accuracy due to real-time information access and the method's applicability to any language model without the need for fine-tuning.",
            "limitation": "Limitations include potential reliance on the quality of retrieved web information and the computational overhead associated with processing multiple pieces of evidence.",
            "future work": "Future research could explore optimizing the retrieval process, enhancing the prompting techniques, and investigating the balance between model size and effective information usage."
        },
        "other info": {}
    },
    "mount_outline": [
        {
            "section number": "2.2",
            "key information": "Existing methods often fail to incorporate real-time information from external sources, limiting the models' effectiveness in dynamic knowledge contexts."
        },
        {
            "section number": "3.1",
            "key information": "The paper defines Internet-augmented language models (IALM) as a method that utilizes few-shot prompting to condition language models on real-time information retrieved from the web."
        },
        {
            "section number": "4",
            "key information": "The idea is inspired by semi-parametric language models that utilize external retrieved evidence to ground their responses, suggesting that integrating web-based information can enhance large-scale language models' performance."
        },
        {
            "section number": "4.2",
            "key information": "The experiments were conducted using a dataset of open-domain questions, comparing the performance of IALM against traditional closed-book models and evaluating the impact of inference-time compute by using multiple retrieved evidences."
        },
        {
            "section number": "6.2",
            "key information": "Limitations include potential reliance on the quality of retrieved web information and the computational overhead associated with processing multiple pieces of evidence."
        },
        {
            "section number": "7.1",
            "key information": "Future research could explore optimizing the retrieval process, enhancing the prompting techniques, and investigating the balance between model size and effective information usage."
        }
    ],
    "similarity_score": null,
    "image": null,
    "path": "/home/liudingyuan/code/SurveyX/code/SurveyX-main/outputs/t10/papers/Internet-augmented language models through few-shot prompting for open-domain question answering.json"
}