{
    "from": null,
    "scholar_id": null,
    "detail_id": null,
    "title": "Interleaving retrieval with chain-of-thought reasoning for knowledge-intensive multi-step questions",
    "abstract": "Prompting-based large language models (LLMs) are surprisingly powerful at generating natural language reasoning steps or Chains-of-Thoughts (CoT) for multi-step question answering (QA). They struggle, however, when the necessary knowledge is either unavailable to the LLM or not up-to-date within its parameters. While using the question to retrieve relevant text from an external knowledge source helps LLMs, we observe that this one-step retrieve-and-read approach is insufficient for multi-step QA. Here, what to retrieve depends on what has already been derived, which in turn may depend on what was previously retrieved. To address this, we propose IRCoT, a new approach for multi-step QA that interleaves retrieval with steps (sentences) in a CoT, guiding the retrieval with CoT and in turn using retrieved results to improve CoT. Using IRCoT with GPT3 substantially improves retrieval (up to 21 points) as well as downstream QA (up to 15 points) on four datasets: HotpotQA, 2WikiMultihopQA, MuSiQue, and IIRC. We observe similar substantial gains in out-of-distribution (OOD) settings as well as with much smaller models such as Flan-T5-large without additional training. IRCoT reduces model hallucination, resulting in factually more accurate CoT reasoning.",
    "arxivid": "2212.10509v2",
    "bib_name": "Interleavi132",
    "md_text": "# Interleaving retrieval with chain-of-thought reasoning for knowledge-intensive multi-step questions\n\n\nabstract\n\nPrompting-based large language models (LLMs) are surprisingly powerful at generating natural language reasoning steps or Chains-of-Thoughts (CoT) for multi-step question answering (QA). They struggle, however, when the necessary knowledge is either unavailable to the LLM or not up-to-date within its parameters. While using the question to retrieve relevant text from an external knowledge source helps LLMs, we observe that this one-step retrieve-and-read approach is insufficient for multi-step QA. Here, what to retrieve depends on what has already been derived, which in turn may depend on what was previously retrieved. To address this, we propose IRCoT, a new approach for multi-step QA that interleaves retrieval with steps (sentences) in a CoT, guiding the retrieval with CoT and in turn using retrieved results to improve CoT. Using IRCoT with GPT3 substantially improves retrieval (up to 21 points) as well as downstream QA (up to 15 points) on four datasets: HotpotQA, 2WikiMultihopQA, MuSiQue, and IIRC. We observe similar substantial gains in out-of-distribution (OOD) settings as well as with much smaller models such as Flan-T5-large without additional training. IRCoT reduces model hallucination, resulting in factually more accurate CoT reasoning.",
    "paper_type": "method",
    "attri": {
        "background": "This paper addresses the issue of large language models (LLMs) struggling with multi-step question answering (QA) when necessary knowledge is unavailable or outdated. Previous methods, such as one-step retrieve-and-read approaches, have proven insufficient for these complex tasks, highlighting the need for a new breakthrough in retrieval and reasoning integration.",
        "problem": {
            "definition": "The problem is the inadequacy of existing retrieval methods for multi-step QA, where the retrieval of relevant information must be dynamically informed by the reasoning steps already taken.",
            "key obstacle": "The core obstacle is that traditional retrieval methods do not account for the interdependencies between the knowledge required and the reasoning steps derived, leading to incomplete or inaccurate responses."
        },
        "idea": {
            "intuition": "The intuition behind the proposed idea is that integrating retrieval with reasoning steps can create a more adaptive and context-aware approach to multi-step QA.",
            "opinion": "The proposed idea, IRCoT, entails interleaving the retrieval of information with the generation of reasoning steps, allowing each to inform and enhance the other.",
            "innovation": "The innovation lies in the interleaving mechanism that combines retrieval and reasoning, which significantly improves the effectiveness of multi-step question answering compared to existing methods."
        },
        "method": {
            "method name": "Interleaving Retrieval with Chain-of-Thought Reasoning",
            "method abbreviation": "IRCoT",
            "method definition": "IRCoT is a method that combines the steps of reasoning in multi-step QA with the retrieval of relevant knowledge, allowing each step to guide the retrieval process and utilize the retrieved information to refine subsequent reasoning.",
            "method description": "IRCoT enhances multi-step QA by interleaving the retrieval of information with the generation of reasoning steps.",
            "method steps": "1. Generate an initial reasoning step. 2. Retrieve relevant knowledge based on the reasoning step. 3. Update the reasoning step using the retrieved knowledge. 4. Repeat the process for subsequent steps until the final answer is derived.",
            "principle": "The effectiveness of IRCoT is based on the principle that dynamic interaction between retrieval and reasoning leads to more accurate and contextually relevant answers in multi-step question answering."
        },
        "experiments": {
            "evaluation setting": "The experiments were conducted on four datasets: HotpotQA, 2WikiMultihopQA, MuSiQue, and IIRC, comparing IRCoT's performance against baseline methods.",
            "evaluation method": "The evaluation method involved measuring the performance improvements in retrieval accuracy and downstream QA effectiveness, quantified by points gained in various metrics."
        },
        "conclusion": "The outcomes demonstrate that IRCoT significantly improves both retrieval and multi-step QA performance, reducing model hallucination and enhancing the factual accuracy of reasoning.",
        "discussion": {
            "advantage": "Key advantages of IRCoT include substantial improvements in retrieval accuracy and QA performance, as well as reduced errors due to model hallucination.",
            "limitation": "One limitation of the approach may be its reliance on the quality of the external knowledge source, which could affect the overall performance if the retrieved information is incorrect or incomplete.",
            "future work": "Future work could explore further optimization of the interleaving process, application to other types of reasoning tasks, and enhancement of the retrieval mechanisms to improve accuracy and efficiency."
        },
        "other info": {}
    },
    "mount_outline": [
        {
            "section number": "2.2",
            "key information": "Traditional retrieval methods do not account for the interdependencies between the knowledge required and the reasoning steps derived, leading to incomplete or inaccurate responses."
        },
        {
            "section number": "4",
            "key information": "IRCoT enhances multi-step QA by interleaving the retrieval of information with the generation of reasoning steps."
        },
        {
            "section number": "4.1",
            "key information": "The proposed idea, IRCoT, entails interleaving the retrieval of information with the generation of reasoning steps, allowing each to inform and enhance the other."
        },
        {
            "section number": "6.2",
            "key information": "One limitation of the approach may be its reliance on the quality of the external knowledge source, which could affect the overall performance if the retrieved information is incorrect or incomplete."
        },
        {
            "section number": "7.1",
            "key information": "Future work could explore further optimization of the interleaving process, application to other types of reasoning tasks, and enhancement of the retrieval mechanisms to improve accuracy and efficiency."
        }
    ],
    "similarity_score": null,
    "image": null,
    "path": "/home/liudingyuan/code/SurveyX/code/SurveyX-main/outputs/t10/papers/Interleaving retrieval with chain-of-thought reasoning for knowledge-intensive multi-step questions.json"
}