{
    "from": null,
    "scholar_id": null,
    "detail_id": null,
    "title": "Investigating the factual knowledge boundary of large language models with retrieval augmentation",
    "abstract": "Large language models (LLMs) have shown impressive prowess in solving a wide range of tasks with world knowledge. However, it remains unclear how well LLMs are able to perceive their factual knowledge boundaries, particularly under retrieval augmentation settings. In this study, we present the first analysis on the factual knowledge boundaries of LLMs and how retrieval augmentation affects LLMs on open-domain question answering (QA), with a bunch of important findings. Specifically, we focus on three research questions and analyze them by examining QA, priori judgement and posteriori judgement capabilities of LLMs. We show evidence that LLMs possess unwavering confidence in their knowledge and cannot handle the conflict between internal and external knowledge well. Furthermore, retrieval augmentation proves to be an effective approach in enhancing LLMs' awareness of knowledge boundaries. We further conduct thorough experiments to examine how different factors affect LLMs and propose a simple method to dynamically utilize supporting documents with our judgement strategy. Additionally, we find that the relevance between the supporting documents and the questions significantly impacts LLMs' QA and judgemental capabilities. The code to reproduce this work is available at https://github.com/RUCAIBox/LLM-Knowledge-Boundary.",
    "arxivid": "2307.11019v3",
    "bib_name": "Investigat142",
    "md_text": "# Investigating the factual knowledge boundary of large language models with retrieval augmentation\n\n\nabstract\n\nLarge language models (LLMs) have shown impressive prowess in solving a wide range of tasks with world knowledge. However, it remains unclear how well LLMs are able to perceive their factual knowledge boundaries, particularly under retrieval augmentation settings. In this study, we present the first analysis on the factual knowledge boundaries of LLMs and how retrieval augmentation affects LLMs on open-domain question answering (QA), with a bunch of important findings. Specifically, we focus on three research questions and analyze them by examining QA, priori judgement and posteriori judgement capabilities of LLMs. We show evidence that LLMs possess unwavering confidence in their knowledge and cannot handle the conflict between internal and external knowledge well. Furthermore, retrieval augmentation proves to be an effective approach in enhancing LLMs' awareness of knowledge boundaries. We further conduct thorough experiments to examine how different factors affect LLMs and propose a simple method to dynamically utilize supporting documents with our judgement strategy. Additionally, we find that the relevance between the supporting documents and the questions significantly impacts LLMs' QA and judgemental capabilities. The code to reproduce this work is available at https://github.com/RUCAIBox/LLM-Knowledge-Boundary.",
    "paper_type": "survey",
    "attri": {
        "background": {
            "purpose": "This survey aims to investigate the factual knowledge boundaries of large language models (LLMs) and how retrieval augmentation influences their performance in open-domain question answering (QA). It seeks to answer questions regarding LLMs' confidence in their knowledge and their ability to reconcile internal and external information.",
            "scope": "The survey focuses on the interaction between LLMs and retrieval augmentation in the context of QA. It includes topics such as the analysis of QA performance, the effects of prior and posterior judgement capabilities, and the relevance of supporting documents. Areas excluded from the scope are those unrelated to factual knowledge boundaries and retrieval mechanisms, as they do not directly contribute to understanding the core issues at hand."
        },
        "problem": {
            "definition": "The core issue explored in this survey is the ability of LLMs to perceive and articulate their factual knowledge boundaries, particularly when augmented with retrieval techniques in open-domain QA.",
            "key obstacle": "A primary challenge identified is the unwavering confidence of LLMs in their knowledge, which leads to difficulties in managing conflicts between their internal knowledge and external information retrieved."
        },
        "architecture": {
            "perspective": "The survey introduces a framework for categorizing LLMs' capabilities in terms of QA and judgement, highlighting the impact of retrieval augmentation on their performance.",
            "fields/stages": "The survey organizes current research into stages of QA performance, prior judgement capabilities, and posterior judgement capabilities, using criteria based on the effectiveness of LLMs in handling knowledge conflicts and retrieval relevance."
        },
        "conclusion": {
            "comparisions": "The comparative analysis indicates that LLMs with retrieval augmentation perform better in recognizing their knowledge boundaries compared to those without. The effectiveness of different methods is assessed based on their capability to improve QA outcomes.",
            "results": "Key takeaways include the finding that retrieval augmentation significantly enhances LLMs' awareness of their knowledge limits, and that the relevance of supporting documents is crucial for effective QA and judgement."
        },
        "discussion": {
            "advantage": "The existing research demonstrates that retrieval augmentation can effectively improve LLMs' performance in QA tasks, leading to better awareness of knowledge boundaries.",
            "limitation": "Current studies are limited by the LLMs' inherent confidence, which can overshadow their ability to accurately assess their knowledge limitations.",
            "gaps": "Unanswered questions include the extent to which different types of retrieval methods can further enhance LLMs' performance and the specific conditions under which these methods are most effective.",
            "future work": "Future research should explore innovative retrieval techniques and their impact on LLMs' judgement capabilities, as well as investigate emerging trends in LLM applications that necessitate improved knowledge boundary awareness."
        },
        "other info": {
            "code repository": "The code to reproduce this work is available at https://github.com/RUCAIBox/LLM-Knowledge-Boundary."
        }
    },
    "mount_outline": [
        {
            "section number": "1.1",
            "key information": "The survey aims to investigate the factual knowledge boundaries of large language models (LLMs) and how retrieval augmentation influences their performance in open-domain question answering (QA)."
        },
        {
            "section number": "1.1",
            "key information": "The survey focuses on the interaction between LLMs and retrieval augmentation in the context of QA, including the analysis of QA performance and the relevance of supporting documents."
        },
        {
            "section number": "2.2",
            "key information": "A primary challenge identified is the unwavering confidence of LLMs in their knowledge, which leads to difficulties in managing conflicts between their internal knowledge and external information retrieved."
        },
        {
            "section number": "4",
            "key information": "The survey introduces a framework for categorizing LLMs' capabilities in terms of QA and judgement, highlighting the impact of retrieval augmentation on their performance."
        },
        {
            "section number": "4.1",
            "key information": "Retrieval augmentation significantly enhances LLMs' awareness of their knowledge limits, improving QA outcomes."
        },
        {
            "section number": "6.2",
            "key information": "Current studies are limited by the LLMs' inherent confidence, which can overshadow their ability to accurately assess their knowledge limitations."
        },
        {
            "section number": "7.1",
            "key information": "Future research should explore innovative retrieval techniques and their impact on LLMs' judgement capabilities."
        }
    ],
    "similarity_score": null,
    "image": null,
    "path": "/home/liudingyuan/code/SurveyX/code/SurveyX-main/outputs/t10/papers/Investigating the factual knowledge boundary of large language models with retrieval augmentation.json"
}