{
    "from": null,
    "scholar_id": null,
    "detail_id": null,
    "title": "Large language model based long-tail query rewriting in taobao search",
    "abstract": "In the realm of e-commerce search, the significance of semantic matching cannot be overstated, as it directly impacts both user experience and company revenue. Along this line, query rewriting, serving as an important technique to bridge the semantic gaps inherent in the semantic matching process, has attached wide attention from the industry and academia. However, existing query rewriting methods often struggle to effectively optimize long-tail queries and alleviate the phenomenon of \"few recall'' caused by semantic gap. In this paper, we present BEQUE, a comprehensive framework that Bridges the sE mantic gap for long-tail QUE ries. In detail, BEQUE comprises three stages: multi-instruction supervised fine tuning (SFT), offline feedback, and objective alignment. We first construct a rewriting dataset based on rejection sampling and auxiliary tasks mixing to fine-tune our large language model (LLM) in a supervised fashion. Subsequently, with the well-trained LLM, we employ beam search to generate multiple candidate rewrites, and feed them into Taobao offline system to obtain the partial order. Leveraging the partial order of rewrites, we introduce a contrastive learning method to highlight the distinctions between rewrites, and align the model with the Taobao online objectives. Offline experiments prove the effectiveness of our method in bridging semantic gap. Online A/B tests reveal that our method can significantly boost gross merchandise volume (GMV), number of transaction (#Trans) and unique visitor (UV) for long-tail queries. BEQUE has been deployed on Taobao, one of most popular online shopping platforms in China, since October 2023.",
    "arxivid": "2311.03758v3",
    "bib_name": "Largelangu44",
    "md_text": "# Large language model based long-tail query rewriting in taobao search\n\n\nabstract\n\nIn the realm of e-commerce search, the significance of semantic matching cannot be overstated, as it directly impacts both user experience and company revenue. Along this line, query rewriting, serving as an important technique to bridge the semantic gaps inherent in the semantic matching process, has attached wide attention from the industry and academia. However, existing query rewriting methods often struggle to effectively optimize long-tail queries and alleviate the phenomenon of \"few recall'' caused by semantic gap. In this paper, we present BEQUE, a comprehensive framework that Bridges the sE mantic gap for long-tail QUE ries. In detail, BEQUE comprises three stages: multi-instruction supervised fine tuning (SFT), offline feedback, and objective alignment. We first construct a rewriting dataset based on rejection sampling and auxiliary tasks mixing to fine-tune our large language model (LLM) in a supervised fashion. Subsequently, with the well-trained LLM, we employ beam search to generate multiple candidate rewrites, and feed them into Taobao offline system to obtain the partial order. Leveraging the partial order of rewrites, we introduce a contrastive learning method to highlight the distinctions between rewrites, and align the model with the Taobao online objectives. Offline experiments prove the effectiveness of our method in bridging semantic gap. Online A/B tests reveal that our method can significantly boost gross merchandise volume (GMV), number of transaction (#Trans) and unique visitor (UV) for long-tail queries. BEQUE has been deployed on Taobao, one of most popular online shopping platforms in China, since October 2023.",
    "paper_type": "method",
    "attri": {
        "background": "In the realm of e-commerce search, the significance of semantic matching cannot be overstated, as it directly impacts both user experience and company revenue. Query rewriting is an important technique to bridge the semantic gaps inherent in the semantic matching process, which has garnered wide attention from both industry and academia. However, existing query rewriting methods often struggle to effectively optimize long-tail queries and alleviate the phenomenon of 'few recall' caused by semantic gaps.",
        "problem": {
            "definition": "The problem addressed in this paper is the ineffectiveness of existing query rewriting methods in optimizing long-tail queries in e-commerce search.",
            "key obstacle": "The main difficulty is the semantic gap that leads to a 'few recall' phenomenon, which existing methods fail to adequately resolve."
        },
        "idea": {
            "intuition": "The idea is inspired by the need to create a robust framework that can effectively bridge the semantic gap for long-tail queries, enhancing the overall search experience.",
            "opinion": "The proposed idea, BEQUE, is a comprehensive framework that consists of multi-instruction supervised fine tuning, offline feedback, and objective alignment aimed at improving the rewriting of long-tail queries.",
            "innovation": "The primary difference between BEQUE and existing approaches lies in its structured three-stage process that integrates supervised fine tuning, offline feedback, and contrastive learning to align with online objectives."
        },
        "method": {
            "method name": "BEQUE",
            "method abbreviation": "BEQUE",
            "method definition": "BEQUE is a comprehensive framework designed to optimize long-tail query rewriting by bridging the semantic gap through a multi-stage process.",
            "method description": "The core of BEQUE involves fine-tuning a large language model, generating candidate rewrites, and aligning them with online objectives using contrastive learning.",
            "method steps": [
                "Construct a rewriting dataset using rejection sampling and auxiliary task mixing.",
                "Fine-tune the large language model in a supervised manner.",
                "Generate multiple candidate rewrites using beam search.",
                "Feed the rewrites into the Taobao offline system to obtain a partial order.",
                "Implement contrastive learning to highlight distinctions between rewrites and align with online objectives."
            ],
            "principle": "The effectiveness of BEQUE in solving the problem is rooted in its systematic approach to fine-tuning and aligning the model with real-world objectives, thereby addressing the semantic gaps."
        },
        "experiments": {
            "evaluation setting": "The experimental setup includes a rewriting dataset constructed for long-tail queries, with evaluations conducted through offline experiments and online A/B tests on Taobao.",
            "evaluation method": "The performance of the method was assessed by measuring improvements in gross merchandise volume (GMV), number of transactions (#Trans), and unique visitors (UV) for long-tail queries."
        },
        "conclusion": "The outcomes of the experiments demonstrate that BEQUE effectively bridges the semantic gap, leading to significant improvements in key performance metrics for long-tail queries on Taobao.",
        "discussion": {
            "advantage": "The key advantages of BEQUE include its structured approach to semantic gap bridging and its ability to significantly enhance user engagement and revenue metrics for long-tail queries.",
            "limitation": "One limitation of the method may be its reliance on the quality of the initial dataset and the potential for bias in generated rewrites.",
            "future work": "Future research could focus on refining the dataset construction process and exploring additional techniques for further improving the effectiveness of query rewriting."
        },
        "other info": []
    },
    "mount_outline": [
        {
            "section number": "2.2",
            "key information": "Existing query rewriting methods often struggle to effectively optimize long-tail queries and alleviate the phenomenon of 'few recall' caused by semantic gaps."
        },
        {
            "section number": "4.1",
            "key information": "The proposed idea, BEQUE, is a comprehensive framework that consists of multi-instruction supervised fine tuning, offline feedback, and objective alignment aimed at improving the rewriting of long-tail queries."
        },
        {
            "section number": "4.2",
            "key information": "The performance of BEQUE was assessed through offline experiments and online A/B tests on Taobao, measuring improvements in gross merchandise volume (GMV), number of transactions (#Trans), and unique visitors (UV) for long-tail queries."
        },
        {
            "section number": "6.2",
            "key information": "One limitation of the method may be its reliance on the quality of the initial dataset and the potential for bias in generated rewrites."
        },
        {
            "section number": "7.1",
            "key information": "Future research could focus on refining the dataset construction process and exploring additional techniques for further improving the effectiveness of query rewriting."
        }
    ],
    "similarity_score": null,
    "image": null,
    "path": "/home/liudingyuan/code/SurveyX/code/SurveyX-main/outputs/t10/papers/Large language model based long-tail query rewriting in taobao search.json"
}