{
    "from": null,
    "scholar_id": null,
    "detail_id": null,
    "title": "Large language models are built-in autoregressive search engines",
    "abstract": "Document retrieval is a key stage of standard Web search engines. Existing dual-encoder dense retrievers obtain representations for questions and documents independently, allowing for only shallow interactions between them. To overcome this limitation, recent autoregressive search engines replace the dual-encoder architecture by directly generating identifiers for relevant documents in the candidate pool. However, the training cost of such autoregressive search engines rises sharply as the number of candidate documents increases. In this paper, we find that large language models (LLMs) can follow human instructions to directly generate URLs for document retrieval. Surprisingly, when providing a few {Query-URL} pairs as in-context demonstrations, LLMs can generate Web URLs where nearly 90\\% of the corresponding documents contain correct answers to open-domain questions. In this way, LLMs can be thought of as built-in search engines, since they have not been explicitly trained to map questions to document identifiers. Experiments demonstrate that our method can consistently achieve better retrieval performance than existing retrieval approaches by a significant margin on three open-domain question answering benchmarks, under both zero and few-shot settings. The code for this work can be found at \\url{https://github.com/Ziems/llm-url}.",
    "arxivid": "2305.09612v1",
    "bib_name": "Largelangu86",
    "md_text": "# Large language models are built-in autoregressive search engines\n\n\nabstract\n\nDocument retrieval is a key stage of standard Web search engines. Existing dual-encoder dense retrievers obtain representations for questions and documents independently, allowing for only shallow interactions between them. To overcome this limitation, recent autoregressive search engines replace the dual-encoder architecture by directly generating identifiers for relevant documents in the candidate pool. However, the training cost of such autoregressive search engines rises sharply as the number of candidate documents increases. In this paper, we find that large language models (LLMs) can follow human instructions to directly generate URLs for document retrieval. Surprisingly, when providing a few {Query-URL} pairs as in-context demonstrations, LLMs can generate Web URLs where nearly 90\\% of the corresponding documents contain correct answers to open-domain questions. In this way, LLMs can be thought of as built-in search engines, since they have not been explicitly trained to map questions to document identifiers. Experiments demonstrate that our method can consistently achieve better retrieval performance than existing retrieval approaches by a significant margin on three open-domain question answering benchmarks, under both zero and few-shot settings. The code for this work can be found at \\url{https://github.com/Ziems/llm-url}.",
    "paper_type": "method",
    "attri": {
        "background": "This paper addresses the issue of document retrieval in standard Web search engines, highlighting the limitations of existing dual-encoder dense retrievers that process questions and documents independently, which restricts their interaction. The need for a new method arises from the rising training costs of autoregressive search engines as the number of candidate documents increases.",
        "problem": {
            "definition": "The problem involves the inefficiency of current document retrieval methods that do not effectively leverage the interactions between questions and documents, particularly in open-domain question answering.",
            "key obstacle": "The main challenge is the high training cost associated with autoregressive search engines when scaling up the number of candidate documents, which limits their practical application."
        },
        "idea": {
            "intuition": "The idea is inspired by the observation that large language models (LLMs) can follow human instructions to generate URLs for document retrieval, suggesting a novel approach to enhance search engine performance.",
            "opinion": "The proposed idea involves using LLMs to directly generate Web URLs based on a few provided {Query-URL} pairs, facilitating more effective document retrieval without explicit training for this task.",
            "innovation": "The key innovation lies in leveraging LLMs as built-in search engines that can generate relevant document identifiers directly, significantly improving retrieval performance compared to traditional methods."
        },
        "method": {
            "method name": "Large Language Model URL Generation",
            "method abbreviation": "LLM-URL",
            "method definition": "This method utilizes large language models to generate URLs for document retrieval based on in-context examples of query-url pairs.",
            "method description": "The core of the method involves using LLMs to produce relevant URLs that link to documents containing answers to open-domain questions.",
            "method steps": "1. Provide a few {Query-URL} pairs as in-context demonstrations; 2. Use the LLM to generate URLs for new queries; 3. Retrieve documents using the generated URLs.",
            "principle": "The effectiveness of this method stems from the LLM's ability to understand and generate relevant content based on human-like instructions, thus facilitating efficient document retrieval."
        },
        "experiments": {
            "evaluation setting": "Experiments were conducted on three open-domain question answering benchmarks, comparing the performance of the proposed method against existing retrieval approaches under both zero and few-shot settings.",
            "evaluation method": "The performance was measured by assessing the accuracy of the retrieved documents in providing correct answers to the posed questions."
        },
        "conclusion": "The experiments demonstrate that the proposed method consistently outperforms existing retrieval approaches by a significant margin, validating the effectiveness of using LLMs for document retrieval.",
        "discussion": {
            "advantage": "The key advantage of the proposed approach is its ability to generate relevant document identifiers without the heavy training costs associated with traditional autoregressive search engines.",
            "limitation": "A limitation of this method may include its reliance on the quality of the in-context demonstrations provided to the LLM, which could affect the accuracy of the generated URLs.",
            "future work": "Future research could focus on refining the in-context learning process for LLMs and exploring their application in other domains of information retrieval."
        },
        "other info": []
    },
    "mount_outline": [
        {
            "section number": "2.2",
            "key information": "The paper highlights the limitations of existing dual-encoder dense retrievers that process questions and documents independently, restricting their interaction."
        },
        {
            "section number": "4",
            "key information": "The proposed method utilizes large language models to generate URLs for document retrieval based on in-context examples of query-URL pairs, significantly improving retrieval performance compared to traditional methods."
        },
        {
            "section number": "4.1",
            "key information": "The method involves using LLMs to produce relevant URLs that link to documents containing answers to open-domain questions, enhancing query rewriting and reformulation processes."
        },
        {
            "section number": "6.2",
            "key information": "A limitation of the proposed method may include its reliance on the quality of the in-context demonstrations provided to the LLM, which could affect the accuracy of the generated URLs."
        },
        {
            "section number": "7.1",
            "key information": "Future research could focus on refining the in-context learning process for LLMs and exploring their application in other domains of information retrieval."
        }
    ],
    "similarity_score": null,
    "image": null,
    "path": "/home/liudingyuan/code/SurveyX/code/SurveyX-main/outputs/t10/papers/Large language models are built-in autoregressive search engines.json"
}