{
    "from": null,
    "scholar_id": null,
    "detail_id": null,
    "title": "Large dual encoders are generalizable retrievers",
    "abstract": "It has been shown that dual encoders trained on one domain often fail to generalize to other domains for retrieval tasks. One widespread belief is that the bottleneck layer of a dual encoder, where the final score is simply a dot-product between a query vector and a passage vector, is too limited compared to models with fine-grained interactions between the query and the passage. In this paper, we challenge this belief by scaling up the size of the dual encoder model while keeping the bottleneck layer as a single dot-product with a fixed size. With multi-stage training, scaling up the model size brings significant improvement on a variety of retrieval tasks, especially for out-of-domain generalization. We further analyze the impact of the bottleneck layer and demonstrate diminishing improvement when scaling up the embedding size. Experimental results show that our dual encoders, Generalizable T5-based dense Retrievers (GTR), outperform previous sparse and dense retrievers on the BEIR dataset significantly. Most surprisingly, our ablation study finds that GTR is very data efficient, as it only needs 10% of MS Marco supervised data to match the out-of-domain performance of using all supervised data.",
    "arxivid": "2112.07899v1",
    "bib_name": "Largeduale72",
    "md_text": "# Large dual encoders are generalizable retrievers\n\n\nabstract\n\nIt has been shown that dual encoders trained on one domain often fail to generalize to other domains for retrieval tasks. One widespread belief is that the bottleneck layer of a dual encoder, where the final score is simply a dot-product between a query vector and a passage vector, is too limited compared to models with fine-grained interactions between the query and the passage. In this paper, we challenge this belief by scaling up the size of the dual encoder model while keeping the bottleneck layer as a single dot-product with a fixed size. With multi-stage training, scaling up the model size brings significant improvement on a variety of retrieval tasks, especially for out-of-domain generalization. We further analyze the impact of the bottleneck layer and demonstrate diminishing improvement when scaling up the embedding size. Experimental results show that our dual encoders, Generalizable T5-based dense Retrievers (GTR), outperform previous sparse and dense retrievers on the BEIR dataset significantly. Most surprisingly, our ablation study finds that GTR is very data efficient, as it only needs 10% of MS Marco supervised data to match the out-of-domain performance of using all supervised data.",
    "paper_type": "method",
    "attri": {
        "background": "This paper addresses the issue of dual encoders failing to generalize across different domains in retrieval tasks, challenging the belief that the bottleneck layer's dot-product scoring mechanism is insufficient compared to models with finer interactions.",
        "problem": {
            "definition": "The problem is the lack of generalization of dual encoders trained on one domain when applied to retrieval tasks in other domains.",
            "key obstacle": "The core obstacle is the belief that the dot-product scoring in the bottleneck layer limits the dual encoder's effectiveness in generalization."
        },
        "idea": {
            "intuition": "The idea is inspired by the potential of scaling up dual encoder models while maintaining a simple bottleneck layer, which could enhance generalization capabilities.",
            "opinion": "The proposed idea entails using larger dual encoders, specifically Generalizable T5-based dense Retrievers (GTR), to improve performance on retrieval tasks without changing the bottleneck mechanism.",
            "innovation": "The primary innovation is the significant performance improvement achieved by scaling up the dual encoder model size while retaining the dot-product scoring, which contrasts with traditional beliefs about the necessity of complex interactions."
        },
        "method": {
            "method name": "Generalizable T5-based dense Retrievers",
            "method abbreviation": "GTR",
            "method definition": "GTR is a dual encoder model that utilizes a simple dot-product as the bottleneck layer while being scaled up in size to enhance retrieval performance.",
            "method description": "The core of GTR involves training a large dual encoder model to improve retrieval across domains using a straightforward scoring mechanism.",
            "method steps": "1. Scale up the dual encoder model size; 2. Train using multi-stage training; 3. Evaluate performance on retrieval tasks; 4. Analyze the impact of the bottleneck layer.",
            "principle": "The effectiveness of GTR in solving the problem lies in its ability to leverage increased model size for better representation while maintaining a simple scoring mechanism."
        },
        "experiments": {
            "evaluation setting": "The experiments were conducted on the BEIR dataset, comparing GTR against both sparse and dense retrievers, with a focus on out-of-domain generalization.",
            "evaluation method": "Performance was assessed by measuring retrieval effectiveness and analyzing data efficiency, particularly the amount of supervised data required to achieve competitive results."
        },
        "conclusion": "The experimental results demonstrate that GTR significantly outperforms previous retrieval methods, highlighting its data efficiency by achieving out-of-domain performance with only 10% of the MS Marco supervised data.",
        "discussion": {
            "advantage": "Key advantages of GTR include its superior generalization across domains and its data efficiency, requiring less training data to achieve high performance.",
            "limitation": "A limitation of the method is the diminishing returns observed when further increasing the embedding size, indicating a potential ceiling on performance improvements.",
            "future work": "Future research could explore optimizing the balance between model size and data requirements, as well as investigating alternative scoring mechanisms."
        },
        "other info": []
    },
    "mount_outline": [
        {
            "section number": "2.1",
            "key information": "The problem is the lack of generalization of dual encoders trained on one domain when applied to retrieval tasks in other domains."
        },
        {
            "section number": "2.2",
            "key information": "The core obstacle is the belief that the dot-product scoring in the bottleneck layer limits the dual encoder's effectiveness in generalization."
        },
        {
            "section number": "4",
            "key information": "The primary innovation is the significant performance improvement achieved by scaling up the dual encoder model size while retaining the dot-product scoring, which contrasts with traditional beliefs about the necessity of complex interactions."
        },
        {
            "section number": "4.1",
            "key information": "The core of GTR involves training a large dual encoder model to improve retrieval across domains using a straightforward scoring mechanism."
        },
        {
            "section number": "4.2",
            "key information": "The experiments were conducted on the BEIR dataset, comparing GTR against both sparse and dense retrievers, with a focus on out-of-domain generalization."
        },
        {
            "section number": "6.1",
            "key information": "A limitation of the method is the diminishing returns observed when further increasing the embedding size, indicating a potential ceiling on performance improvements."
        },
        {
            "section number": "7.1",
            "key information": "Future research could explore optimizing the balance between model size and data requirements, as well as investigating alternative scoring mechanisms."
        }
    ],
    "similarity_score": null,
    "image": null,
    "path": "/home/liudingyuan/code/SurveyX/code/SurveyX-main/outputs/t10/papers/Large dual encoders are generalizable retrievers.json"
}