{
    "from": null,
    "scholar_id": null,
    "detail_id": null,
    "title": "Learning interpretable legal case retrieval via knowledge-guided case reformulation",
    "abstract": "Legal case retrieval for sourcing similar cases is critical in upholding judicial fairness. Different from general web search, legal case retrieval involves processing lengthy, complex, and highly specialized legal documents. Existing methods in this domain often overlook the incorporation of legal expert knowledge, which is crucial for accurately understanding and modeling legal cases, leading to unsatisfactory retrieval performance. This paper introduces KELLER, a legal knowledge-guided case reformulation approach based on large language models (LLMs) for effective and interpretable legal case retrieval. By incorporating professional legal knowledge about crimes and law articles, we enable large language models to accurately reformulate the original legal case into concise sub-facts of crimes, which contain the essential information of the case. Extensive experiments on two legal case retrieval benchmarks demonstrate superior retrieval performance and robustness on complex legal case queries of KELLER over existing methods.",
    "arxivid": "2406.19760v1",
    "bib_name": "Learningin55",
    "md_text": "# Learning interpretable legal case retrieval via knowledge-guided case reformulation\n\n\nabstract\n\nLegal case retrieval for sourcing similar cases is critical in upholding judicial fairness. Different from general web search, legal case retrieval involves processing lengthy, complex, and highly specialized legal documents. Existing methods in this domain often overlook the incorporation of legal expert knowledge, which is crucial for accurately understanding and modeling legal cases, leading to unsatisfactory retrieval performance. This paper introduces KELLER, a legal knowledge-guided case reformulation approach based on large language models (LLMs) for effective and interpretable legal case retrieval. By incorporating professional legal knowledge about crimes and law articles, we enable large language models to accurately reformulate the original legal case into concise sub-facts of crimes, which contain the essential information of the case. Extensive experiments on two legal case retrieval benchmarks demonstrate superior retrieval performance and robustness on complex legal case queries of KELLER over existing methods.",
    "paper_type": "method",
    "attri": {
        "background": "Legal case retrieval for sourcing similar cases is critical in upholding judicial fairness. Existing methods often overlook the incorporation of legal expert knowledge, which is crucial for accurately understanding and modeling legal cases, leading to unsatisfactory retrieval performance.",
        "problem": {
            "definition": "The problem is the ineffective retrieval of similar legal cases due to the lack of integration of legal expert knowledge in existing methods.",
            "key obstacle": "The core obstacle is the failure of current retrieval methods to accurately model and understand the complexities of legal cases, which hinders their performance."
        },
        "idea": {
            "intuition": "The idea was inspired by the recognition that incorporating legal expert knowledge can significantly improve the understanding of legal cases.",
            "opinion": "The proposed idea entails a legal knowledge-guided case reformulation method that utilizes large language models to extract and represent essential information from legal cases.",
            "innovation": "The primary innovation of KELLER lies in its ability to reformulate legal cases into concise sub-facts of crimes, integrating professional legal knowledge to enhance retrieval performance."
        },
        "method": {
            "method name": "KELLER",
            "method abbreviation": "KELLER",
            "method definition": "KELLER is a legal knowledge-guided case reformulation approach that leverages large language models to enhance the retrieval of similar legal cases by accurately representing essential case information.",
            "method description": "KELLER reformulates legal cases into concise sub-facts based on integrated legal knowledge.",
            "method steps": "1. Input the original legal case. 2. Utilize legal expert knowledge to identify key elements. 3. Reformulate the case into sub-facts. 4. Retrieve similar cases based on the reformulated sub-facts.",
            "principle": "The effectiveness of KELLER is based on the integration of legal expert knowledge with large language models, enabling a more accurate representation of legal cases."
        },
        "experiments": {
            "evaluation setting": "Extensive experiments were conducted on two legal case retrieval benchmarks to assess the performance of KELLER.",
            "evaluation method": "The performance was measured by comparing retrieval results against existing methods, focusing on accuracy and robustness in handling complex legal case queries."
        },
        "conclusion": "The experiments demonstrate that KELLER achieves superior retrieval performance and robustness compared to existing methods, highlighting its effectiveness in legal case retrieval.",
        "discussion": {
            "advantage": "The key advantages of KELLER include its ability to incorporate legal expert knowledge and its interpretable reformulation of legal cases, leading to improved retrieval accuracy.",
            "limitation": "A limitation of KELLER may be its reliance on the quality and comprehensiveness of the legal knowledge integrated into the model.",
            "future work": "Future research could focus on expanding the legal knowledge base and exploring further enhancements in the reformulation process to address current limitations."
        },
        "other info": []
    },
    "mount_outline": [
        {
            "section number": "2.2",
            "key information": "Existing methods often overlook the incorporation of legal expert knowledge, which is crucial for accurately understanding and modeling legal cases, leading to unsatisfactory retrieval performance."
        },
        {
            "section number": "3.1",
            "key information": "KELLER is a legal knowledge-guided case reformulation approach that leverages large language models to enhance the retrieval of similar legal cases by accurately representing essential case information."
        },
        {
            "section number": "4",
            "key information": "The proposed idea entails a legal knowledge-guided case reformulation method that utilizes large language models to extract and represent essential information from legal cases."
        },
        {
            "section number": "4.2",
            "key information": "Extensive experiments were conducted on two legal case retrieval benchmarks to assess the performance of KELLER, focusing on accuracy and robustness in handling complex legal case queries."
        },
        {
            "section number": "6.2",
            "key information": "A limitation of KELLER may be its reliance on the quality and comprehensiveness of the legal knowledge integrated into the model."
        },
        {
            "section number": "7.1",
            "key information": "Future research could focus on expanding the legal knowledge base and exploring further enhancements in the reformulation process to address current limitations."
        }
    ],
    "similarity_score": null,
    "image": null,
    "path": "/home/liudingyuan/code/SurveyX/code/SurveyX-main/outputs/t10/papers/Learning interpretable legal case retrieval via knowledge-guided case reformulation.json"
}