{
    "from": null,
    "scholar_id": null,
    "detail_id": null,
    "title": "Learning implicit user profiles for personalized retrieval-based chatbot",
    "abstract": "In this paper, we explore the problem of developing personalized chatbots. A personalized chatbot is designed as a digital chatting assistant for a user. The key characteristic of a personalized chatbot is that it should have a consistent personality with the corresponding user. It can talk the same way as the user when it is delegated to respond to others' messages. Many methods have been proposed to assign a personality to dialogue chatbots, but most of them utilize explicit user profiles, including several persona descriptions or key-value-based personal information. In a practical scenario, however, users might be reluctant to write detailed persona descriptions, and obtaining a large number of explicit user profiles requires tremendous manual labour. To tackle the problem, we present a retrieval-based personalized chatbot model, namely IMPChat, to learn an implicit user profile from the user's dialogue history. We argue that the implicit user profile is superior to the explicit user profile regarding accessibility and flexibility. IMPChat aims to learn an implicit user profile through modeling user's personalized language style and personalized preferences separately. To learn a user's personalized language style, we elaborately build language models from shallow to deep using the user's historical responses; To model a user's personalized preferences, we explore the conditional relations underneath each post-response pair of the user. The personalized preferences are dynamic and context-aware: we assign higher weights to those historical pairs that are topically related to the current query when aggregating the personalized preferences. We match each response candidate with the personalized language style and personalized preference, respectively, and fuse the two matching signals to determine the final ranking score. We conduct comprehensive experiments on two large datasets, and the results show that our method outperforms all baseline models.",
    "arxivid": "2108.07935v1",
    "bib_name": "Learningim4",
    "md_text": "# Learning implicit user profiles for personalized retrieval-based chatbot\n\n\nabstract\n\nIn this paper, we explore the problem of developing personalized chatbots. A personalized chatbot is designed as a digital chatting assistant for a user. The key characteristic of a personalized chatbot is that it should have a consistent personality with the corresponding user. It can talk the same way as the user when it is delegated to respond to others' messages. Many methods have been proposed to assign a personality to dialogue chatbots, but most of them utilize explicit user profiles, including several persona descriptions or key-value-based personal information. In a practical scenario, however, users might be reluctant to write detailed persona descriptions, and obtaining a large number of explicit user profiles requires tremendous manual labour. To tackle the problem, we present a retrieval-based personalized chatbot model, namely IMPChat, to learn an implicit user profile from the user's dialogue history. We argue that the implicit user profile is superior to the explicit user profile regarding accessibility and flexibility. IMPChat aims to learn an implicit user profile through modeling user's personalized language style and personalized preferences separately. To learn a user's personalized language style, we elaborately build language models from shallow to deep using the user's historical responses; To model a user's personalized preferences, we explore the conditional relations underneath each post-response pair of the user. The personalized preferences are dynamic and context-aware: we assign higher weights to those historical pairs that are topically related to the current query when aggregating the personalized preferences. We match each response candidate with the personalized language style and personalized preference, respectively, and fuse the two matching signals to determine the final ranking score. We conduct comprehensive experiments on two large datasets, and the results show that our method outperforms all baseline models.",
    "paper_type": "method",
    "attri": {
        "background": "This paper addresses the issue of developing personalized chatbots that maintain a consistent personality with the user, overcoming the limitations of existing methods that rely on explicit user profiles which are often difficult to obtain.",
        "problem": {
            "definition": "The problem is the difficulty in creating personalized chatbots that can effectively mimic a user's personality without requiring extensive explicit user profiles.",
            "key obstacle": "The main challenge is that users are often reluctant to provide detailed persona descriptions, and collecting explicit profiles requires considerable manual effort."
        },
        "idea": {
            "intuition": "The idea stems from the observation that learning implicit user profiles from dialogue history can provide a more accessible and flexible alternative to explicit profiles.",
            "opinion": "The proposed method, IMPChat, aims to learn an implicit user profile by analyzing the user's dialogue history to model their personalized language style and preferences.",
            "innovation": "The key innovation lies in the approach of using implicit learning from dialogue history rather than relying on explicit user profiles, allowing for a more dynamic and context-aware personalization."
        },
        "method": {
            "method name": "IMPChat",
            "method abbreviation": "IMPChat",
            "method definition": "IMPChat is a retrieval-based personalized chatbot model that learns implicit user profiles from historical dialogue to generate responses that align with the user's personality.",
            "method description": "The core of IMPChat involves modeling personalized language style and preferences from the user's past responses to enhance the chatbot's interaction quality.",
            "method steps": "1. Build language models from shallow to deep using historical responses; 2. Explore conditional relations in post-response pairs; 3. Assign weights based on topical relevance; 4. Match response candidates with personalized signals; 5. Fuse matching signals for ranking.",
            "principle": "This method is effective because it leverages the user's historical dialogue to create a dynamic representation of their personality, allowing for more natural and personalized interactions."
        },
        "experiments": {
            "evaluation setting": "Comprehensive experiments were conducted on two large datasets to evaluate the performance of IMPChat against baseline models.",
            "evaluation method": "The performance was assessed by comparing the final ranking scores generated by IMPChat with those of the baseline methods."
        },
        "conclusion": "The experiments demonstrate that IMPChat significantly outperforms all baseline models, highlighting its effectiveness in learning implicit user profiles for personalized chatbot interactions.",
        "discussion": {
            "advantage": "The key advantages of IMPChat include its ability to learn from implicit data, making it more accessible and flexible compared to methods relying on explicit user profiles.",
            "limitation": "A potential limitation is that the effectiveness of the method may vary depending on the amount and quality of the user's historical dialogue data.",
            "future work": "Future research could explore enhancing the model's ability to adapt to changing user preferences over time and integrating more sophisticated contextual understanding."
        },
        "other info": []
    },
    "mount_outline": [
        {
            "section number": "1.1",
            "key information": "The paper addresses the development of personalized chatbots and their significance in enhancing user interaction quality, which aligns with the survey's focus on large language models."
        },
        {
            "section number": "2.2",
            "key information": "The paper discusses the limitations of existing methods that rely on explicit user profiles, which are often difficult to obtain, highlighting challenges faced by traditional approaches in personalization."
        },
        {
            "section number": "3.1",
            "key information": "The paper defines IMPChat as a retrieval-based personalized chatbot model that learns implicit user profiles from historical dialogue, illustrating its operational principles in the context of natural language processing."
        },
        {
            "section number": "4.1",
            "key information": "IMPChat enhances query rewriting and reformulation by modeling personalized language style and preferences from the user's past responses."
        },
        {
            "section number": "6.2",
            "key information": "The paper identifies a limitation regarding the effectiveness of IMPChat, which may vary depending on the amount and quality of the user's historical dialogue data."
        },
        {
            "section number": "7.1",
            "key information": "Future research outlined in the paper suggests enhancing the model's ability to adapt to changing user preferences over time, indicating a direction for optimizing model efficiency."
        }
    ],
    "similarity_score": null,
    "image": null,
    "path": "/home/liudingyuan/code/SurveyX/code/SurveyX-main/outputs/t10/papers/Learning implicit user profiles for personalized retrieval-based chatbot.json"
}