{
    "from": null,
    "scholar_id": null,
    "detail_id": null,
    "title": "Leveraging passage embeddings for efficient listwise reranking with large language models",
    "abstract": "Recent studies have demonstrated the effectiveness of using large language language models (LLMs) in passage ranking. The listwise approaches, such as RankGPT, have become new state-of-the-art in this task. However, the efficiency of RankGPT models is limited by the maximum context length and relatively high latency of LLM inference. To address these issues, in this paper, we propose PE-Rank, leveraging the single passage embedding as a good context compression for efficient listwise passage reranking. By treating each passage as a special token, we can directly input passage embeddings into LLMs, thereby reducing input length. Additionally, we introduce an inference method that dynamically constrains the decoding space to these special tokens, accelerating the decoding process. For adapting the model to reranking, we employ listwise learning to rank loss for training. Evaluation results on multiple benchmarks demonstrate that PE-Rank significantly improves efficiency in both prefilling and decoding, while maintaining competitive ranking effectiveness. The code is available at https://github.com/liuqi6777/pe_rank",
    "arxivid": "2406.14848v2",
    "bib_name": "Leveraging95",
    "md_text": "# Leveraging passage embeddings for efficient listwise reranking with large language models\n\n\nabstract\n\nRecent studies have demonstrated the effectiveness of using large language language models (LLMs) in passage ranking. The listwise approaches, such as RankGPT, have become new state-of-the-art in this task. However, the efficiency of RankGPT models is limited by the maximum context length and relatively high latency of LLM inference. To address these issues, in this paper, we propose PE-Rank, leveraging the single passage embedding as a good context compression for efficient listwise passage reranking. By treating each passage as a special token, we can directly input passage embeddings into LLMs, thereby reducing input length. Additionally, we introduce an inference method that dynamically constrains the decoding space to these special tokens, accelerating the decoding process. For adapting the model to reranking, we employ listwise learning to rank loss for training. Evaluation results on multiple benchmarks demonstrate that PE-Rank significantly improves efficiency in both prefilling and decoding, while maintaining competitive ranking effectiveness. The code is available at https://github.com/liuqi6777/pe_rank",
    "paper_type": "method",
    "attri": {
        "background": "This paper addresses the issue of efficiency in passage ranking using large language models (LLMs), highlighting the limitations of existing methods like RankGPT, which are constrained by maximum context length and high latency during inference.",
        "problem": {
            "definition": "The problem pertains to the inefficiency of current listwise ranking methods due to the limitations of LLMs in handling long contexts and the associated latency in processing.",
            "key obstacle": "The core obstacle is the maximum context length of LLMs and the high latency of inference, which impede the effective application of these models in practical scenarios."
        },
        "idea": {
            "intuition": "The idea was inspired by the observation that single passage embeddings can serve as a compact representation, enabling more efficient processing of passages in LLMs.",
            "opinion": "The proposed idea, PE-Rank, involves using passage embeddings as special tokens to reduce input length and enhance the efficiency of listwise passage reranking.",
            "innovation": "The key innovation lies in the introduction of passage embeddings into LLMs and a novel inference method that constrains the decoding space, significantly improving efficiency while maintaining ranking effectiveness."
        },
        "method": {
            "method name": "PE-Rank",
            "method abbreviation": "PE-Rank",
            "method definition": "PE-Rank is a method that utilizes single passage embeddings as special tokens for efficient listwise passage reranking in large language models.",
            "method description": "The method leverages passage embeddings to compress context and enhance the reranking process in LLMs.",
            "method steps": "1. Generate passage embeddings. 2. Input these embeddings as special tokens into the LLM. 3. Apply listwise learning to rank loss for training. 4. Use a constrained decoding method during inference.",
            "principle": "This method is effective because it reduces the input length and accelerates the decoding process, allowing for more efficient passage ranking without sacrificing effectiveness."
        },
        "experiments": {
            "evaluation setting": "The evaluation was conducted on multiple benchmarks to assess the performance of PE-Rank against baseline methods.",
            "evaluation method": "The performance was measured through comparison of ranking effectiveness and efficiency metrics, including prefilling and decoding times."
        },
        "conclusion": "The evaluation results indicate that PE-Rank significantly enhances efficiency in both prefilling and decoding stages while maintaining competitive ranking effectiveness compared to existing methods.",
        "discussion": {
            "advantage": "PE-Rank stands out due to its ability to effectively compress input length and accelerate inference, making it suitable for real-time applications.",
            "limitation": "One limitation may be the reliance on the quality of passage embeddings, which could affect the overall ranking effectiveness if the embeddings are not representative.",
            "future work": "Future research could explore further optimizations in embedding generation and investigate the applicability of PE-Rank in other ranking tasks beyond passage reranking."
        },
        "other info": [
            {
                "code repository": "https://github.com/liuqi6777/pe_rank"
            }
        ]
    },
    "mount_outline": [
        {
            "section number": "2.2",
            "key information": "The problem pertains to the inefficiency of current listwise ranking methods due to the limitations of LLMs in handling long contexts and the associated latency in processing."
        },
        {
            "section number": "4",
            "key information": "The proposed idea, PE-Rank, involves using passage embeddings as special tokens to reduce input length and enhance the efficiency of listwise passage reranking."
        },
        {
            "section number": "4.1",
            "key information": "PE-Rank is a method that utilizes single passage embeddings as special tokens for efficient listwise passage reranking in large language models."
        },
        {
            "section number": "6.1",
            "key information": "The core obstacle is the maximum context length of LLMs and the high latency of inference, which impede the effective application of these models in practical scenarios."
        },
        {
            "section number": "6.2",
            "key information": "One limitation may be the reliance on the quality of passage embeddings, which could affect the overall ranking effectiveness if the embeddings are not representative."
        },
        {
            "section number": "7.1",
            "key information": "Future research could explore further optimizations in embedding generation and investigate the applicability of PE-Rank in other ranking tasks beyond passage reranking."
        }
    ],
    "similarity_score": null,
    "image": null,
    "path": "/home/liudingyuan/code/SurveyX/code/SurveyX-main/outputs/t10/papers/Leveraging passage embeddings for efficient listwise reranking with large language models.json"
}