{
    "from": null,
    "scholar_id": null,
    "detail_id": null,
    "title": "Listt5: Listwise reranking with fusion-in-decoder improves zero-shot retrieval",
    "abstract": "We propose ListT5, a novel reranking approach based on Fusion-in-Decoder (FiD) that handles multiple candidate passages at both train and inference time. We also introduce an efficient inference framework for listwise ranking based on m-ary tournament sort with output caching. We evaluate and compare our model on the BEIR benchmark for zero-shot retrieval task, demonstrating that ListT5 (1) outperforms the state-of-the-art RankT5 baseline with a notable +1.3 gain in the average NDCG@10 score, (2) has an efficiency comparable to pointwise ranking models and surpasses the efficiency of previous listwise ranking models, and (3) overcomes the lost-in-the-middle problem of previous listwise rerankers. Our code, model checkpoints, and the evaluation framework are fully open-sourced at \\url{https://github.com/soyoung97/ListT5}.",
    "arxivid": "2402.15838v3",
    "bib_name": "Listt5:Lis92",
    "md_text": "# Listt5: Listwise reranking with fusion-in-decoder improves zero-shot retrieval\n\n\nabstract\n\nWe propose ListT5, a novel reranking approach based on Fusion-in-Decoder (FiD) that handles multiple candidate passages at both train and inference time. We also introduce an efficient inference framework for listwise ranking based on m-ary tournament sort with output caching. We evaluate and compare our model on the BEIR benchmark for zero-shot retrieval task, demonstrating that ListT5 (1) outperforms the state-of-the-art RankT5 baseline with a notable +1.3 gain in the average NDCG@10 score, (2) has an efficiency comparable to pointwise ranking models and surpasses the efficiency of previous listwise ranking models, and (3) overcomes the lost-in-the-middle problem of previous listwise rerankers. Our code, model checkpoints, and the evaluation framework are fully open-sourced at \\url{https://github.com/soyoung97/ListT5}.",
    "paper_type": "method",
    "attri": {
        "background": "This paper addresses the issue of improving zero-shot retrieval performance through an innovative reranking approach, highlighting the limitations of existing methods and the necessity for a more effective solution.",
        "problem": {
            "definition": "The problem focuses on the challenges faced in zero-shot retrieval tasks, particularly in efficiently ranking multiple candidate passages.",
            "key obstacle": "The core obstacle is the inefficiency and ineffectiveness of current reranking methods, which struggle with maintaining performance while handling multiple candidates."
        },
        "idea": {
            "intuition": "The idea was inspired by the need to enhance the reranking process in zero-shot retrieval by leveraging the Fusion-in-Decoder approach.",
            "opinion": "ListT5 is proposed as a solution that integrates listwise reranking with efficient inference techniques to improve retrieval outcomes.",
            "innovation": "The primary difference lies in the use of Fusion-in-Decoder for listwise ranking, which offers significant improvements in efficiency and effectiveness compared to traditional methods."
        },
        "method": {
            "method name": "ListT5",
            "method abbreviation": "LT5",
            "method definition": "ListT5 is a reranking method that employs Fusion-in-Decoder to manage multiple candidate passages effectively during both training and inference.",
            "method description": "The core of ListT5 involves a novel inference framework that utilizes m-ary tournament sort with output caching for efficient listwise ranking.",
            "principle": "This method is effective due to its ability to efficiently process and rank multiple candidates simultaneously, addressing the limitations of previous listwise rerankers."
        },
        "experiments": {
            "evaluation setting": "The evaluation was conducted on the BEIR benchmark for zero-shot retrieval tasks, comparing ListT5 against the state-of-the-art RankT5 baseline and other pointwise ranking models.",
            "evaluation method": "Performance was measured using the average NDCG@10 score, with a focus on efficiency and effectiveness during the ranking process."
        },
        "conclusion": "The outcomes indicate that ListT5 significantly outperforms existing methods, achieving a +1.3 gain in NDCG@10 and demonstrating comparable efficiency to pointwise models while overcoming previous limitations.",
        "discussion": {
            "advantage": "Key advantages include enhanced performance in zero-shot retrieval and improved efficiency in handling multiple candidates.",
            "limitation": "Potential limitations may include the dependency on the quality of the training data and the specific configurations of the model.",
            "future work": "Future research could explore further optimizations of the method and its applicability to other retrieval tasks beyond zero-shot scenarios."
        },
        "other info": []
    },
    "mount_outline": [
        {
            "section number": "4",
            "key information": "This paper addresses the issue of improving zero-shot retrieval performance through an innovative reranking approach, highlighting the limitations of existing methods and the necessity for a more effective solution."
        },
        {
            "section number": "4.1",
            "key information": "ListT5 is proposed as a solution that integrates listwise reranking with efficient inference techniques to improve retrieval outcomes."
        },
        {
            "section number": "4.2",
            "key information": "The evaluation was conducted on the BEIR benchmark for zero-shot retrieval tasks, comparing ListT5 against the state-of-the-art RankT5 baseline and other pointwise ranking models."
        },
        {
            "section number": "6",
            "key information": "The core obstacle is the inefficiency and ineffectiveness of current reranking methods, which struggle with maintaining performance while handling multiple candidates."
        },
        {
            "section number": "6.2",
            "key information": "Potential limitations may include the dependency on the quality of the training data and the specific configurations of the model."
        },
        {
            "section number": "7",
            "key information": "Future research could explore further optimizations of the method and its applicability to other retrieval tasks beyond zero-shot scenarios."
        }
    ],
    "similarity_score": null,
    "image": null,
    "path": "/home/liudingyuan/code/SurveyX/code/SurveyX-main/outputs/t10/papers/Listt5_ Listwise reranking with fusion-in-decoder improves zero-shot retrieval.json"
}