{
    "from": null,
    "scholar_id": null,
    "detail_id": null,
    "title": "Mindsearch: Mimicking human minds elicits deep AI searcher",
    "abstract": "Information seeking and integration is a complex cognitive task that consumes enormous time and effort. Inspired by the remarkable progress of Large Language Models, recent works attempt to solve this task by combining LLMs and search engines. However, these methods still obtain unsatisfying performance due to three challenges: (1) complex requests often cannot be accurately and completely retrieved by the search engine once (2) corresponding information to be integrated is spread over multiple web pages along with massive noise, and (3) a large number of web pages with long contents may quickly exceed the maximum context length of LLMs. Inspired by the cognitive process when humans solve these problems, we introduce MindSearch to mimic the human minds in web information seeking and integration, which can be instantiated by a simple yet effective LLM-based multi-agent framework. The WebPlanner models the human mind of multi-step information seeking as a dynamic graph construction process: it decomposes the user query into atomic sub-questions as nodes in the graph and progressively extends the graph based on the search result from WebSearcher. Tasked with each sub-question, WebSearcher performs hierarchical information retrieval with search engines and collects valuable information for WebPlanner. The multi-agent design of MindSearch enables the whole framework to seek and integrate information parallelly from larger-scale (e.g., more than 300) web pages in 3 minutes, which is worth 3 hours of human effort. MindSearch demonstrates significant improvement in the response quality in terms of depth and breadth, on both close-set and open-set QA problems. Besides, responses from MindSearch based on InternLM2.5-7B are preferable by humans to ChatGPT-Web and Perplexity.ai applications, which implies that MindSearch can already deliver a competitive solution to the proprietary AI search engine.",
    "arxivid": "2407.20183v2",
    "bib_name": "Mindsearch170",
    "md_text": "# Mindsearch: Mimicking human minds elicits deep AI searcher\n\n\nabstract\n\nInformation seeking and integration is a complex cognitive task that consumes enormous time and effort. Inspired by the remarkable progress of Large Language Models, recent works attempt to solve this task by combining LLMs and search engines. However, these methods still obtain unsatisfying performance due to three challenges: (1) complex requests often cannot be accurately and completely retrieved by the search engine once (2) corresponding information to be integrated is spread over multiple web pages along with massive noise, and (3) a large number of web pages with long contents may quickly exceed the maximum context length of LLMs. Inspired by the cognitive process when humans solve these problems, we introduce MindSearch to mimic the human minds in web information seeking and integration, which can be instantiated by a simple yet effective LLM-based multi-agent framework. The WebPlanner models the human mind of multi-step information seeking as a dynamic graph construction process: it decomposes the user query into atomic sub-questions as nodes in the graph and progressively extends the graph based on the search result from WebSearcher. Tasked with each sub-question, WebSearcher performs hierarchical information retrieval with search engines and collects valuable information for WebPlanner. The multi-agent design of MindSearch enables the whole framework to seek and integrate information parallelly from larger-scale (e.g., more than 300) web pages in 3 minutes, which is worth 3 hours of human effort. MindSearch demonstrates significant improvement in the response quality in terms of depth and breadth, on both close-set and open-set QA problems. Besides, responses from MindSearch based on InternLM2.5-7B are preferable by humans to ChatGPT-Web and Perplexity.ai applications, which implies that MindSearch can already deliver a competitive solution to the proprietary AI search engine.",
    "paper_type": "method",
    "attri": {
        "background": "This paper addresses the issue of information seeking and integration, highlighting the limitations of existing methods that combine Large Language Models (LLMs) and search engines. These methods struggle with accurately retrieving complex requests, integrating information spread across multiple web pages, and handling the maximum context length of LLMs.",
        "problem": {
            "definition": "The problem is the inefficiency and ineffectiveness of current information seeking methods when faced with complex queries that require integration of information from various sources.",
            "key obstacle": "The main difficulty lies in the inability of existing search engines to accurately retrieve comprehensive information for complex requests and the challenge of integrating data from multiple noisy web pages."
        },
        "idea": {
            "intuition": "The idea is inspired by the cognitive processes humans use to solve complex information-seeking tasks, which involve breaking down queries and systematically retrieving information.",
            "opinion": "MindSearch is proposed as a solution that mimics human cognitive processes in web information seeking and integration through a multi-agent framework.",
            "innovation": "The primary innovation of MindSearch is its multi-agent design that allows for parallel information seeking and integration from a large number of web pages, significantly improving response quality compared to existing methods."
        },
        "method": {
            "method name": "MindSearch",
            "method abbreviation": "MS",
            "method definition": "MindSearch is a framework that models multi-step information seeking as a dynamic graph construction process, utilizing LLMs and search engines to decompose queries and retrieve information.",
            "method description": "The core of MindSearch involves using agents to break down user queries into sub-questions and retrieve relevant information from multiple sources.",
            "method steps": "1. Decompose the user query into atomic sub-questions; 2. Construct a dynamic graph with these sub-questions as nodes; 3. Use a WebSearcher to retrieve information for each sub-question; 4. Integrate the retrieved information into the graph.",
            "principle": "MindSearch is effective because it mimics human cognitive strategies for information seeking, allowing for a more organized and efficient retrieval process."
        },
        "experiments": {
            "evaluation setting": "The experiments were conducted using a dataset of over 300 web pages, comparing the performance of MindSearch against baseline methods such as ChatGPT-Web and Perplexity.ai.",
            "evaluation method": "The performance of MindSearch was assessed based on response quality in terms of depth and breadth, as well as user preference in direct comparisons."
        },
        "conclusion": "MindSearch demonstrates significant improvements in response quality for both close-set and open-set QA problems, providing a competitive solution to existing AI search engines.",
        "discussion": {
            "advantage": "The key advantages of MindSearch include its ability to efficiently integrate information from a large number of sources in parallel and its superior response quality compared to existing methods.",
            "limitation": "A limitation of MindSearch may include its dependency on the quality of the search engine results and the potential for noise in the retrieved information.",
            "future work": "Future work could focus on enhancing the robustness of the information retrieval process and exploring further optimizations for the multi-agent framework."
        },
        "other info": []
    },
    "mount_outline": [
        {
            "section number": "2.2",
            "key information": "Existing methods that combine Large Language Models (LLMs) and search engines struggle with accurately retrieving complex requests and integrating information spread across multiple web pages."
        },
        {
            "section number": "4",
            "key information": "MindSearch is proposed as a solution that mimics human cognitive processes in web information seeking and integration through a multi-agent framework."
        },
        {
            "section number": "4.2",
            "key information": "The experiments were conducted using a dataset of over 300 web pages, comparing the performance of MindSearch against baseline methods such as ChatGPT-Web and Perplexity.ai."
        },
        {
            "section number": "6.2",
            "key information": "A limitation of MindSearch may include its dependency on the quality of the search engine results and the potential for noise in the retrieved information."
        },
        {
            "section number": "7.1",
            "key information": "Future work could focus on enhancing the robustness of the information retrieval process and exploring further optimizations for the multi-agent framework."
        }
    ],
    "similarity_score": null,
    "image": null,
    "path": "/home/liudingyuan/code/SurveyX/code/SurveyX-main/outputs/t10/papers/Mindsearch_ Mimicking human minds elicits deep AI searcher.json"
}