{
    "from": null,
    "scholar_id": null,
    "detail_id": null,
    "title": "MTEB: massive text embedding benchmark",
    "abstract": "Text embeddings are commonly evaluated on a small set of datasets from a single task not covering their possible applications to other tasks. It is unclear whether state-of-the-art embeddings on semantic textual similarity (STS) can be equally well applied to other tasks like clustering or reranking. This makes progress in the field difficult to track, as various models are constantly being proposed without proper evaluation. To solve this problem, we introduce the Massive Text Embedding Benchmark (MTEB). MTEB spans 8 embedding tasks covering a total of 58 datasets and 112 languages. Through the benchmarking of 33 models on MTEB, we establish the most comprehensive benchmark of text embeddings todate. We find that no particular text embedding method dominates across all tasks. This suggests that the field has yet to converge on a universal text embedding method and scale it up sufficiently to provide state-of-theart results on all embedding tasks. MTEB comes with open-source code and a public leaderboard at https://github.com/embeddings-benchmark/mteb.",
    "arxivid": "2210.07316v3",
    "bib_name": "MTEB:massi77",
    "md_text": "# MTEB: massive text embedding benchmark\n\n\nabstract\n\nText embeddings are commonly evaluated on a small set of datasets from a single task not covering their possible applications to other tasks. It is unclear whether state-of-the-art embeddings on semantic textual similarity (STS) can be equally well applied to other tasks like clustering or reranking. This makes progress in the field difficult to track, as various models are constantly being proposed without proper evaluation. To solve this problem, we introduce the Massive Text Embedding Benchmark (MTEB). MTEB spans 8 embedding tasks covering a total of 58 datasets and 112 languages. Through the benchmarking of 33 models on MTEB, we establish the most comprehensive benchmark of text embeddings todate. We find that no particular text embedding method dominates across all tasks. This suggests that the field has yet to converge on a universal text embedding method and scale it up sufficiently to provide state-of-theart results on all embedding tasks. MTEB comes with open-source code and a public leaderboard at https://github.com/embeddings-benchmark/mteb.",
    "paper_type": "benchmark",
    "attri": {
        "background": "Text embeddings are commonly evaluated on a small set of datasets from a single task, leading to difficulties in tracking progress in the field due to a lack of comprehensive evaluation across various tasks.",
        "problem": {
            "definition": "The benchmark is designed to address the evaluation of text embeddings across multiple tasks, ensuring that models can be compared effectively.",
            "key obstacle": "Existing benchmarks do not cover the diverse applications of text embeddings, resulting in a lack of clarity on the performance of state-of-the-art embeddings across different tasks."
        },
        "idea": {
            "intuition": "The development of MTEB was inspired by the need for a more comprehensive evaluation framework that spans multiple tasks and datasets.",
            "opinion": "The authors believe that MTEB is crucial for understanding the strengths and weaknesses of various text embedding methods.",
            "innovation": "MTEB introduces a wide-ranging evaluation across 8 embedding tasks and 58 datasets, providing a more thorough assessment than previous benchmarks.",
            "benchmark abbreviation": "MTEB"
        },
        "dataset": {
            "source": "The dataset was compiled from various sources to encompass a broad range of tasks and languages.",
            "desc": "MTEB spans 8 embedding tasks covering a total of 58 datasets and 112 languages, making it one of the most comprehensive benchmarks available.",
            "content": "The dataset includes text data relevant to semantic textual similarity, clustering, and reranking tasks.",
            "size": "-",
            "domain": "Text Embedding",
            "task format": "Embedding evaluation"
        },
        "metrics": {
            "metric name": "Accuracy, F1-score",
            "aspect": "Model performance across various embedding tasks",
            "principle": "Metrics were chosen based on their ability to effectively capture the performance of embeddings in different contexts.",
            "procedure": "Models are evaluated using established metrics across the tasks included in the benchmark."
        },
        "experiments": {
            "model": "33 text embedding models were benchmarked, including state-of-the-art and baseline models.",
            "procedure": "Models were evaluated on the MTEB dataset using standardized procedures to ensure comparability.",
            "result": "No single text embedding method was found to dominate across all tasks, indicating the need for further research.",
            "variability": "Variability was accounted for by benchmarking multiple models across a diverse set of tasks and datasets."
        },
        "conclusion": "The MTEB establishes the most comprehensive benchmark for text embeddings to date, highlighting the lack of a universal method and the necessity for ongoing research.",
        "discussion": {
            "advantage": "MTEB provides a structured framework for evaluating text embeddings across multiple tasks, facilitating better comparisons.",
            "limitation": "The benchmark may not cover all potential applications of text embeddings, which could limit its generalizability.",
            "future work": "Future research could focus on developing universal text embedding methods that perform well across all tasks."
        },
        "other info": []
    },
    "mount_outline": [
        {
            "section number": "2.2",
            "key information": "Existing benchmarks do not cover the diverse applications of text embeddings, resulting in a lack of clarity on the performance of state-of-the-art embeddings across different tasks."
        },
        {
            "section number": "3.1",
            "key information": "The benchmark is designed to address the evaluation of text embeddings across multiple tasks, ensuring that models can be compared effectively."
        },
        {
            "section number": "4.1",
            "key information": "MTEB introduces a wide-ranging evaluation across 8 embedding tasks and 58 datasets, providing a more thorough assessment than previous benchmarks."
        },
        {
            "section number": "5.2",
            "key information": "MTEB provides a structured framework for evaluating text embeddings across multiple tasks, facilitating better comparisons."
        },
        {
            "section number": "6.2",
            "key information": "The benchmark may not cover all potential applications of text embeddings, which could limit its generalizability."
        },
        {
            "section number": "7.1",
            "key information": "Future research could focus on developing universal text embedding methods that perform well across all tasks."
        }
    ],
    "similarity_score": null,
    "image": null,
    "path": "/home/liudingyuan/code/SurveyX/code/SurveyX-main/outputs/t10/papers/MTEB_ massive text embedding benchmark.json"
}