{
    "from": null,
    "scholar_id": null,
    "detail_id": null,
    "title": "Octopack: Instruction tuning code large language models",
    "abstract": "Finetuning large language models (LLMs) on instructions leads to vast performance improvements on natural language tasks. We apply instruction tuning using code, leveraging the natural structure of Git commits, which pair code changes with human instructions. We compile CommitPack: 4 terabytes of Git commits across 350 programming languages. We benchmark CommitPack against other natural and synthetic code instructions (xP3x, Self-Instruct, OASST) on the 16B parameter StarCoder model, and achieve state-of-the-art performance among models not trained on OpenAI outputs, on the HumanEval Python benchmark (46.2% pass@1). We further introduce HumanEvalPack, expanding the HumanEval benchmark to a total of 3 coding tasks (Code Repair, Code Explanation, Code Synthesis) across 6 languages (Python, JavaScript, Java, Go, C++, Rust). Our models, OctoCoder and OctoGeeX, achieve the best performance across HumanEvalPack among all permissive models, demonstrating CommitPack's benefits in generalizing to a wider set of languages and natural coding tasks. Code, models and data are freely available at https://github.com/bigcode-project/octopack.",
    "arxivid": "2308.07124v2",
    "bib_name": "Octopack:I198",
    "md_text": "# Octopack: Instruction tuning code large language models\n\n\nabstract\n\nFinetuning large language models (LLMs) on instructions leads to vast performance improvements on natural language tasks. We apply instruction tuning using code, leveraging the natural structure of Git commits, which pair code changes with human instructions. We compile CommitPack: 4 terabytes of Git commits across 350 programming languages. We benchmark CommitPack against other natural and synthetic code instructions (xP3x, Self-Instruct, OASST) on the 16B parameter StarCoder model, and achieve state-of-the-art performance among models not trained on OpenAI outputs, on the HumanEval Python benchmark (46.2% pass@1). We further introduce HumanEvalPack, expanding the HumanEval benchmark to a total of 3 coding tasks (Code Repair, Code Explanation, Code Synthesis) across 6 languages (Python, JavaScript, Java, Go, C++, Rust). Our models, OctoCoder and OctoGeeX, achieve the best performance across HumanEvalPack among all permissive models, demonstrating CommitPack's benefits in generalizing to a wider set of languages and natural coding tasks. Code, models and data are freely available at https://github.com/bigcode-project/octopack.",
    "paper_type": "benchmark",
    "attri": {
        "background": "This paper addresses the issue of improving the performance of large language models (LLMs) on natural language tasks by applying instruction tuning using code, specifically leveraging the structure of Git commits.",
        "problem": {
            "definition": "The benchmark is designed to address the challenge of effectively tuning large language models for code-related tasks using human instructions derived from Git commits.",
            "key obstacle": "Existing benchmarks do not adequately capture the diversity and structure of code instructions, limiting the ability to generalize across different programming languages and tasks."
        },
        "idea": {
            "intuition": "The thought process behind the benchmark stems from the observation that Git commits naturally pair code changes with human instructions, providing a rich source of training data for instruction tuning.",
            "opinion": "The authors believe that this benchmark is crucial for advancing the field of code generation and understanding how LLMs can be improved through instruction tuning.",
            "innovation": "The benchmark introduces CommitPack, which is significantly larger and more diverse than existing benchmarks, allowing for better generalization and performance in code-related tasks.",
            "benchmark abbreviation": "CommitPack"
        },
        "dataset": {
            "source": "The dataset was created by compiling 4 terabytes of Git commits across 350 programming languages.",
            "desc": "The dataset is extensive, covering a wide range of programming languages and includes structured pairs of code changes and human instructions.",
            "content": "The dataset includes code snippets and corresponding instructions, which are essential for training models on code-related tasks.",
            "size": "4,000,000,000",
            "domain": "Code Generation",
            "task format": "Instruction Tuning"
        },
        "metrics": {
            "metric name": "pass@1",
            "aspect": "Accuracy of code generation models on specific coding tasks.",
            "principle": "The pass@1 metric was chosen as it directly reflects the model's ability to correctly generate code on the first attempt, which is critical for practical applications.",
            "procedure": "Model performance is evaluated by measuring the percentage of correct code outputs generated in response to human instructions on benchmark tasks."
        },
        "experiments": {
            "model": "The experiments tested the 16B parameter StarCoder model, along with OctoCoder and OctoGeeX.",
            "procedure": "Models were trained on the CommitPack dataset and evaluated against existing benchmarks such as HumanEval.",
            "result": "The models achieved state-of-the-art performance with a pass rate of 46.2% on the HumanEval benchmark.",
            "variability": "Variability in results was accounted for through multiple trials and evaluation across different coding tasks and languages."
        },
        "conclusion": "The experiments demonstrated that instruction tuning using CommitPack significantly enhances the performance of large language models on coding tasks, with implications for future research in code generation.",
        "discussion": {
            "advantage": "The benchmark provides a comprehensive and diverse dataset that enhances the training of models for various coding tasks, contributing to advancements in the field.",
            "limitation": "Potential limitations include the reliance on Git commits, which may not cover all coding scenarios or styles, potentially affecting model generalization.",
            "future work": "Future research could explore expanding the dataset further and investigating additional coding tasks or programming paradigms."
        },
        "other info": []
    },
    "mount_outline": [
        {
            "section number": "1.1",
            "key information": "This paper addresses the issue of improving the performance of large language models (LLMs) on natural language tasks by applying instruction tuning using code, specifically leveraging the structure of Git commits."
        },
        {
            "section number": "4",
            "key information": "The experiments demonstrated that instruction tuning using CommitPack significantly enhances the performance of large language models on coding tasks, with implications for future research in code generation."
        },
        {
            "section number": "4.2",
            "key information": "The models achieved state-of-the-art performance with a pass rate of 46.2% on the HumanEval benchmark."
        },
        {
            "section number": "6.2",
            "key information": "Potential limitations include the reliance on Git commits, which may not cover all coding scenarios or styles, potentially affecting model generalization."
        },
        {
            "section number": "7.1",
            "key information": "Future research could explore expanding the dataset further and investigating additional coding tasks or programming paradigms."
        }
    ],
    "similarity_score": null,
    "image": null,
    "path": "/home/liudingyuan/code/SurveyX/code/SurveyX-main/outputs/t10/papers/Octopack_ Instruction tuning code large language models.json"
}