{
    "from": null,
    "scholar_id": null,
    "detail_id": null,
    "title": "Personalizing search results using hierarchical RNN with query-aware attention",
    "abstract": "Search results personalization has become an effective way to improve the quality of search engines. Previous studies extracted information such as past clicks, user topical interests, query click entropy and so on to tailor the original ranking. However, few studies have taken into account the sequential information underlying previous queries and sessions. Intuitively, the order of issued queries is important in inferring the real user interests. And more recent sessions should provide more reliable personal signals than older sessions. In addition, the previous search history and user behaviors should influence the personalization of the current query depending on their relatedness. To implement these intuitions, in this paper we employ a hierarchical recurrent neural network to exploit such sequential information and automatically generate user profile from historical data. We propose a query-aware attention model to generate a dynamic user profile based on the input query. Significant improvement is observed in the experiment with data from a commercial search engine when compared with several traditional personalization models. Our analysis reveals that the attention model is able to attribute higher weights to more related past sessions after fine training.",
    "arxivid": "1908.07600v1",
    "bib_name": "Personaliz8",
    "md_text": "# Personalizing search results using hierarchical RNN with query-aware attention\n\n\nabstract\n\nSearch results personalization has become an effective way to improve the quality of search engines. Previous studies extracted information such as past clicks, user topical interests, query click entropy and so on to tailor the original ranking. However, few studies have taken into account the sequential information underlying previous queries and sessions. Intuitively, the order of issued queries is important in inferring the real user interests. And more recent sessions should provide more reliable personal signals than older sessions. In addition, the previous search history and user behaviors should influence the personalization of the current query depending on their relatedness. To implement these intuitions, in this paper we employ a hierarchical recurrent neural network to exploit such sequential information and automatically generate user profile from historical data. We propose a query-aware attention model to generate a dynamic user profile based on the input query. Significant improvement is observed in the experiment with data from a commercial search engine when compared with several traditional personalization models. Our analysis reveals that the attention model is able to attribute higher weights to more related past sessions after fine training.",
    "paper_type": "method",
    "attri": {
        "background": "This paper addresses the issue of search results personalization, which has become an effective way to improve the quality of search engines. Previous studies have primarily focused on extracting information such as past clicks and user topical interests; however, they have largely overlooked the sequential information inherent in previous queries and sessions. The order of issued queries is significant for inferring true user interests, with more recent sessions providing more reliable personal signals than older ones.",
        "problem": {
            "definition": "The problem this paper aims to solve is the lack of consideration for sequential information in personalizing search results, which can lead to suboptimal user experience.",
            "key obstacle": "The core obstacle is that existing methods do not effectively utilize the order of past queries and user behaviors, which are crucial for accurately tailoring search results."
        },
        "idea": {
            "intuition": "The intuition behind the proposed idea is that the sequential nature of user queries and the relatedness of previous search history play a critical role in understanding user interests.",
            "opinion": "The proposed idea involves employing a hierarchical recurrent neural network combined with a query-aware attention model to dynamically generate user profiles based on historical data and the current query.",
            "innovation": "The primary innovation of this method lies in its ability to leverage sequential information and dynamically adjust user profiles using attention mechanisms, which is a significant advancement over traditional personalization models that do not account for query order."
        },
        "method": {
            "method name": "Hierarchical RNN with Query-Aware Attention",
            "method abbreviation": "HRNN-QA",
            "method definition": "The method defines a hierarchical recurrent neural network architecture that processes sequential query information to create a dynamic user profile that adapts based on the current search query.",
            "method description": "The core of the method involves using a hierarchical RNN to capture sequential dependencies in user queries and applying a query-aware attention mechanism to prioritize relevant past sessions.",
            "method steps": "1. Collect historical query data; 2. Process the data through a hierarchical RNN; 3. Apply query-aware attention to generate user profiles; 4. Output personalized search results based on the dynamic profiles.",
            "principle": "This method is effective because it incorporates both the temporal order of queries and the contextual relevance of past sessions, allowing for a more nuanced understanding of user interests."
        },
        "experiments": {
            "evaluation setting": "The experiments were conducted using data from a commercial search engine, comparing the proposed method against several traditional personalization models.",
            "evaluation method": "The performance of the method was assessed by measuring the improvement in search result relevance and user engagement metrics after applying the personalized ranking."
        },
        "conclusion": "The outcomes of the experiments demonstrate significant improvements in search result personalization when using the proposed hierarchical RNN with query-aware attention, indicating the effectiveness of leveraging sequential information.",
        "discussion": {
            "advantage": "The key advantages of the proposed approach include its ability to dynamically adjust user profiles based on the current query and to effectively utilize sequential information from past queries.",
            "limitation": "One limitation of the method is that it may require extensive training data to accurately capture user behaviors and preferences, which can be a challenge in scenarios with limited historical data.",
            "future work": "Future research could focus on enhancing the model's ability to generalize across different user behaviors and exploring the integration of additional contextual information to further improve personalization."
        },
        "other info": []
    },
    "mount_outline": [
        {
            "section number": "1.1",
            "key information": "This paper addresses the issue of search results personalization, which has become an effective way to improve the quality of search engines."
        },
        {
            "section number": "2.2",
            "key information": "The problem this paper aims to solve is the lack of consideration for sequential information in personalizing search results, which can lead to suboptimal user experience."
        },
        {
            "section number": "3.1",
            "key information": "The proposed idea involves employing a hierarchical recurrent neural network combined with a query-aware attention model to dynamically generate user profiles based on historical data and the current query."
        },
        {
            "section number": "4.1",
            "key information": "The core of the method involves using a hierarchical RNN to capture sequential dependencies in user queries and applying a query-aware attention mechanism to prioritize relevant past sessions."
        },
        {
            "section number": "6.1",
            "key information": "One limitation of the method is that it may require extensive training data to accurately capture user behaviors and preferences, which can be a challenge in scenarios with limited historical data."
        },
        {
            "section number": "7.1",
            "key information": "Future research could focus on enhancing the model's ability to generalize across different user behaviors and exploring the integration of additional contextual information to further improve personalization."
        }
    ],
    "similarity_score": null,
    "image": null,
    "path": "/home/liudingyuan/code/SurveyX/code/SurveyX-main/outputs/t10/papers/Personalizing search results using hierarchical RNN with query-aware attention.json"
}