{
    "from": null,
    "scholar_id": null,
    "detail_id": null,
    "title": "Pre-train, prompt, and predict: A systematic survey of prompting methods in natural language processing",
    "abstract": "This article surveys and organizes research works in a new paradigm in natural language processing, which we dub \u201cprompt-based learning.\u201d Unlike traditional supervised learning, which trains a model to take in an input x and predict an output y as P(y|x), prompt-based learning is based on language models that model the probability of text directly. To use these models to perform prediction tasks, the original input x is modified using a template into a textual string prompt x\u2032 that has some unfilled slots, and then the language model is used to probabilistically fill the unfilled information to obtain a final string x\u0302, from which the final output y can be derived. This framework is powerful and attractive for a number of reasons: It allows the language model to be pre-trained on massive amounts of raw text, and by defining a new prompting function the model is able to perform few-shot or even zero-shot learning, adapting to new scenarios with few or no labeled data. In this article, we introduce the basics of this promising paradigm, describe a unified set of mathematical notations that can cover a wide variety of existing work, and organize existing work along several dimensions, e.g., the choice of pre-trained language models, prompts, and tuning strategies. To make the field more accessible to interested beginners, we not only make a systematic review of existing works and a highly structured typology of prompt-based concepts but also release other resources, e.g., a website NLPedia\u2013Pretrain including constantly updated survey and paperlist.",
    "arxivid": "2107.13586v1",
    "bib_name": "Pre-trainp20",
    "md_text": "# Pre-train, prompt, and predict: A systematic survey of prompting methods in natural language processing\n\n\nabstract\n\nThis article surveys and organizes research works in a new paradigm in natural language processing, which we dub \u201cprompt-based learning.\u201d Unlike traditional supervised learning, which trains a model to take in an input x and predict an output y as P(y|x), prompt-based learning is based on language models that model the probability of text directly. To use these models to perform prediction tasks, the original input x is modified using a template into a textual string prompt x\u2032 that has some unfilled slots, and then the language model is used to probabilistically fill the unfilled information to obtain a final string x\u0302, from which the final output y can be derived. This framework is powerful and attractive for a number of reasons: It allows the language model to be pre-trained on massive amounts of raw text, and by defining a new prompting function the model is able to perform few-shot or even zero-shot learning, adapting to new scenarios with few or no labeled data. In this article, we introduce the basics of this promising paradigm, describe a unified set of mathematical notations that can cover a wide variety of existing work, and organize existing work along several dimensions, e.g., the choice of pre-trained language models, prompts, and tuning strategies. To make the field more accessible to interested beginners, we not only make a systematic review of existing works and a highly structured typology of prompt-based concepts but also release other resources, e.g., a website NLPedia\u2013Pretrain including constantly updated survey and paperlist.",
    "paper_type": "survey",
    "attri": {
        "background": {
            "purpose": "This survey aims to explore and organize research works in the emerging paradigm of prompt-based learning in natural language processing, addressing the need for a systematic review of existing methodologies and their applications.",
            "scope": "The survey includes topics related to prompt-based learning methods, pre-trained language models, and tuning strategies. It excludes traditional supervised learning methods, focusing instead on how prompts can be used to leverage language models for various prediction tasks."
        },
        "problem": {
            "definition": "The core issue being explored is how to effectively utilize prompt-based learning to adapt language models for various tasks with minimal labeled data.",
            "key obstacle": "A primary challenge in this area is the lack of standardized methodologies and clear frameworks for implementing prompt-based learning, which hinders progress and understanding in the field."
        },
        "architecture": {
            "perspective": "The survey introduces a unified framework for understanding prompt-based learning, categorizing existing research based on various dimensions such as the choice of pre-trained language models and the nature of prompts used.",
            "fields/stages": "The survey organizes current methods into stages based on the type of prompts, tuning strategies, and the specific applications in which they are employed."
        },
        "conclusion": {
            "comparisions": "The survey compares different research studies and methods in terms of their effectiveness and approaches to prompt-based learning, highlighting the diversity of strategies and outcomes.",
            "results": "Key takeaways include the potential of prompt-based learning to achieve few-shot and zero-shot learning capabilities, as well as the importance of understanding the various dimensions of prompts and tuning strategies."
        },
        "discussion": {
            "advantage": "The existing research has successfully demonstrated the effectiveness of prompt-based learning, allowing for flexible adaptation of language models to new tasks with minimal data.",
            "limitation": "Current studies often lack a cohesive framework for implementation, leading to inconsistencies in methodology and application across different research works.",
            "gaps": "Unanswered questions include the optimal design of prompts and the best practices for tuning language models to maximize their effectiveness in various scenarios.",
            "future work": "Future research should focus on developing standardized methodologies for prompt design and tuning, as well as exploring the implications of prompt-based learning in broader contexts within natural language processing."
        },
        "other info": {
            "additional resources": "The authors have released a website, NLPedia\u2013Pretrain, which includes a constantly updated survey and paper list to support further exploration of the topic."
        }
    },
    "mount_outline": [
        {
            "section number": "1.1",
            "key information": "This survey aims to explore and organize research works in the emerging paradigm of prompt-based learning in natural language processing, addressing the need for a systematic review of existing methodologies and their applications."
        },
        {
            "section number": "1.1",
            "key information": "The survey includes topics related to prompt-based learning methods, pre-trained language models, and tuning strategies."
        },
        {
            "section number": "2.1",
            "key information": "The core issue being explored is how to effectively utilize prompt-based learning to adapt language models for various tasks with minimal labeled data."
        },
        {
            "section number": "2.2",
            "key information": "A primary challenge in this area is the lack of standardized methodologies and clear frameworks for implementing prompt-based learning, which hinders progress and understanding in the field."
        },
        {
            "section number": "5.1",
            "key information": "The survey introduces a unified framework for understanding prompt-based learning, categorizing existing research based on various dimensions such as the choice of pre-trained language models and the nature of prompts used."
        },
        {
            "section number": "6.1",
            "key information": "Current studies often lack a cohesive framework for implementation, leading to inconsistencies in methodology and application across different research works."
        },
        {
            "section number": "7.1",
            "key information": "Future research should focus on developing standardized methodologies for prompt design and tuning, as well as exploring the implications of prompt-based learning in broader contexts within natural language processing."
        }
    ],
    "similarity_score": null,
    "image": null,
    "path": "/home/liudingyuan/code/SurveyX/code/SurveyX-main/outputs/t10/papers/Pre-train, prompt, and predict_ A systematic survey of prompting methods in natural language processing.json"
}