{
    "from": null,
    "scholar_id": null,
    "detail_id": null,
    "title": "Prefix-tuning: Optimizing continuous prompts for generation",
    "abstract": "Fine-tuning is the de facto way of leveraging large pretrained language models for downstream tasks. However, fine-tuning modifies all the language model parameters and therefore necessitates storing a full copy for each task. In this paper, we propose prefix-tuning, a lightweight alternative to fine-tuning for natural language generation tasks, which keeps language model parameters frozen and instead optimizes a sequence of continuous task-specific vectors, which we call the prefix. Prefix-tuning draws inspiration from prompting for language models, allowing subsequent tokens to attend to this prefix as if it were \u201cvirtual tokens\u201d. We apply prefix-tuning to GPT-2 for table-to-text generation and to BART for summarization. We show that by learning only 0.1% of the parameters, prefix-tuning obtains comparable performance in the full data setting, outperforms fine-tuning in low-data settings, and extrapolates better to examples with topics that are unseen during training.",
    "arxivid": "2101.00190v1",
    "bib_name": "Prefix-tun35",
    "md_text": "# Prefix-tuning: Optimizing continuous prompts for generation\n\n\nabstract\n\nFine-tuning is the de facto way of leveraging large pretrained language models for downstream tasks. However, fine-tuning modifies all the language model parameters and therefore necessitates storing a full copy for each task. In this paper, we propose prefix-tuning, a lightweight alternative to fine-tuning for natural language generation tasks, which keeps language model parameters frozen and instead optimizes a sequence of continuous task-specific vectors, which we call the prefix. Prefix-tuning draws inspiration from prompting for language models, allowing subsequent tokens to attend to this prefix as if it were \u201cvirtual tokens\u201d. We apply prefix-tuning to GPT-2 for table-to-text generation and to BART for summarization. We show that by learning only 0.1% of the parameters, prefix-tuning obtains comparable performance in the full data setting, outperforms fine-tuning in low-data settings, and extrapolates better to examples with topics that are unseen during training.",
    "paper_type": "method",
    "attri": {
        "background": "Fine-tuning is the de facto way of leveraging large pretrained language models for downstream tasks. However, fine-tuning modifies all the language model parameters and therefore necessitates storing a full copy for each task.",
        "problem": {
            "definition": "The problem this paper aims to solve is the inefficiency and storage burden associated with fine-tuning large pretrained language models for various tasks.",
            "key obstacle": "The core obstacle is that existing fine-tuning methods require modifying all model parameters, which leads to increased resource requirements and limits scalability."
        },
        "idea": {
            "intuition": "The intuition behind prefix-tuning is inspired by the concept of prompting for language models, where a sequence of continuous task-specific vectors can serve as a lightweight alternative to modifying the entire model.",
            "opinion": "The proposed idea, prefix-tuning, involves optimizing a sequence of continuous vectors (the prefix) while keeping the language model parameters frozen, allowing for efficient task adaptation.",
            "innovation": "The primary innovation of prefix-tuning lies in its ability to achieve comparable performance to traditional fine-tuning while only learning 0.1% of the parameters, thus significantly reducing the storage and computational burden."
        },
        "method": {
            "method name": "Prefix-tuning",
            "method abbreviation": "PT",
            "method definition": "Prefix-tuning is a method that optimizes a sequence of continuous task-specific vectors while keeping the parameters of the language model frozen.",
            "method description": "The core of prefix-tuning involves learning a small set of continuous vectors that act as a prefix for the language model, allowing it to generate task-specific outputs.",
            "method steps": "1. Initialize the prefix vectors. 2. Freeze the language model parameters. 3. Optimize the prefix vectors on the task-specific dataset. 4. Generate outputs using the modified language model with the learned prefix.",
            "principle": "This method is effective because it allows the model to leverage the pretrained knowledge while only adapting a minimal set of parameters, thus maintaining efficiency and scalability."
        },
        "experiments": {
            "evaluation setting": "The evaluation was conducted using GPT-2 for table-to-text generation and BART for summarization, comparing prefix-tuning against traditional fine-tuning methods.",
            "evaluation method": "The performance of prefix-tuning was assessed by measuring its output quality in both full data and low-data settings, as well as its ability to extrapolate to unseen topics."
        },
        "conclusion": "Prefix-tuning demonstrates that it is possible to achieve competitive performance with significantly fewer parameters than traditional fine-tuning, making it a viable alternative for natural language generation tasks.",
        "discussion": {
            "advantage": "The key advantages of prefix-tuning include reduced computational and storage requirements, as well as improved performance in low-data scenarios.",
            "limitation": "A limitation of the method may be its reliance on the quality of the learned prefix, which could affect performance in certain complex tasks.",
            "future work": "Future research could explore further optimizations of the prefix vectors and their application to a broader range of tasks and models."
        },
        "other info": []
    },
    "mount_outline": [
        {
            "section number": "3.1",
            "key information": "Prefix-tuning is a method that optimizes a sequence of continuous task-specific vectors while keeping the parameters of the language model frozen."
        },
        {
            "section number": "4",
            "key information": "Prefix-tuning demonstrates that it is possible to achieve competitive performance with significantly fewer parameters than traditional fine-tuning, making it a viable alternative for natural language generation tasks."
        },
        {
            "section number": "6.1",
            "key information": "The core obstacle is that existing fine-tuning methods require modifying all model parameters, which leads to increased resource requirements and limits scalability."
        },
        {
            "section number": "6.2",
            "key information": "The key advantages of prefix-tuning include reduced computational and storage requirements, as well as improved performance in low-data scenarios."
        },
        {
            "section number": "7.1",
            "key information": "Future research could explore further optimizations of the prefix vectors and their application to a broader range of tasks and models."
        }
    ],
    "similarity_score": null,
    "image": null,
    "path": "/home/liudingyuan/code/SurveyX/code/SurveyX-main/outputs/t10/papers/Prefix-tuning_ Optimizing continuous prompts for generation.json"
}