{
    "from": null,
    "scholar_id": null,
    "detail_id": null,
    "title": "Proactive retrieval-based chatbots based on relevant knowledge and goals",
    "abstract": "A proactive dialogue system has the ability to proactively lead the conversation. Different from the general chatbots which only react to the user, proactive dialogue systems can be used to achieve some goals, e.g., to recommend some items to the user. Background knowledge is essential to enable smooth and natural transitions in dialogue. In this paper, we propose a new multi-task learning framework for retrieval-based knowledge-grounded proactive dialogue. To determine the relevant knowledge to be used, we frame knowledge prediction as a complementary task and use explicit signals to supervise its learning. The final response is selected according to the predicted knowledge, the goal to achieve, and the context. Experimental results show that explicit modeling of knowledge prediction and goal selection can greatly improve the final response selection. Our code is available at https://github.com/DaoD/KPN/.",
    "arxivid": "2107.08329v1",
    "bib_name": "Proactiver3",
    "md_text": "# Proactive retrieval-based chatbots based on relevant knowledge and goals\n\n\nabstract\n\nA proactive dialogue system has the ability to proactively lead the conversation. Different from the general chatbots which only react to the user, proactive dialogue systems can be used to achieve some goals, e.g., to recommend some items to the user. Background knowledge is essential to enable smooth and natural transitions in dialogue. In this paper, we propose a new multi-task learning framework for retrieval-based knowledge-grounded proactive dialogue. To determine the relevant knowledge to be used, we frame knowledge prediction as a complementary task and use explicit signals to supervise its learning. The final response is selected according to the predicted knowledge, the goal to achieve, and the context. Experimental results show that explicit modeling of knowledge prediction and goal selection can greatly improve the final response selection. Our code is available at https://github.com/DaoD/KPN/.",
    "paper_type": "method",
    "attri": {
        "background": "This paper addresses the issue of enhancing dialogue systems by introducing proactive capabilities, distinguishing them from traditional chatbots that only respond to user inputs. The necessity for a new approach arises from the limitations of existing methods which fail to effectively utilize background knowledge for guiding conversations towards specific goals.",
        "problem": {
            "definition": "The problem this paper aims to solve is the lack of proactive behavior in dialogue systems, which limits their ability to lead conversations and achieve user-specific goals.",
            "key obstacle": "The main challenge associated with this problem is the difficulty in effectively predicting and utilizing relevant knowledge during dialogues, which hampers the system's ability to provide meaningful recommendations."
        },
        "idea": {
            "intuition": "The idea was inspired by the observation that proactive dialogue systems can significantly enhance user experience by guiding conversations towards specific goals.",
            "opinion": "The proposed idea involves a multi-task learning framework that integrates knowledge prediction and goal selection to improve the responsiveness and relevance of dialogue systems.",
            "innovation": "The innovation lies in explicitly modeling knowledge prediction as a complementary task, which differs from existing methods that do not adequately leverage background knowledge in dialogue management."
        },
        "method": {
            "method name": "Multi-task Learning Framework for Proactive Dialogue",
            "method abbreviation": "MLF-PD",
            "method definition": "This method defines a structured approach to proactive dialogue by integrating knowledge prediction and goal selection into the response generation process.",
            "method description": "The core of the method involves selecting responses based on predicted knowledge, defined goals, and contextual information.",
            "method steps": [
                "Frame knowledge prediction as a complementary task.",
                "Use explicit signals to supervise the learning of knowledge prediction.",
                "Select the final response based on predicted knowledge, goals, and context."
            ],
            "principle": "The effectiveness of this method is supported by the rationale that proactive dialogue systems can utilize background knowledge to create smoother transitions and more relevant interactions."
        },
        "experiments": {
            "evaluation setting": "The experimental setup involved testing the proposed framework against baseline methods using a dataset specifically curated for proactive dialogue systems.",
            "evaluation method": "The performance of the method was assessed through metrics that measured the relevance and appropriateness of the selected responses in various conversational scenarios."
        },
        "conclusion": "The outcomes of the experiments demonstrate that the proposed multi-task learning framework significantly enhances the selection of responses in proactive dialogue systems, confirming its effectiveness and contribution to the field.",
        "discussion": {
            "advantage": "The key advantages of the proposed approach include its ability to proactively guide conversations and its improved response relevance due to explicit knowledge prediction.",
            "limitation": "A limitation of the method is its dependency on the quality of the underlying knowledge base, which may affect the overall performance if the knowledge is insufficient or inaccurate.",
            "future work": "Future research could explore the integration of more diverse knowledge sources and further refinement of the goal selection process to enhance the adaptability of proactive dialogue systems."
        },
        "other info": []
    },
    "mount_outline": [
        {
            "section number": "1.1",
            "key information": "This paper addresses the issue of enhancing dialogue systems by introducing proactive capabilities, distinguishing them from traditional chatbots that only respond to user inputs."
        },
        {
            "section number": "2.2",
            "key information": "The main challenge associated with the lack of proactive behavior in dialogue systems is the difficulty in effectively predicting and utilizing relevant knowledge during dialogues."
        },
        {
            "section number": "3.1",
            "key information": "The proposed idea involves a multi-task learning framework that integrates knowledge prediction and goal selection to improve the responsiveness and relevance of dialogue systems."
        },
        {
            "section number": "4.1",
            "key information": "The core of the method involves selecting responses based on predicted knowledge, defined goals, and contextual information."
        },
        {
            "section number": "6.2",
            "key information": "A limitation of the method is its dependency on the quality of the underlying knowledge base, which may affect the overall performance if the knowledge is insufficient or inaccurate."
        },
        {
            "section number": "7.1",
            "key information": "Future research could explore the integration of more diverse knowledge sources and further refinement of the goal selection process to enhance the adaptability of proactive dialogue systems."
        }
    ],
    "similarity_score": null,
    "image": null,
    "path": "/home/liudingyuan/code/SurveyX/code/SurveyX-main/outputs/t10/papers/Proactive retrieval-based chatbots based on relevant knowledge and goals.json"
}