{
    "from": null,
    "scholar_id": null,
    "detail_id": null,
    "title": "Query expansion by prompting large language models",
    "abstract": "Query expansion is a widely used technique to improve the recall of search systems. In this paper, we propose an approach to query expansion that leverages the generative abilities of Large Language Models (LLMs). Unlike traditional query expansion approaches such as Pseudo-Relevance Feedback (PRF) that relies on retrieving a good set of pseudo-relevant documents to expand queries, we rely on the generative and creative abilities of an LLM and leverage the knowledge inherent in the model. We study a variety of different prompts, including zero-shot, few-shot and Chain-of-Thought (CoT). We find that CoT prompts are especially useful for query expansion as these prompts instruct the model to break queries down step-by-step and can provide a large number of terms related to the original query. Experimental results on MS-MARCO and BEIR demonstrate that query expansions generated by LLMs can be more powerful than traditional query expansion methods.",
    "arxivid": "2305.03653v1",
    "bib_name": "Queryexpan40",
    "md_text": "# Query expansion by prompting large language models\n\n\nabstract\n\nQuery expansion is a widely used technique to improve the recall of search systems. In this paper, we propose an approach to query expansion that leverages the generative abilities of Large Language Models (LLMs). Unlike traditional query expansion approaches such as Pseudo-Relevance Feedback (PRF) that relies on retrieving a good set of pseudo-relevant documents to expand queries, we rely on the generative and creative abilities of an LLM and leverage the knowledge inherent in the model. We study a variety of different prompts, including zero-shot, few-shot and Chain-of-Thought (CoT). We find that CoT prompts are especially useful for query expansion as these prompts instruct the model to break queries down step-by-step and can provide a large number of terms related to the original query. Experimental results on MS-MARCO and BEIR demonstrate that query expansions generated by LLMs can be more powerful than traditional query expansion methods.",
    "paper_type": "method",
    "attri": {
        "background": "Query expansion is a widely used technique to improve the recall of search systems. Traditional methods like Pseudo-Relevance Feedback (PRF) rely on retrieving a good set of pseudo-relevant documents, but there is a need for a breakthrough that utilizes generative capabilities to enhance query expansion.",
        "problem": {
            "definition": "The problem addressed in this paper is the limitation of traditional query expansion techniques, which may not fully leverage the creative potential of modern language models.",
            "key obstacle": "The core obstacle is the reliance on predefined sets of documents, which may not capture the full breadth of relevant terms needed for effective query expansion."
        },
        "idea": {
            "intuition": "The idea is inspired by the generative capabilities of Large Language Models (LLMs), which can produce contextually relevant terms beyond what traditional methods offer.",
            "opinion": "The proposed idea involves using LLMs to generate expanded queries directly from user input, enhancing the relevance and recall of search results.",
            "innovation": "The primary innovation lies in the use of Chain-of-Thought (CoT) prompts that guide the LLM to systematically break down queries and generate a wider array of related terms."
        },
        "method": {
            "method name": "Query Expansion using Large Language Models",
            "method abbreviation": "QELLM",
            "method definition": "QELLM is a method that utilizes the generative abilities of LLMs to expand search queries by generating relevant terms based on user input.",
            "method description": "The core of QELLM involves prompting LLMs to produce related terms for a given query, enhancing the search process.",
            "method steps": "1. Define the initial query. 2. Select an appropriate prompt type (zero-shot, few-shot, CoT). 3. Input the query into the LLM. 4. Collect the generated terms. 5. Integrate the terms into the expanded query.",
            "principle": "This method is effective because it leverages the LLM's vast knowledge and ability to understand context, allowing for the generation of terms that traditional methods may overlook."
        },
        "experiments": {
            "evaluation setting": "Experiments were conducted using the MS-MARCO and BEIR datasets, comparing the performance of query expansions generated by LLMs against traditional methods.",
            "evaluation method": "The performance of the method was assessed based on recall metrics, analyzing how well the expanded queries retrieved relevant documents compared to baseline methods."
        },
        "conclusion": "The results demonstrate that query expansions generated by LLMs significantly outperform traditional methods, suggesting that LLMs can effectively enhance search system recall.",
        "discussion": {
            "advantage": "The key advantages of the proposed approach include the ability to generate contextually relevant terms and the flexibility of using various prompting techniques to optimize query expansion.",
            "limitation": "A limitation of the method may include dependency on the quality of the LLM and the potential for generating irrelevant terms if not properly guided.",
            "future work": "Future research could explore refining the prompting techniques further and investigating the integration of user feedback to improve the relevance of generated terms."
        },
        "other info": []
    },
    "mount_outline": [
        {
            "section number": "4",
            "key information": "Query expansion is a widely used technique to improve the recall of search systems. Traditional methods like Pseudo-Relevance Feedback (PRF) rely on retrieving a good set of pseudo-relevant documents, but there is a need for a breakthrough that utilizes generative capabilities to enhance query expansion."
        },
        {
            "section number": "4.1",
            "key information": "The proposed idea involves using LLMs to generate expanded queries directly from user input, enhancing the relevance and recall of search results."
        },
        {
            "section number": "6",
            "key information": "A limitation of the method may include dependency on the quality of the LLM and the potential for generating irrelevant terms if not properly guided."
        },
        {
            "section number": "7.1",
            "key information": "Future research could explore refining the prompting techniques further and investigating the integration of user feedback to improve the relevance of generated terms."
        }
    ],
    "similarity_score": null,
    "image": null,
    "path": "/home/liudingyuan/code/SurveyX/code/SurveyX-main/outputs/t10/papers/Query expansion by prompting large language models.json"
}