{
    "from": null,
    "scholar_id": null,
    "detail_id": null,
    "title": "Questions are all you need to train a dense passage retriever",
    "abstract": "We introduce ART, a new corpus-level autoencoding approach for training dense retrieval models that does not require any labeled training data. Dense retrieval is a central challenge for open-domain tasks, such as Open QA, where state-of-the-art methods typically require large supervised datasets with custom hard-negative mining and denoising of positive examples. ART, in contrast, only requires access to unpaired inputs and outputs (e.g., questions and potential answer passages). It uses a new passage-retrieval autoencoding scheme, where (1) an input question is used to retrieve a set of evidence passages, and (2) the passages are then used to compute the probability of reconstructing the original question. Training for retrieval based on question reconstruction enables effective unsupervised learning of both passage and question encoders, which can be later incorporated into complete Open QA systems without any further finetuning. Extensive experiments demonstrate that ART obtains state-of-the-art results on multiple QA retrieval benchmarks with only generic initialization from a pre-trained language model, removing the need for labeled data and task-specific losses.1 Our code and model checkpoints are available at: https://github.com/DevSinghSachan/art.",
    "arxivid": "2206.10658v4",
    "bib_name": "Questionsa68",
    "md_text": "# Questions are all you need to train a dense passage retriever\n\n\nabstract\n\nWe introduce ART, a new corpus-level autoencoding approach for training dense retrieval models that does not require any labeled training data. Dense retrieval is a central challenge for open-domain tasks, such as Open QA, where state-of-the-art methods typically require large supervised datasets with custom hard-negative mining and denoising of positive examples. ART, in contrast, only requires access to unpaired inputs and outputs (e.g., questions and potential answer passages). It uses a new passage-retrieval autoencoding scheme, where (1) an input question is used to retrieve a set of evidence passages, and (2) the passages are then used to compute the probability of reconstructing the original question. Training for retrieval based on question reconstruction enables effective unsupervised learning of both passage and question encoders, which can be later incorporated into complete Open QA systems without any further finetuning. Extensive experiments demonstrate that ART obtains state-of-the-art results on multiple QA retrieval benchmarks with only generic initialization from a pre-trained language model, removing the need for labeled data and task-specific losses.1 Our code and model checkpoints are available at: https://github.com/DevSinghSachan/art.",
    "paper_type": "method",
    "attri": {
        "background": "This paper addresses the issue of dense retrieval in open-domain tasks, highlighting that existing methods typically require large supervised datasets with custom hard-negative mining and denoising of positive examples. The need for a new breakthrough is emphasized due to the limitations of these approaches.",
        "problem": {
            "definition": "The problem defined in this paper is the challenge of training dense retrieval models for open-domain tasks without the reliance on labeled training data.",
            "key obstacle": "The main difficulty is that existing methods are heavily dependent on labeled datasets, which limits their applicability and scalability."
        },
        "idea": {
            "intuition": "The intuition behind the proposed idea is to leverage unpaired inputs and outputs to train models, allowing for effective learning without labeled data.",
            "opinion": "The proposed idea involves a new corpus-level autoencoding approach called ART, which utilizes question reconstruction to train retrieval models.",
            "innovation": "The primary innovation of ART lies in its ability to train dense retrieval models without labeled data by using a passage-retrieval autoencoding scheme based on question reconstruction."
        },
        "method": {
            "method name": "ART",
            "method abbreviation": "ART",
            "method definition": "ART is a corpus-level autoencoding approach that trains dense retrieval models using only unpaired questions and answer passages.",
            "method description": "The core of the method involves retrieving evidence passages based on input questions and using these passages to compute the probability of reconstructing the original question.",
            "method steps": "1. Input a question to retrieve a set of evidence passages. 2. Use the retrieved passages to compute the probability of reconstructing the original question.",
            "principle": "The method is effective because it enables unsupervised learning of both passage and question encoders, which can be integrated into Open QA systems without further finetuning."
        },
        "experiments": {
            "evaluation setting": "Extensive experiments were conducted on multiple QA retrieval benchmarks, utilizing generic initialization from a pre-trained language model and removing the need for labeled data.",
            "evaluation method": "The evaluation method involved measuring the performance of the ART model against state-of-the-art methods on various benchmarks."
        },
        "conclusion": "The outcomes of the experiments demonstrate that ART achieves state-of-the-art results in QA retrieval tasks while eliminating the necessity for labeled data and task-specific losses.",
        "discussion": {
            "advantage": "The key advantages of the proposed approach include its ability to train without labeled data and its effectiveness in achieving high performance on QA retrieval benchmarks.",
            "limitation": "One limitation may be the reliance on the quality of unpaired data, which could affect the model's performance.",
            "future work": "Future work could explore further enhancements to the model and its application to other open-domain tasks."
        },
        "other info": {
            "code repository": "https://github.com/DevSinghSachan/art"
        }
    },
    "mount_outline": [
        {
            "section number": "2.1",
            "key information": "The problem defined in this paper is the challenge of training dense retrieval models for open-domain tasks without the reliance on labeled training data."
        },
        {
            "section number": "2.2",
            "key information": "The main difficulty is that existing methods are heavily dependent on labeled datasets, which limits their applicability and scalability."
        },
        {
            "section number": "4",
            "key information": "The proposed idea involves a new corpus-level autoencoding approach called ART, which utilizes question reconstruction to train retrieval models."
        },
        {
            "section number": "4.1",
            "key information": "ART is a corpus-level autoencoding approach that trains dense retrieval models using only unpaired questions and answer passages."
        },
        {
            "section number": "6.2",
            "key information": "One limitation may be the reliance on the quality of unpaired data, which could affect the model's performance."
        },
        {
            "section number": "7.1",
            "key information": "Future work could explore further enhancements to the model and its application to other open-domain tasks."
        }
    ],
    "similarity_score": null,
    "image": null,
    "path": "/home/liudingyuan/code/SurveyX/code/SurveyX-main/outputs/t10/papers/Questions are all you need to train a dense passage retriever.json"
}