{
    "from": null,
    "scholar_id": null,
    "detail_id": null,
    "title": "Rafe: Ranking feedback improves query rewriting for RAG",
    "abstract": "As Large Language Models (LLMs) and Retrieval Augmentation Generation (RAG) techniques have evolved, query rewriting has been widely incorporated into the RAG system for downstream tasks like open-domain QA. Many works have attempted to utilize small models with reinforcement learning rather than costly LLMs to improve query rewriting. However, current methods require annotations (e.g., labeled relevant documents or downstream answers) or predesigned rewards for feedback, which lack generalization, and fail to utilize signals tailored for query rewriting. In this paper, we propose ours, a framework for training query rewriting models free of annotations. By leveraging a publicly available reranker, ours~provides feedback aligned well with the rewriting objectives. Experimental results demonstrate that ours~can obtain better performance than baselines.",
    "arxivid": "2405.14431v1",
    "bib_name": "Rafe:Ranki48",
    "md_text": "# Rafe: Ranking feedback improves query rewriting for RAG\n\n\nabstract\n\nAs Large Language Models (LLMs) and Retrieval Augmentation Generation (RAG) techniques have evolved, query rewriting has been widely incorporated into the RAG system for downstream tasks like open-domain QA. Many works have attempted to utilize small models with reinforcement learning rather than costly LLMs to improve query rewriting. However, current methods require annotations (e.g., labeled relevant documents or downstream answers) or predesigned rewards for feedback, which lack generalization, and fail to utilize signals tailored for query rewriting. In this paper, we propose ours, a framework for training query rewriting models free of annotations. By leveraging a publicly available reranker, ours~provides feedback aligned well with the rewriting objectives. Experimental results demonstrate that ours~can obtain better performance than baselines.",
    "paper_type": "method",
    "attri": {
        "background": "This paper addresses the issue of improving query rewriting within Retrieval Augmentation Generation (RAG) systems, highlighting the limitations of existing methods that rely on annotations and predesigned rewards.",
        "problem": {
            "definition": "The problem is the reliance on annotated data and predefined rewards in current query rewriting methods, which limits their generalization and effectiveness.",
            "key obstacle": "The main challenge is that existing methods do not effectively utilize tailored signals for query rewriting, leading to suboptimal performance."
        },
        "idea": {
            "intuition": "The idea is inspired by the observation that feedback from a publicly available reranker can be effectively aligned with query rewriting objectives, eliminating the need for annotations.",
            "opinion": "The proposed framework, referred to as 'ours', trains query rewriting models without annotations by leveraging feedback from a reranker.",
            "innovation": "The key innovation lies in the framework's ability to provide relevant feedback for query rewriting without relying on labeled data, thus enhancing generalization."
        },
        "method": {
            "method name": "ours",
            "method abbreviation": "N/A",
            "method definition": "The method is defined as a framework that trains query rewriting models using feedback from a reranker, without the need for annotations.",
            "method description": "The core of the method is to utilize a reranker to provide feedback that aligns with the objectives of query rewriting.",
            "method steps": "1. Utilize a publicly available reranker to generate feedback. 2. Train the query rewriting model using this feedback. 3. Evaluate the performance against baseline methods.",
            "principle": "This method is effective because it leverages relevant feedback to optimize query rewriting, thereby improving performance without the constraints of annotated data."
        },
        "experiments": {
            "evaluation setting": "The experimental setup includes comparing the performance of the proposed method against baseline methods using standard datasets for query rewriting tasks.",
            "evaluation method": "The evaluation method involves measuring performance metrics such as accuracy and relevance of the rewritten queries against the baselines."
        },
        "conclusion": "The experimental results demonstrate that the proposed framework 'ours' achieves better performance than existing baseline methods, validating its effectiveness in query rewriting.",
        "discussion": {
            "advantage": "The key advantage of the proposed approach is its ability to improve query rewriting performance without the need for costly annotations or predefined rewards.",
            "limitation": "A limitation of the method may include potential dependency on the quality of the reranker used for feedback.",
            "future work": "Future work could explore optimizing the framework further and testing it across diverse datasets and tasks to enhance its applicability."
        },
        "other info": []
    },
    "mount_outline": [
        {
            "section number": "4.1",
            "key information": "This paper addresses the issue of improving query rewriting within Retrieval Augmentation Generation (RAG) systems, highlighting the limitations of existing methods that rely on annotations and predesigned rewards."
        },
        {
            "section number": "4.1",
            "key information": "The proposed framework, referred to as 'ours', trains query rewriting models without annotations by leveraging feedback from a reranker."
        },
        {
            "section number": "4.1",
            "key information": "The core of the method is to utilize a reranker to provide feedback that aligns with the objectives of query rewriting."
        },
        {
            "section number": "6.2",
            "key information": "A limitation of the method may include potential dependency on the quality of the reranker used for feedback."
        },
        {
            "section number": "7.1",
            "key information": "Future work could explore optimizing the framework further and testing it across diverse datasets and tasks to enhance its applicability."
        }
    ],
    "similarity_score": null,
    "image": null,
    "path": "/home/liudingyuan/code/SurveyX/code/SurveyX-main/outputs/t10/papers/Rafe_ Ranking feedback improves query rewriting for RAG.json"
}