{
    "from": null,
    "scholar_id": null,
    "detail_id": null,
    "title": "Ralle: A framework for developing and evaluating retrieval-augmented large language models",
    "abstract": "Retrieval-augmented large language models (R-LLMs) combine pre-trained large language models (LLMs) with information retrieval systems to improve the accuracy of factual question-answering. However, current libraries for building R-LLMs provide high-level abstractions without sufficient transparency for evaluating and optimizing prompts within specific inference processes such as retrieval and generation. To address this gap, we present RaLLe, an open-source framework designed to facilitate the development, evaluation, and optimization of R-LLMs for knowledge-intensive tasks. With RaLLe, developers can easily develop and evaluate R-LLMs, improving hand-crafted prompts, assessing individual inference processes, and objectively measuring overall system performance quantitatively. By leveraging these features, developers can enhance the performance and accuracy of their R-LLMs in knowledge-intensive generation tasks. We open-source our code at https://github.com/yhoshi3/RaLLe.",
    "arxivid": "2308.10633v2",
    "bib_name": "Ralle:Afra156",
    "md_text": "# Ralle: A framework for developing and evaluating retrieval-augmented large language models\n\n\nabstract\n\nRetrieval-augmented large language models (R-LLMs) combine pre-trained large language models (LLMs) with information retrieval systems to improve the accuracy of factual question-answering. However, current libraries for building R-LLMs provide high-level abstractions without sufficient transparency for evaluating and optimizing prompts within specific inference processes such as retrieval and generation. To address this gap, we present RaLLe, an open-source framework designed to facilitate the development, evaluation, and optimization of R-LLMs for knowledge-intensive tasks. With RaLLe, developers can easily develop and evaluate R-LLMs, improving hand-crafted prompts, assessing individual inference processes, and objectively measuring overall system performance quantitatively. By leveraging these features, developers can enhance the performance and accuracy of their R-LLMs in knowledge-intensive generation tasks. We open-source our code at https://github.com/yhoshi3/RaLLe.",
    "paper_type": "method",
    "attri": {
        "background": "This paper addresses the issue of improving the accuracy of factual question-answering by combining pre-trained large language models with information retrieval systems. Existing libraries for building retrieval-augmented large language models (R-LLMs) lack transparency, making it difficult to evaluate and optimize prompts during specific inference processes.",
        "problem": {
            "definition": "The problem is the inadequacy of current libraries for developing R-LLMs, which do not provide sufficient tools for evaluating and optimizing the prompts used in retrieval and generation processes.",
            "key obstacle": "The main difficulty is the lack of transparency in existing frameworks, which hinders developers from effectively assessing and improving the performance of R-LLMs."
        },
        "idea": {
            "intuition": "The idea was inspired by the need for a more transparent and flexible framework that allows developers to evaluate and optimize R-LLMs in a systematic way.",
            "opinion": "The proposed idea is RaLLe, an open-source framework that enables the development, evaluation, and optimization of R-LLMs for knowledge-intensive tasks.",
            "innovation": "The primary difference between RaLLe and existing approaches is its focus on providing detailed tools for evaluating individual inference processes and objectively measuring overall system performance."
        },
        "method": {
            "method name": "RaLLe",
            "method abbreviation": "R-LLM",
            "method definition": "RaLLe is a framework designed to facilitate the development and evaluation of retrieval-augmented large language models, focusing on the optimization of prompts and inference processes.",
            "method description": "RaLLe allows developers to improve hand-crafted prompts and assess the performance of R-LLMs quantitatively.",
            "method steps": "1. Develop R-LLMs using RaLLe framework. 2. Evaluate hand-crafted prompts. 3. Assess individual inference processes. 4. Measure overall system performance quantitatively.",
            "principle": "The effectiveness of RaLLe in solving the problem lies in its structured approach to prompt evaluation and optimization, which enhances the performance of R-LLMs in knowledge-intensive tasks."
        },
        "experiments": {
            "evaluation setting": "The evaluation settings include using specific datasets for knowledge-intensive tasks and comparing the performance of R-LLMs developed with RaLLe against baseline methods.",
            "evaluation method": "The evaluation method involves quantitative measurements of system performance and assessments of individual inference processes."
        },
        "conclusion": "The outcomes of the experiments demonstrate that RaLLe significantly enhances the performance and accuracy of retrieval-augmented large language models in knowledge-intensive generation tasks.",
        "discussion": {
            "advantage": "The key advantages of RaLLe include its transparency, flexibility in prompt optimization, and the ability to measure performance quantitatively.",
            "limitation": "One limitation of RaLLe may be its reliance on the quality of the underlying large language models and information retrieval systems.",
            "future work": "Future work could focus on expanding the framework's capabilities to support more diverse knowledge-intensive tasks and integrating additional evaluation metrics."
        },
        "other info": {
            "repository": "The code for RaLLe is open-sourced at https://github.com/yhoshi3/RaLLe."
        }
    },
    "mount_outline": [
        {
            "section number": "2.1",
            "key information": "This paper addresses the issue of improving the accuracy of factual question-answering by combining pre-trained large language models with information retrieval systems."
        },
        {
            "section number": "4",
            "key information": "RaLLe is a framework designed to facilitate the development and evaluation of retrieval-augmented large language models, focusing on the optimization of prompts and inference processes."
        },
        {
            "section number": "4.2",
            "key information": "The evaluation method involves quantitative measurements of system performance and assessments of individual inference processes."
        },
        {
            "section number": "6.2",
            "key information": "One limitation of RaLLe may be its reliance on the quality of the underlying large language models and information retrieval systems."
        },
        {
            "section number": "7.1",
            "key information": "Future work could focus on expanding the framework's capabilities to support more diverse knowledge-intensive tasks and integrating additional evaluation metrics."
        }
    ],
    "similarity_score": null,
    "image": null,
    "path": "/home/liudingyuan/code/SurveyX/code/SurveyX-main/outputs/t10/papers/Ralle_ A framework for developing and evaluating retrieval-augmented large language models.json"
}