{
    "from": null,
    "scholar_id": null,
    "detail_id": null,
    "title": "Retrieval augmented language model pre-training",
    "abstract": "Language model pre-training has been shown to capture a surprising amount of world knowledge, crucial for NLP tasks such as question answering. However, this knowledge is stored implicitly in the parameters of a neural network, requiring ever-larger networks to cover more facts. \nTo capture knowledge in a more modular and interpretable way, we augment language model pre-training with a latent knowledge retriever, which allows the model to retrieve and attend over documents from a large corpus such as Wikipedia, used during pre-training, fine-tuning and inference. For the first time, we show how to pre-train such a knowledge retriever in an unsupervised manner, using masked language modeling as the learning signal and backpropagating through a retrieval step that considers millions of documents. \nWe demonstrate the effectiveness of Retrieval-Augmented Language Model pre-training (REALM) by fine-tuning on the challenging task of Open-domain Question Answering (Open-QA). We compare against state-of-the-art models for both explicit and implicit knowledge storage on three popular Open-QA benchmarks, and find that we outperform all previous methods by a significant margin (4-16% absolute accuracy), while also providing qualitative benefits such as interpretability and modularity.",
    "arxivid": "2002.08909v1",
    "bib_name": "Retrievala125",
    "md_text": "# Retrieval augmented language model pre-training\n\n\nabstract\n\nLanguage model pre-training has been shown to capture a surprising amount of world knowledge, crucial for NLP tasks such as question answering. However, this knowledge is stored implicitly in the parameters of a neural network, requiring ever-larger networks to cover more facts. \nTo capture knowledge in a more modular and interpretable way, we augment language model pre-training with a latent knowledge retriever, which allows the model to retrieve and attend over documents from a large corpus such as Wikipedia, used during pre-training, fine-tuning and inference. For the first time, we show how to pre-train such a knowledge retriever in an unsupervised manner, using masked language modeling as the learning signal and backpropagating through a retrieval step that considers millions of documents. \nWe demonstrate the effectiveness of Retrieval-Augmented Language Model pre-training (REALM) by fine-tuning on the challenging task of Open-domain Question Answering (Open-QA). We compare against state-of-the-art models for both explicit and implicit knowledge storage on three popular Open-QA benchmarks, and find that we outperform all previous methods by a significant margin (4-16% absolute accuracy), while also providing qualitative benefits such as interpretability and modularity.",
    "paper_type": "method",
    "attri": {
        "background": "This paper addresses the issue of capturing world knowledge in language models, which has traditionally been stored implicitly in neural network parameters, necessitating larger networks to encompass more facts.",
        "problem": {
            "definition": "The problem is the inefficiency of existing language models in storing and utilizing knowledge, which limits their effectiveness in tasks like question answering.",
            "key obstacle": "The core obstacle is the reliance on increasingly larger neural networks to cover more knowledge, which is not modular or interpretable."
        },
        "idea": {
            "intuition": "The idea is inspired by the need for a more modular approach to knowledge representation in language models, allowing for retrieval of specific information from a large corpus.",
            "opinion": "The proposed idea entails augmenting language model pre-training with a latent knowledge retriever that accesses documents from a corpus like Wikipedia.",
            "innovation": "The key innovation is the unsupervised pre-training of a knowledge retriever that integrates with the language model, enabling it to retrieve and utilize knowledge effectively."
        },
        "method": {
            "method name": "Retrieval-Augmented Language Model pre-training",
            "method abbreviation": "REALM",
            "method definition": "REALM is a method that combines language model pre-training with a knowledge retriever, allowing the model to access and attend to external documents during training and inference.",
            "method description": "The core of REALM is the integration of a latent knowledge retriever that operates on a large document corpus to enhance the language model's knowledge utilization.",
            "method steps": "1. Pre-train the language model with masked language modeling. 2. Integrate a knowledge retriever that accesses a large corpus. 3. Fine-tune the model on specific tasks like Open-QA.",
            "principle": "The method is effective because it allows for direct access to a vast amount of knowledge, improving the model's ability to answer questions accurately by retrieving relevant information."
        },
        "experiments": {
            "evaluation setting": "The evaluation is conducted on three popular Open-domain Question Answering benchmarks, comparing against state-of-the-art models.",
            "evaluation method": "The performance is assessed by measuring accuracy improvements over existing methods, with results indicating a significant enhancement of 4-16% absolute accuracy."
        },
        "conclusion": "The outcomes demonstrate that REALM outperforms previous methods in Open-QA tasks, providing not only superior accuracy but also qualitative benefits such as enhanced interpretability and modularity.",
        "discussion": {
            "advantage": "Key advantages include improved performance in knowledge retrieval and the ability to interpret and modularize knowledge effectively within language models.",
            "limitation": "A limitation of the method may include the reliance on the quality and comprehensiveness of the document corpus used for retrieval.",
            "future work": "Future research could explore enhancing the knowledge retriever's capabilities, optimizing the integration process, and expanding the corpus for better coverage."
        },
        "other info": []
    },
    "mount_outline": [
        {
            "section number": "1.1",
            "key information": "This paper addresses the issue of capturing world knowledge in language models, which has traditionally been stored implicitly in neural network parameters, necessitating larger networks to encompass more facts."
        },
        {
            "section number": "2.1",
            "key information": "The problem is the inefficiency of existing language models in storing and utilizing knowledge, which limits their effectiveness in tasks like question answering."
        },
        {
            "section number": "3.1",
            "key information": "The proposed idea entails augmenting language model pre-training with a latent knowledge retriever that accesses documents from a corpus like Wikipedia."
        },
        {
            "section number": "4.1",
            "key information": "REALM is a method that combines language model pre-training with a knowledge retriever, allowing the model to access and attend to external documents during training and inference."
        },
        {
            "section number": "6.2",
            "key information": "A limitation of the method may include the reliance on the quality and comprehensiveness of the document corpus used for retrieval."
        },
        {
            "section number": "7.1",
            "key information": "Future research could explore enhancing the knowledge retriever's capabilities, optimizing the integration process, and expanding the corpus for better coverage."
        }
    ],
    "similarity_score": null,
    "image": null,
    "path": "/home/liudingyuan/code/SurveyX/code/SurveyX-main/outputs/t10/papers/Retrieval augmented language model pre-training.json"
}