{
    "from": null,
    "scholar_id": null,
    "detail_id": null,
    "title": "Rocketqa: An optimized training approach to dense passage retrieval for open-domain question answering",
    "abstract": "In open-domain question answering, dense passage retrieval has become a new paradigm to retrieve relevant passages for finding answers. Typically, the dual-encoder architecture is adopted to learn dense representations of questions and passages for semantic matching. However, it is difficult to effectively train a dual-encoder due to the challenges including the discrepancy between training and inference, the existence of unlabeled positives and limited training data. To address these challenges, we propose an optimized training approach, called RocketQA, to improving dense passage retrieval. We make three major technical contributions in RocketQA, namely cross-batch negatives, denoised hard negatives and data augmentation. The experiment results show that RocketQA significantly outperforms previous state-of-the-art models on both MSMARCO and Natural Questions. We also conduct extensive experiments to examine the effectiveness of the three strategies in RocketQA. Besides, we demonstrate that the performance of end-to-end QA can be improved based on our RocketQA retriever.",
    "arxivid": "2010.08191v2",
    "bib_name": "Rocketqa:A5",
    "md_text": "# Rocketqa: An optimized training approach to dense passage retrieval for open-domain question answering\n\n\nabstract\n\nIn open-domain question answering, dense passage retrieval has become a new paradigm to retrieve relevant passages for finding answers. Typically, the dual-encoder architecture is adopted to learn dense representations of questions and passages for semantic matching. However, it is difficult to effectively train a dual-encoder due to the challenges including the discrepancy between training and inference, the existence of unlabeled positives and limited training data. To address these challenges, we propose an optimized training approach, called RocketQA, to improving dense passage retrieval. We make three major technical contributions in RocketQA, namely cross-batch negatives, denoised hard negatives and data augmentation. The experiment results show that RocketQA significantly outperforms previous state-of-the-art models on both MSMARCO and Natural Questions. We also conduct extensive experiments to examine the effectiveness of the three strategies in RocketQA. Besides, we demonstrate that the performance of end-to-end QA can be improved based on our RocketQA retriever.",
    "paper_type": "method",
    "attri": {
        "background": "In open-domain question answering, dense passage retrieval has emerged as a new paradigm for retrieving relevant passages to find answers. The dual-encoder architecture is commonly used to learn dense representations of questions and passages for semantic matching. However, effectively training a dual-encoder presents challenges such as discrepancies between training and inference, the presence of unlabeled positives, and limited training data, necessitating a new approach.",
        "problem": {
            "definition": "The problem addressed in this paper is the difficulty in effectively training a dual-encoder model for dense passage retrieval due to various challenges.",
            "key obstacle": "The main obstacle is the discrepancy between training and inference processes, compounded by the existence of unlabeled positives and insufficient training data."
        },
        "idea": {
            "intuition": "The idea was inspired by the need to optimize training methods for dense passage retrieval to overcome the identified challenges.",
            "opinion": "RocketQA is proposed as an optimized training approach that incorporates three major technical contributions to enhance dense passage retrieval.",
            "innovation": "The primary innovation of RocketQA lies in its introduction of cross-batch negatives, denoised hard negatives, and data augmentation, which significantly improve training efficacy compared to existing methods."
        },
        "method": {
            "method name": "RocketQA",
            "method abbreviation": "RQ",
            "method definition": "RocketQA is an optimized training approach designed to improve dense passage retrieval by addressing key challenges in training dual-encoder models.",
            "method description": "RocketQA enhances the training of dense passage retrieval systems through innovative strategies that improve the learning process.",
            "method steps": "The method involves implementing cross-batch negatives, denoised hard negatives, and data augmentation during training.",
            "principle": "The effectiveness of RocketQA is based on the premise that optimizing the training process through these strategies leads to better generalization and performance in retrieval tasks."
        },
        "experiments": {
            "evaluation setting": "Experiments were conducted on datasets MSMARCO and Natural Questions, comparing RocketQA against previous state-of-the-art models.",
            "evaluation method": "The performance of RocketQA was assessed through extensive experiments that measured the effectiveness of the three proposed strategies."
        },
        "conclusion": "The results demonstrate that RocketQA significantly outperforms previous models, indicating its effectiveness in improving dense passage retrieval and enhancing end-to-end question answering systems.",
        "discussion": {
            "advantage": "The key advantages of RocketQA include its ability to effectively handle training challenges and its superior performance on benchmark datasets.",
            "limitation": "One limitation of the method may be its reliance on specific training strategies that could require careful tuning for different datasets.",
            "future work": "Future research could explore further optimizations of the training process and the applicability of RocketQA to other retrieval tasks."
        },
        "other info": []
    },
    "mount_outline": [
        {
            "section number": "2.2",
            "key information": "The main obstacle is the discrepancy between training and inference processes, compounded by the existence of unlabeled positives and insufficient training data."
        },
        {
            "section number": "4",
            "key information": "RocketQA is an optimized training approach designed to improve dense passage retrieval by addressing key challenges in training dual-encoder models."
        },
        {
            "section number": "4.1",
            "key information": "RocketQA enhances the training of dense passage retrieval systems through innovative strategies that improve the learning process."
        },
        {
            "section number": "4.2",
            "key information": "Experiments were conducted on datasets MSMARCO and Natural Questions, comparing RocketQA against previous state-of-the-art models."
        },
        {
            "section number": "6.1",
            "key information": "One limitation of the method may be its reliance on specific training strategies that could require careful tuning for different datasets."
        },
        {
            "section number": "7.1",
            "key information": "Future research could explore further optimizations of the training process and the applicability of RocketQA to other retrieval tasks."
        }
    ],
    "similarity_score": null,
    "image": null,
    "path": "/home/liudingyuan/code/SurveyX/code/SurveyX-main/outputs/t10/papers/Rocketqa_ An optimized training approach to dense passage retrieval for open-domain question answering.json"
}