{
    "from": null,
    "scholar_id": null,
    "detail_id": null,
    "title": "Scaling sentence embeddings with large language models",
    "abstract": "Large language models (LLMs) have recently garnered significant interest. With in-context learning, LLMs achieve impressive results in various natural language tasks. However, the application of LLMs to sentence embeddings remains an area of ongoing research. In this work, we propose an in-context learning-based method aimed at improving sentence embeddings performance. Our approach involves adapting the previous prompt-based representation method for autoregressive models, constructing a demonstration set that enables LLMs to perform in-context learning, and scaling up the LLMs to different model sizes. Through extensive experiments, in-context learning enables LLMs to generate high-quality sentence embeddings without any fine-tuning. It helps LLMs achieve performance comparable to current contrastive learning methods. By scaling model size, we find scaling to more than tens of billion parameters harms the performance on semantic textual similarity (STS) tasks. However, the largest model outperforms other counterparts and achieves the new state-of-the-art result on transfer tasks. We also fine-tune LLMs with current contrastive learning approach, and the 2.7B OPT model, incorporating our prompt-based method, surpasses the performance of 4.8B ST5, achieving the new state-of-the-art results on STS tasks. Our code is available at https://github.com/kongds/scaling_sentemb.",
    "arxivid": "2307.16645v1",
    "bib_name": "Scalingsen83",
    "md_text": "# Scaling sentence embeddings with large language models\n\n\nabstract\n\nLarge language models (LLMs) have recently garnered significant interest. With in-context learning, LLMs achieve impressive results in various natural language tasks. However, the application of LLMs to sentence embeddings remains an area of ongoing research. In this work, we propose an in-context learning-based method aimed at improving sentence embeddings performance. Our approach involves adapting the previous prompt-based representation method for autoregressive models, constructing a demonstration set that enables LLMs to perform in-context learning, and scaling up the LLMs to different model sizes. Through extensive experiments, in-context learning enables LLMs to generate high-quality sentence embeddings without any fine-tuning. It helps LLMs achieve performance comparable to current contrastive learning methods. By scaling model size, we find scaling to more than tens of billion parameters harms the performance on semantic textual similarity (STS) tasks. However, the largest model outperforms other counterparts and achieves the new state-of-the-art result on transfer tasks. We also fine-tune LLMs with current contrastive learning approach, and the 2.7B OPT model, incorporating our prompt-based method, surpasses the performance of 4.8B ST5, achieving the new state-of-the-art results on STS tasks. Our code is available at https://github.com/kongds/scaling_sentemb.",
    "paper_type": "method",
    "attri": {
        "background": "This paper addresses the issue of improving sentence embeddings performance using large language models (LLMs) and highlights the limitations of existing methods in this domain.",
        "problem": {
            "definition": "The problem is the inadequate performance of current methods for generating sentence embeddings, particularly when applying LLMs without fine-tuning.",
            "key obstacle": "The main difficulty lies in the challenge of effectively utilizing LLMs for sentence embeddings in a way that leverages their strengths without the need for extensive fine-tuning."
        },
        "idea": {
            "intuition": "The intuition behind the proposed idea stems from the observation that in-context learning can enhance the performance of LLMs in generating sentence embeddings.",
            "opinion": "The proposed idea involves adapting a prompt-based representation method for autoregressive models to facilitate in-context learning for sentence embeddings.",
            "innovation": "The primary innovation of this method is the ability to generate high-quality sentence embeddings through in-context learning without fine-tuning, which contrasts with traditional methods that rely on contrastive learning."
        },
        "method": {
            "method name": "In-Context Learning-Based Sentence Embeddings",
            "method abbreviation": "ICL-SE",
            "method definition": "This method utilizes in-context learning to improve the performance of sentence embeddings by constructing a demonstration set for LLMs.",
            "method description": "The core of the method involves adapting prompt-based representations for LLMs to enhance their ability to generate sentence embeddings.",
            "method steps": "1. Construct a demonstration set for in-context learning. 2. Scale LLMs to different model sizes. 3. Generate sentence embeddings using the adapted prompt-based method.",
            "principle": "The effectiveness of this method lies in its ability to leverage the contextual information provided by the demonstration set, allowing LLMs to perform better in generating embeddings."
        },
        "experiments": {
            "evaluation setting": "Extensive experiments were conducted using various model sizes of LLMs, comparing the performance of the proposed method against existing contrastive learning methods.",
            "evaluation method": "The performance was assessed based on semantic textual similarity (STS) tasks, measuring the quality of sentence embeddings generated by the models."
        },
        "conclusion": "The experiments demonstrate that the proposed in-context learning method significantly enhances the performance of LLMs for sentence embeddings, achieving state-of-the-art results on transfer tasks without fine-tuning.",
        "discussion": {
            "advantage": "The key advantage of the proposed approach is its ability to generate high-quality sentence embeddings without the need for fine-tuning, making it more accessible and efficient.",
            "limitation": "A limitation of the method is that scaling to excessively large model sizes can negatively impact performance on STS tasks.",
            "future work": "Future research could explore optimizing the model sizes further and investigating additional techniques to improve the robustness and generalization of sentence embeddings."
        },
        "other info": {
            "code repository": "https://github.com/kongds/scaling_sentemb"
        }
    },
    "mount_outline": [
        {
            "section number": "3.1",
            "key information": "The problem is the inadequate performance of current methods for generating sentence embeddings, particularly when applying LLMs without fine-tuning."
        },
        {
            "section number": "4",
            "key information": "This paper addresses the issue of improving sentence embeddings performance using large language models (LLMs) and highlights the limitations of existing methods in this domain."
        },
        {
            "section number": "4.1",
            "key information": "The proposed idea involves adapting a prompt-based representation method for autoregressive models to facilitate in-context learning for sentence embeddings."
        },
        {
            "section number": "4.2",
            "key information": "Extensive experiments were conducted using various model sizes of LLMs, comparing the performance of the proposed method against existing contrastive learning methods."
        },
        {
            "section number": "6.1",
            "key information": "A limitation of the method is that scaling to excessively large model sizes can negatively impact performance on STS tasks."
        },
        {
            "section number": "7.1",
            "key information": "Future research could explore optimizing the model sizes further and investigating additional techniques to improve the robustness and generalization of sentence embeddings."
        }
    ],
    "similarity_score": null,
    "image": null,
    "path": "/home/liudingyuan/code/SurveyX/code/SurveyX-main/outputs/t10/papers/Scaling sentence embeddings with large language models.json"
}