{
    "from": null,
    "scholar_id": null,
    "detail_id": null,
    "title": "Sliding windows are not the end: Exploring full ranking with long-context large language models",
    "abstract": "Large Language Models (LLMs) have shown exciting performance in listwise passage ranking. Due to the limited input length, existing methods often adopt the sliding window strategy. Such a strategy, though effective, is inefficient as it involves repetitive and serialized processing, which usually re-evaluates relevant passages multiple times. As a result, it incurs redundant API costs, which are proportional to the number of inference tokens. The development of long-context LLMs enables the full ranking of all passages within a single inference, avoiding redundant API costs. In this paper, we conduct a comprehensive study of long-context LLMs for ranking tasks in terms of efficiency and effectiveness. Surprisingly, our experiments reveal that full ranking with long-context LLMs can deliver superior performance in the supervised fine-tuning setting with a huge efficiency improvement. Furthermore, we identify two limitations of fine-tuning the full ranking model based on existing methods: (1) sliding window strategy fails to produce a full ranking list as a training label, and (2) the language modeling loss cannot emphasize top-ranked passage IDs in the label. To alleviate these issues, we propose a new complete listwise label construction approach and a novel importance-aware learning objective for full ranking. Experiments show the superior performance of our method over baselines. Our codes are available at \\url{https://github.com/8421BCD/fullrank}.",
    "arxivid": "2412.14574v1",
    "bib_name": "Slidingwin101",
    "md_text": "# Sliding windows are not the end: Exploring full ranking with long-context large language models\n\n\nabstract\n\nLarge Language Models (LLMs) have shown exciting performance in listwise passage ranking. Due to the limited input length, existing methods often adopt the sliding window strategy. Such a strategy, though effective, is inefficient as it involves repetitive and serialized processing, which usually re-evaluates relevant passages multiple times. As a result, it incurs redundant API costs, which are proportional to the number of inference tokens. The development of long-context LLMs enables the full ranking of all passages within a single inference, avoiding redundant API costs. In this paper, we conduct a comprehensive study of long-context LLMs for ranking tasks in terms of efficiency and effectiveness. Surprisingly, our experiments reveal that full ranking with long-context LLMs can deliver superior performance in the supervised fine-tuning setting with a huge efficiency improvement. Furthermore, we identify two limitations of fine-tuning the full ranking model based on existing methods: (1) sliding window strategy fails to produce a full ranking list as a training label, and (2) the language modeling loss cannot emphasize top-ranked passage IDs in the label. To alleviate these issues, we propose a new complete listwise label construction approach and a novel importance-aware learning objective for full ranking. Experiments show the superior performance of our method over baselines. Our codes are available at \\url{https://github.com/8421BCD/fullrank}.",
    "paper_type": "method",
    "attri": {
        "background": "This paper addresses the issue of inefficient passage ranking in large language models (LLMs) caused by the sliding window strategy, which leads to redundant processing and increased API costs.",
        "problem": {
            "definition": "The problem is the inefficiency of existing passage ranking methods that rely on the sliding window strategy, which does not fully utilize the capabilities of long-context LLMs.",
            "key obstacle": "The main difficulty is that the sliding window strategy fails to produce a full ranking list and does not adequately emphasize top-ranked passage IDs during training."
        },
        "idea": {
            "intuition": "The intuition behind the proposed idea is that long-context LLMs can perform full ranking of all passages in a single inference, which can improve efficiency and effectiveness.",
            "opinion": "The proposed idea involves developing a complete listwise label construction approach and an importance-aware learning objective that addresses the limitations of existing methods.",
            "innovation": "The key innovation is the introduction of a new training approach that enables full ranking without the inefficiencies of the sliding window method, enhancing both ranking performance and training effectiveness."
        },
        "method": {
            "method name": "Complete Listwise Label Construction and Importance-Aware Learning",
            "method abbreviation": "CLL-IAL",
            "method definition": "This method constructs complete listwise labels for training and utilizes an importance-aware learning objective to enhance ranking performance.",
            "method description": "The method focuses on creating accurate training labels and optimizing the learning process to prioritize top-ranked passages.",
            "method steps": "1. Construct complete listwise labels for all passages; 2. Implement an importance-aware learning objective; 3. Train the model using the constructed labels.",
            "principle": "This method is effective because it leverages the full capacity of long-context LLMs to produce comprehensive rankings while addressing the shortcomings of previous strategies."
        },
        "experiments": {
            "evaluation setting": "The experiments utilized long-context LLMs for ranking tasks, comparing the proposed method against baseline methods using various datasets to measure efficiency and effectiveness.",
            "evaluation method": "Performance was assessed by analyzing ranking quality and efficiency metrics, including the reduction of redundant API calls and improvements in ranking accuracy."
        },
        "conclusion": "The experiments demonstrated that the proposed method significantly outperforms existing baselines in both efficiency and effectiveness, validating the advantages of using long-context LLMs for full ranking tasks.",
        "discussion": {
            "advantage": "The proposed approach significantly reduces redundant processing and improves the quality of ranking by providing complete training labels and emphasizing important passages.",
            "limitation": "One limitation of the method is that it may require substantial computational resources due to the complexity of processing long-context inputs.",
            "future work": "Future research could explore further optimizations in the training process and investigate the applicability of this method to other ranking tasks beyond passage ranking."
        },
        "other info": {
            "repository": "https://github.com/8421BCD/fullrank"
        }
    },
    "mount_outline": [
        {
            "section number": "4.1",
            "key information": "The proposed method, Complete Listwise Label Construction and Importance-Aware Learning (CLL-IAL), constructs complete listwise labels for training and utilizes an importance-aware learning objective to enhance ranking performance."
        },
        {
            "section number": "4.2",
            "key information": "The experiments utilized long-context LLMs for ranking tasks, comparing the proposed method against baseline methods using various datasets to measure efficiency and effectiveness."
        },
        {
            "section number": "6.1",
            "key information": "One limitation of the method is that it may require substantial computational resources due to the complexity of processing long-context inputs."
        },
        {
            "section number": "7.1",
            "key information": "Future research could explore further optimizations in the training process and investigate the applicability of the proposed method to other ranking tasks beyond passage ranking."
        },
        {
            "section number": "1.1",
            "key information": "This paper addresses the issue of inefficient passage ranking in large language models (LLMs) caused by the sliding window strategy, which leads to redundant processing and increased API costs."
        }
    ],
    "similarity_score": null,
    "image": null,
    "path": "/home/liudingyuan/code/SurveyX/code/SurveyX-main/outputs/t10/papers/Sliding windows are not the end_ Exploring full ranking with long-context large language models.json"
}