{
    "from": null,
    "scholar_id": null,
    "detail_id": null,
    "title": "Task-aware retrieval with instructions",
    "abstract": "We study the problem of retrieval with instructions, where users of a retrieval system explicitly describe their intent along with their queries. We aim to develop a general-purpose task-aware retrieval system using multi-task instruction tuning, which can follow human-written instructions to find the best documents for a given query. We introduce the first large-scale collection of approximately 40 retrieval datasets with instructions, BERRI, and present TART, a multi-task retrieval system trained on BERRI with instructions. TART shows strong capabilities to adapt to a new retrieval task via instructions and advances the state of the art on two zero-shot retrieval benchmarks, BEIR and LOTTE, outperforming models up to three times larger. We further introduce a new evaluation setup, X^2-Retrieval to better reflect real-world scenarios, where diverse domains and tasks are pooled and a system needs to find documents aligning users' intents. In this setup, TART significantly outperforms competitive baselines, further demonstrating the effectiveness of guiding retrieval with instructions.",
    "arxivid": "2211.09260v2",
    "bib_name": "Task-aware80",
    "md_text": "# Task-aware retrieval with instructions\n\n\nabstract\n\nWe study the problem of retrieval with instructions, where users of a retrieval system explicitly describe their intent along with their queries. We aim to develop a general-purpose task-aware retrieval system using multi-task instruction tuning, which can follow human-written instructions to find the best documents for a given query. We introduce the first large-scale collection of approximately 40 retrieval datasets with instructions, BERRI, and present TART, a multi-task retrieval system trained on BERRI with instructions. TART shows strong capabilities to adapt to a new retrieval task via instructions and advances the state of the art on two zero-shot retrieval benchmarks, BEIR and LOTTE, outperforming models up to three times larger. We further introduce a new evaluation setup, X^2-Retrieval to better reflect real-world scenarios, where diverse domains and tasks are pooled and a system needs to find documents aligning users' intents. In this setup, TART significantly outperforms competitive baselines, further demonstrating the effectiveness of guiding retrieval with instructions.",
    "paper_type": "benchmark",
    "attri": {
        "background": "This paper addresses the issue of retrieval systems that can understand user intent through explicit instructions, highlighting the need for a benchmark that captures this interaction in a structured manner.",
        "problem": {
            "definition": "The benchmark is designed to address the challenge of retrieving relevant documents based on user-provided instructions alongside queries.",
            "key obstacle": "Existing benchmarks often do not account for the explicit instructions given by users, limiting the effectiveness of retrieval systems in real-world applications."
        },
        "idea": {
            "intuition": "The thought process behind the benchmark stems from the observation that users often provide contextual instructions that can significantly enhance retrieval accuracy.",
            "opinion": "The authors believe that the benchmark will greatly impact the field by enabling the development of more sophisticated retrieval systems that can better understand user intent.",
            "innovation": "The benchmark introduces a novel approach to retrieval by combining multi-task instruction tuning with a diverse set of datasets, allowing for a more nuanced evaluation of retrieval capabilities.",
            "benchmark abbreviation": "BERRI"
        },
        "dataset": {
            "source": "The dataset was created by collecting and curating approximately 40 retrieval datasets that include user instructions.",
            "desc": "BERRI is a large-scale collection designed to facilitate task-aware retrieval, containing diverse datasets that reflect various domains and tasks.",
            "content": "The dataset includes text data in the form of queries and corresponding user instructions, which are crucial for simulating real-world retrieval scenarios.",
            "size": "40",
            "domain": "Information Retrieval",
            "task format": "Retrieval with Instructions"
        },
        "metrics": {
            "metric name": "X^2-Retrieval",
            "aspect": "Effectiveness of retrieval based on user instructions",
            "principle": "The metrics were chosen to reflect real-world retrieval scenarios, focusing on the alignment of retrieved documents with user intent.",
            "procedure": "Model performance is evaluated by measuring how well the retrieval system can find relevant documents based on the provided instructions."
        },
        "experiments": {
            "model": "TART, a multi-task retrieval system, was tested against competitive baselines.",
            "procedure": "Models were trained using multi-task instruction tuning on the BERRI dataset, with parameters optimized for retrieval tasks.",
            "result": "TART outperformed models up to three times larger on zero-shot retrieval benchmarks, demonstrating superior retrieval capabilities.",
            "variability": "Variability in results was accounted for by conducting multiple trials across diverse datasets and tasks."
        },
        "conclusion": "The experiments highlight the effectiveness of using instructions in retrieval systems, indicating that task-aware retrieval can significantly enhance performance in real-world applications.",
        "discussion": {
            "advantage": "The benchmark provides a structured approach to evaluating retrieval systems based on user intent, contributing to advancements in the field of information retrieval.",
            "limitation": "Potential limitations include the reliance on the quality of user instructions and the diversity of datasets, which may affect generalizability.",
            "future work": "Future research could explore expanding the dataset and refining the evaluation metrics to further enhance the robustness of retrieval systems."
        },
        "other info": []
    },
    "mount_outline": [
        {
            "section number": "2.2",
            "key information": "Existing benchmarks often do not account for the explicit instructions given by users, limiting the effectiveness of retrieval systems in real-world applications."
        },
        {
            "section number": "4",
            "key information": "The benchmark introduces a novel approach to retrieval by combining multi-task instruction tuning with a diverse set of datasets, allowing for a more nuanced evaluation of retrieval capabilities."
        },
        {
            "section number": "4.1",
            "key information": "The thought process behind the benchmark stems from the observation that users often provide contextual instructions that can significantly enhance retrieval accuracy."
        },
        {
            "section number": "6.2",
            "key information": "Potential limitations include the reliance on the quality of user instructions and the diversity of datasets, which may affect generalizability."
        },
        {
            "section number": "7",
            "key information": "Future research could explore expanding the dataset and refining the evaluation metrics to further enhance the robustness of retrieval systems."
        }
    ],
    "similarity_score": null,
    "image": null,
    "path": "/home/liudingyuan/code/SurveyX/code/SurveyX-main/outputs/t10/papers/Task-aware retrieval with instructions.json"
}