{
    "from": null,
    "scholar_id": null,
    "detail_id": null,
    "title": "The AI scientist: Towards fully automated open-ended scientific discovery",
    "abstract": "One of the grand challenges of artificial general intelligence is developing agents capable of conducting scientific research and discovering new knowledge. While frontier models have already been used as aides to human scientists, e.g. for brainstorming ideas, writing code, or prediction tasks, they still conduct only a small part of the scientific process. This paper presents the first comprehensive framework for fully automatic scientific discovery, enabling frontier large language models to perform research independently and communicate their findings. We introduce The AI Scientist, which generates novel research ideas, writes code, executes experiments, visualizes results, describes its findings by writing a full scientific paper, and then runs a simulated review process for evaluation. In principle, this process can be repeated to iteratively develop ideas in an open-ended fashion, acting like the human scientific community. We demonstrate its versatility by applying it to three distinct subfields of machine learning: diffusion modeling, transformer-based language modeling, and learning dynamics. Each idea is implemented and developed into a full paper at a cost of less than $15 per paper. To evaluate the generated papers, we design and validate an automated reviewer, which we show achieves near-human performance in evaluating paper scores. The AI Scientist can produce papers that exceed the acceptance threshold at a top machine learning conference as judged by our automated reviewer. This approach signifies the beginning of a new era in scientific discovery in machine learning: bringing the transformative benefits of AI agents to the entire research process of AI itself, and taking us closer to a world where endless affordable creativity and innovation can be unleashed on the world's most challenging problems. Our code is open-sourced at https://github.com/SakanaAI/AI-Scientist",
    "arxivid": "2408.06292v3",
    "bib_name": "TheAIscien174",
    "md_text": "# The AI scientist: Towards fully automated open-ended scientific discovery\n\n\nabstract\n\nOne of the grand challenges of artificial general intelligence is developing agents capable of conducting scientific research and discovering new knowledge. While frontier models have already been used as aides to human scientists, e.g. for brainstorming ideas, writing code, or prediction tasks, they still conduct only a small part of the scientific process. This paper presents the first comprehensive framework for fully automatic scientific discovery, enabling frontier large language models to perform research independently and communicate their findings. We introduce The AI Scientist, which generates novel research ideas, writes code, executes experiments, visualizes results, describes its findings by writing a full scientific paper, and then runs a simulated review process for evaluation. In principle, this process can be repeated to iteratively develop ideas in an open-ended fashion, acting like the human scientific community. We demonstrate its versatility by applying it to three distinct subfields of machine learning: diffusion modeling, transformer-based language modeling, and learning dynamics. Each idea is implemented and developed into a full paper at a cost of less than $15 per paper. To evaluate the generated papers, we design and validate an automated reviewer, which we show achieves near-human performance in evaluating paper scores. The AI Scientist can produce papers that exceed the acceptance threshold at a top machine learning conference as judged by our automated reviewer. This approach signifies the beginning of a new era in scientific discovery in machine learning: bringing the transformative benefits of AI agents to the entire research process of AI itself, and taking us closer to a world where endless affordable creativity and innovation can be unleashed on the world's most challenging problems. Our code is open-sourced at https://github.com/SakanaAI/AI-Scientist",
    "paper_type": "method",
    "attri": {
        "background": "This paper addresses the issue of developing agents capable of conducting scientific research and discovering new knowledge, highlighting the limitations of current frontier models that only assist human scientists in a small part of the scientific process.",
        "problem": {
            "definition": "The problem is the lack of fully automated systems capable of conducting independent scientific research and discovery.",
            "key obstacle": "The main challenge is that existing methods do not allow for complete automation of the scientific process, limiting the scope of research that can be conducted without human intervention."
        },
        "idea": {
            "intuition": "The idea was inspired by the need for a comprehensive framework that enables AI to perform research independently and iteratively develop scientific ideas.",
            "opinion": "The proposed idea is The AI Scientist, which autonomously generates research ideas, executes experiments, visualizes results, and writes full scientific papers.",
            "innovation": "The primary innovation lies in the ability of The AI Scientist to conduct the entire research process autonomously, including generating ideas and simulating a review process, which is a significant advancement over existing methods."
        },
        "method": {
            "method name": "The AI Scientist",
            "method abbreviation": "AIS",
            "method definition": "The AI Scientist is a framework that enables large language models to autonomously conduct research, generate papers, and evaluate their findings.",
            "method description": "It encompasses the generation of research ideas, execution of experiments, visualization of results, and writing of scientific papers.",
            "method steps": "1. Generate novel research ideas; 2. Write code to implement the ideas; 3. Execute experiments; 4. Visualize results; 5. Write a full scientific paper; 6. Simulate a review process for evaluation.",
            "principle": "The method is effective because it mimics the iterative and open-ended nature of human scientific inquiry, allowing for continuous development and refinement of research ideas."
        },
        "experiments": {
            "evaluation setting": "The AI Scientist was applied to three subfields of machine learning: diffusion modeling, transformer-based language modeling, and learning dynamics, with evaluations conducted by an automated reviewer.",
            "evaluation method": "Performance was assessed through the automated review process, which measures the quality of the generated papers against acceptance thresholds at a top machine learning conference."
        },
        "conclusion": "The experiments demonstrate that The AI Scientist can produce high-quality papers that exceed acceptance thresholds, marking a significant step towards fully automated scientific discovery in machine learning.",
        "discussion": {
            "advantage": "Key advantages include the ability to conduct research autonomously and generate high-quality scientific papers at a low cost, significantly enhancing the research process.",
            "limitation": "Limitations include the potential for biases in generated ideas and the reliance on existing data for training, which may affect the originality of research outputs.",
            "future work": "Future research could focus on improving the creativity of the generated ideas, expanding the range of scientific fields covered, and enhancing the automated review process."
        },
        "other info": {
            "open source code": "https://github.com/SakanaAI/AI-Scientist"
        }
    },
    "mount_outline": [
        {
            "section number": "1.1",
            "key information": "The paper addresses the issue of developing agents capable of conducting scientific research and discovering new knowledge, emphasizing the need for a comprehensive framework that enables AI to perform research independently."
        },
        {
            "section number": "2.2",
            "key information": "The main challenge highlighted is that existing methods do not allow for complete automation of the scientific process, limiting the scope of research that can be conducted without human intervention."
        },
        {
            "section number": "3.1",
            "key information": "The AI Scientist (AIS) is defined as a framework that enables large language models to autonomously conduct research, generate papers, and evaluate their findings."
        },
        {
            "section number": "4.1",
            "key information": "The AI Scientist enhances the research process by autonomously generating research ideas, executing experiments, visualizing results, and writing full scientific papers."
        },
        {
            "section number": "6.2",
            "key information": "Limitations mentioned include potential biases in generated ideas and reliance on existing data for training, which may affect the originality of research outputs."
        },
        {
            "section number": "7.1",
            "key information": "Future research could focus on improving the creativity of the generated ideas and expanding the range of scientific fields covered by The AI Scientist."
        }
    ],
    "similarity_score": null,
    "image": null,
    "path": "/home/liudingyuan/code/SurveyX/code/SurveyX-main/outputs/t10/papers/The AI scientist_ Towards fully automated open-ended scientific discovery.json"
}