{
    "from": null,
    "scholar_id": null,
    "detail_id": null,
    "title": "Top-down partitioning for efficient list-wise ranking",
    "abstract": "Large Language Models (LLMs) have significantly impacted many facets of natural language processing and information retrieval. Unlike previous encoder-based approaches, the enlarged context window of these generative models allows for ranking multiple documents at once, commonly called list-wise ranking. However, there are still limits to the number of documents that can be ranked in a single inference of the model, leading to the broad adoption of a sliding window approach to identify the k most relevant items in a ranked list. We argue that the sliding window approach is not well-suited for list-wise re-ranking because it (1) cannot be parallelized in its current form, (2) leads to redundant computational steps repeatedly re-scoring the best set of documents as it works its way up the initial ranking, and (3) prioritizes the lowest-ranked documents for scoring rather than the highest-ranked documents by taking a bottom-up approach. Motivated by these shortcomings and an initial study that shows list-wise rankers are biased towards relevant documents at the start of their context window, we propose a novel algorithm that partitions a ranking to depth k and processes documents top-down. Unlike sliding window approaches, our algorithm is inherently parallelizable due to the use of a pivot element, which can be compared to documents down to an arbitrary depth concurrently. In doing so, we reduce the number of expected inference calls by around 33% when ranking at depth 100 while matching the performance of prior approaches across multiple strong re-rankers.",
    "arxivid": "2405.14589v1",
    "bib_name": "Top-downpa106",
    "md_text": "# Top-down partitioning for efficient list-wise ranking\n\n\nabstract\n\nLarge Language Models (LLMs) have significantly impacted many facets of natural language processing and information retrieval. Unlike previous encoder-based approaches, the enlarged context window of these generative models allows for ranking multiple documents at once, commonly called list-wise ranking. However, there are still limits to the number of documents that can be ranked in a single inference of the model, leading to the broad adoption of a sliding window approach to identify the k most relevant items in a ranked list. We argue that the sliding window approach is not well-suited for list-wise re-ranking because it (1) cannot be parallelized in its current form, (2) leads to redundant computational steps repeatedly re-scoring the best set of documents as it works its way up the initial ranking, and (3) prioritizes the lowest-ranked documents for scoring rather than the highest-ranked documents by taking a bottom-up approach. Motivated by these shortcomings and an initial study that shows list-wise rankers are biased towards relevant documents at the start of their context window, we propose a novel algorithm that partitions a ranking to depth k and processes documents top-down. Unlike sliding window approaches, our algorithm is inherently parallelizable due to the use of a pivot element, which can be compared to documents down to an arbitrary depth concurrently. In doing so, we reduce the number of expected inference calls by around 33% when ranking at depth 100 while matching the performance of prior approaches across multiple strong re-rankers.",
    "paper_type": "method",
    "attri": {
        "background": "This paper addresses the issue of inefficiencies in list-wise ranking using large language models (LLMs), particularly highlighting the limitations of the sliding window approach which cannot be parallelized, leads to redundant computations, and prioritizes low-ranked documents.",
        "problem": {
            "definition": "The problem is the inefficiency of the sliding window approach in list-wise ranking, which fails to effectively utilize the capabilities of LLMs for processing multiple documents simultaneously.",
            "key obstacle": "The main challenge is that the sliding window approach does not allow for parallel processing and redundantly rescans documents, which hampers performance and efficiency."
        },
        "idea": {
            "intuition": "The idea was inspired by the observation that list-wise rankers tend to favor relevant documents positioned at the beginning of their context window, suggesting a need for a more efficient ranking strategy.",
            "opinion": "The proposed idea is a novel algorithm that partitions the ranking to a depth of k and processes documents in a top-down manner, contrasting with the bottom-up approach of the sliding window.",
            "innovation": "The primary innovation lies in the algorithm's ability to be parallelized through the use of a pivot element, allowing concurrent comparisons of documents and reducing the expected number of inference calls."
        },
        "method": {
            "method name": "Top-down partitioning algorithm",
            "method abbreviation": "TDP",
            "method definition": "The method involves partitioning a ranked list of documents to a specified depth k and processing them from the top down, enabling efficient and parallelized ranking.",
            "method description": "This method efficiently ranks documents by processing them in a top-down manner, significantly reducing redundant computations.",
            "method steps": "1. Partition the ranked list to depth k. 2. Select a pivot element. 3. Compare the pivot with other documents concurrently down to depth k.",
            "principle": "This method is effective because it leverages parallel processing, allowing for faster inference times and improved efficiency in ranking."
        },
        "experiments": {
            "evaluation setting": "The experimental setup involved comparing the proposed method against multiple strong re-rankers, evaluating performance while ranking at depth 100.",
            "evaluation method": "Performance was assessed by measuring the number of inference calls and comparing the ranking results with those obtained from existing sliding window approaches."
        },
        "conclusion": "The results indicate that the proposed top-down partitioning algorithm reduces expected inference calls by approximately 33% while maintaining the performance of traditional methods, showcasing its effectiveness in list-wise ranking.",
        "discussion": {
            "advantage": "The key advantages of the proposed approach include increased efficiency through parallel processing and reduced computational redundancy compared to existing methods.",
            "limitation": "A potential limitation is that the method may require careful selection of the pivot element to ensure optimal performance across varying datasets.",
            "future work": "Future research could explore further optimizations of the pivot selection process and extend the method to other ranking tasks beyond list-wise ranking."
        },
        "other info": []
    },
    "mount_outline": [
        {
            "section number": "4",
            "key information": "This paper addresses the issue of inefficiencies in list-wise ranking using large language models (LLMs), particularly highlighting the limitations of the sliding window approach which cannot be parallelized, leads to redundant computations, and prioritizes low-ranked documents."
        },
        {
            "section number": "4.1",
            "key information": "The proposed idea is a novel algorithm that partitions the ranking to a depth of k and processes documents in a top-down manner, contrasting with the bottom-up approach of the sliding window."
        },
        {
            "section number": "4.2",
            "key information": "The experimental setup involved comparing the proposed method against multiple strong re-rankers, evaluating performance while ranking at depth 100."
        },
        {
            "section number": "6",
            "key information": "The main challenge is that the sliding window approach does not allow for parallel processing and redundantly rescans documents, which hampers performance and efficiency."
        },
        {
            "section number": "6.1",
            "key information": "The key advantages of the proposed approach include increased efficiency through parallel processing and reduced computational redundancy compared to existing methods."
        },
        {
            "section number": "7",
            "key information": "Future research could explore further optimizations of the pivot selection process and extend the method to other ranking tasks beyond list-wise ranking."
        }
    ],
    "similarity_score": null,
    "image": null,
    "path": "/home/liudingyuan/code/SurveyX/code/SurveyX-main/outputs/t10/papers/Top-down partitioning for efficient list-wise ranking.json"
}