{
    "from": null,
    "scholar_id": null,
    "detail_id": null,
    "title": "Transformer memory as a differentiable search index",
    "abstract": "In this paper, we demonstrate that information retrieval can be accomplished with a single Transformer, in which all information about the corpus is encoded in the parameters of the model. To this end, we introduce the Differentiable Search Index (DSI), a new paradigm that learns a text-to-text model that maps string queries directly to relevant docids; in other words, a DSI model answers queries directly using only its parameters, dramatically simplifying the whole retrieval process. We study variations in how documents and their identifiers are represented, variations in training procedures, and the interplay between models and corpus sizes. Experiments demonstrate that given appropriate design choices, DSI significantly outperforms strong baselines such as dual encoder models. Moreover, DSI demonstrates strong generalization capabilities, outperforming a BM25 baseline in a zero-shot setup.",
    "arxivid": "2202.06991v3",
    "bib_name": "Transforme85",
    "md_text": "# Transformer memory as a differentiable search index\n\n\nabstract\n\nIn this paper, we demonstrate that information retrieval can be accomplished with a single Transformer, in which all information about the corpus is encoded in the parameters of the model. To this end, we introduce the Differentiable Search Index (DSI), a new paradigm that learns a text-to-text model that maps string queries directly to relevant docids; in other words, a DSI model answers queries directly using only its parameters, dramatically simplifying the whole retrieval process. We study variations in how documents and their identifiers are represented, variations in training procedures, and the interplay between models and corpus sizes. Experiments demonstrate that given appropriate design choices, DSI significantly outperforms strong baselines such as dual encoder models. Moreover, DSI demonstrates strong generalization capabilities, outperforming a BM25 baseline in a zero-shot setup.",
    "paper_type": "method",
    "attri": {
        "background": "This paper addresses the issue of information retrieval, highlighting the limitations of traditional methods and the necessity for a new approach that simplifies the retrieval process by leveraging a single Transformer model.",
        "problem": {
            "definition": "The problem defined in this paper is the inefficiency of existing information retrieval methods that rely on multiple components and complex architectures.",
            "key obstacle": "The core obstacle is the reliance on separate retrieval mechanisms that do not fully utilize the potential of neural networks to directly map queries to relevant document identifiers."
        },
        "idea": {
            "intuition": "The intuition behind the proposed idea stems from the observation that a Transformer can encode all necessary information within its parameters, enabling it to perform retrieval tasks directly.",
            "opinion": "The proposed idea involves the Differentiable Search Index (DSI), which allows for a text-to-text model that maps string queries to document identifiers using only the model's parameters.",
            "innovation": "The primary innovation of DSI is its ability to simplify the retrieval process by eliminating the need for separate components, achieving direct query-to-document mapping within a single model."
        },
        "method": {
            "method name": "Differentiable Search Index",
            "method abbreviation": "DSI",
            "method definition": "DSI is defined as a text-to-text model that learns to map string queries directly to relevant document identifiers, utilizing the parameters of a Transformer.",
            "method description": "The core of the DSI method involves training a Transformer to directly respond to queries with document identifiers.",
            "method steps": "1. Represent documents and their identifiers in a suitable format. 2. Train the Transformer model on query-document pairs. 3. Evaluate the model's performance on retrieval tasks.",
            "principle": "The effectiveness of DSI in solving the problem lies in its ability to leverage the learned parameters of the Transformer for direct retrieval, thus streamlining the process."
        },
        "experiments": {
            "evaluation setting": "The experimental setup includes variations in document representation and training procedures, with comparisons made against strong baselines like dual encoder models and BM25 in a zero-shot context.",
            "evaluation method": "Performance is assessed by measuring the retrieval accuracy of the model against baseline methods, focusing on its ability to generalize to unseen queries."
        },
        "conclusion": "The experiments demonstrate that DSI significantly outperforms existing methods, showcasing strong generalization capabilities and establishing a new benchmark for retrieval tasks.",
        "discussion": {
            "advantage": "Key advantages of DSI include its simplicity, efficiency, and the ability to generalize well to new queries without requiring extensive retraining.",
            "limitation": "A limitation of the DSI approach may include potential challenges in handling very large corpora or highly diverse query types.",
            "future work": "Future research could explore improvements in document representation, optimization of training procedures, and the application of DSI to various domains beyond traditional information retrieval."
        },
        "other info": []
    },
    "mount_outline": [
        {
            "section number": "2.2",
            "key information": "This paper highlights the limitations of traditional information retrieval methods that rely on multiple components and complex architectures."
        },
        {
            "section number": "3.1",
            "key information": "The paper defines the Differentiable Search Index (DSI) as a text-to-text model that learns to map string queries directly to relevant document identifiers, utilizing the parameters of a Transformer."
        },
        {
            "section number": "4.1",
            "key information": "The DSI method simplifies the retrieval process by eliminating the need for separate components, achieving direct query-to-document mapping within a single model."
        },
        {
            "section number": "4.2",
            "key information": "The experiments demonstrate that DSI significantly outperforms existing methods, showcasing strong generalization capabilities and establishing a new benchmark for retrieval tasks."
        },
        {
            "section number": "6.1",
            "key information": "A limitation of the DSI approach may include potential challenges in handling very large corpora or highly diverse query types."
        },
        {
            "section number": "7.1",
            "key information": "Future research could explore improvements in document representation, optimization of training procedures, and the application of DSI to various domains beyond traditional information retrieval."
        }
    ],
    "similarity_score": null,
    "image": null,
    "path": "/home/liudingyuan/code/SurveyX/code/SurveyX-main/outputs/t10/papers/Transformer memory as a differentiable search index.json"
}