{
    "from": null,
    "scholar_id": null,
    "detail_id": null,
    "title": "Triviaqa: A large scale distantly supervised challenge dataset for reading comprehension",
    "abstract": "We present TriviaQA, a challenging reading comprehension dataset containing over 650K question-answer-evidence triples. TriviaQA includes 95K question-answer pairs authored by trivia enthusiasts and independently gathered evidence documents, six per question on average, that provide high quality distant supervision for answering the questions. We show that, in comparison to other recently introduced large-scale datasets, TriviaQA (1) has relatively complex, compositional questions, (2) has considerable syntactic and lexical variability between questions and corresponding answer-evidence sentences, and (3) requires more cross sentence reasoning to find answers. We also present two baseline algorithms: a feature-based classifier and a state-of-the-art neural network, that performs well on SQuAD reading comprehension. Neither approach comes close to human performance (23% and 40% vs. 80%), suggesting that TriviaQA is a challenging testbed that is worth significant future study.",
    "arxivid": "1705.03551v2",
    "bib_name": "Triviaqa:A190",
    "md_text": "# Triviaqa: A large scale distantly supervised challenge dataset for reading comprehension\n\n\nabstract\n\nWe present TriviaQA, a challenging reading comprehension dataset containing over 650K question-answer-evidence triples. TriviaQA includes 95K question-answer pairs authored by trivia enthusiasts and independently gathered evidence documents, six per question on average, that provide high quality distant supervision for answering the questions. We show that, in comparison to other recently introduced large-scale datasets, TriviaQA (1) has relatively complex, compositional questions, (2) has considerable syntactic and lexical variability between questions and corresponding answer-evidence sentences, and (3) requires more cross sentence reasoning to find answers. We also present two baseline algorithms: a feature-based classifier and a state-of-the-art neural network, that performs well on SQuAD reading comprehension. Neither approach comes close to human performance (23% and 40% vs. 80%), suggesting that TriviaQA is a challenging testbed that is worth significant future study.",
    "paper_type": "benchmark",
    "attri": {
        "background": "TriviaQA addresses the need for a large-scale reading comprehension benchmark that presents complex, compositional questions and requires cross-sentence reasoning, filling a gap in the existing datasets.",
        "problem": {
            "definition": "The benchmark is designed to evaluate reading comprehension by requiring models to answer complex questions based on provided evidence documents.",
            "key obstacle": "Existing benchmarks often lack the complexity and variability necessary to challenge current models effectively."
        },
        "idea": {
            "intuition": "The inspiration for TriviaQA came from the observation that existing datasets do not adequately test the ability of models to reason across multiple sentences.",
            "opinion": "The authors believe that TriviaQA will significantly impact the field of reading comprehension by providing a more challenging and realistic testbed.",
            "innovation": "TriviaQA introduces a unique combination of complex questions and a diverse set of evidence documents, setting it apart from previous benchmarks.",
            "benchmark abbreviation": "TQA"
        },
        "dataset": {
            "source": "The dataset was created by gathering question-answer pairs from trivia enthusiasts and sourcing evidence documents independently.",
            "desc": "TriviaQA contains over 650,000 question-answer-evidence triples, with an average of six evidence documents per question.",
            "content": "The dataset includes text-based questions, answers, and corresponding evidence sentences.",
            "size": "650,000",
            "domain": "Reading Comprehension",
            "task format": "Question Answering"
        },
        "metrics": {
            "metric name": "F1-score, Exact Match",
            "aspect": "Accuracy of model responses to questions based on evidence.",
            "principle": "The metrics were chosen to reflect the precision and correctness of answers in relation to the provided evidence.",
            "procedure": "Model performance is evaluated based on the F1-score and Exact Match metrics calculated from the answers provided against the ground truth."
        },
        "experiments": {
            "model": "The benchmark tested a feature-based classifier and a state-of-the-art neural network.",
            "procedure": "Models were trained using the provided dataset with parameters optimized for reading comprehension tasks.",
            "result": "The models achieved performance levels of 23% and 40%, significantly lower than the human performance benchmark of 80%.",
            "variability": "Variability was accounted for through multiple trials and evaluation against a diverse set of question-answer pairs."
        },
        "conclusion": "The experiments indicate that TriviaQA presents a significant challenge for current models, highlighting the need for further research and development in reading comprehension.",
        "discussion": {
            "advantage": "TriviaQA's complexity and requirement for cross-sentence reasoning provide a robust framework for advancing reading comprehension research.",
            "limitation": "The benchmark may be difficult for models to interpret due to its complexity, potentially limiting its immediate applicability.",
            "future work": "Future research could focus on developing models capable of handling the complexities presented by TriviaQA."
        },
        "other info": []
    },
    "mount_outline": [
        {
            "section number": "2.1",
            "key information": "The benchmark is designed to evaluate reading comprehension by requiring models to answer complex questions based on provided evidence documents."
        },
        {
            "section number": "2.2",
            "key information": "Existing benchmarks often lack the complexity and variability necessary to challenge current models effectively."
        },
        {
            "section number": "3.1",
            "key information": "TriviaQA introduces a unique combination of complex questions and a diverse set of evidence documents, setting it apart from previous benchmarks."
        },
        {
            "section number": "4.2",
            "key information": "The dataset contains over 650,000 question-answer-evidence triples, with an average of six evidence documents per question."
        },
        {
            "section number": "6.2",
            "key information": "The benchmark may be difficult for models to interpret due to its complexity, potentially limiting its immediate applicability."
        },
        {
            "section number": "7.1",
            "key information": "Future research could focus on developing models capable of handling the complexities presented by TriviaQA."
        }
    ],
    "similarity_score": null,
    "image": null,
    "path": "/home/liudingyuan/code/SurveyX/code/SurveyX-main/outputs/t10/papers/Triviaqa_ A large scale distantly supervised challenge dataset for reading comprehension.json"
}