{
    "from": null,
    "scholar_id": null,
    "detail_id": null,
    "title": "Unified scaling laws for routed language models",
    "abstract": "The performance of a language model has been shown to be effectively modeled as a power-law in its parameter count. Here we study the scaling behaviors of Routing Networks: architectures that conditionally use only a subset of their parameters while processing an input. For these models, parameter count and computational requirement form two independent axes along which an increase leads to better performance. In this work we derive and justify scaling laws defined on these two variables which generalize those known for standard language models and describe the performance of a wide range of routing architectures trained via three different techniques. Afterwards we provide two applications of these laws: first deriving an Effective Parameter Count along which all models scale at the same rate, and then using the scaling coefficients to give a quantitative comparison of the three routing techniques considered. Our analysis derives from an extensive evaluation of Routing Networks across five orders of magnitude of size, including models with hundreds of experts and hundreds of billions of parameters.",
    "arxivid": "2202.01169v2",
    "bib_name": "Unifiedsca33",
    "md_text": "# Unified scaling laws for routed language models\n\n\nabstract\n\nThe performance of a language model has been shown to be effectively modeled as a power-law in its parameter count. Here we study the scaling behaviors of Routing Networks: architectures that conditionally use only a subset of their parameters while processing an input. For these models, parameter count and computational requirement form two independent axes along which an increase leads to better performance. In this work we derive and justify scaling laws defined on these two variables which generalize those known for standard language models and describe the performance of a wide range of routing architectures trained via three different techniques. Afterwards we provide two applications of these laws: first deriving an Effective Parameter Count along which all models scale at the same rate, and then using the scaling coefficients to give a quantitative comparison of the three routing techniques considered. Our analysis derives from an extensive evaluation of Routing Networks across five orders of magnitude of size, including models with hundreds of experts and hundreds of billions of parameters.",
    "paper_type": "theory",
    "attri": {
        "background": "This paper addresses the issue of understanding the scaling behaviors of Routing Networks in language models, which conditionally utilize a subset of their parameters during input processing. The significance lies in modeling the performance of these models as a power-law in relation to parameter count, thereby enhancing our comprehension of how parameter count and computational requirements influence language model performance.",
        "problem": {
            "definition": "The main problem is to establish scaling laws that accurately describe the performance of Routing Networks based on their parameter count and computational requirements.",
            "key obstacle": "A primary challenge is the independent nature of parameter count and computational requirements, making it difficult to derive generalized scaling laws that apply across various architectures."
        },
        "idea": {
            "intuition": "The idea was inspired by the observation that traditional language models exhibit performance scaling that can be modeled as a power-law in relation to their parameter count.",
            "opinion": "The proposed idea is to derive scaling laws that accommodate Routing Networks, thereby providing a framework to analyze their performance in relation to both parameter count and computational requirements.",
            "innovation": "The main difference compared to previous methods is the introduction of a dual-axis scaling law that accounts for both parameter count and computational requirements, which has not been addressed in standard language models."
        },
        "Theory": {
            "perspective": "The theoretical perspective revolves around the concept of scaling laws in machine learning, particularly focusing on how performance can be predicted based on the number of parameters and the computational effort involved.",
            "opinion": "The view is that by understanding the relationship between parameter count and computational requirements, one can better predict and optimize the performance of Routing Networks.",
            "proof": "The proof is derived from extensive empirical evaluations of various Routing Networks, demonstrating the validity of the proposed scaling laws across different architectures and training techniques."
        },
        "experiments": {
            "evaluation setting": "The evaluation involves testing Routing Networks across five orders of magnitude in size, including models with hundreds of experts and hundreds of billions of parameters.",
            "evaluation method": "The evaluation steps include deriving an Effective Parameter Count for the models and quantitatively comparing the performance of three different routing techniques using the scaling coefficients obtained."
        },
        "conclusion": "The conclusion drawn from the experiments indicates that the derived scaling laws provide a robust framework for understanding the performance of Routing Networks, allowing for meaningful comparisons across architectures and techniques.",
        "discussion": {
            "advantage": "The advantages of this paper include the establishment of a novel framework for scaling laws that accommodates the unique characteristics of Routing Networks, offering insights into their performance optimization.",
            "limitation": "A limitation of this study is that it primarily focuses on specific routing techniques and may not encompass all possible architectures or methods available in the literature.",
            "future work": "Future work could explore the application of these scaling laws to a broader range of architectures and investigate the implications of different training methodologies on performance scaling."
        },
        "other info": []
    },
    "mount_outline": [
        {
            "section number": "2.1",
            "key information": "This paper addresses the issue of understanding the scaling behaviors of Routing Networks in language models, which conditionally utilize a subset of their parameters during input processing."
        },
        {
            "section number": "2.2",
            "key information": "A primary challenge is the independent nature of parameter count and computational requirements, making it difficult to derive generalized scaling laws that apply across various architectures."
        },
        {
            "section number": "3.1",
            "key information": "The main problem is to establish scaling laws that accurately describe the performance of Routing Networks based on their parameter count and computational requirements."
        },
        {
            "section number": "5.1",
            "key information": "The theoretical perspective revolves around the concept of scaling laws in machine learning, particularly focusing on how performance can be predicted based on the number of parameters and the computational effort involved."
        },
        {
            "section number": "6.1",
            "key information": "The evaluation involves testing Routing Networks across five orders of magnitude in size, including models with hundreds of experts and hundreds of billions of parameters."
        },
        {
            "section number": "6.3",
            "key information": "A limitation of this study is that it primarily focuses on specific routing techniques and may not encompass all possible architectures or methods available in the literature."
        },
        {
            "section number": "7.1",
            "key information": "Future work could explore the application of these scaling laws to a broader range of architectures and investigate the implications of different training methodologies on performance scaling."
        }
    ],
    "similarity_score": null,
    "image": null,
    "path": "/home/liudingyuan/code/SurveyX/code/SurveyX-main/outputs/t10/papers/Unified scaling laws for routed language models.json"
}