{
    "from": null,
    "scholar_id": null,
    "detail_id": null,
    "title": "Webglm: Towards an efficient web-enhanced question answering system with human preferences",
    "abstract": "We present WebGLM, a web-enhanced question-answering system based on the General Language Model (GLM). Its goal is to augment a pre-trained large language model (LLM) with web search and retrieval capabilities while being efficient for real-world deployments. To achieve this, we develop WebGLM with strategies for the LLM-augmented retriever, bootstrapped generator, and human preference-aware scorer. Specifically, we identify and address the limitations of WebGPT (OpenAI), through which WebGLM is enabled with accuracy, efficiency, and cost-effectiveness advantages. In addition, we propose systematic criteria for evaluating web-enhanced QA systems. We conduct multi-dimensional human evaluation and quantitative ablation studies, which suggest the outperformance of the proposed WebGLM designs over existing systems. WebGLM with the 10-billion-parameter GLM (10B) is shown to perform better than the similar-sized WebGPT (13B) and even comparably to WebGPT (175B) in human evaluation. The code, demo, and data are at https://github.com/THUDM/WebGLM.",
    "arxivid": "2306.07906v1",
    "bib_name": "Webglm:Tow160",
    "md_text": "# Webglm: Towards an efficient web-enhanced question answering system with human preferences\n\n\nabstract\n\nWe present WebGLM, a web-enhanced question-answering system based on the General Language Model (GLM). Its goal is to augment a pre-trained large language model (LLM) with web search and retrieval capabilities while being efficient for real-world deployments. To achieve this, we develop WebGLM with strategies for the LLM-augmented retriever, bootstrapped generator, and human preference-aware scorer. Specifically, we identify and address the limitations of WebGPT (OpenAI), through which WebGLM is enabled with accuracy, efficiency, and cost-effectiveness advantages. In addition, we propose systematic criteria for evaluating web-enhanced QA systems. We conduct multi-dimensional human evaluation and quantitative ablation studies, which suggest the outperformance of the proposed WebGLM designs over existing systems. WebGLM with the 10-billion-parameter GLM (10B) is shown to perform better than the similar-sized WebGPT (13B) and even comparably to WebGPT (175B) in human evaluation. The code, demo, and data are at https://github.com/THUDM/WebGLM.",
    "paper_type": "method",
    "attri": {
        "background": "This paper addresses the issue of enhancing question-answering systems by integrating web search capabilities with large language models, specifically highlighting the limitations of previous methods like WebGPT and the need for a more efficient and accurate solution.",
        "problem": {
            "definition": "The problem consists of the inefficiencies and limitations in existing web-enhanced question-answering systems, particularly in their ability to leverage human preferences effectively.",
            "key obstacle": "The core obstacle is that existing systems do not adequately combine the strengths of large language models with real-time web data retrieval, leading to suboptimal performance in accuracy and efficiency."
        },
        "idea": {
            "intuition": "The idea is inspired by the need to create a more responsive and user-centric question-answering system that can adapt to human preferences while utilizing web resources.",
            "opinion": "The proposed idea involves developing WebGLM, which combines a pre-trained large language model with web search capabilities and a scoring mechanism that accounts for human preferences.",
            "innovation": "The primary innovation of WebGLM lies in its integration of an LLM-augmented retriever, a bootstrapped generator, and a human preference-aware scorer, setting it apart from existing methods like WebGPT."
        },
        "method": {
            "method name": "WebGLM",
            "method abbreviation": "WGLM",
            "method definition": "WebGLM is a web-enhanced question-answering system that combines a pre-trained large language model with real-time web retrieval and human preference scoring.",
            "method description": "The core of WebGLM is its ability to enhance a large language model with web data and human-centered evaluation mechanisms.",
            "method steps": "1. Integrate LLM with web search capabilities. 2. Implement the bootstrapped generator. 3. Develop the human preference-aware scoring system. 4. Conduct evaluations and optimizations.",
            "principle": "WebGLM is effective in solving the problem by leveraging real-time web data to improve the accuracy and relevance of answers while incorporating human preferences to enhance user satisfaction."
        },
        "experiments": {
            "evaluation setting": "The experiments utilized a multi-dimensional human evaluation framework and quantitative ablation studies, comparing WebGLM against existing systems like WebGPT.",
            "evaluation method": "Performance was assessed through human evaluations and quantitative analyses, measuring the accuracy, efficiency, and user satisfaction of the proposed system."
        },
        "conclusion": "The outcomes suggest that WebGLM outperforms existing systems, demonstrating significant advantages in accuracy and efficiency, and providing a robust solution for web-enhanced question answering.",
        "discussion": {
            "advantage": "Key advantages of WebGLM include improved accuracy, efficiency, and the ability to adapt to human preferences, making it a superior choice for question-answering tasks.",
            "limitation": "The limitations of WebGLM may include potential challenges in real-time web data integration and the reliance on the quality of web sources.",
            "future work": "Future research could focus on enhancing the integration of web data, improving the scoring mechanisms further, and exploring additional user-centric features."
        },
        "other info": [
            {
                "info1": "The code, demo, and data for WebGLM are available at https://github.com/THUDM/WebGLM."
            }
        ]
    },
    "mount_outline": [
        {
            "section number": "1.1",
            "key information": "The paper addresses the issue of enhancing question-answering systems by integrating web search capabilities with large language models, highlighting the limitations of previous methods like WebGPT."
        },
        {
            "section number": "2.1",
            "key information": "The problem consists of the inefficiencies and limitations in existing web-enhanced question-answering systems, particularly in their ability to leverage human preferences effectively."
        },
        {
            "section number": "4",
            "key information": "WebGLM is a web-enhanced question-answering system that combines a pre-trained large language model with real-time web retrieval and human preference scoring."
        },
        {
            "section number": "4.1",
            "key information": "The core of WebGLM is its ability to enhance a large language model with web data and human-centered evaluation mechanisms."
        },
        {
            "section number": "6.2",
            "key information": "The limitations of WebGLM may include potential challenges in real-time web data integration and the reliance on the quality of web sources."
        },
        {
            "section number": "7",
            "key information": "Future research could focus on enhancing the integration of web data, improving the scoring mechanisms further, and exploring additional user-centric features."
        }
    ],
    "similarity_score": null,
    "image": null,
    "path": "/home/liudingyuan/code/SurveyX/code/SurveyX-main/outputs/t10/papers/Webglm_ Towards an efficient web-enhanced question answering system with human preferences.json"
}