{
    "from": null,
    "scholar_id": null,
    "detail_id": null,
    "title": "Zero-shot listwise document reranking with a large language model",
    "abstract": "Supervised ranking methods based on bi-encoder or cross-encoder architectures have shown success in multi-stage text ranking tasks, but they require large amounts of relevance judgments as training data. In this work, we propose Listwise Reranker with a Large Language Model (LRL), which achieves strong reranking effectiveness without using any task-specific training data. Different from the existing pointwise ranking methods, where documents are scored independently and ranked according to the scores, LRL directly generates a reordered list of document identifiers given the candidate documents. Experiments on three TREC web search datasets demonstrate that LRL not only outperforms zero-shot pointwise methods when reranking first-stage retrieval results, but can also act as a final-stage reranker to improve the top-ranked results of a pointwise method for improved efficiency. Additionally, we apply our approach to subsets of MIRACL, a recent multilingual retrieval dataset, with results showing its potential to generalize across different languages.",
    "arxivid": "2305.02156v1",
    "bib_name": "Zero-shotl103",
    "md_text": "# Zero-shot listwise document reranking with a large language model\n\n\nabstract\n\nSupervised ranking methods based on bi-encoder or cross-encoder architectures have shown success in multi-stage text ranking tasks, but they require large amounts of relevance judgments as training data. In this work, we propose Listwise Reranker with a Large Language Model (LRL), which achieves strong reranking effectiveness without using any task-specific training data. Different from the existing pointwise ranking methods, where documents are scored independently and ranked according to the scores, LRL directly generates a reordered list of document identifiers given the candidate documents. Experiments on three TREC web search datasets demonstrate that LRL not only outperforms zero-shot pointwise methods when reranking first-stage retrieval results, but can also act as a final-stage reranker to improve the top-ranked results of a pointwise method for improved efficiency. Additionally, we apply our approach to subsets of MIRACL, a recent multilingual retrieval dataset, with results showing its potential to generalize across different languages.",
    "paper_type": "method",
    "attri": {
        "background": "Supervised ranking methods based on bi-encoder or cross-encoder architectures have shown success in multi-stage text ranking tasks, but they require large amounts of relevance judgments as training data. This necessitates a new approach that can achieve effective reranking without reliance on task-specific training data.",
        "problem": {
            "definition": "The paper aims to solve the problem of effective document reranking in information retrieval without the need for extensive training data.",
            "key obstacle": "The main difficulty is the dependence of existing pointwise ranking methods on large amounts of relevance judgments, which limits their applicability and effectiveness."
        },
        "idea": {
            "intuition": "The idea emerged from the observation that a large language model could generate a reordered list of document identifiers directly, bypassing the need for independent scoring of documents.",
            "opinion": "The proposed Listwise Reranker with a Large Language Model (LRL) generates a reordered list of documents based on the candidate documents provided, facilitating a more efficient reranking process.",
            "innovation": "The primary difference between LRL and existing methods is that LRL generates the ranked list directly rather than scoring documents independently, which enhances its reranking effectiveness."
        },
        "method": {
            "method name": "Listwise Reranker with a Large Language Model",
            "method abbreviation": "LRL",
            "method definition": "LRL is a reranking method that utilizes a large language model to directly generate a reordered list of document identifiers from a set of candidate documents.",
            "method description": "LRL effectively reranks documents by generating a list of identifiers based on the input candidate documents.",
            "method steps": "1. Input candidate documents; 2. Use the large language model to generate a reordered list of document identifiers.",
            "principle": "The method is effective because it leverages the capabilities of large language models to understand and generate contextually relevant rankings without the need for task-specific training data."
        },
        "experiments": {
            "evaluation setting": "Experiments were conducted on three TREC web search datasets to evaluate the effectiveness of LRL in comparison to zero-shot pointwise methods.",
            "evaluation method": "The performance of LRL was assessed by measuring its ability to improve the top-ranked results of a pointwise method and its generalization across different languages."
        },
        "conclusion": "The experiments demonstrate that LRL outperforms zero-shot pointwise methods in reranking first-stage retrieval results and can effectively enhance the efficiency of final-stage reranking.",
        "discussion": {
            "advantage": "The key advantages of LRL include its ability to operate without task-specific training data and its effectiveness in generating high-quality rerankings.",
            "limitation": "The limitations of LRL may include its reliance on the quality of the large language model and potential challenges in specific retrieval contexts.",
            "future work": "Future research could explore further enhancements to LRL, including adaptations for different retrieval tasks and improving its performance in various languages."
        },
        "other info": []
    },
    "mount_outline": [
        {
            "section number": "4",
            "key information": "The paper introduces the Listwise Reranker with a Large Language Model (LRL), which generates a reordered list of documents directly from candidate documents, enhancing reranking effectiveness."
        },
        {
            "section number": "4.1",
            "key information": "LRL operates by inputting candidate documents and using a large language model to generate a reordered list of document identifiers, facilitating efficient reranking."
        },
        {
            "section number": "6",
            "key information": "The limitations of LRL may include its reliance on the quality of the large language model and potential challenges in specific retrieval contexts."
        },
        {
            "section number": "6.1",
            "key information": "The main difficulty addressed in the paper is the dependence of existing pointwise ranking methods on large amounts of relevance judgments, which limits their applicability and effectiveness."
        },
        {
            "section number": "7.1",
            "key information": "Future research could explore further enhancements to LRL, including adaptations for different retrieval tasks and improving its performance in various languages."
        }
    ],
    "similarity_score": null,
    "image": null,
    "path": "/home/liudingyuan/code/SurveyX/code/SurveyX-main/outputs/t10/papers/Zero-shot listwise document reranking with a large language model.json"
}