{
    "title": "A Survey on Deep Neural Network Pruning: Taxonomy, Comparison, Analysis, and Recommendations",
    "sections": [
        {
            "section title": "Introduction",
            "description": "Introduce the topic of deep neural network pruning, highlighting its importance in model compression and network optimization. Discuss the scope and objectives of the survey. Include a subsection 'Structure of the Survey' to outline the organization of the paper.",
            "subsections": [
                {
                    "subsection title": "Importance of Deep Neural Network Pruning",
                    "description": "Discuss why pruning is crucial for model compression and network optimization."
                },
                {
                    "subsection title": "Scope and Objectives of the Survey",
                    "description": "Define the scope and objectives of the survey paper."
                },
                {
                    "subsection title": "Structure of the Survey",
                    "description": "Outline the organization and structure of the survey paper."
                }
            ]
        },
        {
            "section title": "Background and Definitions",
            "description": "Provide an overview of deep neural networks and the concept of pruning. Define key terms such as model compression, sparsity, and network optimization. Explain the relevance of these concepts in the context of neural network pruning.",
            "subsections": [
                {
                    "subsection title": "Overview of Deep Neural Networks",
                    "description": "Provide a general overview of deep neural networks and their characteristics."
                },
                {
                    "subsection title": "Concept of Pruning in Neural Networks",
                    "description": "Explain the concept of pruning within neural networks and its significance."
                },
                {
                    "subsection title": "Definitions of Key Terms",
                    "description": "Define important terms related to pruning such as model compression, sparsity, and network optimization."
                },
                {
                    "subsection title": "Relevance of Pruning in Deep Neural Networks",
                    "description": "Discuss the importance and impact of pruning in the context of deep neural networks."
                }
            ]
        },
        {
            "section title": "Taxonomy of Pruning Methods",
            "description": "Categorize the various methodologies for pruning deep neural networks. Discuss different approaches such as structured and unstructured pruning, magnitude-based pruning, and gradient-based pruning. Highlight the advantages and limitations of each category.",
            "subsections": [
                {
                    "subsection title": "Structured Pruning Approaches",
                    "description": "Discuss methods that involve pruning entire structures within neural networks."
                },
                {
                    "subsection title": "Unstructured Pruning Techniques",
                    "description": "Explore techniques that prune individual parameters or connections."
                },
                {
                    "subsection title": "Magnitude-Based Pruning",
                    "description": "Explain pruning based on the magnitude of weights."
                },
                {
                    "subsection title": "Gradient-Based Pruning",
                    "description": "Discuss pruning techniques that utilize gradient information."
                },
                {
                    "subsection title": "Innovative Pruning Methodologies",
                    "description": "Highlight new and emerging methods in pruning."
                }
            ]
        },
        {
            "section title": "Comparison of Pruning Techniques",
            "description": "Evaluate the effectiveness of different pruning techniques in terms of model compression and sparsity. Compare their impacts on network optimization and performance. Use metrics and benchmarks to support the comparison.",
            "subsections": [
                {
                    "subsection title": "Performance Metrics and Benchmarks",
                    "description": "Discuss the metrics and benchmarks used to evaluate pruning techniques."
                },
                {
                    "subsection title": "Structured vs. Unstructured Pruning",
                    "description": "Compare and contrast structured and unstructured pruning methods."
                },
                {
                    "subsection title": "State-of-the-Art Pruning Methods",
                    "description": "Review the most advanced and effective pruning techniques available."
                },
                {
                    "subsection title": "Comparative Analysis of Pruning Techniques",
                    "description": "Perform a comparative analysis of various pruning methods."
                }
            ]
        },
        {
            "section title": "Analysis of Pruning Impacts",
            "description": "Analyze the effects of pruning on network optimization, including computational efficiency and inference speed. Discuss how pruning influences model accuracy and generalization. Explore the trade-offs involved in different pruning strategies.",
            "subsections": [
                {
                    "subsection title": "Computational Efficiency and Inference Speed",
                    "description": "Examine how pruning affects computational efficiency and inference speed."
                },
                {
                    "subsection title": "Model Accuracy and Generalization",
                    "description": "Discuss the impact of pruning on model accuracy and generalization capabilities."
                },
                {
                    "subsection title": "Trade-offs in Pruning Strategies",
                    "description": "Explore the trade-offs and compromises involved in different pruning approaches."
                }
            ]
        },
        {
            "section title": "Recommendations for Future Research and Applications",
            "description": "Provide informed recommendations for advancing research in neural network pruning. Suggest practical applications and areas for improvement. Discuss potential directions for developing more efficient pruning techniques.",
            "subsections": [
                {
                    "subsection title": "Enhancing Pruning Algorithms and Techniques",
                    "description": "Suggest ways to improve current pruning algorithms and techniques."
                },
                {
                    "subsection title": "Standardizing Benchmarks and Metrics",
                    "description": "Discuss the need for standardized benchmarks and metrics in pruning research."
                },
                {
                    "subsection title": "Exploring Applicability Across Architectures",
                    "description": "Examine the applicability of pruning across various neural network architectures."
                },
                {
                    "subsection title": "Integrating Compression Techniques",
                    "description": "Recommend integrating pruning with other compression techniques for enhanced results."
                },
                {
                    "subsection title": "Adaptive and Dynamic Pruning Strategies",
                    "description": "Explore adaptive and dynamic strategies for effective pruning."
                },
                {
                    "subsection title": "Practical Applications and Deployment",
                    "description": "Discuss the practical applications and deployment of pruning techniques in real-world scenarios."
                }
            ]
        },
        {
            "section title": "Conclusion",
            "description": "Summarize the key findings of the survey. Reflect on the importance of pruning in deep neural networks and its implications for future research and applications. Highlight the contributions of the paper to the field.",
            "subsections": []
        }
    ]
}