{
    "from": null,
    "scholar_id": null,
    "detail_id": null,
    "title": "A comprehensive survey of compression algorithms for language models",
    "abstract": "How can we compress language models without sacrificing accuracy? The number of compression algorithms for language models is rapidly growing to benefit from remarkable advances of recent language models without side effects due to the gigantic size of language models, such as increased carbon emissions and expensive maintenance fees. While numerous compression algorithms have shown remarkable progress in compressing language models, it ironically becomes challenging to capture emerging trends and identify the fundamental concepts underlying them due to the excessive number of algorithms. In this paper, we survey and summarize diverse compression algorithms including pruning, quantization, knowledge distillation, low-rank approximation, parameter sharing, and efficient architecture design. We not only summarize the overall trend of diverse compression algorithms but also select representative algorithms and provide in-depth analyses of them. We discuss the value of each category of compression algorithms, and the desired properties of low-cost compression algorithms which have a significant impact due to the emergence of large language models. Finally, we introduce promising future research topics based on our survey results.",
    "arxivid": "2401.15347v1",
    "bib_name": "Acomprehen28",
    "md_text": "# A comprehensive survey of compression algorithms for language models\n\n\nabstract\n\nHow can we compress language models without sacrificing accuracy? The number of compression algorithms for language models is rapidly growing to benefit from remarkable advances of recent language models without side effects due to the gigantic size of language models, such as increased carbon emissions and expensive maintenance fees. While numerous compression algorithms have shown remarkable progress in compressing language models, it ironically becomes challenging to capture emerging trends and identify the fundamental concepts underlying them due to the excessive number of algorithms. In this paper, we survey and summarize diverse compression algorithms including pruning, quantization, knowledge distillation, low-rank approximation, parameter sharing, and efficient architecture design. We not only summarize the overall trend of diverse compression algorithms but also select representative algorithms and provide in-depth analyses of them. We discuss the value of each category of compression algorithms, and the desired properties of low-cost compression algorithms which have a significant impact due to the emergence of large language models. Finally, we introduce promising future research topics based on our survey results.",
    "paper_type": "survey",
    "attri": {
        "background": {
            "purpose": "This survey aims to explore how to compress language models effectively without compromising their accuracy, addressing the growing need for efficient models due to their large size and associated costs.",
            "scope": "The survey covers various compression techniques such as pruning, quantization, knowledge distillation, low-rank approximation, parameter sharing, and efficient architecture design. It excludes less prevalent methods that do not significantly contribute to the field."
        },
        "problem": {
            "definition": "The core issue being explored is the challenge of compressing large language models while maintaining their performance and accuracy.",
            "key obstacle": "The primary challenge is the overwhelming number of compression algorithms, which complicates the identification of emerging trends and fundamental concepts."
        },
        "architecture": {
            "perspective": "The survey categorizes existing research into distinct compression techniques, providing a structured overview of the field.",
            "fields/stages": "The survey organizes current methods into categories like pruning, quantization, and knowledge distillation, using criteria such as effectiveness and applicability in different contexts."
        },
        "conclusion": {
            "comparisions": "The survey compares various compression algorithms based on their effectiveness and approach, highlighting how different methods perform in preserving model accuracy.",
            "results": "Key takeaways include the identification of effective compression strategies and the importance of selecting appropriate methods based on specific model requirements."
        },
        "discussion": {
            "advantage": "The existing research has achieved significant advancements in compressing language models, leading to improved efficiency and reduced operational costs.",
            "limitation": "Current studies often lack a unified framework for understanding the multitude of compression techniques, leading to confusion and potential inefficiencies.",
            "gaps": "There are still unanswered questions regarding the optimal conditions for applying various compression methods and their long-term impacts on model performance.",
            "future work": "Future research should focus on developing standardized frameworks for compression algorithms, exploring hybrid approaches, and addressing the gaps identified in existing studies."
        },
        "other info": {
            "additional insights": "The survey emphasizes the importance of balancing model performance with cost-effectiveness in the context of large language models."
        }
    },
    "mount_outline": [
        {
            "section number": "1.1",
            "key information": "Pruning contributes to model efficiency and performance, which is crucial for compressing large language models without compromising accuracy."
        },
        {
            "section number": "1.2",
            "key information": "The survey covers various compression techniques such as pruning, quantization, knowledge distillation, low-rank approximation, parameter sharing, and efficient architecture design."
        },
        {
            "section number": "2.2",
            "key information": "The survey categorizes existing research into distinct compression techniques, providing a structured overview of the field."
        },
        {
            "section number": "3.1",
            "key information": "The primary challenge is the overwhelming number of compression algorithms, complicating the identification of emerging trends and fundamental concepts."
        },
        {
            "section number": "4.1",
            "key information": "The survey compares various compression algorithms based on their effectiveness and approach, highlighting how different methods perform in preserving model accuracy."
        },
        {
            "section number": "5.1",
            "key information": "There are still unanswered questions regarding the optimal conditions for applying various compression methods and their long-term impacts on model performance."
        },
        {
            "section number": "6.3",
            "key information": "Future research should focus on developing standardized frameworks for compression algorithms, exploring hybrid approaches, and addressing the gaps identified in existing studies."
        }
    ],
    "similarity_score": null,
    "image": null,
    "path": "/home/liudingyuan/code/SurveyX/code/SurveyX-main/outputs/t14/papers/A comprehensive survey of compression algorithms for language models.json"
}