{
    "from": null,
    "scholar_id": null,
    "detail_id": null,
    "title": "A fast post-training pruning framework for transformers",
    "abstract": "Pruning is an effective way to reduce the huge inference cost of Transformer models. However, prior work on pruning Transformers requires retraining the models. This can add high training cost and high complexity to model deployment, making it difficult to use in many practical situations. To address this, we propose a fast post-training pruning framework for Transformers that does not require any retraining. Given a resource constraint and a sample dataset, our framework automatically prunes the Transformer model using structured sparsity methods. To retain high accuracy without retraining, we introduce three novel techniques: (i) a lightweight mask search algorithm that finds which heads and filters to prune based on the Fisher information; (ii) mask rearrangement that complements the search algorithm; and (iii) mask tuning that reconstructs the output activations for each layer. We apply our method to BERT-base and DistilBERT, and we evaluate its effectiveness on GLUE and SQuAD benchmarks. Our framework achieves up to 2.0x reduction in FLOPs and 1.56x speedup in inference latency, while maintaining<1% loss in accuracy. Importantly, our framework prunes Transformers in less than 3 minutes on a single GPU, which is over two orders of magnitude faster than existing pruning approaches that retrain the models.",
    "arxivid": "2204.09656v2",
    "bib_name": "Afastpost-113",
    "md_text": "# A fast post-training pruning framework for transformers\n\n\nabstract\n\nPruning is an effective way to reduce the huge inference cost of Transformer models. However, prior work on pruning Transformers requires retraining the models. This can add high training cost and high complexity to model deployment, making it difficult to use in many practical situations. To address this, we propose a fast post-training pruning framework for Transformers that does not require any retraining. Given a resource constraint and a sample dataset, our framework automatically prunes the Transformer model using structured sparsity methods. To retain high accuracy without retraining, we introduce three novel techniques: (i) a lightweight mask search algorithm that finds which heads and filters to prune based on the Fisher information; (ii) mask rearrangement that complements the search algorithm; and (iii) mask tuning that reconstructs the output activations for each layer. We apply our method to BERT-base and DistilBERT, and we evaluate its effectiveness on GLUE and SQuAD benchmarks. Our framework achieves up to 2.0x reduction in FLOPs and 1.56x speedup in inference latency, while maintaining<1% loss in accuracy. Importantly, our framework prunes Transformers in less than 3 minutes on a single GPU, which is over two orders of magnitude faster than existing pruning approaches that retrain the models.",
    "paper_type": "method",
    "attri": {
        "background": "This paper addresses the issue of high inference costs associated with Transformer models due to their complexity and size. Previous methods for pruning Transformers typically require retraining, which adds significant training costs and complicates model deployment, making it less feasible for practical applications.",
        "problem": {
            "definition": "The problem is the need for an efficient pruning method for Transformer models that reduces inference costs without the need for retraining.",
            "key obstacle": "The main challenge is that existing pruning methods require retraining, which increases the complexity and time required for model deployment."
        },
        "idea": {
            "intuition": "The idea is inspired by the need to simplify the pruning process for Transformers while maintaining performance, leading to the development of a method that prunes without retraining.",
            "opinion": "The proposed idea involves a fast post-training pruning framework that employs structured sparsity methods to prune Transformer models efficiently.",
            "innovation": "The innovation lies in the introduction of a framework that prunes Transformers without requiring retraining, utilizing novel techniques such as a lightweight mask search algorithm, mask rearrangement, and mask tuning."
        },
        "method": {
            "method name": "Fast Post-Training Pruning Framework",
            "method abbreviation": "FP-TPF",
            "method definition": "This method automatically prunes Transformer models based on structured sparsity methods, utilizing a sample dataset and resource constraints.",
            "method description": "The core of the method involves pruning Transformer models rapidly without retraining, achieving significant reductions in inference costs.",
            "method steps": "1. Utilize a lightweight mask search algorithm to identify heads and filters to prune. 2. Apply mask rearrangement to complement the search. 3. Implement mask tuning to reconstruct output activations for each layer.",
            "principle": "The method is effective because it leverages Fisher information to make informed pruning decisions while maintaining model performance."
        },
        "experiments": {
            "evaluation setting": "The experiments were conducted using BERT-base and DistilBERT on GLUE and SQuAD benchmarks, with a focus on measuring FLOPs reduction and inference latency.",
            "evaluation method": "Performance was assessed by comparing the FLOPs and inference latency before and after applying the pruning framework, along with monitoring accuracy loss."
        },
        "conclusion": "The framework achieves up to 2.0x reduction in FLOPs and 1.56x speedup in inference latency, while maintaining less than 1% loss in accuracy, demonstrating its effectiveness and efficiency in pruning Transformers.",
        "discussion": {
            "advantage": "The key advantages include the ability to prune models quickly without retraining, significantly reducing inference costs while preserving accuracy.",
            "limitation": "A limitation of the method may include potential challenges in generalizing the approach across different Transformer architectures.",
            "future work": "Future research could explore extending this framework to other model architectures and improving the mask search algorithm for even better performance."
        },
        "other info": []
    },
    "mount_outline": [
        {
            "section number": "1.1",
            "key information": "The paper addresses the issue of high inference costs associated with Transformer models due to their complexity and size, highlighting the importance of pruning in enhancing model efficiency."
        },
        {
            "section number": "2.2",
            "key information": "The proposed Fast Post-Training Pruning Framework (FP-TPF) utilizes structured sparsity methods to efficiently prune Transformer models, contributing to model compression techniques."
        },
        {
            "section number": "2.3",
            "key information": "The framework prunes Transformer models without requiring retraining, which is a key innovation in pruning techniques that enhances model efficiency and performance."
        },
        {
            "section number": "4.1",
            "key information": "The evaluation method compares FLOPs and inference latency before and after applying the pruning framework, establishing criteria for assessing the effectiveness of the pruning method."
        },
        {
            "section number": "5.1",
            "key information": "The framework achieves up to 2.0x reduction in FLOPs and 1.56x speedup in inference latency, while maintaining less than 1% loss in accuracy, illustrating the trade-offs between model size and accuracy."
        },
        {
            "section number": "6.1",
            "key information": "The paper recommends a fast post-training pruning framework that prunes models quickly without retraining, significantly reducing inference costs while preserving accuracy."
        },
        {
            "section number": "6.3",
            "key information": "Future work could explore extending the pruning framework to other model architectures and improving the mask search algorithm for better performance, identifying ongoing challenges in the field."
        }
    ],
    "similarity_score": null,
    "image": null,
    "path": "/home/liudingyuan/code/SurveyX/code/SurveyX-main/outputs/t14/papers/A fast post-training pruning framework for transformers.json"
}