{
    "from": null,
    "scholar_id": null,
    "detail_id": null,
    "title": "A gradient flow framework for analyzing network pruning",
    "abstract": "Recent network pruning methods focus on pruning models early-on in training. To estimate the impact of removing a parameter, these methods use importance measures that were originally designed to prune trained models. Despite lacking justification for their use early-on in training, such measures result in surprisingly low accuracy loss. To better explain this behavior, we develop a general gradient flow based framework that unifies state-of-the-art importance measures through the norm of model parameters. We use this framework to determine the relationship between pruning measures and evolution of model parameters, establishing several results related to pruning models early-on in training: (i) magnitude-based pruning removes parameters that contribute least to reduction in loss, resulting in models that converge faster than magnitude-agnostic methods; (ii) loss-preservation based pruning preserves first-order model evolution dynamics and is therefore appropriate for pruning minimally trained models; and (iii) gradient-norm based pruning affects second-order model evolution dynamics, such that increasing gradient norm via pruning can produce poorly performing models. We validate our claims on several VGG-13, MobileNet-V1, and ResNet-56 models trained on CIFAR-10 and CIFAR-100. Code available at this https URL.",
    "arxivid": "2009.11839v4",
    "bib_name": "Agradientf119",
    "md_text": "# A gradient flow framework for analyzing network pruning\n\n\nabstract\n\nRecent network pruning methods focus on pruning models early-on in training. To estimate the impact of removing a parameter, these methods use importance measures that were originally designed to prune trained models. Despite lacking justification for their use early-on in training, such measures result in surprisingly low accuracy loss. To better explain this behavior, we develop a general gradient flow based framework that unifies state-of-the-art importance measures through the norm of model parameters. We use this framework to determine the relationship between pruning measures and evolution of model parameters, establishing several results related to pruning models early-on in training: (i) magnitude-based pruning removes parameters that contribute least to reduction in loss, resulting in models that converge faster than magnitude-agnostic methods; (ii) loss-preservation based pruning preserves first-order model evolution dynamics and is therefore appropriate for pruning minimally trained models; and (iii) gradient-norm based pruning affects second-order model evolution dynamics, such that increasing gradient norm via pruning can produce poorly performing models. We validate our claims on several VGG-13, MobileNet-V1, and ResNet-56 models trained on CIFAR-10 and CIFAR-100. Code available at this https URL.",
    "paper_type": "method",
    "attri": {
        "background": "This paper addresses the issue of network pruning methods that focus on pruning models early-on in training, which utilize importance measures originally designed for trained models. It highlights the lack of justification for these measures in early training and aims to explain the surprisingly low accuracy loss observed.",
        "problem": {
            "definition": "The problem is the challenge of effectively pruning neural network parameters early in the training process while maintaining model performance.",
            "key obstacle": "The core obstacle is the reliance on importance measures that do not have a clear justification for their effectiveness in early training, leading to uncertainty about their impact on model performance."
        },
        "idea": {
            "intuition": "The intuition behind the proposed idea is to develop a gradient flow framework that unifies various importance measures through the norm of model parameters, providing a clearer understanding of their effectiveness.",
            "opinion": "The proposed idea entails using a general gradient flow framework to analyze and improve network pruning techniques, especially in the context of early training.",
            "innovation": "The primary innovation lies in establishing a relationship between pruning measures and model parameter evolution, demonstrating how different pruning strategies affect model convergence and performance."
        },
        "method": {
            "method name": "Gradient Flow Framework for Network Pruning",
            "method abbreviation": "GFFNP",
            "method definition": "The method involves analyzing network pruning through a gradient flow framework that incorporates the norm of model parameters to unify and evaluate different pruning measures.",
            "method description": "This framework provides a systematic approach to understanding and applying pruning measures during early training phases.",
            "method steps": "1. Define the gradient flow framework; 2. Analyze importance measures through parameter norms; 3. Evaluate pruning strategies based on model performance metrics.",
            "principle": "The method is effective because it aligns pruning strategies with the dynamics of model parameter evolution, ensuring that the most impactful parameters are retained for maintaining model performance."
        },
        "experiments": {
            "evaluation setting": "Experiments were conducted on VGG-13, MobileNet-V1, and ResNet-56 models trained on CIFAR-10 and CIFAR-100 datasets, comparing various pruning methods.",
            "evaluation method": "The performance of the pruning methods was assessed by measuring accuracy loss and convergence speed relative to baseline models."
        },
        "conclusion": "The outcomes validate that magnitude-based pruning leads to faster convergence and that loss-preservation based pruning is suitable for minimally trained models, while gradient-norm based pruning can negatively impact model performance.",
        "discussion": {
            "advantage": "Key advantages include improved convergence rates and the ability to effectively prune models early in training without significant accuracy loss.",
            "limitation": "A limitation of the method is its potential for gradient-norm based pruning to create poorly performing models if not applied judiciously.",
            "future work": "Future research could explore further refinements of the pruning framework and investigate additional datasets and model architectures to enhance generalizability."
        },
        "other info": []
    },
    "mount_outline": [
        {
            "section number": "1.1",
            "key information": "This paper addresses the issue of network pruning methods that focus on pruning models early-on in training, highlighting the importance of pruning in maintaining model performance."
        },
        {
            "section number": "2.3",
            "key information": "The core obstacle in pruning is the reliance on importance measures that lack clear justification for their effectiveness in early training, leading to uncertainty about their impact on model performance."
        },
        {
            "section number": "3.2",
            "key information": "The proposed gradient flow framework unifies various importance measures through the norm of model parameters, providing a clearer understanding of their effectiveness in pruning strategies."
        },
        {
            "section number": "4.1",
            "key information": "The evaluation method involved measuring accuracy loss and convergence speed relative to baseline models, establishing criteria for comparison of pruning methods."
        },
        {
            "section number": "5.1",
            "key information": "The outcomes validate that magnitude-based pruning leads to faster convergence, demonstrating the trade-offs between model size and accuracy."
        },
        {
            "section number": "6.1",
            "key information": "Key advantages of the proposed method include improved convergence rates and the ability to effectively prune models early in training without significant accuracy loss."
        },
        {
            "section number": "6.3",
            "key information": "Future research could explore further refinements of the pruning framework and investigate additional datasets and model architectures to enhance generalizability."
        }
    ],
    "similarity_score": null,
    "image": null,
    "path": "/home/liudingyuan/code/SurveyX/code/SurveyX-main/outputs/t14/papers/A gradient flow framework for analyzing network pruning.json"
}