{
    "from": null,
    "scholar_id": null,
    "detail_id": null,
    "title": "A probabilistic approach to neural network pruning",
    "abstract": "Neural network pruning techniques reduce the number of parameters without compromising predicting ability of a network. Many algorithms have been developed for pruning both over-parameterized fully-connected networks (FCNs) and convolutional neural networks (CNNs), but analytical studies of capabilities and compression ratios of such pruned sub-networks are lacking. We theoretically study the performance of two pruning techniques (random and magnitude-based) on FCNs and CNNs. Given a target network {whose weights are independently sampled from appropriate distributions}, we provide a universal approach to bound the gap between a pruned and the target network in a probabilistic sense. The results establish that there exist pruned networks with expressive power within any specified bound from the target network.",
    "arxivid": "2105.10065v1",
    "bib_name": "Aprobabili177",
    "md_text": "# A probabilistic approach to neural network pruning\n\n\nabstract\n\nNeural network pruning techniques reduce the number of parameters without compromising predicting ability of a network. Many algorithms have been developed for pruning both over-parameterized fully-connected networks (FCNs) and convolutional neural networks (CNNs), but analytical studies of capabilities and compression ratios of such pruned sub-networks are lacking. We theoretically study the performance of two pruning techniques (random and magnitude-based) on FCNs and CNNs. Given a target network {whose weights are independently sampled from appropriate distributions}, we provide a universal approach to bound the gap between a pruned and the target network in a probabilistic sense. The results establish that there exist pruned networks with expressive power within any specified bound from the target network.",
    "paper_type": "theory",
    "attri": {
        "background": "This paper addresses the issue of neural network pruning, which is crucial for reducing the number of parameters in neural networks while maintaining their predictive performance. Despite the development of various pruning algorithms for fully-connected networks (FCNs) and convolutional neural networks (CNNs), there is a lack of analytical studies examining the capabilities and compression ratios of pruned sub-networks.",
        "problem": {
            "definition": "The problem revolves around understanding the performance implications of pruning techniques on neural networks and quantifying the expressive power of pruned networks compared to their target networks.",
            "key obstacle": "A significant challenge is the absence of a theoretical framework that can accurately bound the performance of pruned networks in relation to the original target networks."
        },
        "idea": {
            "intuition": "The idea was inspired by the need to evaluate the effectiveness of pruning methods and to establish theoretical guarantees regarding the performance of pruned networks.",
            "opinion": "The central idea of the paper is to provide a probabilistic approach to assess the performance of pruned networks, ensuring that they retain a level of expressiveness comparable to that of the original networks.",
            "innovation": "The main innovation lies in the universal approach developed to bound the performance gap between pruned networks and their target counterparts, which had not been systematically addressed in previous research."
        },
        "Theory": {
            "perspective": "The theory presented in the paper offers a probabilistic perspective on neural network pruning, focusing on the statistical properties of the weights in the networks.",
            "opinion": "The authors assume that pruned networks can achieve a specified level of expressiveness, which can be quantified probabilistically based on the distributions of the weights.",
            "proof": "The paper provides theoretical proofs that establish the existence of pruned networks with expressive power within any specified bound from the target network, thereby validating the proposed approach."
        },
        "experiments": {
            "evaluation setting": "The evaluation involves both random and magnitude-based pruning techniques applied to fully-connected networks (FCNs) and convolutional neural networks (CNNs), with weights sampled from appropriate distributions.",
            "evaluation method": "The evaluation method includes theoretical derivations to bound the performance gap and probabilistic analyses to demonstrate the effectiveness of the pruning techniques."
        },
        "conclusion": "The paper concludes that pruned networks can achieve performance levels that are within a specified bound of their target networks, demonstrating the viability of the proposed probabilistic approach to neural network pruning.",
        "discussion": {
            "advantage": "One advantage of this paper is its theoretical contribution to understanding the performance of pruned networks, providing a framework that can guide future pruning techniques.",
            "limitation": "A limitation of the study is that it primarily focuses on theoretical bounds without extensive empirical validation of the proposed methods across diverse datasets.",
            "future work": "Future work could involve empirical testing of the theoretical results on various datasets, as well as exploring additional pruning methods and their implications for different types of neural network architectures."
        },
        "other info": []
    },
    "mount_outline": [
        {
            "section number": "1.1",
            "key information": "This paper addresses the issue of neural network pruning, which is crucial for reducing the number of parameters in neural networks while maintaining their predictive performance."
        },
        {
            "section number": "2.3",
            "key information": "The central idea of the paper is to provide a probabilistic approach to assess the performance of pruned networks, ensuring that they retain a level of expressiveness comparable to that of the original networks."
        },
        {
            "section number": "3.1",
            "key information": "Despite the development of various pruning algorithms for fully-connected networks (FCNs) and convolutional neural networks (CNNs), there is a lack of analytical studies examining the capabilities and compression ratios of pruned sub-networks."
        },
        {
            "section number": "4.1",
            "key information": "A significant challenge is the absence of a theoretical framework that can accurately bound the performance of pruned networks in relation to the original target networks."
        },
        {
            "section number": "5.3",
            "key information": "The paper provides theoretical proofs that establish the existence of pruned networks with expressive power within any specified bound from the target network, thereby validating the proposed approach."
        },
        {
            "section number": "6.2",
            "key information": "A limitation of the study is that it primarily focuses on theoretical bounds without extensive empirical validation of the proposed methods across diverse datasets."
        },
        {
            "section number": "6.3",
            "key information": "Future work could involve empirical testing of the theoretical results on various datasets, as well as exploring additional pruning methods and their implications for different types of neural network architectures."
        }
    ],
    "similarity_score": null,
    "image": null,
    "path": "/home/liudingyuan/code/SurveyX/code/SurveyX-main/outputs/t14/papers/A probabilistic approach to neural network pruning.json"
}