{
    "from": null,
    "scholar_id": null,
    "detail_id": null,
    "title": "A simple framework for contrastive learning of visual representations",
    "abstract": "This paper presents SimCLR: a simple framework for contrastive learning of visual representations. We simplify recently proposed contrastive self-supervised learning algorithms without requiring specialized architectures or a memory bank. In order to understand what enables the contrastive prediction tasks to learn useful representations, we systematically study the major components of our framework. We show that (1) composition of data augmentations plays a critical role in defining effective predictive tasks, (2) introducing a learnable nonlinear transformation between the representation and the contrastive loss substantially improves the quality of the learned representations, and (3) contrastive learning benefits from larger batch sizes and more training steps compared to supervised learning. By combining these findings, we are able to considerably outperform previous methods for self-supervised and semi-supervised learning on ImageNet. A linear classifier trained on self-supervised representations learned by SimCLR achieves 76.5% top-1 accuracy, which is a 7% relative improvement over previous state-of-the-art, matching the performance of a supervised ResNet-50. When fine-tuned on only 1% of the labels, we achieve 85.8% top-5 accuracy, outperforming AlexNet with 100X fewer labels.",
    "arxivid": "2002.05709v3",
    "bib_name": "Asimplefra159",
    "md_text": "# A simple framework for contrastive learning of visual representations\n\n\nabstract\n\nThis paper presents SimCLR: a simple framework for contrastive learning of visual representations. We simplify recently proposed contrastive self-supervised learning algorithms without requiring specialized architectures or a memory bank. In order to understand what enables the contrastive prediction tasks to learn useful representations, we systematically study the major components of our framework. We show that (1) composition of data augmentations plays a critical role in defining effective predictive tasks, (2) introducing a learnable nonlinear transformation between the representation and the contrastive loss substantially improves the quality of the learned representations, and (3) contrastive learning benefits from larger batch sizes and more training steps compared to supervised learning. By combining these findings, we are able to considerably outperform previous methods for self-supervised and semi-supervised learning on ImageNet. A linear classifier trained on self-supervised representations learned by SimCLR achieves 76.5% top-1 accuracy, which is a 7% relative improvement over previous state-of-the-art, matching the performance of a supervised ResNet-50. When fine-tuned on only 1% of the labels, we achieve 85.8% top-5 accuracy, outperforming AlexNet with 100X fewer labels.",
    "paper_type": "method",
    "attri": {
        "background": "This paper addresses the issue of learning visual representations through contrastive self-supervised learning, simplifying existing methods that require specialized architectures or memory banks, and highlighting the need for a more effective framework.",
        "problem": {
            "definition": "The problem is to develop a method for contrastive learning that effectively learns visual representations without relying on complex architectures or extensive memory storage.",
            "key obstacle": "Existing methods often require specialized setups that complicate the learning process and do not leverage the full potential of contrastive learning."
        },
        "idea": {
            "intuition": "The idea is inspired by the observation that simplifying the approach to contrastive learning can lead to better performance while maintaining effectiveness.",
            "opinion": "The proposed idea, SimCLR, is a straightforward framework that utilizes data augmentations and a learnable transformation to enhance representation learning.",
            "innovation": "The key innovation lies in the combination of effective data augmentations, a nonlinear transformation for contrastive loss, and the use of larger batch sizes, which significantly improve learning outcomes."
        },
        "method": {
            "method name": "SimCLR",
            "method abbreviation": "N/A",
            "method definition": "SimCLR is a framework for contrastive learning that simplifies the learning of visual representations by employing data augmentations and a learnable transformation.",
            "method description": "The core of SimCLR involves leveraging data augmentations and a nonlinear transformation to enhance the quality of learned representations.",
            "method steps": "1. Apply a series of data augmentations to input images; 2. Generate representations using a neural network; 3. Compute contrastive loss with a learnable transformation; 4. Train using larger batch sizes and more epochs.",
            "principle": "The effectiveness of SimCLR is grounded in the ability to create diverse augmented views of the same image, which helps the model learn robust features that are invariant to these transformations."
        },
        "experiments": {
            "evaluation setting": "The experiments were conducted on the ImageNet dataset, comparing the performance of SimCLR against previous self-supervised and semi-supervised learning methods.",
            "evaluation method": "Performance was assessed by training a linear classifier on the learned representations and measuring top-1 and top-5 accuracy."
        },
        "conclusion": "SimCLR significantly outperforms previous methods for self-supervised learning, achieving a top-1 accuracy of 76.5% and demonstrating effective learning even with limited labeled data.",
        "discussion": {
            "advantage": "The main advantages of SimCLR include its simplicity, effectiveness without specialized architectures, and improved performance with larger batch sizes.",
            "limitation": "One limitation is that the method may require substantial computational resources due to the need for larger batch sizes and longer training times.",
            "future work": "Future research could explore further optimizations in data augmentation strategies and investigate the application of SimCLR to other domains beyond visual representation learning."
        },
        "other info": []
    },
    "mount_outline": [
        {
            "section number": "1.1",
            "key information": "The proposed idea, SimCLR, is a straightforward framework that utilizes data augmentations and a learnable transformation to enhance representation learning."
        },
        {
            "section number": "1.2",
            "key information": "This paper addresses the issue of learning visual representations through contrastive self-supervised learning, simplifying existing methods that require specialized architectures or memory banks."
        },
        {
            "section number": "2.2",
            "key information": "SimCLR is a framework for contrastive learning that simplifies the learning of visual representations by employing data augmentations and a learnable transformation."
        },
        {
            "section number": "3.2",
            "key information": "The key innovation lies in the combination of effective data augmentations, a nonlinear transformation for contrastive loss, and the use of larger batch sizes, which significantly improve learning outcomes."
        },
        {
            "section number": "4.1",
            "key information": "Performance was assessed by training a linear classifier on the learned representations and measuring top-1 and top-5 accuracy."
        },
        {
            "section number": "5.1",
            "key information": "The main advantages of SimCLR include its simplicity, effectiveness without specialized architectures, and improved performance with larger batch sizes."
        },
        {
            "section number": "6.2",
            "key information": "One limitation is that the method may require substantial computational resources due to the need for larger batch sizes and longer training times."
        },
        {
            "section number": "6.3",
            "key information": "Future research could explore further optimizations in data augmentation strategies and investigate the application of SimCLR to other domains beyond visual representation learning."
        }
    ],
    "similarity_score": null,
    "image": null,
    "path": "/home/liudingyuan/code/SurveyX/code/SurveyX-main/outputs/t14/papers/A simple framework for contrastive learning of visual representations.json"
}