{
    "from": null,
    "scholar_id": null,
    "detail_id": null,
    "title": "A signal propagation perspective for pruning neural networks at initialization",
    "abstract": "Network pruning is a promising avenue for compressing deep neural networks. A typical approach to pruning starts by training a model and then removing redundant parameters while minimizing the impact on what is learned. Alternatively, a recent approach shows that pruning can be done at initialization prior to training, based on a saliency criterion called connection sensitivity. However, it remains unclear exactly why pruning an untrained, randomly initialized neural network is effective. In this work, by noting connection sensitivity as a form of gradient, we formally characterize initialization conditions to ensure reliable connection sensitivity measurements, which in turn yields effective pruning results. Moreover, we analyze the signal propagation properties of the resulting pruned networks and introduce a simple, data-free method to improve their trainability. Our modifications to the existing pruning at initialization method lead to improved results on all tested network models for image classification tasks. Furthermore, we empirically study the effect of supervision for pruning and demonstrate that our signal propagation perspective, combined with unsupervised pruning, can be useful in various scenarios where pruning is applied to non-standard arbitrarily-designed architectures.",
    "arxivid": "1906.06307v2",
    "bib_name": "Asignalpro60",
    "md_text": "# A signal propagation perspective for pruning neural networks at initialization\n\n\nabstract\n\nNetwork pruning is a promising avenue for compressing deep neural networks. A typical approach to pruning starts by training a model and then removing redundant parameters while minimizing the impact on what is learned. Alternatively, a recent approach shows that pruning can be done at initialization prior to training, based on a saliency criterion called connection sensitivity. However, it remains unclear exactly why pruning an untrained, randomly initialized neural network is effective. In this work, by noting connection sensitivity as a form of gradient, we formally characterize initialization conditions to ensure reliable connection sensitivity measurements, which in turn yields effective pruning results. Moreover, we analyze the signal propagation properties of the resulting pruned networks and introduce a simple, data-free method to improve their trainability. Our modifications to the existing pruning at initialization method lead to improved results on all tested network models for image classification tasks. Furthermore, we empirically study the effect of supervision for pruning and demonstrate that our signal propagation perspective, combined with unsupervised pruning, can be useful in various scenarios where pruning is applied to non-standard arbitrarily-designed architectures.",
    "paper_type": "method",
    "attri": {
        "background": "This paper addresses the issue of pruning neural networks to compress deep learning models effectively. Previous methods involved training models and then removing parameters, but recent approaches suggest that pruning can be done at initialization using a saliency criterion called connection sensitivity. However, the effectiveness of pruning untrained networks remains unclear.",
        "problem": {
            "definition": "The problem is the lack of understanding of why pruning an untrained, randomly initialized neural network based on connection sensitivity is effective.",
            "key obstacle": "The core obstacle is the uncertainty surrounding the initialization conditions that ensure reliable connection sensitivity measurements, which are crucial for effective pruning."
        },
        "idea": {
            "intuition": "The idea is inspired by recognizing connection sensitivity as a form of gradient, which can be leveraged to characterize initialization conditions for better pruning outcomes.",
            "opinion": "The proposed idea entails a new perspective on signal propagation that aids in pruning networks at initialization, aiming to improve their subsequent trainability.",
            "innovation": "The primary innovation lies in the formal characterization of initialization conditions for reliable connection sensitivity measurements and the introduction of a data-free method to enhance the trainability of pruned networks."
        },
        "method": {
            "method name": "Signal Propagation Perspective for Pruning",
            "method abbreviation": "SPP",
            "method definition": "The method involves pruning neural networks at initialization based on connection sensitivity, ensuring that the initialization conditions are characterized to yield effective pruning results.",
            "method description": "The core of the method is to utilize connection sensitivity measurements at initialization to prune neural networks effectively.",
            "method steps": "1. Characterize initialization conditions for reliable connection sensitivity. 2. Apply pruning based on connection sensitivity. 3. Improve trainability of the pruned networks using a data-free method.",
            "principle": "This method is effective because it relies on a formal understanding of signal propagation properties, ensuring that the pruned networks maintain their learning capabilities."
        },
        "experiments": {
            "evaluation setting": "The experiments were conducted on various network models for image classification tasks, comparing the proposed method against baseline methods.",
            "evaluation method": "Performance was assessed by measuring the effectiveness of the pruning approach in improving the trainability of the resulting networks."
        },
        "conclusion": "The outcomes demonstrate that the proposed signal propagation perspective combined with unsupervised pruning leads to improved results across all tested network models, highlighting its effectiveness and contributions to the field.",
        "discussion": {
            "advantage": "The key advantages include improved trainability of pruned networks and the ability to apply the method to non-standard arbitrarily-designed architectures.",
            "limitation": "A limitation is that the method's effectiveness may vary based on the specific architecture and the conditions under which it is applied.",
            "future work": "Future research could explore further improvements to the pruning method and its application across different types of neural network architectures."
        },
        "other info": []
    },
    "mount_outline": [
        {
            "section number": "1.1",
            "key information": "Pruning neural networks is essential for compressing deep learning models effectively, improving model efficiency and performance."
        },
        {
            "section number": "2.3",
            "key information": "The method proposed in the paper involves pruning neural networks at initialization based on connection sensitivity, which enhances neural network efficiency."
        },
        {
            "section number": "3.2",
            "key information": "The paper introduces a novel pruning approach that leverages connection sensitivity measurements at initialization, offering a new perspective on signal propagation in neural networks."
        },
        {
            "section number": "4.3",
            "key information": "Comparative experiments demonstrate that the proposed signal propagation perspective improves the trainability of pruned networks across various tested models."
        },
        {
            "section number": "5.3",
            "key information": "The proposed method shows that pruning based on connection sensitivity can lead to improved model performance, particularly in enhancing the trainability of the resulting networks."
        },
        {
            "section number": "6.1",
            "key information": "Best practices include characterizing initialization conditions for reliable connection sensitivity measurements to ensure effective pruning outcomes."
        },
        {
            "section number": "6.3",
            "key information": "Future research could focus on further improvements to the pruning method and its application across various neural network architectures."
        }
    ],
    "similarity_score": null,
    "image": null,
    "path": "/home/liudingyuan/code/SurveyX/code/SurveyX-main/outputs/t14/papers/A signal propagation perspective for pruning neural networks at initialization.json"
}