{
    "from": null,
    "scholar_id": null,
    "detail_id": null,
    "title": "A survey of lottery ticket hypothesis",
    "abstract": "The Lottery Ticket Hypothesis (LTH) states that a dense neural network model contains a highly sparse subnetwork (i.e., winning tickets) that can achieve even better performance than the original model when trained in isolation. While LTH has been proved both empirically and theoretically in many works, there still are some open issues, such as efficiency and scalability, to be addressed. Also, the lack of open-source frameworks and consensual experimental setting poses a challenge to future research on LTH. We, for the first time, examine previous research and studies on LTH from different perspectives. We also discuss issues in existing works and list potential directions for further exploration. This survey aims to provide an in-depth look at the state of LTH and develop a duly maintained platform to conduct experiments and compare with the most updated baselines.",
    "arxivid": "2403.04861v2",
    "bib_name": "Asurveyofl87",
    "md_text": "# A survey of lottery ticket hypothesis\n\n\nabstract\n\nThe Lottery Ticket Hypothesis (LTH) states that a dense neural network model contains a highly sparse subnetwork (i.e., winning tickets) that can achieve even better performance than the original model when trained in isolation. While LTH has been proved both empirically and theoretically in many works, there still are some open issues, such as efficiency and scalability, to be addressed. Also, the lack of open-source frameworks and consensual experimental setting poses a challenge to future research on LTH. We, for the first time, examine previous research and studies on LTH from different perspectives. We also discuss issues in existing works and list potential directions for further exploration. This survey aims to provide an in-depth look at the state of LTH and develop a duly maintained platform to conduct experiments and compare with the most updated baselines.",
    "paper_type": "survey",
    "attri": {
        "background": {
            "purpose": "The survey aims to provide an in-depth examination of the Lottery Ticket Hypothesis (LTH) and to address open issues such as efficiency and scalability while highlighting the need for a standardized experimental framework.",
            "scope": "The survey includes discussions of existing research on LTH, challenges in the field, and potential future directions. It excludes unrelated neural network optimization techniques that do not directly pertain to LTH."
        },
        "problem": {
            "definition": "The core issue explored in this survey is the identification and validation of winning tickets within dense neural networks that can perform better than the original model when trained independently.",
            "key obstacle": "Primary challenges include the efficiency and scalability of finding winning tickets, along with the lack of open-source frameworks and a consensual experimental setting."
        },
        "architecture": {
            "perspective": "The survey introduces a framework for categorizing existing research on LTH, highlighting the diverse approaches and findings related to the hypothesis.",
            "fields/stages": "The survey organizes current methods based on their experimental setups, results, and the theoretical underpinnings of the LTH, using criteria such as performance metrics and training efficiency."
        },
        "conclusion": {
            "comparisions": "The survey conducts a comparative analysis of various studies on LTH, noting differences in effectiveness, methodologies, and outcomes across different approaches.",
            "results": "Key takeaways include the identification of winning tickets as a viable method for optimizing neural networks, along with the recognition of significant challenges that remain in the field."
        },
        "discussion": {
            "advantage": "Strengths of existing research include the empirical validation of LTH and its implications for neural network sparsity and performance enhancement.",
            "limitation": "Current research is limited by the absence of standardized experimental frameworks and open-source tools, which hampers reproducibility and comparison.",
            "gaps": "Unanswered questions include the scalability of LTH in larger models and the exploration of new architectures that may benefit from the hypothesis.",
            "future work": "Emerging trends suggest a need for developing more efficient algorithms for identifying winning tickets and creating standardized benchmarks to facilitate future research."
        },
        "other info": {
            "info1": "This survey is the first comprehensive review of LTH from various perspectives.",
            "info2": {
                "info2.1": "The paper emphasizes the importance of a maintained platform for conducting experiments.",
                "info2.2": "It discusses the potential for LTH to influence future neural network design and optimization strategies."
            }
        }
    },
    "mount_outline": [
        {
            "section number": "1.1",
            "key information": "The survey aims to provide an in-depth examination of the Lottery Ticket Hypothesis (LTH) and to address open issues such as efficiency and scalability while highlighting the need for a standardized experimental framework."
        },
        {
            "section number": "1.2",
            "key information": "The survey includes discussions of existing research on LTH, challenges in the field, and potential future directions. It excludes unrelated neural network optimization techniques that do not directly pertain to LTH."
        },
        {
            "section number": "2.2",
            "key information": "Primary challenges include the efficiency and scalability of finding winning tickets, along with the lack of open-source frameworks and a consensual experimental setting."
        },
        {
            "section number": "3.1",
            "key information": "The survey introduces a framework for categorizing existing research on LTH, highlighting the diverse approaches and findings related to the hypothesis."
        },
        {
            "section number": "4.3",
            "key information": "The survey conducts a comparative analysis of various studies on LTH, noting differences in effectiveness, methodologies, and outcomes across different approaches."
        },
        {
            "section number": "5.1",
            "key information": "Key takeaways include the identification of winning tickets as a viable method for optimizing neural networks, along with the recognition of significant challenges that remain in the field."
        },
        {
            "section number": "6.3",
            "key information": "Emerging trends suggest a need for developing more efficient algorithms for identifying winning tickets and creating standardized benchmarks to facilitate future research."
        }
    ],
    "similarity_score": null,
    "image": null,
    "path": "/home/liudingyuan/code/SurveyX/code/SurveyX-main/outputs/t14/papers/A survey of lottery ticket hypothesis.json"
}