{
    "from": null,
    "scholar_id": null,
    "detail_id": null,
    "title": "A survey on deep neural network compression: Challenges, overview, and solutions",
    "abstract": "Deep Neural Network (DNN) has gained unprecedented performance due to its automated feature extraction capability. This high order performance leads to significant incorporation of DNN models in different Internet of Things (IoT) applications in the past decade. However, the colossal requirement of computation, energy, and storage of DNN models make their deployment prohibitive on resource constraint IoT devices. Therefore, several compression techniques were proposed in recent years for reducing the storage and computation requirements of the DNN model. These techniques on DNN compression have utilized a different perspective for compressing DNN with minimal accuracy compromise. It encourages us to make a comprehensive overview of the DNN compression techniques. In this paper, we present a comprehensive review of existing literature on compressing DNN model that reduces both storage and computation requirements. We divide the existing approaches into five broad categories, i.e., network pruning, sparse representation, bits precision, knowledge distillation, and miscellaneous, based upon the mechanism incorporated for compressing the DNN model. The paper also discussed the challenges associated with each category of DNN compression techniques. Finally, we provide a quick summary of existing work under each category with the future direction in DNN compression.",
    "arxivid": "2010.03954v1",
    "bib_name": "Asurveyond27",
    "md_text": "# A survey on deep neural network compression: Challenges, overview, and solutions\n\n\nabstract\n\nDeep Neural Network (DNN) has gained unprecedented performance due to its automated feature extraction capability. This high order performance leads to significant incorporation of DNN models in different Internet of Things (IoT) applications in the past decade. However, the colossal requirement of computation, energy, and storage of DNN models make their deployment prohibitive on resource constraint IoT devices. Therefore, several compression techniques were proposed in recent years for reducing the storage and computation requirements of the DNN model. These techniques on DNN compression have utilized a different perspective for compressing DNN with minimal accuracy compromise. It encourages us to make a comprehensive overview of the DNN compression techniques. In this paper, we present a comprehensive review of existing literature on compressing DNN model that reduces both storage and computation requirements. We divide the existing approaches into five broad categories, i.e., network pruning, sparse representation, bits precision, knowledge distillation, and miscellaneous, based upon the mechanism incorporated for compressing the DNN model. The paper also discussed the challenges associated with each category of DNN compression techniques. Finally, we provide a quick summary of existing work under each category with the future direction in DNN compression.",
    "paper_type": "survey",
    "attri": {
        "background": {
            "purpose": "This survey aims to provide a comprehensive overview of deep neural network (DNN) compression techniques, addressing the knowledge gap regarding the various methods available and their effectiveness in reducing storage and computation requirements without significant accuracy loss.",
            "scope": "The survey includes topics related to DNN compression techniques, specifically focusing on network pruning, sparse representation, bits precision, knowledge distillation, and miscellaneous methods. Areas excluded from the survey are those not directly related to DNN model compression or that do not address the constraints of resource-constrained IoT devices."
        },
        "problem": {
            "definition": "The core issue being explored is the challenge of deploying deep neural networks on resource-constrained Internet of Things (IoT) devices due to their high computational, energy, and storage requirements.",
            "key obstacle": "The primary challenges include the substantial resource demands of DNN models, which hinder their practical implementation on devices with limited computational power and energy capacity."
        },
        "architecture": {
            "perspective": "The survey categorizes existing DNN compression techniques into five broad categories based on the mechanisms used for compression, providing a structured framework to understand the diverse approaches in the literature.",
            "fields/stages": [
                {
                    "field": "Network Pruning",
                    "explanation": "Techniques that remove unnecessary weights or neurons from the network to reduce its size and complexity."
                },
                {
                    "field": "Sparse Representation",
                    "explanation": "Methods that represent the model in a sparse format to decrease memory usage and improve computational efficiency."
                },
                {
                    "field": "Bits Precision",
                    "explanation": "Approaches that reduce the precision of the weights and activations to lower memory and computation costs."
                },
                {
                    "field": "Knowledge Distillation",
                    "explanation": "A technique where a smaller model is trained to replicate the performance of a larger model, effectively transferring knowledge."
                },
                {
                    "field": "Miscellaneous",
                    "explanation": "Other techniques that do not fit into the previous categories but contribute to DNN compression."
                }
            ]
        },
        "conclusion": {
            "comparisions": "The survey compares various research studies and methods in terms of their effectiveness and approaches to DNN compression, highlighting the trade-offs between compression rates and accuracy.",
            "results": "Key takeaways include the identification of effective DNN compression strategies and their applicability in real-world scenarios, emphasizing the importance of balancing model performance with resource constraints."
        },
        "discussion": {
            "advantage": "Existing research has successfully developed various DNN compression techniques, enabling the deployment of DNNs in resource-constrained environments, thus enhancing their usability in IoT applications.",
            "limitation": "Current studies may fall short in providing comprehensive solutions that maintain accuracy while achieving significant compression, and there may be limited exploration of certain novel compression techniques.",
            "gaps": "Unanswered questions remain regarding the optimal combination of different compression techniques and their impact on various types of DNN architectures.",
            "future work": "Future research should focus on integrating multiple compression techniques, exploring new methods, and addressing the limitations of existing approaches to enhance DNN deployment on IoT devices."
        },
        "other info": {}
    },
    "mount_outline": [
        {
            "section number": "1.1",
            "key information": "Pruning contributes to model efficiency and performance by removing unnecessary weights or neurons from the network, reducing its size and complexity."
        },
        {
            "section number": "1.2",
            "key information": "The survey includes topics related to DNN compression techniques, specifically focusing on network pruning, sparse representation, bits precision, knowledge distillation, and miscellaneous methods."
        },
        {
            "section number": "2.2",
            "key information": "DNN compression techniques are categorized into five broad categories: Network Pruning, Sparse Representation, Bits Precision, Knowledge Distillation, and Miscellaneous methods."
        },
        {
            "section number": "2.3",
            "key information": "Network pruning techniques remove unnecessary weights or neurons from the network to reduce its size and complexity, which is essential for enhancing neural network efficiency."
        },
        {
            "section number": "4.3",
            "key information": "The survey compares various research studies and methods in terms of their effectiveness and approaches to DNN compression, highlighting the trade-offs between compression rates and accuracy."
        },
        {
            "section number": "5.1",
            "key information": "The challenge of deploying deep neural networks on resource-constrained IoT devices is due to their high computational, energy, and storage requirements, necessitating a balance between model size and accuracy."
        },
        {
            "section number": "6.3",
            "key information": "Future research should focus on integrating multiple compression techniques, exploring new methods, and addressing the limitations of existing approaches to enhance DNN deployment on IoT devices."
        }
    ],
    "similarity_score": null,
    "image": null,
    "path": "/home/liudingyuan/code/SurveyX/code/SurveyX-main/outputs/t14/papers/A survey on deep neural network compression_ Challenges, overview, and solutions.json"
}