{
    "from": null,
    "scholar_id": null,
    "detail_id": null,
    "title": "A survey on model compression for large language models",
    "abstract": "Abstract Large Language Models (LLMs) have transformed natural language processing tasks successfully. Yet, their large size and high computational needs pose challenges for practical use, especially in resource-limited settings. Model compression has emerged as a key research area to address these challenges. This paper presents a survey of model compression techniques for LLMs. We cover methods like quantization, pruning, and knowledge distillation, highlighting recent advancements. We also discuss benchmarking strategies and evaluation metrics crucial for assessing compressed LLMs. This survey offers valuable insights for researchers and practitioners, aiming to enhance efficiency and real-world applicability of LLMs while laying a foundation for future advancements.",
    "arxivid": "2308.07633v4",
    "bib_name": "Asurveyonm33",
    "md_text": "# A survey on model compression for large language models\n\n\nabstract\n\nAbstract Large Language Models (LLMs) have transformed natural language processing tasks successfully. Yet, their large size and high computational needs pose challenges for practical use, especially in resource-limited settings. Model compression has emerged as a key research area to address these challenges. This paper presents a survey of model compression techniques for LLMs. We cover methods like quantization, pruning, and knowledge distillation, highlighting recent advancements. We also discuss benchmarking strategies and evaluation metrics crucial for assessing compressed LLMs. This survey offers valuable insights for researchers and practitioners, aiming to enhance efficiency and real-world applicability of LLMs while laying a foundation for future advancements.",
    "paper_type": "survey",
    "attri": {
        "background": {
            "purpose": "This survey aims to explore model compression techniques for large language models (LLMs) to address their large size and high computational requirements, particularly in resource-limited environments.",
            "scope": "The survey includes methods such as quantization, pruning, and knowledge distillation, while excluding unrelated optimization techniques. The focus is on techniques specifically applicable to LLMs and their effectiveness in reducing resource consumption."
        },
        "problem": {
            "definition": "The core issue being explored is the challenge of deploying large language models in practical settings due to their significant resource requirements.",
            "key obstacle": "Researchers face barriers related to the computational cost and memory footprint of LLMs, making it difficult to utilize these models in environments with limited resources."
        },
        "architecture": {
            "perspective": "The survey categorizes existing research into distinct compression techniques, providing a framework for understanding how these methods can be applied to LLMs.",
            "fields/stages": "The survey organizes the current methods into categories such as quantization, pruning, and knowledge distillation, based on their approach to reducing model size and complexity."
        },
        "conclusion": {
            "comparisions": "The survey conducts a comparative analysis of various model compression techniques, evaluating their effectiveness and applicability in reducing the resource requirements of LLMs.",
            "results": "Key takeaways include the identification of effective compression methods and the importance of benchmarking strategies for evaluating compressed models."
        },
        "discussion": {
            "advantage": "Existing research has achieved significant advancements in model compression, allowing for more efficient deployment of LLMs in real-world applications.",
            "limitation": "Current studies often fall short in providing comprehensive benchmarks and evaluation metrics that can universally apply across different LLMs.",
            "gaps": "There remain unanswered questions regarding the long-term impacts of compression on model performance and generalization.",
            "future work": "Future research should focus on developing more robust evaluation frameworks and exploring novel compression techniques that maintain model accuracy while reducing size."
        },
        "other info": {
            "info1": "The survey highlights the need for standardized benchmarking strategies.",
            "info2": {
                "info2.1": "Recent advancements in model compression techniques are discussed.",
                "info2.2": "The implications of model compression for practical applications in various industries are considered."
            }
        }
    },
    "mount_outline": [
        {
            "section number": "1.1",
            "key information": "Pruning contributes to model efficiency and performance by addressing the significant resource requirements of large language models (LLMs)."
        },
        {
            "section number": "1.2",
            "key information": "The survey includes methods such as quantization, pruning, and knowledge distillation, while excluding unrelated optimization techniques, specifically applicable to LLMs."
        },
        {
            "section number": "2.2",
            "key information": "The survey categorizes existing research into distinct compression techniques, providing a framework for understanding how these methods can be applied to LLMs."
        },
        {
            "section number": "3.1",
            "key information": "The survey organizes the current methods into categories such as quantization, pruning, and knowledge distillation based on their approach to reducing model size and complexity."
        },
        {
            "section number": "4.3",
            "key information": "The survey conducts a comparative analysis of various model compression techniques, evaluating their effectiveness and applicability in reducing the resource requirements of LLMs."
        },
        {
            "section number": "6.2",
            "key information": "Current studies often fall short in providing comprehensive benchmarks and evaluation metrics that can universally apply across different LLMs."
        },
        {
            "section number": "6.3",
            "key information": "Future research should focus on developing more robust evaluation frameworks and exploring novel compression techniques that maintain model accuracy while reducing size."
        }
    ],
    "similarity_score": null,
    "image": null,
    "path": "/home/liudingyuan/code/SurveyX/code/SurveyX-main/outputs/t14/papers/A survey on model compression for large language models.json"
}