{
    "from": null,
    "scholar_id": null,
    "detail_id": null,
    "title": "A systematic DNN weight pruning framework using alternating direction method of multipliers",
    "abstract": "Weight pruning methods for deep neural networks (DNNs) have been investigated recently, but prior work in this area is mainly heuristic, iterative pruning, thereby lacking guarantees on the weight reduction ratio and convergence time. To mitigate these limitations, we present a systematic weight pruning framework of DNNs using the alternating direction method of multipliers (ADMM). We first formulate the weight pruning problem of DNNs as a nonconvex optimization problem with combinatorial constraints specifying the sparsity requirements, and then adopt the ADMM framework for systematic weight pruning. By using ADMM, the original nonconvex optimization problem is decomposed into two subproblems that are solved iteratively. One of these subproblems can be solved using stochastic gradient descent, the other can be solved analytically. Besides, our method achieves a fast convergence rate. \nThe weight pruning results are very promising and consistently outperform the prior work. On the LeNet-5 model for the MNIST data set, we achieve 71.2 times weight reduction without accuracy loss. On the AlexNet model for the ImageNet data set, we achieve 21 times weight reduction without accuracy loss. When we focus on the convolutional layer pruning for computation reductions, we can reduce the total computation by five times compared with the prior work (achieving a total of 13.4 times weight reduction in convolutional layers). Our models and codes are released at this https URL",
    "arxivid": "1804.03294v3",
    "bib_name": "Asystemati145",
    "md_text": "# A systematic DNN weight pruning framework using alternating direction method of multipliers\n\n\nabstract\n\nWeight pruning methods for deep neural networks (DNNs) have been investigated recently, but prior work in this area is mainly heuristic, iterative pruning, thereby lacking guarantees on the weight reduction ratio and convergence time. To mitigate these limitations, we present a systematic weight pruning framework of DNNs using the alternating direction method of multipliers (ADMM). We first formulate the weight pruning problem of DNNs as a nonconvex optimization problem with combinatorial constraints specifying the sparsity requirements, and then adopt the ADMM framework for systematic weight pruning. By using ADMM, the original nonconvex optimization problem is decomposed into two subproblems that are solved iteratively. One of these subproblems can be solved using stochastic gradient descent, the other can be solved analytically. Besides, our method achieves a fast convergence rate. \nThe weight pruning results are very promising and consistently outperform the prior work. On the LeNet-5 model for the MNIST data set, we achieve 71.2 times weight reduction without accuracy loss. On the AlexNet model for the ImageNet data set, we achieve 21 times weight reduction without accuracy loss. When we focus on the convolutional layer pruning for computation reductions, we can reduce the total computation by five times compared with the prior work (achieving a total of 13.4 times weight reduction in convolutional layers). Our models and codes are released at this https URL",
    "paper_type": "method",
    "attri": {
        "background": "Weight pruning methods for deep neural networks (DNNs) have been investigated recently, but prior work in this area is mainly heuristic, iterative pruning, thereby lacking guarantees on the weight reduction ratio and convergence time.",
        "problem": {
            "definition": "The problem addressed is the lack of systematic and guaranteed methods for weight pruning in deep neural networks, which affects the efficiency and effectiveness of DNNs.",
            "key obstacle": "The core obstacle is the reliance on heuristic approaches that do not provide guarantees on weight reduction ratios or convergence times."
        },
        "idea": {
            "intuition": "The idea was inspired by the limitations of existing pruning methods, leading to the exploration of a systematic approach using the alternating direction method of multipliers (ADMM).",
            "opinion": "The proposed idea is a systematic weight pruning framework that formulates the weight pruning problem as a nonconvex optimization problem and utilizes ADMM for efficient solutions.",
            "innovation": "The primary difference of the proposed method is its systematic approach that guarantees weight reduction and faster convergence compared to heuristic, iterative methods."
        },
        "method": {
            "method name": "Systematic DNN Weight Pruning Framework",
            "method abbreviation": "SDWPF",
            "method definition": "The method is defined as a systematic approach to weight pruning in DNNs using the alternating direction method of multipliers, addressing the problem of weight reduction with guarantees.",
            "method description": "The core of the method involves formulating the weight pruning as a nonconvex optimization problem and solving it iteratively through ADMM.",
            "method steps": "1. Formulate the weight pruning problem as a nonconvex optimization problem. 2. Decompose the problem into two subproblems. 3. Solve one subproblem using stochastic gradient descent and the other analytically. 4. Iterate until convergence.",
            "principle": "This method is effective due to its ability to decompose complex nonconvex problems into simpler, solvable subproblems, ensuring systematic weight reduction."
        },
        "experiments": {
            "evaluation setting": "The experiments were conducted on the LeNet-5 model for the MNIST dataset and the AlexNet model for the ImageNet dataset, comparing results with prior work.",
            "evaluation method": "Performance was assessed based on weight reduction ratios and accuracy retention, measuring the effectiveness of the proposed method against baseline methods."
        },
        "conclusion": "The weight pruning results are promising, achieving 71.2 times weight reduction on LeNet-5 and 21 times on AlexNet without loss of accuracy, demonstrating the effectiveness of the proposed method.",
        "discussion": {
            "advantage": "The key advantages include guaranteed weight reduction ratios, fast convergence rates, and improved performance over previous heuristic methods.",
            "limitation": "The limitations may include challenges in scalability to larger networks or potential issues in specific configurations of DNNs.",
            "future work": "Future research could focus on enhancing scalability, exploring different network architectures, and refining the ADMM approach for broader applications."
        },
        "other info": []
    },
    "mount_outline": [
        {
            "section number": "1.1",
            "key information": "Weight pruning methods for deep neural networks (DNNs) have been investigated recently, but prior work in this area is mainly heuristic, iterative pruning, thereby lacking guarantees on the weight reduction ratio and convergence time."
        },
        {
            "section number": "2.3",
            "key information": "The problem addressed is the lack of systematic and guaranteed methods for weight pruning in deep neural networks, which affects the efficiency and effectiveness of DNNs."
        },
        {
            "section number": "3.1",
            "key information": "The proposed idea is a systematic weight pruning framework that formulates the weight pruning problem as a nonconvex optimization problem and utilizes ADMM for efficient solutions."
        },
        {
            "section number": "4.1",
            "key information": "Performance was assessed based on weight reduction ratios and accuracy retention, measuring the effectiveness of the proposed method against baseline methods."
        },
        {
            "section number": "5.3",
            "key information": "The weight pruning results are promising, achieving 71.2 times weight reduction on LeNet-5 and 21 times on AlexNet without loss of accuracy, demonstrating the effectiveness of the proposed method."
        },
        {
            "section number": "6.2",
            "key information": "The key advantages include guaranteed weight reduction ratios, fast convergence rates, and improved performance over previous heuristic methods."
        },
        {
            "section number": "6.3",
            "key information": "Future research could focus on enhancing scalability, exploring different network architectures, and refining the ADMM approach for broader applications."
        }
    ],
    "similarity_score": null,
    "image": null,
    "path": "/home/liudingyuan/code/SurveyX/code/SurveyX-main/outputs/t14/papers/A systematic DNN weight pruning framework using alternating direction method of multipliers.json"
}