{
    "from": null,
    "scholar_id": null,
    "detail_id": null,
    "title": "A unified paths perspective for pruning at initialization",
    "abstract": "A number of recent approaches have been proposed for pruning neural network parameters at initialization with the goal of reducing the size and computational burden of models while minimally affecting their training dynamics and generalization performance. While each of these approaches have some amount of well-founded motivation, a rigorous analysis of the effect of these pruning methods on network training dynamics and their formal relationship to each other has thus far received little attention. Leveraging recent theoretical approximations provided by the Neural Tangent Kernel, we unify a number of popular approaches for pruning at initialization under a single path-centric framework. We introduce the Path Kernel as the data-independent factor in a decomposition of the Neural Tangent Kernel and show the global structure of the Path Kernel can be computed efficiently. This Path Kernel decomposition separates the architectural effects from the data-dependent effects within the Neural Tangent Kernel, providing a means to predict the convergence dynamics of a network from its architecture alone. We analyze the use of this structure in approximating training and generalization performance of networks in the absence of data across a number of initialization pruning approaches. Observing the relationship between input data and paths and the relationship between the Path Kernel and its natural norm, we additionally propose two augmentations of the SynFlow algorithm for pruning at initialization.",
    "arxivid": "2101.10552v1",
    "bib_name": "Aunifiedpa62",
    "md_text": "# A unified paths perspective for pruning at initialization\n\n\nabstract\n\nA number of recent approaches have been proposed for pruning neural network parameters at initialization with the goal of reducing the size and computational burden of models while minimally affecting their training dynamics and generalization performance. While each of these approaches have some amount of well-founded motivation, a rigorous analysis of the effect of these pruning methods on network training dynamics and their formal relationship to each other has thus far received little attention. Leveraging recent theoretical approximations provided by the Neural Tangent Kernel, we unify a number of popular approaches for pruning at initialization under a single path-centric framework. We introduce the Path Kernel as the data-independent factor in a decomposition of the Neural Tangent Kernel and show the global structure of the Path Kernel can be computed efficiently. This Path Kernel decomposition separates the architectural effects from the data-dependent effects within the Neural Tangent Kernel, providing a means to predict the convergence dynamics of a network from its architecture alone. We analyze the use of this structure in approximating training and generalization performance of networks in the absence of data across a number of initialization pruning approaches. Observing the relationship between input data and paths and the relationship between the Path Kernel and its natural norm, we additionally propose two augmentations of the SynFlow algorithm for pruning at initialization.",
    "paper_type": "theory",
    "attri": {
        "background": "This paper addresses the issue of pruning neural network parameters at initialization to reduce model size and computational burden while maintaining training dynamics and generalization performance.",
        "problem": {
            "definition": "The lack of a rigorous analysis regarding the effects of various pruning methods on network training dynamics and their formal relationships.",
            "key obstacle": "Understanding the intricate relationships between different pruning methods and their impact on training dynamics."
        },
        "idea": {
            "intuition": "The idea was inspired by the need for a unified framework that can analyze different pruning methods systematically.",
            "opinion": "The proposed approach offers a single path-centric framework to understand and analyze initialization pruning methods.",
            "innovation": "The main difference compared to previous methods is the introduction of the Path Kernel, which allows for efficient computation of the global structure and separates architectural effects from data-dependent effects."
        },
        "Theory": {
            "perspective": "The perspective is centered around the Neural Tangent Kernel and its decomposition into a Path Kernel that captures architectural influences.",
            "opinion": "The view is that understanding the Path Kernel can lead to better predictions of network convergence dynamics based solely on architecture.",
            "proof": "The proof involves demonstrating the efficient computation of the Path Kernel and its relationship to the Neural Tangent Kernel."
        },
        "experiments": {
            "evaluation setting": "The experiments utilize various initialization pruning approaches and analyze their effects on training and generalization performance.",
            "evaluation method": "The evaluation involves approximating performance metrics using the Path Kernel structure in the absence of specific data."
        },
        "conclusion": "The paper concludes that the Path Kernel framework provides a robust means to analyze and predict the performance of pruned networks at initialization.",
        "discussion": {
            "advantage": "The advantages include a comprehensive understanding of pruning methods and the ability to predict network behavior based on architecture.",
            "limitation": "A limitation is that the analysis may not fully capture data-dependent effects in all scenarios.",
            "future work": "Future work could focus on further refining the Path Kernel approach and exploring its applications in more complex data scenarios."
        },
        "other info": []
    },
    "mount_outline": [
        {
            "section number": "1.1",
            "key information": "This paper addresses the issue of pruning neural network parameters at initialization to reduce model size and computational burden while maintaining training dynamics and generalization performance."
        },
        {
            "section number": "2.3",
            "key information": "The paper introduces the Path Kernel, which allows for efficient computation of the global structure and separates architectural effects from data-dependent effects."
        },
        {
            "section number": "3.2",
            "key information": "The proposed approach offers a single path-centric framework to understand and analyze initialization pruning methods."
        },
        {
            "section number": "4.1",
            "key information": "The paper highlights the lack of a rigorous analysis regarding the effects of various pruning methods on network training dynamics."
        },
        {
            "section number": "5.3",
            "key information": "The Path Kernel framework provides a robust means to analyze and predict the performance of pruned networks at initialization."
        },
        {
            "section number": "6.3",
            "key information": "Future work could focus on further refining the Path Kernel approach and exploring its applications in more complex data scenarios."
        }
    ],
    "similarity_score": null,
    "image": null,
    "path": "/home/liudingyuan/code/SurveyX/code/SurveyX-main/outputs/t14/papers/A unified paths perspective for pruning at initialization.json"
}