{
    "from": null,
    "scholar_id": null,
    "detail_id": null,
    "title": "A unified lottery ticket hypothesis for graph neural networks",
    "abstract": "With graphs rapidly growing in size and deeper graph neural networks (GNNs) emerging, the training and inference of GNNs become increasingly expensive. Existing network weight pruning algorithms cannot address the main space and computational bottleneck in GNNs, caused by the size and connectivity of the graph. To this end, this paper first presents a unified GNN sparsification (UGS) framework that simultaneously prunes the graph adjacency matrix and the model weights, for effectively accelerating GNN inference on large-scale graphs. Leveraging this new tool, we further generalize the recently popular lottery ticket hypothesis to GNNs for the first time, by defining a graph lottery ticket (GLT) as a pair of core sub-dataset and sparse sub-network, which can be jointly identified from the original GNN and the full dense graph by iteratively applying UGS. Like its counterpart in convolutional neural networks, GLT can be trained in isolation to match the performance of training with the full model and graph, and can be drawn from both randomly initialized and self-supervised pre-trained GNNs. Our proposal has been experimentally verified across various GNN architectures and diverse tasks, on both small-scale graph datasets (Cora, Citeseer and PubMed), and large-scale datasets from the challenging Open Graph Benchmark (OGB). Specifically, for node classification, our found GLTs achieve the same accuracies with 20%~98% MACs saving on small graphs and 25%~85% MACs saving on large ones. For link prediction, GLTs lead to 48%~97% and 70% MACs saving on small and large graph datasets, respectively, without compromising predictive performance. Codes available at https://github.com/VITA-Group/Unified-LTH-GNN.",
    "arxivid": "2102.06790v2",
    "bib_name": "Aunifiedlo97",
    "md_text": "# A unified lottery ticket hypothesis for graph neural networks\n\n\nabstract\n\nWith graphs rapidly growing in size and deeper graph neural networks (GNNs) emerging, the training and inference of GNNs become increasingly expensive. Existing network weight pruning algorithms cannot address the main space and computational bottleneck in GNNs, caused by the size and connectivity of the graph. To this end, this paper first presents a unified GNN sparsification (UGS) framework that simultaneously prunes the graph adjacency matrix and the model weights, for effectively accelerating GNN inference on large-scale graphs. Leveraging this new tool, we further generalize the recently popular lottery ticket hypothesis to GNNs for the first time, by defining a graph lottery ticket (GLT) as a pair of core sub-dataset and sparse sub-network, which can be jointly identified from the original GNN and the full dense graph by iteratively applying UGS. Like its counterpart in convolutional neural networks, GLT can be trained in isolation to match the performance of training with the full model and graph, and can be drawn from both randomly initialized and self-supervised pre-trained GNNs. Our proposal has been experimentally verified across various GNN architectures and diverse tasks, on both small-scale graph datasets (Cora, Citeseer and PubMed), and large-scale datasets from the challenging Open Graph Benchmark (OGB). Specifically, for node classification, our found GLTs achieve the same accuracies with 20%~98% MACs saving on small graphs and 25%~85% MACs saving on large ones. For link prediction, GLTs lead to 48%~97% and 70% MACs saving on small and large graph datasets, respectively, without compromising predictive performance. Codes available at https://github.com/VITA-Group/Unified-LTH-GNN.",
    "paper_type": "method",
    "attri": {
        "background": "This paper addresses the issue of expensive training and inference of graph neural networks (GNNs) due to the size and connectivity of graphs, highlighting the inadequacy of existing network weight pruning algorithms.",
        "problem": {
            "definition": "The problem is the inefficiency in training and inference of GNNs caused by their large size and complex graph structures.",
            "key obstacle": "The main difficulty lies in the inability of existing methods to effectively reduce the computational and spatial demands associated with GNNs."
        },
        "idea": {
            "intuition": "The idea is inspired by the need for a more efficient approach to GNNs that can handle large-scale graphs while maintaining performance.",
            "opinion": "The proposed idea introduces a unified GNN sparsification (UGS) framework that prunes both the graph adjacency matrix and model weights simultaneously.",
            "innovation": "The key innovation is the introduction of the graph lottery ticket (GLT) concept, which allows for the identification of effective sub-networks and datasets that can be trained independently, thereby enhancing efficiency."
        },
        "method": {
            "method name": "Unified GNN Sparsification (UGS)",
            "method abbreviation": "UGS",
            "method definition": "UGS is a framework that simultaneously prunes the graph adjacency matrix and the model weights to accelerate GNN inference on large-scale graphs.",
            "method description": "The core of the method involves iteratively applying UGS to identify a graph lottery ticket from the original GNN and full dense graph.",
            "method steps": "1. Apply UGS to prune the adjacency matrix and model weights. 2. Identify core sub-dataset and sparse sub-network (GLT). 3. Train the GLT in isolation to match full model performance.",
            "principle": "The method is effective because it reduces the computational load while maintaining the performance level of the full model and graph."
        },
        "experiments": {
            "evaluation setting": "The experiments were conducted on various GNN architectures and tasks across small-scale datasets (Cora, Citeseer, PubMed) and large-scale datasets from the Open Graph Benchmark (OGB).",
            "evaluation method": "Performance was assessed by measuring accuracy and MACs savings during node classification and link prediction tasks."
        },
        "conclusion": "The experiments demonstrated that the identified GLTs achieve comparable accuracies with significant reductions in MACs, validating the effectiveness of the proposed method.",
        "discussion": {
            "advantage": "The proposed approach stands out due to its ability to significantly reduce computational demands while maintaining model performance.",
            "limitation": "One limitation is the dependency on the specific structure of the graphs, which may affect the generalizability of the method.",
            "future work": "Future research could explore further optimizations in the sparsification process and apply the method to a wider range of graph types and applications."
        },
        "other info": {
            "code availability": "Codes available at https://github.com/VITA-Group/Unified-LTH-GNN"
        }
    },
    "mount_outline": [
        {
            "section number": "1.1",
            "key information": "The paper addresses the issue of expensive training and inference of graph neural networks (GNNs) due to the size and connectivity of graphs, highlighting the inadequacy of existing network weight pruning algorithms."
        },
        {
            "section number": "2.2",
            "key information": "The proposed method, Unified GNN Sparsification (UGS), is a framework that simultaneously prunes the graph adjacency matrix and model weights to accelerate GNN inference on large-scale graphs."
        },
        {
            "section number": "3.1",
            "key information": "The main difficulty lies in the inability of existing methods to effectively reduce the computational and spatial demands associated with GNNs."
        },
        {
            "section number": "4.1",
            "key information": "The experiments were conducted on various GNN architectures and tasks across small-scale datasets (Cora, Citeseer, PubMed) and large-scale datasets from the Open Graph Benchmark (OGB)."
        },
        {
            "section number": "5.1",
            "key information": "The identified graph lottery tickets (GLTs) achieve comparable accuracies with significant reductions in MACs, validating the effectiveness of the proposed method."
        },
        {
            "section number": "6.1",
            "key information": "Future research could explore further optimizations in the sparsification process and apply the method to a wider range of graph types and applications."
        }
    ],
    "similarity_score": null,
    "image": null,
    "path": "/home/liudingyuan/code/SurveyX/code/SurveyX-main/outputs/t14/papers/A unified lottery ticket hypothesis for graph neural networks.json"
}