{
    "from": null,
    "scholar_id": null,
    "detail_id": null,
    "title": "Advancing model pruning via bi-level optimization",
    "abstract": "The deployment constraints in practical applications necessitate the pruning of large-scale deep learning models, i.e., promoting their weight sparsity. As illustrated by the Lottery Ticket Hypothesis (LTH), pruning also has the potential of improving their generalization ability. At the core of LTH, iterative magnitude pruning (IMP) is the predominant pruning method to successfully find 'winning tickets'. Yet, the computation cost of IMP grows prohibitively as the targeted pruning ratio increases. To reduce the computation overhead, various efficient 'one-shot' pruning methods have been developed, but these schemes are usually unable to find winning tickets as good as IMP. This raises the question of how to close the gap between pruning accuracy and pruning efficiency? To tackle it, we pursue the algorithmic advancement of model pruning. Specifically, we formulate the pruning problem from a fresh and novel viewpoint, bi-level optimization (BLO). We show that the BLO interpretation provides a technically-grounded optimization base for an efficient implementation of the pruning-retraining learning paradigm used in IMP. We also show that the proposed bi-level optimization-oriented pruning method (termed BiP) is a special class of BLO problems with a bi-linear problem structure. By leveraging such bi-linearity, we theoretically show that BiP can be solved as easily as first-order optimization, thus inheriting the computation efficiency. Through extensive experiments on both structured and unstructured pruning with 5 model architectures and 4 data sets, we demonstrate that BiP can find better winning tickets than IMP in most cases, and is computationally as efficient as the one-shot pruning schemes, demonstrating 2-7 times speedup over IMP for the same level of model accuracy and sparsity.",
    "arxivid": "2210.04092v4",
    "bib_name": "Advancingm167",
    "md_text": "# Advancing model pruning via bi-level optimization\n\n\nabstract\n\nThe deployment constraints in practical applications necessitate the pruning of large-scale deep learning models, i.e., promoting their weight sparsity. As illustrated by the Lottery Ticket Hypothesis (LTH), pruning also has the potential of improving their generalization ability. At the core of LTH, iterative magnitude pruning (IMP) is the predominant pruning method to successfully find 'winning tickets'. Yet, the computation cost of IMP grows prohibitively as the targeted pruning ratio increases. To reduce the computation overhead, various efficient 'one-shot' pruning methods have been developed, but these schemes are usually unable to find winning tickets as good as IMP. This raises the question of how to close the gap between pruning accuracy and pruning efficiency? To tackle it, we pursue the algorithmic advancement of model pruning. Specifically, we formulate the pruning problem from a fresh and novel viewpoint, bi-level optimization (BLO). We show that the BLO interpretation provides a technically-grounded optimization base for an efficient implementation of the pruning-retraining learning paradigm used in IMP. We also show that the proposed bi-level optimization-oriented pruning method (termed BiP) is a special class of BLO problems with a bi-linear problem structure. By leveraging such bi-linearity, we theoretically show that BiP can be solved as easily as first-order optimization, thus inheriting the computation efficiency. Through extensive experiments on both structured and unstructured pruning with 5 model architectures and 4 data sets, we demonstrate that BiP can find better winning tickets than IMP in most cases, and is computationally as efficient as the one-shot pruning schemes, demonstrating 2-7 times speedup over IMP for the same level of model accuracy and sparsity.",
    "paper_type": "method",
    "attri": {
        "background": "The deployment constraints in practical applications necessitate the pruning of large-scale deep learning models to promote weight sparsity. Previous methods, particularly iterative magnitude pruning (IMP), have shown potential in improving generalization ability but suffer from high computational costs as the pruning ratio increases. Efficient 'one-shot' pruning methods have been developed, yet they often fail to achieve the same quality of winning tickets as IMP, highlighting the need for a new approach.",
        "problem": {
            "definition": "The problem addressed in this paper is how to effectively prune large-scale deep learning models to enhance weight sparsity while maintaining computational efficiency and model performance.",
            "key obstacle": "The main challenge is the high computational cost associated with iterative pruning methods like IMP, which limits their scalability and efficiency in practical applications."
        },
        "idea": {
            "intuition": "The idea is inspired by the need to reconcile the trade-off between pruning accuracy and efficiency by reinterpreting the pruning problem through bi-level optimization.",
            "opinion": "The proposed method, termed BiP, leverages bi-level optimization to efficiently implement the pruning-retraining paradigm used in IMP, aiming to find winning tickets that outperform existing methods.",
            "innovation": "The key innovation lies in the formulation of the pruning problem as a bi-level optimization problem, which allows for efficient computation akin to first-order optimization methods, thus improving upon traditional pruning techniques."
        },
        "method": {
            "method name": "Bi-level Optimization-oriented Pruning",
            "method abbreviation": "BiP",
            "method definition": "BiP is defined as a bi-level optimization approach that efficiently addresses the pruning of deep learning models by utilizing a bi-linear problem structure.",
            "method description": "BiP combines the advantages of bi-level optimization with pruning techniques to achieve efficient model sparsity without sacrificing performance.",
            "method steps": "1. Formulate the pruning problem as a bi-level optimization task. 2. Implement the pruning-retraining learning paradigm. 3. Solve the bi-level optimization problem using first-order optimization techniques.",
            "principle": "The effectiveness of BiP in solving the pruning problem is rooted in its bi-linear structure, which allows for efficient computation while maintaining the quality of the winning tickets."
        },
        "experiments": {
            "evaluation setting": "Extensive experiments were conducted on both structured and unstructured pruning across 5 model architectures and 4 datasets to evaluate the performance of BiP.",
            "evaluation method": "The performance of BiP was assessed by comparing its results against those of IMP and one-shot pruning methods, measuring model accuracy and computational efficiency."
        },
        "conclusion": "The experiments demonstrate that BiP can consistently find better winning tickets than IMP while being computationally as efficient as one-shot pruning schemes, achieving a speedup of 2-7 times over IMP for equivalent accuracy and sparsity levels.",
        "discussion": {
            "advantage": "The primary advantage of BiP is its ability to achieve high pruning accuracy with significantly reduced computational costs, making it a practical solution for deploying deep learning models.",
            "limitation": "One limitation of BiP may be its reliance on the specific bi-level optimization framework, which might not be applicable to all types of pruning scenarios or model architectures.",
            "future work": "Future research could explore further enhancements to the BiP method, including adaptations for different model architectures and the integration of additional optimization techniques to broaden its applicability."
        },
        "other info": []
    },
    "mount_outline": [
        {
            "section number": "1.1",
            "key information": "Pruning enhances weight sparsity in large-scale deep learning models, promoting model efficiency and performance."
        },
        {
            "section number": "2.3",
            "key information": "The proposed method, BiP, leverages bi-level optimization to efficiently implement the pruning-retraining paradigm, addressing the pruning problem."
        },
        {
            "section number": "3.2",
            "key information": "BiP represents a novel pruning approach that uses bi-level optimization to reconcile the trade-off between pruning accuracy and efficiency."
        },
        {
            "section number": "4.1",
            "key information": "The evaluation of BiP's performance was conducted by comparing it against iterative magnitude pruning (IMP) and one-shot pruning methods."
        },
        {
            "section number": "5.1",
            "key information": "BiP achieves high pruning accuracy with significantly reduced computational costs, addressing the trade-off between model size and accuracy."
        },
        {
            "section number": "6.1",
            "key information": "The primary advantage of BiP is its ability to efficiently prune models while maintaining performance, making it a practical solution for deployment."
        },
        {
            "section number": "6.3",
            "key information": "Future research could explore enhancements to the BiP method, including adaptations for different model architectures and additional optimization techniques."
        }
    ],
    "similarity_score": null,
    "image": null,
    "path": "/home/liudingyuan/code/SurveyX/code/SurveyX-main/outputs/t14/papers/Advancing model pruning via bi-level optimization.json"
}