{
    "from": null,
    "scholar_id": null,
    "detail_id": null,
    "title": "AI-generated content AIGC: A survey",
    "abstract": "To address the challenges of digital intelligence in the digital economy, artificial intelligence-generated content (AIGC) has emerged. AIGC uses artificial intelligence to assist or replace manual content generation by generating content based on user-inputted keywords or requirements. The development of large model algorithms has significantly strengthened the capabilities of AIGC, which makes AIGC products a promising generative tool and adds convenience to our lives. As an upstream technology, AIGC has unlimited potential to support different downstream applications. It is important to analyze AIGC's current capabilities and shortcomings to understand how it can be best utilized in future applications. Therefore, this paper provides an extensive overview of AIGC, covering its definition, essential conditions, cutting-edge capabilities, and advanced features. Moreover, it discusses the benefits of large-scale pre-trained models and the industrial chain of AIGC. Furthermore, the article explores the distinctions between auxiliary generation and automatic generation within AIGC, providing examples of text generation. The paper also examines the potential integration of AIGC with the Metaverse. Lastly, the article highlights existing issues and suggests some future directions for application.",
    "arxivid": "2304.06632v1",
    "bib_name": "AI-generat9",
    "md_text": "# AI-generated content AIGC: A survey\n\n\nabstract\n\nTo address the challenges of digital intelligence in the digital economy, artificial intelligence-generated content (AIGC) has emerged. AIGC uses artificial intelligence to assist or replace manual content generation by generating content based on user-inputted keywords or requirements. The development of large model algorithms has significantly strengthened the capabilities of AIGC, which makes AIGC products a promising generative tool and adds convenience to our lives. As an upstream technology, AIGC has unlimited potential to support different downstream applications. It is important to analyze AIGC's current capabilities and shortcomings to understand how it can be best utilized in future applications. Therefore, this paper provides an extensive overview of AIGC, covering its definition, essential conditions, cutting-edge capabilities, and advanced features. Moreover, it discusses the benefits of large-scale pre-trained models and the industrial chain of AIGC. Furthermore, the article explores the distinctions between auxiliary generation and automatic generation within AIGC, providing examples of text generation. The paper also examines the potential integration of AIGC with the Metaverse. Lastly, the article highlights existing issues and suggests some future directions for application.",
    "paper_type": "survey",
    "attri": {
        "background": {
            "purpose": "This survey aims to analyze the current capabilities and shortcomings of artificial intelligence-generated content (AIGC) in the context of the digital economy, addressing how it can be effectively utilized in future applications.",
            "scope": "The survey encompasses the definition, essential conditions, capabilities, and features of AIGC, while excluding detailed technical implementations and specific application case studies due to the focus on overarching themes and trends."
        },
        "problem": {
            "definition": "The core issue explored in this survey is the effectiveness and potential of AIGC as a tool for content generation in various digital applications.",
            "key obstacle": "The primary challenges faced by researchers include understanding the limitations of current AIGC technologies and the integration of AIGC with emerging platforms like the Metaverse."
        },
        "architecture": {
            "perspective": "The survey introduces a framework that categorizes AIGC into auxiliary generation and automatic generation, highlighting the distinctions and applications of each.",
            "fields/stages": "The survey organizes current research into stages based on the development of large model algorithms and their applications in content generation, emphasizing advancements in pre-trained models."
        },
        "conclusion": {
            "comparisions": "The survey compares various AIGC methods in terms of effectiveness and application, noting differences in approaches and outcomes across studies.",
            "results": "Key takeaways include the recognition of AIGC's potential as a generative tool and the importance of addressing its limitations for future advancements."
        },
        "discussion": {
            "advantage": "Current research has achieved significant advancements in AIGC capabilities, particularly through the development of large-scale pre-trained models that enhance content generation.",
            "limitation": "However, existing studies often fall short in addressing the specific challenges of integrating AIGC with new platforms and technologies.",
            "gaps": "Unanswered questions remain regarding the full potential of AIGC in various domains, particularly in its application within the Metaverse.",
            "future work": "Future research should focus on exploring the integration of AIGC with emerging technologies, as well as developing frameworks to address its limitations."
        },
        "other info": []
    },
    "mount_outline": [
        {
            "section number": "1.1",
            "key information": "The survey aims to analyze the current capabilities and shortcomings of artificial intelligence-generated content (AIGC) in the context of the digital economy, addressing how it can be effectively utilized in future applications."
        },
        {
            "section number": "1.2",
            "key information": "The survey encompasses the definition, essential conditions, capabilities, and features of AIGC, while excluding detailed technical implementations and specific application case studies due to the focus on overarching themes and trends."
        },
        {
            "section number": "2.1",
            "key information": "The survey introduces a framework that categorizes AIGC into auxiliary generation and automatic generation, highlighting the distinctions and applications of each."
        },
        {
            "section number": "2.2",
            "key information": "The survey organizes current research into stages based on the development of large model algorithms and their applications in content generation, emphasizing advancements in pre-trained models."
        },
        {
            "section number": "4.1",
            "key information": "The survey compares various AIGC methods in terms of effectiveness and application, noting differences in approaches and outcomes across studies."
        },
        {
            "section number": "5.1",
            "key information": "Key takeaways include the recognition of AIGC's potential as a generative tool and the importance of addressing its limitations for future advancements."
        },
        {
            "section number": "6.3",
            "key information": "Future research should focus on exploring the integration of AIGC with emerging technologies, as well as developing frameworks to address its limitations."
        }
    ],
    "similarity_score": null,
    "image": null,
    "path": "/home/liudingyuan/code/SurveyX/code/SurveyX-main/outputs/t14/papers/AI-generated content AIGC_ A survey.json"
}