{
    "from": null,
    "scholar_id": null,
    "detail_id": null,
    "title": "AMC: AutoML for model compression and acceleration on mobile devices",
    "abstract": "Model compression is an effective technique to efficiently deploy neural network models on mobile devices which have limited computation resources and tight power budgets. Conventional model compression techniques rely on hand-crafted features and require domain experts to explore the large design space trading off among model size, speed, and accuracy, which is usually sub-optimal and time-consuming. In this paper, we propose AutoML for Model Compression (AMC) which leverages reinforcement learning to efficiently sample the design space and can improve the model compression quality. We achieved state-of-the-art model compression results in a fully automated way without any human efforts. Under 4\\(\\times \\) FLOPs reduction, we achieved 2.7% better accuracy than the hand-crafted model compression method for VGG-16 on ImageNet. We applied this automated, push-the-button compression pipeline to MobileNet-V1 and achieved a speedup of 1.53\\(\\times \\) on the GPU (Titan Xp) and 1.95\\(\\times \\) on an Android phone (Google Pixel 1), with negligible loss of accuracy.",
    "arxivid": "1802.03494v4",
    "bib_name": "AMC:AutoML131",
    "md_text": "# AMC: AutoML for model compression and acceleration on mobile devices\n\n\nabstract\n\nModel compression is an effective technique to efficiently deploy neural network models on mobile devices which have limited computation resources and tight power budgets. Conventional model compression techniques rely on hand-crafted features and require domain experts to explore the large design space trading off among model size, speed, and accuracy, which is usually sub-optimal and time-consuming. In this paper, we propose AutoML for Model Compression (AMC) which leverages reinforcement learning to efficiently sample the design space and can improve the model compression quality. We achieved state-of-the-art model compression results in a fully automated way without any human efforts. Under 4\\(\\times \\) FLOPs reduction, we achieved 2.7% better accuracy than the hand-crafted model compression method for VGG-16 on ImageNet. We applied this automated, push-the-button compression pipeline to MobileNet-V1 and achieved a speedup of 1.53\\(\\times \\) on the GPU (Titan Xp) and 1.95\\(\\times \\) on an Android phone (Google Pixel 1), with negligible loss of accuracy.",
    "paper_type": "method",
    "attri": {
        "background": "This paper addresses the issue of efficiently deploying neural network models on mobile devices, which face limitations in computation resources and power budgets. Previous model compression techniques have relied on hand-crafted features, requiring significant input from domain experts to navigate a complex design space, leading to sub-optimal and time-consuming results.",
        "problem": {
            "definition": "The problem is the challenge of effectively compressing neural network models for deployment on mobile devices while maintaining a balance between model size, speed, and accuracy.",
            "key obstacle": "The core obstacle is the reliance on manual exploration of design space, which is inefficient and often results in suboptimal compression outcomes."
        },
        "idea": {
            "intuition": "The idea was inspired by the need for an automated approach to model compression that reduces the dependency on human expertise and manual tuning.",
            "opinion": "The proposed idea, AutoML for Model Compression (AMC), utilizes reinforcement learning to automate the sampling of the design space for model compression.",
            "innovation": "The primary innovation of AMC lies in its ability to achieve state-of-the-art model compression results in a fully automated manner, eliminating the need for human intervention."
        },
        "method": {
            "method name": "AutoML for Model Compression",
            "method abbreviation": "AMC",
            "method definition": "AMC is a method that employs reinforcement learning to efficiently explore the design space for model compression, optimizing the trade-offs between model size, speed, and accuracy.",
            "method description": "AMC automates the model compression process using reinforcement learning techniques to sample and optimize the design space.",
            "method steps": "1. Define the design space for model compression. 2. Utilize reinforcement learning to sample configurations. 3. Evaluate the sampled configurations for model performance. 4. Select the optimal configuration based on performance metrics.",
            "principle": "The method is effective because it leverages reinforcement learning to systematically explore and optimize the design space, leading to improved model compression quality without human bias."
        },
        "experiments": {
            "evaluation setting": "The experiments were conducted using VGG-16 on ImageNet and MobileNet-V1, with comparisons made against hand-crafted model compression methods. Evaluations were performed on a GPU (Titan Xp) and an Android phone (Google Pixel 1).",
            "evaluation method": "Performance was assessed by measuring the accuracy, model size, and speedup achieved through the model compression process, specifically looking at FLOPs reduction and accuracy retention."
        },
        "conclusion": "The experiments demonstrated that AMC achieves superior model compression results, with a 4\u00d7 reduction in FLOPs and a 2.7% accuracy improvement over hand-crafted methods for VGG-16, and significant speedups for MobileNet-V1 with negligible accuracy loss.",
        "discussion": {
            "advantage": "The key advantages of AMC include its fully automated approach, which significantly reduces the time and expertise required for model compression, and its ability to achieve state-of-the-art results.",
            "limitation": "One limitation of the method may be its dependence on the quality of the reinforcement learning algorithm and the initial design space defined, which could affect the outcomes.",
            "future work": "Future research could focus on refining the reinforcement learning techniques used in AMC and exploring its applicability to a wider range of neural network architectures and deployment scenarios."
        },
        "other info": []
    },
    "mount_outline": [
        {
            "section number": "1.1",
            "key information": "Pruning contributes to model efficiency and performance by automating model compression processes, which reduces the dependency on human expertise and manual tuning."
        },
        {
            "section number": "2.2",
            "key information": "The method AutoML for Model Compression (AMC) employs reinforcement learning to efficiently explore the design space for model compression, optimizing the trade-offs between model size, speed, and accuracy."
        },
        {
            "section number": "2.3",
            "key information": "AMC automates the model compression process by systematically sampling and optimizing the design space, leading to improved model compression quality."
        },
        {
            "section number": "4.1",
            "key information": "Performance was assessed by measuring the accuracy, model size, and speedup achieved through the model compression process, specifically evaluating FLOPs reduction and accuracy retention."
        },
        {
            "section number": "5.1",
            "key information": "The challenge of effectively compressing neural network models for deployment on mobile devices involves balancing model size, speed, and accuracy."
        },
        {
            "section number": "6.1",
            "key information": "The key advantages of AMC include its fully automated approach that significantly reduces the time and expertise required for model compression, achieving state-of-the-art results."
        },
        {
            "section number": "6.3",
            "key information": "Future research could focus on refining the reinforcement learning techniques used in AMC and exploring its applicability to a wider range of neural network architectures and deployment scenarios."
        }
    ],
    "similarity_score": null,
    "image": null,
    "path": "/home/liudingyuan/code/SurveyX/code/SurveyX-main/outputs/t14/papers/AMC_ AutoML for model compression and acceleration on mobile devices.json"
}