{
    "from": null,
    "scholar_id": null,
    "detail_id": null,
    "title": "An image is worth 16x16 words: Transformers for image recognition at scale",
    "abstract": "While the Transformer architecture has become the de-facto standard for natural language processing tasks, its applications to computer vision remain limited. In vision, attention is either applied in conjunction with convolutional networks, or used to replace certain components of convolutional networks while keeping their overall structure in place. We show that this reliance on CNNs is not necessary and a pure transformer applied directly to sequences of image patches can perform very well on image classification tasks. When pre-trained on large amounts of data and transferred to multiple mid-sized or small image recognition benchmarks (ImageNet, CIFAR-100, VTAB, etc.), Vision Transformer (ViT) attains excellent results compared to state-of-the-art convolutional networks while requiring substantially fewer computational resources to train.",
    "arxivid": "2010.11929v2",
    "bib_name": "Animageisw1",
    "md_text": "# An image is worth 16x16 words: Transformers for image recognition at scale\n\n\nabstract\n\nWhile the Transformer architecture has become the de-facto standard for natural language processing tasks, its applications to computer vision remain limited. In vision, attention is either applied in conjunction with convolutional networks, or used to replace certain components of convolutional networks while keeping their overall structure in place. We show that this reliance on CNNs is not necessary and a pure transformer applied directly to sequences of image patches can perform very well on image classification tasks. When pre-trained on large amounts of data and transferred to multiple mid-sized or small image recognition benchmarks (ImageNet, CIFAR-100, VTAB, etc.), Vision Transformer (ViT) attains excellent results compared to state-of-the-art convolutional networks while requiring substantially fewer computational resources to train.",
    "paper_type": "method",
    "attri": {
        "background": "This paper addresses the issue of limited applications of Transformer architecture in computer vision, contrasting with its success in natural language processing. Previous methods often rely on convolutional networks, necessitating a breakthrough to fully utilize Transformers for image classification.",
        "problem": {
            "definition": "The problem is the underutilization of Transformer models in image classification tasks, which have traditionally relied on convolutional neural networks (CNNs).",
            "key obstacle": "The core obstacle is the prevailing belief that CNNs are essential for effective image recognition, which hinders the exploration of pure Transformer architectures."
        },
        "idea": {
            "intuition": "The intuition behind the proposed idea stems from the observation that Transformers can directly process sequences of image patches, similar to how they handle sequences in text.",
            "opinion": "The proposed idea is to utilize a pure Transformer model, named Vision Transformer (ViT), for image classification, moving away from the reliance on CNNs.",
            "innovation": "The primary innovation lies in demonstrating that a pure Transformer can achieve competitive performance in image classification without the need for convolutional components, thereby reducing computational resource requirements."
        },
        "method": {
            "method name": "Vision Transformer",
            "method abbreviation": "ViT",
            "method definition": "ViT is a model that applies a pure Transformer architecture directly to sequences of image patches for the purpose of image classification.",
            "method description": "The core of the method involves treating images as sequences of patches and applying Transformer techniques to classify them.",
            "principle": "This method is effective because it leverages the self-attention mechanism of Transformers, allowing it to capture long-range dependencies in image data more efficiently than traditional CNNs."
        },
        "experiments": {
            "evaluation setting": "The experimental setup includes pre-training on large datasets and evaluating on mid-sized or small benchmarks such as ImageNet, CIFAR-100, and VTAB.",
            "evaluation method": "The performance of the Vision Transformer was assessed by comparing its results against state-of-the-art convolutional networks, focusing on accuracy and computational efficiency."
        },
        "conclusion": "The experiments demonstrate that the Vision Transformer achieves excellent results in image classification tasks while requiring significantly fewer computational resources compared to conventional CNNs, indicating its potential as a viable alternative in the field.",
        "discussion": {
            "advantage": "Key advantages of the proposed approach include improved performance on image classification tasks and reduced computational resource requirements compared to CNNs.",
            "limitation": "The limitations may include the need for large amounts of data for effective pre-training and potential challenges in adapting the model to specific tasks without sufficient data.",
            "future work": "Future research could explore further optimization of the Vision Transformer for various image recognition tasks and investigate its applicability in other domains beyond image classification."
        },
        "other info": []
    },
    "mount_outline": [
        {
            "section number": "2.1",
            "key information": "The problem is the underutilization of Transformer models in image classification tasks, which have traditionally relied on convolutional neural networks (CNNs)."
        },
        {
            "section number": "2.2",
            "key information": "The primary innovation lies in demonstrating that a pure Transformer can achieve competitive performance in image classification without the need for convolutional components, thereby reducing computational resource requirements."
        },
        {
            "section number": "3.1",
            "key information": "The proposed idea is to utilize a pure Transformer model, named Vision Transformer (ViT), for image classification, moving away from the reliance on CNNs."
        },
        {
            "section number": "4.1",
            "key information": "The performance of the Vision Transformer was assessed by comparing its results against state-of-the-art convolutional networks, focusing on accuracy and computational efficiency."
        },
        {
            "section number": "5.2",
            "key information": "Key advantages of the proposed approach include improved performance on image classification tasks and reduced computational resource requirements compared to CNNs."
        },
        {
            "section number": "6.1",
            "key information": "Future research could explore further optimization of the Vision Transformer for various image recognition tasks and investigate its applicability in other domains beyond image classification."
        }
    ],
    "similarity_score": null,
    "image": null,
    "path": "/home/liudingyuan/code/SurveyX/code/SurveyX-main/outputs/t14/papers/An image is worth 16x16 words_ Transformers for image recognition at scale.json"
}