{
    "from": null,
    "scholar_id": null,
    "detail_id": null,
    "title": "Are all layers created equal?",
    "abstract": "Understanding deep neural networks has been a major research objective in recent years with notable theoretical progress. A focal point of those studies stems from the success of excessively large networks which defy the classical wisdom of uniform convergence and learnability. We study empirically the layer-wise functional structure of overparameterized deep models. We provide evidence for the heterogeneous characteristic of layers. To do so, we introduce the notion of robustness to post-training re-initialization and re-randomization. We show that the layers can be categorized as either ``ambient'' or ``critical''. Resetting the ambient layers to their initial values has no negative consequence, and in many cases they barely change throughout training. On the contrary, resetting the critical layers completely destroys the predictor and the performance drops to chanceh. Our study provides further evidence that mere parameter counting or norm accounting is too coarse in studying generalization of deep models, and flatness or robustness analysis of the models needs to respect the network architectures.",
    "arxivid": "1902.01996v4",
    "bib_name": "Arealllaye153",
    "md_text": "# Are all layers created equal?\n\n\nabstract\n\nUnderstanding deep neural networks has been a major research objective in recent years with notable theoretical progress. A focal point of those studies stems from the success of excessively large networks which defy the classical wisdom of uniform convergence and learnability. We study empirically the layer-wise functional structure of overparameterized deep models. We provide evidence for the heterogeneous characteristic of layers. To do so, we introduce the notion of robustness to post-training re-initialization and re-randomization. We show that the layers can be categorized as either ``ambient'' or ``critical''. Resetting the ambient layers to their initial values has no negative consequence, and in many cases they barely change throughout training. On the contrary, resetting the critical layers completely destroys the predictor and the performance drops to chanceh. Our study provides further evidence that mere parameter counting or norm accounting is too coarse in studying generalization of deep models, and flatness or robustness analysis of the models needs to respect the network architectures.",
    "paper_type": "theory",
    "attri": {
        "background": "This paper addresses the issue of understanding deep neural networks, particularly the layer-wise functional structure of overparameterized deep models, amidst the challenges posed by classical theories of uniform convergence and learnability.",
        "problem": {
            "definition": "The problem is to understand the heterogeneous characteristics of layers in deep neural networks and their impact on model performance.",
            "key obstacle": "The main challenge is identifying which layers contribute positively to the performance of the model and which do not, particularly in the context of resetting layer weights."
        },
        "idea": {
            "intuition": "The idea was inspired by the observation that not all layers in a deep neural network behave uniformly during training.",
            "opinion": "The authors propose that layers can be classified into two categories: ambient and critical, based on their robustness to re-initialization.",
            "innovation": "The main difference compared to previous methods is the introduction of the robustness concept and the categorization of layers, which provides a nuanced understanding of layer functionality."
        },
        "Theory": {
            "perspective": "The theoretical perspective focuses on the functional roles of different layers in a neural network and how their characteristics affect learning and generalization.",
            "opinion": "The authors argue that traditional metrics like parameter counting are insufficient for analyzing model generalization and that a more detailed architectural consideration is necessary.",
            "proof": "The paper provides empirical evidence categorizing layers into ambient and critical types based on their behavior during post-training re-initialization."
        },
        "experiments": {
            "evaluation setting": "The evaluation involves testing various deep models to observe layer behavior under conditions of re-initialization and re-randomization.",
            "evaluation method": "The evaluation steps include resetting layers to their initial values and measuring the resulting performance drop, particularly focusing on the distinction between ambient and critical layers."
        },
        "conclusion": "The study concludes that understanding the heterogeneity of layer characteristics is crucial for improving the generalization of deep neural networks, as not all layers contribute equally to model performance.",
        "discussion": {
            "advantage": "The advantage of this paper lies in its novel approach to categorizing layers, which offers deeper insights into the workings of deep neural networks and informs better model design.",
            "limitation": "A limitation of the study is that it primarily focuses on empirical observations without a comprehensive theoretical framework that fully explains the observed phenomena.",
            "future work": "Future work could explore the implications of layer categorization on model architecture design and investigate methods to optimize layer configurations for improved performance."
        },
        "other info": []
    },
    "mount_outline": [
        {
            "section number": "1.1",
            "key information": "The problem is to understand the heterogeneous characteristics of layers in deep neural networks and their impact on model performance."
        },
        {
            "section number": "2.1",
            "key information": "The theoretical perspective focuses on the functional roles of different layers in a neural network and how their characteristics affect learning and generalization."
        },
        {
            "section number": "2.3",
            "key information": "The authors propose that layers can be classified into two categories: ambient and critical, based on their robustness to re-initialization."
        },
        {
            "section number": "4.1",
            "key information": "The authors argue that traditional metrics like parameter counting are insufficient for analyzing model generalization and that a more detailed architectural consideration is necessary."
        },
        {
            "section number": "5.3",
            "key information": "The study concludes that understanding the heterogeneity of layer characteristics is crucial for improving the generalization of deep neural networks, as not all layers contribute equally to model performance."
        },
        {
            "section number": "6.3",
            "key information": "Future work could explore the implications of layer categorization on model architecture design and investigate methods to optimize layer configurations for improved performance."
        }
    ],
    "similarity_score": null,
    "image": null,
    "path": "/home/liudingyuan/code/SurveyX/code/SurveyX-main/outputs/t14/papers/Are all layers created equal_.json"
}