{
    "from": null,
    "scholar_id": null,
    "detail_id": null,
    "title": "Are sixteen heads really better than one?",
    "abstract": "Attention is a powerful and ubiquitous mechanism for allowing neural models to focus on particular salient pieces of information by taking their weighted average when making predictions. In particular, multi-headed attention is a driving force behind many recent state-of-the-art NLP models such as Transformer-based MT models and BERT. These models apply multiple attention mechanisms in parallel, with each attention \"head\" potentially focusing on different parts of the input, which makes it possible to express sophisticated functions beyond the simple weighted average. In this paper we make the surprising observation that even if models have been trained using multiple heads, in practice, a large percentage of attention heads can be removed at test time without significantly impacting performance. In fact, some layers can even be reduced to a single head. We further examine greedy algorithms for pruning down models, and the potential speed, memory efficiency, and accuracy improvements obtainable therefrom. Finally, we analyze the results with respect to which parts of the model are more reliant on having multiple heads, and provide precursory evidence that training dynamics play a role in the gains provided by multi-head attention.",
    "arxivid": "1905.10650v3",
    "bib_name": "Aresixteen111",
    "md_text": "# Are sixteen heads really better than one?\n\n\nabstract\n\nAttention is a powerful and ubiquitous mechanism for allowing neural models to focus on particular salient pieces of information by taking their weighted average when making predictions. In particular, multi-headed attention is a driving force behind many recent state-of-the-art NLP models such as Transformer-based MT models and BERT. These models apply multiple attention mechanisms in parallel, with each attention \"head\" potentially focusing on different parts of the input, which makes it possible to express sophisticated functions beyond the simple weighted average. In this paper we make the surprising observation that even if models have been trained using multiple heads, in practice, a large percentage of attention heads can be removed at test time without significantly impacting performance. In fact, some layers can even be reduced to a single head. We further examine greedy algorithms for pruning down models, and the potential speed, memory efficiency, and accuracy improvements obtainable therefrom. Finally, we analyze the results with respect to which parts of the model are more reliant on having multiple heads, and provide precursory evidence that training dynamics play a role in the gains provided by multi-head attention.",
    "paper_type": "method",
    "attri": {
        "background": "This paper addresses the issue of the effectiveness of multi-headed attention mechanisms in neural models, particularly in the context of recent state-of-the-art NLP models. It highlights the surprising observation that many attention heads can be removed without significantly affecting model performance, suggesting a need for re-evaluation of the necessity of multiple heads in practice.",
        "problem": {
            "definition": "The problem defined in this paper is the redundancy of attention heads in multi-headed attention mechanisms, questioning whether having multiple heads is essential for maintaining performance in NLP tasks.",
            "key obstacle": "The core obstacle is the assumption that multiple attention heads are always necessary for optimal performance, which may lead to inefficient resource usage in terms of speed and memory."
        },
        "idea": {
            "intuition": "The intuition behind the proposed idea stems from the observation that many heads can be pruned without loss of accuracy, indicating that models may not fully utilize the capacity of multiple heads during inference.",
            "opinion": "The proposed idea suggests that models can be simplified by reducing the number of attention heads, potentially leading to improvements in efficiency without sacrificing performance.",
            "innovation": "The primary innovation is the introduction of a method for pruning attention heads based on their contribution to model performance, demonstrating that fewer heads can achieve similar results."
        },
        "method": {
            "method name": "Attention Head Pruning",
            "method abbreviation": "AHP",
            "method definition": "Attention Head Pruning is a technique that systematically removes less critical attention heads from a multi-headed attention mechanism to enhance model efficiency while maintaining performance.",
            "method description": "The method involves identifying and removing attention heads that contribute minimally to the overall model output, simplifying the architecture.",
            "method steps": "1. Train the model with multiple attention heads. 2. Evaluate the contribution of each head to the model's performance. 3. Prune heads that show minimal impact on results. 4. Test the pruned model to ensure performance remains acceptable.",
            "principle": "This method is effective because it leverages the observation that not all attention heads are equally important, allowing for a more efficient model without losing significant predictive power."
        },
        "experiments": {
            "evaluation setting": "The experiments were conducted on various NLP tasks using standard datasets, comparing the performance of models with full attention heads against pruned versions.",
            "evaluation method": "The evaluation method involved measuring performance metrics such as accuracy and speed before and after pruning, analyzing the impact of head removal on these metrics."
        },
        "conclusion": "The outcomes of the experiments indicate that significant reductions in the number of attention heads can be achieved without detrimental effects on model performance, suggesting that multi-headed attention may be less critical than previously thought.",
        "discussion": {
            "advantage": "The key advantage of the proposed approach is increased efficiency in terms of speed and memory usage, allowing for faster inference and reduced computational costs.",
            "limitation": "A limitation of the method is that it may not be universally applicable across all model architectures or tasks, as some models may inherently rely more on multiple heads.",
            "future work": "Future research could focus on refining pruning techniques, exploring the impact of training dynamics on attention head importance, and expanding the method's applicability to other model types."
        },
        "other info": []
    },
    "mount_outline": [
        {
            "section number": "2.2",
            "key information": "Attention Head Pruning is a technique that systematically removes less critical attention heads from a multi-headed attention mechanism to enhance model efficiency while maintaining performance."
        },
        {
            "section number": "2.3",
            "key information": "The problem defined in this paper is the redundancy of attention heads in multi-headed attention mechanisms, questioning whether having multiple heads is essential for maintaining performance in NLP tasks."
        },
        {
            "section number": "3.1",
            "key information": "The intuition behind the proposed idea stems from the observation that many heads can be pruned without loss of accuracy, indicating that models may not fully utilize the capacity of multiple heads during inference."
        },
        {
            "section number": "4.1",
            "key information": "The evaluation method involved measuring performance metrics such as accuracy and speed before and after pruning, analyzing the impact of head removal on these metrics."
        },
        {
            "section number": "5.1",
            "key information": "The key advantage of the proposed approach is increased efficiency in terms of speed and memory usage, allowing for faster inference and reduced computational costs."
        },
        {
            "section number": "6.2",
            "key information": "A limitation of the method is that it may not be universally applicable across all model architectures or tasks, as some models may inherently rely more on multiple heads."
        }
    ],
    "similarity_score": null,
    "image": null,
    "path": "/home/liudingyuan/code/SurveyX/code/SurveyX-main/outputs/t14/papers/Are sixteen heads really better than one_.json"
}