{
    "from": null,
    "scholar_id": null,
    "detail_id": null,
    "title": "Attention is all you need",
    "abstract": "Beyond the success story of pre-trained language models (PrLMs) in recent natural language processing, they are susceptible to over-fitting due to unusual large model size. To this end, dropout serves as a therapy. However, existing methods like random-based, knowledge-based and search-based dropout are more general but less effective onto self-attention based models, which are broadly chosen as the fundamental architecture of PrLMs. In this paper, we propose a novel dropout method named AttendOut to let self-attention empowered PrLMs capable of more robust task-specific tuning. We demonstrate that state-of-the-art models with elaborate training design may achieve much stronger results. We verify the universality of our approach on extensive natural language processing tasks.",
    "arxivid": "1706.03762v7",
    "bib_name": "Attentioni54",
    "md_text": "# Attention is all you need\n\n\nabstract\n\nBeyond the success story of pre-trained language models (PrLMs) in recent natural language processing, they are susceptible to over-fitting due to unusual large model size. To this end, dropout serves as a therapy. However, existing methods like random-based, knowledge-based and search-based dropout are more general but less effective onto self-attention based models, which are broadly chosen as the fundamental architecture of PrLMs. In this paper, we propose a novel dropout method named AttendOut to let self-attention empowered PrLMs capable of more robust task-specific tuning. We demonstrate that state-of-the-art models with elaborate training design may achieve much stronger results. We verify the universality of our approach on extensive natural language processing tasks.",
    "paper_type": "method",
    "attri": {
        "background": "This paper addresses the issue of over-fitting in pre-trained language models (PrLMs) due to their unusually large model sizes, highlighting the ineffectiveness of existing dropout methods like random-based, knowledge-based, and search-based dropout in the context of self-attention based models.",
        "problem": {
            "definition": "The problem is the susceptibility of PrLMs to over-fitting during task-specific tuning, which hinders their performance despite their large capacity.",
            "key obstacle": "The core obstacle is that existing dropout techniques are not effective for self-attention mechanisms, which are commonly used in PrLM architectures."
        },
        "idea": {
            "intuition": "The idea was inspired by the need for a more effective dropout method that specifically caters to the unique characteristics of self-attention models in PrLMs.",
            "opinion": "The proposed idea, AttendOut, is a novel dropout method designed to enhance the robustness of self-attention empowered PrLMs during task-specific tuning.",
            "innovation": "The primary innovation of AttendOut lies in its tailored approach to dropout, which significantly improves the performance of self-attention based models compared to existing general methods."
        },
        "method": {
            "method name": "AttendOut",
            "method abbreviation": "AO",
            "method definition": "AttendOut is a dropout method specifically designed for self-attention based models, aimed at reducing over-fitting during task-specific tuning.",
            "method description": "AttendOut enhances the training of self-attention models by applying a specialized dropout technique that improves robustness.",
            "method steps": "1. Identify self-attention layers in the model. 2. Apply AttendOut dropout during training. 3. Fine-tune the model on task-specific datasets.",
            "principle": "The effectiveness of AttendOut is based on its ability to adaptively modify the dropout process in a way that aligns with the self-attention mechanism, thereby mitigating over-fitting."
        },
        "experiments": {
            "evaluation setting": "The experiments were conducted on various natural language processing tasks using state-of-the-art models to compare performance against baseline methods.",
            "evaluation method": "Performance was assessed by measuring the accuracy and robustness of models trained with AttendOut against those trained with traditional dropout methods."
        },
        "conclusion": "The results indicate that AttendOut significantly improves the performance of self-attention based PrLMs, demonstrating its effectiveness and universal applicability across multiple NLP tasks.",
        "discussion": {
            "advantage": "The key advantage of AttendOut is its tailored approach to dropout, which enhances the robustness of self-attention models, leading to superior task performance.",
            "limitation": "A limitation of the method may include its dependency on the specific architecture of self-attention models, which may not generalize to all types of models.",
            "future work": "Future research could explore further refinements of AttendOut and its application to other model architectures beyond self-attention."
        },
        "other info": []
    },
    "mount_outline": [
        {
            "section number": "1.1",
            "key information": "The paper addresses the issue of over-fitting in pre-trained language models (PrLMs) due to their unusually large model sizes, highlighting the importance of effective pruning techniques in enhancing model efficiency and performance."
        },
        {
            "section number": "2.1",
            "key information": "The paper discusses self-attention based models in the context of deep neural networks, explaining their role in modern AI and how they are susceptible to over-fitting during task-specific tuning."
        },
        {
            "section number": "2.2",
            "key information": "The proposed method, AttendOut, is a novel dropout method designed to enhance robustness in self-attention based PrLMs, contributing to model compression and optimization."
        },
        {
            "section number": "3.1",
            "key information": "The paper introduces a tailored dropout method, AttendOut, which specifically addresses the unique characteristics of self-attention models, differentiating it from traditional structured and unstructured pruning techniques."
        },
        {
            "section number": "4.1",
            "key information": "The effectiveness of AttendOut is evaluated by measuring the accuracy and robustness of models trained with this method compared to those trained with traditional dropout methods, providing criteria for evaluation of pruning techniques."
        },
        {
            "section number": "5.1",
            "key information": "The paper analyzes the trade-offs between reducing over-fitting through the AttendOut method and maintaining model accuracy in self-attention based PrLMs."
        },
        {
            "section number": "6.1",
            "key information": "The key advantage of AttendOut lies in its tailored approach to dropout, which enhances the robustness of self-attention models, suggesting best practices in neural network pruning."
        },
        {
            "section number": "6.3",
            "key information": "Future research could explore further refinements of AttendOut and its application to other model architectures beyond self-attention, identifying ongoing challenges in neural network pruning."
        }
    ],
    "similarity_score": null,
    "image": null,
    "path": "/home/liudingyuan/code/SurveyX/code/SurveyX-main/outputs/t14/papers/Attention is all you need.json"
}