{
    "from": null,
    "scholar_id": null,
    "detail_id": null,
    "title": "Auto-train-once: Controller network guided automatic network pruning from scratch",
    "abstract": "Current techniques for deep neural network (DNN) pruning often involve intricate multi-step processes that re-quire domain-specific expertise, making their widespread adoption challenging. To address the limitation, the Only-Train-Once (OTO) and OTOv2 are proposed to eliminate the need for additional fine-tuning steps by directly training and compressing a general DNN from scratch. Never-theless, the static design of optimizers (in OTO) can lead to convergence issues of local optima. In this paper, we proposed the Auto-Train-Once (A TO), an innovative net-work pruning algorithm designed to automatically reduce the computational and storage costs of DNNs. During the model training phase, our approach not only trains the tar-get model but also leverages a controller network as an ar-chitecture generator to guide the learning of target model weights. Furthermore, we developed a novel stochastic gradient algorithm that enhances the coordination between model training and controller network training, thereby im-proving pruning performance. We provide a comprehen-sive convergence analysis as well as extensive experiments, and the results show that our approach achieves state-of-the-art performance across various model architectures (including ResNet18, ResNet34, ResNet50, ResNet56, and MobileNetv2) on standard benchmark datasets (CIFAR-10, CIFAR-100, and ImageNet). The code is available at https: 11 g i thub. comlxidon gwul Auto Train Once.",
    "arxivid": "2403.14729v1",
    "bib_name": "Auto-train190",
    "md_text": "# Auto-train-once: Controller network guided automatic network pruning from scratch\n\n\nabstract\n\nCurrent techniques for deep neural network (DNN) pruning often involve intricate multi-step processes that re-quire domain-specific expertise, making their widespread adoption challenging. To address the limitation, the Only-Train-Once (OTO) and OTOv2 are proposed to eliminate the need for additional fine-tuning steps by directly training and compressing a general DNN from scratch. Never-theless, the static design of optimizers (in OTO) can lead to convergence issues of local optima. In this paper, we proposed the Auto-Train-Once (A TO), an innovative net-work pruning algorithm designed to automatically reduce the computational and storage costs of DNNs. During the model training phase, our approach not only trains the tar-get model but also leverages a controller network as an ar-chitecture generator to guide the learning of target model weights. Furthermore, we developed a novel stochastic gradient algorithm that enhances the coordination between model training and controller network training, thereby im-proving pruning performance. We provide a comprehen-sive convergence analysis as well as extensive experiments, and the results show that our approach achieves state-of-the-art performance across various model architectures (including ResNet18, ResNet34, ResNet50, ResNet56, and MobileNetv2) on standard benchmark datasets (CIFAR-10, CIFAR-100, and ImageNet). The code is available at https: 11 g i thub. comlxidon gwul Auto Train Once.",
    "paper_type": "method",
    "attri": {
        "background": "Current techniques for deep neural network (DNN) pruning often involve intricate multi-step processes that require domain-specific expertise, making their widespread adoption challenging. To address this limitation, the Only-Train-Once (OTO) and OTOv2 methods were proposed to eliminate the need for additional fine-tuning steps by directly training and compressing a general DNN from scratch. However, the static design of optimizers in OTO can lead to convergence issues of local optima.",
        "problem": {
            "definition": "The problem addressed in this paper is the challenge of effectively pruning deep neural networks without the need for multi-step processes or fine-tuning, which complicate adoption.",
            "key obstacle": "The main obstacle is the convergence issues associated with static optimizers in existing methods, which can prevent effective pruning and optimization of DNNs."
        },
        "idea": {
            "intuition": "The proposed idea is inspired by the need for a more automated and efficient approach to DNN pruning that minimizes the reliance on expert knowledge and complex processes.",
            "opinion": "The Auto-Train-Once (ATO) algorithm is proposed as a solution that integrates a controller network to guide the learning process of model weights during training, facilitating more effective pruning.",
            "innovation": "The primary innovation of ATO lies in its use of a controller network as an architecture generator and the development of a novel stochastic gradient algorithm that enhances the coordination between the training of the target model and the controller network."
        },
        "method": {
            "method name": "Auto-Train-Once",
            "method abbreviation": "ATO",
            "method definition": "ATO is an automatic network pruning algorithm that trains a deep neural network from scratch while utilizing a controller network to guide the optimization of model weights.",
            "method description": "The core of ATO involves simultaneous training of the target DNN and a controller network to optimize pruning performance.",
            "method steps": "1. Initialize the target model and controller network. 2. Train the target model while optimizing the controller network. 3. Apply pruning based on the guidance from the controller network. 4. Evaluate and refine the model performance.",
            "principle": "The effectiveness of ATO in solving the pruning problem is supported by the novel stochastic gradient algorithm, which improves the interaction between model training and controller network training, leading to better convergence and performance."
        },
        "experiments": {
            "evaluation setting": "Extensive experiments were conducted on various model architectures including ResNet18, ResNet34, ResNet50, ResNet56, and MobileNetv2 using standard benchmark datasets such as CIFAR-10, CIFAR-100, and ImageNet.",
            "evaluation method": "The performance of ATO was assessed through comprehensive convergence analysis and comparison with state-of-the-art methods on the specified datasets."
        },
        "conclusion": "The results demonstrate that the Auto-Train-Once method achieves state-of-the-art performance in DNN pruning, effectively reducing computational and storage costs while improving convergence.",
        "discussion": {
            "advantage": "Key advantages of ATO include its ability to eliminate the need for multi-step fine-tuning processes and its integration of a controller network that enhances pruning effectiveness.",
            "limitation": "One limitation of the method may include its dependency on the design and performance of the controller network, which could affect overall pruning results.",
            "future work": "Future research could explore enhancements to the controller network's design, as well as applications of ATO to more complex DNN architectures and tasks."
        },
        "other info": []
    },
    "mount_outline": [
        {
            "section number": "1.1",
            "key information": "Pruning is essential for enhancing model efficiency and performance, as it reduces the complexity of deep neural networks while maintaining accuracy."
        },
        {
            "section number": "2.3",
            "key information": "The Auto-Train-Once (ATO) algorithm is an automatic network pruning algorithm that trains a deep neural network from scratch while utilizing a controller network to guide the optimization of model weights."
        },
        {
            "section number": "3.2",
            "key information": "The proposed ATO method integrates a controller network as an architecture generator, which represents a novel approach to pruning techniques."
        },
        {
            "section number": "4.3",
            "key information": "The evaluation of ATO demonstrated state-of-the-art performance in DNN pruning, effectively reducing computational and storage costs while improving convergence."
        },
        {
            "section number": "5.1",
            "key information": "ATO eliminates the need for multi-step fine-tuning processes, balancing the reduction of model size with the maintenance of accuracy."
        },
        {
            "section number": "6.1",
            "key information": "Key advantages of ATO include its ability to automate the pruning process and enhance pruning effectiveness through the integration of a controller network."
        },
        {
            "section number": "6.3",
            "key information": "Future research could explore enhancements to the controller network's design, as well as applications of ATO to more complex DNN architectures and tasks."
        }
    ],
    "similarity_score": null,
    "image": null,
    "path": "/home/liudingyuan/code/SurveyX/code/SurveyX-main/outputs/t14/papers/Auto-train-once_ Controller network guided automatic network pruning from scratch.json"
}