{
    "from": null,
    "scholar_id": null,
    "detail_id": null,
    "title": "BERT Busters: Outlier dimensions that disrupt transformers",
    "abstract": "Multiple studies have shown that Transformers are remarkably robust to pruning. Contrary to this received wisdom, we demonstrate that pre-trained Transformer encoders are surprisingly fragile to the removal of a very small number of features in the layer outputs (<0.0001% of model weights). In case of BERT and other pre-trained encoder Transformers, the affected component is the scaling factors and biases in the LayerNorm. The outliers are high-magnitude normalization parameters that emerge early in pre-training and show up consistently in the same dimensional position throughout the model. We show that disabling them significantly degrades both the MLM loss and the downstream task performance. This effect is observed across several BERT-family models and other popular pre-trained Transformer architectures, including BART, XLNet and ELECTRA; we also show a similar effect in GPT-2.",
    "arxivid": "2105.06990v2",
    "bib_name": "BERTBuster143",
    "md_text": "# BERT Busters: Outlier dimensions that disrupt transformers\n\n\nabstract\n\nMultiple studies have shown that Transformers are remarkably robust to pruning. Contrary to this received wisdom, we demonstrate that pre-trained Transformer encoders are surprisingly fragile to the removal of a very small number of features in the layer outputs (<0.0001% of model weights). In case of BERT and other pre-trained encoder Transformers, the affected component is the scaling factors and biases in the LayerNorm. The outliers are high-magnitude normalization parameters that emerge early in pre-training and show up consistently in the same dimensional position throughout the model. We show that disabling them significantly degrades both the MLM loss and the downstream task performance. This effect is observed across several BERT-family models and other popular pre-trained Transformer architectures, including BART, XLNet and ELECTRA; we also show a similar effect in GPT-2.",
    "paper_type": "theory",
    "attri": {
        "background": "This paper addresses the issue of robustness in Transformer models, particularly focusing on the unexpected fragility of pre-trained Transformer encoders when subjected to feature removal.",
        "problem": {
            "definition": "The problem is the vulnerability of pre-trained Transformer models, specifically BERT, to the removal of a small number of features in the layer outputs, which are critical for model performance.",
            "key obstacle": "The main difficulty lies in identifying and understanding which specific features, particularly the scaling factors and biases in LayerNorm, are essential for maintaining model robustness."
        },
        "idea": {
            "intuition": "The idea was inspired by observations of the effects of pruning on model performance, particularly the unexpected fragility of certain features.",
            "opinion": "The core opinion is that not all features in Transformer models contribute equally to their performance, with some being critical outliers.",
            "innovation": "The primary improvement over previous methods is the identification of high-magnitude normalization parameters that consistently disrupt model performance when removed, highlighting a previously overlooked aspect of Transformer architecture."
        },
        "Theory": {
            "perspective": "The perspective of the theory focuses on the significance of LayerNorm parameters in Transformer models and their role in model stability.",
            "opinion": "The view is that the scaling factors and biases in LayerNorm are not just auxiliary components but are crucial for the operational integrity of the models.",
            "proof": "The proof is derived from empirical evidence showing that disabling these critical parameters leads to significant degradation in both masked language modeling loss and performance on downstream tasks."
        },
        "experiments": {
            "evaluation setting": "The evaluation involved several BERT-family models and other pre-trained Transformer architectures, including BART, XLNet, and ELECTRA, using standard datasets for masked language modeling and downstream tasks.",
            "evaluation method": "The specific evaluation steps included systematically removing the identified outlier dimensions and measuring the impact on model performance metrics."
        },
        "conclusion": "The conclusion drawn from the experiments is that pre-trained Transformer models exhibit significant fragility to the removal of certain critical features, which challenges the prevailing belief in their robustness.",
        "discussion": {
            "advantage": "The advantages of this paper include a novel insight into the importance of specific features in Transformer models, which could inform better model design and pruning strategies.",
            "limitation": "A limitation of this study is that it primarily focuses on a narrow aspect of model architecture and may not generalize to all Transformer-based models.",
            "future work": "Future work could explore the implications of these findings on model training and architecture design, as well as investigate other potential critical features across different model families."
        },
        "other info": []
    },
    "mount_outline": [
        {
            "section number": "1.1",
            "key information": "The paper addresses the issue of robustness in Transformer models, highlighting the unexpected fragility of pre-trained Transformer encoders when subjected to feature removal."
        },
        {
            "section number": "2.2",
            "key information": "The paper discusses the vulnerability of pre-trained Transformer models, specifically BERT, to the removal of critical features in the layer outputs, which are essential for model performance."
        },
        {
            "section number": "3.1",
            "key information": "The core opinion of the paper is that not all features in Transformer models contribute equally to their performance, with some features being critical outliers."
        },
        {
            "section number": "4.1",
            "key information": "The evaluation involved several BERT-family models and other pre-trained Transformer architectures, using standard datasets for masked language modeling and downstream tasks."
        },
        {
            "section number": "5.3",
            "key information": "The paper provides empirical evidence showing that disabling critical LayerNorm parameters leads to significant degradation in both masked language modeling loss and performance on downstream tasks."
        },
        {
            "section number": "6.1",
            "key information": "The advantages of this paper include a novel insight into the importance of specific features in Transformer models, which could inform better model design and pruning strategies."
        },
        {
            "section number": "6.3",
            "key information": "Future work could explore the implications of findings on model training and architecture design, as well as investigate other potential critical features across different model families."
        }
    ],
    "similarity_score": null,
    "image": null,
    "path": "/home/liudingyuan/code/SurveyX/code/SurveyX-main/outputs/t14/papers/BERT Busters_ Outlier dimensions that disrupt transformers.json"
}