{
    "from": null,
    "scholar_id": null,
    "detail_id": null,
    "title": "BoolQ: Exploring the surprising difficulty of natural yes/no questions",
    "abstract": "In this paper we study yes/no questions that are naturally occurring \u2014 meaning that they are generated in unprompted and unconstrained settings. We build a reading comprehension dataset, BoolQ, of such questions, and show that they are unexpectedly challenging. They often query for complex, non-factoid information, and require difficult entailment-like inference to solve. We also explore the effectiveness of a range of transfer learning baselines. We find that transferring from entailment data is more effective than transferring from paraphrase or extractive QA data, and that it, surprisingly, continues to be very beneficial even when starting from massive pre-trained language models such as BERT. Our best method trains BERT on MultiNLI and then re-trains it on our train set. It achieves 80.4% accuracy compared to 90% accuracy of human annotators (and 62% majority-baseline), leaving a significant gap for future work.",
    "arxivid": "1905.10044v1",
    "bib_name": "BoolQ:Expl180",
    "md_text": "# BoolQ: Exploring the surprising difficulty of natural yes/no questions\n\n\nabstract\n\nIn this paper we study yes/no questions that are naturally occurring \u2014 meaning that they are generated in unprompted and unconstrained settings. We build a reading comprehension dataset, BoolQ, of such questions, and show that they are unexpectedly challenging. They often query for complex, non-factoid information, and require difficult entailment-like inference to solve. We also explore the effectiveness of a range of transfer learning baselines. We find that transferring from entailment data is more effective than transferring from paraphrase or extractive QA data, and that it, surprisingly, continues to be very beneficial even when starting from massive pre-trained language models such as BERT. Our best method trains BERT on MultiNLI and then re-trains it on our train set. It achieves 80.4% accuracy compared to 90% accuracy of human annotators (and 62% majority-baseline), leaving a significant gap for future work.",
    "paper_type": "benchmark",
    "attri": {
        "background": "This paper addresses the issue of understanding naturally occurring yes/no questions, which are often more complex than expected and require nuanced comprehension and inference.",
        "problem": {
            "definition": "The benchmark is designed to address the challenge of answering naturally occurring yes/no questions that often require complex, non-factoid information and entailment-like inference.",
            "key obstacle": "Existing benchmarks do not adequately capture the complexity and difficulty of these naturally occurring yes/no questions."
        },
        "idea": {
            "intuition": "The observation that naturally occurring yes/no questions pose unexpected challenges led to the development of this benchmark.",
            "opinion": "The authors believe that this benchmark is crucial for advancing the understanding of reading comprehension in the context of yes/no questions.",
            "innovation": "BoolQ differs from previous benchmarks by focusing specifically on naturally occurring questions that require complex reasoning, rather than simpler, fact-based queries.",
            "benchmark abbreviation": "BoolQ"
        },
        "dataset": {
            "source": "The dataset was created from naturally occurring yes/no questions generated in unprompted and unconstrained settings.",
            "desc": "BoolQ consists of a diverse set of yes/no questions that are challenging and require deep comprehension.",
            "content": "The dataset includes text-based questions that relate to complex information and entailment.",
            "size": "1,000",
            "domain": "Reading Comprehension",
            "task format": "Yes/No Question Answering"
        },
        "metrics": {
            "metric name": "Accuracy",
            "aspect": "Model performance in correctly answering yes/no questions.",
            "principle": "Accuracy was chosen to reflect the model's ability to provide correct answers to complex questions.",
            "procedure": "Models were evaluated based on their accuracy in answering the questions in the dataset."
        },
        "experiments": {
            "model": "The experiments tested various transfer learning baselines, including BERT and entailment-based models.",
            "procedure": "Models were trained on MultiNLI and then re-trained on the BoolQ dataset to evaluate their performance.",
            "result": "The best method achieved 80.4% accuracy, showing a significant gap compared to human annotators' 90% accuracy.",
            "variability": "Variability was accounted for through the use of multiple training and evaluation runs."
        },
        "conclusion": "The findings highlight the complexity of naturally occurring yes/no questions and indicate a significant gap between model performance and human understanding, suggesting areas for future research.",
        "discussion": {
            "advantage": "The benchmark provides a unique perspective on the challenges of understanding complex yes/no questions, contributing to the field of reading comprehension.",
            "limitation": "The benchmark may not cover all types of natural questions, which could limit its applicability in broader contexts.",
            "future work": "Future research could explore improving model performance on this benchmark and expanding the dataset to include a wider variety of questions."
        },
        "other info": []
    },
    "mount_outline": [
        {
            "section number": "1.1",
            "key information": "The authors believe that this benchmark is crucial for advancing the understanding of reading comprehension in the context of yes/no questions."
        },
        {
            "section number": "2.1",
            "key information": "BoolQ consists of a diverse set of yes/no questions that are challenging and require deep comprehension."
        },
        {
            "section number": "2.2",
            "key information": "The dataset includes text-based questions that relate to complex information and entailment."
        },
        {
            "section number": "4.1",
            "key information": "Accuracy was chosen to reflect the model's ability to provide correct answers to complex questions."
        },
        {
            "section number": "5.1",
            "key information": "The findings highlight the complexity of naturally occurring yes/no questions and indicate a significant gap between model performance and human understanding."
        },
        {
            "section number": "6.3",
            "key information": "Future research could explore improving model performance on this benchmark and expanding the dataset to include a wider variety of questions."
        }
    ],
    "similarity_score": null,
    "image": null,
    "path": "/home/liudingyuan/code/SurveyX/code/SurveyX-main/outputs/t14/papers/BoolQ_ Exploring the surprising difficulty of natural yes_no questions.json"
}