{
    "from": null,
    "scholar_id": null,
    "detail_id": null,
    "title": "Channel gating neural networks",
    "abstract": "This paper introduces channel gating, a dynamic, fine-grained, and hardware-efficient pruning scheme to reduce the computation cost for convolutional neural networks (CNNs). Channel gating identifies regions in the features that contribute less to the classification result, and skips the computation on a subset of the input channels for these ineffective regions. Unlike static network pruning, channel gating optimizes CNN inference at run-time by exploiting input-specific characteristics, which allows substantially reducing the compute cost with almost no accuracy loss. We experimentally show that applying channel gating in state-of-the-art networks achieves 2.7-8.0$\\times$ reduction in floating-point operations (FLOPs) and 2.0-4.4$\\times$ reduction in off-chip memory accesses with a minimal accuracy loss on CIFAR-10. Combining our method with knowledge distillation reduces the compute cost of ResNet-18 by 2.6$\\times$ without accuracy drop on ImageNet. We further demonstrate that channel gating can be realized in hardware efficiently. Our approach exhibits sparsity patterns that are well-suited to dense systolic arrays with minimal additional hardware. We have designed an accelerator for channel gating networks, which can be implemented using either FPGAs or ASICs. Running a quantized ResNet-18 model for ImageNet, our accelerator achieves an encouraging speedup of 2.4$\\times$ on average, with a theoretical FLOP reduction of 2.8$\\times$.",
    "arxivid": "1805.12549v2",
    "bib_name": "Channelgat115",
    "md_text": "# Channel gating neural networks\n\n\nabstract\n\nThis paper introduces channel gating, a dynamic, fine-grained, and hardware-efficient pruning scheme to reduce the computation cost for convolutional neural networks (CNNs). Channel gating identifies regions in the features that contribute less to the classification result, and skips the computation on a subset of the input channels for these ineffective regions. Unlike static network pruning, channel gating optimizes CNN inference at run-time by exploiting input-specific characteristics, which allows substantially reducing the compute cost with almost no accuracy loss. We experimentally show that applying channel gating in state-of-the-art networks achieves 2.7-8.0$\\times$ reduction in floating-point operations (FLOPs) and 2.0-4.4$\\times$ reduction in off-chip memory accesses with a minimal accuracy loss on CIFAR-10. Combining our method with knowledge distillation reduces the compute cost of ResNet-18 by 2.6$\\times$ without accuracy drop on ImageNet. We further demonstrate that channel gating can be realized in hardware efficiently. Our approach exhibits sparsity patterns that are well-suited to dense systolic arrays with minimal additional hardware. We have designed an accelerator for channel gating networks, which can be implemented using either FPGAs or ASICs. Running a quantized ResNet-18 model for ImageNet, our accelerator achieves an encouraging speedup of 2.4$\\times$ on average, with a theoretical FLOP reduction of 2.8$\\times$.",
    "paper_type": "method",
    "attri": {
        "background": "This paper addresses the issue of high computation costs associated with convolutional neural networks (CNNs) by introducing a new method called channel gating, which is a dynamic and hardware-efficient pruning scheme.",
        "problem": {
            "definition": "The problem being addressed is the excessive computational burden of CNNs during inference, which can hinder their deployment in resource-constrained environments.",
            "key obstacle": "The main challenge is that existing methods for reducing computation, such as static network pruning, do not adapt to the varying significance of input features during runtime, leading to inefficient resource usage."
        },
        "idea": {
            "intuition": "The idea is inspired by the observation that not all regions in the feature maps contribute equally to the classification results, allowing for selective computation.",
            "opinion": "Channel gating proposes to dynamically skip computations on less significant input channels based on the characteristics of the input, thereby optimizing inference efficiency.",
            "innovation": "The primary innovation is the run-time optimization of CNN inference, which contrasts with static pruning methods by adapting to input-specific features and achieving significant reductions in computation without sacrificing accuracy."
        },
        "method": {
            "method name": "Channel Gating",
            "method abbreviation": "CG",
            "method definition": "Channel gating is a method that identifies and skips computations for less significant input channels during CNN inference, optimizing performance based on the input data.",
            "method description": "The core of channel gating involves dynamically determining which channels to activate based on their contribution to the classification outcome.",
            "method steps": "1. Analyze input features to identify ineffective regions. 2. Skip computations on identified input channels. 3. Execute the remaining computations to achieve optimized performance.",
            "principle": "This method is effective because it leverages the variability in input data to minimize unnecessary computations, thereby reducing the overall compute cost while maintaining accuracy."
        },
        "experiments": {
            "evaluation setting": "Experiments were conducted on CIFAR-10 and ImageNet datasets, comparing channel gating against state-of-the-art networks and evaluating its performance in terms of floating-point operations (FLOPs) and memory access reductions.",
            "evaluation method": "The performance of channel gating was assessed by measuring reductions in FLOPs and off-chip memory accesses while monitoring accuracy to ensure minimal loss."
        },
        "conclusion": "The results demonstrate that channel gating achieves a 2.7-8.0\u00d7 reduction in FLOPs and 2.0-4.4\u00d7 reduction in memory accesses on CIFAR-10 with minimal accuracy loss, and a 2.6\u00d7 reduction in compute cost for ResNet-18 on ImageNet without any accuracy drop.",
        "discussion": {
            "advantage": "The key advantages of channel gating include significant reductions in computation and memory usage with little to no impact on model accuracy, making it suitable for deployment in resource-limited scenarios.",
            "limitation": "One limitation of the method may be its dependency on the input characteristics, which could affect performance consistency across different datasets or tasks.",
            "future work": "Future research could explore further enhancements to the channel gating mechanism and its integration with other optimization techniques to improve efficiency and adaptability."
        },
        "other info": []
    },
    "mount_outline": [
        {
            "section number": "1.1",
            "key information": "Channel gating optimizes inference efficiency by dynamically skipping computations on less significant input channels, addressing the importance of pruning in enhancing model efficiency."
        },
        {
            "section number": "2.3",
            "key information": "Channel gating is defined as a dynamic and hardware-efficient pruning scheme that identifies and skips computations for less significant input channels during CNN inference."
        },
        {
            "section number": "3.3",
            "key information": "Channel gating exemplifies dynamic and adaptive pruning techniques by adapting to input-specific features and optimizing performance based on the characteristics of the input."
        },
        {
            "section number": "4.2",
            "key information": "The evaluation of channel gating demonstrated reductions in floating-point operations (FLOPs) and memory accesses while maintaining accuracy, providing metrics for assessing pruning effectiveness."
        },
        {
            "section number": "5.2",
            "key information": "Channel gating results in significant reductions in computation and memory usage, which enhances computational efficiency and resource utilization."
        },
        {
            "section number": "6.1",
            "key information": "The advantages of channel gating include achieving a 2.7-8.0\u00d7 reduction in FLOPs and 2.0-4.4\u00d7 reduction in memory accesses with minimal accuracy loss, suggesting best practices for effective pruning."
        },
        {
            "section number": "6.3",
            "key information": "Future research could explore enhancements to the channel gating mechanism and its integration with other optimization techniques, identifying ongoing challenges in neural network pruning."
        }
    ],
    "similarity_score": null,
    "image": null,
    "path": "/home/liudingyuan/code/SurveyX/code/SurveyX-main/outputs/t14/papers/Channel gating neural networks.json"
}