{
    "from": null,
    "scholar_id": null,
    "detail_id": null,
    "title": "Channel pruning for accelerating very deep neural networks",
    "abstract": "In this paper, we introduce a new channel pruning method to accelerate very deep convolutional neural networks. Given a trained CNN model, we propose an iterative two-step algorithm to effectively prune each layer, by a LASSO regression based channel selection and least square reconstruction. We further generalize this algorithm to multi-layer and multi-branch cases. Our method reduces the accumulated error and enhance the compatibility with various architectures. Our pruned VGG-16 achieves the state-of-the-art results by 5\u00d7 speed-up along with only 0.3% increase of error. More importantly, our method is able to accelerate modern networks like ResNet, Xception and suffers only 1.4%, 1.0% accuracy loss under 2\u00d7 speedup respectively, which is significant.",
    "arxivid": "1707.06168v2",
    "bib_name": "Channelpru106",
    "md_text": "# Channel pruning for accelerating very deep neural networks\n\n\nabstract\n\nIn this paper, we introduce a new channel pruning method to accelerate very deep convolutional neural networks. Given a trained CNN model, we propose an iterative two-step algorithm to effectively prune each layer, by a LASSO regression based channel selection and least square reconstruction. We further generalize this algorithm to multi-layer and multi-branch cases. Our method reduces the accumulated error and enhance the compatibility with various architectures. Our pruned VGG-16 achieves the state-of-the-art results by 5\u00d7 speed-up along with only 0.3% increase of error. More importantly, our method is able to accelerate modern networks like ResNet, Xception and suffers only 1.4%, 1.0% accuracy loss under 2\u00d7 speedup respectively, which is significant.",
    "paper_type": "method",
    "attri": {
        "background": "This paper addresses the issue of accelerating very deep convolutional neural networks through a new channel pruning method, highlighting the limitations of previous methods in effectively reducing computational costs while maintaining accuracy.",
        "problem": {
            "definition": "The problem addressed is the inefficiency of very deep CNNs in terms of computational speed and resource usage, particularly when deploying models in real-time applications.",
            "key obstacle": "The core obstacle is the difficulty in effectively pruning channels without significantly impacting the model's accuracy, as existing methods often lead to increased error rates."
        },
        "idea": {
            "intuition": "The idea was inspired by the need to maintain performance while reducing the complexity of deep learning models, leading to the development of a more efficient pruning strategy.",
            "opinion": "The proposed idea involves an iterative two-step algorithm that utilizes LASSO regression for channel selection and least square reconstruction to minimize error during pruning.",
            "innovation": "The primary innovation lies in the algorithm's ability to generalize to multi-layer and multi-branch architectures, significantly reducing accumulated error compared to existing methods."
        },
        "method": {
            "method name": "Channel Pruning Method",
            "method abbreviation": "CPM",
            "method definition": "The method involves an iterative two-step algorithm for channel pruning that selects channels based on LASSO regression and reconstructs the output using least squares.",
            "method description": "This method effectively prunes channels in deep CNNs while minimizing accuracy loss and computational overhead.",
            "method steps": "1. Apply LASSO regression to select important channels. 2. Use least squares to reconstruct the output for the pruned channels.",
            "principle": "The method is effective because it systematically reduces redundancy in the network while preserving essential features, thus maintaining performance."
        },
        "experiments": {
            "evaluation setting": "The experiments were conducted on VGG-16, ResNet, and Xception architectures, comparing the performance of the proposed method against baseline methods under varying levels of speed-up.",
            "evaluation method": "Performance was assessed by measuring accuracy and computational speed before and after applying the pruning method."
        },
        "conclusion": "The experiments demonstrate that the proposed channel pruning method achieves state-of-the-art results with a 5\u00d7 speed-up and only a 0.3% increase in error for VGG-16, while maintaining competitive accuracy for other architectures under 2\u00d7 speed-up.",
        "discussion": {
            "advantage": "Key advantages include significant reductions in computational costs without substantial accuracy loss, making the method suitable for real-time applications.",
            "limitation": "A limitation of the method is the potential for increased error in specific scenarios, particularly when applied to models not well-suited for pruning.",
            "future work": "Future research could explore further optimizations in the pruning algorithm and its application to a broader range of neural network architectures."
        },
        "other info": {
            "info1": "The method enhances compatibility with various architectures.",
            "info2": {
                "info2.1": "The method can be applied iteratively to further improve performance.",
                "info2.2": "The approach allows for flexibility in pruning strategies based on model requirements."
            }
        }
    },
    "mount_outline": [
        {
            "section number": "1.1",
            "key information": "The paper addresses the issue of accelerating very deep convolutional neural networks through a new channel pruning method, highlighting the limitations of previous methods in effectively reducing computational costs while maintaining accuracy."
        },
        {
            "section number": "2.3",
            "key information": "The proposed channel pruning method (CPM) involves an iterative two-step algorithm that utilizes LASSO regression for channel selection and least square reconstruction to minimize error during pruning."
        },
        {
            "section number": "3.1",
            "key information": "The core obstacle in pruning is the difficulty in effectively pruning channels without significantly impacting the model's accuracy, as existing methods often lead to increased error rates."
        },
        {
            "section number": "4.2",
            "key information": "Performance was assessed by measuring accuracy and computational speed before and after applying the pruning method, demonstrating a 5\u00d7 speed-up with only a 0.3% increase in error for VGG-16."
        },
        {
            "section number": "5.1",
            "key information": "Key advantages of the proposed method include significant reductions in computational costs without substantial accuracy loss, making it suitable for real-time applications."
        },
        {
            "section number": "6.1",
            "key information": "The method can be applied iteratively to further improve performance and allows for flexibility in pruning strategies based on model requirements."
        }
    ],
    "similarity_score": null,
    "image": null,
    "path": "/home/liudingyuan/code/SurveyX/code/SurveyX-main/outputs/t14/papers/Channel pruning for accelerating very deep neural networks.json"
}