{
    "from": null,
    "scholar_id": null,
    "detail_id": null,
    "title": "Chasing sparsity in vision transformers: An end-to-end exploration",
    "abstract": "Vision transformers (ViTs) have recently received explosive popularity, but their enormous model sizes and training costs remain daunting. Conventional post-training pruning often incurs higher training budgets. In contrast, this paper aims to trim down both the training memory overhead and the inference complexity, without sacrificing the achievable accuracy. We carry out the first-of-its-kind comprehensive exploration, on taking a unified approach of integrating sparsity in ViTs\"from end to end\". Specifically, instead of training full ViTs, we dynamically extract and train sparse subnetworks, while sticking to a fixed small parameter budget. Our approach jointly optimizes model parameters and explores connectivity throughout training, ending up with one sparse network as the final output. The approach is seamlessly extended from unstructured to structured sparsity, the latter by considering to guide the prune-and-grow of self-attention heads inside ViTs. We further co-explore data and architecture sparsity for additional efficiency gains by plugging in a novel learnable token selector to adaptively determine the currently most vital patches. Extensive results on ImageNet with diverse ViT backbones validate the effectiveness of our proposals which obtain significantly reduced computational cost and almost unimpaired generalization. Perhaps most surprisingly, we find that the proposed sparse (co-)training can sometimes improve the ViT accuracy rather than compromising it, making sparsity a tantalizing\"free lunch\". For example, our sparsified DeiT-Small at (5%, 50%) sparsity for (data, architecture), improves 0.28% top-1 accuracy, and meanwhile enjoys 49.32% FLOPs and 4.40% running time savings. Our codes are available at https://github.com/VITA-Group/SViTE.",
    "arxivid": "2106.04533v3",
    "bib_name": "Chasingspa192",
    "md_text": "# Chasing sparsity in vision transformers: An end-to-end exploration\n\n\nabstract\n\nVision transformers (ViTs) have recently received explosive popularity, but their enormous model sizes and training costs remain daunting. Conventional post-training pruning often incurs higher training budgets. In contrast, this paper aims to trim down both the training memory overhead and the inference complexity, without sacrificing the achievable accuracy. We carry out the first-of-its-kind comprehensive exploration, on taking a unified approach of integrating sparsity in ViTs\"from end to end\". Specifically, instead of training full ViTs, we dynamically extract and train sparse subnetworks, while sticking to a fixed small parameter budget. Our approach jointly optimizes model parameters and explores connectivity throughout training, ending up with one sparse network as the final output. The approach is seamlessly extended from unstructured to structured sparsity, the latter by considering to guide the prune-and-grow of self-attention heads inside ViTs. We further co-explore data and architecture sparsity for additional efficiency gains by plugging in a novel learnable token selector to adaptively determine the currently most vital patches. Extensive results on ImageNet with diverse ViT backbones validate the effectiveness of our proposals which obtain significantly reduced computational cost and almost unimpaired generalization. Perhaps most surprisingly, we find that the proposed sparse (co-)training can sometimes improve the ViT accuracy rather than compromising it, making sparsity a tantalizing\"free lunch\". For example, our sparsified DeiT-Small at (5%, 50%) sparsity for (data, architecture), improves 0.28% top-1 accuracy, and meanwhile enjoys 49.32% FLOPs and 4.40% running time savings. Our codes are available at https://github.com/VITA-Group/SViTE.",
    "paper_type": "method",
    "attri": {
        "background": "Vision transformers (ViTs) have gained significant popularity due to their performance in various tasks, but their large model sizes and high training costs present challenges. Traditional post-training pruning methods often require substantial additional training resources, highlighting the need for innovative approaches to reduce both training memory usage and inference complexity without sacrificing accuracy.",
        "problem": {
            "definition": "The problem addressed in this paper is the inefficiency associated with the large model sizes and training costs of vision transformers, which limits their practical application.",
            "key obstacle": "The main challenge is the high computational and memory overhead required for training and inference in ViTs, which existing methods struggle to mitigate effectively."
        },
        "idea": {
            "intuition": "The idea is inspired by the observation that integrating sparsity throughout the training process could lead to more efficient models without compromising performance.",
            "opinion": "The proposed method involves dynamically extracting and training sparse subnetworks within a fixed parameter budget, optimizing both model parameters and connectivity during training.",
            "innovation": "The key innovation lies in the end-to-end integration of sparsity in ViTs, allowing for both unstructured and structured sparsity, and co-exploring data and architecture sparsity for enhanced efficiency."
        },
        "method": {
            "method name": "Sparse Vision Transformers (SViT)",
            "method abbreviation": "SViT",
            "method definition": "SViT is a method that trains sparse subnetworks from vision transformers by dynamically optimizing model parameters and connectivity while adhering to a fixed parameter budget.",
            "method description": "The core of SViT involves training sparse subnetworks throughout the training process to achieve reduced computational costs and improved performance.",
            "method steps": [
                "Train full vision transformers initially.",
                "Dynamically extract sparse subnetworks during training.",
                "Optimize model parameters and connectivity jointly.",
                "Extend the approach to structured sparsity by guiding the pruning of self-attention heads.",
                "Integrate a learnable token selector to adaptively select important input patches."
            ],
            "principle": "This method is effective because it maintains a fixed parameter budget while optimizing both the model's sparsity and accuracy, allowing for significant reductions in computational costs without sacrificing performance."
        },
        "experiments": {
            "evaluation setting": "Extensive experiments were conducted on the ImageNet dataset using various ViT backbones, comparing the proposed method against baseline methods to assess performance.",
            "evaluation method": "The performance of the method was evaluated based on top-1 accuracy improvements, computational cost reductions in FLOPs, and running time savings."
        },
        "conclusion": "The results demonstrate that the proposed SViT method significantly reduces computational costs while maintaining or even improving accuracy, indicating that sparsity can serve as a beneficial strategy in training vision transformers.",
        "discussion": {
            "advantage": "The main advantage of the proposed approach is its ability to achieve substantial reductions in computational costs and running time while maintaining high accuracy, making it highly efficient.",
            "limitation": "A potential limitation of the method could be its dependence on the specific architecture of the vision transformers and the effectiveness of the token selection process.",
            "future work": "Future research may focus on further optimizing the token selection mechanism and exploring additional architectures to enhance the generalizability and efficiency of the proposed method."
        },
        "other info": {
            "repository": "https://github.com/VITA-Group/SViTE",
            "sparsity example": {
                "sparsity type": "(5%, 50%)",
                "accuracy improvement": "0.28% top-1 accuracy increase",
                "FLOPs reduction": "49.32% savings",
                "running time savings": "4.40% reduction"
            }
        }
    },
    "mount_outline": [
        {
            "section number": "1.1",
            "key information": "Pruning contributes to model efficiency and performance, particularly in the context of large models like vision transformers, which face challenges of high computational and memory overhead."
        },
        {
            "section number": "2.2",
            "key information": "The proposed Sparse Vision Transformers (SViT) method optimizes model parameters and connectivity while adhering to a fixed parameter budget, achieving reduced computational costs and improved performance."
        },
        {
            "section number": "3.1",
            "key information": "The SViT method incorporates both unstructured and structured sparsity, guiding the pruning of self-attention heads to enhance efficiency."
        },
        {
            "section number": "4.1",
            "key information": "Evaluation of the SViT method was based on criteria such as top-1 accuracy improvements, computational cost reductions in FLOPs, and running time savings."
        },
        {
            "section number": "5.2",
            "key information": "The SViT method demonstrates significant reductions in computational costs and running time while maintaining high accuracy, highlighting its impact on computational efficiency and resource utilization."
        },
        {
            "section number": "6.1",
            "key information": "Best practices recommended include dynamically extracting and training sparse subnetworks within a fixed parameter budget to optimize model performance."
        },
        {
            "section number": "6.3",
            "key information": "Future work may focus on optimizing the token selection mechanism to enhance the generalizability and efficiency of the SViT method."
        }
    ],
    "similarity_score": null,
    "image": null,
    "path": "/home/liudingyuan/code/SurveyX/code/SurveyX-main/outputs/t14/papers/Chasing sparsity in vision transformers_ An end-to-end exploration.json"
}