{
    "from": null,
    "scholar_id": null,
    "detail_id": null,
    "title": "ChipNet: Budget-aware pruning with heaviside continuous approximations",
    "abstract": "Structured pruning methods are among the effective strategies for extracting small resource-efficient convolutional neural networks from their dense counterparts with minimal loss in accuracy. However, most existing methods still suffer from one or more limitations, that include 1) the need for training the dense model from scratch with pruning-related parameters embedded in the architecture, 2) requiring model-specific hyperparameter settings, 3) inability to include budget-related constraint in the training process, and 4) instability under scenarios of extreme pruning. In this paper, we present ChipNet, a deterministic pruning strategy that employs continuous Heaviside function and a novel crispness loss to identify a highly sparse network out of an existing dense network. Our choice of continuous Heaviside function is inspired by the field of design optimization, where the material distribution task is posed as a continuous optimization problem, but only discrete values (0 or 1) are practically feasible and expected as final outcomes. Our approach's flexible design facilitates its use with different choices of budget constraints while maintaining stability for very low target budgets. Experimental results show that ChipNet outperforms state-of-the-art structured pruning methods by remarkable margins of up to 16.1% in terms of accuracy. Further, we show that the masks obtained with ChipNet are transferable across datasets. For certain cases, it was observed that masks transferred from a model trained on feature-rich teacher dataset provide better performance on the student dataset than those obtained by directly pruning on the student data itself.",
    "arxivid": "2102.07156v1",
    "bib_name": "ChipNet:Bu142",
    "md_text": "# ChipNet: Budget-aware pruning with heaviside continuous approximations\n\n\nabstract\n\nStructured pruning methods are among the effective strategies for extracting small resource-efficient convolutional neural networks from their dense counterparts with minimal loss in accuracy. However, most existing methods still suffer from one or more limitations, that include 1) the need for training the dense model from scratch with pruning-related parameters embedded in the architecture, 2) requiring model-specific hyperparameter settings, 3) inability to include budget-related constraint in the training process, and 4) instability under scenarios of extreme pruning. In this paper, we present ChipNet, a deterministic pruning strategy that employs continuous Heaviside function and a novel crispness loss to identify a highly sparse network out of an existing dense network. Our choice of continuous Heaviside function is inspired by the field of design optimization, where the material distribution task is posed as a continuous optimization problem, but only discrete values (0 or 1) are practically feasible and expected as final outcomes. Our approach's flexible design facilitates its use with different choices of budget constraints while maintaining stability for very low target budgets. Experimental results show that ChipNet outperforms state-of-the-art structured pruning methods by remarkable margins of up to 16.1% in terms of accuracy. Further, we show that the masks obtained with ChipNet are transferable across datasets. For certain cases, it was observed that masks transferred from a model trained on feature-rich teacher dataset provide better performance on the student dataset than those obtained by directly pruning on the student data itself.",
    "paper_type": "method",
    "attri": {
        "background": "This paper addresses the issue of structured pruning methods for extracting small resource-efficient convolutional neural networks from dense counterparts, highlighting limitations such as the need for scratch training, model-specific hyperparameters, lack of budget constraints, and instability during extreme pruning.",
        "problem": {
            "definition": "The problem focuses on the inefficiencies and limitations of existing structured pruning methods that hinder the effective extraction of sparse networks from dense models.",
            "key obstacle": "The main challenge is the inability of existing methods to incorporate budget-related constraints during the training process, leading to instability and suboptimal performance under extreme pruning conditions."
        },
        "idea": {
            "intuition": "The intuition behind ChipNet stems from design optimization, where the continuous Heaviside function is used to frame the material distribution task as a continuous optimization problem, despite needing discrete outcomes.",
            "opinion": "ChipNet is a deterministic pruning strategy that utilizes a continuous Heaviside function along with a novel crispness loss to achieve a highly sparse network from an existing dense network.",
            "innovation": "The primary innovation of ChipNet lies in its ability to incorporate budget constraints into the pruning process while maintaining stability at low target budgets, which differentiates it from existing pruning methods."
        },
        "method": {
            "method name": "ChipNet",
            "method abbreviation": "CN",
            "method definition": "ChipNet is a deterministic pruning method that identifies a highly sparse network from an existing dense network using a continuous Heaviside function and a crispness loss.",
            "method description": "The core of ChipNet involves applying a continuous optimization approach to structured pruning, facilitating flexibility with budget constraints.",
            "method steps": "1. Initialize the dense network. 2. Apply the continuous Heaviside function to determine pruning decisions. 3. Optimize the network using the crispness loss. 4. Fine-tune the pruned network under the specified budget constraints.",
            "principle": "ChipNet's effectiveness is grounded in its continuous optimization approach, allowing for better handling of budget constraints and stability during extreme pruning scenarios."
        },
        "experiments": {
            "evaluation setting": "Experiments were conducted to compare ChipNet against state-of-the-art structured pruning methods, utilizing various datasets and evaluating accuracy improvements.",
            "evaluation method": "Performance was assessed by measuring accuracy improvements and analyzing the transferability of pruning masks across different datasets."
        },
        "conclusion": "ChipNet demonstrates significant improvements over existing structured pruning methods, achieving up to 16.1% higher accuracy while providing transferable masks across datasets, indicating its robustness and effectiveness.",
        "discussion": {
            "advantage": "The key advantages of ChipNet include its ability to incorporate budget constraints during pruning and its stability under low budget scenarios, which are not adequately addressed by other methods.",
            "limitation": "One limitation of ChipNet may be its dependency on the quality of the initial dense model, as the effectiveness of the pruning may vary based on the architecture and training data used.",
            "future work": "Future research could explore enhancing the adaptability of ChipNet to different network architectures and improving the transferability of masks across more diverse datasets."
        },
        "other info": []
    },
    "mount_outline": [
        {
            "section number": "2.3",
            "key information": "ChipNet is a deterministic pruning method that identifies a highly sparse network from an existing dense network using a continuous Heaviside function and a crispness loss."
        },
        {
            "section number": "3.1",
            "key information": "The problem focuses on the inefficiencies and limitations of existing structured pruning methods that hinder the effective extraction of sparse networks from dense models."
        },
        {
            "section number": "3.2",
            "key information": "ChipNet's primary innovation lies in its ability to incorporate budget constraints into the pruning process while maintaining stability at low target budgets."
        },
        {
            "section number": "4.3",
            "key information": "ChipNet demonstrates significant improvements over existing structured pruning methods, achieving up to 16.1% higher accuracy while providing transferable masks across datasets."
        },
        {
            "section number": "6.1",
            "key information": "The key advantages of ChipNet include its ability to incorporate budget constraints during pruning and its stability under low budget scenarios."
        },
        {
            "section number": "6.3",
            "key information": "Future research could explore enhancing the adaptability of ChipNet to different network architectures and improving the transferability of masks across more diverse datasets."
        }
    ],
    "similarity_score": null,
    "image": null,
    "path": "/home/liudingyuan/code/SurveyX/code/SurveyX-main/outputs/t14/papers/ChipNet_ Budget-aware pruning with heaviside continuous approximations.json"
}