{
    "from": null,
    "scholar_id": null,
    "detail_id": null,
    "title": "Comparing rewinding and fine-tuning in neural network pruning",
    "abstract": "Many neural network pruning algorithms proceed in three steps: train the network to completion, remove unwanted structure to compress the network, and retrain the remaining structure to recover lost accuracy. The standard retraining technique, fine-tuning, trains the unpruned weights from their final trained values using a small fixed learning rate. In this paper, we compare fine-tuning to alternative retraining techniques. Weight rewinding (as proposed by Frankle et al., (2019)), rewinds unpruned weights to their values from earlier in training and retrains them from there using the original training schedule. Learning rate rewinding (which we propose) trains the unpruned weights from their final values using the same learning rate schedule as weight rewinding. Both rewinding techniques outperform fine-tuning, forming the basis of a network-agnostic pruning algorithm that matches the accuracy and compression ratios of several more network-specific state-of-the-art techniques.",
    "arxivid": "2003.02389v1",
    "bib_name": "Comparingr86",
    "md_text": "# Comparing rewinding and fine-tuning in neural network pruning\n\n\nabstract\n\nMany neural network pruning algorithms proceed in three steps: train the network to completion, remove unwanted structure to compress the network, and retrain the remaining structure to recover lost accuracy. The standard retraining technique, fine-tuning, trains the unpruned weights from their final trained values using a small fixed learning rate. In this paper, we compare fine-tuning to alternative retraining techniques. Weight rewinding (as proposed by Frankle et al., (2019)), rewinds unpruned weights to their values from earlier in training and retrains them from there using the original training schedule. Learning rate rewinding (which we propose) trains the unpruned weights from their final values using the same learning rate schedule as weight rewinding. Both rewinding techniques outperform fine-tuning, forming the basis of a network-agnostic pruning algorithm that matches the accuracy and compression ratios of several more network-specific state-of-the-art techniques.",
    "paper_type": "method",
    "attri": {
        "background": "This paper addresses the issue of retraining techniques in neural network pruning, highlighting the limitations of standard fine-tuning methods and the need for more effective alternatives.",
        "problem": {
            "definition": "The problem is the inefficiency of current retraining techniques, particularly fine-tuning, in recovering lost accuracy after pruning neural networks.",
            "key obstacle": "The main difficulty is that fine-tuning often fails to effectively restore the performance of pruned networks, leading to suboptimal accuracy and compression ratios."
        },
        "idea": {
            "intuition": "The idea is inspired by the observation that earlier weights during training may retain more useful information for effective retraining after pruning.",
            "opinion": "The proposed idea involves using rewinding techniques to retrain unpruned weights, either by reverting to earlier values or by using a learning rate schedule that aligns with weight rewinding.",
            "innovation": "The key innovation is the introduction of weight rewinding and learning rate rewinding as superior alternatives to fine-tuning, both of which demonstrate improved performance in accuracy recovery."
        },
        "method": {
            "method name": "Weight Rewinding and Learning Rate Rewinding",
            "method abbreviation": "WR & LRR",
            "method definition": "The method involves rewinding unpruned weights to earlier values during training and retraining them using a structured learning rate schedule.",
            "method description": "This method enhances neural network pruning by effectively recovering accuracy through two distinct rewinding techniques.",
            "principle": "The effectiveness of the method lies in the ability to leverage earlier training states and a tailored learning rate schedule to optimize the retraining process."
        },
        "experiments": {
            "evaluation setting": "The experiments were conducted using standard datasets and compared against several baseline pruning methods to assess accuracy and compression ratios.",
            "evaluation method": "The performance was measured by comparing the accuracy and compression ratios of networks pruned and retrained using fine-tuning versus the proposed rewinding techniques."
        },
        "conclusion": "The results demonstrate that both weight rewinding and learning rate rewinding significantly outperform fine-tuning, providing a robust pruning algorithm that achieves competitive accuracy and compression.",
        "discussion": {
            "advantage": "The primary advantage of the proposed approaches is their ability to restore accuracy more effectively than fine-tuning, while being applicable across various network architectures.",
            "limitation": "A limitation is that the effectiveness of the rewinding techniques may vary depending on the specific architecture and dataset used.",
            "future work": "Future research could explore further refinements to the rewinding techniques and their application to a broader range of neural network architectures."
        },
        "other info": []
    },
    "mount_outline": [
        {
            "section number": "1.1",
            "key information": "Pruning is crucial for recovering lost accuracy in neural networks and improving model efficiency."
        },
        {
            "section number": "2.3",
            "key information": "The proposed method introduces weight rewinding and learning rate rewinding as superior alternatives to traditional fine-tuning techniques in pruning."
        },
        {
            "section number": "4.1",
            "key information": "The evaluation method compares accuracy and compression ratios of networks pruned and retrained using fine-tuning versus the proposed rewinding techniques."
        },
        {
            "section number": "5.3",
            "key information": "Weight rewinding and learning rate rewinding significantly improve accuracy recovery in pruned neural networks."
        },
        {
            "section number": "6.1",
            "key information": "The primary advantage of the proposed rewinding techniques is their ability to restore accuracy more effectively than fine-tuning."
        },
        {
            "section number": "6.3",
            "key information": "Future research could explore further refinements to the rewinding techniques and their application to a broader range of neural network architectures."
        }
    ],
    "similarity_score": null,
    "image": null,
    "path": "/home/liudingyuan/code/SurveyX/code/SurveyX-main/outputs/t14/papers/Comparing rewinding and fine-tuning in neural network pruning.json"
}