{
    "from": null,
    "scholar_id": null,
    "detail_id": null,
    "title": "Compression of neural machine translation models via pruning",
    "abstract": "Neural Machine Translation (NMT), like many other deep learning domains, typically suffers from over-parameterization, resulting in large storage sizes. This paper examines three simple magnitude-based pruning schemes to compress NMT models, namely class-blind, class-uniform, and class-distribution, which differ in terms of how pruning thresholds are computed for the different classes of weights in the NMT architecture. We demonstrate the efficacy of weight pruning as a compression technique for a state-of-the-art NMT system. We show that an NMT model with over 200 million parameters can be pruned by 40% with very little performance loss as measured on the WMT'14 English-German translation task. This sheds light on the distribution of redundancy in the NMT architecture. Our main result is that with retraining, we can recover and even surpass the original performance with an 80%-pruned model.",
    "arxivid": "1606.09274v1",
    "bib_name": "Compressio118",
    "md_text": "# Compression of neural machine translation models via pruning\n\n\nabstract\n\nNeural Machine Translation (NMT), like many other deep learning domains, typically suffers from over-parameterization, resulting in large storage sizes. This paper examines three simple magnitude-based pruning schemes to compress NMT models, namely class-blind, class-uniform, and class-distribution, which differ in terms of how pruning thresholds are computed for the different classes of weights in the NMT architecture. We demonstrate the efficacy of weight pruning as a compression technique for a state-of-the-art NMT system. We show that an NMT model with over 200 million parameters can be pruned by 40% with very little performance loss as measured on the WMT'14 English-German translation task. This sheds light on the distribution of redundancy in the NMT architecture. Our main result is that with retraining, we can recover and even surpass the original performance with an 80%-pruned model.",
    "paper_type": "method",
    "attri": {
        "background": "Neural Machine Translation (NMT) suffers from over-parameterization, leading to large model sizes. Previous methods have not effectively addressed this issue, highlighting the need for new compression techniques to improve efficiency.",
        "problem": {
            "definition": "The problem addressed in this paper is the excessive storage size of NMT models due to over-parameterization, which hinders their deployment and efficiency.",
            "key obstacle": "The main challenge is the difficulty in reducing the model size without significantly impacting translation performance."
        },
        "idea": {
            "intuition": "The idea is inspired by the observation that many parameters in NMT models are redundant and can be pruned without losing significant performance.",
            "opinion": "The proposed idea involves implementing three magnitude-based pruning schemes to effectively reduce the size of NMT models.",
            "innovation": "The innovation lies in the introduction of class-blind, class-uniform, and class-distribution pruning methods, which offer different strategies for determining pruning thresholds across various weight classes."
        },
        "method": {
            "method name": "Magnitude-based pruning",
            "method abbreviation": "MBP",
            "method definition": "Magnitude-based pruning is a technique that reduces the number of parameters in neural networks by removing weights based on their magnitudes.",
            "method description": "This method involves pruning weights from the NMT model based on their absolute values to achieve compression.",
            "method steps": [
                "Identify weights in the NMT model.",
                "Calculate pruning thresholds using one of the three schemes: class-blind, class-uniform, or class-distribution.",
                "Remove weights below the calculated thresholds.",
                "Retrain the pruned model to recover performance."
            ],
            "principle": "This method is effective because it targets redundant weights, allowing for significant compression while maintaining model performance."
        },
        "experiments": {
            "evaluation setting": "The experiments were conducted on a state-of-the-art NMT system with over 200 million parameters, evaluated on the WMT'14 English-German translation task.",
            "evaluation method": "Performance was measured by comparing the translation quality before and after pruning, as well as after retraining the pruned model."
        },
        "conclusion": "The experiments demonstrate that it is possible to prune an NMT model by 40% with minimal performance loss, and with retraining, an 80%-pruned model can recover and even exceed original performance.",
        "discussion": {
            "advantage": "The key advantage of the proposed pruning methods is their ability to significantly reduce model size while preserving translation quality.",
            "limitation": "One limitation is that the effectiveness of pruning may vary across different NMT architectures and tasks.",
            "future work": "Future research could explore adaptive pruning strategies and further investigate the trade-offs between model size and performance."
        },
        "other info": []
    },
    "mount_outline": [
        {
            "section number": "1.1",
            "key information": "Pruning in Neural Machine Translation (NMT) is crucial for addressing the issue of over-parameterization, which leads to large model sizes and hinders deployment and efficiency."
        },
        {
            "section number": "2.2",
            "key information": "Magnitude-based pruning is a technique that reduces the number of parameters in neural networks by removing weights based on their magnitudes, targeting redundant weights for significant compression."
        },
        {
            "section number": "2.3",
            "key information": "The proposed pruning methods include class-blind, class-uniform, and class-distribution pruning, which provide different strategies for determining pruning thresholds across various weight classes."
        },
        {
            "section number": "4.1",
            "key information": "The evaluation of pruning methods in the experiments focused on the translation quality before and after pruning, as well as after retraining the pruned model."
        },
        {
            "section number": "5.1",
            "key information": "The experiments demonstrate that it is possible to prune an NMT model by 40% with minimal performance loss, indicating the trade-offs between reducing model size and maintaining translation accuracy."
        },
        {
            "section number": "6.1",
            "key information": "Best practices for implementing effective pruning in NMT models include identifying weights, calculating pruning thresholds, and retraining the pruned model to recover performance."
        },
        {
            "section number": "6.3",
            "key information": "Future research could explore adaptive pruning strategies and further investigate the trade-offs between model size and performance."
        }
    ],
    "similarity_score": null,
    "image": null,
    "path": "/home/liudingyuan/code/SurveyX/code/SurveyX-main/outputs/t14/papers/Compression of neural machine translation models via pruning.json"
}