{
    "from": null,
    "scholar_id": null,
    "detail_id": null,
    "title": "CP-ViT: Cascade vision transformer pruning via progressive sparsity prediction",
    "abstract": "Vision transformer (ViT) has achieved competitive accuracy on a variety of computer vision applications, but its computational cost impedes the deployment on resource-limited mobile devices. We explore the sparsity in ViT and observe that informative patches and heads are sufficient for accurate image recognition. In this paper, we propose a cascade pruning framework named CP-ViT by predicting sparsity in ViT models progressively and dynamically to reduce computational redundancy while minimizing the accuracy loss. Specifically, we define the cumulative score to reserve the informative patches and heads across the ViT model for better accuracy. We also propose the dynamic pruning ratio adjustment technique based on layer-aware attention range. CP-ViT has great general applicability for practical deployment, which can be applied to a wide range of ViT models and can achieve superior accuracy with or without fine-tuning. Extensive experiments on ImageNet, CIFAR-10, and CIFAR-100 with various pre-trained models have demonstrated the effectiveness and efficiency of CP-ViT. By progressively pruning 50\\% patches, our CP-ViT method reduces over 40\\% FLOPs while maintaining accuracy loss within 1\\%.",
    "arxivid": "2203.04570v1",
    "bib_name": "CP-ViT:Cas196",
    "md_text": "# CP-ViT: Cascade vision transformer pruning via progressive sparsity prediction\n\n\nabstract\n\nVision transformer (ViT) has achieved competitive accuracy on a variety of computer vision applications, but its computational cost impedes the deployment on resource-limited mobile devices. We explore the sparsity in ViT and observe that informative patches and heads are sufficient for accurate image recognition. In this paper, we propose a cascade pruning framework named CP-ViT by predicting sparsity in ViT models progressively and dynamically to reduce computational redundancy while minimizing the accuracy loss. Specifically, we define the cumulative score to reserve the informative patches and heads across the ViT model for better accuracy. We also propose the dynamic pruning ratio adjustment technique based on layer-aware attention range. CP-ViT has great general applicability for practical deployment, which can be applied to a wide range of ViT models and can achieve superior accuracy with or without fine-tuning. Extensive experiments on ImageNet, CIFAR-10, and CIFAR-100 with various pre-trained models have demonstrated the effectiveness and efficiency of CP-ViT. By progressively pruning 50\\% patches, our CP-ViT method reduces over 40\\% FLOPs while maintaining accuracy loss within 1\\%.",
    "paper_type": "method",
    "attri": {
        "background": "Vision transformer (ViT) has achieved competitive accuracy on a variety of computer vision applications, but its computational cost impedes the deployment on resource-limited mobile devices. Previous methods have not effectively addressed the trade-off between model efficiency and accuracy, necessitating a new breakthrough to enable practical deployment.",
        "problem": {
            "definition": "The problem addressed in this paper is the high computational cost of vision transformers, which limits their usability on mobile devices.",
            "key obstacle": "The main difficulty is the inability of existing methods to effectively reduce the computational redundancy in ViT models without significantly impacting accuracy."
        },
        "idea": {
            "intuition": "The idea is inspired by the observation that only informative patches and heads in ViT are necessary for accurate image recognition.",
            "opinion": "The proposed idea involves a cascade pruning framework named CP-ViT that predicts sparsity in ViT models progressively and dynamically.",
            "innovation": "The key innovation lies in the introduction of a cumulative score for reserving informative patches and heads, along with a dynamic pruning ratio adjustment technique based on layer-aware attention range."
        },
        "method": {
            "method name": "CP-ViT",
            "method abbreviation": "Cascade Vision Transformer Pruning",
            "method definition": "CP-ViT is a framework that progressively prunes ViT models by predicting sparsity to minimize computational redundancy while maintaining accuracy.",
            "method description": "The core of CP-ViT involves dynamically adjusting the pruning ratio based on the importance of patches and heads across the model.",
            "method steps": "1. Analyze the importance of patches and heads. 2. Calculate cumulative scores. 3. Apply dynamic pruning based on layer-aware attention. 4. Evaluate and adjust pruning ratios.",
            "principle": "This method is effective because it intelligently identifies and retains the most informative components of the ViT model, thus optimizing performance while reducing computational load."
        },
        "experiments": {
            "evaluation setting": "Extensive experiments were conducted on ImageNet, CIFAR-10, and CIFAR-100 using various pre-trained models to evaluate CP-ViT's performance.",
            "evaluation method": "The evaluation method involved measuring the reduction in FLOPs and monitoring accuracy loss during the progressive pruning of 50% of patches."
        },
        "conclusion": "The experiments demonstrated that CP-ViT effectively reduces over 40% of FLOPs while keeping accuracy loss within 1%, indicating its strong potential for practical deployment in resource-limited environments.",
        "discussion": {
            "advantage": "The key advantages of CP-ViT include its ability to significantly reduce computational costs while preserving model accuracy, making it suitable for mobile device deployment.",
            "limitation": "One limitation is that the effectiveness of the method may vary depending on the specific architecture of the ViT model being pruned.",
            "future work": "Future research could focus on refining the pruning techniques and exploring their application to other neural network architectures beyond ViT."
        },
        "other info": {
            "info1": "CP-ViT can be applied to a wide range of ViT models.",
            "info2": {
                "info2.1": "The method shows general applicability for practical deployment.",
                "info2.2": "CP-ViT can achieve superior accuracy with or without fine-tuning."
            }
        }
    },
    "mount_outline": [
        {
            "section number": "1.1",
            "key information": "The high computational cost of vision transformers limits their usability on mobile devices, highlighting the importance of pruning in enhancing model efficiency."
        },
        {
            "section number": "2.2",
            "key information": "CP-ViT is a framework that progressively prunes ViT models by predicting sparsity to minimize computational redundancy while maintaining accuracy."
        },
        {
            "section number": "2.3",
            "key information": "The method involves dynamically adjusting the pruning ratio based on the importance of patches and heads across the model, which enhances neural network efficiency."
        },
        {
            "section number": "3.1",
            "key information": "The proposed CP-ViT method represents a structured pruning approach that intelligently identifies and retains the most informative components of the ViT model."
        },
        {
            "section number": "4.1",
            "key information": "Criteria for evaluating CP-ViT include the reduction in FLOPs and accuracy retention during the progressive pruning of patches."
        },
        {
            "section number": "5.2",
            "key information": "CP-ViT effectively reduces over 40% of FLOPs while keeping accuracy loss within 1%, demonstrating significant impact on computational efficiency."
        },
        {
            "section number": "6.1",
            "key information": "The key advantages of CP-ViT include its ability to significantly reduce computational costs while preserving model accuracy, making it suitable for mobile device deployment."
        },
        {
            "section number": "6.3",
            "key information": "Future research could focus on refining the pruning techniques and exploring their application to other neural network architectures beyond ViT."
        }
    ],
    "similarity_score": null,
    "image": null,
    "path": "/home/liudingyuan/code/SurveyX/code/SurveyX-main/outputs/t14/papers/CP-ViT_ Cascade vision transformer pruning via progressive sparsity prediction.json"
}