{
    "from": null,
    "scholar_id": null,
    "detail_id": null,
    "title": "DARTS: Differentiable architecture search",
    "abstract": "This paper addresses the scalability challenge of architecture search by formulating the task in a differentiable manner. Unlike conventional approaches of applying evolution or reinforcement learning over a discrete and non-differentiable search space, our method is based on the continuous relaxation of the architecture representation, allowing efficient search of the architecture using gradient descent. Extensive experiments on CIFAR-10, ImageNet, Penn Treebank and WikiText-2 show that our algorithm excels in discovering high-performance convolutional architectures for image classification and recurrent architectures for language modeling, while being orders of magnitude faster than state-of-the-art non-differentiable techniques. Our implementation has been made publicly available to facilitate further research on efficient architecture search algorithms.",
    "arxivid": "1806.09055v2",
    "bib_name": "DARTS:Diff23",
    "md_text": "# DARTS: Differentiable architecture search\n\n\nabstract\n\nThis paper addresses the scalability challenge of architecture search by formulating the task in a differentiable manner. Unlike conventional approaches of applying evolution or reinforcement learning over a discrete and non-differentiable search space, our method is based on the continuous relaxation of the architecture representation, allowing efficient search of the architecture using gradient descent. Extensive experiments on CIFAR-10, ImageNet, Penn Treebank and WikiText-2 show that our algorithm excels in discovering high-performance convolutional architectures for image classification and recurrent architectures for language modeling, while being orders of magnitude faster than state-of-the-art non-differentiable techniques. Our implementation has been made publicly available to facilitate further research on efficient architecture search algorithms.",
    "paper_type": "method",
    "attri": {
        "background": "This paper addresses the scalability challenge of architecture search by formulating the task in a differentiable manner, highlighting the limitations of conventional approaches that use evolution or reinforcement learning over discrete and non-differentiable search spaces.",
        "problem": {
            "definition": "The problem is the inefficiency and scalability issues associated with traditional architecture search methods that rely on discrete representations.",
            "key obstacle": "The core obstacle is the non-differentiable nature of existing methods, which limits their ability to efficiently explore the architecture search space."
        },
        "idea": {
            "intuition": "The intuition behind the proposed idea is to leverage continuous relaxation of architecture representation, allowing for gradient-based optimization techniques.",
            "opinion": "The proposed idea involves using a differentiable approach to architecture search, enabling efficient exploration of potential architectures using gradient descent.",
            "innovation": "The primary innovation of this method lies in its formulation of architecture search as a differentiable problem, contrasting with traditional non-differentiable techniques."
        },
        "method": {
            "method name": "Differentiable Architecture Search (DARTS)",
            "method abbreviation": "DARTS",
            "method definition": "DARTS is a method that reformulates architecture search as a differentiable optimization problem, allowing the use of gradient descent to efficiently search for optimal architectures.",
            "method description": "This method enables the efficient discovery of high-performance architectures by continuously relaxing the architecture representation.",
            "method steps": "1. Define the architecture search space. 2. Apply continuous relaxation to architecture parameters. 3. Optimize the architecture using gradient descent. 4. Evaluate the discovered architecture on the target task.",
            "principle": "The effectiveness of this method is based on the ability to optimize architecture parameters using gradients, which allows for faster convergence compared to traditional methods."
        },
        "experiments": {
            "evaluation setting": "Extensive experiments were conducted on datasets including CIFAR-10, ImageNet, Penn Treebank, and WikiText-2, comparing the performance of DARTS against state-of-the-art non-differentiable techniques.",
            "evaluation method": "The performance of the method was assessed by measuring the accuracy of the discovered architectures on the respective tasks and comparing them with existing methods."
        },
        "conclusion": "The experiments demonstrate that DARTS excels in discovering high-performance convolutional architectures for image classification and recurrent architectures for language modeling, achieving results that are significantly faster than traditional methods.",
        "discussion": {
            "advantage": "The key advantage of DARTS is its ability to efficiently search the architecture space using gradient descent, leading to faster results without sacrificing performance.",
            "limitation": "A limitation of the method may include its dependency on the continuous relaxation, which might not always capture the discrete nature of certain architectures.",
            "future work": "Future work could focus on refining the continuous relaxation approach and exploring its applicability in other domains or tasks beyond those tested in this paper."
        },
        "other info": {}
    },
    "mount_outline": [
        {
            "section number": "1.1",
            "key information": "This paper addresses the scalability challenge of architecture search by formulating the task in a differentiable manner, highlighting the limitations of conventional approaches."
        },
        {
            "section number": "2.2",
            "key information": "DARTS is a method that reformulates architecture search as a differentiable optimization problem, allowing the use of gradient descent to efficiently search for optimal architectures."
        },
        {
            "section number": "3.1",
            "key information": "The core obstacle is the non-differentiable nature of existing methods, which limits their ability to efficiently explore the architecture search space."
        },
        {
            "section number": "4.1",
            "key information": "The performance of the method was assessed by measuring the accuracy of the discovered architectures on the respective tasks and comparing them with existing methods."
        },
        {
            "section number": "5.1",
            "key information": "The key advantage of DARTS is its ability to efficiently search the architecture space using gradient descent, leading to faster results without sacrificing performance."
        },
        {
            "section number": "6.3",
            "key information": "Future work could focus on refining the continuous relaxation approach and exploring its applicability in other domains or tasks beyond those tested in this paper."
        }
    ],
    "similarity_score": null,
    "image": null,
    "path": "/home/liudingyuan/code/SurveyX/code/SurveyX-main/outputs/t14/papers/DARTS_ Differentiable architecture search.json"
}