{
    "from": null,
    "scholar_id": null,
    "detail_id": null,
    "title": "Data-independent module-aware pruning for hierarchical vision transformers",
    "abstract": "Hierarchical vision transformers (ViTs) have two advantages over conventional ViTs. First, hierarchical ViTs achieve linear computational complexity with respect to image size by local self-attention. Second, hierarchical ViTs create hierarchical feature maps by merging image patches in deeper layers for dense prediction. However, existing pruning methods ignore the unique properties of hierarchical ViTs and use the magnitude value as the weight importance. This approach leads to two main drawbacks. First, the\"local\"attention weights are compared at a\"global\"level, which may cause some\"locally\"important weights to be pruned due to their relatively small magnitude\"globally\". The second issue with magnitude pruning is that it fails to consider the distinct weight distributions of the network, which are essential for extracting coarse to fine-grained features at various hierarchical levels. To solve the aforementioned issues, we have developed a Data-independent Module-Aware Pruning method (DIMAP) to compress hierarchical ViTs. To ensure that\"local\"attention weights at different hierarchical levels are compared fairly in terms of their contribution, we treat them as a module and examine their contribution by analyzing their information distortion. Furthermore, we introduce a novel weight metric that is solely based on weights and does not require input images, thereby eliminating the dependence on the patch merging process. Our method validates its usefulness and strengths on Swin Transformers of different sizes on ImageNet-1k classification. Notably, the top-5 accuracy drop is only 0.07% when we remove 52.5% FLOPs and 52.7% parameters of Swin-B. When we reduce 33.2% FLOPs and 33.2% parameters of Swin-S, we can even achieve a 0.8% higher relative top-5 accuracy than the original model. Code is available at: https://github.com/he-y/Data-independent-Module-Aware-Pruning",
    "arxivid": "2404.13648v1",
    "bib_name": "Data-indep197",
    "md_text": "# Data-independent module-aware pruning for hierarchical vision transformers\n\n\nabstract\n\nHierarchical vision transformers (ViTs) have two advantages over conventional ViTs. First, hierarchical ViTs achieve linear computational complexity with respect to image size by local self-attention. Second, hierarchical ViTs create hierarchical feature maps by merging image patches in deeper layers for dense prediction. However, existing pruning methods ignore the unique properties of hierarchical ViTs and use the magnitude value as the weight importance. This approach leads to two main drawbacks. First, the\"local\"attention weights are compared at a\"global\"level, which may cause some\"locally\"important weights to be pruned due to their relatively small magnitude\"globally\". The second issue with magnitude pruning is that it fails to consider the distinct weight distributions of the network, which are essential for extracting coarse to fine-grained features at various hierarchical levels. To solve the aforementioned issues, we have developed a Data-independent Module-Aware Pruning method (DIMAP) to compress hierarchical ViTs. To ensure that\"local\"attention weights at different hierarchical levels are compared fairly in terms of their contribution, we treat them as a module and examine their contribution by analyzing their information distortion. Furthermore, we introduce a novel weight metric that is solely based on weights and does not require input images, thereby eliminating the dependence on the patch merging process. Our method validates its usefulness and strengths on Swin Transformers of different sizes on ImageNet-1k classification. Notably, the top-5 accuracy drop is only 0.07% when we remove 52.5% FLOPs and 52.7% parameters of Swin-B. When we reduce 33.2% FLOPs and 33.2% parameters of Swin-S, we can even achieve a 0.8% higher relative top-5 accuracy than the original model. Code is available at: https://github.com/he-y/Data-independent-Module-Aware-Pruning",
    "paper_type": "method",
    "attri": {
        "background": "Hierarchical vision transformers (ViTs) have advantages over conventional ViTs, achieving linear computational complexity through local self-attention and creating hierarchical feature maps by merging image patches in deeper layers. Existing pruning methods overlook the unique properties of hierarchical ViTs, relying on magnitude values for weight importance, which can lead to ineffective pruning.",
        "problem": {
            "definition": "The problem addressed in this paper is the ineffective pruning of hierarchical vision transformers due to the reliance on magnitude values for weight importance, which does not consider the unique properties and weight distributions of hierarchical ViTs.",
            "key obstacle": "The core obstacle is that local attention weights are compared at a global level, leading to the pruning of locally important weights and failing to account for the distinct weight distributions necessary for feature extraction at various hierarchical levels."
        },
        "idea": {
            "intuition": "The intuition behind the proposed method is that local attention weights should be evaluated on their contribution within their respective modules rather than through a global comparison.",
            "opinion": "The proposed idea, Data-independent Module-Aware Pruning (DIMAP), focuses on compressing hierarchical ViTs by analyzing the information distortion of local attention weights and introducing a novel weight metric that operates independently of input images.",
            "innovation": "The primary innovation of DIMAP lies in its module-aware approach that fairly compares local attention weights based on their contributions, along with a weight metric that eliminates dependence on input images and the patch merging process."
        },
        "method": {
            "method name": "Data-independent Module-Aware Pruning",
            "method abbreviation": "DIMAP",
            "method definition": "DIMAP is a pruning method designed for hierarchical vision transformers that evaluates local attention weights based on their contribution to information distortion rather than relying on magnitude values.",
            "method description": "The core of DIMAP is to compress hierarchical ViTs by focusing on the contributions of local attention weights within their modules.",
            "method steps": "1. Analyze local attention weights as modules; 2. Evaluate their contributions using information distortion; 3. Apply a novel weight metric independent of input images for pruning.",
            "principle": "DIMAP is effective in solving the problem by ensuring that local attention weights are compared fairly and accurately reflect their importance in the context of hierarchical feature extraction."
        },
        "experiments": {
            "evaluation setting": "The experiments were conducted using Swin Transformers of different sizes on the ImageNet-1k dataset, comparing the performance before and after applying DIMAP.",
            "evaluation method": "The evaluation method involved measuring top-5 accuracy and analyzing the reduction in FLOPs and parameters after applying the pruning method."
        },
        "conclusion": "The experiments demonstrated that DIMAP effectively compresses hierarchical ViTs with minimal impact on accuracy, achieving only a 0.07% drop in top-5 accuracy while removing 52.5% FLOPs and 52.7% parameters, and even improving accuracy with a 33.2% reduction in FLOPs and parameters in some cases.",
        "discussion": {
            "advantage": "The key advantages of DIMAP include its ability to maintain high accuracy while significantly reducing model size and computational complexity, specifically tailored for hierarchical ViTs.",
            "limitation": "A limitation of DIMAP may be its reliance on the specific architecture of hierarchical ViTs, which could restrict its applicability to other types of models.",
            "future work": "Future work could explore the adaptation of DIMAP to other transformer architectures and investigate further improvements in pruning strategies that enhance efficiency without compromising performance."
        },
        "other info": {
            "code repository": "https://github.com/he-y/Data-independent-Module-Aware-Pruning"
        }
    },
    "mount_outline": [
        {
            "section number": "1.1",
            "key information": "Pruning contributes to model efficiency and performance by addressing the unique properties of hierarchical vision transformers, which conventional methods often overlook."
        },
        {
            "section number": "2.3",
            "key information": "The proposed method, Data-independent Module-Aware Pruning (DIMAP), focuses on evaluating local attention weights based on their contributions to information distortion rather than relying on magnitude values."
        },
        {
            "section number": "3.2",
            "key information": "DIMAP introduces a novel weight metric that operates independently of input images, providing a unique approach to pruning hierarchical vision transformers."
        },
        {
            "section number": "4.2",
            "key information": "The evaluation method involved measuring top-5 accuracy and analyzing the reduction in FLOPs and parameters after applying DIMAP, demonstrating its effectiveness."
        },
        {
            "section number": "5.1",
            "key information": "DIMAP achieves a minimal impact on accuracy, with only a 0.07% drop in top-5 accuracy while removing 52.5% FLOPs and 52.7% parameters."
        },
        {
            "section number": "6.1",
            "key information": "Best practices include analyzing local attention weights as modules and applying a weight metric that reflects their importance in hierarchical feature extraction."
        },
        {
            "section number": "6.3",
            "key information": "Future work could explore adapting DIMAP to other transformer architectures and improving pruning strategies to enhance efficiency without compromising performance."
        }
    ],
    "similarity_score": null,
    "image": null,
    "path": "/home/liudingyuan/code/SurveyX/code/SurveyX-main/outputs/t14/papers/Data-independent module-aware pruning for hierarchical vision transformers.json"
}