{
    "from": null,
    "scholar_id": null,
    "detail_id": null,
    "title": "Data-driven sparse structure selection for deep neural networks",
    "abstract": "Deep convolutional neural networks have liberated its extraordinary power on various tasks. However, it is still very challenging to deploy state-of-the-art models into real-world applications due to their high computational complexity. How can we design a compact and effective network without massive experiments and expert knowledge? In this paper, we propose a simple and effective framework to learn and prune deep models in an end-to-end manner. In our framework, a new type of parameter -- scaling factor is first introduced to scale the outputs of specific structures, such as neurons, groups or residual blocks. Then we add sparsity regularizations on these factors, and solve this optimization problem by a modified stochastic Accelerated Proximal Gradient (APG) method. By forcing some of the factors to zero, we can safely remove the corresponding structures, thus prune the unimportant parts of a CNN. Comparing with other structure selection methods that may need thousands of trials or iterative fine-tuning, our method is trained fully end-to-end in one training pass without bells and whistles. We evaluate our method, Sparse Structure Selection with several state-of-the-art CNNs, and demonstrate very promising results with adaptive depth and width selection.",
    "arxivid": "1707.01213v3",
    "bib_name": "Data-drive47",
    "md_text": "# Data-driven sparse structure selection for deep neural networks\n\n\nabstract\n\nDeep convolutional neural networks have liberated its extraordinary power on various tasks. However, it is still very challenging to deploy state-of-the-art models into real-world applications due to their high computational complexity. How can we design a compact and effective network without massive experiments and expert knowledge? In this paper, we propose a simple and effective framework to learn and prune deep models in an end-to-end manner. In our framework, a new type of parameter -- scaling factor is first introduced to scale the outputs of specific structures, such as neurons, groups or residual blocks. Then we add sparsity regularizations on these factors, and solve this optimization problem by a modified stochastic Accelerated Proximal Gradient (APG) method. By forcing some of the factors to zero, we can safely remove the corresponding structures, thus prune the unimportant parts of a CNN. Comparing with other structure selection methods that may need thousands of trials or iterative fine-tuning, our method is trained fully end-to-end in one training pass without bells and whistles. We evaluate our method, Sparse Structure Selection with several state-of-the-art CNNs, and demonstrate very promising results with adaptive depth and width selection.",
    "paper_type": "method",
    "attri": {
        "background": "This paper addresses the challenge of deploying state-of-the-art deep convolutional neural networks in real-world applications due to their high computational complexity. Previous methods often require extensive experimentation and expert knowledge to design compact and effective networks, highlighting the need for a new approach.",
        "problem": {
            "definition": "The problem is the difficulty in designing compact and efficient deep neural networks that can be deployed in practical applications without extensive trial-and-error or expert intervention.",
            "key obstacle": "The main challenge is the high computational complexity of existing models, which makes them impractical for real-world use."
        },
        "idea": {
            "intuition": "The idea was inspired by the need to simplify the network design process while maintaining effectiveness, leading to the introduction of a new parameter for scaling outputs.",
            "opinion": "The proposed idea involves a framework that learns and prunes deep models in an end-to-end manner by introducing scaling factors and applying sparsity regularizations.",
            "innovation": "The primary innovation lies in the introduction of scaling factors for specific structures within the network, allowing for the pruning of unimportant components without the need for extensive trials or fine-tuning."
        },
        "method": {
            "method name": "Sparse Structure Selection",
            "method abbreviation": "SSS",
            "method definition": "Sparse Structure Selection is a method that learns and prunes deep convolutional neural networks by introducing scaling factors and applying sparsity regularizations, optimizing the network in a single training pass.",
            "method description": "The method focuses on scaling outputs of specific structures within the network and pruning them based on learned sparsity.",
            "method steps": "1. Introduce scaling factors for specific network structures. 2. Apply sparsity regularizations to these factors. 3. Solve the optimization problem using a modified stochastic Accelerated Proximal Gradient method. 4. Prune unimportant structures by setting their scaling factors to zero.",
            "principle": "The method is effective because it allows for the identification and removal of unimportant network structures, thereby reducing complexity while retaining performance."
        },
        "experiments": {
            "evaluation setting": "The evaluation was conducted using several state-of-the-art CNN architectures to assess the performance of the Sparse Structure Selection method.",
            "evaluation method": "The performance of the method was measured by comparing it with other structure selection methods, focusing on adaptive depth and width selection."
        },
        "conclusion": "The experiments demonstrated promising results for the Sparse Structure Selection method, highlighting its effectiveness in learning and pruning deep models end-to-end without extensive trials.",
        "discussion": {
            "advantage": "The key advantages of the proposed approach include its ability to perform structure selection in a single training pass and its effectiveness in reducing computational complexity without sacrificing performance.",
            "limitation": "One limitation of the method may be its reliance on the accuracy of the scaling factors, which could impact the pruning effectiveness if not properly optimized.",
            "future work": "Future research could explore improvements in the scaling factor optimization process and investigate the applicability of the method to other types of neural network architectures."
        },
        "other info": []
    },
    "mount_outline": [
        {
            "section number": "1.1",
            "key information": "Pruning contributes to model efficiency and performance by simplifying the network design process while maintaining effectiveness."
        },
        {
            "section number": "2.2",
            "key information": "Sparse Structure Selection is a method that learns and prunes deep convolutional neural networks by introducing scaling factors and applying sparsity regularizations, optimizing the network in a single training pass."
        },
        {
            "section number": "2.3",
            "key information": "The proposed method focuses on scaling outputs of specific structures within the network and pruning them based on learned sparsity, allowing for the identification and removal of unimportant network structures."
        },
        {
            "section number": "3.2",
            "key information": "The innovation of introducing scaling factors for specific structures within the network allows for effective pruning without the need for extensive trials or fine-tuning."
        },
        {
            "section number": "4.2",
            "key information": "The performance of the Sparse Structure Selection method was measured by comparing it with other structure selection methods, focusing on adaptive depth and width selection."
        },
        {
            "section number": "5.1",
            "key information": "The approach reduces computational complexity while retaining performance, highlighting the trade-off between model size and accuracy."
        },
        {
            "section number": "6.1",
            "key information": "Best practices include performing structure selection in a single training pass and optimizing scaling factors to enhance pruning effectiveness."
        },
        {
            "section number": "6.3",
            "key information": "Future work could explore improvements in the scaling factor optimization process and investigate the applicability of the Sparse Structure Selection method to other types of neural network architectures."
        }
    ],
    "similarity_score": null,
    "image": null,
    "path": "/home/liudingyuan/code/SurveyX/code/SurveyX-main/outputs/t14/papers/Data-driven sparse structure selection for deep neural networks.json"
}