{
    "from": null,
    "scholar_id": null,
    "detail_id": null,
    "title": "Deep compression: Compressing deep neural networks with pruning, trained quantization and huffman coding",
    "abstract": "Neural networks are both computationally intensive and memory intensive, making them difficult to deploy on embedded systems with limited hardware resources. To address this limitation, we introduce \"deep compression\", a three stage pipeline: pruning, trained quantization and Huffman coding, that work together to reduce the storage requirement of neural networks by 35x to 49x without affecting their accuracy. Our method first prunes the network by learning only the important connections. Next, we quantize the weights to enforce weight sharing, finally, we apply Huffman coding. After the first two steps we retrain the network to fine tune the remaining connections and the quantized centroids. Pruning, reduces the number of connections by 9x to 13x; Quantization then reduces the number of bits that represent each connection from 32 to 5. On the ImageNet dataset, our method reduced the storage required by AlexNet by 35x, from 240MB to 6.9MB, without loss of accuracy. Our method reduced the size of VGG-16 by 49x from 552MB to 11.3MB, again with no loss of accuracy. This allows fitting the model into on-chip SRAM cache rather than off-chip DRAM memory. Our compression method also facilitates the use of complex neural networks in mobile applications where application size and download bandwidth are constrained. Benchmarked on CPU, GPU and mobile GPU, compressed network has 3x to 4x layerwise speedup and 3x to 7x better energy efficiency.",
    "arxivid": "1510.00149v5",
    "bib_name": "Deepcompre11",
    "md_text": "# Deep compression: Compressing deep neural networks with pruning, trained quantization and huffman coding\n\n\nabstract\n\nNeural networks are both computationally intensive and memory intensive, making them difficult to deploy on embedded systems with limited hardware resources. To address this limitation, we introduce \"deep compression\", a three stage pipeline: pruning, trained quantization and Huffman coding, that work together to reduce the storage requirement of neural networks by 35x to 49x without affecting their accuracy. Our method first prunes the network by learning only the important connections. Next, we quantize the weights to enforce weight sharing, finally, we apply Huffman coding. After the first two steps we retrain the network to fine tune the remaining connections and the quantized centroids. Pruning, reduces the number of connections by 9x to 13x; Quantization then reduces the number of bits that represent each connection from 32 to 5. On the ImageNet dataset, our method reduced the storage required by AlexNet by 35x, from 240MB to 6.9MB, without loss of accuracy. Our method reduced the size of VGG-16 by 49x from 552MB to 11.3MB, again with no loss of accuracy. This allows fitting the model into on-chip SRAM cache rather than off-chip DRAM memory. Our compression method also facilitates the use of complex neural networks in mobile applications where application size and download bandwidth are constrained. Benchmarked on CPU, GPU and mobile GPU, compressed network has 3x to 4x layerwise speedup and 3x to 7x better energy efficiency.",
    "paper_type": "method",
    "attri": {
        "background": "Neural networks are both computationally intensive and memory intensive, making them difficult to deploy on embedded systems with limited hardware resources. This paper introduces 'deep compression', a method necessary to significantly reduce the storage requirement of neural networks while maintaining their accuracy.",
        "problem": {
            "definition": "The problem addressed is the challenge of deploying deep neural networks on hardware with limited resources due to their high computational and memory demands.",
            "key obstacle": "The core obstacle is the extensive memory required for storing the weights and connections of neural networks, which limits their usability in resource-constrained environments."
        },
        "idea": {
            "intuition": "The idea was inspired by the observation that many connections in neural networks are not critical for performance, allowing for significant reductions in size without sacrificing accuracy.",
            "opinion": "The proposed idea combines pruning, trained quantization, and Huffman coding into a cohesive method to compress neural networks effectively.",
            "innovation": "The primary innovation lies in the three-stage pipeline that integrates these techniques to achieve a compression ratio of 35x to 49x while preserving model accuracy."
        },
        "method": {
            "method name": "Deep Compression",
            "method abbreviation": "DC",
            "method definition": "Deep Compression is a method that reduces the storage requirements of neural networks through pruning, quantization, and Huffman coding.",
            "method description": "The method involves three stages: pruning the network, quantizing the weights, and applying Huffman coding to achieve significant compression.",
            "method steps": [
                "Prune the network to remove unimportant connections.",
                "Quantize the weights to reduce the number of bits representing each connection.",
                "Apply Huffman coding to further compress the data."
            ],
            "principle": "This method is effective because it systematically reduces both the number of connections and the precision of weights, leading to a smaller model size while retaining performance."
        },
        "experiments": {
            "evaluation setting": "The method was evaluated on the ImageNet dataset, comparing the compressed models to their original versions, specifically AlexNet and VGG-16.",
            "evaluation method": "Performance was assessed based on storage size reduction and accuracy retention, as well as benchmarking on CPU, GPU, and mobile GPU for speed and energy efficiency."
        },
        "conclusion": "The experiments demonstrated that the deep compression method successfully reduced the storage size of neural networks by 35x to 49x without any loss of accuracy, making complex models feasible for deployment in mobile applications.",
        "discussion": {
            "advantage": "The key advantages include significant reductions in storage requirements and improved speed and energy efficiency, making neural networks more accessible for embedded systems.",
            "limitation": "A limitation of the method may include the potential complexity of the implementation and the need for retraining after pruning and quantization.",
            "future work": "Future research could focus on optimizing the pruning and quantization processes further and exploring additional compression techniques to enhance performance."
        },
        "other info": []
    },
    "mount_outline": [
        {
            "section number": "1.1",
            "key information": "Pruning is essential for reducing the storage requirements of neural networks while maintaining accuracy, contributing to model efficiency and performance."
        },
        {
            "section number": "2.2",
            "key information": "Deep Compression is a method that reduces storage requirements through pruning, quantization, and Huffman coding."
        },
        {
            "section number": "2.3",
            "key information": "The method involves pruning the network to remove unimportant connections, which enhances neural network efficiency and performance."
        },
        {
            "section number": "3.1",
            "key information": "Structured and unstructured pruning approaches are key components of the Deep Compression method."
        },
        {
            "section number": "4.1",
            "key information": "Performance was assessed based on storage size reduction and accuracy retention, which are criteria used to compare pruning methods."
        },
        {
            "section number": "5.1",
            "key information": "The deep compression method demonstrates trade-offs between model size and accuracy, achieving a compression ratio of 35x to 49x without loss of accuracy."
        },
        {
            "section number": "6.1",
            "key information": "Best practices include implementing pruning, quantization, and Huffman coding systematically to achieve effective neural network compression."
        },
        {
            "section number": "6.2",
            "key information": "A limitation of the deep compression method may include the potential complexity of implementation and the need for retraining after pruning and quantization."
        }
    ],
    "similarity_score": null,
    "image": null,
    "path": "/home/liudingyuan/code/SurveyX/code/SurveyX-main/outputs/t14/papers/Deep compression_ Compressing deep neural networks with pruning, trained quantization and huffman coding.json"
}