{
    "from": null,
    "scholar_id": null,
    "detail_id": null,
    "title": "Deep residual learning for image recognition",
    "abstract": "Deeper neural networks are more difficult to train. We present a residual learning framework to ease the training of networks that are substantially deeper than those used previously. We explicitly reformulate the layers as learning residual functions with reference to the layer inputs, instead of learning unreferenced functions. We provide comprehensive empirical evidence showing that these residual networks are easier to optimize, and can gain accuracy from considerably increased depth. On the ImageNet dataset we evaluate residual nets with a depth of up to 152 layers - 8\u00d7 deeper than VGG nets [40] but still having lower complexity. An ensemble of these residual nets achieves 3.57% error on the ImageNet test set. This result won the 1st place on the ILSVRC 2015 classification task. We also present analysis on CIFAR-10 with 100 and 1000 layers. The depth of representations is of central importance for many visual recognition tasks. Solely due to our extremely deep representations, we obtain a 28% relative improvement on the COCO object detection dataset. Deep residual nets are foundations of our submissions to ILSVRC & COCO 2015 competitions1, where we also won the 1st places on the tasks of ImageNet detection, ImageNet localization, COCO detection, and COCO segmentation.",
    "arxivid": "1512.03385v1",
    "bib_name": "Deepresidu7",
    "md_text": "# Deep residual learning for image recognition\n\n\nabstract\n\nDeeper neural networks are more difficult to train. We present a residual learning framework to ease the training of networks that are substantially deeper than those used previously. We explicitly reformulate the layers as learning residual functions with reference to the layer inputs, instead of learning unreferenced functions. We provide comprehensive empirical evidence showing that these residual networks are easier to optimize, and can gain accuracy from considerably increased depth. On the ImageNet dataset we evaluate residual nets with a depth of up to 152 layers - 8\u00d7 deeper than VGG nets [40] but still having lower complexity. An ensemble of these residual nets achieves 3.57% error on the ImageNet test set. This result won the 1st place on the ILSVRC 2015 classification task. We also present analysis on CIFAR-10 with 100 and 1000 layers. The depth of representations is of central importance for many visual recognition tasks. Solely due to our extremely deep representations, we obtain a 28% relative improvement on the COCO object detection dataset. Deep residual nets are foundations of our submissions to ILSVRC & COCO 2015 competitions1, where we also won the 1st places on the tasks of ImageNet detection, ImageNet localization, COCO detection, and COCO segmentation.",
    "paper_type": "method",
    "attri": {
        "background": "This paper addresses the issue of training deeper neural networks, which are known to be more challenging to optimize. Previous methods struggled with this complexity, necessitating a breakthrough to enhance training efficacy.",
        "problem": {
            "definition": "The problem is the difficulty in training very deep neural networks effectively, which limits their performance and usability in practical applications.",
            "key obstacle": "The core obstacle is that as the depth of the network increases, the optimization becomes harder, leading to issues such as vanishing gradients and ineffective training."
        },
        "idea": {
            "intuition": "The idea is inspired by the observation that learning residual functions with respect to the inputs can simplify the training process for deeper networks.",
            "opinion": "The proposed idea is to reformulate the layers of the network to focus on learning residuals rather than direct mappings, thereby improving optimization.",
            "innovation": "The primary innovation is the introduction of residual learning, which allows for the construction of networks that are significantly deeper (up to 152 layers) while maintaining lower complexity compared to existing architectures."
        },
        "method": {
            "method name": "Residual Learning Framework",
            "method abbreviation": "ResNet",
            "method definition": "The method involves reformulating the layers of a neural network to learn residual functions, which are the differences between the desired output and the input.",
            "method description": "This framework enables the training of very deep networks by allowing them to learn residuals, making the optimization process more manageable.",
            "method steps": "1. Reformulate layers to learn residuals. 2. Train the network using the residual learning approach. 3. Evaluate performance on benchmark datasets.",
            "principle": "The effectiveness of this method lies in its ability to mitigate the degradation problem associated with deep networks, allowing for improved accuracy as depth increases."
        },
        "experiments": {
            "evaluation setting": "The experiments were conducted on the ImageNet dataset with residual networks of varying depths, including up to 152 layers, and compared against baseline methods like VGG nets.",
            "evaluation method": "Performance was assessed by measuring error rates on the ImageNet test set and other datasets, analyzing the impact of network depth on accuracy."
        },
        "conclusion": "The experiments demonstrated that deep residual networks significantly outperform traditional networks in terms of accuracy, achieving a 3.57% error rate on ImageNet and winning first place in multiple competitions.",
        "discussion": {
            "advantage": "The key advantages of the proposed approach include the ability to train very deep networks effectively and achieve superior performance on image recognition tasks.",
            "limitation": "One limitation is that while deeper networks can improve accuracy, they may also require more computational resources and longer training times.",
            "future work": "Future research could focus on optimizing the training process further and exploring the application of residual learning in other domains beyond image recognition."
        },
        "other info": {
            "info1": "The method was foundational for submissions to ILSVRC & COCO 2015 competitions.",
            "info2": {
                "info2.1": "Achieved first place in tasks of ImageNet detection.",
                "info2.2": "Achieved first place in tasks of ImageNet localization.",
                "info2.3": "Achieved first place in tasks of COCO detection.",
                "info2.4": "Achieved first place in tasks of COCO segmentation."
            }
        }
    },
    "mount_outline": [
        {
            "section number": "1.1",
            "key information": "The problem is the difficulty in training very deep neural networks effectively, which limits their performance and usability in practical applications."
        },
        {
            "section number": "1.2",
            "key information": "This paper addresses the issue of training deeper neural networks, which are known to be more challenging to optimize."
        },
        {
            "section number": "2.1",
            "key information": "The primary innovation is the introduction of residual learning, which allows for the construction of networks that are significantly deeper (up to 152 layers) while maintaining lower complexity compared to existing architectures."
        },
        {
            "section number": "2.2",
            "key information": "The method involves reformulating the layers of a neural network to learn residual functions, which are the differences between the desired output and the input."
        },
        {
            "section number": "4.3",
            "key information": "The experiments demonstrated that deep residual networks significantly outperform traditional networks in terms of accuracy, achieving a 3.57% error rate on ImageNet."
        },
        {
            "section number": "5.1",
            "key information": "One limitation is that while deeper networks can improve accuracy, they may also require more computational resources and longer training times."
        },
        {
            "section number": "6.3",
            "key information": "Future research could focus on optimizing the training process further and exploring the application of residual learning in other domains beyond image recognition."
        }
    ],
    "similarity_score": null,
    "image": null,
    "path": "/home/liudingyuan/code/SurveyX/code/SurveyX-main/outputs/t14/papers/Deep residual learning for image recognition.json"
}