{
    "from": null,
    "scholar_id": null,
    "detail_id": null,
    "title": "DepGraph: Towards any structural pruning",
    "abstract": "Structural pruning enables model acceleration by removing structurally-grouped parameters from neural networks. However, the parameter-grouping patterns vary widely across different models, making architecture-specific pruners, which rely on manually-designed grouping schemes, non-generalizable to new architectures. In this work, we study a highly-challenging yet barely-explored task, any structural pruning, to tackle general structural pruning of arbitrary architecture like CNNs, RNNs, GNNs and Transformers. The most prominent obstacle towards this goal lies in the structural coupling, which not only forces different layers to be pruned simultaneously, but also expects all removed parameters to be consistently unimportant, thereby avoiding structural issues and significant performance degradation after pruning. To address this problem, we propose a general and fully automatic method, Dependency Graph (DepGraph), to explicitly model the dependency between layers and comprehensively group coupled parameters for pruning. In this work, we extensively evaluate our method on several architectures and tasks, including ResNe(X)t, DenseNet, MobileNet and Vision transformer for images, GAT for graph, DGCNN for 3D point cloud, alongside LSTM for language, and demonstrate that, even with a simple norm-based criterion, the proposed method consistently yields gratifying performances.",
    "arxivid": "2301.12900v2",
    "bib_name": "DepGraph:T31",
    "md_text": "# DepGraph: Towards any structural pruning\n\n\nabstract\n\nStructural pruning enables model acceleration by removing structurally-grouped parameters from neural networks. However, the parameter-grouping patterns vary widely across different models, making architecture-specific pruners, which rely on manually-designed grouping schemes, non-generalizable to new architectures. In this work, we study a highly-challenging yet barely-explored task, any structural pruning, to tackle general structural pruning of arbitrary architecture like CNNs, RNNs, GNNs and Transformers. The most prominent obstacle towards this goal lies in the structural coupling, which not only forces different layers to be pruned simultaneously, but also expects all removed parameters to be consistently unimportant, thereby avoiding structural issues and significant performance degradation after pruning. To address this problem, we propose a general and fully automatic method, Dependency Graph (DepGraph), to explicitly model the dependency between layers and comprehensively group coupled parameters for pruning. In this work, we extensively evaluate our method on several architectures and tasks, including ResNe(X)t, DenseNet, MobileNet and Vision transformer for images, GAT for graph, DGCNN for 3D point cloud, alongside LSTM for language, and demonstrate that, even with a simple norm-based criterion, the proposed method consistently yields gratifying performances.",
    "paper_type": "method",
    "attri": {
        "background": "This paper addresses the issue of structural pruning in neural networks, which enables model acceleration by removing grouped parameters. Existing methods are architecture-specific and rely on manually-designed grouping schemes, making them non-generalizable to new architectures.",
        "problem": {
            "definition": "The paper aims to solve the problem of general structural pruning applicable to arbitrary architectures like CNNs, RNNs, GNNs, and Transformers.",
            "key obstacle": "The main challenge is structural coupling, which requires simultaneous pruning of different layers and ensures that all removed parameters are consistently unimportant to avoid performance degradation."
        },
        "idea": {
            "intuition": "The intuition behind the proposed idea is to model the dependencies between layers, allowing for a more comprehensive grouping of parameters for pruning.",
            "opinion": "The proposed idea, Dependency Graph (DepGraph), is a fully automatic method that models these dependencies to enable effective structural pruning.",
            "innovation": "The primary innovation of DepGraph lies in its ability to generalize across different architectures by explicitly modeling layer dependencies, which is a significant advancement over existing architecture-specific methods."
        },
        "method": {
            "method name": "Dependency Graph",
            "method abbreviation": "DepGraph",
            "method definition": "DepGraph is a general and fully automatic method that models the dependencies between layers in neural networks to group coupled parameters for pruning.",
            "method description": "The core of DepGraph is to create a dependency model that allows for effective structural pruning across various neural network architectures.",
            "method steps": "1. Model the dependencies between layers; 2. Group coupled parameters based on these dependencies; 3. Apply pruning to the grouped parameters.",
            "principle": "The effectiveness of DepGraph in solving the problem stems from its ability to ensure that all pruned parameters are consistently unimportant, thus maintaining model performance."
        },
        "experiments": {
            "evaluation setting": "The method was evaluated on several architectures and tasks, including ResNe(X)t, DenseNet, MobileNet, Vision transformer for images, GAT for graphs, DGCNN for 3D point clouds, and LSTM for language.",
            "evaluation method": "The performance of the method was assessed using a simple norm-based criterion across different architectures and tasks."
        },
        "conclusion": "The experiments demonstrated that DepGraph consistently yields gratifying performances across various architectures, indicating its effectiveness in structural pruning.",
        "discussion": {
            "advantage": "The key advantage of DepGraph is its generalizability across different neural network architectures, allowing for effective structural pruning without manual design.",
            "limitation": "One limitation of the method may be its reliance on a norm-based criterion, which could affect its performance in certain scenarios.",
            "future work": "Future research could explore improvements in the norm-based criterion and further investigate the application of DepGraph to additional architectures and tasks."
        },
        "other info": []
    },
    "mount_outline": [
        {
            "section number": "1.1",
            "key information": "The paper addresses the issue of structural pruning in neural networks, which enables model acceleration by removing grouped parameters."
        },
        {
            "section number": "2.3",
            "key information": "The proposed idea, Dependency Graph (DepGraph), is a fully automatic method that models the dependencies between layers to enable effective structural pruning."
        },
        {
            "section number": "3.1",
            "key information": "The main challenge in structural pruning is structural coupling, which requires simultaneous pruning of different layers while ensuring that all removed parameters are consistently unimportant."
        },
        {
            "section number": "4.1",
            "key information": "The effectiveness of DepGraph stems from its ability to ensure that all pruned parameters are consistently unimportant, thus maintaining model performance."
        },
        {
            "section number": "5.3",
            "key information": "The experiments demonstrated that DepGraph consistently yields gratifying performances across various architectures, indicating its effectiveness in structural pruning."
        },
        {
            "section number": "6.2",
            "key information": "One limitation of the method may be its reliance on a norm-based criterion, which could affect its performance in certain scenarios."
        }
    ],
    "similarity_score": null,
    "image": null,
    "path": "/home/liudingyuan/code/SurveyX/code/SurveyX-main/outputs/t14/papers/DepGraph_ Towards any structural pruning.json"
}