{
    "from": null,
    "scholar_id": null,
    "detail_id": null,
    "title": "DHP: Differentiable meta pruning via hypernetworks",
    "abstract": "Network pruning has been the driving force for the acceleration of neural networks and the alleviation of model storage/transmission burden. With the advent of AutoML and neural architecture search (NAS), pruning has become topical with automatic mechanism and searching based architecture optimization. Yet, current automatic designs rely on either reinforcement learning or evolutionary algorithm. Due to the non-differentiability of those algorithms, the pruning algorithm needs a long searching stage before reaching the convergence. \nTo circumvent this problem, this paper introduces a differentiable pruning method via hypernetworks for automatic network pruning. The specifically designed hypernetworks take latent vectors as input and generate the weight parameters of the backbone network. The latent vectors control the output channels of the convolutional layers in the backbone network and act as a handle for the pruning of the layers. By enforcing $\\ell_1$ sparsity regularization to the latent vectors and utilizing proximal gradient solver, sparse latent vectors can be obtained. Passing the sparsified latent vectors through the hypernetworks, the corresponding slices of the generated weight parameters can be removed, achieving the effect of network pruning. The latent vectors of all the layers are pruned together, resulting in an automatic layer configuration. Extensive experiments are conducted on various networks for image classification, single image super-resolution, and denoising. And the experimental results validate the proposed method.",
    "arxivid": "2003.13683v3",
    "bib_name": "DHP:Differ128",
    "md_text": "# DHP: Differentiable meta pruning via hypernetworks\n\n\nabstract\n\nNetwork pruning has been the driving force for the acceleration of neural networks and the alleviation of model storage/transmission burden. With the advent of AutoML and neural architecture search (NAS), pruning has become topical with automatic mechanism and searching based architecture optimization. Yet, current automatic designs rely on either reinforcement learning or evolutionary algorithm. Due to the non-differentiability of those algorithms, the pruning algorithm needs a long searching stage before reaching the convergence. \nTo circumvent this problem, this paper introduces a differentiable pruning method via hypernetworks for automatic network pruning. The specifically designed hypernetworks take latent vectors as input and generate the weight parameters of the backbone network. The latent vectors control the output channels of the convolutional layers in the backbone network and act as a handle for the pruning of the layers. By enforcing $\\ell_1$ sparsity regularization to the latent vectors and utilizing proximal gradient solver, sparse latent vectors can be obtained. Passing the sparsified latent vectors through the hypernetworks, the corresponding slices of the generated weight parameters can be removed, achieving the effect of network pruning. The latent vectors of all the layers are pruned together, resulting in an automatic layer configuration. Extensive experiments are conducted on various networks for image classification, single image super-resolution, and denoising. And the experimental results validate the proposed method.",
    "paper_type": "method",
    "attri": null,
    "mount_outline": [
        {
            "section number": "1.1",
            "key information": "Pruning is essential for enhancing model efficiency and performance in deep neural networks, allowing for faster inference and reduced resource consumption."
        },
        {
            "section number": "2.3",
            "key information": "Pruning techniques play a critical role in improving the efficiency of neural networks by eliminating redundant parameters and connections."
        },
        {
            "section number": "3.1",
            "key information": "Structured pruning focuses on removing entire neurons or filters, while unstructured pruning targets individual weights, leading to different implementations and efficiency gains."
        },
        {
            "section number": "4.1",
            "key information": "Criteria for evaluating pruning methods include computational efficiency, accuracy retention, and the impact on model size."
        },
        {
            "section number": "5.1",
            "key information": "There is a trade-off between model size reduction through pruning and the retention of accuracy, which must be carefully balanced."
        },
        {
            "section number": "6.1",
            "key information": "Best practices for neural network pruning include gradual pruning strategies and monitoring performance metrics to ensure minimal accuracy loss."
        }
    ],
    "similarity_score": null,
    "image": null,
    "path": "/home/liudingyuan/code/SurveyX/code/SurveyX-main/outputs/t14/papers/DHP_ Differentiable meta pruning via hypernetworks.json"
}