{
    "from": null,
    "scholar_id": null,
    "detail_id": null,
    "title": "Distilling the knowledge in a neural network",
    "abstract": "A very simple way to improve the performance of almost any machine learning algorithm is to train many different models on the same data and then to average their predictions. Unfortunately, making predictions using a whole ensemble of models is cumbersome and may be too computationally expensive to allow deployment to a large number of users, especially if the individual models are large neural nets. Caruana and his collaborators have shown that it is possible to compress the knowledge in an ensemble into a single model which is much easier to deploy and we develop this approach further using a different compression technique. We achieve some surprising results on MNIST and we show that we can significantly improve the acoustic model of a heavily used commercial system by distilling the knowledge in an ensemble of models into a single model. We also introduce a new type of ensemble composed of one or more full models and many specialist models which learn to distinguish fine-grained classes that the full models confuse. Unlike a mixture of experts, these specialist models can be trained rapidly and in parallel.",
    "arxivid": "1503.02531v1",
    "bib_name": "Distilling162",
    "md_text": "# Distilling the knowledge in a neural network\n\n\nabstract\n\nA very simple way to improve the performance of almost any machine learning algorithm is to train many different models on the same data and then to average their predictions. Unfortunately, making predictions using a whole ensemble of models is cumbersome and may be too computationally expensive to allow deployment to a large number of users, especially if the individual models are large neural nets. Caruana and his collaborators have shown that it is possible to compress the knowledge in an ensemble into a single model which is much easier to deploy and we develop this approach further using a different compression technique. We achieve some surprising results on MNIST and we show that we can significantly improve the acoustic model of a heavily used commercial system by distilling the knowledge in an ensemble of models into a single model. We also introduce a new type of ensemble composed of one or more full models and many specialist models which learn to distinguish fine-grained classes that the full models confuse. Unlike a mixture of experts, these specialist models can be trained rapidly and in parallel.",
    "paper_type": "method",
    "attri": {
        "background": "This paper addresses the issue of improving the performance of machine learning algorithms through ensemble methods, highlighting the challenges of computational expense and deployment in large-scale applications.",
        "problem": {
            "definition": "The problem is the difficulty in deploying ensemble models, particularly large neural networks, due to their computational cost and complexity.",
            "key obstacle": "The main challenge is the cumbersome nature of using multiple models for predictions, which can hinder practical applications."
        },
        "idea": {
            "intuition": "The idea is inspired by the potential to compress the knowledge from an ensemble of models into a single model for easier deployment.",
            "opinion": "The proposed idea involves developing a new compression technique to distill knowledge from ensembles into a single, more efficient model.",
            "innovation": "The innovation lies in the introduction of a new type of ensemble that includes full models and specialist models for fine-grained classification, which can be trained rapidly and in parallel."
        },
        "method": {
            "method name": "Knowledge Distillation",
            "method abbreviation": "KD",
            "method definition": "Knowledge Distillation is a technique that compresses the knowledge from an ensemble of models into a single model, making it more efficient for deployment.",
            "method description": "The core of the method involves training a single model to replicate the predictions of an ensemble of models.",
            "method steps": "1. Train an ensemble of models on the same dataset. 2. Use the predictions from the ensemble to train a single model. 3. Incorporate specialist models for fine-grained classification where needed.",
            "principle": "This method is effective because it allows a single model to capture the collective knowledge of multiple models, reducing computational requirements while maintaining performance."
        },
        "experiments": {
            "evaluation setting": "The experiments were conducted using the MNIST dataset and involved comparing the performance of the distilled model against the original ensemble and baseline methods.",
            "evaluation method": "The performance of the method was assessed by measuring accuracy and computational efficiency, analyzing how well the distilled model mimics the ensemble's predictions."
        },
        "conclusion": "The outcomes demonstrate that knowledge distillation can significantly enhance model performance and deployment efficiency, particularly in commercial applications.",
        "discussion": {
            "advantage": "The key advantage of the proposed approach is its ability to simplify model deployment while retaining high accuracy, making it suitable for large-scale applications.",
            "limitation": "A limitation of the method may include potential loss of information during the distillation process, which could affect performance in certain scenarios.",
            "future work": "Future research could explore optimizing the training of specialist models and further enhancing the distillation techniques to minimize information loss."
        },
        "other info": {
            "additional insights": "The paper emphasizes the importance of efficient model deployment in real-world applications, especially for commercial systems."
        }
    },
    "mount_outline": [
        {
            "section number": "1.1",
            "key information": "The paper addresses the importance of improving the performance of machine learning algorithms through ensemble methods, which contributes to model efficiency and performance."
        },
        {
            "section number": "2.2",
            "key information": "The paper discusses the challenges of computational expense and deployment in large-scale applications, highlighting the need for effective model compression techniques."
        },
        {
            "section number": "2.3",
            "key information": "Knowledge Distillation is introduced as a technique that compresses the knowledge from an ensemble of models into a single model, enhancing neural network efficiency and performance."
        },
        {
            "section number": "4.1",
            "key information": "The evaluation method in the experiments measures accuracy and computational efficiency, which can serve as criteria for comparing pruning methods."
        },
        {
            "section number": "5.1",
            "key information": "The paper discusses the trade-off between reducing model size through knowledge distillation and maintaining accuracy, which is relevant to the analysis of pruning impacts."
        },
        {
            "section number": "6.1",
            "key information": "The proposed approach simplifies model deployment while retaining high accuracy, suggesting best practices for implementing effective pruning in neural networks."
        },
        {
            "section number": "6.3",
            "key information": "Future research could explore optimizing the training of specialist models and enhancing distillation techniques, which are ongoing challenges in neural network pruning."
        }
    ],
    "similarity_score": null,
    "image": null,
    "path": "/home/liudingyuan/code/SurveyX/code/SurveyX-main/outputs/t14/papers/Distilling the knowledge in a neural network.json"
}