{
    "from": null,
    "scholar_id": null,
    "detail_id": null,
    "title": "DMCP: Differentiable Markov channel pruning for neural networks",
    "abstract": "Recent works imply that the channel pruning can be regarded as searching optimal sub-structure from unpruned networks. However, existing works based on this observation require training and evaluating a large number of structures, which limits their application. In this paper, we propose a novel differentiable method for channel pruning, named Differentiable Markov Channel Pruning (DMCP), to efficiently search the optimal sub-structure. Our method is differentiable and can be directly optimized by gradient descent with respect to standard task loss and budget regularization (e.g. FLOPs constraint). In DMCP, we model the channel pruning as a Markov process, in which each state represents for retaining the corresponding channel during pruning, and transitions between states denote the pruning process. In the end, our method is able to implicitly select the proper number of channels in each layer by the Markov process with optimized transitions. To validate the effectiveness of our method, we perform extensive experiments on Imagenet with ResNet and MobilenetV2. Results show our method can achieve consistent improvement than state-of-the-art pruning methods in various FLOPs settings.",
    "arxivid": "2005.03354v2",
    "bib_name": "DMCP:Diffe80",
    "md_text": "# DMCP: Differentiable Markov channel pruning for neural networks\n\n\nabstract\n\nRecent works imply that the channel pruning can be regarded as searching optimal sub-structure from unpruned networks. However, existing works based on this observation require training and evaluating a large number of structures, which limits their application. In this paper, we propose a novel differentiable method for channel pruning, named Differentiable Markov Channel Pruning (DMCP), to efficiently search the optimal sub-structure. Our method is differentiable and can be directly optimized by gradient descent with respect to standard task loss and budget regularization (e.g. FLOPs constraint). In DMCP, we model the channel pruning as a Markov process, in which each state represents for retaining the corresponding channel during pruning, and transitions between states denote the pruning process. In the end, our method is able to implicitly select the proper number of channels in each layer by the Markov process with optimized transitions. To validate the effectiveness of our method, we perform extensive experiments on Imagenet with ResNet and MobilenetV2. Results show our method can achieve consistent improvement than state-of-the-art pruning methods in various FLOPs settings.",
    "paper_type": "method",
    "attri": {
        "background": "This paper addresses the issue of channel pruning in neural networks, highlighting the limitations of existing methods that require extensive training and evaluation of numerous structures, which hampers their practicality.",
        "problem": {
            "definition": "The problem is the inefficiency of current channel pruning methods that do not optimize the search for the best sub-structure in neural networks.",
            "key obstacle": "The main challenge is the computational burden associated with training and evaluating a large number of potential structures for pruning."
        },
        "idea": {
            "intuition": "The idea is inspired by the observation that channel pruning can be framed as a search for optimal sub-structures, which can be made more efficient through a differentiable approach.",
            "opinion": "The proposed idea introduces Differentiable Markov Channel Pruning (DMCP), which allows for efficient optimization of channel selection through a Markov process.",
            "innovation": "The key innovation lies in modeling the channel pruning as a Markov process, enabling direct optimization via gradient descent, which contrasts with traditional methods that require exhaustive search."
        },
        "method": {
            "method name": "Differentiable Markov Channel Pruning",
            "method abbreviation": "DMCP",
            "method definition": "DMCP is a differentiable method for channel pruning that optimizes the selection of channels in neural networks by treating the pruning process as a Markov process.",
            "method description": "The core of DMCP involves modeling the pruning process as a Markov chain, where states represent channel retention and transitions denote the pruning process.",
            "method steps": "1. Model the channel pruning as a Markov process. 2. Define states for channel retention. 3. Optimize transitions using gradient descent with respect to task loss and budget constraints.",
            "principle": "This method is effective because it allows for the implicit selection of the appropriate number of channels in each layer through optimized transitions in the Markov process."
        },
        "experiments": {
            "evaluation setting": "Extensive experiments were conducted on the Imagenet dataset using ResNet and MobilenetV2 architectures to validate the effectiveness of DMCP.",
            "evaluation method": "The performance of DMCP was assessed by comparing its results against state-of-the-art pruning methods across various FLOPs settings."
        },
        "conclusion": "The experiments demonstrate that DMCP consistently outperforms existing pruning methods, achieving significant improvements in efficiency and effectiveness.",
        "discussion": {
            "advantage": "The primary advantage of DMCP is its ability to efficiently search for optimal channel configurations without the computational overhead of traditional methods.",
            "limitation": "A limitation of the method could be its dependency on the quality of the initial unpruned model, as the effectiveness of pruning may vary based on the architecture.",
            "future work": "Future research may explore enhancements in the Markov modeling approach and its application to other neural network architectures beyond ResNet and MobilenetV2."
        },
        "other info": []
    },
    "mount_outline": [
        {
            "section number": "1.1",
            "key information": "This paper addresses the issue of channel pruning in neural networks, highlighting the limitations of existing methods that require extensive training and evaluation of numerous structures, which hampers their practicality."
        },
        {
            "section number": "2.3",
            "key information": "The proposed idea introduces Differentiable Markov Channel Pruning (DMCP), which allows for efficient optimization of channel selection through a Markov process."
        },
        {
            "section number": "3.2",
            "key information": "The key innovation lies in modeling the channel pruning as a Markov process, enabling direct optimization via gradient descent, which contrasts with traditional methods that require exhaustive search."
        },
        {
            "section number": "4.3",
            "key information": "The performance of DMCP was assessed by comparing its results against state-of-the-art pruning methods across various FLOPs settings."
        },
        {
            "section number": "5.1",
            "key information": "The primary advantage of DMCP is its ability to efficiently search for optimal channel configurations without the computational overhead of traditional methods."
        },
        {
            "section number": "6.3",
            "key information": "Future research may explore enhancements in the Markov modeling approach and its application to other neural network architectures beyond ResNet and MobilenetV2."
        }
    ],
    "similarity_score": null,
    "image": null,
    "path": "/home/liudingyuan/code/SurveyX/code/SurveyX-main/outputs/t14/papers/DMCP_ Differentiable Markov channel pruning for neural networks.json"
}