{
    "from": null,
    "scholar_id": null,
    "detail_id": null,
    "title": "Drawing early-bird tickets: towards more efficient training of deep networks",
    "abstract": "(Frankle & Carbin, 2019) shows that there exist winning tickets (small but critical subnetworks) for dense, randomly initialized networks, that can be trained alone to achieve comparable accuracies to the latter in a similar number of iterations. However, the identification of these winning tickets still requires the costly train-prune-retrain process, limiting their practical benefits. In this paper, we discover for the first time that the winning tickets can be identified at the very early training stage, which we term as early-bird (EB) tickets, via low-cost training schemes (e.g., early stopping and low-precision training) at large learning rates. Our finding of EB tickets is consistent with recently reported observations that the key connectivity patterns of neural networks emerge early. Furthermore, we propose a mask distance metric that can be used to identify EB tickets with low computational overhead, without needing to know the true winning tickets that emerge after the full training. Finally, we leverage the existence of EB tickets and the proposed mask distance to develop efficient training methods, which are achieved by first identifying EB tickets via low-cost schemes, and then continuing to train merely the EB tickets towards the target accuracy. Experiments based on various deep networks and datasets validate: 1) the existence of EB tickets, and the effectiveness of mask distance in efficiently identifying them; and 2) that the proposed efficient training via EB tickets can achieve up to 4.7x energy savings while maintaining comparable or even better accuracy, demonstrating a promising and easily adopted method for tackling cost-prohibitive deep network training.",
    "arxivid": "1909.11957v6",
    "bib_name": "Drawingear110",
    "md_text": "# Drawing early-bird tickets: towards more efficient training of deep networks\n\n\nabstract\n\n(Frankle & Carbin, 2019) shows that there exist winning tickets (small but critical subnetworks) for dense, randomly initialized networks, that can be trained alone to achieve comparable accuracies to the latter in a similar number of iterations. However, the identification of these winning tickets still requires the costly train-prune-retrain process, limiting their practical benefits. In this paper, we discover for the first time that the winning tickets can be identified at the very early training stage, which we term as early-bird (EB) tickets, via low-cost training schemes (e.g., early stopping and low-precision training) at large learning rates. Our finding of EB tickets is consistent with recently reported observations that the key connectivity patterns of neural networks emerge early. Furthermore, we propose a mask distance metric that can be used to identify EB tickets with low computational overhead, without needing to know the true winning tickets that emerge after the full training. Finally, we leverage the existence of EB tickets and the proposed mask distance to develop efficient training methods, which are achieved by first identifying EB tickets via low-cost schemes, and then continuing to train merely the EB tickets towards the target accuracy. Experiments based on various deep networks and datasets validate: 1) the existence of EB tickets, and the effectiveness of mask distance in efficiently identifying them; and 2) that the proposed efficient training via EB tickets can achieve up to 4.7x energy savings while maintaining comparable or even better accuracy, demonstrating a promising and easily adopted method for tackling cost-prohibitive deep network training.",
    "paper_type": "method",
    "attri": {
        "background": "This paper addresses the issue of inefficient training processes in deep networks, highlighting the limitations of existing methods that require a costly train-prune-retrain process to identify winning tickets.",
        "problem": {
            "definition": "The problem is the expensive identification of winning tickets in dense, randomly initialized networks, which hampers the practical application of these subnetworks for efficient training.",
            "key obstacle": "The main difficulty lies in the need for extensive computational resources and time to perform the train-prune-retrain cycle, which is not feasible for many applications."
        },
        "idea": {
            "intuition": "The idea was inspired by the observation that key connectivity patterns in neural networks emerge early during training, suggesting that tickets can be identified sooner than previously thought.",
            "opinion": "The proposed idea involves identifying early-bird (EB) tickets at the early training stage using low-cost training schemes, which can then be trained to achieve target accuracy efficiently.",
            "innovation": "The primary difference between the proposed method and existing approaches is the introduction of EB tickets identified through low-cost techniques, which eliminates the need for the full training cycle to find winning tickets."
        },
        "method": {
            "method name": "Early-Bird Tickets Identification",
            "method abbreviation": "EB Tickets",
            "method definition": "The method defines a process for identifying winning tickets at an early stage of training using low-cost schemes such as early stopping and low-precision training.",
            "method description": "The core of the method involves discovering EB tickets through a mask distance metric that allows for efficient identification without full training.",
            "method steps": "1. Train the network with a large learning rate using low-cost methods. 2. Identify EB tickets via the proposed mask distance metric. 3. Continue training only the identified EB tickets towards target accuracy.",
            "principle": "This method is effective because it leverages the early emergence of critical connectivity patterns in networks, allowing for significant computational savings while maintaining performance."
        },
        "experiments": {
            "evaluation setting": "Experiments were conducted on various deep networks and datasets to validate the existence of EB tickets and the effectiveness of the mask distance metric.",
            "evaluation method": "The performance of the method was assessed by measuring energy savings and accuracy, comparing results with traditional training approaches."
        },
        "conclusion": "The findings confirm the existence of EB tickets and demonstrate that training via these tickets can achieve up to 4.7x energy savings while maintaining or improving accuracy, presenting a viable method for reducing training costs in deep networks.",
        "discussion": {
            "advantage": "The key advantages of the proposed approach include significant energy savings and the ability to achieve comparable or better accuracy compared to traditional methods.",
            "limitation": "A limitation of the method may include its dependency on specific training conditions and the potential challenge of generalizing across different network architectures.",
            "future work": "Future research could explore further optimizations of the identification process for EB tickets and investigate the applicability of this method across a broader range of neural network architectures."
        },
        "other info": []
    },
    "mount_outline": [
        {
            "section number": "1.1",
            "key information": "The paper highlights the importance of pruning in deep networks by addressing the issue of inefficient training processes and the limitations of existing methods that require a costly train-prune-retrain process."
        },
        {
            "section number": "2.3",
            "key information": "The proposed method, Early-Bird Tickets Identification, defines a process for identifying winning tickets at an early stage of training using low-cost schemes, which enhances neural network efficiency and performance."
        },
        {
            "section number": "4.1",
            "key information": "The paper evaluates the effectiveness of the Early-Bird Tickets method by measuring energy savings and accuracy, comparing results with traditional training approaches."
        },
        {
            "section number": "5.2",
            "key information": "The findings show that training via Early-Bird Tickets can achieve up to 4.7x energy savings while maintaining or improving accuracy, demonstrating its impact on computational efficiency and resource utilization."
        },
        {
            "section number": "6.1",
            "key information": "The paper recommends using Early-Bird Tickets as a strategy for effective pruning in neural networks, leveraging the early emergence of critical connectivity patterns to reduce training costs."
        },
        {
            "section number": "6.3",
            "key information": "Future research could explore further optimizations of the identification process for Early-Bird Tickets and investigate its applicability across a broader range of neural network architectures."
        }
    ],
    "similarity_score": null,
    "image": null,
    "path": "/home/liudingyuan/code/SurveyX/code/SurveyX-main/outputs/t14/papers/Drawing early-bird tickets_ towards more efficient training of deep networks.json"
}