{
    "from": null,
    "scholar_id": null,
    "detail_id": null,
    "title": "DSA: More efficient budgeted pruning via differentiable sparsity allocation",
    "abstract": "Budgeted pruning is the problem of pruning under resource constraints. In budgeted pruning, how to distribute the resources across layers (i.e., sparsity allocation) is the key problem. Traditional methods solve it by discretely searching for the layer-wise pruning ratios, which lacks efficiency. In this paper, we propose Differentiable Sparsity Allocation (DSA), an efficient end-to-end budgeted pruning flow. Utilizing a novel differentiable pruning process, DSA finds the layer-wise pruning ratios with gradient-based optimization. It allocates sparsity in continuous space, which is more efficient than methods based on discrete evaluation and search. Furthermore, DSA could work in a pruning-from-scratch manner, whereas traditional budgeted pruning methods are applied to pre-trained models. Experimental results on CIFAR-10 and ImageNet show that DSA could achieve superior performance than current iterative budgeted pruning methods, and shorten the time cost of the overall pruning process by at least 1.5x in the meantime.",
    "arxivid": "2004.02164v5",
    "bib_name": "DSA:Moreef70",
    "md_text": "# DSA: More efficient budgeted pruning via differentiable sparsity allocation\n\n\nabstract\n\nBudgeted pruning is the problem of pruning under resource constraints. In budgeted pruning, how to distribute the resources across layers (i.e., sparsity allocation) is the key problem. Traditional methods solve it by discretely searching for the layer-wise pruning ratios, which lacks efficiency. In this paper, we propose Differentiable Sparsity Allocation (DSA), an efficient end-to-end budgeted pruning flow. Utilizing a novel differentiable pruning process, DSA finds the layer-wise pruning ratios with gradient-based optimization. It allocates sparsity in continuous space, which is more efficient than methods based on discrete evaluation and search. Furthermore, DSA could work in a pruning-from-scratch manner, whereas traditional budgeted pruning methods are applied to pre-trained models. Experimental results on CIFAR-10 and ImageNet show that DSA could achieve superior performance than current iterative budgeted pruning methods, and shorten the time cost of the overall pruning process by at least 1.5x in the meantime.",
    "paper_type": "method",
    "attri": {
        "background": "This paper addresses the issue of budgeted pruning under resource constraints, highlighting the inefficiency of traditional methods that search for layer-wise pruning ratios discretely, which necessitates a new, more efficient approach.",
        "problem": {
            "definition": "The problem involves determining how to allocate resources effectively across different layers of a model during the pruning process, ensuring optimal sparsity allocation.",
            "key obstacle": "The main difficulty lies in the inefficiency of existing methods that rely on discrete evaluations for pruning ratios, which limits their effectiveness and speed."
        },
        "idea": {
            "intuition": "The idea was inspired by the need for a more efficient method of sparsity allocation that can optimize resource distribution across layers continuously rather than discretely.",
            "opinion": "The proposed idea, Differentiable Sparsity Allocation (DSA), allows for an efficient end-to-end pruning process by utilizing gradient-based optimization to find optimal layer-wise pruning ratios.",
            "innovation": "The primary innovation of DSA is its ability to allocate sparsity in continuous space, contrasting with traditional methods that operate on discrete evaluations, thus enhancing efficiency and applicability to pruning-from-scratch."
        },
        "method": {
            "method name": "Differentiable Sparsity Allocation",
            "method abbreviation": "DSA",
            "method definition": "DSA is defined as a method that employs a differentiable pruning process to optimize layer-wise pruning ratios through gradient-based optimization.",
            "method description": "The core of DSA is its continuous sparsity allocation approach, which facilitates efficient budgeted pruning.",
            "method steps": "1. Initialize model parameters. 2. Use gradient-based optimization to determine layer-wise pruning ratios. 3. Apply the computed ratios to prune the model layers. 4. Iterate until the desired budget is met.",
            "principle": "The effectiveness of DSA in solving the problem lies in its continuous optimization of sparsity allocation, which allows for a more agile and efficient pruning process compared to traditional methods."
        },
        "experiments": {
            "evaluation setting": "The experimental setup includes datasets such as CIFAR-10 and ImageNet, with comparisons made against current iterative budgeted pruning methods.",
            "evaluation method": "The performance of DSA was assessed through metrics that measure the pruning efficiency and time cost, demonstrating at least a 1.5x reduction in overall pruning time."
        },
        "conclusion": "The experimental results indicate that DSA outperforms existing iterative budgeted pruning methods, achieving superior performance while significantly reducing the time required for the pruning process.",
        "discussion": {
            "advantage": "The key advantages of DSA include its efficiency in resource allocation and the ability to prune from scratch, which enhances its applicability in various scenarios.",
            "limitation": "One limitation of DSA may be its reliance on gradient-based optimization, which could be sensitive to the initial conditions of the model.",
            "future work": "Future research could explore enhancing the robustness of DSA against different model architectures and improving its adaptability to various pruning scenarios."
        },
        "other info": {}
    },
    "mount_outline": [
        {
            "section number": "1.1",
            "key information": "The proposed idea, Differentiable Sparsity Allocation (DSA), allows for an efficient end-to-end pruning process by utilizing gradient-based optimization to find optimal layer-wise pruning ratios."
        },
        {
            "section number": "2.3",
            "key information": "The problem involves determining how to allocate resources effectively across different layers of a model during the pruning process, ensuring optimal sparsity allocation."
        },
        {
            "section number": "3.2",
            "key information": "The primary innovation of DSA is its ability to allocate sparsity in continuous space, contrasting with traditional methods that operate on discrete evaluations, thus enhancing efficiency and applicability to pruning-from-scratch."
        },
        {
            "section number": "4.1",
            "key information": "The performance of DSA was assessed through metrics that measure the pruning efficiency and time cost, demonstrating at least a 1.5x reduction in overall pruning time."
        },
        {
            "section number": "5.1",
            "key information": "The key advantages of DSA include its efficiency in resource allocation and the ability to prune from scratch, which enhances its applicability in various scenarios."
        },
        {
            "section number": "6.2",
            "key information": "One limitation of DSA may be its reliance on gradient-based optimization, which could be sensitive to the initial conditions of the model."
        }
    ],
    "similarity_score": null,
    "image": null,
    "path": "/home/liudingyuan/code/SurveyX/code/SurveyX-main/outputs/t14/papers/DSA_ More efficient budgeted pruning via differentiable sparsity allocation.json"
}