{
    "from": null,
    "scholar_id": null,
    "detail_id": null,
    "title": "Dual lottery ticket hypothesis",
    "abstract": "Fully exploiting the learning capacity of neural networks requires overparameterized dense networks. On the other side, directly training sparse neural networks typically results in unsatisfactory performance. Lottery Ticket Hypothesis (LTH) provides a novel view to investigate sparse network training and maintain its capacity. Concretely, it claims there exist winning tickets from a randomly initialized network found by iterative magnitude pruning and preserving promising trainability (or we say being in trainable condition). In this work, we regard the winning ticket from LTH as the subnetwork which is in trainable condition and its performance as our benchmark, then go from a complementary direction to articulate the Dual Lottery Ticket Hypothesis (DLTH): Randomly selected subnetworks from a randomly initialized dense network can be transformed into a trainable condition and achieve admirable performance compared with LTH -- random tickets in a given lottery pool can be transformed into winning tickets. Specifically, by using uniform-randomly selected subnetworks to represent the general cases, we propose a simple sparse network training strategy, Random Sparse Network Transformation (RST), to substantiate our DLTH. Concretely, we introduce a regularization term to borrow learning capacity and realize information extrusion from the weights which will be masked. After finishing the transformation for the randomly selected subnetworks, we conduct the regular finetuning to evaluate the model using fair comparisons with LTH and other strong baselines. Extensive experiments on several public datasets and comparisons with competitive approaches validate our DLTH as well as the effectiveness of the proposed model RST. Our work is expected to pave a way for inspiring new research directions of sparse network training in the future. Our code is available at https://github.com/yueb17/DLTH.",
    "arxivid": "2203.04248v1",
    "bib_name": "Duallotter59",
    "md_text": "# Dual lottery ticket hypothesis\n\n\nabstract\n\nFully exploiting the learning capacity of neural networks requires overparameterized dense networks. On the other side, directly training sparse neural networks typically results in unsatisfactory performance. Lottery Ticket Hypothesis (LTH) provides a novel view to investigate sparse network training and maintain its capacity. Concretely, it claims there exist winning tickets from a randomly initialized network found by iterative magnitude pruning and preserving promising trainability (or we say being in trainable condition). In this work, we regard the winning ticket from LTH as the subnetwork which is in trainable condition and its performance as our benchmark, then go from a complementary direction to articulate the Dual Lottery Ticket Hypothesis (DLTH): Randomly selected subnetworks from a randomly initialized dense network can be transformed into a trainable condition and achieve admirable performance compared with LTH -- random tickets in a given lottery pool can be transformed into winning tickets. Specifically, by using uniform-randomly selected subnetworks to represent the general cases, we propose a simple sparse network training strategy, Random Sparse Network Transformation (RST), to substantiate our DLTH. Concretely, we introduce a regularization term to borrow learning capacity and realize information extrusion from the weights which will be masked. After finishing the transformation for the randomly selected subnetworks, we conduct the regular finetuning to evaluate the model using fair comparisons with LTH and other strong baselines. Extensive experiments on several public datasets and comparisons with competitive approaches validate our DLTH as well as the effectiveness of the proposed model RST. Our work is expected to pave a way for inspiring new research directions of sparse network training in the future. Our code is available at https://github.com/yueb17/DLTH.",
    "paper_type": "benchmark",
    "attri": {
        "background": "The paper addresses the challenge of effectively training sparse neural networks, which typically perform poorly compared to overparameterized dense networks. The Lottery Ticket Hypothesis (LTH) introduces a framework for identifying winning tickets in these networks, highlighting the necessity for benchmarks that evaluate the performance of subnetworks under trainable conditions.",
        "problem": {
            "definition": "The benchmark is designed to evaluate the performance of subnetworks derived from dense networks, specifically focusing on their trainability and performance compared to traditional winning tickets identified by LTH.",
            "key obstacle": "Existing benchmarks primarily focus on training sparse networks directly, which often leads to suboptimal performance. The new benchmark aims to address the limitations of these approaches by exploring the potential of randomly selected subnetworks."
        },
        "idea": {
            "intuition": "The authors were inspired by the potential to transform randomly selected subnetworks into trainable conditions, akin to winning tickets in a lottery, leading to better performance than previously established methods.",
            "opinion": "The authors emphasize the importance of their benchmark in advancing the understanding of sparse network training and its implications for future research.",
            "innovation": "The benchmark introduces the concept of Dual Lottery Ticket Hypothesis (DLTH) and the Random Sparse Network Transformation (RST) strategy, which differ from previous benchmarks by focusing on the transformation of random subnetworks into trainable forms.",
            "benchmark abbreviation": "DLTH"
        },
        "dataset": {
            "source": "The dataset was sourced from several public datasets used for benchmarking neural network performance.",
            "desc": "The dataset consists of multiple public datasets, providing a diverse set of scenarios for evaluating the proposed methods and their effectiveness.",
            "content": "The dataset includes various types of data relevant to neural network training and evaluation, although specific types are not detailed in the paper.",
            "size": "-",
            "domain": "Neural Network Training",
            "task format": "Model Evaluation"
        },
        "metrics": {
            "metric name": "Accuracy, F1-score",
            "aspect": "Model performance",
            "principle": "The chosen metrics reflect the practical need to evaluate the effectiveness of different network configurations and training strategies.",
            "procedure": "Model performance is evaluated through standard procedures of finetuning and testing on the selected datasets, ensuring fair comparisons with existing benchmarks."
        },
        "experiments": {
            "model": "The experiments tested a mix of state-of-the-art models and baseline models to validate the proposed methods.",
            "procedure": "Models were trained using the Random Sparse Network Transformation strategy, incorporating a regularization term to enhance learning capacity during the transformation phase.",
            "result": "The results indicated that the transformed subnetworks achieved competitive performance compared to traditional winning tickets, demonstrating statistically significant improvements.",
            "variability": "Variability was accounted for through multiple trials and comparisons across different datasets to ensure robustness of the results."
        },
        "conclusion": "The experiments confirm the effectiveness of the Dual Lottery Ticket Hypothesis and the Random Sparse Network Transformation strategy, suggesting new avenues for research in sparse network training.",
        "discussion": {
            "advantage": "The benchmark provides a novel approach to understanding and improving sparse network training, contributing significantly to the field.",
            "limitation": "Potential limitations include the reliance on specific datasets, which may affect the generalizability of the results.",
            "future work": "Future research could explore the application of the DLTH in different network architectures and its implications for broader applications in machine learning."
        },
        "other info": []
    },
    "mount_outline": [
        {
            "section number": "1.1",
            "key information": "The paper addresses the challenge of effectively training sparse neural networks, which typically perform poorly compared to overparameterized dense networks."
        },
        {
            "section number": "2.2",
            "key information": "The new benchmark aims to address the limitations of existing benchmarks by exploring the potential of randomly selected subnetworks."
        },
        {
            "section number": "2.3",
            "key information": "The benchmark introduces the concept of Dual Lottery Ticket Hypothesis (DLTH) and the Random Sparse Network Transformation (RST) strategy."
        },
        {
            "section number": "4.1",
            "key information": "Model performance is evaluated through standard procedures of finetuning and testing on the selected datasets, ensuring fair comparisons with existing benchmarks."
        },
        {
            "section number": "5.1",
            "key information": "The results indicated that the transformed subnetworks achieved competitive performance compared to traditional winning tickets, demonstrating statistically significant improvements."
        },
        {
            "section number": "6.3",
            "key information": "Future research could explore the application of the DLTH in different network architectures and its implications for broader applications in machine learning."
        }
    ],
    "similarity_score": null,
    "image": null,
    "path": "/home/liudingyuan/code/SurveyX/code/SurveyX-main/outputs/t14/papers/Dual lottery ticket hypothesis.json"
}