{
    "from": null,
    "scholar_id": null,
    "detail_id": null,
    "title": "Dynamic model pruning with feedback",
    "abstract": "Deep neural networks often have millions of parameters. This can hinder their deployment to low-end devices, not only due to high memory requirements but also because of increased latency at inference. We propose a novel model compression method that generates a sparse trained model without additional overhead: by allowing (i) dynamic allocation of the sparsity pattern and (ii) incorporating feedback signal to reactivate prematurely pruned weights we obtain a performant sparse model in one single training pass (retraining is not needed, but can further improve the performance). We evaluate the method on CIFAR-10 and ImageNet, and show that the obtained sparse models can reach the state-of-the-art performance of dense models and further that their performance surpasses all previously proposed pruning schemes (that come without feedback mechanisms).",
    "arxivid": "2006.07253v1",
    "bib_name": "Dynamicmod77",
    "md_text": "# Dynamic model pruning with feedback\n\n\nabstract\n\nDeep neural networks often have millions of parameters. This can hinder their deployment to low-end devices, not only due to high memory requirements but also because of increased latency at inference. We propose a novel model compression method that generates a sparse trained model without additional overhead: by allowing (i) dynamic allocation of the sparsity pattern and (ii) incorporating feedback signal to reactivate prematurely pruned weights we obtain a performant sparse model in one single training pass (retraining is not needed, but can further improve the performance). We evaluate the method on CIFAR-10 and ImageNet, and show that the obtained sparse models can reach the state-of-the-art performance of dense models and further that their performance surpasses all previously proposed pruning schemes (that come without feedback mechanisms).",
    "paper_type": "method",
    "attri": {
        "background": "This paper addresses the issue of deploying deep neural networks with millions of parameters on low-end devices, which is hindered by high memory requirements and increased latency at inference. The need for a new breakthrough in model compression is highlighted to overcome these challenges.",
        "problem": {
            "definition": "The problem being addressed is the difficulty of efficiently deploying large deep neural networks on low-end devices due to their substantial memory and latency requirements.",
            "key obstacle": "The core obstacle is the inability of existing pruning methods to retain performance while reducing the model size, particularly when they do not incorporate feedback mechanisms to reactivate important weights that may be prematurely pruned."
        },
        "idea": {
            "intuition": "The idea is inspired by the observation that dynamic allocation of the sparsity pattern and the use of feedback signals can enhance model performance without the need for retraining.",
            "opinion": "The proposed idea involves a novel model compression method that generates a sparse trained model in a single training pass, allowing for efficient deployment on low-end devices.",
            "innovation": "The primary innovation of this method lies in its ability to dynamically adjust the sparsity pattern during training and utilize feedback signals to optimize weight retention, surpassing existing pruning approaches."
        },
        "method": {
            "method name": "Dynamic Model Pruning with Feedback",
            "method abbreviation": "DMPF",
            "method definition": "DMPF is a model compression technique that creates a sparse model by dynamically allocating the sparsity pattern and incorporating feedback to reactivate pruned weights, all within a single training pass.",
            "method description": "The core of DMPF involves generating a sparse model efficiently while maintaining or improving performance through dynamic adjustments and feedback mechanisms.",
            "principle": "This method is effective because it allows for real-time adjustments to the model's sparsity, ensuring that important weights are not permanently discarded, thus retaining high performance."
        },
        "experiments": {
            "evaluation setting": "The method was evaluated on the CIFAR-10 and ImageNet datasets, comparing the performance of the sparse models against state-of-the-art dense models and previously proposed pruning schemes without feedback mechanisms.",
            "evaluation method": "Performance was assessed through a series of experiments measuring accuracy and efficiency, comparing the results of the proposed method with baseline models."
        },
        "conclusion": "The experiments demonstrate that the sparse models obtained through DMPF can achieve state-of-the-art performance comparable to dense models, and they outperform all previously proposed pruning schemes that lack feedback mechanisms.",
        "discussion": {
            "advantage": "The key advantage of DMPF is its ability to maintain high performance in sparse models while reducing memory and latency requirements, making it suitable for deployment on low-end devices.",
            "limitation": "A limitation of the method may include potential challenges in the dynamic allocation of sparsity patterns in more complex models or datasets.",
            "future work": "Future research could explore refining the feedback mechanism further and applying DMPF to a wider range of neural network architectures and tasks."
        },
        "other info": []
    },
    "mount_outline": [
        {
            "section number": "1.1",
            "key information": "Pruning is essential for deploying deep neural networks with millions of parameters on low-end devices, addressing high memory requirements and increased latency at inference."
        },
        {
            "section number": "1.2",
            "key information": "The survey covers the challenges of efficiently deploying large deep neural networks, particularly focusing on model compression breakthroughs needed to overcome memory and latency issues."
        },
        {
            "section number": "2.2",
            "key information": "Dynamic Model Pruning with Feedback (DMPF) is a novel model compression technique that generates a sparse model efficiently while maintaining or improving performance through dynamic adjustments."
        },
        {
            "section number": "2.3",
            "key information": "The core principle of DMPF is to dynamically allocate the sparsity pattern and utilize feedback signals to optimize weight retention, enhancing model performance without retraining."
        },
        {
            "section number": "3.2",
            "key information": "DMPF represents an innovative pruning approach that contrasts with traditional methods by incorporating feedback mechanisms to reactivate important weights that may be prematurely pruned."
        },
        {
            "section number": "4.1",
            "key information": "The evaluation of DMPF involved comparing the performance of sparse models against state-of-the-art dense models and previously proposed pruning schemes without feedback mechanisms."
        },
        {
            "section number": "5.1",
            "key information": "DMPF allows for real-time adjustments to the model's sparsity, ensuring important weights are not permanently discarded, thus balancing model size reduction and accuracy retention."
        },
        {
            "section number": "5.2",
            "key information": "The key advantage of DMPF is its ability to maintain high performance in sparse models while reducing memory and latency requirements, making it suitable for deployment on low-end devices."
        },
        {
            "section number": "6.1",
            "key information": "For effective pruning, strategies like dynamic allocation of the sparsity pattern and the use of feedback signals can significantly enhance model performance."
        },
        {
            "section number": "6.3",
            "key information": "Future research could focus on refining the feedback mechanism in DMPF and applying it to a wider range of neural network architectures and tasks."
        }
    ],
    "similarity_score": null,
    "image": null,
    "path": "/home/liudingyuan/code/SurveyX/code/SurveyX-main/outputs/t14/papers/Dynamic model pruning with feedback.json"
}