{
    "from": null,
    "scholar_id": null,
    "detail_id": null,
    "title": "Dynamic channel pruning: Feature boosting and suppression",
    "abstract": "Making deep convolutional neural networks more accurate typically comes at the cost of increased computational and memory resources. In this paper, we reduce this cost by exploiting the fact that the importance of features computed by convolutional layers is highly input-dependent, and propose feature boosting and suppression (FBS), a new method to predictively amplify salient convolutional channels and skip unimportant ones at run-time. FBS introduces small auxiliary connections to existing convolutional layers. In contrast to channel pruning methods which permanently remove channels, it preserves the full network structures and accelerates convolution by dynamically skipping unimportant input and output channels. FBS-augmented networks are trained with conventional stochastic gradient descent, making it readily available for many state-of-the-art CNNs. We compare FBS to a range of existing channel pruning and dynamic execution schemes and demonstrate large improvements on ImageNet classification. Experiments show that FBS can respectively provide $5\\times$ and $2\\times$ savings in compute on VGG-16 and ResNet-18, both with less than $0.6\\%$ top-5 accuracy loss.",
    "arxivid": "1810.05331v2",
    "bib_name": "Dynamiccha116",
    "md_text": "# Dynamic channel pruning: Feature boosting and suppression\n\n\nabstract\n\nMaking deep convolutional neural networks more accurate typically comes at the cost of increased computational and memory resources. In this paper, we reduce this cost by exploiting the fact that the importance of features computed by convolutional layers is highly input-dependent, and propose feature boosting and suppression (FBS), a new method to predictively amplify salient convolutional channels and skip unimportant ones at run-time. FBS introduces small auxiliary connections to existing convolutional layers. In contrast to channel pruning methods which permanently remove channels, it preserves the full network structures and accelerates convolution by dynamically skipping unimportant input and output channels. FBS-augmented networks are trained with conventional stochastic gradient descent, making it readily available for many state-of-the-art CNNs. We compare FBS to a range of existing channel pruning and dynamic execution schemes and demonstrate large improvements on ImageNet classification. Experiments show that FBS can respectively provide $5\\times$ and $2\\times$ savings in compute on VGG-16 and ResNet-18, both with less than $0.6\\%$ top-5 accuracy loss.",
    "paper_type": "method",
    "attri": {
        "background": "This paper addresses the issue of increasing computational and memory resources required for deep convolutional neural networks to enhance accuracy. It highlights the need for a new breakthrough by discussing previous methods that either permanently remove channels or do not adaptively manage feature importance based on input.",
        "problem": {
            "definition": "The problem being addressed is the inefficiency in resource utilization of deep convolutional neural networks when trying to improve accuracy.",
            "key obstacle": "The core obstacle is the fixed nature of existing channel pruning methods, which do not adaptively skip unimportant channels based on the input data."
        },
        "idea": {
            "intuition": "The idea is inspired by the observation that the importance of features in convolutional layers varies significantly with different inputs.",
            "opinion": "The proposed idea, feature boosting and suppression (FBS), entails dynamically amplifying salient channels while skipping less important ones during runtime, thereby optimizing resource usage.",
            "innovation": "The primary innovation of FBS is its ability to introduce auxiliary connections that allow dynamic skipping of channels without permanently removing them, contrasting with traditional channel pruning methods."
        },
        "method": {
            "method name": "Feature Boosting and Suppression",
            "method abbreviation": "FBS",
            "method definition": "FBS is a method that predictsively amplifies important convolutional channels and suppresses unimportant ones at runtime, preserving the full network structure.",
            "method description": "The core of the method involves introducing small auxiliary connections to existing convolutional layers to enable dynamic channel management.",
            "method steps": "1. Identify salient channels based on input. 2. Dynamically amplify these channels. 3. Skip unimportant channels during execution.",
            "principle": "The effectiveness of FBS lies in its adaptive nature, allowing it to optimize computational resources based on the varying importance of features for different inputs."
        },
        "experiments": {
            "evaluation setting": "Experiments were conducted on VGG-16 and ResNet-18 architectures using the ImageNet dataset, comparing FBS against various existing channel pruning and dynamic execution methods.",
            "evaluation method": "The performance of FBS was assessed by measuring computational savings and accuracy loss, specifically targeting top-5 accuracy."
        },
        "conclusion": "The experiments demonstrate that FBS can achieve significant computational savings (5x for VGG-16 and 2x for ResNet-18) with minimal accuracy loss (less than 0.6% top-5 accuracy loss), showcasing its effectiveness and contribution to the field.",
        "discussion": {
            "advantage": "The key advantage of FBS is its ability to dynamically manage channel importance, leading to improved resource efficiency without sacrificing accuracy.",
            "limitation": "A limitation of the method could be its reliance on the auxiliary connections, which may introduce additional complexity in network architecture.",
            "future work": "Future research could focus on further optimizing the auxiliary connections and exploring the application of FBS in other neural network architectures beyond CNNs."
        },
        "other info": []
    },
    "mount_outline": [
        {
            "section number": "1.1",
            "key information": "Pruning contributes to model efficiency and performance by addressing the inefficiency in resource utilization of deep convolutional neural networks."
        },
        {
            "section number": "2.3",
            "key information": "FBS (Feature Boosting and Suppression) is a method that dynamically amplifies salient channels while skipping less important ones during runtime, optimizing resource usage."
        },
        {
            "section number": "3.2",
            "key information": "The primary innovation of FBS is its ability to introduce auxiliary connections that allow dynamic skipping of channels without permanently removing them, contrasting with traditional channel pruning methods."
        },
        {
            "section number": "4.1",
            "key information": "The performance of FBS was assessed by measuring computational savings and accuracy loss, specifically targeting top-5 accuracy."
        },
        {
            "section number": "5.2",
            "key information": "FBS can achieve significant computational savings (5x for VGG-16 and 2x for ResNet-18) with minimal accuracy loss (less than 0.6% top-5 accuracy loss)."
        },
        {
            "section number": "6.1",
            "key information": "The key advantage of FBS is its ability to dynamically manage channel importance, leading to improved resource efficiency without sacrificing accuracy."
        },
        {
            "section number": "6.3",
            "key information": "Future research could focus on further optimizing the auxiliary connections and exploring the application of FBS in other neural network architectures beyond CNNs."
        }
    ],
    "similarity_score": null,
    "image": null,
    "path": "/home/liudingyuan/code/SurveyX/code/SurveyX-main/outputs/t14/papers/Dynamic channel pruning_ Feature boosting and suppression.json"
}