{
    "from": null,
    "scholar_id": null,
    "detail_id": null,
    "title": "Dynamic convolution: Attention over convolution kernels",
    "abstract": "Light-weight convolutional neural networks (CNNs) suffer performance degradation as their low computational budgets constrain both the depth (number of convolution layers) and the width (number of channels) of CNNs, resulting in limited representation capability. To address this issue, we present Dynamic Convolution, a new design that increases model complexity without increasing the network depth or width. Instead of using a single convolution kernel per layer, dynamic convolution aggregates multiple parallel convolution kernels dynamically based upon their attentions, which are input dependent. Assembling multiple kernels is not only computationally efficient due to the small kernel size, but also has more representation power since these kernels are aggregated in a non-linear way via attention. By simply using dynamic convolution for the state-of-the-art architecture MobileNetV3-Small, the top-1 accuracy of ImageNet classification is boosted by 2.9% with only 4% additional FLOPs and 2.9 AP gain is achieved on COCO keypoint detection.",
    "arxivid": "1912.03458v2",
    "bib_name": "Dynamiccon172",
    "md_text": "# Dynamic convolution: Attention over convolution kernels\n\n\nabstract\n\nLight-weight convolutional neural networks (CNNs) suffer performance degradation as their low computational budgets constrain both the depth (number of convolution layers) and the width (number of channels) of CNNs, resulting in limited representation capability. To address this issue, we present Dynamic Convolution, a new design that increases model complexity without increasing the network depth or width. Instead of using a single convolution kernel per layer, dynamic convolution aggregates multiple parallel convolution kernels dynamically based upon their attentions, which are input dependent. Assembling multiple kernels is not only computationally efficient due to the small kernel size, but also has more representation power since these kernels are aggregated in a non-linear way via attention. By simply using dynamic convolution for the state-of-the-art architecture MobileNetV3-Small, the top-1 accuracy of ImageNet classification is boosted by 2.9% with only 4% additional FLOPs and 2.9 AP gain is achieved on COCO keypoint detection.",
    "paper_type": "method",
    "attri": {
        "background": "Light-weight convolutional neural networks (CNNs) face performance degradation due to low computational budgets that limit both depth and width, resulting in constrained representation capability. This paper introduces Dynamic Convolution as a solution to enhance model complexity without increasing network depth or width.",
        "problem": {
            "definition": "The problem is the performance limitation of light-weight CNNs caused by restricted depth and width, which hinders their ability to represent complex features effectively.",
            "key obstacle": "The core obstacle is the reliance on a single convolution kernel per layer, which restricts the model's capacity to learn diverse features needed for improved performance."
        },
        "idea": {
            "intuition": "The idea was inspired by the observation that using multiple convolution kernels can enhance representation power while remaining computationally efficient.",
            "opinion": "Dynamic Convolution aggregates multiple parallel convolution kernels based on input-dependent attentions, allowing for a richer representation without increasing computational costs significantly.",
            "innovation": "The primary innovation lies in the dynamic aggregation of convolution kernels through attention mechanisms, contrasting with traditional methods that use a single static kernel."
        },
        "method": {
            "method name": "Dynamic Convolution",
            "method abbreviation": "DC",
            "method definition": "Dynamic Convolution is defined as a method that dynamically aggregates multiple convolution kernels based on their attentional weights, which are determined by the input data.",
            "method description": "The core of Dynamic Convolution involves the use of multiple parallel convolution kernels that are combined in a non-linear manner through attention mechanisms.",
            "method steps": "1. Identify multiple convolution kernels for each layer. 2. Compute attention weights for these kernels based on the input. 3. Aggregate the kernels using the computed attention weights to form the final output.",
            "principle": "This method is effective because it allows the model to adaptively select and combine features based on the input, enhancing representation power while maintaining computational efficiency."
        },
        "experiments": {
            "evaluation setting": "The evaluation was conducted using the MobileNetV3-Small architecture, with performance assessed on the ImageNet classification and COCO keypoint detection benchmarks.",
            "evaluation method": "Performance was measured through top-1 accuracy for ImageNet classification and average precision (AP) for COCO keypoint detection, comparing results with and without Dynamic Convolution."
        },
        "conclusion": "The introduction of Dynamic Convolution resulted in a 2.9% improvement in top-1 accuracy on ImageNet with only 4% additional FLOPs, and a 2.9 AP gain on COCO keypoint detection, demonstrating its effectiveness in enhancing CNN performance.",
        "discussion": {
            "advantage": "The key advantages of Dynamic Convolution include increased representation power without significantly raising computational costs, allowing for more complex feature learning.",
            "limitation": "One limitation may be the potential increase in model complexity, which could lead to challenges in deployment on extremely resource-constrained devices.",
            "future work": "Future research could explore optimizing the attention mechanism further and investigating the application of Dynamic Convolution in other neural network architectures."
        },
        "other info": []
    },
    "mount_outline": [
        {
            "section number": "2.2",
            "key information": "Dynamic Convolution is defined as a method that dynamically aggregates multiple convolution kernels based on their attentional weights, which are determined by the input data."
        },
        {
            "section number": "2.3",
            "key information": "The core obstacle is the reliance on a single convolution kernel per layer, which restricts the model's capacity to learn diverse features needed for improved performance."
        },
        {
            "section number": "3.2",
            "key information": "Dynamic Convolution aggregates multiple parallel convolution kernels based on input-dependent attentions, allowing for a richer representation without increasing computational costs significantly."
        },
        {
            "section number": "4.1",
            "key information": "Performance was measured through top-1 accuracy for ImageNet classification and average precision (AP) for COCO keypoint detection, comparing results with and without Dynamic Convolution."
        },
        {
            "section number": "5.3",
            "key information": "The introduction of Dynamic Convolution resulted in a 2.9% improvement in top-1 accuracy on ImageNet with only 4% additional FLOPs, demonstrating its effectiveness in enhancing CNN performance."
        },
        {
            "section number": "6.2",
            "key information": "One limitation may be the potential increase in model complexity, which could lead to challenges in deployment on extremely resource-constrained devices."
        }
    ],
    "similarity_score": null,
    "image": null,
    "path": "/home/liudingyuan/code/SurveyX/code/SurveyX-main/outputs/t14/papers/Dynamic convolution_ Attention over convolution kernels.json"
}