{
    "from": null,
    "scholar_id": null,
    "detail_id": null,
    "title": "Dynamic sparse training: Find efficient sparse network from scratch with trainable masked layers",
    "abstract": "We present a novel network pruning algorithm called Dynamic Sparse Training that can jointly \ufb01nd the optimal network parameters and sparse network structure in a uni\ufb01ed optimization process with trainable pruning thresholds. These thresholds can have \ufb01ne-grained layer-wise adjustments dynamically via backpropagation. We demonstrate that our dynamic sparse training algorithm can easily train very sparse neural network models with little performance loss using the same training epochs as dense models. Dynamic Sparse Training achieves prior art performance compared with other sparse training algorithms on various network architectures. Additionally, we have several surprising observations that provide strong evidence to the effectiveness and ef\ufb01ciency of our algorithm. These observations reveal the underlying problems of traditional three-stage pruning algorithms and present the potential guidance provided by our algorithm to the design of more compact network architectures.",
    "arxivid": "2005.06870v1",
    "bib_name": "Dynamicspa49",
    "md_text": "# Dynamic sparse training: Find efficient sparse network from scratch with trainable masked layers\n\n\nabstract\n\nWe present a novel network pruning algorithm called Dynamic Sparse Training that can jointly \ufb01nd the optimal network parameters and sparse network structure in a uni\ufb01ed optimization process with trainable pruning thresholds. These thresholds can have \ufb01ne-grained layer-wise adjustments dynamically via backpropagation. We demonstrate that our dynamic sparse training algorithm can easily train very sparse neural network models with little performance loss using the same training epochs as dense models. Dynamic Sparse Training achieves prior art performance compared with other sparse training algorithms on various network architectures. Additionally, we have several surprising observations that provide strong evidence to the effectiveness and ef\ufb01ciency of our algorithm. These observations reveal the underlying problems of traditional three-stage pruning algorithms and present the potential guidance provided by our algorithm to the design of more compact network architectures.",
    "paper_type": "method",
    "attri": {
        "background": "This paper addresses the issue of efficiently training sparse neural networks from scratch, highlighting the limitations of traditional three-stage pruning algorithms and the need for a unified optimization process that can dynamically adjust pruning thresholds.",
        "problem": {
            "definition": "The problem is to effectively train sparse neural networks that can achieve high performance while minimizing the number of parameters.",
            "key obstacle": "The main difficulty is the inability of existing pruning methods to optimize both network parameters and structure simultaneously, leading to suboptimal performance and inefficient training processes."
        },
        "idea": {
            "intuition": "The inspiration behind the proposed idea is the observation that allowing dynamic adjustments of pruning thresholds during training can lead to better optimization of sparse networks.",
            "opinion": "The proposed idea entails a novel algorithm, Dynamic Sparse Training, which enables the joint optimization of network parameters and sparse structures in a single training process.",
            "innovation": "The primary difference of the proposed method is its ability to perform trainable layer-wise adjustments of pruning thresholds dynamically via backpropagation, contrasting with traditional static pruning approaches."
        },
        "method": {
            "method name": "Dynamic Sparse Training",
            "method abbreviation": "DST",
            "method definition": "Dynamic Sparse Training is a network pruning algorithm that optimizes both the parameters and structure of a neural network through a unified optimization process with adjustable pruning thresholds.",
            "method description": "The core of the method involves training sparse neural networks while dynamically adjusting pruning thresholds to maintain performance.",
            "method steps": "1. Initialize the network with a dense structure. 2. Apply dynamic pruning thresholds during training. 3. Optimize parameters and structure simultaneously through backpropagation. 4. Evaluate the performance of the sparse model.",
            "principle": "This method is effective because it allows for real-time adjustments to the network structure based on performance feedback, which leads to more efficient training and better performance retention."
        },
        "experiments": {
            "evaluation setting": "The experimental setup includes various network architectures where the performance of Dynamic Sparse Training is compared against other sparse training algorithms using the same training epochs as dense models.",
            "evaluation method": "The evaluation method involves measuring the performance of the trained sparse networks on benchmark tasks and comparing them to the performance of models trained with traditional pruning methods."
        },
        "conclusion": "Dynamic Sparse Training demonstrates that it is possible to train very sparse neural networks with minimal performance loss, achieving state-of-the-art results compared to existing sparse training algorithms.",
        "discussion": {
            "advantage": "The key advantages of the proposed approach include the ability to maintain high performance with sparse networks and the efficiency gained from dynamic threshold adjustments during training.",
            "limitation": "A limitation of the method may be its dependency on the specific architecture of the networks being trained, which could affect generalizability.",
            "future work": "Future research could explore further optimizations of the dynamic pruning thresholds and investigate the applicability of this method to a wider range of neural network architectures."
        },
        "other info": []
    },
    "mount_outline": [
        {
            "section number": "1.1",
            "key information": "The paper highlights the importance of pruning in deep neural networks by addressing the limitations of traditional pruning algorithms and proposing a unified optimization process for better model efficiency."
        },
        {
            "section number": "2.3",
            "key information": "The paper defines Dynamic Sparse Training as a network pruning algorithm that optimizes both the parameters and structure of a neural network through a unified optimization process with adjustable pruning thresholds."
        },
        {
            "section number": "3.2",
            "key information": "The proposed method, Dynamic Sparse Training, represents a novel pruning approach that allows for dynamic adjustments of pruning thresholds during training, contrasting with traditional static pruning methods."
        },
        {
            "section number": "4.3",
            "key information": "The experimental results demonstrate that Dynamic Sparse Training achieves state-of-the-art results compared to existing sparse training algorithms, indicating its effectiveness as a pruning technique."
        },
        {
            "section number": "6.1",
            "key information": "The paper recommends implementing Dynamic Sparse Training as a best practice for neural network pruning due to its ability to maintain high performance while dynamically adjusting pruning thresholds."
        },
        {
            "section number": "6.3",
            "key information": "Future research suggested in the paper includes exploring further optimizations of dynamic pruning thresholds and investigating the applicability of Dynamic Sparse Training to a wider range of neural network architectures."
        }
    ],
    "similarity_score": null,
    "image": null,
    "path": "/home/liudingyuan/code/SurveyX/code/SurveyX-main/outputs/t14/papers/Dynamic sparse training_ Find efficient sparse network from scratch with trainable masked layers.json"
}