{
    "from": null,
    "scholar_id": null,
    "detail_id": null,
    "title": "EigenDamage: Structured pruning in the Kronecker-Factored eigenbasis",
    "abstract": "Reducing the test time resource requirements of a neural network while preserving test accuracy is crucial for running inference on resource-constrained devices. To achieve this goal, we introduce a novel network reparameterization based on the Kronecker-factored eigenbasis (KFE), and then apply Hessian-based structured pruning methods in this basis. As opposed to existing Hessian-based pruning algorithms which do pruning in parameter coordinates, our method works in the KFE where different weights are approximately independent, enabling accurate pruning and fast computation. We demonstrate empirically the effectiveness of the proposed method through extensive experiments. In particular, we highlight that the improvements are especially significant for more challenging datasets and networks. With negligible loss of accuracy, an iterative-pruning version gives a 10$\\times$ reduction in model size and a 8$\\times$ reduction in FLOPs on wide ResNet32.",
    "arxivid": "1905.05934v1",
    "bib_name": "EigenDamag126",
    "md_text": "# EigenDamage: Structured pruning in the Kronecker-Factored eigenbasis\n\n\nabstract\n\nReducing the test time resource requirements of a neural network while preserving test accuracy is crucial for running inference on resource-constrained devices. To achieve this goal, we introduce a novel network reparameterization based on the Kronecker-factored eigenbasis (KFE), and then apply Hessian-based structured pruning methods in this basis. As opposed to existing Hessian-based pruning algorithms which do pruning in parameter coordinates, our method works in the KFE where different weights are approximately independent, enabling accurate pruning and fast computation. We demonstrate empirically the effectiveness of the proposed method through extensive experiments. In particular, we highlight that the improvements are especially significant for more challenging datasets and networks. With negligible loss of accuracy, an iterative-pruning version gives a 10$\\times$ reduction in model size and a 8$\\times$ reduction in FLOPs on wide ResNet32.",
    "paper_type": "method",
    "attri": {
        "background": "This paper addresses the issue of reducing test time resource requirements for neural networks while maintaining test accuracy, especially for resource-constrained devices. Previous methods focused on parameter coordinate pruning, which often leads to suboptimal performance in terms of accuracy and efficiency. The introduction of a new network reparameterization based on the Kronecker-factored eigenbasis (KFE) is necessary to achieve better pruning outcomes.",
        "problem": {
            "definition": "The problem defined here is the challenge of efficiently pruning neural networks to reduce their resource requirements without sacrificing accuracy during inference.",
            "key obstacle": "The main difficulty lies in the existing Hessian-based pruning methods that operate in parameter coordinates, which do not account for the independence of weights in the KFE, leading to ineffective pruning."
        },
        "idea": {
            "intuition": "The idea is inspired by the observation that weights in the Kronecker-factored eigenbasis exhibit approximate independence, allowing for more effective pruning strategies.",
            "opinion": "The proposed idea involves reparameterizing the network using the KFE and applying structured pruning techniques that leverage this representation to achieve better performance.",
            "innovation": "The primary innovation of this method is its ability to perform pruning in the KFE rather than in parameter coordinates, enabling a more accurate and computationally efficient approach to structured pruning."
        },
        "method": {
            "method name": "EigenDamage",
            "method abbreviation": "ED",
            "method definition": "EigenDamage is a structured pruning method that operates in the Kronecker-factored eigenbasis, allowing for effective weight pruning while maintaining model accuracy.",
            "method description": "The core of EigenDamage involves reparameterizing the neural network in the KFE and applying Hessian-based structured pruning methods.",
            "method steps": "1. Reparameterize the network using the Kronecker-factored eigenbasis. 2. Apply Hessian-based structured pruning in the KFE. 3. Iteratively prune weights while monitoring accuracy. 4. Fine-tune the pruned network to recover any lost accuracy.",
            "principle": "This method is effective because it exploits the approximate independence of weights in the KFE, allowing for more accurate and efficient pruning compared to traditional methods."
        },
        "experiments": {
            "evaluation setting": "The experiments were conducted on various challenging datasets and networks, specifically focusing on wide ResNet32 for performance comparison with baseline methods.",
            "evaluation method": "The performance of the method was assessed through iterative pruning, measuring reductions in model size and FLOPs while tracking accuracy loss."
        },
        "conclusion": "The experiments demonstrate that EigenDamage significantly reduces model size by 10\u00d7 and FLOPs by 8\u00d7 on wide ResNet32, with negligible loss of accuracy, showcasing the effectiveness of the proposed method.",
        "discussion": {
            "advantage": "The key advantage of EigenDamage is its ability to achieve substantial reductions in model size and computational requirements without compromising accuracy, particularly for more complex datasets.",
            "limitation": "One limitation of the method may be its reliance on the Kronecker-factored eigenbasis, which may not be applicable to all types of neural networks or datasets.",
            "future work": "Future research could explore further optimizations in the pruning process and investigate the applicability of the method to different architectures and tasks."
        },
        "other info": []
    },
    "mount_outline": [
        {
            "section number": "1.1",
            "key information": "Pruning contributes to model efficiency and performance by reducing test time resource requirements while maintaining accuracy, especially for resource-constrained devices."
        },
        {
            "section number": "2.3",
            "key information": "The proposed method, EigenDamage, operates in the Kronecker-factored eigenbasis, allowing for effective weight pruning while maintaining model accuracy."
        },
        {
            "section number": "3.1",
            "key information": "EigenDamage is a structured pruning method that leverages the approximate independence of weights in the Kronecker-factored eigenbasis for more effective pruning strategies."
        },
        {
            "section number": "4.1",
            "key information": "Criteria for evaluating pruning methods include reductions in model size and FLOPs while tracking accuracy loss."
        },
        {
            "section number": "5.1",
            "key information": "EigenDamage demonstrates a trade-off between model size reduction (10\u00d7) and maintaining accuracy, showcasing its effectiveness in balancing these factors."
        },
        {
            "section number": "6.1",
            "key information": "Best practices for neural network pruning include reparameterizing the network using the Kronecker-factored eigenbasis and applying structured pruning techniques."
        },
        {
            "section number": "6.3",
            "key information": "Future research could explore further optimizations in the pruning process and investigate the applicability of EigenDamage to different architectures and tasks."
        }
    ],
    "similarity_score": null,
    "image": null,
    "path": "/home/liudingyuan/code/SurveyX/code/SurveyX-main/outputs/t14/papers/EigenDamage_ Structured pruning in the Kronecker-Factored eigenbasis.json"
}