{
    "from": null,
    "scholar_id": null,
    "detail_id": null,
    "title": "Exact solutions to the nonlinear dynamics of learning in deep linear neural networks",
    "abstract": "Despite the widespread practical success of deep learning methods, our theoretical understanding of the dynamics of learning in deep neural networks remains quite sparse. We attempt to bridge the gap between the theory and practice of deep learning by systematically analyzing learning dynamics for the restricted case of deep linear neural networks. Despite the linearity of their input-output map, such networks have nonlinear gradient descent dynamics on weights that change with the addition of each new hidden layer. We show that deep linear networks exhibit nonlinear learning phenomena similar to those seen in simulations of nonlinear networks, including long plateaus followed by rapid transitions to lower error solutions, and faster convergence from greedy unsupervised pretraining initial conditions than from random initial conditions. We provide an analytical description of these phenomena by finding new exact solutions to the nonlinear dynamics of deep learning. Our theoretical analysis also reveals the surprising finding that as the depth of a network approaches infinity, learning speed can nevertheless remain finite: for a special class of initial conditions on the weights, very deep networks incur only a finite, depth independent, delay in learning speed relative to shallow networks. We show that, under certain conditions on the training data, unsupervised pretraining can find this special class of initial conditions, while scaled random Gaussian initializations cannot. We further exhibit a new class of random orthogonal initial conditions on weights that, like unsupervised pre-training, enjoys depth independent learning times. We further show that these initial conditions also lead to faithful propagation of gradients even in deep nonlinear networks, as long as they operate in a special regime known as the edge of chaos.",
    "arxivid": "1312.6120v3",
    "bib_name": "Exactsolut61",
    "md_text": "# Exact solutions to the nonlinear dynamics of learning in deep linear neural networks\n\n\nabstract\n\nDespite the widespread practical success of deep learning methods, our theoretical understanding of the dynamics of learning in deep neural networks remains quite sparse. We attempt to bridge the gap between the theory and practice of deep learning by systematically analyzing learning dynamics for the restricted case of deep linear neural networks. Despite the linearity of their input-output map, such networks have nonlinear gradient descent dynamics on weights that change with the addition of each new hidden layer. We show that deep linear networks exhibit nonlinear learning phenomena similar to those seen in simulations of nonlinear networks, including long plateaus followed by rapid transitions to lower error solutions, and faster convergence from greedy unsupervised pretraining initial conditions than from random initial conditions. We provide an analytical description of these phenomena by finding new exact solutions to the nonlinear dynamics of deep learning. Our theoretical analysis also reveals the surprising finding that as the depth of a network approaches infinity, learning speed can nevertheless remain finite: for a special class of initial conditions on the weights, very deep networks incur only a finite, depth independent, delay in learning speed relative to shallow networks. We show that, under certain conditions on the training data, unsupervised pretraining can find this special class of initial conditions, while scaled random Gaussian initializations cannot. We further exhibit a new class of random orthogonal initial conditions on weights that, like unsupervised pre-training, enjoys depth independent learning times. We further show that these initial conditions also lead to faithful propagation of gradients even in deep nonlinear networks, as long as they operate in a special regime known as the edge of chaos.",
    "paper_type": "theory",
    "attri": {
        "background": "This paper addresses the issue of understanding the dynamics of learning in deep neural networks, particularly focusing on deep linear neural networks, which exhibit nonlinear gradient descent dynamics despite their linear input-output mapping.",
        "problem": {
            "definition": "The problem is the lack of theoretical understanding of the learning dynamics in deep neural networks, specifically how the addition of hidden layers affects learning behavior.",
            "key obstacle": "A main challenge is the nonlinear learning phenomena that occur in deep linear networks, which complicates the theoretical analysis of their dynamics."
        },
        "idea": {
            "intuition": "The idea was inspired by the observation that deep linear networks display nonlinear learning behaviors similar to those of nonlinear networks.",
            "opinion": "The central opinion is that deep linear networks can exhibit complex learning dynamics that are not immediately apparent due to their linear nature.",
            "innovation": "The primary improvement compared to previous methods is the analytical description of the nonlinear dynamics of deep learning, revealing that learning speed can remain finite as network depth increases under certain initial conditions."
        },
        "Theory": {
            "perspective": "The theoretical perspective focuses on the nonlinear dynamics of learning in deep linear networks and the implications of network depth on learning speed.",
            "opinion": "The view is that traditional understanding of neural network dynamics may not fully capture the complexities introduced by depth and initialization strategies.",
            "proof": "The proof involves deriving exact solutions to the nonlinear dynamics of learning in deep linear networks, demonstrating how learning speed can be depth independent under specific conditions."
        },
        "experiments": {
            "evaluation setting": "The evaluation involves analyzing the dynamics of deep linear networks under various initial conditions, including unsupervised pretraining and random Gaussian initialization.",
            "evaluation method": "The specific evaluation steps include comparing learning speed and convergence behavior across different initialization strategies and network depths."
        },
        "conclusion": "The conclusion of the paper is that deep linear networks can achieve depth-independent learning times under certain conditions, challenging the conventional wisdom about the relationship between network depth and learning efficiency.",
        "discussion": {
            "advantage": "The advantages of this paper include providing a clearer theoretical framework for understanding learning dynamics in deep linear networks and identifying effective initialization strategies.",
            "limitation": "A limitation is that the findings are based on a restricted class of networks and may not generalize to all types of neural networks, particularly nonlinear ones.",
            "future work": "Future work could explore the applicability of the insights gained from deep linear networks to more complex, nonlinear architectures and investigate additional initialization strategies that promote efficient learning."
        },
        "other info": []
    },
    "mount_outline": [
        {
            "section number": "1.1",
            "key information": "Deep linear networks exhibit nonlinear gradient descent dynamics despite their linear input-output mapping, highlighting the importance of understanding pruning in enhancing model efficiency."
        },
        {
            "section number": "2.1",
            "key information": "Deep linear networks display complex learning dynamics that challenge traditional understandings of neural network behavior."
        },
        {
            "section number": "2.3",
            "key information": "The paper emphasizes the nonlinear learning phenomena in deep linear networks and their implications for enhancing neural network efficiency and performance."
        },
        {
            "section number": "4.1",
            "key information": "The evaluation involves comparing learning speed and convergence behavior across different initialization strategies and network depths, which can serve as criteria for evaluating pruning methods."
        },
        {
            "section number": "5.1",
            "key information": "The findings indicate that deep linear networks can achieve depth-independent learning times, suggesting a trade-off between model size and accuracy in pruning."
        },
        {
            "section number": "6.2",
            "key information": "Challenges identified in the paper include the nonlinear dynamics of learning in deep networks, which complicate the pruning process."
        },
        {
            "section number": "6.3",
            "key information": "Future work could explore the applicability of insights from deep linear networks to more complex architectures, indicating ongoing challenges in the field of neural network pruning."
        }
    ],
    "similarity_score": null,
    "image": null,
    "path": "/home/liudingyuan/code/SurveyX/code/SurveyX-main/outputs/t14/papers/Exact solutions to the nonlinear dynamics of learning in deep linear neural networks.json"
}