{
    "from": null,
    "scholar_id": null,
    "detail_id": null,
    "title": "Exploring linear relationship in feature map subspace for ConvNets compression",
    "abstract": "While the research on convolutional neural networks (CNNs) is progressing quickly, the real-world deployment of these models is often limited by computing resources and memory constraints. In this paper, we address this issue by proposing a novel filter pruning method to compress and accelerate CNNs. Our work is based on the linear relationship identified in different feature map subspaces via visualization of feature maps. Such linear relationship implies that the information in CNNs is redundant. Our method eliminates the redundancy in convolutional filters by applying subspace clustering to feature maps. In this way, most of the representative information in the network can be retained in each cluster. Therefore, our method provides an effective solution to filter pruning for which most existing methods directly remove filters based on simple heuristics. The proposed method is independent of the network structure, thus it can be adopted by any off-the-shelf deep learning libraries. Experiments on different networks and tasks show that our method outperforms existing techniques before fine-tuning, and achieves the state-of-the-art results after fine-tuning.",
    "arxivid": "1803.05729v1",
    "bib_name": "Exploringl178",
    "md_text": "# Exploring linear relationship in feature map subspace for ConvNets compression\n\n\nabstract\n\nWhile the research on convolutional neural networks (CNNs) is progressing quickly, the real-world deployment of these models is often limited by computing resources and memory constraints. In this paper, we address this issue by proposing a novel filter pruning method to compress and accelerate CNNs. Our work is based on the linear relationship identified in different feature map subspaces via visualization of feature maps. Such linear relationship implies that the information in CNNs is redundant. Our method eliminates the redundancy in convolutional filters by applying subspace clustering to feature maps. In this way, most of the representative information in the network can be retained in each cluster. Therefore, our method provides an effective solution to filter pruning for which most existing methods directly remove filters based on simple heuristics. The proposed method is independent of the network structure, thus it can be adopted by any off-the-shelf deep learning libraries. Experiments on different networks and tasks show that our method outperforms existing techniques before fine-tuning, and achieves the state-of-the-art results after fine-tuning.",
    "paper_type": "method",
    "attri": {
        "background": "This paper addresses the issue of limited computing resources and memory constraints in the real-world deployment of convolutional neural networks (CNNs). Previous methods for filter pruning often rely on simple heuristics, which do not effectively tackle the redundancy present in CNNs. The necessity for a new approach arises from the need to improve the efficiency of CNNs without compromising performance.",
        "problem": {
            "definition": "The problem this paper aims to solve is the redundancy in convolutional filters of CNNs, which limits their efficiency and deployment in resource-constrained environments.",
            "key obstacle": "The core obstacle is that existing filter pruning methods typically remove filters based on heuristic approaches, which do not consider the underlying linear relationships in feature maps, leading to suboptimal performance."
        },
        "idea": {
            "intuition": "The idea was inspired by the observation of linear relationships within different feature map subspaces, suggesting that the information contained in CNNs is not fully utilized due to redundancy.",
            "opinion": "The proposed idea involves a novel filter pruning method that utilizes subspace clustering of feature maps to eliminate redundancy while retaining representative information.",
            "innovation": "The primary innovation of this method lies in its ability to leverage the identified linear relationships in feature maps to perform filter pruning more effectively than existing heuristic-based methods."
        },
        "method": {
            "method name": "Subspace Clustering Filter Pruning",
            "method abbreviation": "SCFP",
            "method definition": "SCFP is a filter pruning method that utilizes subspace clustering of feature maps to identify and eliminate redundant convolutional filters in CNNs.",
            "method description": "The method focuses on clustering feature maps to retain essential information while pruning unnecessary filters.",
            "method steps": "1. Visualize feature maps to identify linear relationships. 2. Apply subspace clustering to group similar feature maps. 3. Retain representative filters from each cluster while pruning redundant ones.",
            "principle": "The effectiveness of this method is based on the principle that the linear relationships in feature maps indicate redundancy, which can be exploited to improve filter selection and enhance model efficiency."
        },
        "experiments": {
            "evaluation setting": "Experiments were conducted on various CNN architectures and tasks, comparing the proposed method against baseline pruning techniques to assess performance.",
            "evaluation method": "The evaluation involved measuring the performance of the pruned networks before and after fine-tuning, analyzing metrics such as accuracy and model size."
        },
        "conclusion": "The outcomes of the experiments demonstrate that the proposed method outperforms existing filter pruning techniques before fine-tuning and achieves state-of-the-art results after fine-tuning, confirming its effectiveness in compressing and accelerating CNNs.",
        "discussion": {
            "advantage": "Key advantages of the proposed approach include its independence from network structure and its ability to retain essential information while effectively reducing model size.",
            "limitation": "A limitation of the method may include its reliance on the quality of the feature map visualizations and the clustering process, which could affect the pruning effectiveness.",
            "future work": "Future research could focus on refining the clustering algorithms used in the method and exploring its application to other neural network architectures beyond CNNs."
        },
        "other info": []
    },
    "mount_outline": [
        {
            "section number": "1.1",
            "key information": "The necessity for a new approach arises from the need to improve the efficiency of CNNs without compromising performance."
        },
        {
            "section number": "2.2",
            "key information": "The problem this paper aims to solve is the redundancy in convolutional filters of CNNs, which limits their efficiency and deployment in resource-constrained environments."
        },
        {
            "section number": "2.3",
            "key information": "The proposed idea involves a novel filter pruning method that utilizes subspace clustering of feature maps to eliminate redundancy while retaining representative information."
        },
        {
            "section number": "3.1",
            "key information": "The effectiveness of this method is based on the principle that the linear relationships in feature maps indicate redundancy, which can be exploited to improve filter selection and enhance model efficiency."
        },
        {
            "section number": "4.1",
            "key information": "The evaluation involved measuring the performance of the pruned networks before and after fine-tuning, analyzing metrics such as accuracy and model size."
        },
        {
            "section number": "5.1",
            "key information": "Key advantages of the proposed approach include its independence from network structure and its ability to retain essential information while effectively reducing model size."
        },
        {
            "section number": "6.3",
            "key information": "Future research could focus on refining the clustering algorithms used in the method and exploring its application to other neural network architectures beyond CNNs."
        }
    ],
    "similarity_score": null,
    "image": null,
    "path": "/home/liudingyuan/code/SurveyX/code/SurveyX-main/outputs/t14/papers/Exploring linear relationship in feature map subspace for ConvNets compression.json"
}