{
    "from": null,
    "scholar_id": null,
    "detail_id": null,
    "title": "Fire together wire together: A dynamic pruning approach with self-supervised mask prediction",
    "abstract": "Dynamic model pruning is a recent direction that allows for the inference of a different sub-network for each input sample during deployment. However, current dynamic methods rely on learning a continuous channel gating through regularization by inducing sparsity loss. This formulation introduces complexity in balancing different losses (e.g task loss, regularization loss). In addition, regularization based methods lack transparent tradeoff hyper- parameter selection to realize a computational budget. Our contribution is two-fold: 1) decoupled task and pruning losses. 2) Simple hyperparameter selection that enables FLOPs reduction estimation before training. Inspired by the Hebbian theory in Neuroscience: \u201cneurons that fire together wire together\u201d, we propose to predict a mask to process k filters in a layer based on the activation of its previous layer. We pose the problem as a self-supervised binary classification problem. Each mask predictor module is trained to predict if the log-likelihood for each filter in the current layer belongs to the top-k activated filters. The value k is dynamically estimated for each input based on a novel criterion using the mass of heatmaps. We show experiments on several neural architectures, such as VGG, ResNet and MobileNet on CIFAR and ImageNet datasets. On CIFAR, we reach similar accuracy to SOTA methods with 15% and 24% higher FLOPs reduction. Similarly in ImageNet, we achieve lower drop in accuracy with up to 13% improvement in FLOPs reduction.",
    "arxivid": "2110.08232v4",
    "bib_name": "Firetogeth117",
    "md_text": "# Fire together wire together: A dynamic pruning approach with self-supervised mask prediction\n\n\nabstract\n\nDynamic model pruning is a recent direction that allows for the inference of a different sub-network for each input sample during deployment. However, current dynamic methods rely on learning a continuous channel gating through regularization by inducing sparsity loss. This formulation introduces complexity in balancing different losses (e.g task loss, regularization loss). In addition, regularization based methods lack transparent tradeoff hyper- parameter selection to realize a computational budget. Our contribution is two-fold: 1) decoupled task and pruning losses. 2) Simple hyperparameter selection that enables FLOPs reduction estimation before training. Inspired by the Hebbian theory in Neuroscience: \u201cneurons that fire together wire together\u201d, we propose to predict a mask to process k filters in a layer based on the activation of its previous layer. We pose the problem as a self-supervised binary classification problem. Each mask predictor module is trained to predict if the log-likelihood for each filter in the current layer belongs to the top-k activated filters. The value k is dynamically estimated for each input based on a novel criterion using the mass of heatmaps. We show experiments on several neural architectures, such as VGG, ResNet and MobileNet on CIFAR and ImageNet datasets. On CIFAR, we reach similar accuracy to SOTA methods with 15% and 24% higher FLOPs reduction. Similarly in ImageNet, we achieve lower drop in accuracy with up to 13% improvement in FLOPs reduction.",
    "paper_type": "method",
    "attri": {
        "background": "This paper addresses the issue of dynamic model pruning, which allows for the inference of different sub-networks for each input sample during deployment. Current dynamic methods rely on continuous channel gating through regularization that introduces complexity in balancing various losses, making it difficult to select transparent tradeoff hyperparameters for computational budgets.",
        "problem": {
            "definition": "The problem is the inefficiency of existing dynamic model pruning methods that rely on complex regularization techniques, leading to challenges in balancing task loss and pruning loss.",
            "key obstacle": "The main challenge is the lack of a straightforward method for hyperparameter selection that can effectively manage computational budgets while maintaining performance."
        },
        "idea": {
            "intuition": "Inspired by the Hebbian theory in Neuroscience, which suggests that 'neurons that fire together wire together', the proposed idea is to predict a mask for processing filters based on previous layer activations.",
            "opinion": "The idea posits that using a self-supervised binary classification approach to predict which filters to activate can lead to more effective dynamic pruning.",
            "innovation": "The primary innovation is the decoupling of task and pruning losses, along with a simple hyperparameter selection method that allows for FLOPs reduction estimation prior to training."
        },
        "method": {
            "method name": "Dynamic Pruning with Self-Supervised Mask Prediction",
            "method abbreviation": "DPSMP",
            "method definition": "DPSMP involves predicting a mask for a layer based on the activations of the previous layer, treating this as a self-supervised binary classification problem.",
            "method description": "The method dynamically estimates the number of filters to activate for each input sample using a mask predictor trained on the top-k activated filters.",
            "method steps": [
                "Train a mask predictor module for each layer.",
                "Use the previous layer's activations to predict if the log-likelihood for each filter belongs to the top-k activated filters.",
                "Dynamically estimate the value of k based on a novel criterion using the mass of heatmaps."
            ],
            "principle": "The effectiveness of this method lies in its ability to adaptively select filters based on input data, thereby optimizing performance while reducing computational costs."
        },
        "experiments": {
            "evaluation setting": "Experiments were conducted on several neural architectures including VGG, ResNet, and MobileNet using CIFAR and ImageNet datasets.",
            "evaluation method": "Performance was assessed by comparing accuracy and FLOPs reduction against state-of-the-art methods."
        },
        "conclusion": "The experiments demonstrate that the proposed method achieves comparable accuracy to state-of-the-art methods while achieving significant reductions in FLOPs, indicating its effectiveness in dynamic model pruning.",
        "discussion": {
            "advantage": "The key advantages of the proposed approach include the decoupling of task and pruning losses and the ability to estimate FLOPs reduction before training, simplifying the hyperparameter selection process.",
            "limitation": "A limitation of the method may be its reliance on the quality of the mask prediction, which could affect performance if the predictions are inaccurate.",
            "future work": "Future research could focus on enhancing the mask prediction accuracy and exploring additional architectures or datasets to further validate the method's effectiveness."
        },
        "other info": []
    },
    "mount_outline": [
        {
            "section number": "2.3",
            "key information": "Dynamic model pruning allows for the inference of different sub-networks for each input sample during deployment."
        },
        {
            "section number": "3.3",
            "key information": "The proposed method, Dynamic Pruning with Self-Supervised Mask Prediction (DPSMP), involves predicting a mask for a layer based on the activations of the previous layer."
        },
        {
            "section number": "4.1",
            "key information": "The evaluation method compared accuracy and FLOPs reduction against state-of-the-art methods to assess the performance of dynamic pruning techniques."
        },
        {
            "section number": "5.2",
            "key information": "The proposed method achieves significant reductions in FLOPs while maintaining comparable accuracy to state-of-the-art methods."
        },
        {
            "section number": "6.2",
            "key information": "A key obstacle in dynamic model pruning is the lack of a straightforward method for hyperparameter selection that effectively manages computational budgets."
        },
        {
            "section number": "6.3",
            "key information": "Future research could focus on enhancing mask prediction accuracy and exploring additional architectures or datasets to validate the effectiveness of dynamic pruning methods."
        }
    ],
    "similarity_score": null,
    "image": null,
    "path": "/home/liudingyuan/code/SurveyX/code/SurveyX-main/outputs/t14/papers/Fire together wire together_ A dynamic pruning approach with self-supervised mask prediction.json"
}