{
    "from": null,
    "scholar_id": null,
    "detail_id": null,
    "title": "Fluctuation-based adaptive structured pruning for large language models",
    "abstract": "Network Pruning is a promising way to address the huge computing resource demands of the deployment and inference of Large Language Models (LLMs). Retraining-free is important for LLMs' pruning methods. However, almost all of the existing retraining-free pruning approaches for LLMs focus on unstructured pruning, which requires specific hardware support for acceleration. In this paper, we propose a novel retraining-free structured pruning framework for LLMs, named FLAP (FLuctuation-based Adaptive\nStructured Pruning). It is hardware-friendly by effectively reducing storage and enhancing inference speed. For effective structured pruning of LLMs, we highlight three critical elements that demand the utmost attention: formulating structured importance metrics, adaptively searching the global compressed model, and implementing compensation mechanisms to mitigate performance loss. First, FLAP determines whether the output feature map is easily recoverable when a column of weight is removed, based on the fluctuation pruning metric. Then it standardizes the importance scores to adaptively determine the global compressed model structure. At last, FLAP adds additional bias terms to recover the output feature maps using the baseline values. We thoroughly evaluate our approach on a variety of language benchmarks. Without any retraining, our method significantly outperforms the state-of-the-art methods, including LLM-Pruner and the extension of Wanda in structured pruning. The code is released at https://github.com/CASIA-IVA-Lab/FLAP.",
    "arxivid": "2312.11983v1",
    "bib_name": "Fluctuatio114",
    "md_text": "# Fluctuation-based adaptive structured pruning for large language models\n\n\nabstract\n\nNetwork Pruning is a promising way to address the huge computing resource demands of the deployment and inference of Large Language Models (LLMs). Retraining-free is important for LLMs' pruning methods. However, almost all of the existing retraining-free pruning approaches for LLMs focus on unstructured pruning, which requires specific hardware support for acceleration. In this paper, we propose a novel retraining-free structured pruning framework for LLMs, named FLAP (FLuctuation-based Adaptive\nStructured Pruning). It is hardware-friendly by effectively reducing storage and enhancing inference speed. For effective structured pruning of LLMs, we highlight three critical elements that demand the utmost attention: formulating structured importance metrics, adaptively searching the global compressed model, and implementing compensation mechanisms to mitigate performance loss. First, FLAP determines whether the output feature map is easily recoverable when a column of weight is removed, based on the fluctuation pruning metric. Then it standardizes the importance scores to adaptively determine the global compressed model structure. At last, FLAP adds additional bias terms to recover the output feature maps using the baseline values. We thoroughly evaluate our approach on a variety of language benchmarks. Without any retraining, our method significantly outperforms the state-of-the-art methods, including LLM-Pruner and the extension of Wanda in structured pruning. The code is released at https://github.com/CASIA-IVA-Lab/FLAP.",
    "paper_type": "method",
    "attri": {
        "background": "This paper addresses the issue of high computing resource demands for deploying and inferring Large Language Models (LLMs) and highlights the limitations of existing retraining-free pruning methods that primarily focus on unstructured pruning, which requires specific hardware support.",
        "problem": {
            "definition": "The problem is the need for an effective method to prune LLMs without retraining while ensuring that the models remain efficient and performant.",
            "key obstacle": "The main challenge is that existing methods for pruning do not adequately support structured pruning, which is essential for hardware efficiency and performance enhancement."
        },
        "idea": {
            "intuition": "The idea is inspired by the need to create a pruning method that is both retraining-free and structured, allowing for effective model compression without sacrificing performance.",
            "opinion": "The proposed idea, FLAP (FLuctuation-based Adaptive Structured Pruning), focuses on structured pruning by utilizing a fluctuation pruning metric to guide the selection of weights for removal.",
            "innovation": "The key innovation of FLAP lies in its approach to structured pruning, which incorporates adaptive searching of the global compressed model and compensation mechanisms to recover performance lost during pruning."
        },
        "method": {
            "method name": "FLAP",
            "method abbreviation": "FLAP",
            "method definition": "FLAP is a retraining-free structured pruning framework designed for Large Language Models that effectively reduces storage requirements and enhances inference speed.",
            "method description": "FLAP determines the recoverability of output feature maps when weights are pruned, adaptively selects the model structure, and uses bias terms to recover features.",
            "method steps": [
                "Determine the recoverability of the output feature map using the fluctuation pruning metric.",
                "Standardize importance scores to adaptively define the global compressed model structure.",
                "Implement additional bias terms to recover output feature maps based on baseline values."
            ],
            "principle": "The effectiveness of FLAP in solving the problem is based on its ability to intelligently prune weights while maintaining model performance through adaptive mechanisms and compensation strategies."
        },
        "experiments": {
            "evaluation setting": "The evaluation was conducted on a variety of language benchmarks, comparing FLAP against state-of-the-art methods such as LLM-Pruner and an extension of Wanda in structured pruning.",
            "evaluation method": "The performance of the method was assessed without any retraining, measuring its effectiveness in terms of storage reduction and inference speed improvements."
        },
        "conclusion": "FLAP significantly outperforms existing structured pruning methods without any retraining, demonstrating its effectiveness in addressing the challenges of pruning Large Language Models.",
        "discussion": {
            "advantage": "The key advantages of FLAP include its retraining-free nature, hardware-friendly design, and superior performance compared to other structured pruning methods.",
            "limitation": "A limitation of the method may include its dependency on the specific characteristics of the models being pruned, which could affect the generalizability of the results.",
            "future work": "Future research could explore further enhancements to the adaptive mechanisms and investigate the application of FLAP to different architectures and tasks."
        },
        "other info": {
            "code repository": "https://github.com/CASIA-IVA-Lab/FLAP"
        }
    },
    "mount_outline": [
        {
            "section number": "1.1",
            "key information": "The paper highlights the limitations of existing retraining-free pruning methods that primarily focus on unstructured pruning, emphasizing the importance of structured pruning for hardware efficiency and performance enhancement."
        },
        {
            "section number": "2.3",
            "key information": "FLAP (FLuctuation-based Adaptive Structured Pruning) is a retraining-free structured pruning framework designed specifically for Large Language Models, which effectively reduces storage requirements and enhances inference speed."
        },
        {
            "section number": "3.1",
            "key information": "The paper discusses the need for structured pruning methods, outlining the challenges faced by existing methods that do not adequately support this approach."
        },
        {
            "section number": "4.1",
            "key information": "The evaluation of FLAP against state-of-the-art methods such as LLM-Pruner and an extension of Wanda illustrates the criteria used for comparison in terms of storage reduction and inference speed improvements."
        },
        {
            "section number": "5.1",
            "key information": "FLAP's approach allows for effective model compression without sacrificing performance, addressing the trade-off between model size and accuracy."
        },
        {
            "section number": "6.1",
            "key information": "The proposed method, FLAP, emphasizes the need for a retraining-free and structured pruning approach, providing a strategy that includes adaptive searching of the global compressed model and compensation mechanisms."
        },
        {
            "section number": "6.2",
            "key information": "A limitation of the FLAP method is its dependency on the specific characteristics of the models being pruned, which could affect the generalizability of the results."
        },
        {
            "section number": "6.3",
            "key information": "Future research could explore further enhancements to the adaptive mechanisms used in FLAP and investigate its application to different architectures and tasks."
        }
    ],
    "similarity_score": null,
    "image": null,
    "path": "/home/liudingyuan/code/SurveyX/code/SurveyX-main/outputs/t14/papers/Fluctuation-based adaptive structured pruning for large language models.json"
}