{
    "from": null,
    "scholar_id": null,
    "detail_id": null,
    "title": "From dense to sparse: Contrastive pruning for better pre-trained language model compression",
    "abstract": "Pre-trained Language Models (PLMs) have achieved great success in various Natural Language Processing (NLP) tasks under the pre-training and fine-tuning paradigm. \n With large quantities of parameters, PLMs are computation-intensive and resource-hungry. Hence, model pruning has been introduced to compress large-scale PLMs. \n However, most prior approaches only consider task-specific knowledge towards downstream tasks, but ignore the essential task-agnostic knowledge during pruning, which may cause catastrophic forgetting problem and lead to poor generalization ability. \n To maintain both task-agnostic and task-specific knowledge in our pruned model, we propose ContrAstive Pruning (CAP) under the paradigm of pre-training and fine-tuning. \n It is designed as a general framework, compatible with both structured and unstructured pruning. \n Unified in contrastive learn- ing, CAP enables the pruned model to learn from the pre-trained model for task-agnostic knowledge, and fine-tuned model for task-specific knowledge. \n Besides, to better retain the performance of the pruned model, the snapshots (i.e., the intermediate models at each pruning iteration) also serve as effective supervisions for pruning. \n Our extensive experiments show that adopting CAP consistently yields significant improvements, especially in extremely high sparsity scenarios. \n With only 3% model parameters reserved (i.e., 97% sparsity), CAP successfully achieves 99.2% and 96.3% of the original BERT performance in QQP and MNLI tasks. \n In addition, our probing experiments demonstrate that the model pruned by CAP tends to achieve better generalization ability.",
    "arxivid": "2112.07198v1",
    "bib_name": "Fromdenset199",
    "md_text": "# From dense to sparse: Contrastive pruning for better pre-trained language model compression\n\n\nabstract\n\nPre-trained Language Models (PLMs) have achieved great success in various Natural Language Processing (NLP) tasks under the pre-training and fine-tuning paradigm. \n With large quantities of parameters, PLMs are computation-intensive and resource-hungry. Hence, model pruning has been introduced to compress large-scale PLMs. \n However, most prior approaches only consider task-specific knowledge towards downstream tasks, but ignore the essential task-agnostic knowledge during pruning, which may cause catastrophic forgetting problem and lead to poor generalization ability. \n To maintain both task-agnostic and task-specific knowledge in our pruned model, we propose ContrAstive Pruning (CAP) under the paradigm of pre-training and fine-tuning. \n It is designed as a general framework, compatible with both structured and unstructured pruning. \n Unified in contrastive learn- ing, CAP enables the pruned model to learn from the pre-trained model for task-agnostic knowledge, and fine-tuned model for task-specific knowledge. \n Besides, to better retain the performance of the pruned model, the snapshots (i.e., the intermediate models at each pruning iteration) also serve as effective supervisions for pruning. \n Our extensive experiments show that adopting CAP consistently yields significant improvements, especially in extremely high sparsity scenarios. \n With only 3% model parameters reserved (i.e., 97% sparsity), CAP successfully achieves 99.2% and 96.3% of the original BERT performance in QQP and MNLI tasks. \n In addition, our probing experiments demonstrate that the model pruned by CAP tends to achieve better generalization ability.",
    "paper_type": "method",
    "attri": {
        "background": "This paper addresses the issue of compressing pre-trained language models (PLMs) which are computation-intensive and resource-hungry due to their large quantities of parameters. Previous methods focused mainly on task-specific knowledge, neglecting task-agnostic knowledge which can lead to catastrophic forgetting and poor generalization ability.",
        "problem": {
            "definition": "The paper aims to solve the problem of effectively pruning large-scale pre-trained language models while retaining both task-agnostic and task-specific knowledge.",
            "key obstacle": "The main challenge is that existing pruning methods often result in the loss of essential task-agnostic knowledge, leading to a decrease in the model's generalization ability."
        },
        "idea": {
            "intuition": "The intuition behind the proposed method is to leverage both task-agnostic and task-specific knowledge during the pruning process to enhance model performance.",
            "opinion": "The proposed idea, ContrAstive Pruning (CAP), integrates contrastive learning to enable the pruned model to learn from both the pre-trained model and the fine-tuned model.",
            "innovation": "The key innovation of CAP lies in its ability to utilize snapshots from pruning iterations as effective supervisions, which is a departure from traditional methods that do not consider such intermediate models."
        },
        "method": {
            "method name": "ContrAstive Pruning",
            "method abbreviation": "CAP",
            "method definition": "CAP is a general framework for pruning that retains both task-agnostic and task-specific knowledge by utilizing contrastive learning.",
            "method description": "CAP enables effective pruning of pre-trained language models by integrating task-agnostic and task-specific knowledge through contrastive learning.",
            "method steps": "1. Initialize the model; 2. Perform pruning iterations while retaining snapshots; 3. Use contrastive learning to guide the pruning process; 4. Fine-tune the pruned model.",
            "principle": "This method is effective because it allows the pruned model to learn from both the original and fine-tuned versions, thereby mitigating the loss of crucial knowledge."
        },
        "experiments": {
            "evaluation setting": "The experiments were conducted on tasks QQP and MNLI with models pruned to 3% of their original parameters, achieving 97% sparsity.",
            "evaluation method": "The performance of the pruned model was assessed by comparing it to the original model's performance on the specified tasks, measuring generalization ability and effectiveness."
        },
        "conclusion": "The experiments demonstrate that CAP significantly improves the performance of pruned models, especially under high sparsity conditions, achieving 99.2% and 96.3% of the original BERT performance on QQP and MNLI, respectively.",
        "discussion": {
            "advantage": "The key advantages of CAP include its ability to maintain high performance at extreme sparsity levels and improved generalization ability.",
            "limitation": "One limitation of the method may be its reliance on the availability of effective supervision from both pre-trained and fine-tuned models.",
            "future work": "Future research could explore further enhancements to the pruning process and investigate the applicability of CAP to other model architectures or tasks."
        },
        "other info": []
    },
    "mount_outline": [
        {
            "section number": "1.1",
            "key information": "Pruning is essential for compressing pre-trained language models, which are computation-intensive and resource-hungry due to their large quantities of parameters."
        },
        {
            "section number": "1.2",
            "key information": "The survey will cover the challenges of pruning large-scale pre-trained language models while retaining both task-agnostic and task-specific knowledge."
        },
        {
            "section number": "2.2",
            "key information": "The proposed method, ContrAstive Pruning (CAP), integrates contrastive learning to enhance model performance during the pruning process."
        },
        {
            "section number": "2.3",
            "key information": "CAP is a general framework for pruning that retains both task-agnostic and task-specific knowledge by utilizing contrastive learning."
        },
        {
            "section number": "4.1",
            "key information": "The evaluation method compares the performance of the pruned model to the original model's performance on specified tasks, measuring generalization ability and effectiveness."
        },
        {
            "section number": "5.3",
            "key information": "CAP significantly improves the performance of pruned models, achieving 99.2% and 96.3% of the original BERT performance on QQP and MNLI, respectively."
        },
        {
            "section number": "6.1",
            "key information": "The key advantages of CAP include maintaining high performance at extreme sparsity levels and improved generalization ability."
        },
        {
            "section number": "6.3",
            "key information": "Future research could explore enhancements to the pruning process and investigate the applicability of CAP to other model architectures or tasks."
        }
    ],
    "similarity_score": null,
    "image": null,
    "path": "/home/liudingyuan/code/SurveyX/code/SurveyX-main/outputs/t14/papers/From dense to sparse_ Contrastive pruning for better pre-trained language model compression.json"
}