{
    "from": null,
    "scholar_id": null,
    "detail_id": null,
    "title": "GAN slimming: All-in-one GAN compression by a unified optimization framework",
    "abstract": "Generative adversarial networks (GANs) have gained increasing popularity in various computer vision applications, and recently start to be deployed to resource-constrained mobile devices. Similar to other deep models, state-of-the-art GANs suffer from high parameter complexities. That has recently motivated the exploration of compressing GANs (usually generators). Compared to the vast literature and prevailing success in compressing deep classifiers, the study of GAN compression remains in its infancy, so far leveraging individual compression techniques instead of more sophisticated combinations. We observe that due to the notorious instability of training GANs, heuristically stacking different compression techniques will result in unsatisfactory results. To this end, we propose the first unified optimization framework combining multiple compression means for GAN compression, dubbed GAN Slimming (GS). GS seamlessly integrates three mainstream compression techniques: model distillation, channel pruning and quantization, together with the GAN minimax objective, into one unified optimization form, that can be efficiently optimized from end to end. Without bells and whistles, GS largely outperforms existing options in compressing image-to-image translation GANs. Specifically, we apply GS to compress CartoonGAN, a state-of-the-art style transfer network, by up to 47 times, with minimal visual quality degradation. Codes and pre-trained models can be found at this https URL.",
    "arxivid": "2008.11062v1",
    "bib_name": "GANslimmin169",
    "md_text": "# GAN slimming: All-in-one GAN compression by a unified optimization framework\n\n\nabstract\n\nGenerative adversarial networks (GANs) have gained increasing popularity in various computer vision applications, and recently start to be deployed to resource-constrained mobile devices. Similar to other deep models, state-of-the-art GANs suffer from high parameter complexities. That has recently motivated the exploration of compressing GANs (usually generators). Compared to the vast literature and prevailing success in compressing deep classifiers, the study of GAN compression remains in its infancy, so far leveraging individual compression techniques instead of more sophisticated combinations. We observe that due to the notorious instability of training GANs, heuristically stacking different compression techniques will result in unsatisfactory results. To this end, we propose the first unified optimization framework combining multiple compression means for GAN compression, dubbed GAN Slimming (GS). GS seamlessly integrates three mainstream compression techniques: model distillation, channel pruning and quantization, together with the GAN minimax objective, into one unified optimization form, that can be efficiently optimized from end to end. Without bells and whistles, GS largely outperforms existing options in compressing image-to-image translation GANs. Specifically, we apply GS to compress CartoonGAN, a state-of-the-art style transfer network, by up to 47 times, with minimal visual quality degradation. Codes and pre-trained models can be found at this https URL.",
    "paper_type": "method",
    "attri": {
        "background": "Generative adversarial networks (GANs) have gained increasing popularity in various computer vision applications, and recently start to be deployed to resource-constrained mobile devices. Similar to other deep models, state-of-the-art GANs suffer from high parameter complexities. The study of GAN compression remains in its infancy, leveraging individual compression techniques instead of more sophisticated combinations.",
        "problem": {
            "definition": "The problem addressed in this paper is the high parameter complexity of GANs, which hinders their deployment on resource-constrained mobile devices.",
            "key obstacle": "The main difficulty associated with the problem is the notorious instability of training GANs, which leads to unsatisfactory results when heuristically stacking different compression techniques."
        },
        "idea": {
            "intuition": "The idea is inspired by the need for a more effective approach to GAN compression that can combine multiple techniques without compromising stability.",
            "opinion": "The proposed idea, GAN Slimming (GS), integrates model distillation, channel pruning, and quantization into a unified optimization framework to enhance GAN compression.",
            "innovation": "The primary difference between the proposed method and existing approaches is the unified optimization framework that combines multiple compression techniques with the GAN minimax objective, allowing for efficient end-to-end optimization."
        },
        "method": {
            "method name": "GAN Slimming",
            "method abbreviation": "GS",
            "method definition": "GAN Slimming (GS) is a unified optimization framework that combines model distillation, channel pruning, and quantization for compressing GANs while maintaining training stability.",
            "method description": "GS integrates multiple compression techniques into a single optimization process that can be applied to GANs.",
            "method steps": "1. Apply model distillation, 2. Perform channel pruning, 3. Implement quantization, 4. Optimize using the GAN minimax objective.",
            "principle": "The effectiveness of this method lies in its ability to combine various compression techniques in a stable manner, addressing the challenges faced by existing methods."
        },
        "experiments": {
            "evaluation setting": "The experiments were conducted on CartoonGAN, a state-of-the-art style transfer network, to evaluate the performance of the GS method.",
            "evaluation method": "The performance of the method was assessed by measuring the compression ratio and visual quality degradation."
        },
        "conclusion": "The outcomes of the experiments demonstrate that GAN Slimming significantly outperforms existing options in compressing image-to-image translation GANs, achieving up to 47 times compression with minimal visual quality degradation.",
        "discussion": {
            "advantage": "The key advantages of the proposed approach include its ability to effectively combine multiple compression techniques while maintaining the stability of GAN training.",
            "limitation": "One limitation of the method may be the dependence on specific GAN architectures, which could affect its generalizability.",
            "future work": "Future research could explore further enhancements in the unified optimization framework and investigate its applicability to other types of GANs and deep learning models."
        },
        "other info": []
    },
    "mount_outline": [
        {
            "section number": "1.1",
            "key information": "The problem addressed in this paper is the high parameter complexity of GANs, which hinders their deployment on resource-constrained mobile devices."
        },
        {
            "section number": "2.2",
            "key information": "GAN Slimming (GS) is a unified optimization framework that combines model distillation, channel pruning, and quantization for compressing GANs while maintaining training stability."
        },
        {
            "section number": "3.1",
            "key information": "The proposed idea, GAN Slimming (GS), integrates model distillation, channel pruning, and quantization into a unified optimization framework to enhance GAN compression."
        },
        {
            "section number": "4.1",
            "key information": "The performance of the method was assessed by measuring the compression ratio and visual quality degradation."
        },
        {
            "section number": "5.3",
            "key information": "The outcomes of the experiments demonstrate that GAN Slimming significantly outperforms existing options in compressing image-to-image translation GANs, achieving up to 47 times compression with minimal visual quality degradation."
        },
        {
            "section number": "6.1",
            "key information": "The key advantages of the proposed approach include its ability to effectively combine multiple compression techniques while maintaining the stability of GAN training."
        }
    ],
    "similarity_score": null,
    "image": null,
    "path": "/home/liudingyuan/code/SurveyX/code/SurveyX-main/outputs/t14/papers/GAN slimming_ All-in-one GAN compression by a unified optimization framework.json"
}