{
    "from": null,
    "scholar_id": null,
    "detail_id": null,
    "title": "GANs can play lottery tickets too",
    "abstract": "Deep generative adversarial networks (GANs) have gained growing popularity in numerous scenarios, while usually suffer from high parameter complexities for resource-constrained real-world applications. However, the compression of GANs has less been explored. A few works show that heuristically applying compression techniques normally leads to unsatisfactory results, due to the notorious training instability of GANs. In parallel, the lottery ticket hypothesis shows prevailing success on discriminative models, in locating sparse matching subnetworks capable of training in isolation to full model performance. In this work, we for the first time study the existence of such trainable matching subnetworks in deep GANs. For a range of GANs, we certainly find matching subnetworks at 67%-74% sparsity. We observe that with or without pruning discriminator has a minor effect on the existence and quality of matching subnetworks, while the initialization weights used in the discriminator play a significant role. We then show the powerful transferability of these subnetworks to unseen tasks. Furthermore, extensive experimental results demonstrate that our found subnetworks substantially outperform previous state-of-the-art GAN compression approaches in both image generation (e.g. SNGAN) and image-to-image translation GANs (e.g. CycleGAN). Codes available at https://github.com/VITA-Group/GAN-LTH.",
    "arxivid": "2106.00134v1",
    "bib_name": "GANscanpla88",
    "md_text": "# GANs can play lottery tickets too\n\n\nabstract\n\nDeep generative adversarial networks (GANs) have gained growing popularity in numerous scenarios, while usually suffer from high parameter complexities for resource-constrained real-world applications. However, the compression of GANs has less been explored. A few works show that heuristically applying compression techniques normally leads to unsatisfactory results, due to the notorious training instability of GANs. In parallel, the lottery ticket hypothesis shows prevailing success on discriminative models, in locating sparse matching subnetworks capable of training in isolation to full model performance. In this work, we for the first time study the existence of such trainable matching subnetworks in deep GANs. For a range of GANs, we certainly find matching subnetworks at 67%-74% sparsity. We observe that with or without pruning discriminator has a minor effect on the existence and quality of matching subnetworks, while the initialization weights used in the discriminator play a significant role. We then show the powerful transferability of these subnetworks to unseen tasks. Furthermore, extensive experimental results demonstrate that our found subnetworks substantially outperform previous state-of-the-art GAN compression approaches in both image generation (e.g. SNGAN) and image-to-image translation GANs (e.g. CycleGAN). Codes available at https://github.com/VITA-Group/GAN-LTH.",
    "paper_type": "method",
    "attri": {
        "background": "This paper addresses the issue of high parameter complexities in deep generative adversarial networks (GANs), which limits their application in resource-constrained environments. Previous methods for compressing GANs have been largely unsatisfactory due to the inherent training instability of GANs. The lottery ticket hypothesis has shown promise in identifying sparse subnetworks in discriminative models, but its application to GANs has not been explored until now.",
        "problem": {
            "definition": "The problem this paper aims to solve is the inefficient use of parameters in GANs, leading to challenges in deploying them in real-world applications due to their high complexity.",
            "key obstacle": "The main obstacle is the training instability of GANs, which complicates the effective application of compression techniques."
        },
        "idea": {
            "intuition": "The idea is inspired by the lottery ticket hypothesis, which suggests that within large models, there exist smaller subnetworks that can perform comparably to the full model when trained in isolation.",
            "opinion": "The proposed idea involves studying the existence of trainable matching subnetworks in deep GANs and demonstrating their effectiveness for compression.",
            "innovation": "The key innovation of this work is the identification of matching subnetworks in GANs that can maintain performance at 67%-74% sparsity, which has not been previously established."
        },
        "method": {
            "method name": "Lottery Ticket Hypothesis in GANs",
            "method abbreviation": "LTH-GAN",
            "method definition": "LTH-GAN is a method that identifies and utilizes sparse matching subnetworks within GANs, enhancing their efficiency while maintaining performance.",
            "method description": "The method focuses on discovering trainable subnetworks in GANs that can be pruned without significant loss of performance.",
            "principle": "The effectiveness of this method lies in the ability of these subnetworks to retain the performance of the full model, thus allowing for significant parameter reduction without sacrificing quality."
        },
        "experiments": {
            "evaluation setting": "The experiments involved a range of GAN architectures, including SNGAN and CycleGAN, assessing the performance of the identified subnetworks against baseline methods.",
            "evaluation method": "Performance was measured by comparing the quality of image generation and image-to-image translation tasks using standard metrics for GAN evaluation."
        },
        "conclusion": "The experimental results indicate that the identified subnetworks significantly outperform existing GAN compression methods, demonstrating their potential for effective application in resource-constrained scenarios.",
        "discussion": {
            "advantage": "The key advantage of the proposed approach is its ability to compress GANs while maintaining high performance, thus making them more suitable for practical applications.",
            "limitation": "One limitation is that the training stability of GANs still poses challenges, which may affect the generalizability of the findings across all GAN architectures.",
            "future work": "Future research could explore the application of this method to other generative models and investigate ways to further enhance the stability of training in GANs."
        },
        "other info": {
            "codes available": "https://github.com/VITA-Group/GAN-LTH"
        }
    },
    "mount_outline": [
        {
            "section number": "1.1",
            "key information": "The paper addresses the issue of high parameter complexities in deep generative adversarial networks (GANs), which limits their application in resource-constrained environments, highlighting the importance of pruning in enhancing model efficiency."
        },
        {
            "section number": "2.2",
            "key information": "The paper discusses the challenges of compressing GANs due to their inherent training instability and provides insights into the limitations of previous compression methods."
        },
        {
            "section number": "2.3",
            "key information": "The proposed method, Lottery Ticket Hypothesis in GANs (LTH-GAN), identifies and utilizes sparse matching subnetworks within GANs to enhance efficiency while maintaining performance."
        },
        {
            "section number": "3.1",
            "key information": "The paper explores structured pruning through the identification of trainable subnetworks in GANs, contrasting it with unstructured approaches."
        },
        {
            "section number": "4.1",
            "key information": "Criteria for evaluation include the ability to maintain performance while achieving significant parameter reduction, as demonstrated by the LTH-GAN method."
        },
        {
            "section number": "5.1",
            "key information": "The findings indicate a trade-off between model size and performance, with identified subnetworks maintaining performance at 67%-74% sparsity."
        },
        {
            "section number": "6.1",
            "key information": "The paper recommends the application of the LTH-GAN method for effective pruning in GANs, emphasizing the importance of discovering trainable subnetworks."
        },
        {
            "section number": "6.2",
            "key information": "One challenge discussed is the training instability of GANs, which complicates the effective application of compression techniques."
        },
        {
            "section number": "6.3",
            "key information": "Future work could explore the application of the LTH-GAN method to other generative models and investigate ways to enhance the stability of training in GANs."
        }
    ],
    "similarity_score": null,
    "image": null,
    "path": "/home/liudingyuan/code/SurveyX/code/SurveyX-main/outputs/t14/papers/GANs can play lottery tickets too.json"
}