{
    "from": null,
    "scholar_id": null,
    "detail_id": null,
    "title": "Gate Decorator: Global filter pruning method for accelerating deep convolutional neural networks",
    "abstract": "Filter pruning is one of the most effective ways to accelerate and compress convolutional neural networks (CNNs). In this work, we propose a global filter pruning algorithm called Gate Decorator, which transforms a vanilla CNN module by multiplying its output by the channel-wise scaling factors (i.e. gate). When the scaling factor is set to zero, it is equivalent to removing the corresponding filter. We use Taylor expansion to estimate the change in the loss function caused by setting the scaling factor to zero and use the estimation for the global filter importance ranking. Then we prune the network by removing those unimportant filters. After pruning, we merge all the scaling factors into its original module, so no special operations or structures are introduced. Moreover, we propose an iterative pruning framework called Tick-Tock to improve pruning accuracy. The extensive experiments demonstrate the effectiveness of our approaches. For example, we achieve the state-of-the-art pruning ratio on ResNet-56 by reducing 70% FLOPs without noticeable loss in accuracy. For ResNet-50 on ImageNet, our pruned model with 40% FLOPs reduction outperforms the baseline model by 0.31% in top-1 accuracy. Various datasets are used, including CIFAR-10, CIFAR-100, CUB-200, ImageNet ILSVRC-12 and PASCAL VOC 2011.",
    "arxivid": "1909.08174v1",
    "bib_name": "GateDecora13",
    "md_text": "# Gate Decorator: Global filter pruning method for accelerating deep convolutional neural networks\n\n\nabstract\n\nFilter pruning is one of the most effective ways to accelerate and compress convolutional neural networks (CNNs). In this work, we propose a global filter pruning algorithm called Gate Decorator, which transforms a vanilla CNN module by multiplying its output by the channel-wise scaling factors (i.e. gate). When the scaling factor is set to zero, it is equivalent to removing the corresponding filter. We use Taylor expansion to estimate the change in the loss function caused by setting the scaling factor to zero and use the estimation for the global filter importance ranking. Then we prune the network by removing those unimportant filters. After pruning, we merge all the scaling factors into its original module, so no special operations or structures are introduced. Moreover, we propose an iterative pruning framework called Tick-Tock to improve pruning accuracy. The extensive experiments demonstrate the effectiveness of our approaches. For example, we achieve the state-of-the-art pruning ratio on ResNet-56 by reducing 70% FLOPs without noticeable loss in accuracy. For ResNet-50 on ImageNet, our pruned model with 40% FLOPs reduction outperforms the baseline model by 0.31% in top-1 accuracy. Various datasets are used, including CIFAR-10, CIFAR-100, CUB-200, ImageNet ILSVRC-12 and PASCAL VOC 2011.",
    "paper_type": "method",
    "attri": {
        "background": "This paper addresses the issue of accelerating and compressing convolutional neural networks (CNNs) through filter pruning, highlighting the limitations of previous methods and the need for a more effective global filter pruning algorithm.",
        "problem": {
            "definition": "The problem defined in this paper is the inefficiency of existing filter pruning methods in effectively removing unimportant filters from CNNs without significantly impacting accuracy.",
            "key obstacle": "The main difficulty lies in accurately determining which filters are unimportant, which existing methods struggle to achieve, leading to suboptimal pruning results."
        },
        "idea": {
            "intuition": "The intuition behind the proposed idea is to utilize channel-wise scaling factors to control filter importance, allowing for more precise pruning decisions.",
            "opinion": "The proposed idea, Gate Decorator, involves multiplying the output of CNN modules by scaling factors, where setting these factors to zero effectively removes the corresponding filters.",
            "innovation": "The primary innovation of this method is the introduction of a global filter pruning algorithm that combines Taylor expansion for loss estimation with an iterative pruning framework, significantly improving pruning accuracy."
        },
        "method": {
            "method name": "Gate Decorator",
            "method abbreviation": "GD",
            "method definition": "Gate Decorator is a global filter pruning method that uses channel-wise scaling factors to determine filter importance and prune unimportant filters from CNNs.",
            "method description": "The core of the method involves estimating the loss change due to filter removal and pruning based on the importance rankings derived from these estimates.",
            "method steps": "1. Compute channel-wise scaling factors for each filter. 2. Estimate the loss change using Taylor expansion for filters set to zero. 3. Rank filters based on importance. 4. Prune unimportant filters. 5. Merge scaling factors into the original module.",
            "principle": "This method is effective because it leverages a mathematical estimation of loss impact to make informed pruning decisions, ensuring minimal accuracy loss while maximizing computational efficiency."
        },
        "experiments": {
            "evaluation setting": "Extensive experiments were conducted using various datasets, including CIFAR-10, CIFAR-100, CUB-200, ImageNet ILSVRC-12, and PASCAL VOC 2011, with ResNet-56 and ResNet-50 as baseline models.",
            "evaluation method": "The performance of the method was assessed by measuring the pruning ratios achieved and the resulting accuracy on the respective datasets, comparing pruned models against baseline models."
        },
        "conclusion": "The experiments demonstrate that the Gate Decorator method achieves state-of-the-art pruning ratios and improves accuracy, showcasing its effectiveness in accelerating CNNs without significant loss in performance.",
        "discussion": {
            "advantage": "Key advantages include the ability to significantly reduce FLOPs while maintaining or improving accuracy, making it a competitive choice for filter pruning.",
            "limitation": "A limitation of the method may include its dependency on accurate loss estimation, which could be challenging in certain scenarios or architectures.",
            "future work": "Future research could explore refining the estimation process, applying the method to other network architectures, or investigating alternative scaling strategies."
        },
        "other info": []
    },
    "mount_outline": [
        {
            "section number": "1.1",
            "key information": "This paper addresses the issue of accelerating and compressing convolutional neural networks (CNNs) through filter pruning, highlighting the limitations of previous methods and the need for a more effective global filter pruning algorithm."
        },
        {
            "section number": "2.3",
            "key information": "The problem defined in this paper is the inefficiency of existing filter pruning methods in effectively removing unimportant filters from CNNs without significantly impacting accuracy."
        },
        {
            "section number": "3.1",
            "key information": "The proposed idea, Gate Decorator, involves multiplying the output of CNN modules by scaling factors, where setting these factors to zero effectively removes the corresponding filters."
        },
        {
            "section number": "4.1",
            "key information": "The performance of the method was assessed by measuring the pruning ratios achieved and the resulting accuracy on various datasets, comparing pruned models against baseline models."
        },
        {
            "section number": "5.1",
            "key information": "Key advantages include the ability to significantly reduce FLOPs while maintaining or improving accuracy, making it a competitive choice for filter pruning."
        },
        {
            "section number": "6.1",
            "key information": "Future research could explore refining the estimation process, applying the method to other network architectures, or investigating alternative scaling strategies."
        }
    ],
    "similarity_score": null,
    "image": null,
    "path": "/home/liudingyuan/code/SurveyX/code/SurveyX-main/outputs/t14/papers/Gate Decorator_ Global filter pruning method for accelerating deep convolutional neural networks.json"
}