{
    "from": null,
    "scholar_id": null,
    "detail_id": null,
    "title": "Global vision transformer pruning with hessian-aware saliency",
    "abstract": "Transformers yield state-of-the-art results across many tasks. However, their heuristically designed architecture impose huge computational costs during inference. This work aims on challenging the common design philosophy of the Vision Transformer (ViT) model with uniform dimension across all the stacked blocks in a model stage, where we redistribute the parameters both across transformer blocks and between different structures within the block via the first systematic attempt on global structural pruning. Dealing with diverse ViT structural components, we derive a novel Hessian-based structural pruning criteria comparable across all layers and structures, with latency-aware regularization for direct latency reduction. Performing iterative pruning on the DeiT-Base model leads to a new architecture family called NViT (Novel ViT), with a novel parameter redistribution that utilizes parameters more efficiently. On ImageNet-1K, NViT-Base achieves a $2.6\\times FLOPs$ reduction, $5.1\\times$ parameter reduction, and $1.9\\times run$-time speedup over the DeiT-Base model in a near lossless manner. Smaller NViT variants achieve more than 1% accuracy gain at the same throughput of the DeiT Small/Tiny variants, as well as a lossless $3.3\\times parameter$ reduction over the SWIN-Small model. These results outperform prior art by a large margin. Further analysis is provided on the parameter redistribution insight of NViT, where we show the high prunability of ViT models, distinct sensitivity within ViT block, and unique parameter distribution trend across stacked ViT blocks. Our insights provide viability for a simple yet effective parameter redistribution rule towards more efficient ViTs for off-the-shelf performance boost.",
    "arxivid": "2110.04869v2",
    "bib_name": "Globalvisi48",
    "md_text": "# Global vision transformer pruning with hessian-aware saliency\n\n\nabstract\n\nTransformers yield state-of-the-art results across many tasks. However, their heuristically designed architecture impose huge computational costs during inference. This work aims on challenging the common design philosophy of the Vision Transformer (ViT) model with uniform dimension across all the stacked blocks in a model stage, where we redistribute the parameters both across transformer blocks and between different structures within the block via the first systematic attempt on global structural pruning. Dealing with diverse ViT structural components, we derive a novel Hessian-based structural pruning criteria comparable across all layers and structures, with latency-aware regularization for direct latency reduction. Performing iterative pruning on the DeiT-Base model leads to a new architecture family called NViT (Novel ViT), with a novel parameter redistribution that utilizes parameters more efficiently. On ImageNet-1K, NViT-Base achieves a $2.6\\times FLOPs$ reduction, $5.1\\times$ parameter reduction, and $1.9\\times run$-time speedup over the DeiT-Base model in a near lossless manner. Smaller NViT variants achieve more than 1% accuracy gain at the same throughput of the DeiT Small/Tiny variants, as well as a lossless $3.3\\times parameter$ reduction over the SWIN-Small model. These results outperform prior art by a large margin. Further analysis is provided on the parameter redistribution insight of NViT, where we show the high prunability of ViT models, distinct sensitivity within ViT block, and unique parameter distribution trend across stacked ViT blocks. Our insights provide viability for a simple yet effective parameter redistribution rule towards more efficient ViTs for off-the-shelf performance boost.",
    "paper_type": "method",
    "attri": {
        "background": "Transformers yield state-of-the-art results across many tasks. However, their heuristically designed architecture imposes huge computational costs during inference. This work challenges the common design philosophy of the Vision Transformer (ViT) model with uniform dimension across all the stacked blocks in a model stage.",
        "problem": {
            "definition": "The problem addressed is the inefficiency in the design of Vision Transformers, which leads to excessive computational costs during inference due to their uniform architecture.",
            "key obstacle": "The main difficulty is the challenge of redistributing parameters effectively across transformer blocks and between different structures within the block to reduce computational costs."
        },
        "idea": {
            "intuition": "The idea is inspired by the need for a systematic approach to pruning ViT architectures to improve efficiency while maintaining performance.",
            "opinion": "The proposed idea involves global structural pruning of ViTs using a novel Hessian-based structural pruning criterion to optimize parameter distribution across layers.",
            "innovation": "The primary innovation lies in the introduction of a novel parameter redistribution strategy that utilizes parameters more efficiently and achieves significant reductions in FLOPs, parameters, and run-time speed."
        },
        "method": {
            "method name": "Global Structural Pruning",
            "method abbreviation": "GSP",
            "method definition": "GSP is a method that systematically prunes the Vision Transformer architecture by redistributing parameters across transformer blocks and structures using Hessian-based criteria.",
            "method description": "The core of the method involves iterative pruning of the DeiT-Base model to create a new architecture family called NViT.",
            "method steps": "1. Analyze the ViT architecture for parameter distribution; 2. Apply Hessian-based pruning criteria; 3. Redistribute parameters iteratively; 4. Evaluate the performance of the pruned model.",
            "principle": "This method is effective because it leverages sensitivity analysis of ViT components to inform parameter redistribution, ensuring that the most impactful parameters are preserved."
        },
        "experiments": {
            "evaluation setting": "The experiments were conducted on the DeiT-Base model, comparing the performance of the NViT architecture against the baseline DeiT-Base and SWIN-Small models on the ImageNet-1K dataset.",
            "evaluation method": "Performance was assessed by measuring FLOPs, parameter counts, run-time speed, and accuracy, with a focus on achieving reductions without significant loss in performance."
        },
        "conclusion": "The experiments demonstrate that NViT achieves a 2.6x reduction in FLOPs, 5.1x parameter reduction, and 1.9x run-time speedup over the DeiT-Base model in a near lossless manner, outperforming prior art by a significant margin.",
        "discussion": {
            "advantage": "The key advantages of the proposed approach include significant reductions in computational costs while maintaining or improving accuracy, making it a more efficient alternative to existing ViT models.",
            "limitation": "One limitation of the method may be its dependency on the specific architecture of ViTs, which could restrict its applicability to other model types.",
            "future work": "Future research could explore further optimizations in parameter redistribution and investigate the application of GSP principles to other model architectures."
        },
        "other info": [
            {
                "info1": "The NViT model family represents a new direction in Vision Transformer architecture design.",
                "info2": {
                    "info2.1": "The method provides insights into the high prunability of ViT models.",
                    "info2.2": "Distinct sensitivity within ViT blocks was observed, informing parameter distribution strategies."
                }
            }
        ]
    },
    "mount_outline": [
        {
            "section number": "1.1",
            "key information": "The proposed approach achieves significant reductions in computational costs while maintaining or improving accuracy, highlighting the importance of pruning in enhancing model efficiency and performance."
        },
        {
            "section number": "2.2",
            "key information": "Global Structural Pruning (GSP) systematically prunes the Vision Transformer architecture by redistributing parameters across transformer blocks using Hessian-based criteria, representing a model compression technique aimed at improving efficiency."
        },
        {
            "section number": "2.3",
            "key information": "The method leverages sensitivity analysis of ViT components to inform parameter redistribution, emphasizing the role of pruning in enhancing neural network efficiency and performance."
        },
        {
            "section number": "3.1",
            "key information": "The paper discusses structured pruning through the global structural pruning of Vision Transformers, contrasting it with uniform architectures that lead to inefficiencies."
        },
        {
            "section number": "4.1",
            "key information": "Evaluation criteria for the proposed method include measuring FLOPs, parameter counts, run-time speed, and accuracy, which are essential for comparing pruning methods."
        },
        {
            "section number": "4.3",
            "key information": "The NViT architecture demonstrates a 2.6x reduction in FLOPs, 5.1x parameter reduction, and 1.9x run-time speedup compared to the baseline DeiT-Base model, showcasing a detailed comparison of pruning techniques."
        },
        {
            "section number": "5.1",
            "key information": "The approach finds a balance between reducing model size and maintaining accuracy, achieving near lossless performance while significantly decreasing computational costs."
        },
        {
            "section number": "6.1",
            "key information": "Best practices derived from the study include the systematic approach of parameter redistribution and the use of Hessian-based criteria for effective pruning in neural networks."
        },
        {
            "section number": "6.3",
            "key information": "Future work could explore further optimizations in parameter redistribution and the application of GSP principles to other model architectures, indicating ongoing challenges and directions for future research."
        }
    ],
    "similarity_score": null,
    "image": null,
    "path": "/home/liudingyuan/code/SurveyX/code/SurveyX-main/outputs/t14/papers/Global vision transformer pruning with hessian-aware saliency.json"
}