{
    "from": null,
    "scholar_id": null,
    "detail_id": null,
    "title": "Global sparse momentum SGD for pruning very deep neural networks",
    "abstract": "Deep Neural Network (DNN) is powerful but computationally expensive and memory intensive, thus impeding its practical usage on resource-constrained front-end devices. DNN pruning is an approach for deep model compression, which aims at eliminating some parameters with tolerable performance degradation. In this paper, we propose a novel momentum-SGD-based optimization method to reduce the network complexity by on-the-fly pruning. Concretely, given a global compression ratio, we categorize all the parameters into two parts at each training iteration which are updated using different rules. In this way, we gradually zero out the redundant parameters, as we update them using only the ordinary weight decay but no gradients derived from the objective function. As a departure from prior methods that require heavy human works to tune the layer-wise sparsity ratios, prune by solving complicated non-differentiable problems or finetune the model after pruning, our method is characterized by 1) global compression that automatically finds the appropriate per-layer sparsity ratios; 2) end-to-end training; 3) no need for a time-consuming re-training process after pruning; and 4) superior capability to find better winning tickets which have won the initialization lottery.",
    "arxivid": "1909.12778v3",
    "bib_name": "Globalspar188",
    "md_text": "# Global sparse momentum SGD for pruning very deep neural networks\n\n\nabstract\n\nDeep Neural Network (DNN) is powerful but computationally expensive and memory intensive, thus impeding its practical usage on resource-constrained front-end devices. DNN pruning is an approach for deep model compression, which aims at eliminating some parameters with tolerable performance degradation. In this paper, we propose a novel momentum-SGD-based optimization method to reduce the network complexity by on-the-fly pruning. Concretely, given a global compression ratio, we categorize all the parameters into two parts at each training iteration which are updated using different rules. In this way, we gradually zero out the redundant parameters, as we update them using only the ordinary weight decay but no gradients derived from the objective function. As a departure from prior methods that require heavy human works to tune the layer-wise sparsity ratios, prune by solving complicated non-differentiable problems or finetune the model after pruning, our method is characterized by 1) global compression that automatically finds the appropriate per-layer sparsity ratios; 2) end-to-end training; 3) no need for a time-consuming re-training process after pruning; and 4) superior capability to find better winning tickets which have won the initialization lottery.",
    "paper_type": "method",
    "attri": {
        "background": "This paper addresses the issue of computational expense and memory intensity in Deep Neural Networks (DNNs), which limits their practical application on resource-constrained devices. Previous methods for DNN pruning have relied on heavy human intervention to tune layer-wise sparsity ratios, complicated non-differentiable problems, and post-pruning fine-tuning, highlighting the need for a more efficient approach.",
        "problem": {
            "definition": "The problem is the difficulty in effectively reducing the complexity of DNNs while maintaining acceptable performance levels, particularly in resource-limited environments.",
            "key obstacle": "The core obstacle is the reliance on manual tuning and complex processes in existing pruning methods, which makes them inefficient and time-consuming."
        },
        "idea": {
            "intuition": "The idea is inspired by the need for a more automated and efficient way to prune DNNs without extensive manual adjustments or re-training.",
            "opinion": "The proposed method involves a novel momentum-SGD-based optimization approach that allows for on-the-fly pruning of network parameters during training.",
            "innovation": "The key innovation lies in the method's ability to achieve global compression by automatically determining appropriate sparsity ratios per layer, eliminating the need for prior manual tuning and re-training."
        },
        "method": {
            "method name": "Global Sparse Momentum SGD",
            "method abbreviation": "GSM-SGD",
            "method definition": "GSM-SGD is an optimization method that categorizes parameters into two parts at each training iteration, applying different update rules to gradually zero out redundant parameters without relying on gradients from the objective function.",
            "method description": "The method effectively prunes DNNs by updating parameters with ordinary weight decay while avoiding complex tuning processes.",
            "method steps": "1) Define a global compression ratio; 2) Categorize parameters into two groups; 3) Update one group with standard weight decay; 4) Gradually zero out redundant parameters.",
            "principle": "The effectiveness of GSM-SGD stems from its ability to perform end-to-end training with automatic determination of per-layer sparsity ratios, thus streamlining the pruning process."
        },
        "experiments": {
            "evaluation setting": "The experiments were conducted on various DNN architectures, comparing the performance of GSM-SGD against baseline pruning methods under different compression ratios.",
            "evaluation method": "Performance was assessed by measuring the accuracy and efficiency of the pruned models, analyzing the trade-offs between model size and performance."
        },
        "conclusion": "The results demonstrate that GSM-SGD significantly reduces network complexity while preserving model performance, providing a more efficient approach to DNN pruning compared to existing methods.",
        "discussion": {
            "advantage": "The primary advantages include automated sparsity ratio determination, elimination of re-training, and improved capability to identify optimal winning tickets.",
            "limitation": "A potential limitation is that the method may not be suitable for all types of DNN architectures or applications, requiring further validation across diverse scenarios.",
            "future work": "Future research could explore enhancements to the method's adaptability for various neural network architectures and investigate its applicability in different contexts."
        },
        "other info": {}
    },
    "mount_outline": [
        {
            "section number": "1.1",
            "key information": "Pruning contributes to model efficiency and performance by addressing computational expense and memory intensity in Deep Neural Networks (DNNs), which limits their practical application on resource-constrained devices."
        },
        {
            "section number": "2.3",
            "key information": "The proposed method, Global Sparse Momentum SGD (GSM-SGD), allows for on-the-fly pruning of network parameters during training, enhancing neural network efficiency without extensive manual adjustments or re-training."
        },
        {
            "section number": "4.1",
            "key information": "The evaluation method involved measuring the accuracy and efficiency of pruned models, analyzing the trade-offs between model size and performance to compare GSM-SGD against baseline pruning methods."
        },
        {
            "section number": "5.1",
            "key information": "GSM-SGD significantly reduces network complexity while preserving model performance, showcasing the balance between reducing model size and maintaining acceptable performance levels."
        },
        {
            "section number": "6.1",
            "key information": "Best practices include utilizing GSM-SGD for automated sparsity ratio determination, eliminating the need for re-training, and improving the identification of optimal winning tickets."
        },
        {
            "section number": "6.3",
            "key information": "Future research could explore enhancements to GSM-SGD's adaptability for various neural network architectures and investigate its applicability in different contexts."
        }
    ],
    "similarity_score": null,
    "image": null,
    "path": "/home/liudingyuan/code/SurveyX/code/SurveyX-main/outputs/t14/papers/Global sparse momentum SGD for pruning very deep neural networks.json"
}