{
    "from": null,
    "scholar_id": null,
    "detail_id": null,
    "title": "GOHSP: A unified framework of graph and optimization-based heterogeneous structured pruning for vision transformer",
    "abstract": "The recently proposed Vision transformers (ViTs) have shown\nvery impressive empirical performance in various computer vision tasks,\nand they are viewed as an important type of foundation model. However, ViTs are typically constructed with large-scale sizes, which then\nseverely hinder their potential deployment in many practical resources constrained applications. \nTo mitigate this challenging problem, structured pruning is a promising solution to compress model size and enable\npractical efficiency. However, unlike its current popularity for CNNs and\nRNNs, structured pruning for ViT models is little explored.\nIn this paper, we propose GOHSP, a unified framework of Graph and\nOptimization-based Structured Pruning for ViT models. We first develop\na graph-based ranking for measuring the importance of attention heads,\nand the extracted importance information is further integrated to an\noptimization-based procedure to impose the heterogeneous structured\nsparsity patterns on the ViT models. Experimental results show that\nour proposed GOHSP demonstrates excellent compression performance.\nOn CIFAR-10 dataset, our approach can bring 40% parameters reduction\nwith no accuracy loss for ViT-Small model. On ImageNet dataset, with\n30% and 35% sparsity ratio for DeiT-Tiny and DeiT-Small models, our\napproach achieves 1.65% and 0.76% accuracy increase over the existing\nstructured pruning methods, respectively.",
    "arxivid": "2301.05345v2",
    "bib_name": "GOHSP:Auni194",
    "md_text": "# GOHSP: A unified framework of graph and optimization-based heterogeneous structured pruning for vision transformer\n\n\nabstract\n\nThe recently proposed Vision transformers (ViTs) have shown\nvery impressive empirical performance in various computer vision tasks,\nand they are viewed as an important type of foundation model. However, ViTs are typically constructed with large-scale sizes, which then\nseverely hinder their potential deployment in many practical resources constrained applications. \nTo mitigate this challenging problem, structured pruning is a promising solution to compress model size and enable\npractical efficiency. However, unlike its current popularity for CNNs and\nRNNs, structured pruning for ViT models is little explored.\nIn this paper, we propose GOHSP, a unified framework of Graph and\nOptimization-based Structured Pruning for ViT models. We first develop\na graph-based ranking for measuring the importance of attention heads,\nand the extracted importance information is further integrated to an\noptimization-based procedure to impose the heterogeneous structured\nsparsity patterns on the ViT models. Experimental results show that\nour proposed GOHSP demonstrates excellent compression performance.\nOn CIFAR-10 dataset, our approach can bring 40% parameters reduction\nwith no accuracy loss for ViT-Small model. On ImageNet dataset, with\n30% and 35% sparsity ratio for DeiT-Tiny and DeiT-Small models, our\napproach achieves 1.65% and 0.76% accuracy increase over the existing\nstructured pruning methods, respectively.",
    "paper_type": "method",
    "attri": {
        "background": "The paper addresses the challenge of deploying large-scale Vision Transformers (ViTs) in resource-constrained applications, highlighting the need for effective structured pruning methods which have been less explored in the context of ViTs compared to CNNs and RNNs.",
        "problem": {
            "definition": "The issue at hand is the large model sizes of ViTs that hinder their practicality in various applications due to resource constraints.",
            "key obstacle": "The main difficulty lies in the lack of effective structured pruning techniques specifically designed for ViT models, which limits their optimization and deployment."
        },
        "idea": {
            "intuition": "The idea was inspired by the observation that structured pruning can significantly enhance the efficiency of large models, yet it has not been adequately applied to ViTs.",
            "opinion": "The proposed idea, GOHSP, integrates graph-based ranking with optimization techniques to implement heterogeneous structured pruning for ViT models.",
            "innovation": "The key innovation of GOHSP is its unique combination of graph-based importance measurement of attention heads with optimization-based sparsity patterns, which differentiates it from existing methods."
        },
        "method": {
            "method name": "GOHSP",
            "method abbreviation": "Graph and Optimization-based Structured Pruning",
            "method definition": "GOHSP is a framework that combines graph-based ranking of attention head importance with optimization techniques to impose structured sparsity in ViT models.",
            "method description": "The method utilizes a graph-based approach to evaluate the importance of attention heads and optimizes the model by applying heterogeneous structured sparsity patterns.",
            "method steps": "1. Develop a graph-based ranking of attention heads. 2. Integrate the ranking with an optimization procedure. 3. Apply heterogeneous structured sparsity patterns to the ViT models.",
            "principle": "The effectiveness of this method is rooted in its ability to selectively prune less important components of the ViT models while retaining critical features, thereby maintaining performance while reducing model size."
        },
        "experiments": {
            "evaluation setting": "Experiments were conducted on the CIFAR-10 and ImageNet datasets, comparing GOHSP against existing structured pruning methods.",
            "evaluation method": "Performance was assessed by measuring parameter reduction and accuracy changes after applying the pruning technique."
        },
        "conclusion": "The experimental results demonstrate that GOHSP achieves significant parameter reduction with no accuracy loss on the ViT-Small model and improves accuracy on DeiT-Tiny and DeiT-Small models while maintaining competitive sparsity ratios.",
        "discussion": {
            "advantage": "GOHSP stands out due to its effective integration of graph-based ranking and optimization, leading to superior compression performance without sacrificing model accuracy.",
            "limitation": "One limitation of the method may be its reliance on the quality of the graph-based ranking, which could affect the pruning effectiveness if the importance evaluation is inaccurate.",
            "future work": "Future research could focus on refining the ranking process and exploring the applicability of GOHSP in other model architectures beyond ViTs."
        },
        "other info": []
    },
    "mount_outline": [
        {
            "section number": "1.1",
            "key information": "The paper addresses the challenge of deploying large-scale Vision Transformers (ViTs) in resource-constrained applications, highlighting the need for effective structured pruning methods."
        },
        {
            "section number": "1.2",
            "key information": "The scope of the paper focuses on structured pruning techniques specifically designed for Vision Transformers, contrasting with the more explored techniques for CNNs and RNNs."
        },
        {
            "section number": "2.3",
            "key information": "The main difficulty lies in the lack of effective structured pruning techniques specifically designed for ViT models, which limits their optimization and deployment."
        },
        {
            "section number": "3.1",
            "key information": "GOHSP is a framework that combines graph-based ranking of attention head importance with optimization techniques to impose structured sparsity in ViT models."
        },
        {
            "section number": "4.1",
            "key information": "Performance was assessed by measuring parameter reduction and accuracy changes after applying the pruning technique."
        },
        {
            "section number": "5.1",
            "key information": "The effectiveness of the GOHSP method is rooted in its ability to selectively prune less important components of the ViT models while retaining critical features."
        },
        {
            "section number": "6.1",
            "key information": "The proposed GOHSP integrates graph-based ranking with optimization techniques to implement heterogeneous structured pruning for ViT models."
        },
        {
            "section number": "6.3",
            "key information": "Future research could focus on refining the ranking process and exploring the applicability of GOHSP in other model architectures beyond ViTs."
        }
    ],
    "similarity_score": null,
    "image": null,
    "path": "/home/liudingyuan/code/SurveyX/code/SurveyX-main/outputs/t14/papers/GOHSP_ A unified framework of graph and optimization-based heterogeneous structured pruning for vision transformer.json"
}