{
    "from": null,
    "scholar_id": null,
    "detail_id": null,
    "title": "Good subnetworks provably exist: Pruning via greedy forward selection",
    "abstract": "Recent empirical works show that large deep neural networks are often highly redundant and one can find much smaller subnetworks without a significant drop of accuracy. However, most existing methods of network pruning are empirical and heuristic, leaving it open whether good subnetworks provably exist, how to find them efficiently, and if network pruning can be provably better than direct training using gradient descent. We answer these problems positively by proposing a simple greedy selection approach for finding good subnetworks, which starts from an empty network and greedily adds important neurons from the large network. This differs from the existing methods based on backward elimination, which remove redundant neurons from the large network. Theoretically, applying the greedy selection strategy on sufficiently large {pre-trained} networks guarantees to find small subnetworks with lower loss than networks directly trained with gradient descent. Our results also apply to pruning randomly weighted networks. Practically, we improve prior arts of network pruning on learning compact neural architectures on ImageNet, including ResNet, MobilenetV2/V3, and ProxylessNet. Our theory and empirical results on MobileNet suggest that we should fine-tune the pruned subnetworks to leverage the information from the large model, instead of re-training from new random initialization as suggested in \\citet{liu2018rethinking}.",
    "arxivid": "2003.01794v3",
    "bib_name": "Goodsubnet146",
    "md_text": "# Good subnetworks provably exist: Pruning via greedy forward selection\n\n\nabstract\n\nRecent empirical works show that large deep neural networks are often highly redundant and one can find much smaller subnetworks without a significant drop of accuracy. However, most existing methods of network pruning are empirical and heuristic, leaving it open whether good subnetworks provably exist, how to find them efficiently, and if network pruning can be provably better than direct training using gradient descent. We answer these problems positively by proposing a simple greedy selection approach for finding good subnetworks, which starts from an empty network and greedily adds important neurons from the large network. This differs from the existing methods based on backward elimination, which remove redundant neurons from the large network. Theoretically, applying the greedy selection strategy on sufficiently large {pre-trained} networks guarantees to find small subnetworks with lower loss than networks directly trained with gradient descent. Our results also apply to pruning randomly weighted networks. Practically, we improve prior arts of network pruning on learning compact neural architectures on ImageNet, including ResNet, MobilenetV2/V3, and ProxylessNet. Our theory and empirical results on MobileNet suggest that we should fine-tune the pruned subnetworks to leverage the information from the large model, instead of re-training from new random initialization as suggested in \\citet{liu2018rethinking}.",
    "paper_type": "method",
    "attri": {
        "background": "This paper addresses the issue of network redundancy in large deep neural networks and the potential for finding smaller subnetworks without losing accuracy, highlighting the limitations of existing empirical and heuristic pruning methods.",
        "problem": {
            "definition": "The paper aims to solve the problem of efficiently identifying good subnetworks within large neural networks that maintain performance while reducing size.",
            "key obstacle": "The main challenge is the lack of provable methods for finding effective subnetworks compared to direct training with gradient descent."
        },
        "idea": {
            "intuition": "The idea is inspired by the observation that large networks often contain redundant neurons and that a systematic approach can identify important neurons for effective subnetworks.",
            "opinion": "The proposed method involves a greedy selection strategy that starts from an empty network and adds important neurons, contrasting with backward elimination methods.",
            "innovation": "This approach guarantees the discovery of small subnetworks with lower loss than those trained directly with gradient descent, representing a significant advancement over existing methods."
        },
        "method": {
            "method name": "Greedy Selection Approach",
            "method abbreviation": "GSA",
            "method definition": "A method that selects important neurons from a large pre-trained network to form smaller subnetworks, ensuring lower loss compared to those trained from scratch.",
            "method description": "The core of the method involves starting with an empty network and greedily adding neurons based on their importance.",
            "method steps": "1. Start with an empty network. 2. Evaluate the importance of neurons in the large network. 3. Add the most important neuron to the network. 4. Repeat until the desired network size is achieved.",
            "principle": "The effectiveness of this method lies in its theoretical guarantee that sufficiently large pre-trained networks can yield better-performing subnetworks through this selection process."
        },
        "experiments": {
            "evaluation setting": "The experiments were conducted on various architectures including ResNet, MobileNetV2/V3, and ProxylessNet, using ImageNet as the dataset for evaluation.",
            "evaluation method": "Performance was assessed by comparing the loss of the pruned subnetworks with that of networks trained directly using gradient descent."
        },
        "conclusion": "The paper concludes that the greedy selection approach not only theoretically guarantees better performance for subnetworks but also shows empirical improvements over existing pruning methods on ImageNet.",
        "discussion": {
            "advantage": "The key advantage of the proposed approach is its provable effectiveness in finding smaller subnetworks with lower loss compared to traditional training methods.",
            "limitation": "A limitation of the method is that it may require fine-tuning of the pruned subnetworks to fully leverage the information from the large model.",
            "future work": "Future research could explore further optimizations in the greedy selection process and investigate its applicability to other network architectures and datasets."
        },
        "other info": [
            {
                "info1": "The method applies to both pre-trained and randomly weighted networks."
            },
            {
                "info2": {
                    "info2.1": "The approach emphasizes fine-tuning pruned subnetworks rather than retraining from random initialization.",
                    "info2.2": "Empirical results suggest that leveraging the large model's information can enhance the performance of the pruned subnetwork."
                }
            }
        ]
    },
    "mount_outline": [
        {
            "section number": "1.1",
            "key information": "This paper addresses the issue of network redundancy in large deep neural networks and the potential for finding smaller subnetworks without losing accuracy, highlighting the limitations of existing empirical and heuristic pruning methods."
        },
        {
            "section number": "2.3",
            "key information": "The paper aims to solve the problem of efficiently identifying good subnetworks within large neural networks that maintain performance while reducing size."
        },
        {
            "section number": "3.2",
            "key information": "The proposed method involves a greedy selection strategy that starts from an empty network and adds important neurons, contrasting with backward elimination methods."
        },
        {
            "section number": "4.2",
            "key information": "Performance was assessed by comparing the loss of the pruned subnetworks with that of networks trained directly using gradient descent."
        },
        {
            "section number": "5.1",
            "key information": "The key advantage of the proposed approach is its provable effectiveness in finding smaller subnetworks with lower loss compared to traditional training methods."
        },
        {
            "section number": "6.1",
            "key information": "Future research could explore further optimizations in the greedy selection process and investigate its applicability to other network architectures and datasets."
        }
    ],
    "similarity_score": null,
    "image": null,
    "path": "/home/liudingyuan/code/SurveyX/code/SurveyX-main/outputs/t14/papers/Good subnetworks provably exist_ Pruning via greedy forward selection.json"
}