{
    "from": null,
    "scholar_id": null,
    "detail_id": null,
    "title": "Gradient-free structured pruning with unlabeled data",
    "abstract": "Large Language Models (LLMs) have achieved great success in solving difficult tasks across many domains, but such success comes with a high computation cost, and inference latency. As developers and third parties customize these models, the need to provide efficient inference has increased. Many efforts have attempted to reduce inference cost through model compression techniques such as pruning and distillation. However, these techniques either require labeled data, or are time-consuming as they require the compressed model to be retrained to regain accuracy. In this paper, we propose a gradient-free structured pruning framework that uses only unlabeled data. An evaluation on the GLUE and SQuAD benchmarks using BERT$_{BASE}$ and DistilBERT illustrates the effectiveness of the proposed approach. By only using the weights of the pre-trained model and unlabeled data, in a matter of a few minutes on a single GPU, up to 40% of the original FLOP count can be reduced with less than a 4% accuracy loss across all tasks considered.",
    "arxivid": "2303.04185v2",
    "bib_name": "Gradient-f104",
    "md_text": "# Gradient-free structured pruning with unlabeled data\n\n\nabstract\n\nLarge Language Models (LLMs) have achieved great success in solving difficult tasks across many domains, but such success comes with a high computation cost, and inference latency. As developers and third parties customize these models, the need to provide efficient inference has increased. Many efforts have attempted to reduce inference cost through model compression techniques such as pruning and distillation. However, these techniques either require labeled data, or are time-consuming as they require the compressed model to be retrained to regain accuracy. In this paper, we propose a gradient-free structured pruning framework that uses only unlabeled data. An evaluation on the GLUE and SQuAD benchmarks using BERT$_{BASE}$ and DistilBERT illustrates the effectiveness of the proposed approach. By only using the weights of the pre-trained model and unlabeled data, in a matter of a few minutes on a single GPU, up to 40% of the original FLOP count can be reduced with less than a 4% accuracy loss across all tasks considered.",
    "paper_type": "method",
    "attri": {
        "background": "This paper addresses the issue of high computation cost and inference latency associated with Large Language Models (LLMs), highlighting the limitations of existing model compression techniques such as pruning and distillation, which either require labeled data or are time-consuming due to the need for retraining the compressed model.",
        "problem": {
            "definition": "The problem being addressed is the inefficiency in inference costs of LLMs due to their large size and complexity, which hampers their deployment in resource-constrained environments.",
            "key obstacle": "The main difficulty lies in the reliance on labeled data for existing pruning techniques and the need for retraining to maintain accuracy after model compression."
        },
        "idea": {
            "intuition": "The proposed idea is inspired by the observation that structured pruning can be achieved without the need for labeled data, thus streamlining the process of model compression.",
            "opinion": "The idea entails a gradient-free structured pruning framework that leverages only unlabeled data to effectively reduce model size while maintaining performance.",
            "innovation": "The primary innovation of this method is its ability to perform structured pruning without labeled data, contrasting with traditional methods that require extensive retraining and labeled datasets."
        },
        "method": {
            "method name": "Gradient-free structured pruning",
            "method abbreviation": "GFSP",
            "method definition": "GFSP is a model compression technique that reduces the size of large language models using only the weights of pre-trained models and unlabeled data.",
            "method description": "The method focuses on structured pruning of model weights to achieve significant reductions in computational requirements while minimizing accuracy loss.",
            "method steps": "1. Utilize the weights from the pre-trained model. 2. Apply structured pruning techniques without labeled data. 3. Evaluate the model's performance on benchmark tasks.",
            "principle": "The effectiveness of the method lies in its ability to leverage the existing structure of the model and unlabeled data, allowing for efficient pruning without the need for retraining."
        },
        "experiments": {
            "evaluation setting": "The experiments were conducted using the GLUE and SQuAD benchmarks with BERT$_{BASE}$ and DistilBERT as the models under evaluation.",
            "evaluation method": "Performance was assessed by measuring the reduction in FLOP count and accuracy loss across various tasks after applying the proposed pruning method."
        },
        "conclusion": "The proposed gradient-free structured pruning framework demonstrates the ability to reduce up to 40% of the original FLOP count with less than a 4% accuracy loss, showcasing its effectiveness and efficiency in model compression.",
        "discussion": {
            "advantage": "The key advantages of GFSP include its reliance on unlabeled data, which simplifies the pruning process and reduces computational overhead compared to traditional methods.",
            "limitation": "A limitation of the method may be the potential for accuracy loss, which, although minimal in this study, could vary depending on the model and tasks.",
            "future work": "Future research could explore enhancing the method's effectiveness, testing on a wider range of models, and further reducing reliance on labeled data."
        },
        "other info": []
    },
    "mount_outline": [
        {
            "section number": "1.1",
            "key information": "Pruning contributes to model efficiency and performance, addressing the high computation cost and inference latency associated with Large Language Models (LLMs)."
        },
        {
            "section number": "2.2",
            "key information": "The paper discusses existing model compression techniques, highlighting the limitations of traditional pruning methods that require labeled data and retraining."
        },
        {
            "section number": "2.3",
            "key information": "The proposed gradient-free structured pruning framework leverages only unlabeled data to effectively reduce model size while maintaining performance."
        },
        {
            "section number": "3.1",
            "key information": "Structured pruning can be achieved without the need for labeled data, streamlining the process of model compression."
        },
        {
            "section number": "4.1",
            "key information": "Criteria for evaluating pruning methods include computational efficiency and accuracy retention, with the proposed method demonstrating a reduction of up to 40% in FLOP count with less than a 4% accuracy loss."
        },
        {
            "section number": "5.1",
            "key information": "The trade-off between reducing model size and maintaining accuracy is addressed, with potential accuracy loss being a limitation of the proposed method."
        },
        {
            "section number": "6.1",
            "key information": "Best practices for neural network pruning include utilizing structured pruning techniques without labeled data to simplify the pruning process."
        },
        {
            "section number": "6.3",
            "key information": "Future research could explore enhancing the effectiveness of the gradient-free structured pruning method and reducing reliance on labeled data."
        }
    ],
    "similarity_score": null,
    "image": null,
    "path": "/home/liudingyuan/code/SurveyX/code/SurveyX-main/outputs/t14/papers/Gradient-free structured pruning with unlabeled data.json"
}