{
    "from": null,
    "scholar_id": null,
    "detail_id": null,
    "title": "Gradient flow in sparse neural networks and how lottery tickets win",
    "abstract": "Sparse Neural Networks (NNs) can match the generalization of dense NNs using a fraction of the compute/storage for inference, and have the potential to enable efficient training. However, naively training unstructured sparse NNs from random initialization results in significantly worse generalization, with the notable exceptions of Lottery Tickets (LTs) and Dynamic Sparse Training (DST). In this work, we attempt to answer: (1) why training unstructured sparse networks from random initialization performs poorly and; (2) what makes LTs and DST the exceptions? We show that sparse NNs have poor gradient flow at initialization and propose a modified initialization for unstructured connectivity. Furthermore, we find that DST methods significantly improve gradient flow during training over traditional sparse training methods. Finally, we show that LTs do not improve gradient flow, rather their success lies in re-learning the pruning solution they are derived from \u2014 however, this comes at the cost of learning novel solutions.",
    "arxivid": "2010.03533v2",
    "bib_name": "Gradientfl79",
    "md_text": "# Gradient flow in sparse neural networks and how lottery tickets win\n\n\nabstract\n\nSparse Neural Networks (NNs) can match the generalization of dense NNs using a fraction of the compute/storage for inference, and have the potential to enable efficient training. However, naively training unstructured sparse NNs from random initialization results in significantly worse generalization, with the notable exceptions of Lottery Tickets (LTs) and Dynamic Sparse Training (DST). In this work, we attempt to answer: (1) why training unstructured sparse networks from random initialization performs poorly and; (2) what makes LTs and DST the exceptions? We show that sparse NNs have poor gradient flow at initialization and propose a modified initialization for unstructured connectivity. Furthermore, we find that DST methods significantly improve gradient flow during training over traditional sparse training methods. Finally, we show that LTs do not improve gradient flow, rather their success lies in re-learning the pruning solution they are derived from \u2014 however, this comes at the cost of learning novel solutions.",
    "paper_type": "method",
    "attri": {
        "background": "Sparse Neural Networks (NNs) can match the generalization of dense NNs using a fraction of the compute/storage for inference, and have the potential to enable efficient training. However, naively training unstructured sparse NNs from random initialization results in significantly worse generalization, with the notable exceptions of Lottery Tickets (LTs) and Dynamic Sparse Training (DST).",
        "problem": {
            "definition": "The problem addressed is the poor generalization of unstructured sparse neural networks when trained from random initialization.",
            "key obstacle": "The main difficulty is the poor gradient flow at initialization in sparse neural networks, which hampers effective training."
        },
        "idea": {
            "intuition": "The idea is inspired by the observation that the training performance of sparse networks is significantly affected by the initialization of weights.",
            "opinion": "The proposed idea involves a modified initialization for unstructured connectivity to improve gradient flow in sparse neural networks.",
            "innovation": "The key innovation is the introduction of a modified initialization strategy that enhances gradient flow, distinguishing it from traditional methods that do not address this issue."
        },
        "method": {
            "method name": "Modified Initialization for Sparse Neural Networks",
            "method abbreviation": "MISNN",
            "method definition": "This method involves a specific initialization technique for weights in unstructured sparse neural networks to improve the gradient flow during training.",
            "method description": "The core of the method is a novel initialization strategy that enhances gradient flow in sparse networks.",
            "method steps": "1. Apply the modified initialization technique to the weights of the sparse neural network. 2. Train the network using standard training procedures while monitoring gradient flow.",
            "principle": "This method is effective because it addresses the fundamental issue of poor gradient flow at initialization, allowing for better training dynamics in sparse neural networks."
        },
        "experiments": {
            "evaluation setting": "The experiments were conducted using various datasets and compared against baseline methods like traditional sparse training techniques.",
            "evaluation method": "The performance of the proposed method was assessed by measuring the gradient flow and generalization capabilities of the sparse networks during training."
        },
        "conclusion": "The outcomes demonstrate that the modified initialization significantly improves gradient flow in sparse neural networks, enabling better generalization compared to traditional methods.",
        "discussion": {
            "advantage": "The primary advantage of the proposed approach is its ability to enhance gradient flow, leading to improved training performance of sparse neural networks.",
            "limitation": "A limitation of the method is that while it improves gradient flow, it may not fully leverage the potential of learning novel solutions as seen in Lottery Tickets.",
            "future work": "Future research could explore further refinements to the initialization technique and investigate how to balance gradient flow improvements with the ability to discover new solutions."
        },
        "other info": []
    },
    "mount_outline": [
        {
            "section number": "1.1",
            "key information": "Pruning in neural networks contributes to model efficiency and performance by enabling sparse neural networks to match the generalization of dense networks using a fraction of the compute/storage for inference."
        },
        {
            "section number": "2.2",
            "key information": "The method of Modified Initialization for Sparse Neural Networks (MISNN) is a specific technique aimed at improving the gradient flow during training, which is crucial for the efficiency of model compression."
        },
        {
            "section number": "2.3",
            "key information": "The paper addresses the importance of initialization strategies in pruning techniques, specifically how a modified initialization enhances gradient flow in sparse networks."
        },
        {
            "section number": "3.2",
            "key information": "The paper introduces a novel approach to pruning through the lens of modified initialization, which could be categorized as an emerging pruning technique."
        },
        {
            "section number": "5.1",
            "key information": "The primary advantage of the proposed approach is its ability to enhance gradient flow, leading to improved training performance, which is a critical trade-off between model size and accuracy."
        },
        {
            "section number": "6.1",
            "key information": "Best practices in neural network pruning include the implementation of modified initialization techniques to improve gradient flow and overall model performance."
        },
        {
            "section number": "6.3",
            "key information": "Future research could explore further refinements to the initialization technique and investigate how to balance gradient flow improvements with the ability to discover new solutions in pruning methods."
        }
    ],
    "similarity_score": null,
    "image": null,
    "path": "/home/liudingyuan/code/SurveyX/code/SurveyX-main/outputs/t14/papers/Gradient flow in sparse neural networks and how lottery tickets win.json"
}