{
    "from": null,
    "scholar_id": null,
    "detail_id": null,
    "title": "Graph pruning for model compression",
    "abstract": "Previous AutoML pruning works utilized individual layer features to automatically prune filters. We analyze the correlation for two layers from the different blocks which have a short-cut structure. It shows that, in one block, the deeper layer has many redundant filters which can be represented by filters in the former layer. So, it is necessary to take information from other layers into consideration in pruning. In this paper, a novel pruning method, named GraphPruning, is proposed. Any series of the network is viewed as a graph. To automatically aggregate neighboring features for each node, a graph aggregator based on graph convolution networks (GCN) is designed. In the training stage, a PruningNet that is given aggregated node features generates reasonable weights for any size of the sub-network. Subsequently, the best configuration of the Pruned Network is searched by reinforcement learning. Different from previous work, we take the node features from a well-trained graph aggregator instead of the hand-craft features, as the states in reinforcement learning. Compared with other AutoML pruning works, our method has achieved the state-of-the-art under the same conditions on ImageNet-2012.",
    "arxivid": "1911.09817v2",
    "bib_name": "Graphpruni130",
    "md_text": "# Graph pruning for model compression\n\n\nabstract\n\nPrevious AutoML pruning works utilized individual layer features to automatically prune filters. We analyze the correlation for two layers from the different blocks which have a short-cut structure. It shows that, in one block, the deeper layer has many redundant filters which can be represented by filters in the former layer. So, it is necessary to take information from other layers into consideration in pruning. In this paper, a novel pruning method, named GraphPruning, is proposed. Any series of the network is viewed as a graph. To automatically aggregate neighboring features for each node, a graph aggregator based on graph convolution networks (GCN) is designed. In the training stage, a PruningNet that is given aggregated node features generates reasonable weights for any size of the sub-network. Subsequently, the best configuration of the Pruned Network is searched by reinforcement learning. Different from previous work, we take the node features from a well-trained graph aggregator instead of the hand-craft features, as the states in reinforcement learning. Compared with other AutoML pruning works, our method has achieved the state-of-the-art under the same conditions on ImageNet-2012.",
    "paper_type": "method",
    "attri": {
        "background": "This paper addresses the issue of filter pruning in AutoML by analyzing the correlation between different layers in a network with a shortcut structure, highlighting the redundancy of filters in deeper layers that can be represented by filters in earlier layers.",
        "problem": {
            "definition": "The problem is to effectively prune redundant filters in neural networks to achieve model compression without significant loss of performance.",
            "key obstacle": "The main difficulty is that existing methods often rely on individual layer features and do not consider the inter-layer relationships, leading to suboptimal pruning decisions."
        },
        "idea": {
            "intuition": "The idea is inspired by the observation that deeper layers in a network can have redundant filters that can be effectively represented by earlier layers, suggesting a need for a more holistic approach to pruning.",
            "opinion": "The proposed method, GraphPruning, leverages graph convolution networks to aggregate features from neighboring nodes, allowing for a more informed pruning process.",
            "innovation": "The primary innovation lies in the use of a graph aggregator to derive node features from a trained model, contrasting with previous methods that relied on handcrafted features."
        },
        "method": {
            "method name": "GraphPruning",
            "method abbreviation": "GP",
            "method definition": "GraphPruning is a novel pruning method that views the neural network as a graph and uses a graph aggregator to automatically aggregate features for pruning decisions.",
            "method description": "The method involves aggregating features from neighboring nodes in a graph representation of the network to determine which filters to prune.",
            "method steps": [
                "1. Represent the neural network as a graph.",
                "2. Use a graph aggregator based on graph convolution networks to aggregate features for each node.",
                "3. Train a PruningNet to generate weights for sub-networks based on aggregated node features.",
                "4. Utilize reinforcement learning to search for the optimal configuration of the pruned network."
            ],
            "principle": "This method is effective because it incorporates inter-layer feature relationships, allowing for a more comprehensive understanding of filter redundancy and improving pruning accuracy."
        },
        "experiments": {
            "evaluation setting": "The experiments were conducted on the ImageNet-2012 dataset, comparing the performance of GraphPruning against other AutoML pruning methods under the same conditions.",
            "evaluation method": "The performance was assessed by measuring the accuracy of the pruned networks and comparing them to baseline methods."
        },
        "conclusion": "The experiments demonstrate that GraphPruning achieves state-of-the-art performance in model compression on ImageNet-2012, highlighting its effectiveness in utilizing graph-based feature aggregation for pruning.",
        "discussion": {
            "advantage": "The key advantage of GraphPruning is its ability to consider inter-layer relationships, leading to more efficient pruning and better preservation of model performance.",
            "limitation": "A limitation of the method may be its dependency on the quality of the graph aggregator, which could affect the pruning outcome if not well-trained.",
            "future work": "Future research could explore enhancing the graph aggregator's capabilities and investigating other applications of graph-based methods in model compression."
        },
        "other info": {
            "info1": "The method was tested against other AutoML pruning techniques to validate its effectiveness.",
            "info2": {
                "info2.1": "The use of reinforcement learning for searching the best configuration is a novel aspect.",
                "info2.2": "GraphPruning provides a framework for integrating graph-based approaches in neural network optimization."
            }
        }
    },
    "mount_outline": [
        {
            "section number": "1.1",
            "key information": "Pruning is crucial for model compression and optimization, allowing for reduced model size while maintaining performance."
        },
        {
            "section number": "2.2",
            "key information": "GraphPruning is a novel pruning method that views the neural network as a graph, using a graph aggregator to automatically aggregate features for pruning decisions."
        },
        {
            "section number": "2.3",
            "key information": "The method incorporates inter-layer feature relationships, allowing for a more comprehensive understanding of filter redundancy and improving pruning accuracy."
        },
        {
            "section number": "3.2",
            "key information": "GraphPruning leverages graph convolution networks to aggregate features from neighboring nodes, suggesting a novel approach to pruning."
        },
        {
            "section number": "4.2",
            "key information": "The performance of GraphPruning was assessed by measuring the accuracy of the pruned networks and comparing them to baseline methods."
        },
        {
            "section number": "5.3",
            "key information": "GraphPruning achieves state-of-the-art performance in model compression, highlighting its effectiveness in utilizing graph-based feature aggregation for pruning."
        },
        {
            "section number": "6.1",
            "key information": "The use of reinforcement learning for searching the best configuration in GraphPruning is a recommended strategy for effective pruning."
        },
        {
            "section number": "6.3",
            "key information": "Future research could explore enhancing the graph aggregator's capabilities and investigating other applications of graph-based methods in model compression."
        }
    ],
    "similarity_score": null,
    "image": null,
    "path": "/home/liudingyuan/code/SurveyX/code/SurveyX-main/outputs/t14/papers/Graph pruning for model compression.json"
}