{
    "from": null,
    "scholar_id": null,
    "detail_id": null,
    "title": "Group fisher pruning for practical network compression",
    "abstract": "Network compression has been widely studied since it is able to reduce the memory and computation cost during inference. However, previous methods seldom deal with complicated structures like residual connections, group/depth-wise convolution and feature pyramid network, where channels of multiple layers are coupled and need to be pruned simultaneously. In this paper, we present a general channel pruning approach that can be applied to various complicated structures. Particularly, we propose a layer grouping algorithm to find coupled channels automatically. Then we derive a unified metric based on Fisher information to evaluate the importance of a single channel and coupled channels. Moreover, we find that inference speedup on GPUs is more correlated with the reduction of memory rather than FLOPs, and thus we employ the memory reduction of each channel to normalize the importance. Our method can be used to prune any structures including those with coupled channels. We conduct extensive experiments on various backbones, including the classic ResNet and ResNeXt, mobile-friendly MobileNetV2, and the NAS-based RegNet, both on image classification and object detection which is under-explored. Experimental results validate that our method can effectively prune sophisticated networks, boosting inference speed without sacrificing accuracy.",
    "arxivid": "2108.00708v1",
    "bib_name": "Groupfishe50",
    "md_text": "# Group fisher pruning for practical network compression\n\n\nabstract\n\nNetwork compression has been widely studied since it is able to reduce the memory and computation cost during inference. However, previous methods seldom deal with complicated structures like residual connections, group/depth-wise convolution and feature pyramid network, where channels of multiple layers are coupled and need to be pruned simultaneously. In this paper, we present a general channel pruning approach that can be applied to various complicated structures. Particularly, we propose a layer grouping algorithm to find coupled channels automatically. Then we derive a unified metric based on Fisher information to evaluate the importance of a single channel and coupled channels. Moreover, we find that inference speedup on GPUs is more correlated with the reduction of memory rather than FLOPs, and thus we employ the memory reduction of each channel to normalize the importance. Our method can be used to prune any structures including those with coupled channels. We conduct extensive experiments on various backbones, including the classic ResNet and ResNeXt, mobile-friendly MobileNetV2, and the NAS-based RegNet, both on image classification and object detection which is under-explored. Experimental results validate that our method can effectively prune sophisticated networks, boosting inference speed without sacrificing accuracy.",
    "paper_type": "method",
    "attri": {
        "background": "Network compression has been widely studied since it is able to reduce the memory and computation cost during inference. However, previous methods seldom deal with complicated structures like residual connections, group/depth-wise convolution and feature pyramid network, where channels of multiple layers are coupled and need to be pruned simultaneously.",
        "problem": {
            "definition": "The problem is the ineffective pruning of channels in complex network structures that involve coupled channels, which existing methods do not address adequately.",
            "key obstacle": "The main difficulty is the inability of current methods to simultaneously prune channels across multiple layers that are interdependent."
        },
        "idea": {
            "intuition": "The idea was inspired by the need for a method that can handle the complexities of coupled channels in modern neural network architectures.",
            "opinion": "The proposed idea involves a layer grouping algorithm that automatically identifies coupled channels and a unified metric based on Fisher information to evaluate their importance.",
            "innovation": "The primary innovation lies in the method's ability to apply channel pruning to complex structures while deriving a metric that correlates memory reduction with inference speedup."
        },
        "method": {
            "method name": "Group Fisher Pruning",
            "method abbreviation": "GFP",
            "method definition": "GFP is a channel pruning approach that identifies and prunes coupled channels in complex network architectures using a layer grouping algorithm and a Fisher information-based importance metric.",
            "method description": "The method focuses on automatically identifying coupled channels and evaluating their importance to enable effective pruning.",
            "method steps": [
                "Identify coupled channels using the layer grouping algorithm.",
                "Evaluate the importance of single and coupled channels using a unified Fisher information metric.",
                "Normalize the importance based on memory reduction.",
                "Prune the identified channels from the network."
            ],
            "principle": "The method is effective because it targets the memory reduction of channels, which is more correlated with inference speedup on GPUs than traditional measures like FLOPs."
        },
        "experiments": {
            "evaluation setting": "Extensive experiments were conducted on various backbones including ResNet, ResNeXt, MobileNetV2, and RegNet, across tasks such as image classification and object detection.",
            "evaluation method": "The performance of the method was assessed by measuring the inference speedup and accuracy before and after pruning."
        },
        "conclusion": "The experimental results validate that the Group Fisher Pruning method can effectively prune sophisticated networks, significantly boosting inference speed without sacrificing accuracy.",
        "discussion": {
            "advantage": "The key advantages include the ability to handle complicated network structures and improve inference speed while maintaining accuracy.",
            "limitation": "One limitation may be the reliance on the specific characteristics of the networks being pruned, which could affect generalizability.",
            "future work": "Future research could focus on refining the method for even more complex architectures and exploring its application in other domains."
        },
        "other info": {}
    },
    "mount_outline": [
        {
            "section number": "1.1",
            "key information": "Network compression has been widely studied since it is able to reduce the memory and computation cost during inference."
        },
        {
            "section number": "2.2",
            "key information": "The proposed idea involves a layer grouping algorithm that automatically identifies coupled channels and a unified metric based on Fisher information to evaluate their importance."
        },
        {
            "section number": "2.3",
            "key information": "Group Fisher Pruning (GFP) is a channel pruning approach that identifies and prunes coupled channels in complex network architectures using a layer grouping algorithm and a Fisher information-based importance metric."
        },
        {
            "section number": "3.2",
            "key information": "The primary innovation lies in the method's ability to apply channel pruning to complex structures while deriving a metric that correlates memory reduction with inference speedup."
        },
        {
            "section number": "4.1",
            "key information": "The effectiveness of the Group Fisher Pruning method was assessed by measuring the inference speedup and accuracy before and after pruning."
        },
        {
            "section number": "5.1",
            "key information": "The key advantages include the ability to handle complicated network structures and improve inference speed while maintaining accuracy."
        },
        {
            "section number": "6.3",
            "key information": "Future research could focus on refining the method for even more complex architectures and exploring its application in other domains."
        }
    ],
    "similarity_score": null,
    "image": null,
    "path": "/home/liudingyuan/code/SurveyX/code/SurveyX-main/outputs/t14/papers/Group fisher pruning for practical network compression.json"
}