{
    "from": null,
    "scholar_id": null,
    "detail_id": null,
    "title": "Group sparsity: The hinge between filter pruning and decomposition for network compression",
    "abstract": "In this paper, we analyze two popular network compression techniques, i.e. filter pruning and low-rank decomposition, in a unified sense. By simply changing the way the sparsity regularization is enforced, filter pruning and low-rank decomposition can be derived accordingly. This provides another flexible choice for network compression because the techniques complement each other. For example, in popular network architectures with shortcut connections (e.g. ResNet), filter pruning cannot deal with the last convolutional layer in a ResBlock while the low-rank decomposition methods can. In addition, we propose to compress the whole network jointly instead of in a layer-wise manner. Our approach proves its potential as it compares favorably to the state-of-the-art on several benchmarks. Code is available at https://github.com/ofsoundof/group_sparsity.",
    "arxivid": "2003.08935v1",
    "bib_name": "Groupspars163",
    "md_text": "# Group sparsity: The hinge between filter pruning and decomposition for network compression\n\n\nabstract\n\nIn this paper, we analyze two popular network compression techniques, i.e. filter pruning and low-rank decomposition, in a unified sense. By simply changing the way the sparsity regularization is enforced, filter pruning and low-rank decomposition can be derived accordingly. This provides another flexible choice for network compression because the techniques complement each other. For example, in popular network architectures with shortcut connections (e.g. ResNet), filter pruning cannot deal with the last convolutional layer in a ResBlock while the low-rank decomposition methods can. In addition, we propose to compress the whole network jointly instead of in a layer-wise manner. Our approach proves its potential as it compares favorably to the state-of-the-art on several benchmarks. Code is available at https://github.com/ofsoundof/group_sparsity.",
    "paper_type": "method",
    "attri": {
        "background": "This paper addresses the issue of network compression by analyzing two popular techniques: filter pruning and low-rank decomposition. It highlights the limitations of existing methods and emphasizes the need for a unified approach that leverages the strengths of both techniques.",
        "problem": {
            "definition": "The problem is the inefficiency of current network compression methods, particularly in handling architectures with shortcut connections, which limits the effectiveness of filter pruning.",
            "key obstacle": "The main difficulty lies in the inability of filter pruning to effectively compress the last convolutional layer in a ResBlock, which is a common structure in popular network architectures."
        },
        "idea": {
            "intuition": "The idea is inspired by the observation that filter pruning and low-rank decomposition can be unified through changes in sparsity regularization, allowing for a more flexible approach to network compression.",
            "opinion": "The proposed idea involves jointly compressing the entire network rather than applying compression on a layer-wise basis, which can enhance overall performance.",
            "innovation": "The key innovation is the introduction of a unified framework that combines filter pruning and low-rank decomposition, enabling better handling of shortcut connections and improving compression efficiency."
        },
        "method": {
            "method name": "Group Sparsity",
            "method abbreviation": "GS",
            "method definition": "Group Sparsity is a method that enforces sparsity regularization in a way that integrates both filter pruning and low-rank decomposition for network compression.",
            "method description": "The core of the method involves jointly compressing the whole network by adjusting the sparsity constraints applied to the model.",
            "method steps": "1. Analyze the network architecture; 2. Apply group sparsity regularization; 3. Implement filter pruning and low-rank decomposition concurrently; 4. Evaluate the compressed model's performance.",
            "principle": "This method is effective because it allows for the complementary strengths of filter pruning and low-rank decomposition to be utilized, resulting in a more robust network compression strategy."
        },
        "experiments": {
            "evaluation setting": "The experimental setup includes several benchmark datasets and state-of-the-art methods for comparison, focusing on networks with shortcut connections.",
            "evaluation method": "Performance is assessed by measuring accuracy and compression rates, comparing the proposed method against baseline techniques."
        },
        "conclusion": "The experiments demonstrate that the proposed approach outperforms existing methods in network compression, showcasing its effectiveness and potential for practical applications.",
        "discussion": {
            "advantage": "The proposed approach stands out due to its ability to handle complex architectures and its unified framework that leverages both filter pruning and low-rank decomposition.",
            "limitation": "One limitation is that the method may require careful tuning of sparsity parameters to achieve optimal results across different network architectures.",
            "future work": "Future research could explore further enhancements to the method, including automatic parameter tuning and application to a broader range of network architectures."
        },
        "other info": [
            {
                "code repository": "https://github.com/ofsoundof/group_sparsity"
            }
        ]
    },
    "mount_outline": [
        {
            "section number": "1.1",
            "key information": "The paper highlights the limitations of existing network compression methods, emphasizing the importance of pruning in enhancing model efficiency."
        },
        {
            "section number": "2.2",
            "key information": "The paper addresses network compression techniques, specifically focusing on filter pruning and low-rank decomposition as methods to improve efficiency."
        },
        {
            "section number": "2.3",
            "key information": "The paper introduces a unified framework that combines filter pruning and low-rank decomposition, enhancing neural network efficiency and performance."
        },
        {
            "section number": "3.1",
            "key information": "The discussion on filter pruning highlights its limitations in handling architectures with shortcut connections, which is a unique characteristic of certain pruning approaches."
        },
        {
            "section number": "4.1",
            "key information": "The paper defines the criteria for evaluating network compression methods by measuring accuracy and compression rates, which are essential for comparing pruning techniques."
        },
        {
            "section number": "5.3",
            "key information": "The proposed method demonstrates how different pruning methods influence overall model performance, particularly in complex architectures."
        },
        {
            "section number": "6.1",
            "key information": "The recommendation to implement a unified approach that leverages both filter pruning and low-rank decomposition for effective pruning strategies."
        },
        {
            "section number": "6.3",
            "key information": "Future research could explore enhancements to the unified method, including automatic parameter tuning and broader applications, indicating ongoing challenges in the field."
        }
    ],
    "similarity_score": null,
    "image": null,
    "path": "/home/liudingyuan/code/SurveyX/code/SurveyX-main/outputs/t14/papers/Group sparsity_ The hinge between filter pruning and decomposition for network compression.json"
}