{
    "from": null,
    "scholar_id": null,
    "detail_id": null,
    "title": "Hellaswag: Can a machine really finish your sentence",
    "abstract": "Recent work by Zellers et al. (2018) introduced a new task of commonsense natural language inference: given an event description such as \u201cA woman sits at a piano,\u201d a machine must select the most likely followup: \u201cShe sets her fingers on the keys.\u201d With the introduction of BERT, near human-level performance was reached. Does this mean that machines can perform human level commonsense inference? In this paper, we show that commonsense inference still proves difficult for even state-of-the-art models, by presenting HellaSwag, a new challenge dataset. Though its questions are trivial for humans (>95% accuracy), state-of-the-art models struggle (<48%). We achieve this via Adversarial Filtering (AF), a data collection paradigm wherein a series of discriminators iteratively select an adversarial set of machine-generated wrong answers. AF proves to be surprisingly robust. The key insight is to scale up the length and complexity of the dataset examples towards a critical \u2018Goldilocks\u2019 zone wherein generated text is ridiculous to humans, yet often misclassified by state-of-the-art models. Our construction of HellaSwag, and its resulting difficulty, sheds light on the inner workings of deep pretrained models. More broadly, it suggests a new path forward for NLP research, in which benchmarks co-evolve with the evolving state-of-the-art in an adversarial way, so as to present ever-harder challenges.",
    "arxivid": "1905.07830v1",
    "bib_name": "Hellaswag:182",
    "md_text": "# Hellaswag: Can a machine really finish your sentence\n\n\nabstract\n\nRecent work by Zellers et al. (2018) introduced a new task of commonsense natural language inference: given an event description such as \u201cA woman sits at a piano,\u201d a machine must select the most likely followup: \u201cShe sets her fingers on the keys.\u201d With the introduction of BERT, near human-level performance was reached. Does this mean that machines can perform human level commonsense inference? In this paper, we show that commonsense inference still proves difficult for even state-of-the-art models, by presenting HellaSwag, a new challenge dataset. Though its questions are trivial for humans (>95% accuracy), state-of-the-art models struggle (<48%). We achieve this via Adversarial Filtering (AF), a data collection paradigm wherein a series of discriminators iteratively select an adversarial set of machine-generated wrong answers. AF proves to be surprisingly robust. The key insight is to scale up the length and complexity of the dataset examples towards a critical \u2018Goldilocks\u2019 zone wherein generated text is ridiculous to humans, yet often misclassified by state-of-the-art models. Our construction of HellaSwag, and its resulting difficulty, sheds light on the inner workings of deep pretrained models. More broadly, it suggests a new path forward for NLP research, in which benchmarks co-evolve with the evolving state-of-the-art in an adversarial way, so as to present ever-harder challenges.",
    "paper_type": "benchmark",
    "attri": {
        "background": {
            "problem background": "The introduction of BERT led to near human-level performance in commonsense natural language inference, but it is unclear if machines can truly perform at this level consistently.",
            "purpose of benchmark": "HellaSwag is intended to evaluate the commonsense inference capabilities of models, highlighting their limitations despite advancements in NLP."
        },
        "problem": {
            "definition": "The benchmark is designed to assess how well models can select the most likely follow-up to an event description.",
            "key obstacle": "Existing benchmarks do not challenge models sufficiently, allowing them to perform well without truly understanding commonsense reasoning."
        },
        "idea": {
            "intuition": "The benchmark was inspired by the observation that while humans can easily answer commonsense questions, models struggle significantly.",
            "opinion": "The authors believe that HellaSwag is crucial for understanding and improving the commonsense reasoning abilities of models.",
            "innovation": "HellaSwag introduces a novel data collection method called Adversarial Filtering that generates challenging questions for models, pushing the boundaries of current benchmarks.",
            "benchmark abbreviation": "HellaSwag"
        },
        "dataset": {
            "source": "The dataset was created using a data collection paradigm called Adversarial Filtering, which selects adversarial machine-generated wrong answers.",
            "desc": "HellaSwag consists of complex examples designed to be challenging for models while trivial for humans.",
            "content": "The dataset includes event descriptions and multiple-choice follow-up options, with a focus on commonsense reasoning.",
            "size": "-",
            "domain": "Commonsense Reasoning",
            "task format": "Multiple Choice"
        },
        "metrics": {
            "metric name": "Accuracy",
            "aspect": "Model performance in selecting the correct follow-up answer.",
            "principle": "Accuracy was chosen to measure how well models can understand and infer commonsense knowledge.",
            "procedure": "Models are evaluated based on their ability to select the correct answer from a set of options for each event description."
        },
        "experiments": {
            "model": "State-of-the-art models were tested against the benchmark.",
            "procedure": "Models were trained on existing datasets and then evaluated using HellaSwag to assess their commonsense reasoning capabilities.",
            "result": "Models struggled with HellaSwag, achieving less than 48% accuracy, indicating significant challenges in commonsense inference.",
            "variability": "The results were consistent across multiple trials, highlighting the robustness of the benchmark."
        },
        "conclusion": "HellaSwag reveals that even advanced models have significant shortcomings in commonsense reasoning, emphasizing the need for more challenging benchmarks.",
        "discussion": {
            "advantage": "HellaSwag effectively highlights the limitations of current models, providing a clearer understanding of their inference capabilities.",
            "limitation": "The benchmark may not cover all aspects of commonsense reasoning, potentially limiting its applicability in broader contexts.",
            "future work": "Future research could focus on refining the benchmark and exploring additional dimensions of commonsense reasoning."
        },
        "other info": {}
    },
    "mount_outline": [
        {
            "section number": "1.1",
            "key information": "The introduction of BERT led to near human-level performance in commonsense natural language inference, but it is unclear if machines can truly perform at this level consistently."
        },
        {
            "section number": "2.2",
            "key information": "HellaSwag is intended to evaluate the commonsense inference capabilities of models, highlighting their limitations despite advancements in NLP."
        },
        {
            "section number": "3.1",
            "key information": "The benchmark is designed to assess how well models can select the most likely follow-up to an event description."
        },
        {
            "section number": "4.1",
            "key information": "Accuracy was chosen to measure how well models can understand and infer commonsense knowledge."
        },
        {
            "section number": "5.1",
            "key information": "Models struggled with HellaSwag, achieving less than 48% accuracy, indicating significant challenges in commonsense inference."
        },
        {
            "section number": "6.2",
            "key information": "The benchmark may not cover all aspects of commonsense reasoning, potentially limiting its applicability in broader contexts."
        }
    ],
    "similarity_score": null,
    "image": null,
    "path": "/home/liudingyuan/code/SurveyX/code/SurveyX-main/outputs/t14/papers/Hellaswag_ Can a machine really finish your sentence.json"
}