{
    "from": null,
    "scholar_id": null,
    "detail_id": null,
    "title": "How well do sparse imagenet models transfer",
    "abstract": "Transfer learning is a classic paradigm by which models pretrained on large \u201cupstream\u201d datasets are adapted to yield good results on \u201cdownstream\u201d specialized datasets. Generally, more accurate models on the \u201cupstream\u201d dataset tend to provide better transfer accuracy \u201cdownstream\u201d. In this work, we perform an in-depth investigation of this phenomenon in the context of convolutional neural networks (CNNs) trained on the ImageNet dataset, which have been pruned-that is, compressed by sparsifiying their connections. We consider transfer using unstructured pruned models obtained by applying several state-of-the-art pruning methods, including magnitude-based, second-order, regrowth, lottery-ticket, and regularization approaches, in the context of twelve standard transfer tasks. In a nutshell, our study shows that sparse models can match or even outperform the transfer performance of dense models, even at high sparsities, and, while doing so, can lead to significant inference and even training speedups. At the same time, we observe and analyze significant differences in the behaviour of different pruning methods. The code is available at: https://github.com/IST-DASLab/sparse-imagenet-transfer.",
    "arxivid": "2111.13445v5",
    "bib_name": "Howwelldos150",
    "md_text": "# How well do sparse imagenet models transfer\n\n\nabstract\n\nTransfer learning is a classic paradigm by which models pretrained on large \u201cupstream\u201d datasets are adapted to yield good results on \u201cdownstream\u201d specialized datasets. Generally, more accurate models on the \u201cupstream\u201d dataset tend to provide better transfer accuracy \u201cdownstream\u201d. In this work, we perform an in-depth investigation of this phenomenon in the context of convolutional neural networks (CNNs) trained on the ImageNet dataset, which have been pruned-that is, compressed by sparsifiying their connections. We consider transfer using unstructured pruned models obtained by applying several state-of-the-art pruning methods, including magnitude-based, second-order, regrowth, lottery-ticket, and regularization approaches, in the context of twelve standard transfer tasks. In a nutshell, our study shows that sparse models can match or even outperform the transfer performance of dense models, even at high sparsities, and, while doing so, can lead to significant inference and even training speedups. At the same time, we observe and analyze significant differences in the behaviour of different pruning methods. The code is available at: https://github.com/IST-DASLab/sparse-imagenet-transfer.",
    "paper_type": "benchmark",
    "attri": {
        "background": "This paper addresses the issue of transfer learning in convolutional neural networks (CNNs) trained on the ImageNet dataset, particularly focusing on the effectiveness of sparse models compared to dense models. The necessity of this benchmark arises from the growing interest in model compression techniques and their implications for transfer learning performance in specialized tasks.",
        "problem": {
            "definition": "The benchmark is designed to address the effectiveness of transfer learning from pruned (sparse) CNNs to various downstream tasks, assessing how well these models perform compared to their dense counterparts.",
            "key obstacle": "Existing benchmarks often do not adequately evaluate the transfer performance of sparse models, leaving a gap in understanding their effectiveness in practical applications."
        },
        "idea": {
            "intuition": "The inspiration behind this benchmark stems from the observation that while sparsification of models is common, its impact on transfer learning performance has not been thoroughly investigated.",
            "opinion": "The authors believe that understanding the transfer capabilities of sparse models is crucial for advancing model efficiency and effectiveness in real-world applications.",
            "innovation": "This benchmark differs from previous ones by specifically focusing on various pruning methods and their transfer performance across multiple tasks, highlighting the potential of sparse models in achieving competitive results.",
            "benchmark abbreviation": "SIMT"
        },
        "dataset": {
            "source": "The dataset consists of the ImageNet dataset, which is a well-established benchmark in computer vision, and is utilized here to evaluate the transfer performance of pruned models.",
            "desc": "The dataset includes a wide variety of images across multiple categories, making it suitable for testing the transfer capabilities of CNNs trained on this data.",
            "content": "The dataset primarily includes images, which relate directly to the tasks of image classification and object detection.",
            "size": "1,000,000",
            "domain": "Computer Vision",
            "task format": "Image Classification"
        },
        "metrics": {
            "metric name": "Transfer Accuracy",
            "aspect": "Model performance in terms of accuracy on downstream tasks",
            "principle": "The metrics were chosen based on their relevance to evaluating the effectiveness of transfer learning, focusing on how well models generalize to new tasks.",
            "procedure": "Models were evaluated on their accuracy across various downstream tasks after being pretrained on the ImageNet dataset."
        },
        "experiments": {
            "model": "The benchmark tests various pruned models obtained through state-of-the-art pruning methods, including magnitude-based and lottery-ticket approaches.",
            "procedure": "Models were trained using standard procedures for transfer learning, with specific parameters adjusted for each pruning method employed.",
            "result": "The results indicate that sparse models can match or exceed the performance of dense models, particularly at high sparsities, demonstrating significant improvements in inference speed.",
            "variability": "Variability in results was accounted for by conducting multiple trials and analyzing the performance across different pruning methods."
        },
        "conclusion": "The experiments highlight that sparse models not only maintain competitive transfer performance but also offer advantages in terms of speed, suggesting a promising direction for future research in model compression and transfer learning.",
        "discussion": {
            "advantage": "The benchmark provides valuable insights into the transfer capabilities of sparse models, contributing to the field by demonstrating their potential effectiveness in real-world applications.",
            "limitation": "One limitation is that the benchmark may not cover all possible pruning methods or downstream tasks, which could affect the generalizability of the findings.",
            "future work": "Future research could explore additional pruning techniques and their effects on a broader range of tasks to further validate the findings."
        },
        "other info": {
            "code repository": "https://github.com/IST-DASLab/sparse-imagenet-transfer"
        }
    },
    "mount_outline": [
        {
            "section number": "2.2",
            "key information": "This paper addresses the issue of transfer learning in convolutional neural networks (CNNs) trained on the ImageNet dataset, particularly focusing on the effectiveness of sparse models compared to dense models."
        },
        {
            "section number": "3.1",
            "key information": "The benchmark tests various pruned models obtained through state-of-the-art pruning methods, including magnitude-based and lottery-ticket approaches."
        },
        {
            "section number": "4.1",
            "key information": "The benchmark is designed to address the effectiveness of transfer learning from pruned (sparse) CNNs to various downstream tasks, assessing how well these models perform compared to their dense counterparts."
        },
        {
            "section number": "5.1",
            "key information": "The experiments highlight that sparse models not only maintain competitive transfer performance but also offer advantages in terms of speed, suggesting a promising direction for future research in model compression and transfer learning."
        },
        {
            "section number": "6.3",
            "key information": "Future research could explore additional pruning techniques and their effects on a broader range of tasks to further validate the findings."
        }
    ],
    "similarity_score": null,
    "image": null,
    "path": "/home/liudingyuan/code/SurveyX/code/SurveyX-main/outputs/t14/papers/How well do sparse imagenet models transfer.json"
}