{
    "from": null,
    "scholar_id": null,
    "detail_id": null,
    "title": "How much pre-training is enough to discover a good subnetwork",
    "abstract": "Neural network pruning is useful for discovering efficient, high-performing subnetworks within pre-trained, dense network architectures. More often than not, it involves a three-step process -- pre-training, pruning, and re-training -- that is computationally expensive, as the dense model must be fully pre-trained. While previous work has revealed through experiments the relationship between the amount of pre-training and the performance of the pruned network, a theoretical characterization of such dependency is still missing. Aiming to mathematically analyze the amount of dense network pre-training needed for a pruned network to perform well, we discover a simple theoretical bound in the number of gradient descent pre-training iterations on a two-layer, fully-connected network, beyond which pruning via greedy forward selection [61] yields a subnetwork that achieves good training error. Interestingly, this threshold is shown to be logarithmically dependent upon the size of the dataset, meaning that experiments with larger datasets require more pre-training for subnetworks obtained via pruning to perform well. Lastly, we empirically validate our theoretical results on a multi-layer perceptron trained on MNIST.",
    "arxivid": "2108.00259v3",
    "bib_name": "Howmuchpre139",
    "md_text": "# How much pre-training is enough to discover a good subnetwork\n\n\nabstract\n\nNeural network pruning is useful for discovering efficient, high-performing subnetworks within pre-trained, dense network architectures. More often than not, it involves a three-step process -- pre-training, pruning, and re-training -- that is computationally expensive, as the dense model must be fully pre-trained. While previous work has revealed through experiments the relationship between the amount of pre-training and the performance of the pruned network, a theoretical characterization of such dependency is still missing. Aiming to mathematically analyze the amount of dense network pre-training needed for a pruned network to perform well, we discover a simple theoretical bound in the number of gradient descent pre-training iterations on a two-layer, fully-connected network, beyond which pruning via greedy forward selection [61] yields a subnetwork that achieves good training error. Interestingly, this threshold is shown to be logarithmically dependent upon the size of the dataset, meaning that experiments with larger datasets require more pre-training for subnetworks obtained via pruning to perform well. Lastly, we empirically validate our theoretical results on a multi-layer perceptron trained on MNIST.",
    "paper_type": "theory",
    "attri": {
        "background": "This paper addresses the issue of neural network pruning, which is essential for discovering efficient, high-performing subnetworks within pre-trained dense network architectures. The traditional approach involves a computationally expensive three-step process of pre-training, pruning, and re-training.",
        "problem": {
            "definition": "The problem is the lack of a theoretical characterization of the relationship between the amount of pre-training and the performance of pruned networks.",
            "key obstacle": "The main difficulty lies in determining the optimal amount of pre-training required for effective pruning."
        },
        "idea": {
            "intuition": "The idea was inspired by previous empirical findings that suggested a relationship between pre-training and pruning performance.",
            "opinion": "The authors propose that a mathematical analysis can reveal the necessary amount of pre-training for successful pruning.",
            "innovation": "The primary improvement is the discovery of a theoretical bound on the number of pre-training iterations required, which has not been characterized in prior work."
        },
        "Theory": {
            "perspective": "The theoretical perspective focuses on a two-layer, fully-connected network and establishes a logarithmic relationship between pre-training iterations and dataset size.",
            "opinion": "The assumption is that more complex datasets necessitate more pre-training for effective pruning.",
            "proof": "The proof involves deriving a simple bound on the number of gradient descent iterations needed for effective pruning."
        },
        "experiments": {
            "evaluation setting": "The experiments are conducted on a multi-layer perceptron trained on the MNIST dataset, using greedy forward selection for pruning.",
            "evaluation method": "The evaluation steps include pre-training the network, applying pruning, and assessing the training error of the resulting subnetwork."
        },
        "conclusion": "The study concludes that there is a logarithmic dependency between the size of the dataset and the required pre-training iterations for effective pruning, providing a theoretical foundation for future research.",
        "discussion": {
            "advantage": "The main advantage of this paper is the establishment of a theoretical framework that clarifies the pre-training requirements for successful pruning.",
            "limitation": "A limitation is that the theoretical results are derived from a specific network architecture, which may not generalize to all types of networks.",
            "future work": "Future work could explore the applicability of the derived bounds to more complex architectures and datasets, as well as refine the theoretical framework."
        },
        "other info": []
    },
    "mount_outline": [
        {
            "section number": "1.1",
            "key information": "This paper addresses the issue of neural network pruning, which is essential for discovering efficient, high-performing subnetworks within pre-trained dense network architectures."
        },
        {
            "section number": "1.2",
            "key information": "The traditional approach involves a computationally expensive three-step process of pre-training, pruning, and re-training."
        },
        {
            "section number": "2.3",
            "key information": "The problem is the lack of a theoretical characterization of the relationship between the amount of pre-training and the performance of pruned networks."
        },
        {
            "section number": "3.1",
            "key information": "The primary improvement is the discovery of a theoretical bound on the number of pre-training iterations required, which has not been characterized in prior work."
        },
        {
            "section number": "4.1",
            "key information": "The experiments are conducted on a multi-layer perceptron trained on the MNIST dataset, using greedy forward selection for pruning."
        },
        {
            "section number": "5.1",
            "key information": "The study concludes that there is a logarithmic dependency between the size of the dataset and the required pre-training iterations for effective pruning."
        },
        {
            "section number": "6.3",
            "key information": "Future work could explore the applicability of the derived bounds to more complex architectures and datasets, as well as refine the theoretical framework."
        }
    ],
    "similarity_score": null,
    "image": null,
    "path": "/home/liudingyuan/code/SurveyX/code/SurveyX-main/outputs/t14/papers/How much pre-training is enough to discover a good subnetwork.json"
}