{
    "from": null,
    "scholar_id": null,
    "detail_id": null,
    "title": "HRank: Filter pruning using high-rank feature map",
    "abstract": "Neural network pruning offers a promising prospect to facilitate deploying deep neural networks on resource-limited devices. However, existing methods are still challenged by the training inefficiency and labor cost in pruning designs, due to missing theoretical guidance of non-salient network components. In this paper, we propose a novel filter pruning method by exploring the High Rank of feature maps (HRank). Our HRank is inspired by the discovery that the average rank of multiple feature maps generated by a single filter is always the same, regardless of the number of image batches CNNs receive. Based on HRank, we develop a method that is mathematically formulated to prune filters with low-rank feature maps. The principle behind our pruning is that low-rank feature maps contain less information, and thus pruned results can be easily reproduced. Besides, we experimentally show that weights with high-rank feature maps contain more important information, such that even when a portion is not updated, very little damage would be done to the model performance. Without introducing any additional constraints, HRank leads to significant improvements over the state-of-the-arts in terms of FLOPs and parameters reduction, with similar accuracies. For example, with ResNet-110, we achieve a 58.2%-FLOPs reduction by removing 59.2% of the parameters, with only a small loss of $0.14\\%$ in top-1 accuracy on CIFAR-10. With Res-50, we achieve a 43.8%-FLOPs reduction by removing 36.7% of the parameters, with only a loss of 1.17% in the top-1 accuracy on ImageNet. The codes can be available at https://github.com/lmbxmu/HRank.",
    "arxivid": "2002.10179v2",
    "bib_name": "HRank:Filt189",
    "md_text": "# HRank: Filter pruning using high-rank feature map\n\n\nabstract\n\nNeural network pruning offers a promising prospect to facilitate deploying deep neural networks on resource-limited devices. However, existing methods are still challenged by the training inefficiency and labor cost in pruning designs, due to missing theoretical guidance of non-salient network components. In this paper, we propose a novel filter pruning method by exploring the High Rank of feature maps (HRank). Our HRank is inspired by the discovery that the average rank of multiple feature maps generated by a single filter is always the same, regardless of the number of image batches CNNs receive. Based on HRank, we develop a method that is mathematically formulated to prune filters with low-rank feature maps. The principle behind our pruning is that low-rank feature maps contain less information, and thus pruned results can be easily reproduced. Besides, we experimentally show that weights with high-rank feature maps contain more important information, such that even when a portion is not updated, very little damage would be done to the model performance. Without introducing any additional constraints, HRank leads to significant improvements over the state-of-the-arts in terms of FLOPs and parameters reduction, with similar accuracies. For example, with ResNet-110, we achieve a 58.2%-FLOPs reduction by removing 59.2% of the parameters, with only a small loss of $0.14\\%$ in top-1 accuracy on CIFAR-10. With Res-50, we achieve a 43.8%-FLOPs reduction by removing 36.7% of the parameters, with only a loss of 1.17% in the top-1 accuracy on ImageNet. The codes can be available at https://github.com/lmbxmu/HRank.",
    "paper_type": "method",
    "attri": {
        "background": "Neural network pruning offers a promising prospect to facilitate deploying deep neural networks on resource-limited devices. However, existing methods are still challenged by the training inefficiency and labor cost in pruning designs, due to missing theoretical guidance of non-salient network components.",
        "problem": {
            "definition": "The paper aims to solve the inefficiency and high labor cost associated with existing neural network pruning methods, which lack theoretical guidance on which network components are non-salient.",
            "key obstacle": "The core obstacle is the absence of theoretical frameworks to identify and prune non-salient components effectively, leading to inefficient pruning processes."
        },
        "idea": {
            "intuition": "The idea is inspired by the observation that the average rank of multiple feature maps generated by a single filter remains consistent, irrespective of the number of image batches processed by CNNs.",
            "opinion": "The proposed idea involves a novel filter pruning method, HRank, which prunes filters based on the rank of their feature maps, specifically targeting those with low-rank feature maps.",
            "innovation": "The primary innovation of HRank lies in its mathematical formulation that allows for the pruning of filters with low-rank feature maps, demonstrating significant improvements in terms of FLOPs and parameter reduction without sacrificing accuracy."
        },
        "method": {
            "method name": "HRank",
            "method abbreviation": "HRank",
            "method definition": "HRank is a filter pruning method that targets filters with low-rank feature maps, theorizing that these maps contain less information and can be pruned without significantly affecting model performance.",
            "method description": "The core of the method involves mathematically identifying and pruning filters based on the rank of their feature maps.",
            "method steps": "1. Calculate the rank of feature maps generated by each filter. 2. Identify filters with low-rank feature maps. 3. Prune the identified filters. 4. Evaluate the model performance post-pruning.",
            "principle": "The effectiveness of HRank is based on the principle that low-rank feature maps convey less information, allowing for effective pruning while maintaining model performance."
        },
        "experiments": {
            "evaluation setting": "The experiments used ResNet-110 on the CIFAR-10 dataset and ResNet-50 on the ImageNet dataset for evaluation, comparing HRank against baseline methods.",
            "evaluation method": "The performance of the method was assessed by measuring FLOPs, parameter reduction, and top-1 accuracy before and after pruning."
        },
        "conclusion": "The experimental results demonstrate that HRank achieves significant reductions in FLOPs and parameters while maintaining similar accuracy levels, validating its effectiveness as a pruning method.",
        "discussion": {
            "advantage": "Key advantages of HRank include substantial reductions in computational complexity and model size, with minimal impact on accuracy compared to existing methods.",
            "limitation": "A limitation of the method may be its reliance on the rank of feature maps, which could potentially overlook other important aspects of filter importance.",
            "future work": "Future research could explore further refinements to the pruning criteria, investigate the effects of HRank on various architectures, and extend the method to different types of neural networks."
        },
        "other info": []
    },
    "mount_outline": [
        {
            "section number": "1.1",
            "key information": "Neural network pruning offers a promising prospect to facilitate deploying deep neural networks on resource-limited devices."
        },
        {
            "section number": "2.3",
            "key information": "The paper defines HRank as a filter pruning method that targets filters with low-rank feature maps, theorizing that these maps contain less information and can be pruned without significantly affecting model performance."
        },
        {
            "section number": "3.2",
            "key information": "The proposed idea involves a novel filter pruning method, HRank, which prunes filters based on the rank of their feature maps, specifically targeting those with low-rank feature maps."
        },
        {
            "section number": "4.1",
            "key information": "The performance of the method was assessed by measuring FLOPs, parameter reduction, and top-1 accuracy before and after pruning."
        },
        {
            "section number": "5.1",
            "key information": "Key advantages of HRank include substantial reductions in computational complexity and model size, with minimal impact on accuracy compared to existing methods."
        },
        {
            "section number": "6.2",
            "key information": "A limitation of the method may be its reliance on the rank of feature maps, which could potentially overlook other important aspects of filter importance."
        },
        {
            "section number": "6.3",
            "key information": "Future research could explore further refinements to the pruning criteria, investigate the effects of HRank on various architectures, and extend the method to different types of neural networks."
        }
    ],
    "similarity_score": null,
    "image": null,
    "path": "/home/liudingyuan/code/SurveyX/code/SurveyX-main/outputs/t14/papers/HRank_ Filter pruning using high-rank feature map.json"
}