{
    "from": null,
    "scholar_id": null,
    "detail_id": null,
    "title": "iDARTS: Differentiable architecture search with stochastic implicit gradients",
    "abstract": "\\textit{Differentiable ARchiTecture Search} (DARTS) has recently become the mainstream of neural architecture search (NAS) due to its efficiency and simplicity. With a gradient-based bi-level optimization, DARTS alternately optimizes the inner model weights and the outer architecture parameter in a weight-sharing supernet. A key challenge to the scalability and quality of the learned architectures is the need for differentiating through the inner-loop optimisation. While much has been discussed about several potentially fatal factors in DARTS, the architecture gradient, a.k.a. hypergradient, has received less attention. In this paper, we tackle the hypergradient computation in DARTS based on the implicit function theorem, making it only depends on the obtained solution to the inner-loop optimization and agnostic to the optimization path. To further reduce the computational requirements, we formulate a stochastic hypergradient approximation for differentiable NAS, and theoretically show that the architecture optimization with the proposed method, named iDARTS, is expected to converge to a stationary point. Comprehensive experiments on two NAS benchmark search spaces and the common NAS search space verify the effectiveness of our proposed method. It leads to architectures outperforming, with large margins, those learned by the baseline methods.",
    "arxivid": "2106.10784v1",
    "bib_name": "iDARTS:Dif24",
    "md_text": "# iDARTS: Differentiable architecture search with stochastic implicit gradients\n\n\nabstract\n\n\\textit{Differentiable ARchiTecture Search} (DARTS) has recently become the mainstream of neural architecture search (NAS) due to its efficiency and simplicity. With a gradient-based bi-level optimization, DARTS alternately optimizes the inner model weights and the outer architecture parameter in a weight-sharing supernet. A key challenge to the scalability and quality of the learned architectures is the need for differentiating through the inner-loop optimisation. While much has been discussed about several potentially fatal factors in DARTS, the architecture gradient, a.k.a. hypergradient, has received less attention. In this paper, we tackle the hypergradient computation in DARTS based on the implicit function theorem, making it only depends on the obtained solution to the inner-loop optimization and agnostic to the optimization path. To further reduce the computational requirements, we formulate a stochastic hypergradient approximation for differentiable NAS, and theoretically show that the architecture optimization with the proposed method, named iDARTS, is expected to converge to a stationary point. Comprehensive experiments on two NAS benchmark search spaces and the common NAS search space verify the effectiveness of our proposed method. It leads to architectures outperforming, with large margins, those learned by the baseline methods.",
    "paper_type": "method",
    "attri": {
        "background": "This paper addresses the issue of efficiently and effectively optimizing neural architectures using a gradient-based bi-level optimization approach known as DARTS, which has become mainstream in neural architecture search (NAS). Previous methods faced challenges in scalability and quality of learned architectures due to difficulties in differentiating through inner-loop optimization, highlighting the need for a new breakthrough in hypergradient computation.",
        "problem": {
            "definition": "The problem this paper aims to solve is the inefficient computation of hypergradients in the DARTS framework, which impedes the scalability and effectiveness of architecture search.",
            "key obstacle": "The main difficulty is the dependency of hypergradient computation on the optimization path of the inner-loop, which complicates the architecture optimization process."
        },
        "idea": {
            "intuition": "The idea was inspired by the need to simplify hypergradient computation while maintaining the effectiveness of architecture search, leading to the exploration of the implicit function theorem.",
            "opinion": "The proposed idea, iDARTS, simplifies hypergradient computation by relying solely on the solution to the inner-loop optimization, making it agnostic to the optimization path.",
            "innovation": "The primary innovation lies in the introduction of a stochastic hypergradient approximation that reduces computational requirements and enhances the convergence of architecture optimization."
        },
        "method": {
            "method name": "iDARTS",
            "method abbreviation": "iDARTS",
            "method definition": "iDARTS is a method for differentiable architecture search that employs stochastic hypergradient approximation based on the implicit function theorem to optimize neural architectures efficiently.",
            "method description": "The core of iDARTS involves computing hypergradients in a way that is independent of the optimization path, facilitating faster and more effective architecture search.",
            "method steps": "1. Perform inner-loop optimization to obtain model weights. 2. Compute hypergradients using the implicit function theorem. 3. Apply stochastic hypergradient approximation to optimize architecture parameters.",
            "principle": "The effectiveness of iDARTS in solving the problem is supported by its theoretical foundation, which ensures convergence to a stationary point in the architecture optimization process."
        },
        "experiments": {
            "evaluation setting": "Comprehensive experiments were conducted on two NAS benchmark search spaces and a common NAS search space, comparing the performance of architectures learned by iDARTS against baseline methods.",
            "evaluation method": "The evaluation method involved measuring the performance of the architectures in terms of accuracy and efficiency, analyzing the results to validate the effectiveness of the proposed method."
        },
        "conclusion": "The outcomes of the experiments demonstrate that iDARTS significantly outperforms architectures learned by baseline methods, confirming its effectiveness in differentiable architecture search.",
        "discussion": {
            "advantage": "Key advantages of iDARTS include its reduced computational requirements and improved scalability in architecture optimization compared to traditional DARTS methods.",
            "limitation": "A limitation of the method may include its reliance on the stochastic approximation, which could introduce variability in results depending on the sampling process.",
            "future work": "Future research could focus on further refining the stochastic hypergradient approximation and exploring its applicability to other architecture search frameworks."
        },
        "other info": []
    },
    "mount_outline": [
        {
            "section number": "1.1",
            "key information": "Pruning contributes to model efficiency and performance by optimizing neural architectures, as highlighted by the need for efficient computation in architecture search."
        },
        {
            "section number": "2.1",
            "key information": "Deep neural networks play a crucial role in modern AI, and optimizing their architectures is essential for enhancing their performance."
        },
        {
            "section number": "2.2",
            "key information": "The paper introduces iDARTS, a method for differentiable architecture search that optimizes neural architectures efficiently, addressing the challenges in previous methods."
        },
        {
            "section number": "3.2",
            "key information": "iDARTS represents a novel pruning approach that simplifies hypergradient computation while maintaining the effectiveness of architecture search."
        },
        {
            "section number": "4.3",
            "key information": "The paper provides a comparative analysis of the performance of architectures learned by iDARTS against baseline methods, demonstrating its effectiveness."
        },
        {
            "section number": "5.2",
            "key information": "iDARTS improves computational efficiency in architecture optimization, which is essential for resource utilization in deep neural networks."
        },
        {
            "section number": "6.1",
            "key information": "The paper recommends refining the stochastic hypergradient approximation as a best practice for improving architecture optimization in neural networks."
        },
        {
            "section number": "6.3",
            "key information": "Future research directions include exploring the applicability of iDARTS to other architecture search frameworks, indicating ongoing challenges in the field."
        }
    ],
    "similarity_score": null,
    "image": null,
    "path": "/home/liudingyuan/code/SurveyX/code/SurveyX-main/outputs/t14/papers/iDARTS_ Differentiable architecture search with stochastic implicit gradients.json"
}