{
    "from": null,
    "scholar_id": null,
    "detail_id": null,
    "title": "ImageNet large scale visual recognition challenge",
    "abstract": "The ImageNet Large Scale Visual Recognition Challenge is a benchmark in object category classification and detection on hundreds of object categories and millions of images. The challenge has been run annually from 2010 to present, attracting participation from more than fifty institutions. This paper describes the creation of this benchmark dataset and the advances in object recognition that have been possible as a result. We discuss the challenges of collecting large-scale ground truth annotation, highlight key breakthroughs in categorical object recognition, provide a detailed analysis of the current state of the field of large-scale image classification and object detection, and compare the state-of-the-art computer vision accuracy with human accuracy. We conclude with lessons learned in the 5 years of the challenge, and propose future directions and improvements.",
    "arxivid": "1409.0575v3",
    "bib_name": "ImageNetla137",
    "md_text": "# ImageNet large scale visual recognition challenge\n\n\nabstract\n\nThe ImageNet Large Scale Visual Recognition Challenge is a benchmark in object category classification and detection on hundreds of object categories and millions of images. The challenge has been run annually from 2010 to present, attracting participation from more than fifty institutions. This paper describes the creation of this benchmark dataset and the advances in object recognition that have been possible as a result. We discuss the challenges of collecting large-scale ground truth annotation, highlight key breakthroughs in categorical object recognition, provide a detailed analysis of the current state of the field of large-scale image classification and object detection, and compare the state-of-the-art computer vision accuracy with human accuracy. We conclude with lessons learned in the 5 years of the challenge, and propose future directions and improvements.",
    "paper_type": "benchmark",
    "attri": {
        "background": "The ImageNet Large Scale Visual Recognition Challenge was established to address the need for a comprehensive benchmark in object category classification and detection, reflecting the growing complexity of visual recognition tasks in the field of computer vision.",
        "problem": {
            "definition": "The benchmark is designed to evaluate models on their ability to classify and detect objects across hundreds of categories using millions of images.",
            "key obstacle": "Existing benchmarks lacked the scale and diversity needed to effectively challenge and evaluate state-of-the-art models in object recognition."
        },
        "idea": {
            "intuition": "The benchmark was inspired by the need for large-scale datasets that could drive advancements in object recognition technology.",
            "opinion": "The authors believe that this benchmark has significantly impacted the field by providing a standardized platform for evaluating and comparing model performance.",
            "innovation": "The benchmark differs from previous efforts by incorporating a vast number of images and categories, enabling more robust evaluation of model capabilities.",
            "benchmark abbreviation": "ILSVRC"
        },
        "dataset": {
            "source": "The dataset was created by collecting and annotating images from the web, ensuring a diverse representation of objects.",
            "desc": "The dataset consists of millions of images categorized into hundreds of object classes, making it suitable for comprehensive evaluation.",
            "content": "The dataset includes images of various objects, which are relevant for testing classification and detection algorithms.",
            "size": "1,000,000",
            "domain": "Object Recognition",
            "task format": "Object Classification"
        },
        "metrics": {
            "metric name": "Accuracy",
            "aspect": "Model performance in correctly classifying images into the correct categories.",
            "principle": "Accuracy was chosen as a primary metric due to its straightforward interpretation and relevance in classification tasks.",
            "procedure": "Models were evaluated based on their classification accuracy on a held-out test set of images."
        },
        "experiments": {
            "model": "The benchmark tested various state-of-the-art models as well as baseline models to assess advancements in the field.",
            "procedure": "Models were trained on the dataset with specific parameters and evaluated against the test set to measure performance.",
            "result": "The results showed significant improvements in accuracy over previous years, indicating advancements in object recognition technology.",
            "variability": "Variability in results was accounted for by conducting multiple trials and using different subsets of the dataset."
        },
        "conclusion": "The benchmark has led to substantial improvements in object recognition accuracy and has provided valuable insights into the challenges and future directions of the field.",
        "discussion": {
            "advantage": "The benchmark has standardized evaluation in the field, promoting competition and innovation among researchers.",
            "limitation": "One limitation is the potential for overfitting to the benchmark, which may not generalize to real-world applications.",
            "future work": "Future research could focus on expanding the dataset to include more diverse object categories and improving annotation techniques."
        },
        "other info": []
    },
    "mount_outline": [
        {
            "section number": "1.1",
            "key information": "Deep neural network pruning contributes to model efficiency and performance, which is essential for large-scale benchmarks like ILSVRC."
        },
        {
            "section number": "2.1",
            "key information": "Deep neural networks are crucial in modern AI, particularly for tasks like object classification and detection, as highlighted by the ILSVRC benchmark."
        },
        {
            "section number": "2.2",
            "key information": "Model compression techniques, including pruning, are necessary to enhance the performance of models evaluated on benchmarks like ILSVRC."
        },
        {
            "section number": "4.1",
            "key information": "Accuracy is a primary metric used to evaluate model performance in the ILSVRC, which can serve as a criterion for comparing pruning methods."
        },
        {
            "section number": "5.1",
            "key information": "The trade-off between model size and accuracy is critical, as demonstrated by the advancements in accuracy observed in models tested on the ILSVRC."
        },
        {
            "section number": "6.3",
            "key information": "Future research directions could include expanding the dataset for more diverse object categories, which relates to challenges in neural network pruning."
        }
    ],
    "similarity_score": null,
    "image": null,
    "path": "/home/liudingyuan/code/SurveyX/code/SurveyX-main/outputs/t14/papers/ImageNet large scale visual recognition challenge.json"
}