{
    "from": null,
    "scholar_id": null,
    "detail_id": null,
    "title": "Importance estimation for neural network pruning",
    "abstract": "Structural pruning of neural network parameters reduces computational, energy, and memory transfer costs during inference. We propose a novel method that estimates the contribution of a neuron (filter) to the final loss and iteratively removes those with smaller scores. We describe two variations of our method using the first and second-order Taylor expansions to approximate a filter's contribution. Both methods scale consistently across any network layer without requiring per-layer sensitivity analysis and can be applied to any kind of layer, including skip connections. For modern networks trained on ImageNet, we measured experimentally a high (>93%) correlation between the contribution computed by our methods and a reliable estimate of the true importance. Pruning with the proposed methods led to an improvement over state-of-the-art in terms of accuracy, FLOPs, and parameter reduction. On ResNet-101, we achieve a 40% FLOPS reduction by removing 30% of the parameters, with a loss of 0.02% in the top-1 accuracy on ImageNet.",
    "arxivid": "1906.10771v1",
    "bib_name": "Importance82",
    "md_text": "# Importance estimation for neural network pruning\n\n\nabstract\n\nStructural pruning of neural network parameters reduces computational, energy, and memory transfer costs during inference. We propose a novel method that estimates the contribution of a neuron (filter) to the final loss and iteratively removes those with smaller scores. We describe two variations of our method using the first and second-order Taylor expansions to approximate a filter's contribution. Both methods scale consistently across any network layer without requiring per-layer sensitivity analysis and can be applied to any kind of layer, including skip connections. For modern networks trained on ImageNet, we measured experimentally a high (>93%) correlation between the contribution computed by our methods and a reliable estimate of the true importance. Pruning with the proposed methods led to an improvement over state-of-the-art in terms of accuracy, FLOPs, and parameter reduction. On ResNet-101, we achieve a 40% FLOPS reduction by removing 30% of the parameters, with a loss of 0.02% in the top-1 accuracy on ImageNet.",
    "paper_type": "method",
    "attri": {
        "background": "This paper addresses the issue of structural pruning in neural networks, highlighting the need for effective methods to reduce computational, energy, and memory transfer costs during inference. Previous methods often require complex per-layer sensitivity analysis, which limits their scalability and applicability across different network architectures.",
        "problem": {
            "definition": "The problem is the inefficient pruning of neural network parameters, which affects performance and resource utilization during inference.",
            "key obstacle": "The main challenge is the lack of a straightforward method to estimate the contribution of individual neurons (filters) to the overall loss without extensive per-layer sensitivity analysis."
        },
        "idea": {
            "intuition": "The idea is inspired by the need for a scalable approach to estimate neuron contributions that can be applied universally across different layers of a neural network.",
            "opinion": "The proposed method estimates the contribution of a neuron to the final loss and iteratively prunes those with smaller contributions, enhancing efficiency in neural network pruning.",
            "innovation": "The primary innovation lies in the use of first and second-order Taylor expansions to approximate a filter's contribution, allowing for consistent scaling across any network layer without requiring per-layer analysis."
        },
        "method": {
            "method name": "Importance Estimation for Neural Network Pruning",
            "method abbreviation": "IENNP",
            "method definition": "IENNP estimates the contribution of each neuron to the final loss using Taylor expansions, facilitating an iterative pruning process based on these contributions.",
            "method description": "The method provides a systematic approach to prune neural network parameters by evaluating their importance based on contribution to loss.",
            "method steps": "1. Compute the contribution of each filter using Taylor expansion. 2. Rank filters based on their contributions. 3. Iteratively remove filters with the smallest contributions.",
            "principle": "This method is effective because it leverages mathematical approximations to evaluate the importance of neurons, enabling efficient pruning while maintaining network performance."
        },
        "experiments": {
            "evaluation setting": "The experiments were conducted on modern networks trained on the ImageNet dataset, comparing the proposed method against state-of-the-art techniques in terms of accuracy, FLOPs, and parameter reduction.",
            "evaluation method": "Performance was assessed by measuring the correlation between the estimated contributions and true importance, as well as tracking changes in accuracy and resource metrics after pruning."
        },
        "conclusion": "The proposed methods demonstrated a high correlation (>93%) with true importance estimates and achieved significant improvements over existing methods, including a 40% reduction in FLOPs with minimal impact on accuracy.",
        "discussion": {
            "advantage": "The key advantages include scalability across different network architectures and the ability to perform pruning without extensive sensitivity analysis, leading to efficient resource utilization.",
            "limitation": "A limitation of the method may include its dependence on the accuracy of the Taylor expansion approximations, which could affect pruning decisions in certain scenarios.",
            "future work": "Future research could explore refining the approximation methods and extending the approach to other types of neural network architectures and tasks."
        },
        "other info": []
    },
    "mount_outline": [
        {
            "section number": "1.1",
            "key information": "Pruning in neural networks is essential for reducing computational, energy, and memory transfer costs during inference."
        },
        {
            "section number": "2.3",
            "key information": "The proposed method, Importance Estimation for Neural Network Pruning (IENNP), estimates the contribution of each neuron to the final loss using Taylor expansions, enhancing efficiency in neural network pruning."
        },
        {
            "section number": "3.1",
            "key information": "The paper discusses structural pruning methods that do not require complex per-layer sensitivity analysis, highlighting their scalability and applicability across different network architectures."
        },
        {
            "section number": "4.2",
            "key information": "Performance was assessed by measuring the correlation between the estimated contributions and true importance, tracking changes in accuracy and resource metrics after pruning."
        },
        {
            "section number": "5.1",
            "key information": "The proposed method achieved a 40% reduction in FLOPs with minimal impact on accuracy, illustrating the trade-off between model size and accuracy."
        },
        {
            "section number": "6.1",
            "key information": "The method provides a systematic approach to prune neural network parameters by evaluating their importance based on contribution to loss, which can be recommended as best practice."
        },
        {
            "section number": "6.3",
            "key information": "Future research could explore refining the approximation methods and extending the approach to other types of neural network architectures and tasks."
        }
    ],
    "similarity_score": null,
    "image": null,
    "path": "/home/liudingyuan/code/SurveyX/code/SurveyX-main/outputs/t14/papers/Importance estimation for neural network pruning.json"
}