{
    "from": null,
    "scholar_id": null,
    "detail_id": null,
    "title": "Improved baselines with momentum contrastive learning",
    "abstract": "Contrastive unsupervised learning has recently shown encouraging progress, e.g., in Momentum Contrast (MoCo) and SimCLR. In this note, we verify the effectiveness of two of SimCLR's design improvements by implementing them in the MoCo framework. With simple modifications to MoCo---namely, using an MLP projection head and more data augmentation---we establish stronger baselines that outperform SimCLR and do not require large training batches. We hope this will make state-of-the-art unsupervised learning research more accessible. Code will be made public.",
    "arxivid": "2003.04297v1",
    "bib_name": "Improvedba160",
    "md_text": "# Improved baselines with momentum contrastive learning\n\n\nabstract\n\nContrastive unsupervised learning has recently shown encouraging progress, e.g., in Momentum Contrast (MoCo) and SimCLR. In this note, we verify the effectiveness of two of SimCLR's design improvements by implementing them in the MoCo framework. With simple modifications to MoCo---namely, using an MLP projection head and more data augmentation---we establish stronger baselines that outperform SimCLR and do not require large training batches. We hope this will make state-of-the-art unsupervised learning research more accessible. Code will be made public.",
    "paper_type": "benchmark",
    "attri": {
        "background": "This paper addresses the issue of improving the performance of contrastive unsupervised learning methods, specifically focusing on the Momentum Contrast (MoCo) framework and its comparison with SimCLR.",
        "problem": {
            "definition": "The benchmark is designed to evaluate the effectiveness of design improvements in contrastive learning frameworks.",
            "key obstacle": "Existing benchmarks do not effectively compare the performance of different contrastive learning methods under varying conditions such as batch size and data augmentation."
        },
        "idea": {
            "intuition": "The authors were inspired by the design improvements in SimCLR and sought to integrate these into the MoCo framework to enhance its performance.",
            "opinion": "The authors believe that their benchmark will make state-of-the-art unsupervised learning research more accessible and applicable to a wider audience.",
            "innovation": "This benchmark introduces specific modifications to MoCo, such as using an MLP projection head and enhanced data augmentation techniques, which have not been extensively explored in previous benchmarks.",
            "benchmark abbreviation": "MoCo"
        },
        "dataset": {
            "source": "The dataset was created using existing datasets relevant to contrastive learning tasks, although the specific datasets are not detailed in the abstract.",
            "desc": "The dataset is designed to facilitate the evaluation of contrastive learning methods, focusing on the effectiveness of augmentation strategies.",
            "content": "The dataset includes images, as it is related to visual representation learning.",
            "size": "-",
            "domain": "Image Representation Learning",
            "task format": "Unsupervised Learning"
        },
        "metrics": {
            "metric name": "Accuracy, F1-score",
            "aspect": "Model performance in terms of representation quality and learning efficiency.",
            "principle": "Metrics were chosen based on their ability to reflect the effectiveness of contrastive learning in producing meaningful representations.",
            "procedure": "Models were evaluated based on their performance on downstream tasks after being trained using the MoCo framework with the proposed modifications."
        },
        "experiments": {
            "model": "The experiments involved testing the MoCo framework with the proposed modifications against the original MoCo and SimCLR models.",
            "procedure": "Models were trained with the modified MoCo framework using different data augmentation strategies and evaluated on downstream tasks.",
            "result": "The modified MoCo outperformed SimCLR and the original MoCo, demonstrating the effectiveness of the proposed changes.",
            "variability": "Variability was accounted for by conducting multiple trials and using different training conditions."
        },
        "conclusion": "The experiments indicate that the proposed modifications to the MoCo framework lead to improved performance in unsupervised learning, making it a more viable option for researchers.",
        "discussion": {
            "advantage": "The benchmark strengthens the evaluation of contrastive learning methods and provides a more accessible approach for researchers.",
            "limitation": "The benchmark may not cover all aspects of contrastive learning, particularly in more complex datasets or tasks.",
            "future work": "Future research could explore additional modifications to contrastive learning frameworks and their performance on diverse datasets."
        },
        "other info": []
    },
    "mount_outline": [
        {
            "section number": "1.1",
            "key information": "This paper addresses the issue of improving the performance of contrastive unsupervised learning methods, specifically focusing on the Momentum Contrast (MoCo) framework."
        },
        {
            "section number": "2.1",
            "key information": "The dataset was created using existing datasets relevant to contrastive learning tasks, focusing on image representation learning."
        },
        {
            "section number": "2.2",
            "key information": "The benchmark is designed to evaluate the effectiveness of design improvements in contrastive learning frameworks."
        },
        {
            "section number": "4.1",
            "key information": "Metrics were chosen based on their ability to reflect the effectiveness of contrastive learning in producing meaningful representations."
        },
        {
            "section number": "5.1",
            "key information": "The modified MoCo outperformed SimCLR and the original MoCo, demonstrating the effectiveness of the proposed changes."
        },
        {
            "section number": "6.3",
            "key information": "Future research could explore additional modifications to contrastive learning frameworks and their performance on diverse datasets."
        }
    ],
    "similarity_score": null,
    "image": null,
    "path": "/home/liudingyuan/code/SurveyX/code/SurveyX-main/outputs/t14/papers/Improved baselines with momentum contrastive learning.json"
}