{
    "from": null,
    "scholar_id": null,
    "detail_id": null,
    "title": "Joint-DetNAS: Upgrade your detector with NAS, pruning and dynamic distillation",
    "abstract": "We propose Joint-DetNAS, a unified NAS framework for object detection, which integrates 3 key components: Neural Architecture Search, pruning, and Knowledge Distillation. Instead of naively pipelining these techniques, our Joint-DetNAS optimizes them jointly. The algorithm consists of two core processes: student morphism optimizes the student\u2019s architecture and removes the redundant parameters, while dynamic distillation aims to find the optimal matching teacher. For student morphism, weight inheritance strategy is adopted, allowing the student to flexibly update its architecture while fully utilize the predecessor\u2019s weights, which considerably accelerates the search; To facilitate dynamic distillation, an elastic teacher pool is trained via integrated progressive shrinking strategy, from which teacher detectors can be sampled without additional cost in subsequent searches. Given a base detector as the input, our algorithm directly outputs the derived student detector with high performance without additional training. Experiments demonstrate that our Joint-DetNAS outperforms the naive pipelining approach by a great margin. Given a classic R101-FPN as the base detector, Joint-DetNAS is able to boost its mAP from 41.4 to 43.9 on MS COCO and reduce the latency by 47%, which is on par with the SOTA EfficientDet while requiring less search cost. We hope our proposed method can provide the community with a new way of jointly optimizing NAS, KD and pruning.",
    "arxivid": "2105.12971v1",
    "bib_name": "Joint-DetN168",
    "md_text": "# Joint-DetNAS: Upgrade your detector with NAS, pruning and dynamic distillation\n\n\nabstract\n\nWe propose Joint-DetNAS, a unified NAS framework for object detection, which integrates 3 key components: Neural Architecture Search, pruning, and Knowledge Distillation. Instead of naively pipelining these techniques, our Joint-DetNAS optimizes them jointly. The algorithm consists of two core processes: student morphism optimizes the student\u2019s architecture and removes the redundant parameters, while dynamic distillation aims to find the optimal matching teacher. For student morphism, weight inheritance strategy is adopted, allowing the student to flexibly update its architecture while fully utilize the predecessor\u2019s weights, which considerably accelerates the search; To facilitate dynamic distillation, an elastic teacher pool is trained via integrated progressive shrinking strategy, from which teacher detectors can be sampled without additional cost in subsequent searches. Given a base detector as the input, our algorithm directly outputs the derived student detector with high performance without additional training. Experiments demonstrate that our Joint-DetNAS outperforms the naive pipelining approach by a great margin. Given a classic R101-FPN as the base detector, Joint-DetNAS is able to boost its mAP from 41.4 to 43.9 on MS COCO and reduce the latency by 47%, which is on par with the SOTA EfficientDet while requiring less search cost. We hope our proposed method can provide the community with a new way of jointly optimizing NAS, KD and pruning.",
    "paper_type": "method",
    "attri": {
        "background": "This paper addresses the issue of optimizing object detection frameworks by integrating Neural Architecture Search (NAS), pruning, and Knowledge Distillation (KD) into a unified system, highlighting the limitations of previous methods that treated these techniques in isolation.",
        "problem": {
            "definition": "The problem is the inefficiency of existing object detection methods that do not leverage the potential synergies between NAS, pruning, and KD, leading to suboptimal performance.",
            "key obstacle": "The main difficulty is the lack of a cohesive strategy that allows for the simultaneous optimization of the architecture, parameter reduction, and knowledge transfer, which hampers the performance improvements that could be achieved."
        },
        "idea": {
            "intuition": "The idea was inspired by the observation that optimizing NAS, pruning, and KD jointly could lead to better performance than treating them as separate processes.",
            "opinion": "The proposed idea, Joint-DetNAS, integrates these three components into a single framework, allowing for more efficient object detection by optimizing them in tandem.",
            "innovation": "The primary innovation lies in the joint optimization strategy, where student morphism and dynamic distillation are applied together, significantly enhancing the performance of the detector compared to naive pipelining approaches."
        },
        "method": {
            "method name": "Joint-DetNAS",
            "method abbreviation": "JDN",
            "method definition": "Joint-DetNAS is a unified framework that integrates Neural Architecture Search, pruning, and Knowledge Distillation to optimize object detection models.",
            "method description": "The method focuses on jointly optimizing the architecture of a student detector while pruning unnecessary parameters and facilitating effective knowledge transfer from a teacher detector.",
            "method steps": [
                "Perform student morphism to optimize the architecture and prune redundant parameters.",
                "Implement dynamic distillation to identify the optimal teacher detector from an elastic teacher pool.",
                "Utilize a weight inheritance strategy to accelerate the architecture search."
            ],
            "principle": "The effectiveness of this method is rooted in its ability to leverage the strengths of NAS, pruning, and KD simultaneously, facilitating a more efficient and high-performing object detection framework."
        },
        "experiments": {
            "evaluation setting": "The experiments were conducted using a classic R101-FPN as the base detector on the MS COCO dataset, comparing the performance of Joint-DetNAS against naive pipelining approaches.",
            "evaluation method": "Performance was measured by the mean Average Precision (mAP) and latency, with results analyzed to demonstrate improvements over baseline methods."
        },
        "conclusion": "The experiments show that Joint-DetNAS significantly enhances the mAP from 41.4 to 43.9 while reducing latency by 47%, achieving performance comparable to the state-of-the-art EfficientDet with lower search costs.",
        "discussion": {
            "advantage": "Key advantages include improved detection performance, reduced latency, and lower search costs due to the joint optimization of NAS, pruning, and KD.",
            "limitation": "One limitation may be the dependency on a well-trained base detector, as the effectiveness of Joint-DetNAS is contingent upon the initial architecture's quality.",
            "future work": "Future research could explore further enhancements in the joint optimization process and investigate the application of Joint-DetNAS to other detection frameworks or tasks."
        },
        "other info": {
            "info1": "The proposed method is expected to provide a new perspective for the community on optimizing NAS, KD, and pruning.",
            "info2": {
                "info2.1": "The use of an elastic teacher pool allows for cost-effective sampling of teacher detectors.",
                "info2.2": "The progressive shrinking strategy contributes to the dynamic distillation process."
            }
        }
    },
    "mount_outline": [
        {
            "section number": "1.1",
            "key information": "Pruning contributes to model efficiency and performance by optimizing the architecture of a student detector while pruning unnecessary parameters."
        },
        {
            "section number": "1.2",
            "key information": "The paper focuses on optimizing object detection frameworks by integrating Neural Architecture Search, pruning, and Knowledge Distillation into a unified system."
        },
        {
            "section number": "2.2",
            "key information": "Joint-DetNAS is a unified framework that integrates Neural Architecture Search, pruning, and Knowledge Distillation to optimize object detection models."
        },
        {
            "section number": "2.3",
            "key information": "The method focuses on jointly optimizing the architecture of a student detector while pruning unnecessary parameters and facilitating effective knowledge transfer from a teacher detector."
        },
        {
            "section number": "4.1",
            "key information": "Performance was measured by the mean Average Precision (mAP) and latency, demonstrating improvements over baseline methods."
        },
        {
            "section number": "5.1",
            "key information": "The experiments show that Joint-DetNAS significantly enhances the mAP from 41.4 to 43.9 while reducing latency by 47%."
        },
        {
            "section number": "6.1",
            "key information": "Key advantages of the proposed method include improved detection performance, reduced latency, and lower search costs due to the joint optimization of NAS, pruning, and KD."
        },
        {
            "section number": "6.3",
            "key information": "Future research could explore further enhancements in the joint optimization process and investigate the application of Joint-DetNAS to other detection frameworks or tasks."
        }
    ],
    "similarity_score": null,
    "image": null,
    "path": "/home/liudingyuan/code/SurveyX/code/SurveyX-main/outputs/t14/papers/Joint-DetNAS_ Upgrade your detector with NAS, pruning and dynamic distillation.json"
}