{
    "from": null,
    "scholar_id": null,
    "detail_id": null,
    "title": "LaCo: Large language model pruning via layer collapse",
    "abstract": "Large language models (LLMs) based on transformer are witnessing a notable trend of size expansion, which brings considerable costs to both model training and inference. However, existing methods such as model quantization, knowledge distillation, and model pruning are constrained by various issues, including hardware support limitations, the need for extensive training, and alterations to the model internal structure. In this paper, we propose a concise layer-wise structured pruner called \\textit{Layer Collapse (LaCo)}, in which rear model layers collapse into a prior layer, enabling a rapid reduction in model size while preserving the model structure. Comprehensive experiments show that our method maintains an average task performance of over 80\\% at pruning ratios of 25-30\\%, significantly outperforming existing state-of-the-art structured pruning methods. We also conduct post-training experiments to confirm that the \\textit{LaCo} effectively inherits the parameters of the original model. Additionally, we perform ablation studies on various settings of \\textit{LaCo}. Finally, we discuss our motivation from the perspective of layer-wise similarity and evaluate the performance of the pruned LLMs across various pruning ratios\\footnote{\\url{https://github.com/yangyifei729/LaCo}}.",
    "arxivid": "2402.11187v2",
    "bib_name": "LaCo:Large156",
    "md_text": "# LaCo: Large language model pruning via layer collapse\n\n\nabstract\n\nLarge language models (LLMs) based on transformer are witnessing a notable trend of size expansion, which brings considerable costs to both model training and inference. However, existing methods such as model quantization, knowledge distillation, and model pruning are constrained by various issues, including hardware support limitations, the need for extensive training, and alterations to the model internal structure. In this paper, we propose a concise layer-wise structured pruner called \\textit{Layer Collapse (LaCo)}, in which rear model layers collapse into a prior layer, enabling a rapid reduction in model size while preserving the model structure. Comprehensive experiments show that our method maintains an average task performance of over 80\\% at pruning ratios of 25-30\\%, significantly outperforming existing state-of-the-art structured pruning methods. We also conduct post-training experiments to confirm that the \\textit{LaCo} effectively inherits the parameters of the original model. Additionally, we perform ablation studies on various settings of \\textit{LaCo}. Finally, we discuss our motivation from the perspective of layer-wise similarity and evaluate the performance of the pruned LLMs across various pruning ratios\\footnote{\\url{https://github.com/yangyifei729/LaCo}}.",
    "paper_type": "method",
    "attri": {
        "background": "Large language models (LLMs) based on transformers are expanding in size, leading to high costs in model training and inference. Existing methods like model quantization, knowledge distillation, and model pruning face limitations such as hardware support issues, extensive training requirements, and changes to the model's internal structure. This necessitates a new breakthrough for effective model size reduction.",
        "problem": {
            "definition": "The paper addresses the challenge of reducing the size of large language models while maintaining performance and structural integrity.",
            "key obstacle": "Current methods struggle with hardware limitations, extensive retraining needs, and structural alterations that hinder effective pruning."
        },
        "idea": {
            "intuition": "The idea is inspired by the observation of layer-wise similarity in large language models, suggesting that layers can be collapsed to reduce size without losing essential information.",
            "opinion": "The proposed method, Layer Collapse (LaCo), involves collapsing rear model layers into a prior layer to achieve significant size reduction while preserving performance.",
            "innovation": "LaCo distinguishes itself by enabling rapid model size reduction through layer-wise collapsing, which is a departure from traditional methods that often require extensive modifications."
        },
        "method": {
            "method name": "Layer Collapse",
            "method abbreviation": "LaCo",
            "method definition": "LaCo is a layer-wise structured pruning technique that collapses rear layers of a model into a preceding layer, effectively reducing its size.",
            "method description": "The core of LaCo is the layer-wise collapsing mechanism that simplifies the model structure while retaining its functionality.",
            "method steps": "1. Identify rear layers for collapsing. 2. Collapse these layers into the preceding layer. 3. Fine-tune the model if necessary to maintain performance.",
            "principle": "LaCo is effective because it leverages the inherent similarities between layers, allowing for a reduction in model size without significant loss of performance."
        },
        "experiments": {
            "evaluation setting": "Comprehensive experiments were conducted to assess the performance of LaCo across various pruning ratios, comparing it with state-of-the-art structured pruning methods.",
            "evaluation method": "The performance was measured by evaluating task performance metrics at pruning ratios of 25-30%, alongside post-training experiments to validate parameter inheritance."
        },
        "conclusion": "The experiments demonstrated that LaCo maintains an average task performance of over 80% at pruning ratios of 25-30%, significantly outperforming existing structured pruning methods.",
        "discussion": {
            "advantage": "LaCo offers a streamlined approach to model pruning that effectively reduces size while preserving performance, addressing key limitations of existing methods.",
            "limitation": "Potential challenges may arise in scenarios where layer-wise similarity is not as pronounced, which could affect the effectiveness of the collapsing strategy.",
            "future work": "Future research could explore enhancing the collapsing mechanism and investigating its applicability to other model architectures and tasks."
        },
        "other info": []
    },
    "mount_outline": [
        {
            "section number": "1.1",
            "key information": "Pruning is essential for reducing the size of large language models while maintaining performance and structural integrity."
        },
        {
            "section number": "2.2",
            "key information": "Existing methods for model compression, such as model quantization, knowledge distillation, and model pruning, face limitations like hardware support issues and extensive training requirements."
        },
        {
            "section number": "2.3",
            "key information": "The proposed method, Layer Collapse (LaCo), is a layer-wise structured pruning technique that collapses rear layers of a model into a preceding layer, effectively reducing its size."
        },
        {
            "section number": "3.1",
            "key information": "LaCo distinguishes itself by enabling rapid model size reduction through layer-wise collapsing, which is a departure from traditional methods."
        },
        {
            "section number": "4.1",
            "key information": "The evaluation of LaCo was conducted by assessing performance metrics at pruning ratios of 25-30%, comparing it with state-of-the-art structured pruning methods."
        },
        {
            "section number": "5.1",
            "key information": "LaCo maintains an average task performance of over 80% at pruning ratios of 25-30%, demonstrating a balance between reducing model size and maintaining accuracy."
        },
        {
            "section number": "6.1",
            "key information": "LaCo offers a streamlined approach to model pruning that effectively reduces size while preserving performance, addressing key limitations of existing methods."
        },
        {
            "section number": "6.3",
            "key information": "Future research could explore enhancing the collapsing mechanism and investigating its applicability to other model architectures and tasks."
        }
    ],
    "similarity_score": null,
    "image": null,
    "path": "/home/liudingyuan/code/SurveyX/code/SurveyX-main/outputs/t14/papers/LaCo_ Large language model pruning via layer collapse.json"
}