{
    "from": null,
    "scholar_id": null,
    "detail_id": null,
    "title": "Layer-adaptive sparsity for the magnitude-based pruning",
    "abstract": "Recent discoveries on neural network pruning reveal that, with a carefully chosen layerwise sparsity, a simple magnitude-based pruning achieves state-of-the-art tradeoff between sparsity and performance. However, without a clear consensus on\"how to choose,\"the layerwise sparsities are mostly selected algorithm-by-algorithm, often resorting to handcrafted heuristics or an extensive hyperparameter search. To fill this gap, we propose a novel importance score for global pruning, coined layer-adaptive magnitude-based pruning (LAMP) score; the score is a rescaled version of weight magnitude that incorporates the model-level $\\ell_2$ distortion incurred by pruning, and does not require any hyperparameter tuning or heavy computation. Under various image classification setups, LAMP consistently outperforms popular existing schemes for layerwise sparsity selection. Furthermore, we observe that LAMP continues to outperform baselines even in weight-rewinding setups, while the connectivity-oriented layerwise sparsity (the strongest baseline overall) performs worse than a simple global magnitude-based pruning in this case. Code: https://github.com/jaeho-lee/layer-adaptive-sparsity",
    "arxivid": "2010.07611v2",
    "bib_name": "Layer-adap123",
    "md_text": "# Layer-adaptive sparsity for the magnitude-based pruning\n\n\nabstract\n\nRecent discoveries on neural network pruning reveal that, with a carefully chosen layerwise sparsity, a simple magnitude-based pruning achieves state-of-the-art tradeoff between sparsity and performance. However, without a clear consensus on\"how to choose,\"the layerwise sparsities are mostly selected algorithm-by-algorithm, often resorting to handcrafted heuristics or an extensive hyperparameter search. To fill this gap, we propose a novel importance score for global pruning, coined layer-adaptive magnitude-based pruning (LAMP) score; the score is a rescaled version of weight magnitude that incorporates the model-level $\\ell_2$ distortion incurred by pruning, and does not require any hyperparameter tuning or heavy computation. Under various image classification setups, LAMP consistently outperforms popular existing schemes for layerwise sparsity selection. Furthermore, we observe that LAMP continues to outperform baselines even in weight-rewinding setups, while the connectivity-oriented layerwise sparsity (the strongest baseline overall) performs worse than a simple global magnitude-based pruning in this case. Code: https://github.com/jaeho-lee/layer-adaptive-sparsity",
    "paper_type": "method",
    "attri": null,
    "mount_outline": [
        {
            "section number": "1.1",
            "key information": "Pruning significantly enhances the efficiency of deep neural networks by reducing model size while maintaining performance."
        },
        {
            "section number": "1.2",
            "key information": "The survey will cover various aspects of neural network pruning, including techniques, impact, and recommendations for optimization."
        },
        {
            "section number": "2.2",
            "key information": "Model compression techniques, including pruning, play a crucial role in optimizing neural networks for deployment in resource-constrained environments."
        },
        {
            "section number": "2.3",
            "key information": "Pruning techniques are essential for improving the computational efficiency and performance of deep neural networks."
        },
        {
            "section number": "4.1",
            "key information": "Criteria for evaluating pruning methods include computational efficiency, accuracy retention, and the trade-offs involved."
        },
        {
            "section number": "5.1",
            "key information": "There exists a trade-off between reducing model size through pruning and maintaining accuracy, which is a critical consideration in model optimization."
        },
        {
            "section number": "6.1",
            "key information": "Best practices for neural network pruning involve systematic approaches to identify and eliminate redundant parameters."
        },
        {
            "section number": "6.2",
            "key information": "Challenges in neural network pruning include the risk of over-pruning, which can lead to a drop in model performance."
        }
    ],
    "similarity_score": null,
    "image": null,
    "path": "/home/liudingyuan/code/SurveyX/code/SurveyX-main/outputs/t14/papers/Layer-adaptive sparsity for the magnitude-based pruning.json"
}