{
    "from": null,
    "scholar_id": null,
    "detail_id": null,
    "title": "Learning both weights and connections for efficient neural network",
    "abstract": "Neural networks are both computationally intensive and memory intensive, making them difficult to deploy on embedded systems. Also, conventional networks fix the architecture before training starts; as a result, training cannot improve the architecture. To address these limitations, we describe a method to reduce the storage and computation required by neural networks by an order of magnitude without affecting their accuracy by learning only the important connections. Our method prunes redundant connections using a three-step method. First, we train the network to learn which connections are important. Next, we prune the unimportant connections. Finally, we retrain the network to fine tune the weights of the remaining connections. On the ImageNet dataset, our method reduced the number of parameters of AlexNet by a factor of 9x, from 61 million to 6.7 million, without incurring accuracy loss. Similar experiments with VGG-16 found that the number of parameters can be reduced by 13x, from 138 million to 10.3 million, again with no loss of accuracy.",
    "arxivid": "1506.02626v3",
    "bib_name": "Learningbo10",
    "md_text": "# Learning both weights and connections for efficient neural network\n\n\nabstract\n\nNeural networks are both computationally intensive and memory intensive, making them difficult to deploy on embedded systems. Also, conventional networks fix the architecture before training starts; as a result, training cannot improve the architecture. To address these limitations, we describe a method to reduce the storage and computation required by neural networks by an order of magnitude without affecting their accuracy by learning only the important connections. Our method prunes redundant connections using a three-step method. First, we train the network to learn which connections are important. Next, we prune the unimportant connections. Finally, we retrain the network to fine tune the weights of the remaining connections. On the ImageNet dataset, our method reduced the number of parameters of AlexNet by a factor of 9x, from 61 million to 6.7 million, without incurring accuracy loss. Similar experiments with VGG-16 found that the number of parameters can be reduced by 13x, from 138 million to 10.3 million, again with no loss of accuracy.",
    "paper_type": "method",
    "attri": {
        "background": "This paper addresses the issue of the computational and memory intensity of neural networks, which complicates their deployment on embedded systems. Previous methods have fixed network architectures before training, limiting improvements to the architecture during the training process. A new breakthrough is necessary to effectively reduce storage and computation requirements while maintaining accuracy.",
        "problem": {
            "definition": "The problem is the inefficiency of conventional neural networks in terms of computational and memory resources, which hinders their practical applications in embedded systems.",
            "key obstacle": "The core obstacle is the fixed nature of neural network architectures during training, preventing the optimization of connectivity and leading to unnecessary resource consumption."
        },
        "idea": {
            "intuition": "The idea is inspired by the observation that not all connections in a neural network are equally important and that pruning unimportant connections can lead to significant reductions in resource usage without sacrificing performance.",
            "opinion": "The proposed idea involves a method that learns to identify and prune unimportant connections in a neural network, thus optimizing its architecture dynamically during training.",
            "innovation": "The primary innovation lies in the three-step process of training, pruning, and retraining, which allows the network to adaptively learn which connections are critical, leading to a substantial reduction in parameters without accuracy loss."
        },
        "method": {
            "method name": "Learning both weights and connections",
            "method abbreviation": "LWC",
            "method definition": "The method reduces the storage and computation required by neural networks by identifying and retaining only the important connections through a systematic training and pruning process.",
            "method description": "The core of the method involves training the network to learn important connections, pruning the unimportant ones, and then retraining to fine-tune the remaining connections.",
            "method steps": [
                "Train the network to identify important connections.",
                "Prune the connections deemed unimportant.",
                "Retrain the network to adjust the weights of the remaining connections."
            ],
            "principle": "This method is effective because it allows for a dynamic adjustment of the network's architecture based on learned importance, which optimizes resource usage while preserving accuracy."
        },
        "experiments": {
            "evaluation setting": "Experiments were conducted on the ImageNet dataset, comparing the proposed method against conventional architectures like AlexNet and VGG-16.",
            "evaluation method": "The evaluation method involved measuring the number of parameters before and after applying the pruning technique and assessing the accuracy of the models post-optimization."
        },
        "conclusion": "The experiments demonstrated that the proposed method successfully reduced the number of parameters in AlexNet by a factor of 9x and VGG-16 by 13x without any loss in accuracy, showcasing its effectiveness in optimizing neural networks.",
        "discussion": {
            "advantage": "The key advantage of the proposed approach is its ability to significantly reduce the size and computational demands of neural networks while maintaining their accuracy, making them more suitable for embedded systems.",
            "limitation": "A limitation of the method may be the potential difficulty in generalizing the pruning approach to different network architectures or tasks beyond those tested.",
            "future work": "Future work could explore further optimizations in the pruning process, investigate the applicability of the method to a wider range of neural network architectures, and assess its performance in real-time applications."
        },
        "other info": []
    },
    "mount_outline": [
        {
            "section number": "1.1",
            "key information": "Pruning contributes to model efficiency and performance by reducing the computational and memory intensity of neural networks, which complicates their deployment on embedded systems."
        },
        {
            "section number": "2.2",
            "key information": "The proposed method, Learning both weights and connections (LWC), systematically reduces storage and computation by identifying and retaining only important connections in the neural network."
        },
        {
            "section number": "2.3",
            "key information": "The method involves a three-step process of training, pruning, and retraining, allowing the network to adaptively learn which connections are critical, enhancing efficiency and performance."
        },
        {
            "section number": "4.2",
            "key information": "The evaluation method involved measuring the number of parameters before and after applying the pruning technique and assessing the accuracy of the models post-optimization."
        },
        {
            "section number": "5.1",
            "key information": "The proposed method successfully reduced the number of parameters in AlexNet by a factor of 9x and VGG-16 by 13x without any loss in accuracy, demonstrating a balance between model size and accuracy."
        },
        {
            "section number": "6.1",
            "key information": "The method's advantage lies in its ability to significantly reduce the size and computational demands of neural networks while maintaining accuracy, making it suitable for embedded systems."
        },
        {
            "section number": "6.3",
            "key information": "Future work could explore further optimizations in the pruning process and assess the performance of the method across different network architectures."
        }
    ],
    "similarity_score": null,
    "image": null,
    "path": "/home/liudingyuan/code/SurveyX/code/SurveyX-main/outputs/t14/papers/Learning both weights and connections for efficient neural network.json"
}