{
    "from": null,
    "scholar_id": null,
    "detail_id": null,
    "title": "Learning structured sparsity in deep neural networks",
    "abstract": "High demand for computation resources severely hinders deployment of large-scale Deep Neural Networks (DNN) in resource constrained devices. In this work, we propose a Structured Sparsity Learning (SSL) method to regularize the structures (i.e., filters, channels, filter shapes, and layer depth) of DNNs. SSL can: (1) learn a compact structure from a bigger DNN to reduce computation cost; (2) obtain a hardware-friendly structured sparsity of DNN to efficiently accelerate the DNNs evaluation. Experimental results show that SSL achieves on average 5.1x and 3.1x speedups of convolutional layer computation of AlexNet against CPU and GPU, respectively, with off-the-shelf libraries. These speedups are about twice speedups of non-structured sparsity; (3) regularize the DNN structure to improve classification accuracy. The results show that for CIFAR-10, regularization on layer depth can reduce 20 layers of a Deep Residual Network (ResNet) to 18 layers while improve the accuracy from 91.25% to 92.60%, which is still slightly higher than that of original ResNet with 32 layers. For AlexNet, structure regularization by SSL also reduces the error by around ~1%. Open source code is in this https URL",
    "arxivid": "1608.03665v4",
    "bib_name": "Learningst46",
    "md_text": "# Learning structured sparsity in deep neural networks\n\n\nabstract\n\nHigh demand for computation resources severely hinders deployment of large-scale Deep Neural Networks (DNN) in resource constrained devices. In this work, we propose a Structured Sparsity Learning (SSL) method to regularize the structures (i.e., filters, channels, filter shapes, and layer depth) of DNNs. SSL can: (1) learn a compact structure from a bigger DNN to reduce computation cost; (2) obtain a hardware-friendly structured sparsity of DNN to efficiently accelerate the DNNs evaluation. Experimental results show that SSL achieves on average 5.1x and 3.1x speedups of convolutional layer computation of AlexNet against CPU and GPU, respectively, with off-the-shelf libraries. These speedups are about twice speedups of non-structured sparsity; (3) regularize the DNN structure to improve classification accuracy. The results show that for CIFAR-10, regularization on layer depth can reduce 20 layers of a Deep Residual Network (ResNet) to 18 layers while improve the accuracy from 91.25% to 92.60%, which is still slightly higher than that of original ResNet with 32 layers. For AlexNet, structure regularization by SSL also reduces the error by around ~1%. Open source code is in this https URL",
    "paper_type": "method",
    "attri": {
        "background": "High demand for computation resources severely hinders deployment of large-scale Deep Neural Networks (DNN) in resource constrained devices. Previous methods have not effectively addressed the need for both compactness and efficiency in DNN structures, highlighting the necessity for a new breakthrough.",
        "problem": {
            "definition": "The problem addressed in this paper is the inefficiency and high computational demand of large-scale DNNs when deployed on resource-constrained devices.",
            "key obstacle": "The core obstacle is the inability of existing methods to create a balance between model compactness and computational efficiency without sacrificing performance."
        },
        "idea": {
            "intuition": "The idea is inspired by the need to regularize the structures of DNNs to achieve both compactness and efficiency.",
            "opinion": "The proposed Structured Sparsity Learning (SSL) method regularizes various structures of DNNs, including filters, channels, filter shapes, and layer depth, to enhance performance in resource-constrained environments.",
            "innovation": "The primary innovation of SSL lies in its ability to achieve significant speedups in computation while simultaneously improving classification accuracy, surpassing the performance of existing non-structured sparsity methods."
        },
        "method": {
            "method name": "Structured Sparsity Learning",
            "method abbreviation": "SSL",
            "method definition": "SSL is a method that regularizes the structural components of DNNs to create a compact and efficient model suitable for deployment in resource-constrained settings.",
            "method description": "SSL learns a compact structure from a larger DNN to reduce computational costs and improve evaluation speed.",
            "method steps": "1. Identify the structural components of the DNN to be regularized; 2. Apply sparsity constraints to these components; 3. Train the DNN with the regularized structures; 4. Evaluate the performance and efficiency of the resulting model.",
            "principle": "The effectiveness of SSL in solving the problem is based on its ability to reduce unnecessary computational resources while maintaining or enhancing model accuracy through structured regularization."
        },
        "experiments": {
            "evaluation setting": "Experimental results were obtained using AlexNet and CIFAR-10 datasets, comparing SSL against CPU and GPU baseline methods.",
            "evaluation method": "Performance was assessed through speedup metrics for convolutional layer computation and classification accuracy improvements."
        },
        "conclusion": "The experimental results demonstrate that SSL achieves an average of 5.1x speedup on CPU and 3.1x on GPU for convolutional layers, while also improving classification accuracy for CIFAR-10, indicating the method's effectiveness and contribution to DNN deployment in constrained environments.",
        "discussion": {
            "advantage": "The key advantages of SSL include significant computational speedups and improved classification accuracy, making it suitable for resource-constrained devices.",
            "limitation": "The limitations of the method may include potential challenges in generalizing across different DNN architectures and tasks.",
            "future work": "Future research could focus on refining the SSL approach for broader applications and exploring its integration with other optimization techniques."
        },
        "other info": {
            "Open source code": "Available at the provided URL."
        }
    },
    "mount_outline": [
        {
            "section number": "1.1",
            "key information": "The problem addressed in this paper is the inefficiency and high computational demand of large-scale DNNs when deployed on resource-constrained devices."
        },
        {
            "section number": "1.2",
            "key information": "This survey will cover the necessity for a breakthrough in compactness and efficiency in DNN structures."
        },
        {
            "section number": "2.2",
            "key information": "SSL is a method that regularizes the structural components of DNNs to create a compact and efficient model suitable for deployment in resource-constrained settings."
        },
        {
            "section number": "2.3",
            "key information": "The proposed Structured Sparsity Learning (SSL) method regularizes various structures of DNNs, including filters, channels, filter shapes, and layer depth, to enhance performance in resource-constrained environments."
        },
        {
            "section number": "3.1",
            "key information": "The primary innovation of SSL lies in its ability to achieve significant speedups in computation while simultaneously improving classification accuracy, surpassing the performance of existing non-structured sparsity methods."
        },
        {
            "section number": "5.2",
            "key information": "The experimental results demonstrate that SSL achieves an average of 5.1x speedup on CPU and 3.1x on GPU for convolutional layers."
        },
        {
            "section number": "6.1",
            "key information": "The key advantages of SSL include significant computational speedups and improved classification accuracy, making it suitable for resource-constrained devices."
        },
        {
            "section number": "6.3",
            "key information": "Future research could focus on refining the SSL approach for broader applications and exploring its integration with other optimization techniques."
        }
    ],
    "similarity_score": null,
    "image": null,
    "path": "/home/liudingyuan/code/SurveyX/code/SurveyX-main/outputs/t14/papers/Learning structured sparsity in deep neural networks.json"
}