{
    "from": null,
    "scholar_id": null,
    "detail_id": null,
    "title": "Learning efficient convolutional networks through network slimming",
    "abstract": "The deployment of deep convolutional neural networks (CNNs) in many real world applications is largely hindered by their high computational cost. In this paper, we propose a novel learning scheme for CNNs to simultaneously 1) reduce the model size; 2) decrease the run-time memory footprint; and 3) lower the number of computing operations, without compromising accuracy. This is achieved by enforcing channel-level sparsity in the network in a simple but effective way. Different from many existing approaches, the proposed method directly applies to modern CNN architectures, introduces minimum overhead to the training process, and requires no special software/hardware accelerators for the resulting models. We call our approach network slimming, which takes wide and large networks as input models, but during training insignificant channels are automatically identified and pruned afterwards, yielding thin and compact models with comparable accuracy. We empirically demonstrate the effectiveness of our approach with several state-of-the-art CNN models, including VGGNet, ResNet and DenseNet, on various image classification datasets. For VGGNet, a multi-pass version of network slimming gives a 20\u00d7 reduction in model size and a 5\u00d7 reduction in computing operations.",
    "arxivid": "1708.06519v1",
    "bib_name": "Learningef45",
    "md_text": "# Learning efficient convolutional networks through network slimming\n\n\nabstract\n\nThe deployment of deep convolutional neural networks (CNNs) in many real world applications is largely hindered by their high computational cost. In this paper, we propose a novel learning scheme for CNNs to simultaneously 1) reduce the model size; 2) decrease the run-time memory footprint; and 3) lower the number of computing operations, without compromising accuracy. This is achieved by enforcing channel-level sparsity in the network in a simple but effective way. Different from many existing approaches, the proposed method directly applies to modern CNN architectures, introduces minimum overhead to the training process, and requires no special software/hardware accelerators for the resulting models. We call our approach network slimming, which takes wide and large networks as input models, but during training insignificant channels are automatically identified and pruned afterwards, yielding thin and compact models with comparable accuracy. We empirically demonstrate the effectiveness of our approach with several state-of-the-art CNN models, including VGGNet, ResNet and DenseNet, on various image classification datasets. For VGGNet, a multi-pass version of network slimming gives a 20\u00d7 reduction in model size and a 5\u00d7 reduction in computing operations.",
    "paper_type": "method",
    "attri": {
        "background": "The deployment of deep convolutional neural networks (CNNs) in many real world applications is largely hindered by their high computational cost. Previous methods have attempted to reduce the size and complexity of CNNs, but they often compromise accuracy or require special hardware.",
        "problem": {
            "definition": "The problem addressed in this paper is the high computational cost associated with deploying deep CNNs, which limits their usability in practical applications.",
            "key obstacle": "The main difficulty is that existing methods for reducing model size and complexity often lead to a significant loss in accuracy or require specialized hardware."
        },
        "idea": {
            "intuition": "The idea is inspired by the need for efficient CNNs that do not sacrifice accuracy while reducing computational costs.",
            "opinion": "The proposed idea, network slimming, involves enforcing channel-level sparsity in CNNs, allowing for the identification and pruning of insignificant channels to create compact models.",
            "innovation": "The key innovation of this method is its direct applicability to modern CNN architectures with minimal overhead during training, contrasting with many existing approaches that require complex modifications or special accelerators."
        },
        "method": {
            "method name": "Network Slimming",
            "method abbreviation": "NS",
            "method definition": "Network slimming is a learning scheme that reduces the size and computational requirements of CNNs by enforcing channel-level sparsity and pruning insignificant channels.",
            "method description": "The core of the method involves training wide CNNs and subsequently pruning channels that do not significantly contribute to accuracy.",
            "method steps": "1) Train a wide CNN model; 2) Identify insignificant channels; 3) Prune the identified channels to create a slimmed-down model.",
            "principle": "This method is effective because it focuses on channel-level sparsity, allowing for a reduction in model size and computational operations without sacrificing accuracy."
        },
        "experiments": {
            "evaluation setting": "The experiments were conducted using several state-of-the-art CNN models, including VGGNet, ResNet, and DenseNet, on various image classification datasets.",
            "evaluation method": "The performance of the method was assessed by comparing the model size, run-time memory footprint, and number of computing operations before and after applying network slimming."
        },
        "conclusion": "The experiments demonstrate that network slimming effectively reduces model size and computational requirements while maintaining comparable accuracy, achieving a 20\u00d7 reduction in model size and a 5\u00d7 reduction in computing operations for VGGNet.",
        "discussion": {
            "advantage": "The key advantages of network slimming include significant reductions in model size and computational costs without compromising accuracy, and its applicability to modern CNN architectures.",
            "limitation": "A potential limitation is that the method may not be as effective for all types of CNN architectures or datasets, and the pruning process may require careful tuning.",
            "future work": "Future research could explore optimizing the pruning strategy further and extending the method to other neural network architectures beyond CNNs."
        },
        "other info": {}
    },
    "mount_outline": [
        {
            "section number": "1.1",
            "key information": "Pruning contributes to model efficiency and performance by reducing the size and computational requirements of deep convolutional neural networks (CNNs) without sacrificing accuracy."
        },
        {
            "section number": "2.2",
            "key information": "Network slimming is a learning scheme that reduces the size and computational requirements of CNNs by enforcing channel-level sparsity and pruning insignificant channels."
        },
        {
            "section number": "2.3",
            "key information": "The core principle of network slimming focuses on channel-level sparsity, allowing for a reduction in model size and computational operations without sacrificing accuracy."
        },
        {
            "section number": "3.2",
            "key information": "Network slimming represents a novel pruning approach that allows for the identification and pruning of insignificant channels to create compact models."
        },
        {
            "section number": "4.1",
            "key information": "The evaluation of network slimming includes criteria such as model size reduction, run-time memory footprint, and the number of computing operations before and after applying the method."
        },
        {
            "section number": "5.1",
            "key information": "Network slimming achieves a 20\u00d7 reduction in model size and a 5\u00d7 reduction in computing operations while maintaining comparable accuracy."
        },
        {
            "section number": "6.1",
            "key information": "Implementing network slimming provides a strategy to effectively prune CNNs while ensuring that accuracy is not compromised."
        },
        {
            "section number": "6.3",
            "key information": "Future research could explore optimizing the pruning strategy further and extending network slimming to other neural network architectures beyond CNNs."
        }
    ],
    "similarity_score": null,
    "image": null,
    "path": "/home/liudingyuan/code/SurveyX/code/SurveyX-main/outputs/t14/papers/Learning efficient convolutional networks through network slimming.json"
}