{
    "from": null,
    "scholar_id": null,
    "detail_id": null,
    "title": "Learning bayesian sparse networks with full experience replay for continual learning",
    "abstract": "Continual Learning (CL) methods aim to enable machine learning models to learn new tasks without catastrophic forgetting of those that have been previously mastered. Existing CL approaches often keep a buffer of previously-seen samples, perform knowledge distillation, or use regularization techniques towards this goal. Despite their performance, they still suffer from interference across tasks which leads to catastrophic forgetting. To ameliorate this problem, we propose to only activate and select sparse neurons for learning current and past tasks at any stage. More parameters space and model capacity can thus be reserved for the future tasks. This minimizes the interference between parameters for different tasks. To do so, we propose a Sparse neural Network for Continual Learning (SNCL), which employs variational Bayesian sparsity priors on the activations of the neurons in all layers. Full Experience Replay (FER) provides effective supervision in learning the sparse activations of the neurons in different layers. A loss-aware reservoir-sampling strategy is developed to maintain the memory buffer. The proposed method is agnostic as to the network structures and the task boundaries. Experiments on different datasets show that SNCL achieves state-of-the-art result for mitigating forgetting.",
    "arxivid": "2202.10203v1",
    "bib_name": "Learningba173",
    "md_text": "# Learning bayesian sparse networks with full experience replay for continual learning\n\n\nabstract\n\nContinual Learning (CL) methods aim to enable machine learning models to learn new tasks without catastrophic forgetting of those that have been previously mastered. Existing CL approaches often keep a buffer of previously-seen samples, perform knowledge distillation, or use regularization techniques towards this goal. Despite their performance, they still suffer from interference across tasks which leads to catastrophic forgetting. To ameliorate this problem, we propose to only activate and select sparse neurons for learning current and past tasks at any stage. More parameters space and model capacity can thus be reserved for the future tasks. This minimizes the interference between parameters for different tasks. To do so, we propose a Sparse neural Network for Continual Learning (SNCL), which employs variational Bayesian sparsity priors on the activations of the neurons in all layers. Full Experience Replay (FER) provides effective supervision in learning the sparse activations of the neurons in different layers. A loss-aware reservoir-sampling strategy is developed to maintain the memory buffer. The proposed method is agnostic as to the network structures and the task boundaries. Experiments on different datasets show that SNCL achieves state-of-the-art result for mitigating forgetting.",
    "paper_type": "method",
    "attri": {
        "background": "This paper addresses the issue of catastrophic forgetting in Continual Learning (CL) methods, which aim to enable machine learning models to learn new tasks without forgetting previously mastered ones. Existing CL approaches often rely on sample buffers, knowledge distillation, or regularization techniques but still face interference across tasks, necessitating a new breakthrough.",
        "problem": {
            "definition": "The problem is the challenge of catastrophic forgetting in machine learning models when learning new tasks sequentially.",
            "key obstacle": "The main difficulty is the interference between parameters for different tasks, which leads to the model forgetting previously learned information."
        },
        "idea": {
            "intuition": "The idea is inspired by the observation that selectively activating and selecting sparse neurons for learning can minimize interference and reserve model capacity for future tasks.",
            "opinion": "The proposed idea involves using a Sparse Neural Network for Continual Learning (SNCL) that employs variational Bayesian sparsity priors to manage neuron activations.",
            "innovation": "The primary innovation is the combination of sparse neuron activation with Full Experience Replay (FER), which allows for effective supervision while minimizing task interference."
        },
        "method": {
            "method name": "Sparse Neural Network for Continual Learning",
            "method abbreviation": "SNCL",
            "method definition": "SNCL is a method that utilizes variational Bayesian sparsity priors on neuron activations across all layers to facilitate continual learning without catastrophic forgetting.",
            "method description": "The method focuses on activating sparse neurons for current and past tasks while managing a memory buffer for experience replay.",
            "method steps": "1. Activate and select sparse neurons for current tasks. 2. Use Full Experience Replay to supervise learning. 3. Implement a loss-aware reservoir-sampling strategy for memory management.",
            "principle": "The effectiveness of this method lies in its ability to minimize interference between tasks by reserving parameter space and model capacity for future tasks."
        },
        "experiments": {
            "evaluation setting": "Experiments were conducted on various datasets to evaluate the performance of SNCL against baseline methods.",
            "evaluation method": "The performance was assessed by measuring the ability of the model to retain knowledge of previous tasks while learning new ones, analyzing results through standard metrics."
        },
        "conclusion": "The experiments demonstrate that SNCL achieves state-of-the-art results in mitigating catastrophic forgetting, showcasing its effectiveness in continual learning scenarios.",
        "discussion": {
            "advantage": "The key advantage of SNCL is its ability to reduce interference between tasks, allowing for better retention of previously learned information.",
            "limitation": "One limitation is that the method's effectiveness may vary depending on the specific architecture and task boundaries.",
            "future work": "Future research could explore enhancing the method's adaptability to different network structures and improving the efficiency of the memory management strategy."
        },
        "other info": []
    },
    "mount_outline": [
        {
            "section number": "1.1",
            "key information": "Pruning in the context of deep neural networks contributes to model efficiency and performance, allowing models to learn new tasks without forgetting previously mastered ones."
        },
        {
            "section number": "2.1",
            "key information": "Deep neural networks play a critical role in modern AI, and the proposed Sparse Neural Network for Continual Learning (SNCL) leverages these networks to address the challenge of catastrophic forgetting."
        },
        {
            "section number": "2.3",
            "key information": "The SNCL method utilizes variational Bayesian sparsity priors to manage neuron activations, which enhances the efficiency of neural networks by minimizing interference between tasks."
        },
        {
            "section number": "4.1",
            "key information": "The evaluation of SNCL is based on its ability to retain knowledge of previous tasks while learning new ones, which serves as a criterion for comparing pruning methods in terms of knowledge retention."
        },
        {
            "section number": "5.1",
            "key information": "SNCL demonstrates a trade-off between model size and accuracy by reducing interference, thereby allowing for better retention of previously learned information while managing model capacity."
        },
        {
            "section number": "6.1",
            "key information": "Best practices in neural network pruning could include the selective activation of sparse neurons and employing Full Experience Replay to supervise learning effectively."
        },
        {
            "section number": "6.3",
            "key information": "Future work could explore enhancing the adaptability of pruning methods like SNCL to different network structures and improving memory management strategies."
        }
    ],
    "similarity_score": null,
    "image": null,
    "path": "/home/liudingyuan/code/SurveyX/code/SurveyX-main/outputs/t14/papers/Learning bayesian sparse networks with full experience replay for continual learning.json"
}