{
    "from": null,
    "scholar_id": null,
    "detail_id": null,
    "title": "Linear mode connectivity and the lottery ticket hypothesis",
    "abstract": "We study whether a neural network optimizes to the same, linearly connected minimum under different samples of SGD noise (e.g., random data order and augmentation). We find that standard vision models become stable to SGD noise in this way early in training. From then on, the outcome of optimization is determined to a linearly connected region. We use this technique to study iterative magnitude pruning (IMP), the procedure used by work on the lottery ticket hypothesis to identify subnetworks that could have trained in isolation to full accuracy. We find that these subnetworks only reach full accuracy when they are stable to SGD noise, which either occurs at initialization for small-scale settings (MNIST) or early in training for large-scale settings (ResNet-50 and Inception-v3 on ImageNet).",
    "arxivid": "1912.05671v4",
    "bib_name": "Linearmode112",
    "md_text": "# Linear mode connectivity and the lottery ticket hypothesis\n\n\nabstract\n\nWe study whether a neural network optimizes to the same, linearly connected minimum under different samples of SGD noise (e.g., random data order and augmentation). We find that standard vision models become stable to SGD noise in this way early in training. From then on, the outcome of optimization is determined to a linearly connected region. We use this technique to study iterative magnitude pruning (IMP), the procedure used by work on the lottery ticket hypothesis to identify subnetworks that could have trained in isolation to full accuracy. We find that these subnetworks only reach full accuracy when they are stable to SGD noise, which either occurs at initialization for small-scale settings (MNIST) or early in training for large-scale settings (ResNet-50 and Inception-v3 on ImageNet).",
    "paper_type": "method",
    "attri": {
        "background": "This paper addresses the issue of whether neural networks optimize to the same, linearly connected minimum under different samples of SGD noise, highlighting the stability of standard vision models to such noise early in training.",
        "problem": {
            "definition": "The problem defined in this paper is the optimization behavior of neural networks under varying conditions of stochastic gradient descent (SGD) noise, particularly in relation to achieving stable minima.",
            "key obstacle": "The core obstacle is understanding how SGD noise affects the convergence of neural networks and whether subnetworks identified through iterative magnitude pruning can achieve full accuracy."
        },
        "idea": {
            "intuition": "The intuition behind the proposed idea is that neural networks may stabilize to a linearly connected region in their loss landscape when exposed to SGD noise, which can influence the training outcomes.",
            "opinion": "The proposed idea entails studying the stability of subnetworks under SGD noise and determining their ability to achieve full accuracy based on this stability.",
            "innovation": "The primary innovation of this method lies in demonstrating that subnetworks reach full accuracy only when they are stable to SGD noise, which is a new perspective on the lottery ticket hypothesis."
        },
        "method": {
            "method name": "Linear Mode Connectivity",
            "method abbreviation": "LMC",
            "method definition": "Linear Mode Connectivity is a technique that analyzes the stability of neural network optimizations in relation to SGD noise and its impact on subnetworks identified through iterative magnitude pruning.",
            "method description": "This method investigates the linear connectivity of minima in neural networks and their behavior under varying SGD noise conditions.",
            "method steps": [
                "Analyze the optimization paths of neural networks under different SGD noise conditions.",
                "Identify subnetworks using iterative magnitude pruning.",
                "Evaluate the stability of these subnetworks to SGD noise during training."
            ],
            "principle": "The effectiveness of this method is supported by the observation that stability to SGD noise allows subnetworks to reach full accuracy, revealing a deeper understanding of their optimization landscape."
        },
        "experiments": {
            "evaluation setting": "The experiments were conducted using standard vision models such as ResNet-50 and Inception-v3 on the ImageNet dataset, as well as MNIST for small-scale settings.",
            "evaluation method": "The performance of the method was assessed by measuring the accuracy of subnetworks identified through iterative magnitude pruning and their stability to SGD noise during training."
        },
        "conclusion": "The outcomes indicate that subnetworks can achieve full accuracy only when they are stable to SGD noise, highlighting the importance of this stability in the context of the lottery ticket hypothesis.",
        "discussion": {
            "advantage": "The key advantage of the proposed approach is its ability to provide insights into the stability of neural networks under varying conditions, which can enhance understanding of their optimization processes.",
            "limitation": "A limitation of this method may be its reliance on specific datasets and model architectures, which could restrict generalizability.",
            "future work": "Future research could explore the implications of linear mode connectivity across different architectures and datasets, as well as its potential applications in improving training strategies."
        },
        "other info": []
    },
    "mount_outline": [
        {
            "section number": "1.1",
            "key information": "The paper highlights the stability of standard vision models to SGD noise early in training, which contributes to the efficiency and performance of neural networks."
        },
        {
            "section number": "2.3",
            "key information": "The paper defines Linear Mode Connectivity as a technique that analyzes the stability of neural network optimizations in relation to SGD noise and its impact on subnetworks identified through iterative magnitude pruning."
        },
        {
            "section number": "3.1",
            "key information": "The paper discusses how subnetworks identified through iterative magnitude pruning can achieve full accuracy when they are stable to SGD noise, which relates to structured and unstructured pruning approaches."
        },
        {
            "section number": "4.2",
            "key information": "The paper evaluates the performance of subnetworks identified through iterative magnitude pruning by measuring their accuracy and stability to SGD noise during training."
        },
        {
            "section number": "5.3",
            "key information": "The outcomes of the paper indicate that the stability of subnetworks to SGD noise is crucial for achieving full accuracy, thus impacting overall model performance."
        },
        {
            "section number": "6.3",
            "key information": "Future research could explore the implications of linear mode connectivity across different architectures and datasets, as well as its potential applications in improving training strategies."
        }
    ],
    "similarity_score": null,
    "image": null,
    "path": "/home/liudingyuan/code/SurveyX/code/SurveyX-main/outputs/t14/papers/Linear mode connectivity and the lottery ticket hypothesis.json"
}