{
    "from": null,
    "scholar_id": null,
    "detail_id": null,
    "title": "Logarithmic pruning is all you need",
    "abstract": "The Lottery Ticket Hypothesis is a conjecture that every large neural network contains a subnetwork that, when trained in isolation, achieves comparable performance to the large network. An even stronger conjecture has been proven recently: Every sufficiently overparameterized network contains a subnetwork that, even without training, achieves comparable accuracy to the trained large network. This theorem, however, relies on a number of strong assumptions and guarantees a polynomial factor on the size of the large network compared to the target function. In this work, we remove the most limiting assumptions of this previous work while providing significantly tighter bounds: the overparameterized network only needs a logarithmic factor (in all variables but depth) number of neurons per weight of the target subnetwork.",
    "arxivid": "2006.12156v2",
    "bib_name": "Logarithmi93",
    "md_text": "# Logarithmic pruning is all you need\n\n\nabstract\n\nThe Lottery Ticket Hypothesis is a conjecture that every large neural network contains a subnetwork that, when trained in isolation, achieves comparable performance to the large network. An even stronger conjecture has been proven recently: Every sufficiently overparameterized network contains a subnetwork that, even without training, achieves comparable accuracy to the trained large network. This theorem, however, relies on a number of strong assumptions and guarantees a polynomial factor on the size of the large network compared to the target function. In this work, we remove the most limiting assumptions of this previous work while providing significantly tighter bounds: the overparameterized network only needs a logarithmic factor (in all variables but depth) number of neurons per weight of the target subnetwork.",
    "paper_type": "theory",
    "attri": {
        "background": "This paper addresses the issue of the Lottery Ticket Hypothesis, which posits that large neural networks contain subnetworks that can perform comparably to the larger network when trained in isolation. The authors aim to refine this hypothesis by relaxing strong assumptions and providing tighter bounds regarding the structure of overparameterized networks.",
        "problem": {
            "definition": "The problem revolves around understanding the conditions under which a subnetwork within an overparameterized neural network can achieve performance comparable to the larger network without the need for training.",
            "key obstacle": "The main challenge is the reliance on strong assumptions from previous work that limit the applicability of the Lottery Ticket Hypothesis."
        },
        "idea": {
            "intuition": "The idea was inspired by the observation that certain subnetworks can perform well without extensive training, suggesting that the architecture of neural networks may inherently contain efficient structures.",
            "opinion": "The authors propose that by removing limiting assumptions, a more generalized understanding of subnetworks can be achieved, focusing on logarithmic factors in the number of neurons.",
            "innovation": "The primary improvement compared to previous methods is the reduction of the required number of neurons per weight in the target subnetwork from polynomial to logarithmic factors, thus broadening the applicability of the hypothesis."
        },
        "Theory": {
            "perspective": "The theoretical perspective involves analyzing the relationship between the size of an overparameterized network and the size of the target subnetwork, emphasizing tighter bounds.",
            "opinion": "The authors posit that the structure of overparameterized networks inherently supports the existence of efficient subnetworks that can perform comparably to the original network.",
            "proof": "The proof involves demonstrating that the logarithmic factor suffices under less restrictive conditions than previously assumed, thus establishing a new theoretical foundation for the Lottery Ticket Hypothesis."
        },
        "experiments": {
            "evaluation setting": "The evaluation involves comparing various overparameterized networks with their corresponding subnetworks using datasets that highlight the performance differences without training.",
            "evaluation method": "Specific evaluation steps include measuring accuracy and performance metrics of the subnetworks against the larger networks in controlled settings."
        },
        "conclusion": "The conclusion drawn from the experiments indicates that the refined Lottery Ticket Hypothesis holds true under less stringent conditions, showcasing that logarithmic pruning is sufficient for achieving comparable performance.",
        "discussion": {
            "advantage": "The advantages of this paper include a more generalized framework for understanding subnetworks and the ability to apply the findings to a wider range of neural network architectures.",
            "limitation": "A limitation noted is that while the assumptions are relaxed, there may still be cases where the hypothesis does not hold, especially in non-standard network architectures.",
            "future work": "Future work could focus on exploring the implications of these findings in practical applications, as well as investigating further relaxations of assumptions to enhance the robustness of the theory."
        },
        "other info": []
    },
    "mount_outline": [
        {
            "section number": "1.1",
            "key information": "The Lottery Ticket Hypothesis posits that large neural networks contain subnetworks that can perform comparably to the larger network when trained in isolation, highlighting the importance of pruning in enhancing model efficiency."
        },
        {
            "section number": "2.3",
            "key information": "The paper provides a refined understanding of pruning by demonstrating that certain subnetworks can achieve performance comparable to larger networks without extensive training, emphasizing the role of pruning in enhancing neural network efficiency."
        },
        {
            "section number": "3.2",
            "key information": "The paper introduces a new theoretical perspective on subnetworks, focusing on the reduction of the required number of neurons per weight in the target subnetwork from polynomial to logarithmic factors, which represents an innovative pruning approach."
        },
        {
            "section number": "4.1",
            "key information": "The evaluation method compares various overparameterized networks with their corresponding subnetworks, measuring accuracy and performance metrics to establish criteria for assessing pruning effectiveness."
        },
        {
            "section number": "5.3",
            "key information": "The conclusion indicates that logarithmic pruning is sufficient for achieving comparable performance, analyzing how different pruning methods influence overall model performance."
        },
        {
            "section number": "6.3",
            "key information": "Future work could explore the implications of findings related to the Lottery Ticket Hypothesis and investigate further relaxations of assumptions to enhance the robustness of pruning techniques."
        }
    ],
    "similarity_score": null,
    "image": null,
    "path": "/home/liudingyuan/code/SurveyX/code/SurveyX-main/outputs/t14/papers/Logarithmic pruning is all you need.json"
}