{
    "from": null,
    "scholar_id": null,
    "detail_id": null,
    "title": "LoSparse: Structured compression of large language models based on low-rank and sparse approximation",
    "abstract": "Transformer models have achieved remarkable results in various natural language tasks, but they are often prohibitively large, requiring massive memories and computational resources. To reduce the size and complexity of these models, we propose LoSparse (Low-Rank and Sparse approximation), a novel model compression technique that approximates a weight matrix by the sum of a low-rank matrix and a sparse matrix. Our method combines the advantages of both low-rank approximations and pruning, while avoiding their limitations. Low-rank approximation compresses the coherent and expressive parts in neurons, while pruning removes the incoherent and non-expressive parts in neurons. Pruning enhances the diversity of low-rank approximations, and low-rank approximation prevents pruning from losing too many expressive neurons. We evaluate our method on natural language understanding, question answering, and natural language generation tasks. We show that it significantly outperforms existing compression methods.",
    "arxivid": "2306.11222v2",
    "bib_name": "LoSparse:S164",
    "md_text": "# LoSparse: Structured compression of large language models based on low-rank and sparse approximation\n\n\nabstract\n\nTransformer models have achieved remarkable results in various natural language tasks, but they are often prohibitively large, requiring massive memories and computational resources. To reduce the size and complexity of these models, we propose LoSparse (Low-Rank and Sparse approximation), a novel model compression technique that approximates a weight matrix by the sum of a low-rank matrix and a sparse matrix. Our method combines the advantages of both low-rank approximations and pruning, while avoiding their limitations. Low-rank approximation compresses the coherent and expressive parts in neurons, while pruning removes the incoherent and non-expressive parts in neurons. Pruning enhances the diversity of low-rank approximations, and low-rank approximation prevents pruning from losing too many expressive neurons. We evaluate our method on natural language understanding, question answering, and natural language generation tasks. We show that it significantly outperforms existing compression methods.",
    "paper_type": "method",
    "attri": {
        "background": "Transformer models have achieved remarkable results in various natural language tasks, but they are often prohibitively large, requiring massive memories and computational resources. To reduce the size and complexity of these models, a new breakthrough is necessary to make further progress.",
        "problem": {
            "definition": "The problem addressed in this paper is the excessive size and complexity of transformer models, which hinders their deployment and efficiency in various applications.",
            "key obstacle": "The main difficulty is that existing methods either focus on low-rank approximations or pruning, but do not effectively combine these approaches to maintain model expressiveness while reducing size."
        },
        "idea": {
            "intuition": "The idea was inspired by the observation that low-rank approximations can capture coherent parts of weight matrices, while pruning can enhance model diversity by removing non-expressive components.",
            "opinion": "LoSparse proposes a novel compression technique that approximates weight matrices as the sum of a low-rank matrix and a sparse matrix, effectively combining the strengths of both methods.",
            "innovation": "The primary difference between LoSparse and existing approaches is its dual focus on both low-rank approximation and pruning, allowing for a more effective model compression without losing critical expressive capabilities."
        },
        "method": {
            "method name": "LoSparse",
            "method abbreviation": "LS",
            "method definition": "LoSparse is a model compression technique that approximates a weight matrix by combining a low-rank matrix with a sparse matrix to enhance efficiency while preserving expressiveness.",
            "method description": "LoSparse effectively reduces the complexity of transformer models by leveraging both low-rank and sparse approximations.",
            "method steps": "1. Identify the weight matrix to be compressed. 2. Apply low-rank approximation to capture coherent parts. 3. Apply pruning to remove non-expressive components. 4. Combine both results to form the final compressed matrix.",
            "principle": "This method is effective because it maintains the essential expressiveness of the model while significantly reducing its size and computational requirements."
        },
        "experiments": {
            "evaluation setting": "The method was evaluated on natural language understanding, question answering, and natural language generation tasks, comparing its performance against existing compression methods.",
            "evaluation method": "The performance of LoSparse was assessed by measuring its effectiveness in maintaining accuracy while reducing model size, using standard benchmarks for comparison."
        },
        "conclusion": "The experiments demonstrate that LoSparse significantly outperforms existing compression techniques, providing a viable solution for reducing the size and complexity of transformer models without sacrificing performance.",
        "discussion": {
            "advantage": "The key advantages of LoSparse include its ability to effectively combine low-rank approximation and pruning, leading to enhanced model efficiency while preserving expressiveness.",
            "limitation": "One limitation of the method may be its dependency on the specific characteristics of the weight matrices being compressed, which could affect its generalizability across different models.",
            "future work": "Future research could explore optimizing the balance between low-rank and sparse components further, as well as applying the LoSparse technique to other types of neural networks."
        },
        "other info": []
    },
    "mount_outline": [
        {
            "section number": "1.1",
            "key information": "Pruning contributes to model efficiency and performance by reducing the size and complexity of transformer models."
        },
        {
            "section number": "2.2",
            "key information": "LoSparse is a model compression technique that combines low-rank approximation and pruning to enhance efficiency while preserving expressiveness."
        },
        {
            "section number": "2.3",
            "key information": "The main difficulty in existing pruning methods is that they do not effectively combine low-rank approximations and pruning while maintaining model expressiveness."
        },
        {
            "section number": "3.1",
            "key information": "LoSparse leverages both low-rank and sparse approximations, representing a hybrid approach to model compression."
        },
        {
            "section number": "4.1",
            "key information": "The evaluation of LoSparse involved measuring its effectiveness in maintaining accuracy while reducing model size, using standard benchmarks for comparison."
        },
        {
            "section number": "5.1",
            "key information": "The experiments demonstrate that LoSparse significantly outperforms existing compression techniques, providing a viable solution for reducing size without sacrificing performance."
        },
        {
            "section number": "6.1",
            "key information": "Best practices for implementing LoSparse include balancing low-rank and sparse components to optimize model compression."
        },
        {
            "section number": "6.3",
            "key information": "Future research could explore optimizing the balance between low-rank and sparse components further, as well as applying the LoSparse technique to other types of neural networks."
        }
    ],
    "similarity_score": null,
    "image": null,
    "path": "/home/liudingyuan/code/SurveyX/code/SurveyX-main/outputs/t14/papers/LoSparse_ Structured compression of large language models based on low-rank and sparse approximation.json"
}