{
    "from": null,
    "scholar_id": null,
    "detail_id": null,
    "title": "Lottery ticket preserves weight correlation: Is it desirable or not?\" in ICML",
    "abstract": "In deep model compression, the recent finding\"Lottery Ticket Hypothesis\"(LTH) (Frankle&Carbin, 2018) pointed out that there could exist a winning ticket (i.e., a properly pruned sub-network together with original weight initialization) that can achieve competitive performance than the original dense network. However, it is not easy to observe such winning property in many scenarios, where for example, a relatively large learning rate is used even if it benefits training the original dense model. In this work, we investigate the underlying condition and rationale behind the winning property, and find that the underlying reason is largely attributed to the correlation between initialized weights and final-trained weights when the learning rate is not sufficiently large. Thus, the existence of winning property is correlated with an insufficient DNN pretraining, and is unlikely to occur for a well-trained DNN. To overcome this limitation, we propose the\"pruning&fine-tuning\"method that consistently outperforms lottery ticket sparse training under the same pruning algorithm and the same total training epochs. Extensive experiments over multiple deep models (VGG, ResNet, MobileNet-v2) on different datasets have been conducted to justify our proposals.",
    "arxivid": "2409.05211v1",
    "bib_name": "Lotterytic101",
    "md_text": "# Lottery ticket preserves weight correlation: Is it desirable or not?\" in ICML\n\n\nabstract\n\nIn deep model compression, the recent finding\"Lottery Ticket Hypothesis\"(LTH) (Frankle&Carbin, 2018) pointed out that there could exist a winning ticket (i.e., a properly pruned sub-network together with original weight initialization) that can achieve competitive performance than the original dense network. However, it is not easy to observe such winning property in many scenarios, where for example, a relatively large learning rate is used even if it benefits training the original dense model. In this work, we investigate the underlying condition and rationale behind the winning property, and find that the underlying reason is largely attributed to the correlation between initialized weights and final-trained weights when the learning rate is not sufficiently large. Thus, the existence of winning property is correlated with an insufficient DNN pretraining, and is unlikely to occur for a well-trained DNN. To overcome this limitation, we propose the\"pruning&fine-tuning\"method that consistently outperforms lottery ticket sparse training under the same pruning algorithm and the same total training epochs. Extensive experiments over multiple deep models (VGG, ResNet, MobileNet-v2) on different datasets have been conducted to justify our proposals.",
    "paper_type": "method",
    "attri": {
        "background": "This paper addresses the issue of deep model compression and the Lottery Ticket Hypothesis (LTH), which suggests that a winning ticket, a pruned sub-network with original weight initialization, can perform competitively compared to the original dense network. However, the winning property is difficult to observe in many scenarios, particularly with large learning rates.",
        "problem": {
            "definition": "The problem is the difficulty in observing the winning property of pruned sub-networks in various training scenarios, especially when large learning rates are employed.",
            "key obstacle": "The core obstacle is the correlation between initialized weights and final-trained weights, which is adversely affected when the learning rate is not sufficiently large."
        },
        "idea": {
            "intuition": "The idea was inspired by the observation that the winning property is linked to the correlation of weights during the training process, particularly under conditions of insufficient pretraining.",
            "opinion": "The proposed idea is to introduce a 'pruning & fine-tuning' method that enhances performance by addressing the limitations of the existing lottery ticket sparse training approach.",
            "innovation": "The primary innovation lies in the introduction of the 'pruning & fine-tuning' method, which consistently outperforms existing lottery ticket methods under the same pruning algorithms and training epochs."
        },
        "method": {
            "method name": "Pruning & Fine-Tuning",
            "method abbreviation": "P&F",
            "method definition": "The method involves pruning a deep neural network followed by fine-tuning to optimize performance, particularly when the correlation between initialized and final-trained weights is suboptimal.",
            "method description": "This method combines weight pruning with subsequent fine-tuning to improve model performance beyond traditional lottery ticket training.",
            "method steps": "1. Prune the deep neural network. 2. Fine-tune the pruned network to optimize performance.",
            "principle": "The effectiveness of this method is based on the principle that fine-tuning after pruning can better align the weights, enhancing the model's performance in scenarios where winning tickets are not easily observable."
        },
        "experiments": {
            "evaluation setting": "Extensive experiments were conducted on multiple deep models (VGG, ResNet, MobileNet-v2) across different datasets to validate the proposed method.",
            "evaluation method": "The performance of the proposed method was assessed by comparing it with lottery ticket sparse training using the same pruning algorithm and total training epochs."
        },
        "conclusion": "The experiments demonstrated that the 'pruning & fine-tuning' method consistently outperforms traditional lottery ticket sparse training, providing a more effective approach to deep model compression.",
        "discussion": {
            "advantage": "The key advantage of the proposed approach is its ability to achieve better performance than existing lottery ticket methods by addressing the weight correlation issue.",
            "limitation": "A limitation of the method may include its dependency on the initial conditions of the deep neural network and the potential for overfitting during the fine-tuning phase.",
            "future work": "Future research could explore further optimizations in the pruning process and investigate the method's applicability to other neural network architectures."
        },
        "other info": []
    },
    "mount_outline": [
        {
            "section number": "1.1",
            "key information": "The paper addresses the issue of deep model compression, emphasizing the importance of pruning in enhancing model efficiency and performance."
        },
        {
            "section number": "2.3",
            "key information": "The paper introduces the 'pruning & fine-tuning' method, which combines weight pruning with subsequent fine-tuning to improve model performance."
        },
        {
            "section number": "3.2",
            "key information": "The paper discusses the Lottery Ticket Hypothesis (LTH) as a novel pruning approach, highlighting the challenges associated with observing winning properties in pruned networks."
        },
        {
            "section number": "4.3",
            "key information": "The paper provides a comparative analysis of the 'pruning & fine-tuning' method against traditional lottery ticket sparse training, demonstrating its superior performance."
        },
        {
            "section number": "5.3",
            "key information": "The paper analyzes how the proposed 'pruning & fine-tuning' method influences overall model performance, particularly in scenarios with suboptimal weight correlation."
        },
        {
            "section number": "6.1",
            "key information": "The proposed method recommends a strategy for effective pruning followed by fine-tuning to optimize neural network performance."
        },
        {
            "section number": "6.3",
            "key information": "Future research could explore further optimizations in the pruning process and investigate the applicability of the 'pruning & fine-tuning' method to other neural network architectures."
        }
    ],
    "similarity_score": null,
    "image": null,
    "path": "/home/liudingyuan/code/SurveyX/code/SurveyX-main/outputs/t14/papers/Lottery ticket preserves weight correlation_ Is it desirable or not__ in ICML.json"
}