{
    "from": null,
    "scholar_id": null,
    "detail_id": null,
    "title": "Manifold regularized dynamic network pruning",
    "abstract": "Neural network pruning is an essential approach for reducing the computational complexity of deep models so that they can be well deployed on resource-limited devices. Compared with conventional methods, the recently developed dynamic pruning methods determine redundant filters variant to each input instance which achieves higher acceleration. Most of the existing methods discover effective subnetworks for each instance independently and do not utilize the relationship between different inputs. To maximally excavate redundancy in the given network architecture, this paper proposes a new paradigm that dynamically removes redundant filters by embedding the manifold information of all instances into the space of pruned networks (dubbed as ManiDP). We first investigate the recognition complexity and feature similarity between images in the training set. Then, the manifold relationship between instances and the pruned sub-networks will be aligned in the training procedure. The effectiveness of the proposed method is verified on several benchmarks, which shows better performance in terms of both accuracy and computational cost compared to the state-of-the-art methods. For example, our method can reduce 55.3% FLOPs of ResNet-34 with only 0.57% top-1 accuracy degradation on ImageNet. The code will be available at https://github.com/huawei-noah/Pruning/tree/master/ManiDP.",
    "arxivid": "2103.05861v1",
    "bib_name": "Manifoldre52",
    "md_text": "# Manifold regularized dynamic network pruning\n\n\nabstract\n\nNeural network pruning is an essential approach for reducing the computational complexity of deep models so that they can be well deployed on resource-limited devices. Compared with conventional methods, the recently developed dynamic pruning methods determine redundant filters variant to each input instance which achieves higher acceleration. Most of the existing methods discover effective subnetworks for each instance independently and do not utilize the relationship between different inputs. To maximally excavate redundancy in the given network architecture, this paper proposes a new paradigm that dynamically removes redundant filters by embedding the manifold information of all instances into the space of pruned networks (dubbed as ManiDP). We first investigate the recognition complexity and feature similarity between images in the training set. Then, the manifold relationship between instances and the pruned sub-networks will be aligned in the training procedure. The effectiveness of the proposed method is verified on several benchmarks, which shows better performance in terms of both accuracy and computational cost compared to the state-of-the-art methods. For example, our method can reduce 55.3% FLOPs of ResNet-34 with only 0.57% top-1 accuracy degradation on ImageNet. The code will be available at https://github.com/huawei-noah/Pruning/tree/master/ManiDP.",
    "paper_type": "method",
    "attri": {
        "background": "This paper addresses the issue of reducing the computational complexity of deep neural networks for deployment on resource-limited devices through dynamic pruning methods that consider the relationship between different inputs.",
        "problem": {
            "definition": "The problem is the inefficiency of existing dynamic pruning methods that independently identify redundant filters for each input instance without leveraging the relationships between different inputs.",
            "key obstacle": "The core obstacle is the inability of current methods to maximally exploit redundancy across different input instances, leading to suboptimal pruning results."
        },
        "idea": {
            "intuition": "The idea is inspired by the observation that instances in the training set share manifold structures, which can be utilized to enhance the pruning process.",
            "opinion": "The proposed method, ManiDP, integrates manifold information of all instances to dynamically prune redundant filters, thereby improving efficiency.",
            "innovation": "The primary innovation lies in aligning the manifold relationships between instances and pruned sub-networks during the training process, which differs from existing independent pruning approaches."
        },
        "method": {
            "method name": "Manifold Regularized Dynamic Network Pruning",
            "method abbreviation": "ManiDP",
            "method definition": "ManiDP is a method that dynamically removes redundant filters by embedding manifold information from all instances into the space of pruned networks.",
            "method description": "The core of ManiDP involves utilizing manifold relationships to guide the pruning of filters in neural networks.",
            "method steps": "1. Investigate recognition complexity and feature similarity among training images. 2. Align the manifold relationships between instances and pruned sub-networks during training.",
            "principle": "The effectiveness of ManiDP is based on the principle that leveraging manifold information allows for a more informed and efficient pruning process, resulting in better performance."
        },
        "experiments": {
            "evaluation setting": "The method was evaluated on several benchmarks, including ResNet-34 on ImageNet, where it demonstrated a reduction of 55.3% in FLOPs with only a 0.57% decrease in top-1 accuracy.",
            "evaluation method": "The performance of the method was assessed by comparing accuracy and computational cost against state-of-the-art methods."
        },
        "conclusion": "The experiments demonstrate that ManiDP outperforms existing methods in terms of both accuracy and computational efficiency, validating its effectiveness as a pruning strategy.",
        "discussion": {
            "advantage": "The key advantages of ManiDP include its ability to effectively reduce computational costs while maintaining high accuracy by utilizing the relationships between input instances.",
            "limitation": "One limitation of the method may be its dependency on the quality of manifold information extraction, which could affect pruning effectiveness in certain scenarios.",
            "future work": "Future research could focus on enhancing manifold information extraction techniques and exploring further applications of ManiDP in different neural network architectures."
        },
        "other info": {
            "code repository": "The code will be available at https://github.com/huawei-noah/Pruning/tree/master/ManiDP"
        }
    },
    "mount_outline": [
        {
            "section number": "1.1",
            "key information": "Pruning contributes to model efficiency and performance by reducing computational complexity, which is crucial for deployment on resource-limited devices."
        },
        {
            "section number": "2.3",
            "key information": "Dynamic pruning methods like ManiDP improve neural network efficiency by considering the relationship between different inputs, enhancing the pruning process."
        },
        {
            "section number": "3.2",
            "key information": "ManiDP represents a novel pruning approach that integrates manifold information from all instances to dynamically prune redundant filters."
        },
        {
            "section number": "4.1",
            "key information": "Criteria for evaluating pruning methods include the ability to reduce computational costs while maintaining high accuracy."
        },
        {
            "section number": "5.2",
            "key information": "ManiDP demonstrated a reduction of 55.3% in FLOPs with only a 0.57% decrease in top-1 accuracy, showcasing its impact on computational efficiency."
        },
        {
            "section number": "6.1",
            "key information": "Best practices in neural network pruning can include leveraging manifold information to improve the efficiency of pruning strategies."
        },
        {
            "section number": "6.3",
            "key information": "Future research could focus on enhancing manifold information extraction techniques to improve pruning effectiveness."
        }
    ],
    "similarity_score": null,
    "image": null,
    "path": "/home/liudingyuan/code/SurveyX/code/SurveyX-main/outputs/t14/papers/Manifold regularized dynamic network pruning.json"
}