{
    "from": null,
    "scholar_id": null,
    "detail_id": null,
    "title": "MetaPruning: Meta learning for automatic neural network channel pruning",
    "abstract": "In this paper, we propose a novel meta learning approach for automatic channel pruning of very deep neural networks. We first train a PruningNet, a kind of meta network, which is able to generate weight parameters for any pruned structure given the target network. We use a simple stochastic structure sampling method for training the PruningNet. Then, we apply an evolutionary procedure to search for good-performing pruned networks. The search is highly efficient because the weights are directly generated by the trained PruningNet and we do not need any finetuning at search time. With a single PruningNet trained for the target network, we can search for various Pruned Networks under different constraints with little human participation. Compared to the state-of-the-art pruning methods, we have demonstrated superior performances on MobileNet V1/V2 and ResNet. Codes are available on https://github.com/liuzechun/MetaPruning.",
    "arxivid": "1903.10258v3",
    "bib_name": "MetaPrunin69",
    "md_text": "# MetaPruning: Meta learning for automatic neural network channel pruning\n\n\nabstract\n\nIn this paper, we propose a novel meta learning approach for automatic channel pruning of very deep neural networks. We first train a PruningNet, a kind of meta network, which is able to generate weight parameters for any pruned structure given the target network. We use a simple stochastic structure sampling method for training the PruningNet. Then, we apply an evolutionary procedure to search for good-performing pruned networks. The search is highly efficient because the weights are directly generated by the trained PruningNet and we do not need any finetuning at search time. With a single PruningNet trained for the target network, we can search for various Pruned Networks under different constraints with little human participation. Compared to the state-of-the-art pruning methods, we have demonstrated superior performances on MobileNet V1/V2 and ResNet. Codes are available on https://github.com/liuzechun/MetaPruning.",
    "paper_type": "method",
    "attri": {
        "background": "This paper addresses the issue of automatic channel pruning in very deep neural networks, highlighting the limitations of previous methods that require extensive fine-tuning and human intervention, thus necessitating a new approach for efficiency and effectiveness.",
        "problem": {
            "definition": "The problem defined in this paper is the challenge of efficiently pruning deep neural networks while maintaining their performance, particularly in the context of resource-constrained environments.",
            "key obstacle": "The core obstacle is the reliance on manual fine-tuning of pruned networks, which is time-consuming and requires expertise, hindering the scalability of pruning methods."
        },
        "idea": {
            "intuition": "The intuition behind the proposed idea stems from the observation that a meta-learning approach can automate the generation of optimal pruning structures, reducing the need for manual intervention.",
            "opinion": "The proposed idea involves training a PruningNet that generates weight parameters for pruned structures, enabling efficient search for optimal pruned networks without extensive fine-tuning.",
            "innovation": "The primary innovation lies in the use of a meta-learning framework to automate the channel pruning process, allowing for rapid exploration of various pruned architectures with minimal human input."
        },
        "method": {
            "method name": "MetaPruning",
            "method abbreviation": "MP",
            "method definition": "MetaPruning is a meta-learning approach that trains a PruningNet to generate weight parameters for pruned neural network structures, facilitating efficient search for optimal configurations.",
            "method description": "The core of the method involves training a PruningNet and utilizing an evolutionary procedure to search for effective pruned networks.",
            "method steps": [
                "Train a PruningNet using stochastic structure sampling.",
                "Apply an evolutionary procedure to search for pruned networks based on the generated weight parameters."
            ],
            "principle": "The effectiveness of this method is supported by the fact that it eliminates the need for finetuning during the search phase, leveraging the pre-trained PruningNet to directly generate weights for various pruned structures."
        },
        "experiments": {
            "evaluation setting": "The experiments were conducted on MobileNet V1/V2 and ResNet architectures, comparing the proposed method against state-of-the-art pruning techniques.",
            "evaluation method": "The performance of the method was assessed by measuring the accuracy and efficiency of the pruned networks generated through the PruningNet compared to baseline methods."
        },
        "conclusion": "The experiments demonstrated that MetaPruning achieves superior performance in channel pruning compared to existing methods, highlighting its efficiency and effectiveness in generating pruned networks without extensive human involvement.",
        "discussion": {
            "advantage": "Key advantages include the automation of the pruning process through meta-learning, which significantly reduces the need for manual tuning and accelerates the pruning procedure.",
            "limitation": "A limitation of the method may be its dependency on the quality of the initial training of the PruningNet, which could affect the performance of the generated pruned networks.",
            "future work": "Future work may focus on enhancing the adaptability of the PruningNet for different network architectures and exploring additional constraints for pruning."
        },
        "other info": {
            "repository": "Codes are available on https://github.com/liuzechun/MetaPruning"
        }
    },
    "mount_outline": [
        {
            "section number": "1.1",
            "key information": "The paper highlights the limitations of previous methods that require extensive fine-tuning and human intervention, thus necessitating a new approach for efficiency and effectiveness in deep neural network pruning."
        },
        {
            "section number": "2.3",
            "key information": "The paper defines the challenge of efficiently pruning deep neural networks while maintaining their performance, particularly in resource-constrained environments."
        },
        {
            "section number": "3.2",
            "key information": "The proposed method, MetaPruning, automates the channel pruning process using a meta-learning framework, representing a novel approach in pruning techniques."
        },
        {
            "section number": "4.2",
            "key information": "The performance of MetaPruning was assessed by measuring the accuracy and efficiency of the pruned networks generated through the PruningNet compared to baseline methods."
        },
        {
            "section number": "5.3",
            "key information": "The experiments demonstrated that MetaPruning achieves superior performance in channel pruning compared to existing methods, highlighting its efficiency and effectiveness in generating pruned networks without extensive human involvement."
        },
        {
            "section number": "6.1",
            "key information": "Key advantages of the proposed method include the automation of the pruning process through meta-learning, significantly reducing the need for manual tuning and accelerating the pruning procedure."
        },
        {
            "section number": "6.3",
            "key information": "Future work may focus on enhancing the adaptability of the PruningNet for different network architectures and exploring additional constraints for pruning."
        }
    ],
    "similarity_score": null,
    "image": null,
    "path": "/home/liudingyuan/code/SurveyX/code/SurveyX-main/outputs/t14/papers/MetaPruning_ Meta learning for automatic neural network channel pruning.json"
}