{
    "from": null,
    "scholar_id": null,
    "detail_id": null,
    "title": "Model compression and efficient inference for large language models: A survey",
    "abstract": "Transformer based large language models have achieved tremendous success. However, the significant memory and computational costs incurred during the inference process make it challenging to deploy large models on resource-constrained devices. In this paper, we investigate compression and efficient inference methods for large language models from an algorithmic perspective. Regarding taxonomy, similar to smaller models, compression and acceleration algorithms for large language models can still be categorized into quantization, pruning, distillation, compact architecture design, dynamic networks. However, Large language models have two prominent characteristics compared to smaller models: (1) Most of compression algorithms require finetuning or even retraining the model after compression. The most notable aspect of large models is the very high cost associated with model finetuning or training. Therefore, many algorithms for large models, such as quantization and pruning, start to explore tuning-free algorithms. (2) Large models emphasize versatility and generalization rather than performance on a single task. Hence, many algorithms, such as knowledge distillation, focus on how to preserving their versatility and generalization after compression. Since these two characteristics were not very pronounced in early large models, we further distinguish large language models into medium models and ``real'' large models. Additionally, we also provide an introduction to some mature frameworks for efficient inference of large models, which can support basic compression or acceleration algorithms, greatly facilitating model deployment for users.",
    "arxivid": "2402.09748v1",
    "bib_name": "Modelcompr37",
    "md_text": "# Model compression and efficient inference for large language models: A survey\n\n\nabstract\n\nTransformer based large language models have achieved tremendous success. However, the significant memory and computational costs incurred during the inference process make it challenging to deploy large models on resource-constrained devices. In this paper, we investigate compression and efficient inference methods for large language models from an algorithmic perspective. Regarding taxonomy, similar to smaller models, compression and acceleration algorithms for large language models can still be categorized into quantization, pruning, distillation, compact architecture design, dynamic networks. However, Large language models have two prominent characteristics compared to smaller models: (1) Most of compression algorithms require finetuning or even retraining the model after compression. The most notable aspect of large models is the very high cost associated with model finetuning or training. Therefore, many algorithms for large models, such as quantization and pruning, start to explore tuning-free algorithms. (2) Large models emphasize versatility and generalization rather than performance on a single task. Hence, many algorithms, such as knowledge distillation, focus on how to preserving their versatility and generalization after compression. Since these two characteristics were not very pronounced in early large models, we further distinguish large language models into medium models and ``real'' large models. Additionally, we also provide an introduction to some mature frameworks for efficient inference of large models, which can support basic compression or acceleration algorithms, greatly facilitating model deployment for users.",
    "paper_type": "benchmark",
    "attri": {
        "background": "This paper addresses the issue of deploying large language models on resource-constrained devices due to their significant memory and computational costs during inference.",
        "problem": {
            "definition": "The benchmark is designed to address the challenges associated with the memory and computational costs incurred during the inference process of large language models.",
            "key obstacle": "Existing benchmarks do not adequately address the unique requirements of large models, particularly the need for tuning-free algorithms and the preservation of versatility and generalization."
        },
        "idea": {
            "intuition": "The thought process behind this benchmark stems from the need to explore efficient inference methods that accommodate the high costs of finetuning and the emphasis on generalization in large language models.",
            "opinion": "The authors believe that developing a benchmark for efficient inference is crucial for enabling the deployment of large language models in real-world applications.",
            "innovation": "This benchmark introduces a focus on tuning-free algorithms and the preservation of model versatility and generalization, which are not emphasized in previous benchmarks.",
            "benchmark abbreviation": "LML-EB"
        },
        "dataset": {
            "source": "The dataset was synthesized from existing frameworks and methodologies for efficient inference of large models.",
            "desc": "The dataset includes various configurations and scenarios for model compression and inference efficiency, although specific size details are not provided.",
            "content": "The dataset includes model configurations, performance metrics, and algorithmic approaches related to compression and inference.",
            "size": "-",
            "domain": "Model Compression",
            "task format": "Inference Efficiency"
        },
        "metrics": {
            "metric name": "Compression Rate, Inference Speed",
            "aspect": "Model performance in terms of resource usage and computational efficiency.",
            "principle": "Metrics were chosen based on their relevance to evaluating the effectiveness of compression and inference techniques.",
            "procedure": "Models are evaluated based on their performance before and after applying various compression techniques, measuring both speed and resource utilization."
        },
        "experiments": {
            "model": "The benchmark tests various large language models, including state-of-the-art models and those specifically designed for compression.",
            "procedure": "Models are trained and evaluated under different compression scenarios, using specific parameters and configurations to assess performance.",
            "result": "The results indicate varying degrees of success in maintaining performance while achieving significant compression and speed improvements.",
            "variability": "Variability in results was accounted for through multiple trials and comparisons across different model configurations."
        },
        "conclusion": "The benchmark highlights the importance of developing efficient inference methods for large language models, paving the way for their deployment in resource-constrained environments.",
        "discussion": {
            "advantage": "The benchmark contributes to the field by addressing the unique challenges of large language models and promoting efficient deployment strategies.",
            "limitation": "Potential limitations include the need for extensive tuning in some cases and the variability in performance across different models.",
            "future work": "Future research could explore more advanced tuning-free algorithms and frameworks that further enhance the efficiency of large language models."
        },
        "other info": {
            "info1": "The paper categorizes compression methods into quantization, pruning, distillation, and dynamic networks.",
            "info2": {
                "info2.1": "The paper distinguishes between medium and real large models.",
                "info2.2": "It discusses the implications of model versatility and generalization in the context of large language models."
            }
        }
    },
    "mount_outline": [
        {
            "section number": "1.1",
            "key information": "Pruning contributes to model efficiency and performance, particularly in the context of deploying large language models on resource-constrained devices."
        },
        {
            "section number": "2.2",
            "key information": "The paper categorizes compression methods into quantization, pruning, distillation, and dynamic networks."
        },
        {
            "section number": "3.1",
            "key information": "The paper distinguishes between medium and real large models, highlighting unique characteristics and applications."
        },
        {
            "section number": "4.1",
            "key information": "Metrics such as Compression Rate and Inference Speed are defined to evaluate the effectiveness of compression and inference techniques."
        },
        {
            "section number": "5.2",
            "key information": "The benchmark emphasizes model performance in terms of resource usage and computational efficiency."
        },
        {
            "section number": "6.1",
            "key information": "The paper highlights the importance of developing efficient inference methods for large language models to enable their deployment in real-world applications."
        },
        {
            "section number": "6.2",
            "key information": "Potential limitations include the need for extensive tuning in some cases and variability in performance across different models."
        },
        {
            "section number": "6.3",
            "key information": "Future research could explore more advanced tuning-free algorithms and frameworks that further enhance the efficiency of large language models."
        }
    ],
    "similarity_score": null,
    "image": null,
    "path": "/home/liudingyuan/code/SurveyX/code/SurveyX-main/outputs/t14/papers/Model compression and efficient inference for large language models_ A survey.json"
}