{
    "from": null,
    "scholar_id": null,
    "detail_id": null,
    "title": "Model pruning enables efficient federated learning on edge devices",
    "abstract": "Federated learning (FL) allows model training from local data collected by edge/mobile devices while preserving data privacy, which has wide applicability to image and vision applications. A challenge is that client devices in FL usually have much more limited computation and communication resources compared to servers in a data center. To overcome this challenge, we propose PruneFL \u2014a novel FL approach with adaptive and distributed parameter pruning, which adapts the model size during FL to reduce both communication and computation overhead and minimize the overall training time, while maintaining a similar accuracy as the original model. PruneFL includes initial pruning at a selected client and further pruning as part of the FL process. The model size is adapted during this process, which includes maximizing the approximate empirical risk reduction divided by the time of one FL round. Our experiments with various datasets on edge devices (e.g., Raspberry Pi) show that: 1) we significantly reduce the training time compared to conventional FL and various other pruning-based methods and 2) the pruned model with automatically determined size converges to an accuracy that is very similar to the original model, and it is also a lottery ticket of the original model.",
    "arxivid": "1909.12326v5",
    "bib_name": "Modelpruni174",
    "md_text": "# Model pruning enables efficient federated learning on edge devices\n\n\nabstract\n\nFederated learning (FL) allows model training from local data collected by edge/mobile devices while preserving data privacy, which has wide applicability to image and vision applications. A challenge is that client devices in FL usually have much more limited computation and communication resources compared to servers in a data center. To overcome this challenge, we propose PruneFL \u2014a novel FL approach with adaptive and distributed parameter pruning, which adapts the model size during FL to reduce both communication and computation overhead and minimize the overall training time, while maintaining a similar accuracy as the original model. PruneFL includes initial pruning at a selected client and further pruning as part of the FL process. The model size is adapted during this process, which includes maximizing the approximate empirical risk reduction divided by the time of one FL round. Our experiments with various datasets on edge devices (e.g., Raspberry Pi) show that: 1) we significantly reduce the training time compared to conventional FL and various other pruning-based methods and 2) the pruned model with automatically determined size converges to an accuracy that is very similar to the original model, and it is also a lottery ticket of the original model.",
    "paper_type": "method",
    "attri": {
        "background": "This paper addresses the challenge of limited computation and communication resources on client devices in federated learning (FL), highlighting the necessity for a new method to enhance efficiency while preserving data privacy.",
        "problem": {
            "definition": "The problem is the inefficiency of federated learning due to the resource constraints of edge devices compared to data center servers.",
            "key obstacle": "The main difficulty is the high communication and computation overhead required for training models on edge devices, which hinders effective model training."
        },
        "idea": {
            "intuition": "The idea is inspired by the need to adaptively prune model parameters during federated learning to optimize resource usage.",
            "opinion": "PruneFL is proposed as a method that incorporates adaptive and distributed parameter pruning to reduce overhead and training time.",
            "innovation": "The primary difference of PruneFL lies in its adaptive model size adjustment during FL, which is not seen in existing methods, allowing for efficient training without sacrificing accuracy."
        },
        "method": {
            "method name": "PruneFL",
            "method abbreviation": "PFL",
            "method definition": "PruneFL is a federated learning approach that employs adaptive and distributed parameter pruning to optimize model training on edge devices.",
            "method description": "This method involves initial pruning at a selected client followed by further pruning during the federated learning process.",
            "method steps": "1) Initial pruning at a client; 2) Adaptive pruning during FL rounds; 3) Maximizing empirical risk reduction over time.",
            "principle": "The method is effective because it reduces communication and computation overhead while maintaining model accuracy, leveraging the concept of adaptive pruning."
        },
        "experiments": {
            "evaluation setting": "Experiments were conducted on various datasets using edge devices such as Raspberry Pi, comparing performance against conventional FL and other pruning methods.",
            "evaluation method": "The evaluation involved measuring training time reduction and accuracy convergence of the pruned model compared to the original model."
        },
        "conclusion": "The experiments demonstrate that PruneFL significantly reduces training time while achieving accuracy comparable to the original model, indicating its effectiveness for efficient federated learning on edge devices.",
        "discussion": {
            "advantage": "The key advantage of PruneFL is its ability to adaptively prune model parameters, leading to reduced training time and resource usage without losing accuracy.",
            "limitation": "A limitation of the method may be its dependency on the initial pruning strategy and the variability of edge device capabilities.",
            "future work": "Future research could explore further enhancements in pruning strategies and the application of PruneFL to different types of edge devices and datasets."
        },
        "other info": []
    },
    "mount_outline": [
        {
            "section number": "1.1",
            "key information": "The importance of pruning in the context of deep neural networks is highlighted by the need to adaptively prune model parameters during federated learning to optimize resource usage."
        },
        {
            "section number": "2.2",
            "key information": "PruneFL employs adaptive and distributed parameter pruning to optimize model training on edge devices, addressing inefficiencies in federated learning."
        },
        {
            "section number": "2.3",
            "key information": "The primary difference of PruneFL lies in its adaptive model size adjustment during federated learning, which enhances neural network efficiency."
        },
        {
            "section number": "4.1",
            "key information": "The evaluation of PruneFL included measuring training time reduction and accuracy convergence of the pruned model compared to the original model, serving as criteria for comparison."
        },
        {
            "section number": "5.2",
            "key information": "PruneFL reduces communication and computation overhead while maintaining model accuracy, impacting computational efficiency and resource utilization."
        },
        {
            "section number": "6.1",
            "key information": "Best practices in neural network pruning can include adaptive pruning strategies as demonstrated by PruneFL, which leads to reduced training time and resource usage."
        },
        {
            "section number": "6.3",
            "key information": "Future research on PruneFL could explore enhancements in pruning strategies and their application to various edge devices and datasets."
        }
    ],
    "similarity_score": null,
    "image": null,
    "path": "/home/liudingyuan/code/SurveyX/code/SurveyX-main/outputs/t14/papers/Model pruning enables efficient federated learning on edge devices.json"
}