{
    "from": null,
    "scholar_id": null,
    "detail_id": null,
    "title": "More is Less: A more complicated network with less inference complexity",
    "abstract": "In this paper, we present a novel and general network structure towards accelerating the inference process of convolutional neural networks, which is more complicated in network structure yet with less inference complexity. The core idea is to equip each original convolutional layer with another low-cost collaborative layer (LCCL), and the element-wise multiplication of the ReLU outputs of these two parallel layers produces the layer-wise output. The combined layer is potentially more discriminative than the original convolutional layer, and its inference is faster for two reasons: 1) the zero cells of the LCCL feature maps will remain zero after element-wise multiplication, and thus it is safe to skip the calculation of the corresponding high-cost convolution in the original convolutional layer, 2) LCCL is very fast if it is implemented as a 1*1 convolution or only a single filter shared by all channels. Extensive experiments on the CIFAR-10, CIFAR-100 and ILSCRC-2012 benchmarks show that our proposed network structure can accelerate the inference process by 32% on average with negligible performance drop.",
    "arxivid": "1703.08651v2",
    "bib_name": "MoreisLess12",
    "md_text": "# More is Less: A more complicated network with less inference complexity\n\n\nabstract\n\nIn this paper, we present a novel and general network structure towards accelerating the inference process of convolutional neural networks, which is more complicated in network structure yet with less inference complexity. The core idea is to equip each original convolutional layer with another low-cost collaborative layer (LCCL), and the element-wise multiplication of the ReLU outputs of these two parallel layers produces the layer-wise output. The combined layer is potentially more discriminative than the original convolutional layer, and its inference is faster for two reasons: 1) the zero cells of the LCCL feature maps will remain zero after element-wise multiplication, and thus it is safe to skip the calculation of the corresponding high-cost convolution in the original convolutional layer, 2) LCCL is very fast if it is implemented as a 1*1 convolution or only a single filter shared by all channels. Extensive experiments on the CIFAR-10, CIFAR-100 and ILSCRC-2012 benchmarks show that our proposed network structure can accelerate the inference process by 32% on average with negligible performance drop.",
    "paper_type": "method",
    "attri": {
        "background": "This paper addresses the issue of inference complexity in convolutional neural networks, highlighting the limitations of existing methods that often lead to slower inference times despite improvements in network accuracy.",
        "problem": {
            "definition": "The problem is the high inference complexity of convolutional neural networks, which hinders their efficiency in practical applications.",
            "key obstacle": "The main challenge is that existing methods do not effectively reduce the computational load during inference while maintaining or improving the network's performance."
        },
        "idea": {
            "intuition": "The idea is inspired by the observation that adding a low-cost collaborative layer can enhance the discriminative power of convolutional layers while reducing computational demands.",
            "opinion": "The proposed method involves introducing a low-cost collaborative layer (LCCL) alongside each convolutional layer to optimize the inference process.",
            "innovation": "The primary innovation lies in the combination of the original convolutional layer with the LCCL, which allows for skipping high-cost computations when certain conditions are met, thereby reducing overall inference complexity."
        },
        "method": {
            "method name": "Low-Cost Collaborative Layer (LCCL)",
            "method abbreviation": "LCCL",
            "method definition": "LCCL is defined as an additional layer that performs element-wise multiplication with the output of the original convolutional layer, effectively enhancing the layer's discriminative capabilities while lowering inference complexity.",
            "method description": "The method combines the outputs of a convolutional layer and a low-cost collaborative layer to produce a more efficient inference process.",
            "method steps": "1. Introduce a low-cost collaborative layer parallel to each convolutional layer. 2. Perform element-wise multiplication of the outputs from both layers. 3. Skip calculations for zero cells in the LCCL feature maps during inference.",
            "principle": "The method is effective because it leverages the sparsity of the LCCL's feature maps to bypass unnecessary computations, leading to faster inference times."
        },
        "experiments": {
            "evaluation setting": "Extensive experiments were conducted on CIFAR-10, CIFAR-100, and ILSCRC-2012 benchmarks, comparing the proposed method against baseline convolutional networks.",
            "evaluation method": "The performance was assessed by measuring inference speed and accuracy, with results indicating an average acceleration of 32% in inference time with negligible performance drop."
        },
        "conclusion": "The proposed network structure demonstrates a significant improvement in inference speed while maintaining performance, validating the effectiveness of integrating low-cost collaborative layers into convolutional networks.",
        "discussion": {
            "advantage": "The key advantage of the proposed approach is its ability to accelerate inference while preserving accuracy, making it suitable for real-time applications.",
            "limitation": "One limitation is that the method's efficiency may vary depending on the specific architecture of the convolutional network and the nature of the input data.",
            "future work": "Future research could explore optimizing the design of LCCLs further and applying the method to more complex network architectures."
        },
        "other info": {}
    },
    "mount_outline": [
        {
            "section number": "1.1",
            "key information": "Pruning is essential for enhancing the efficiency and performance of deep neural networks, addressing the high inference complexity in convolutional neural networks."
        },
        {
            "section number": "2.2",
            "key information": "The proposed Low-Cost Collaborative Layer (LCCL) optimizes inference by reducing computational load while maintaining or improving network performance."
        },
        {
            "section number": "3.2",
            "key information": "The innovation of integrating LCCLs with convolutional layers represents a novel approach to reduce inference complexity."
        },
        {
            "section number": "4.1",
            "key information": "Evaluation of pruning methods can be based on criteria such as inference speed and accuracy retention, as demonstrated in experiments with the LCCL method."
        },
        {
            "section number": "5.2",
            "key information": "The proposed method accelerates inference while preserving accuracy, demonstrating its impact on computational efficiency and resource utilization."
        },
        {
            "section number": "6.2",
            "key information": "Challenges include varying efficiency of LCCLs based on convolutional network architecture and input data characteristics."
        },
        {
            "section number": "6.3",
            "key information": "Future research could focus on optimizing LCCL designs and applying the method to more complex network architectures."
        }
    ],
    "similarity_score": null,
    "image": null,
    "path": "/home/liudingyuan/code/SurveyX/code/SurveyX-main/outputs/t14/papers/More is Less_ A more complicated network with less inference complexity.json"
}