{
    "from": null,
    "scholar_id": null,
    "detail_id": null,
    "title": "Movement pruning: Adaptive sparsity by fine-tuning",
    "abstract": "Magnitude pruning is a widely used strategy for reducing model size in pure supervised learning; however, it is less effective in the transfer learning regime that has become standard for state-of-the-art natural language processing applications. We propose the use of movement pruning, a simple, deterministic first-order weight pruning method that is more adaptive to pretrained model fine-tuning. We give mathematical foundations to the method and compare it to existing zeroth- and first-order pruning methods. Experiments show that when pruning large pretrained language models, movement pruning shows significant improvements in high-sparsity regimes. When combined with distillation, the approach achieves minimal accuracy loss with down to only 3% of the model parameters.",
    "arxivid": "2005.07683v2",
    "bib_name": "Movementpr152",
    "md_text": "# Movement pruning: Adaptive sparsity by fine-tuning\n\n\nabstract\n\nMagnitude pruning is a widely used strategy for reducing model size in pure supervised learning; however, it is less effective in the transfer learning regime that has become standard for state-of-the-art natural language processing applications. We propose the use of movement pruning, a simple, deterministic first-order weight pruning method that is more adaptive to pretrained model fine-tuning. We give mathematical foundations to the method and compare it to existing zeroth- and first-order pruning methods. Experiments show that when pruning large pretrained language models, movement pruning shows significant improvements in high-sparsity regimes. When combined with distillation, the approach achieves minimal accuracy loss with down to only 3% of the model parameters.",
    "paper_type": "method",
    "attri": {
        "background": "Magnitude pruning is a widely used strategy for reducing model size in pure supervised learning; however, it is less effective in the transfer learning regime that has become standard for state-of-the-art natural language processing applications.",
        "problem": {
            "definition": "The problem addressed is the inefficiency of magnitude pruning in transfer learning for natural language processing, which limits the effectiveness of model size reduction.",
            "key obstacle": "The core obstacle is that existing pruning methods do not adapt well to the fine-tuning process of pretrained models, resulting in suboptimal performance."
        },
        "idea": {
            "intuition": "The inspiration for movement pruning comes from the need for a more adaptive approach to weight pruning that aligns better with the fine-tuning of pretrained models.",
            "opinion": "Movement pruning is proposed as a simple, deterministic first-order weight pruning method that enhances the pruning process during model fine-tuning.",
            "innovation": "The primary difference of movement pruning compared to existing methods is its adaptability to the fine-tuning process, leading to significant improvements in performance, especially in high-sparsity regimes."
        },
        "method": {
            "method name": "Movement Pruning",
            "method abbreviation": "MP",
            "method definition": "Movement pruning is a deterministic first-order weight pruning method designed to adaptively prune weights of pretrained models during fine-tuning.",
            "method description": "The core of movement pruning involves pruning weights based on their movement during the fine-tuning process, allowing for more effective model size reduction.",
            "method steps": "1. Monitor weight changes during fine-tuning. 2. Determine which weights to prune based on their movement. 3. Apply pruning to the selected weights. 4. Fine-tune the model further if necessary.",
            "principle": "Movement pruning is effective because it focuses on the weights that have the least impact on the model's performance, as determined by their movement during training, thus maintaining accuracy while reducing size."
        },
        "experiments": {
            "evaluation setting": "Experiments were conducted on large pretrained language models, comparing movement pruning with existing zeroth- and first-order pruning methods under high-sparsity conditions.",
            "evaluation method": "The performance of the method was assessed by measuring accuracy loss and model parameter reduction, particularly focusing on the combination of movement pruning with distillation."
        },
        "conclusion": "The experiments demonstrate that movement pruning significantly improves performance in high-sparsity regimes, achieving minimal accuracy loss with only 3% of the model parameters when combined with distillation.",
        "discussion": {
            "advantage": "The key advantage of movement pruning is its adaptability to the fine-tuning process, leading to better performance in comparison to traditional pruning methods.",
            "limitation": "A limitation of the method may include the dependency on the fine-tuning process, which could affect its applicability to different types of models or tasks.",
            "future work": "Future research could explore enhancing the movement pruning approach further or adapting it to other model architectures and tasks to maximize its benefits."
        },
        "other info": {}
    },
    "mount_outline": [
        {
            "section number": "2.3",
            "key information": "Magnitude pruning is a widely used strategy for reducing model size in pure supervised learning; however, it is less effective in the transfer learning regime that has become standard for state-of-the-art natural language processing applications."
        },
        {
            "section number": "2.3",
            "key information": "The problem addressed is the inefficiency of magnitude pruning in transfer learning for natural language processing, which limits the effectiveness of model size reduction."
        },
        {
            "section number": "3.2",
            "key information": "Movement pruning is proposed as a simple, deterministic first-order weight pruning method that enhances the pruning process during model fine-tuning."
        },
        {
            "section number": "3.2",
            "key information": "The primary difference of movement pruning compared to existing methods is its adaptability to the fine-tuning process, leading to significant improvements in performance, especially in high-sparsity regimes."
        },
        {
            "section number": "4.3",
            "key information": "Experiments were conducted on large pretrained language models, comparing movement pruning with existing zeroth- and first-order pruning methods under high-sparsity conditions."
        },
        {
            "section number": "5.3",
            "key information": "The key advantage of movement pruning is its adaptability to the fine-tuning process, leading to better performance in comparison to traditional pruning methods."
        },
        {
            "section number": "6.1",
            "key information": "Movement pruning focuses on the weights that have the least impact on the model's performance, as determined by their movement during training, thus maintaining accuracy while reducing size."
        }
    ],
    "similarity_score": null,
    "image": null,
    "path": "/home/liudingyuan/code/SurveyX/code/SurveyX-main/outputs/t14/papers/Movement pruning_ Adaptive sparsity by fine-tuning.json"
}