{
    "from": null,
    "scholar_id": null,
    "detail_id": null,
    "title": "Multi-dimensional model compression of vision transformer",
    "abstract": "Vision transformers (ViT) have recently attracted considerable attentions, but the huge computational cost remains an issue for practical deployment. Previous ViT pruning methods tend to prune the model along one dimension solely, which may suffer from excessive reduction and lead to sub-optimal model quality. In contrast, we advocate a multi-dimensional ViT compression paradigm, and propose to harness the redundancy reduction from attention head, neuron and sequence dimensions jointly. We firstly propose a statistical dependence based pruning criterion that is generalizable to different dimensions for identifying deleterious components. Moreover, we cast the multi-dimensional compression as an optimization, learning the optimal pruning policy across the three dimensions that maximizes the compressed model's accuracy under a computational budget. The problem is solved by our adapted Gaussian process search with expected improvement. Experimental results show that our method effectively reduces the computational cost of various ViT models. For example, our method reduces 40% FLOPs without top-1 accuracy loss for DeiT and T2T-ViT models, outperforming previous state-of-the-arts.",
    "arxivid": "2201.00043v1",
    "bib_name": "Multi-dime191",
    "md_text": "# Multi-dimensional model compression of vision transformer\n\n\nabstract\n\nVision transformers (ViT) have recently attracted considerable attentions, but the huge computational cost remains an issue for practical deployment. Previous ViT pruning methods tend to prune the model along one dimension solely, which may suffer from excessive reduction and lead to sub-optimal model quality. In contrast, we advocate a multi-dimensional ViT compression paradigm, and propose to harness the redundancy reduction from attention head, neuron and sequence dimensions jointly. We firstly propose a statistical dependence based pruning criterion that is generalizable to different dimensions for identifying deleterious components. Moreover, we cast the multi-dimensional compression as an optimization, learning the optimal pruning policy across the three dimensions that maximizes the compressed model's accuracy under a computational budget. The problem is solved by our adapted Gaussian process search with expected improvement. Experimental results show that our method effectively reduces the computational cost of various ViT models. For example, our method reduces 40% FLOPs without top-1 accuracy loss for DeiT and T2T-ViT models, outperforming previous state-of-the-arts.",
    "paper_type": "method",
    "attri": {
        "background": "This paper addresses the issue of high computational costs associated with deploying vision transformers (ViT) in practical applications. Previous methods have focused on pruning models along a single dimension, which can lead to excessive reductions and sub-optimal model quality. A new approach that considers multiple dimensions for pruning is necessary to improve model efficiency without sacrificing performance.",
        "problem": {
            "definition": "The problem this paper aims to solve is the excessive computational cost of vision transformers, which hampers their practical deployment.",
            "key obstacle": "The main challenge is that existing pruning methods typically operate along only one dimension, which can inadvertently degrade model quality and performance."
        },
        "idea": {
            "intuition": "The idea is inspired by the observation that vision transformer models contain redundancies across multiple dimensions, including attention heads, neurons, and sequences, which can be leveraged for more effective pruning.",
            "opinion": "The proposed method advocates for a multi-dimensional compression strategy that jointly reduces redundancies across these dimensions to optimize model performance.",
            "innovation": "The key innovation lies in the development of a statistical dependence-based pruning criterion that is applicable across different dimensions, and the formulation of the pruning process as an optimization problem that maximizes model accuracy under computational constraints."
        },
        "method": {
            "method name": "Multi-dimensional ViT compression",
            "method abbreviation": "MDVC",
            "method definition": "MDVC is a method that reduces the computational cost of vision transformers by pruning unnecessary components across multiple dimensions\u2014attention heads, neurons, and sequences\u2014based on a statistical dependence criterion.",
            "method description": "The method optimally prunes vision transformer components in a multi-dimensional manner to improve efficiency while maintaining accuracy.",
            "method steps": "1. Identify deleterious components using the statistical dependence-based criterion. 2. Formulate the pruning process as an optimization problem. 3. Use adapted Gaussian process search with expected improvement to learn the optimal pruning policy.",
            "principle": "The effectiveness of this method is grounded in the ability to reduce redundancies across multiple dimensions, which enhances model efficiency without compromising accuracy."
        },
        "experiments": {
            "evaluation setting": "The experiments were conducted on various vision transformer models, including DeiT and T2T-ViT, comparing the performance of the proposed method against previous state-of-the-art pruning techniques.",
            "evaluation method": "The performance was assessed by measuring the reduction in computational cost (FLOPs) and the top-1 accuracy of the models post-pruning."
        },
        "conclusion": "The experimental results demonstrate that the proposed multi-dimensional compression method significantly reduces the computational cost of vision transformer models, achieving a 40% reduction in FLOPs without any loss in top-1 accuracy, outperforming prior methods.",
        "discussion": {
            "advantage": "The key advantage of the proposed approach is its ability to simultaneously prune across multiple dimensions, leading to more effective reductions in computational cost while maintaining model quality.",
            "limitation": "A potential limitation of the method could be the complexity involved in optimizing the pruning policy across multiple dimensions, which may require significant computational resources.",
            "future work": "Future research could explore further optimizations of the pruning process, investigate additional dimensions for compression, and apply the method to other types of neural network architectures."
        },
        "other info": []
    },
    "mount_outline": [
        {
            "section number": "1.1",
            "key information": "Pruning is essential for improving model efficiency and performance, particularly in reducing the computational costs associated with deploying vision transformers."
        },
        {
            "section number": "2.2",
            "key information": "The paper discusses multi-dimensional pruning as a model compression technique that reduces unnecessary components across attention heads, neurons, and sequences."
        },
        {
            "section number": "2.3",
            "key information": "The proposed method, Multi-dimensional ViT compression (MDVC), enhances neural network efficiency by applying a statistical dependence-based pruning criterion across multiple dimensions."
        },
        {
            "section number": "3.1",
            "key information": "The paper differentiates between traditional single-dimensional pruning methods and the novel multi-dimensional pruning approach that simultaneously reduces redundancies."
        },
        {
            "section number": "4.1",
            "key information": "Criteria for evaluating pruning methods include the reduction in computational cost (FLOPs) and retention of top-1 accuracy post-pruning."
        },
        {
            "section number": "5.1",
            "key information": "The proposed method achieves a 40% reduction in FLOPs without any loss in top-1 accuracy, illustrating the trade-off between model size and accuracy."
        },
        {
            "section number": "6.1",
            "key information": "Best practices suggested include employing multi-dimensional pruning strategies that consider redundancies across various dimensions to optimize model performance."
        },
        {
            "section number": "6.3",
            "key information": "Future research directions include exploring further optimizations of the pruning process and applying multi-dimensional compression methods to other neural network architectures."
        }
    ],
    "similarity_score": null,
    "image": null,
    "path": "/home/liudingyuan/code/SurveyX/code/SurveyX-main/outputs/t14/papers/Multi-dimensional model compression of vision transformer.json"
}