{
    "from": null,
    "scholar_id": null,
    "detail_id": null,
    "title": "NeST: A neural network synthesis tool based on a grow-and-prune paradigm",
    "abstract": "Deep neural networks (DNNs) have begun to have a pervasive impact on various applications of machine learning. However, the problem of finding an optimal DNN architecture for large applications is challenging. Common approaches go for deeper and larger DNN architectures but may incur substantial redundancy. To address these problems, we introduce a network growth algorithm that complements network pruning to learn both weights and compact DNN architectures during training. We propose a DNN synthesis tool (NeST) that combines both methods to automate the generation of compact and accurate DNNs. NeST starts with a randomly initialized sparse network called the seed architecture. It iteratively tunes the architecture with gradient-based growth and magnitude-based pruning of neurons and connections. Our experimental results show that NeST yields accurate, yet very compact DNNs, with a wide range of seed architecture selection. For the LeNet-300-100 (LeNet-5) architecture, we reduce network parameters by $70.2\\times$70.2\u00d7 ($74.3\\times$74.3\u00d7) and floating-point operations (FLOPs) by $79.4\\times$79.4\u00d7 ($43.7\\times$43.7\u00d7). For the AlexNet, VGG-16, and ResNet-50 architectures, we reduce network parameters (FLOPs) by $15.7\\times$15.7\u00d7 ($4.6\\times$4.6\u00d7), $33.2\\times$33.2\u00d7 ($8.9\\times$8.9\u00d7), and $4.1\\times$4.1\u00d7 ($2.1\\times$2.1\u00d7) respectively. NeST's grow-and-prune paradigm delivers significant additional parameter and FLOPs reduction relative to pruning-only methods.",
    "arxivid": "1711.02017v3",
    "bib_name": "NeST:Aneur75",
    "md_text": "# NeST: A neural network synthesis tool based on a grow-and-prune paradigm\n\n\nabstract\n\nDeep neural networks (DNNs) have begun to have a pervasive impact on various applications of machine learning. However, the problem of finding an optimal DNN architecture for large applications is challenging. Common approaches go for deeper and larger DNN architectures but may incur substantial redundancy. To address these problems, we introduce a network growth algorithm that complements network pruning to learn both weights and compact DNN architectures during training. We propose a DNN synthesis tool (NeST) that combines both methods to automate the generation of compact and accurate DNNs. NeST starts with a randomly initialized sparse network called the seed architecture. It iteratively tunes the architecture with gradient-based growth and magnitude-based pruning of neurons and connections. Our experimental results show that NeST yields accurate, yet very compact DNNs, with a wide range of seed architecture selection. For the LeNet-300-100 (LeNet-5) architecture, we reduce network parameters by $70.2\\times$70.2\u00d7 ($74.3\\times$74.3\u00d7) and floating-point operations (FLOPs) by $79.4\\times$79.4\u00d7 ($43.7\\times$43.7\u00d7). For the AlexNet, VGG-16, and ResNet-50 architectures, we reduce network parameters (FLOPs) by $15.7\\times$15.7\u00d7 ($4.6\\times$4.6\u00d7), $33.2\\times$33.2\u00d7 ($8.9\\times$8.9\u00d7), and $4.1\\times$4.1\u00d7 ($2.1\\times$2.1\u00d7) respectively. NeST's grow-and-prune paradigm delivers significant additional parameter and FLOPs reduction relative to pruning-only methods.",
    "paper_type": "method",
    "attri": {
        "background": "This paper addresses the challenge of finding optimal deep neural network (DNN) architectures for large applications, highlighting the limitations of existing methods that often result in substantial redundancy due to deeper and larger architectures.",
        "problem": {
            "definition": "The problem is the difficulty in efficiently designing DNN architectures that are both compact and accurate for large-scale applications.",
            "key obstacle": "The core obstacle is the redundancy in existing DNN architectures that results from conventional approaches, which do not effectively balance depth and size with performance."
        },
        "idea": {
            "intuition": "The idea is inspired by the observation that both growth and pruning of neural network architectures can be combined to optimize DNNs during training.",
            "opinion": "The proposed idea involves a synthesis tool called NeST that automates the generation of compact and accurate DNNs through a grow-and-prune paradigm.",
            "innovation": "The primary innovation of NeST lies in its dual approach of simultaneously growing and pruning the network, which contrasts with traditional methods that typically focus on either pruning or growth alone."
        },
        "method": {
            "method name": "NeST",
            "method abbreviation": "NeST",
            "method definition": "NeST is a neural network synthesis tool that automates the generation of compact DNNs by iteratively applying a growth algorithm and a pruning technique during training.",
            "method description": "NeST starts with a sparse seed architecture and refines it through gradient-based growth and magnitude-based pruning.",
            "method steps": "1. Initialize a sparse network (seed architecture). 2. Iteratively grow the network using gradient-based methods. 3. Prune neurons and connections based on their magnitudes.",
            "principle": "This method is effective because it reduces redundancy while maintaining accuracy, leveraging the complementary strengths of growth and pruning."
        },
        "experiments": {
            "evaluation setting": "The experiments evaluated NeST on various architectures including LeNet-300-100, AlexNet, VGG-16, and ResNet-50, comparing its performance to baseline methods.",
            "evaluation method": "The performance of NeST was measured by the reduction in network parameters and floating-point operations (FLOPs) achieved through its grow-and-prune approach."
        },
        "conclusion": "The experimental results indicate that NeST successfully produces compact and accurate DNNs, demonstrating significant reductions in parameters and FLOPs across multiple architectures compared to traditional pruning methods.",
        "discussion": {
            "advantage": "NeST provides a notable advantage by significantly reducing both network parameters and FLOPs, enhancing efficiency without compromising accuracy.",
            "limitation": "A potential limitation is that the effectiveness of NeST may vary depending on the initial seed architecture chosen.",
            "future work": "Future research could explore optimizing the selection of seed architectures and further refining the growth and pruning algorithms to enhance performance."
        },
        "other info": []
    },
    "mount_outline": [
        {
            "section number": "1.1",
            "key information": "The paper highlights the importance of pruning in deep neural networks, specifically addressing the challenge of finding optimal architectures for large applications and the limitations of existing methods that lead to redundancy."
        },
        {
            "section number": "2.2",
            "key information": "The paper discusses the NeST method, which automates the generation of compact DNNs through a combination of growth and pruning techniques, emphasizing model compression and optimization."
        },
        {
            "section number": "3.1",
            "key information": "NeST represents a novel pruning approach that combines growth and pruning, contrasting with traditional methods that focus solely on one of these strategies."
        },
        {
            "section number": "4.1",
            "key information": "The paper defines criteria for evaluating pruning methods, specifically measuring performance through reductions in network parameters and floating-point operations (FLOPs)."
        },
        {
            "section number": "5.1",
            "key information": "The discussion includes trade-offs between model size and accuracy, noting that NeST significantly reduces network parameters while maintaining accuracy."
        },
        {
            "section number": "6.1",
            "key information": "The paper recommends the NeST approach as a best practice for neural network pruning, highlighting its effectiveness in reducing redundancy while preserving accuracy."
        },
        {
            "section number": "6.3",
            "key information": "Future work suggested in the paper includes optimizing the selection of seed architectures and refining growth and pruning algorithms to enhance performance."
        }
    ],
    "similarity_score": null,
    "image": null,
    "path": "/home/liudingyuan/code/SurveyX/code/SurveyX-main/outputs/t14/papers/NeST_ A neural network synthesis tool based on a grow-and-prune paradigm.json"
}