{
    "from": null,
    "scholar_id": null,
    "detail_id": null,
    "title": "Network pruning via transformable architecture search",
    "abstract": "Network pruning reduces the computation costs of an over-parameterized network without performance damage. Prevailing pruning algorithms pre-define the width and depth of the pruned networks, and then transfer parameters from the unpruned network to pruned networks. To break the structure limitation of the pruned networks, we propose to apply neural architecture search to search directly for a network with flexible channel and layer sizes. The number of the channels/layers is learned by minimizing the loss of the pruned networks. The feature map of the pruned network is an aggregation of K feature map fragments (generated by K networks of different sizes), which are sampled based on the probability distribution.The loss can be back-propagated not only to the network weights, but also to the parameterized distribution to explicitly tune the size of the channels/layers. Specifically, we apply channel-wise interpolation to keep the feature map with different channel sizes aligned in the aggregation procedure. The maximum probability for the size in each distribution serves as the width and depth of the pruned network, whose parameters are learned by knowledge transfer, e.g., knowledge distillation, from the original networks. Experiments on CIFAR-10, CIFAR-100 and ImageNet demonstrate the effectiveness of our new perspective of network pruning compared to traditional network pruning algorithms. Various searching and knowledge transfer approaches are conducted to show the effectiveness of the two components. Code is at: this https URL.",
    "arxivid": "1905.09717v5",
    "bib_name": "Networkpru165",
    "md_text": "# Network pruning via transformable architecture search\n\n\nabstract\n\nNetwork pruning reduces the computation costs of an over-parameterized network without performance damage. Prevailing pruning algorithms pre-define the width and depth of the pruned networks, and then transfer parameters from the unpruned network to pruned networks. To break the structure limitation of the pruned networks, we propose to apply neural architecture search to search directly for a network with flexible channel and layer sizes. The number of the channels/layers is learned by minimizing the loss of the pruned networks. The feature map of the pruned network is an aggregation of K feature map fragments (generated by K networks of different sizes), which are sampled based on the probability distribution.The loss can be back-propagated not only to the network weights, but also to the parameterized distribution to explicitly tune the size of the channels/layers. Specifically, we apply channel-wise interpolation to keep the feature map with different channel sizes aligned in the aggregation procedure. The maximum probability for the size in each distribution serves as the width and depth of the pruned network, whose parameters are learned by knowledge transfer, e.g., knowledge distillation, from the original networks. Experiments on CIFAR-10, CIFAR-100 and ImageNet demonstrate the effectiveness of our new perspective of network pruning compared to traditional network pruning algorithms. Various searching and knowledge transfer approaches are conducted to show the effectiveness of the two components. Code is at: this https URL.",
    "paper_type": "method",
    "attri": {
        "background": "Network pruning reduces the computation costs of an over-parameterized network without performance damage. Prevailing pruning algorithms pre-define the width and depth of the pruned networks, and then transfer parameters from the unpruned network to pruned networks. This paper proposes to apply neural architecture search to search directly for a network with flexible channel and layer sizes.",
        "problem": {
            "definition": "The problem addressed is the limitation of existing pruning methods that require pre-defined network structures, which restricts the flexibility and potential performance of pruned networks.",
            "key obstacle": "The core obstacle is the inability of traditional methods to adaptively determine the optimal width and depth of pruned networks, leading to suboptimal performance."
        },
        "idea": {
            "intuition": "The idea is inspired by the observation that a more flexible approach to defining network structures could lead to better performance in pruned networks.",
            "opinion": "The proposed idea involves using neural architecture search to dynamically determine the number of channels and layers in the pruned network, allowing for a more tailored approach.",
            "innovation": "The key innovation is the introduction of a method that combines neural architecture search with knowledge transfer to optimize the sizes of channels and layers, moving beyond the rigid structures of previous methods."
        },
        "method": {
            "method name": "Transformable Architecture Search for Network Pruning",
            "method abbreviation": "TAS-NP",
            "method definition": "TAS-NP defines a method for network pruning that utilizes neural architecture search to determine the optimal network structure while minimizing the loss of performance.",
            "method description": "The method searches for a pruned network structure by learning the number of channels and layers through a loss minimization process.",
            "method steps": "1. Initialize multiple networks with varying sizes. 2. Sample feature map fragments based on a probability distribution. 3. Apply channel-wise interpolation to align feature maps. 4. Transfer knowledge from the original network to the pruned network.",
            "principle": "The effectiveness of this method lies in its ability to adaptively tune the sizes of channels and layers based on performance feedback, allowing for optimized network structures."
        },
        "experiments": {
            "evaluation setting": "Experiments were conducted on CIFAR-10, CIFAR-100, and ImageNet datasets, comparing the proposed method against traditional pruning algorithms.",
            "evaluation method": "The performance was assessed by measuring the accuracy and computational costs of the pruned networks, with a focus on the effectiveness of the searching and knowledge transfer approaches."
        },
        "conclusion": "The experiments demonstrate the effectiveness of the proposed transformable architecture search method for network pruning, showing significant improvements over traditional methods in terms of flexibility and performance.",
        "discussion": {
            "advantage": "The key advantages include the flexibility in network structure determination and improved performance due to adaptive channel and layer sizing.",
            "limitation": "A limitation of the method may be the increased complexity and computational cost associated with the architecture search process.",
            "future work": "Future research could explore further optimizations in the architecture search process and investigate additional datasets or applications for the proposed method."
        },
        "other info": []
    },
    "mount_outline": [
        {
            "section number": "1.1",
            "key information": "Network pruning reduces the computation costs of an over-parameterized network without performance damage."
        },
        {
            "section number": "1.2",
            "key information": "This paper proposes to apply neural architecture search to search directly for a network with flexible channel and layer sizes."
        },
        {
            "section number": "2.2",
            "key information": "The core obstacle is the inability of traditional methods to adaptively determine the optimal width and depth of pruned networks, leading to suboptimal performance."
        },
        {
            "section number": "2.3",
            "key information": "The key innovation is the introduction of a method that combines neural architecture search with knowledge transfer to optimize the sizes of channels and layers."
        },
        {
            "section number": "3.2",
            "key information": "The proposed method, Transformable Architecture Search for Network Pruning (TAS-NP), utilizes neural architecture search to determine the optimal network structure."
        },
        {
            "section number": "4.1",
            "key information": "The performance was assessed by measuring the accuracy and computational costs of the pruned networks."
        },
        {
            "section number": "5.1",
            "key information": "The key advantages include the flexibility in network structure determination and improved performance due to adaptive channel and layer sizing."
        },
        {
            "section number": "6.2",
            "key information": "A limitation of the method may be the increased complexity and computational cost associated with the architecture search process."
        },
        {
            "section number": "6.3",
            "key information": "Future research could explore further optimizations in the architecture search process and investigate additional datasets or applications for the proposed method."
        }
    ],
    "similarity_score": null,
    "image": null,
    "path": "/home/liudingyuan/code/SurveyX/code/SurveyX-main/outputs/t14/papers/Network pruning via transformable architecture search.json"
}