{
    "from": null,
    "scholar_id": null,
    "detail_id": null,
    "title": "Neural tangent kernel: Convergence and generalization in neural networks",
    "abstract": "At initialization, artificial neural networks (ANNs) are equivalent to Gaussian processes in the infinite-width limit, thus connecting them to kernel methods. We prove that the evolution of an ANN during training can also be described by a kernel: during gradient descent on the parameters of an ANN, the network function (which maps input vectors to output vectors) follows the so-called kernel gradient associated with a new object, which we call the Neural Tangent Kernel (NTK). This kernel is central to describe the generalization features of ANNs. While the NTK is random at initialization and varies during training, in the infinite-width limit it converges to an explicit limiting kernel and stays constant during training. This makes it possible to study the training of ANNs in function space instead of parameter space. Convergence of the training can then be related to the positive-definiteness of the limiting NTK. We then focus on the setting of least-squares regression and show that in the infinite-width limit, the network function follows a linear differential equation during training. The convergence is fastest along the largest kernel principal components of the input data with respect to the NTK, hence suggesting a theoretical motivation for early stopping. Finally we study the NTK numerically, observe its behavior for wide networks, and compare it to the infinite-width limit.",
    "arxivid": "1806.07572v4",
    "bib_name": "Neuraltang63",
    "md_text": "# Neural tangent kernel: Convergence and generalization in neural networks\n\n\nabstract\n\nAt initialization, artificial neural networks (ANNs) are equivalent to Gaussian processes in the infinite-width limit, thus connecting them to kernel methods. We prove that the evolution of an ANN during training can also be described by a kernel: during gradient descent on the parameters of an ANN, the network function (which maps input vectors to output vectors) follows the so-called kernel gradient associated with a new object, which we call the Neural Tangent Kernel (NTK). This kernel is central to describe the generalization features of ANNs. While the NTK is random at initialization and varies during training, in the infinite-width limit it converges to an explicit limiting kernel and stays constant during training. This makes it possible to study the training of ANNs in function space instead of parameter space. Convergence of the training can then be related to the positive-definiteness of the limiting NTK. We then focus on the setting of least-squares regression and show that in the infinite-width limit, the network function follows a linear differential equation during training. The convergence is fastest along the largest kernel principal components of the input data with respect to the NTK, hence suggesting a theoretical motivation for early stopping. Finally we study the NTK numerically, observe its behavior for wide networks, and compare it to the infinite-width limit.",
    "paper_type": "theory",
    "attri": {
        "background": "This paper addresses the issue of understanding the convergence and generalization of artificial neural networks (ANNs) by connecting them to kernel methods through the Neural Tangent Kernel (NTK).",
        "problem": {
            "definition": "The problem is to analyze how ANNs behave during training and how their convergence can be described in terms of a kernel.",
            "key obstacle": "A main challenge is to understand the evolution of the NTK during training and its implications for generalization."
        },
        "idea": {
            "intuition": "The idea was inspired by the observation that at initialization, ANNs resemble Gaussian processes.",
            "opinion": "The core idea is that the training dynamics of ANNs can be effectively studied using the NTK framework.",
            "innovation": "The primary improvement is the introduction of the NTK, which allows for studying the training in function space instead of parameter space."
        },
        "Theory": {
            "perspective": "The perspective is that ANNs in the infinite-width limit can be analyzed using a limiting NTK, which remains constant during training.",
            "opinion": "The assumption is that the convergence of training can be linked to the properties of the NTK, particularly its positive-definiteness.",
            "proof": "The proof involves showing that the network function follows a linear differential equation during training in the infinite-width limit."
        },
        "experiments": {
            "evaluation setting": "The evaluation is based on least-squares regression in the infinite-width limit, comparing the behavior of the NTK for wide networks.",
            "evaluation method": "The evaluation steps include analyzing the NTK's behavior numerically and comparing it to the theoretical infinite-width limit."
        },
        "conclusion": "The paper concludes that the NTK provides a robust framework for understanding the convergence and generalization of ANNs, suggesting practical implications like early stopping.",
        "discussion": {
            "advantage": "The advantage of this paper is its novel approach to studying ANNs through the NTK, providing insights into their training dynamics.",
            "limitation": "A limitation is that the results are primarily focused on the infinite-width limit, which may not directly translate to finite-width networks.",
            "future work": "Future work can explore extending the NTK framework to finite-width networks and investigating other architectures and training methods."
        },
        "other info": []
    },
    "mount_outline": [
        {
            "section number": "1.1",
            "key information": "The paper addresses the issue of understanding the convergence and generalization of artificial neural networks (ANNs) by connecting them to kernel methods through the Neural Tangent Kernel (NTK)."
        },
        {
            "section number": "2.1",
            "key information": "The core idea is that the training dynamics of ANNs can be effectively studied using the NTK framework."
        },
        {
            "section number": "2.2",
            "key information": "The primary improvement is the introduction of the NTK, which allows for studying the training in function space instead of parameter space."
        },
        {
            "section number": "5.3",
            "key information": "The paper concludes that the NTK provides a robust framework for understanding the convergence and generalization of ANNs, suggesting practical implications like early stopping."
        },
        {
            "section number": "6.3",
            "key information": "Future work can explore extending the NTK framework to finite-width networks and investigating other architectures and training methods."
        }
    ],
    "similarity_score": null,
    "image": null,
    "path": "/home/liudingyuan/code/SurveyX/code/SurveyX-main/outputs/t14/papers/Neural tangent kernel_ Convergence and generalization in neural networks.json"
}