{
    "from": null,
    "scholar_id": null,
    "detail_id": null,
    "title": "Neural pruning via growing regularization",
    "abstract": "Regularization has long been utilized to learn sparsity in deep neural network pruning. However, its role is mainly explored in the small penalty strength regime. In this work, we extend its application to a new scenario where the regularization grows large gradually to tackle two central problems of pruning: pruning schedule and weight importance scoring. (1) The former topic is newly brought up in this work, which we find critical to the pruning performance while receives little research attention. Specifically, we propose an L2 regularization variant with rising penalty factors and show it can bring significant accuracy gains compared with its one-shot counterpart, even when the same weights are removed. (2) The growing penalty scheme also brings us an approach to exploit the Hessian information for more accurate pruning without knowing their specific values, thus not bothered by the common Hessian approximation problems. Empirically, the proposed algorithms are easy to implement and scalable to large datasets and networks in both structured and unstructured pruning. Their effectiveness is demonstrated with modern deep neural networks on the CIFAR and ImageNet datasets, achieving competitive results compared to many state-of-the-art algorithms. Our code and trained models are publicly available at this https URL.",
    "arxivid": "2012.09243v2",
    "bib_name": "Neuralprun84",
    "md_text": "# Neural pruning via growing regularization\n\n\nabstract\n\nRegularization has long been utilized to learn sparsity in deep neural network pruning. However, its role is mainly explored in the small penalty strength regime. In this work, we extend its application to a new scenario where the regularization grows large gradually to tackle two central problems of pruning: pruning schedule and weight importance scoring. (1) The former topic is newly brought up in this work, which we find critical to the pruning performance while receives little research attention. Specifically, we propose an L2 regularization variant with rising penalty factors and show it can bring significant accuracy gains compared with its one-shot counterpart, even when the same weights are removed. (2) The growing penalty scheme also brings us an approach to exploit the Hessian information for more accurate pruning without knowing their specific values, thus not bothered by the common Hessian approximation problems. Empirically, the proposed algorithms are easy to implement and scalable to large datasets and networks in both structured and unstructured pruning. Their effectiveness is demonstrated with modern deep neural networks on the CIFAR and ImageNet datasets, achieving competitive results compared to many state-of-the-art algorithms. Our code and trained models are publicly available at this https URL.",
    "paper_type": "method",
    "attri": {
        "background": "This paper addresses the issue of deep neural network pruning, focusing on the role of regularization in learning sparsity. Previous methods have primarily explored small penalty strengths, but this work extends the application to a scenario where regularization grows large gradually, addressing critical problems such as pruning schedule and weight importance scoring.",
        "problem": {
            "definition": "The paper aims to solve the problem of effectively pruning deep neural networks while maintaining accuracy, specifically focusing on the challenges of determining an optimal pruning schedule and accurately scoring the importance of weights.",
            "key obstacle": "The main difficulty lies in the lack of research on pruning schedules and the reliance on Hessian approximations, which can lead to inaccuracies in weight importance scoring."
        },
        "idea": {
            "intuition": "The idea is inspired by the observation that a gradually increasing regularization penalty can improve pruning performance, addressing both the scheduling of pruning and the scoring of weight importance.",
            "opinion": "The proposed method involves an L2 regularization variant with rising penalty factors, which significantly enhances accuracy compared to one-shot pruning methods, even when the same weights are removed.",
            "innovation": "The key innovation is the introduction of a growing penalty scheme that allows for the effective use of Hessian information in pruning without the complications of specific value approximations, leading to more accurate pruning outcomes."
        },
        "method": {
            "method name": "Neural Pruning via Growing Regularization",
            "method abbreviation": "NPG",
            "method definition": "NPG is a method that employs a progressively increasing L2 regularization penalty to enhance the pruning process of deep neural networks, optimizing both the pruning schedule and weight importance scoring.",
            "method description": "The core of NPG involves applying a growing regularization penalty to facilitate effective neural network pruning.",
            "method steps": "1. Initialize the neural network and dataset. 2. Apply L2 regularization with increasing penalty factors. 3. Evaluate weight importance using Hessian information. 4. Prune weights based on importance scores. 5. Fine-tune the pruned network for accuracy.",
            "principle": "This method is effective because the growing penalty helps in accurately determining which weights to prune while maintaining overall network performance, leveraging Hessian information without the need for precise approximations."
        },
        "experiments": {
            "evaluation setting": "The experiments were conducted on modern deep neural networks using the CIFAR and ImageNet datasets, comparing the proposed method against several state-of-the-art algorithms.",
            "evaluation method": "The performance of the NPG method was assessed by measuring accuracy and comparing results with baseline methods, ensuring a comprehensive analysis of its effectiveness."
        },
        "conclusion": "The experiments demonstrated that the proposed Neural Pruning via Growing Regularization method achieves competitive results in pruning performance, significantly improving accuracy over traditional methods and addressing critical issues in the pruning process.",
        "discussion": {
            "advantage": "The key advantages of the proposed approach include its ability to enhance pruning accuracy through a dynamic regularization scheme and its scalability to large datasets and networks.",
            "limitation": "One limitation of the method is that it may require careful tuning of the penalty growth rate to achieve optimal results, which could vary across different network architectures.",
            "future work": "Future research could explore further optimizations in the penalty growth strategy and investigate the application of this approach to other types of neural network architectures."
        },
        "other info": {
            "code availability": "The code and trained models are publicly available at the provided URL."
        }
    },
    "mount_outline": [
        {
            "section number": "1.1",
            "key information": "This paper addresses the issue of deep neural network pruning, focusing on the role of regularization in learning sparsity."
        },
        {
            "section number": "1.2",
            "key information": "The paper aims to solve the problem of effectively pruning deep neural networks while maintaining accuracy, specifically focusing on the challenges of determining an optimal pruning schedule and accurately scoring the importance of weights."
        },
        {
            "section number": "2.3",
            "key information": "The proposed method involves an L2 regularization variant with rising penalty factors, which significantly enhances accuracy compared to one-shot pruning methods."
        },
        {
            "section number": "3.1",
            "key information": "The main difficulty lies in the lack of research on pruning schedules and the reliance on Hessian approximations, which can lead to inaccuracies in weight importance scoring."
        },
        {
            "section number": "4.1",
            "key information": "The performance of the NPG method was assessed by measuring accuracy and comparing results with baseline methods, ensuring a comprehensive analysis of its effectiveness."
        },
        {
            "section number": "5.1",
            "key information": "The key advantages of the proposed approach include its ability to enhance pruning accuracy through a dynamic regularization scheme."
        },
        {
            "section number": "6.1",
            "key information": "Future research could explore further optimizations in the penalty growth strategy and investigate the application of this approach to other types of neural network architectures."
        }
    ],
    "similarity_score": null,
    "image": null,
    "path": "/home/liudingyuan/code/SurveyX/code/SurveyX-main/outputs/t14/papers/Neural pruning via growing regularization.json"
}