{
    "from": null,
    "scholar_id": null,
    "detail_id": null,
    "title": "Never train from scratch: Fair comparison of long-sequence models requires data-driven priors",
    "abstract": "This paper is an extended abstract of our ICLR 2024 Outstanding Paper Award work. Modeling long-range dependencies across sequences is a longstanding goal in machine learning. While state space models reportedly outperform Transformers on benchmarks like Long Range Arena, we show that random initialization significantly overestimates architectural differences. Pretraining with standard denoising objectives on downstream task data leads to dramatic gains across architectures and minimal performance gaps between Transformers and state space models (SSMs). We demonstrate that properly pretrained vanilla Transformers match S4 performance on Long Range Arena and improve SSM results on PathX-256 by 20 absolute points. Our analysis shows previously-proposed structured parameterizations for SSMs become largely redundant with pretraining. When evaluating architectures on supervised tasks, incorporating data-driven priors via pretraining is essential for reliable performance estimation.",
    "arxivid": "2310.02980v4",
    "bib_name": "Nevertrain140",
    "md_text": "# Never train from scratch: Fair comparison of long-sequence models requires data-driven priors\n\n\nabstract\n\nThis paper is an extended abstract of our ICLR 2024 Outstanding Paper Award work. Modeling long-range dependencies across sequences is a longstanding goal in machine learning. While state space models reportedly outperform Transformers on benchmarks like Long Range Arena, we show that random initialization significantly overestimates architectural differences. Pretraining with standard denoising objectives on downstream task data leads to dramatic gains across architectures and minimal performance gaps between Transformers and state space models (SSMs). We demonstrate that properly pretrained vanilla Transformers match S4 performance on Long Range Arena and improve SSM results on PathX-256 by 20 absolute points. Our analysis shows previously-proposed structured parameterizations for SSMs become largely redundant with pretraining. When evaluating architectures on supervised tasks, incorporating data-driven priors via pretraining is essential for reliable performance estimation.",
    "paper_type": "benchmark",
    "attri": {
        "background": "Modeling long-range dependencies across sequences is a longstanding goal in machine learning. This benchmark is necessary to provide a fair comparison between different architectures, particularly between Transformers and state space models (SSMs), as previous evaluations may have overestimated the differences due to random initialization.",
        "problem": {
            "definition": "The benchmark is designed to address the problem of accurately evaluating the performance of long-sequence models in capturing dependencies across sequences.",
            "key obstacle": "Existing benchmarks like Long Range Arena may not provide a reliable assessment due to the overestimation of architectural differences caused by random initialization."
        },
        "idea": {
            "intuition": "The development of this benchmark was inspired by the observation that pretraining with standard denoising objectives can significantly improve model performance, thus necessitating a reevaluation of existing benchmarks.",
            "opinion": "The authors believe that incorporating data-driven priors through pretraining is crucial for reliable performance estimation of long-sequence models.",
            "innovation": "This benchmark differs from previous ones by emphasizing the importance of pretraining for fair comparisons and demonstrating that pretrained Transformers can match or exceed the performance of SSMs.",
            "benchmark abbreviation": "LRA"
        },
        "dataset": {
            "source": "The dataset was created using real-world data from downstream tasks, which were then used for pretraining.",
            "desc": "The dataset includes various sequences that challenge models to capture long-range dependencies effectively.",
            "content": "The dataset comprises sequences of data relevant to long-range dependency modeling.",
            "size": "-",
            "domain": "Long-Sequence Modeling",
            "task format": "Performance Evaluation"
        },
        "metrics": {
            "metric name": "Accuracy, Performance Gap",
            "aspect": "Model performance in capturing long-range dependencies.",
            "principle": "The metrics were selected based on their relevance to the task of evaluating long-sequence models and their ability to reflect the improvements gained through pretraining.",
            "procedure": "Models were evaluated based on their performance on the benchmark dataset, focusing on accuracy and the performance gap between different architectures."
        },
        "experiments": {
            "model": "The models tested include both state-of-the-art Transformers and state space models.",
            "procedure": "Models were pretrained using standard denoising objectives on the dataset, followed by evaluation on the benchmark to assess their performance.",
            "result": "Pretrained Transformers matched S4 performance on Long Range Arena and improved SSM results on PathX-256 by 20 absolute points.",
            "variability": "Variability was accounted for through multiple trials and evaluations across different architectures."
        },
        "conclusion": "The findings indicate that pretraining is essential for reliable performance estimation of long-sequence models, and it minimizes performance gaps between different architectures.",
        "discussion": {
            "advantage": "The benchmark provides a more accurate assessment of model performance by incorporating pretraining, addressing previous limitations in evaluating long-sequence models.",
            "limitation": "One limitation is that the benchmark may still be influenced by the choice of pretraining objectives and the quality of the downstream task data.",
            "future work": "Future research should explore additional pretraining strategies and their effects on model performance in various contexts."
        },
        "other info": []
    },
    "mount_outline": [
        {
            "section number": "1.1",
            "key information": "Pruning is important for improving model efficiency and performance, which aligns with the paper's focus on accurately evaluating model performance in capturing long-range dependencies."
        },
        {
            "section number": "2.1",
            "key information": "The paper discusses the role of long-sequence models, including Transformers and state space models, highlighting their significance in modern AI."
        },
        {
            "section number": "2.3",
            "key information": "The benchmark emphasizes the importance of pretraining for fair comparisons, which relates to enhancing model efficiency and performance through improved evaluation methods."
        },
        {
            "section number": "4.2",
            "key information": "The metrics used in the paper include accuracy and performance gap, which are essential for assessing the effectiveness of pruning methods."
        },
        {
            "section number": "5.1",
            "key information": "The paper discusses the trade-offs between model performance and the choice of pretraining objectives, which relates to maintaining accuracy while optimizing model size."
        },
        {
            "section number": "6.3",
            "key information": "Future research directions mentioned in the paper include exploring additional pretraining strategies, which can inform ongoing challenges in neural network pruning."
        }
    ],
    "similarity_score": null,
    "image": null,
    "path": "/home/liudingyuan/code/SurveyX/code/SurveyX-main/outputs/t14/papers/Never train from scratch_ Fair comparison of long-sequence models requires data-driven priors.json"
}