{
    "from": null,
    "scholar_id": null,
    "detail_id": null,
    "title": "NPAS: A compiler-aware framework of unified network pruning and architecture search for beyond real-time mobile acceleration",
    "abstract": "With the increasing demand to efficiently deploy DNNs on mobile edge devices, it becomes much more important to reduce unnecessary computation and increase the execution speed. Prior methods towards this goal, including model compression and network architecture search (NAS), are largely performed independently, and do not fully consider compiler-level optimizations which is a must-do for mobile acceleration. In this work, we first propose (i) a general category of fine-grained structured pruning applicable to various DNN layers, and (ii) a comprehensive, compiler automatic code generation framework supporting different DNNs and different pruning schemes, which bridge the gap of model compression and NAS. We further propose NPAS, a compiler-aware unified network pruning and architecture search. To deal with large search space, we propose a meta-modeling procedure based on reinforcement learning with fast evaluation and Bayesian optimization, ensuring the total number of training epochs comparable with representative NAS frameworks. Our framework achieves 6.7ms, 5.9ms, and 3.9ms ImageNet inference times with 78.2%, 75% (MobileNet-V3 level), and 71% (MobileNet-V2 level) Top-1 accuracy respectively on an off-the-shelf mobile phone, consistently outperforming prior work.",
    "arxivid": "2012.00596v3",
    "bib_name": "NPAS:Acomp56",
    "md_text": "# NPAS: A compiler-aware framework of unified network pruning and architecture search for beyond real-time mobile acceleration\n\n\nabstract\n\nWith the increasing demand to efficiently deploy DNNs on mobile edge devices, it becomes much more important to reduce unnecessary computation and increase the execution speed. Prior methods towards this goal, including model compression and network architecture search (NAS), are largely performed independently, and do not fully consider compiler-level optimizations which is a must-do for mobile acceleration. In this work, we first propose (i) a general category of fine-grained structured pruning applicable to various DNN layers, and (ii) a comprehensive, compiler automatic code generation framework supporting different DNNs and different pruning schemes, which bridge the gap of model compression and NAS. We further propose NPAS, a compiler-aware unified network pruning and architecture search. To deal with large search space, we propose a meta-modeling procedure based on reinforcement learning with fast evaluation and Bayesian optimization, ensuring the total number of training epochs comparable with representative NAS frameworks. Our framework achieves 6.7ms, 5.9ms, and 3.9ms ImageNet inference times with 78.2%, 75% (MobileNet-V3 level), and 71% (MobileNet-V2 level) Top-1 accuracy respectively on an off-the-shelf mobile phone, consistently outperforming prior work.",
    "paper_type": "method",
    "attri": {
        "background": "This paper addresses the issue of efficiently deploying deep neural networks (DNNs) on mobile edge devices by reducing unnecessary computation and increasing execution speed. Previous methods, including model compression and network architecture search (NAS), have largely been performed independently and do not fully consider compiler-level optimizations necessary for mobile acceleration.",
        "problem": {
            "definition": "The problem this paper aims to solve is the inefficiency in deploying DNNs on mobile devices due to the lack of integration between model compression and architecture search, which leads to suboptimal performance.",
            "key obstacle": "The main challenge is the large search space associated with NAS and the need for effective compiler-level optimizations that existing methods do not adequately address."
        },
        "idea": {
            "intuition": "The idea is inspired by the necessity to combine model compression techniques with NAS while incorporating compiler optimizations to enhance performance on mobile devices.",
            "opinion": "The proposed idea is NPAS, a compiler-aware framework that unifies network pruning and architecture search, allowing for more efficient DNN deployment on mobile devices.",
            "innovation": "The primary innovation of NPAS lies in its integration of fine-grained structured pruning with a meta-modeling procedure based on reinforcement learning and Bayesian optimization, which significantly reduces the training epochs compared to existing NAS frameworks."
        },
        "method": {
            "method name": "NPAS",
            "method abbreviation": "NPAS",
            "method definition": "NPAS is a compiler-aware framework that combines unified network pruning and architecture search to optimize DNNs for mobile acceleration.",
            "method description": "The core of NPAS is its ability to perform structured pruning and architecture search simultaneously while leveraging compiler optimizations.",
            "method steps": "1. Fine-grained structured pruning applicable to various DNN layers; 2. Compiler automatic code generation framework; 3. Meta-modeling procedure based on reinforcement learning; 4. Fast evaluation and Bayesian optimization.",
            "principle": "NPAS is effective in solving the problem because it bridges the gap between model compression and NAS, enabling optimized DNN deployment on mobile devices through integrated compiler-level enhancements."
        },
        "experiments": {
            "evaluation setting": "The experimental setup involved testing NPAS on an off-the-shelf mobile phone using ImageNet, with comparisons to prior work in terms of inference times and accuracy.",
            "evaluation method": "The performance of NPAS was assessed by measuring inference times and Top-1 accuracy across different pruning levels (78.2%, 75%, and 71%) on ImageNet."
        },
        "conclusion": "The outcomes of the experiments demonstrate that NPAS achieves significantly improved inference times (6.7ms, 5.9ms, and 3.9ms) while maintaining high accuracy, consistently outperforming prior methods.",
        "discussion": {
            "advantage": "The key advantages of NPAS include its ability to integrate model compression and architecture search with compiler optimizations, resulting in faster inference times and higher efficiency on mobile devices.",
            "limitation": "A limitation of NPAS may include the complexity of its implementation due to the integration of multiple advanced techniques, which could be challenging for practical deployment.",
            "future work": "Future work could focus on further simplifying the implementation of NPAS and exploring additional optimization techniques to enhance its performance even further."
        },
        "other info": [
            {
                "info1": "The framework supports different DNNs and various pruning schemes."
            },
            {
                "info2": {
                    "info2.1": "NPAS is designed to address the needs of real-time mobile applications.",
                    "info2.2": "The framework leverages advancements in reinforcement learning for efficient search."
                }
            }
        ]
    },
    "mount_outline": [
        {
            "section number": "1.1",
            "key information": "The paper addresses the importance of pruning in deep neural networks by focusing on efficiently deploying DNNs on mobile edge devices, emphasizing the reduction of unnecessary computation and increased execution speed."
        },
        {
            "section number": "2.2",
            "key information": "The proposed NPAS framework integrates model compression techniques with architecture search, providing a novel approach to compressing neural network models for improved efficiency."
        },
        {
            "section number": "2.3",
            "key information": "NPAS performs structured pruning while simultaneously executing architecture search, highlighting the role of pruning in enhancing neural network efficiency and performance."
        },
        {
            "section number": "3.1",
            "key information": "The NPAS framework employs fine-grained structured pruning, distinguishing it as a method that combines structured and unstructured approaches for effective model optimization."
        },
        {
            "section number": "4.1",
            "key information": "The evaluation of NPAS included measuring inference times and accuracy retention across different pruning levels, providing criteria for assessing pruning methods."
        },
        {
            "section number": "5.2",
            "key information": "The paper discusses how NPAS impacts computational efficiency by significantly improving inference times while maintaining high accuracy in mobile applications."
        },
        {
            "section number": "6.1",
            "key information": "The NPAS framework recommends integrating model compression and architecture search with compiler optimizations as best practices for effective neural network pruning."
        },
        {
            "section number": "6.3",
            "key information": "Future work on NPAS may focus on simplifying its implementation and exploring additional optimization techniques, addressing ongoing challenges in neural network pruning."
        }
    ],
    "similarity_score": null,
    "image": null,
    "path": "/home/liudingyuan/code/SurveyX/code/SurveyX-main/outputs/t14/papers/NPAS_ A compiler-aware framework of unified network pruning and architecture search for beyond real-time mobile acceleration.json"
}