{
    "from": null,
    "scholar_id": null,
    "detail_id": null,
    "title": "NTK-SAP: Improving neural network pruning by aligning training dynamics",
    "abstract": "Pruning neural networks before training has received increasing interest due to its potential to reduce training time and memory. One popular method is to prune the connections based on a certain metric, but it is not entirely clear what metric is the best choice. Recent advances in neural tangent kernel (NTK) theory suggest that the training dynamics of large enough neural networks is closely related to the spectrum of the NTK. Motivated by this finding, we propose to prune the connections that have the least influence on the spectrum of the NTK. This method can help maintain the NTK spectrum, which may help align the training dynamics to that of its dense counterpart. However, one possible issue is that the fixed-weight-NTK corresponding to a given initial point can be very different from the NTK corresponding to later iterates during the training phase. We further propose to sample multiple realizations of random weights to estimate the NTK spectrum. Note that our approach is weight-agnostic, which is different from most existing methods that are weight-dependent. In addition, we use random inputs to compute the fixed-weight-NTK, making our method data-agnostic as well. We name our foresight pruning algorithm Neural Tangent Kernel Spectrum-Aware Pruning (NTK-SAP). Empirically, our method achieves better performance than all baselines on multiple datasets.",
    "arxivid": "2304.02840v1",
    "bib_name": "NTK-SAP:Im186",
    "md_text": "# NTK-SAP: Improving neural network pruning by aligning training dynamics\n\n\nabstract\n\nPruning neural networks before training has received increasing interest due to its potential to reduce training time and memory. One popular method is to prune the connections based on a certain metric, but it is not entirely clear what metric is the best choice. Recent advances in neural tangent kernel (NTK) theory suggest that the training dynamics of large enough neural networks is closely related to the spectrum of the NTK. Motivated by this finding, we propose to prune the connections that have the least influence on the spectrum of the NTK. This method can help maintain the NTK spectrum, which may help align the training dynamics to that of its dense counterpart. However, one possible issue is that the fixed-weight-NTK corresponding to a given initial point can be very different from the NTK corresponding to later iterates during the training phase. We further propose to sample multiple realizations of random weights to estimate the NTK spectrum. Note that our approach is weight-agnostic, which is different from most existing methods that are weight-dependent. In addition, we use random inputs to compute the fixed-weight-NTK, making our method data-agnostic as well. We name our foresight pruning algorithm Neural Tangent Kernel Spectrum-Aware Pruning (NTK-SAP). Empirically, our method achieves better performance than all baselines on multiple datasets.",
    "paper_type": "method",
    "attri": {
        "background": "This paper addresses the issue of pruning neural networks before training to reduce training time and memory, highlighting the lack of clarity regarding the best metric for pruning connections.",
        "problem": {
            "definition": "The problem is the challenge of effectively pruning neural networks in a way that optimally reduces their size without significantly impacting performance.",
            "key obstacle": "The main difficulty is that existing methods are often weight-dependent, making them less effective due to variations in training dynamics."
        },
        "idea": {
            "intuition": "The idea is inspired by recent advances in neural tangent kernel (NTK) theory, which connects training dynamics to the NTK spectrum.",
            "opinion": "The proposed idea involves pruning connections that have the least influence on the NTK spectrum to better align training dynamics with those of dense networks.",
            "innovation": "The key innovation is the weight-agnostic nature of the proposed method, contrasting with existing weight-dependent approaches."
        },
        "method": {
            "method name": "Neural Tangent Kernel Spectrum-Aware Pruning",
            "method abbreviation": "NTK-SAP",
            "method definition": "NTK-SAP is a method that prunes neural network connections based on their influence on the NTK spectrum, aiming to preserve training dynamics.",
            "method description": "The core of NTK-SAP involves aligning the NTK spectrum during pruning to maintain effective training dynamics.",
            "method steps": "1. Sample multiple realizations of random weights. 2. Compute the fixed-weight-NTK using random inputs. 3. Prune connections based on their influence on the NTK spectrum.",
            "principle": "The method is effective because it focuses on maintaining the NTK spectrum, which is crucial for aligning the training dynamics with those of the dense counterpart."
        },
        "experiments": {
            "evaluation setting": "The experimental setup includes multiple datasets and comparisons with baseline methods to assess the performance of NTK-SAP.",
            "evaluation method": "Performance is measured by comparing the results of NTK-SAP against various baseline methods across the chosen datasets."
        },
        "conclusion": "Empirically, NTK-SAP demonstrates better performance than all baseline methods across multiple datasets, indicating its effectiveness in neural network pruning.",
        "discussion": {
            "advantage": "The key advantages of NTK-SAP include its weight-agnostic and data-agnostic characteristics, which enhance its applicability and effectiveness.",
            "limitation": "A limitation of the method is that the fixed-weight-NTK corresponding to a given initial point can differ significantly from the NTK during later training iterations.",
            "future work": "Future work could explore further refinements of the pruning strategy and investigate the impact of different datasets on the performance of NTK-SAP."
        },
        "other info": []
    },
    "mount_outline": [
        {
            "section number": "1.1",
            "key information": "Pruning neural networks before training can significantly reduce training time and memory, contributing to model efficiency."
        },
        {
            "section number": "2.3",
            "key information": "The proposed method, Neural Tangent Kernel Spectrum-Aware Pruning (NTK-SAP), prunes connections based on their influence on the NTK spectrum, enhancing neural network efficiency."
        },
        {
            "section number": "3.2",
            "key information": "NTK-SAP represents a novel pruning approach that is weight-agnostic, contrasting with existing weight-dependent methods."
        },
        {
            "section number": "4.3",
            "key information": "Empirical results show that NTK-SAP demonstrates better performance than all baseline methods across multiple datasets, indicating its effectiveness."
        },
        {
            "section number": "5.1",
            "key information": "The challenge of effectively pruning neural networks lies in reducing their size without significantly impacting performance."
        },
        {
            "section number": "6.1",
            "key information": "The advantages of NTK-SAP include its weight-agnostic and data-agnostic characteristics, which enhance its applicability and effectiveness."
        },
        {
            "section number": "6.3",
            "key information": "Future work could explore refinements of the pruning strategy and investigate the impact of different datasets on the performance of NTK-SAP."
        }
    ],
    "similarity_score": null,
    "image": null,
    "path": "/home/liudingyuan/code/SurveyX/code/SurveyX-main/outputs/t14/papers/NTK-SAP_ Improving neural network pruning by aligning training dynamics.json"
}