{
    "from": null,
    "scholar_id": null,
    "detail_id": null,
    "title": "On the predictability of pruning across scales",
    "abstract": "We show that the error of iteratively-pruned networks empirically follows a scaling law with interpretable coefficients that depend on the architecture and task. We functionally approximate the error of the pruned networks, showing that it is predictable in terms of an invariant tying width, depth, and pruning level, such that networks of vastly different sparsities are freely interchangeable. We demonstrate the accuracy of this functional approximation over scales spanning orders of magnitude in depth, width, dataset size, and sparsity. We show that the scaling law functional form holds (generalizes) for large scale data (CIFAR-10, ImageNet), architectures (ResNets, VGGs) and iterative pruning algorithms (IMP, SynFlow). As neural networks become ever larger and more expensive to train, our findings suggest a framework for reasoning conceptually and analytically about pruning.",
    "arxivid": "2006.10621v3",
    "bib_name": "Onthepredi122",
    "md_text": "# On the predictability of pruning across scales\n\n\nabstract\n\nWe show that the error of iteratively-pruned networks empirically follows a scaling law with interpretable coefficients that depend on the architecture and task. We functionally approximate the error of the pruned networks, showing that it is predictable in terms of an invariant tying width, depth, and pruning level, such that networks of vastly different sparsities are freely interchangeable. We demonstrate the accuracy of this functional approximation over scales spanning orders of magnitude in depth, width, dataset size, and sparsity. We show that the scaling law functional form holds (generalizes) for large scale data (CIFAR-10, ImageNet), architectures (ResNets, VGGs) and iterative pruning algorithms (IMP, SynFlow). As neural networks become ever larger and more expensive to train, our findings suggest a framework for reasoning conceptually and analytically about pruning.",
    "paper_type": "theory",
    "attri": {
        "background": "This paper addresses the issue of predictability in the performance of iteratively-pruned neural networks, highlighting the significance of understanding how network architecture and task affect pruning outcomes.",
        "problem": {
            "definition": "The primary problem is the unpredictability of error rates in pruned networks across different architectures and tasks.",
            "key obstacle": "The main challenge is establishing a reliable method to predict the error of pruned networks as they vary in depth, width, and sparsity."
        },
        "idea": {
            "intuition": "The idea was inspired by the observation that error rates of pruned networks exhibit scaling behavior.",
            "opinion": "The core idea is that the error of pruned networks can be functionally approximated using a scaling law that is consistent across various architectures and tasks.",
            "innovation": "The primary improvement over previous methods is the introduction of a functional approximation that allows for the interchangeability of networks with different sparsity levels based on a common invariant tied to width, depth, and pruning level."
        },
        "Theory": {
            "perspective": "The theoretical perspective focuses on the scaling laws that govern the error rates of pruned networks, providing a framework for understanding the relationship between network architecture and performance.",
            "opinion": "The view is that the predictability of pruned networks can be generalized across different scales and configurations, challenging previous assumptions about their behavior.",
            "proof": "The proof involves empirical validation of the scaling law through extensive experiments across various datasets and architectures, demonstrating consistent error predictions."
        },
        "experiments": {
            "evaluation setting": "The experiments were conducted using large-scale datasets such as CIFAR-10 and ImageNet, with architectures including ResNets and VGGs, and iterative pruning algorithms like IMP and SynFlow.",
            "evaluation method": "The evaluation involved assessing the functional approximation of error rates across different scales, comparing predicted and actual error rates."
        },
        "conclusion": "The findings indicate that the error of pruned networks can be accurately predicted using a scaling law, providing a valuable framework for understanding and optimizing pruning strategies in neural networks.",
        "discussion": {
            "advantage": "The main advantage of this paper is the establishment of a predictable framework for pruning that can be applied across various architectures and tasks.",
            "limitation": "A limitation is that the scaling law may not account for all nuances of different architectures, potentially oversimplifying complex interactions.",
            "future work": "Future work could focus on refining the scaling laws and exploring their applicability to more diverse architectures and pruning methods, as well as investigating the underlying mechanisms that drive the observed predictability."
        },
        "other info": []
    },
    "mount_outline": [
        {
            "section number": "1.1",
            "key information": "The paper highlights the significance of understanding how network architecture and task affect pruning outcomes, contributing to model efficiency and performance."
        },
        {
            "section number": "2.3",
            "key information": "The paper defines the unpredictability of error rates in pruned networks across different architectures and tasks, emphasizing the role of scaling laws in enhancing neural network efficiency."
        },
        {
            "section number": "3.2",
            "key information": "The paper discusses an innovative functional approximation that allows for the interchangeability of networks with different sparsity levels, representing a novel pruning approach."
        },
        {
            "section number": "4.1",
            "key information": "The criteria for evaluating pruning methods include the predictability of error rates based on the scaling law established in the paper."
        },
        {
            "section number": "5.3",
            "key information": "The findings indicate that the error of pruned networks can be accurately predicted using a scaling law, which influences overall model performance."
        },
        {
            "section number": "6.1",
            "key information": "The paper establishes a predictable framework for pruning that can be applied across various architectures and tasks, suggesting best practices for neural network pruning."
        },
        {
            "section number": "6.3",
            "key information": "Future work could focus on refining the scaling laws and exploring their applicability to more diverse architectures and pruning methods."
        }
    ],
    "similarity_score": null,
    "image": null,
    "path": "/home/liudingyuan/code/SurveyX/code/SurveyX-main/outputs/t14/papers/On the predictability of pruning across scales.json"
}