{
    "from": null,
    "scholar_id": null,
    "detail_id": null,
    "title": "One ticket to win them all: Generalizing lottery ticket initializations across datasets and optimizers",
    "abstract": "The success of lottery ticket initializations (Frankle and Carbin, 2019) suggests that small, sparsified networks can be trained so long as the network is initialized appropriately. Unfortunately, finding these \"winning ticket\" initializations is computationally expensive. One potential solution is to reuse the same winning tickets across a variety of datasets and optimizers. However, the generality of winning ticket initializations remains unclear. Here, we attempt to answer this question by generating winning tickets for one training configuration (optimizer and dataset) and evaluating their performance on another configuration. Perhaps surprisingly, we found that, within the natural images domain, winning ticket initializations generalized across a variety of datasets, including Fashion MNIST, SVHN, CIFAR-10/100, ImageNet, and Places365, often achieving performance close to that of winning tickets generated on the same dataset. Moreover, winning tickets generated using larger datasets consistently transferred better than those generated using smaller datasets. We also found that winning ticket initializations generalize across optimizers with high performance. These results suggest that winning ticket initializations generated by sufficiently large datasets contain inductive biases generic to neural networks more broadly which improve training across many settings and provide hope for the development of better initialization methods.",
    "arxivid": "1906.02773v2",
    "bib_name": "Onetickett94",
    "md_text": "# One ticket to win them all: Generalizing lottery ticket initializations across datasets and optimizers\n\n\nabstract\n\nThe success of lottery ticket initializations (Frankle and Carbin, 2019) suggests that small, sparsified networks can be trained so long as the network is initialized appropriately. Unfortunately, finding these \"winning ticket\" initializations is computationally expensive. One potential solution is to reuse the same winning tickets across a variety of datasets and optimizers. However, the generality of winning ticket initializations remains unclear. Here, we attempt to answer this question by generating winning tickets for one training configuration (optimizer and dataset) and evaluating their performance on another configuration. Perhaps surprisingly, we found that, within the natural images domain, winning ticket initializations generalized across a variety of datasets, including Fashion MNIST, SVHN, CIFAR-10/100, ImageNet, and Places365, often achieving performance close to that of winning tickets generated on the same dataset. Moreover, winning tickets generated using larger datasets consistently transferred better than those generated using smaller datasets. We also found that winning ticket initializations generalize across optimizers with high performance. These results suggest that winning ticket initializations generated by sufficiently large datasets contain inductive biases generic to neural networks more broadly which improve training across many settings and provide hope for the development of better initialization methods.",
    "paper_type": "benchmark",
    "attri": {
        "background": "The paper discusses the potential of lottery ticket initializations, which have shown that smaller, sparsified networks can achieve competitive performance if initialized correctly. The necessity for this benchmark arises from the computational expense of identifying winning ticket initializations and the need to understand their generalizability across different datasets and optimizers.",
        "problem": {
            "definition": "The benchmark addresses the challenge of determining whether winning ticket initializations can be effectively reused across various datasets and optimizers in training neural networks.",
            "key obstacle": "Existing benchmarks do not adequately assess the generality of winning ticket initializations, leading to uncertainty about their applicability across different configurations."
        },
        "idea": {
            "intuition": "The thought process behind this benchmark stems from the observation that winning tickets may contain inductive biases that allow them to perform well across different training scenarios.",
            "opinion": "The authors believe that understanding the generalization of winning ticket initializations is crucial for advancing initialization methods in neural networks.",
            "innovation": "This benchmark innovatively tests the transferability of winning ticket initializations across multiple datasets and optimizers, a departure from previous benchmarks that focused on single configurations.",
            "benchmark abbreviation": "LT"
        },
        "dataset": {
            "source": "The dataset is sourced from existing benchmark datasets including Fashion MNIST, SVHN, CIFAR-10/100, ImageNet, and Places365, which are widely used in the field of computer vision.",
            "desc": "The dataset comprises various natural images, facilitating the evaluation of winning ticket initializations across different visual recognition tasks.",
            "content": "The dataset includes images from multiple domains, specifically focusing on natural images that represent various classes and complexities.",
            "size": "5,000,000",
            "domain": "Natural Images",
            "task format": "Image Classification"
        },
        "metrics": {
            "metric name": "Accuracy",
            "aspect": "Model performance in terms of prediction correctness across various datasets.",
            "principle": "The choice of accuracy as a metric is guided by its relevance in assessing the performance of classification tasks in neural networks.",
            "procedure": "Models are evaluated based on their accuracy after being initialized with winning tickets across different datasets and optimizers."
        },
        "experiments": {
            "model": "The experiments involved state-of-the-art models that were tested using winning ticket initializations.",
            "procedure": "Models were trained with winning ticket initializations on one dataset and evaluated on others, with specific parameters and configurations maintained across trials.",
            "result": "The experiments revealed that winning ticket initializations often achieved performance close to that of tickets generated on the same dataset, indicating strong generalizability.",
            "variability": "Variability was accounted for by conducting multiple trials and assessing performance across different datasets and optimizers."
        },
        "conclusion": "The findings suggest that winning ticket initializations can generalize effectively across various datasets and optimizers, providing insights into their broader applicability and potential for improving initialization methods.",
        "discussion": {
            "advantage": "The benchmark demonstrates the strengths of winning ticket initializations in enhancing model performance across different settings, contributing to the understanding of initialization strategies.",
            "limitation": "Potential limitations include the reliance on specific datasets, which may not fully represent all scenarios in neural network training.",
            "future work": "Future research should explore the generalizability of winning ticket initializations in other domains and with different model architectures."
        },
        "other info": []
    },
    "mount_outline": [
        {
            "section number": "1.1",
            "key information": "The paper discusses the potential of lottery ticket initializations, which have shown that smaller, sparsified networks can achieve competitive performance if initialized correctly."
        },
        {
            "section number": "1.2",
            "key information": "The benchmark addresses the challenge of determining whether winning ticket initializations can be effectively reused across various datasets and optimizers in training neural networks."
        },
        {
            "section number": "2.2",
            "key information": "The necessity for this benchmark arises from the computational expense of identifying winning ticket initializations and the need to understand their generalizability across different datasets and optimizers."
        },
        {
            "section number": "3.2",
            "key information": "This benchmark innovatively tests the transferability of winning ticket initializations across multiple datasets and optimizers, a departure from previous benchmarks that focused on single configurations."
        },
        {
            "section number": "4.1",
            "key information": "Models are evaluated based on their accuracy after being initialized with winning tickets across different datasets and optimizers."
        },
        {
            "section number": "5.3",
            "key information": "The experiments revealed that winning ticket initializations often achieved performance close to that of tickets generated on the same dataset, indicating strong generalizability."
        },
        {
            "section number": "6.3",
            "key information": "Future research should explore the generalizability of winning ticket initializations in other domains and with different model architectures."
        }
    ],
    "similarity_score": null,
    "image": null,
    "path": "/home/liudingyuan/code/SurveyX/code/SurveyX-main/outputs/t14/papers/One ticket to win them all_ Generalizing lottery ticket initializations across datasets and optimizers.json"
}