{
    "from": null,
    "scholar_id": null,
    "detail_id": null,
    "title": "PaLM: Scaling language modeling with pathways",
    "abstract": "Large language models have been shown to achieve remarkable performance across a variety of natural language tasks using few-shot learning, which drastically reduces the number of task-specific training examples needed to adapt the model to a particular application. To further our understanding of the impact of scale on few-shot learning, we trained a 540-billion parameter, densely activated, Transformer language model, which we call Pathways Language Model PaLM. We trained PaLM on 6144 TPU v4 chips using Pathways, a new ML system which enables highly efficient training across multiple TPU Pods. We demonstrate continued benefits of scaling by achieving state-of-the-art few-shot learning results on hundreds of language understanding and generation benchmarks. On a number of these tasks, PaLM 540B achieves breakthrough performance, outperforming the finetuned state-of-the-art on a suite of multi-step reasoning tasks, and outperforming average human performance on the recently released BIG-bench benchmark. A significant number of BIG-bench tasks showed discontinuous improvements from model scale, meaning that performance steeply increased as we scaled to our largest model. PaLM also has strong capabilities in multilingual tasks and source code generation, which we demonstrate on a wide array of benchmarks. We additionally provide a comprehensive analysis on bias and toxicity, and study the extent of training data memorization with respect to model scale. Finally, we discuss the ethical considerations related to large language models and discuss potential mitigation strategies.",
    "arxivid": "2204.02311v5",
    "bib_name": "PaLM:Scali2",
    "md_text": "# PaLM: Scaling language modeling with pathways\n\n\nabstract\n\nLarge language models have been shown to achieve remarkable performance across a variety of natural language tasks using few-shot learning, which drastically reduces the number of task-specific training examples needed to adapt the model to a particular application. To further our understanding of the impact of scale on few-shot learning, we trained a 540-billion parameter, densely activated, Transformer language model, which we call Pathways Language Model PaLM. We trained PaLM on 6144 TPU v4 chips using Pathways, a new ML system which enables highly efficient training across multiple TPU Pods. We demonstrate continued benefits of scaling by achieving state-of-the-art few-shot learning results on hundreds of language understanding and generation benchmarks. On a number of these tasks, PaLM 540B achieves breakthrough performance, outperforming the finetuned state-of-the-art on a suite of multi-step reasoning tasks, and outperforming average human performance on the recently released BIG-bench benchmark. A significant number of BIG-bench tasks showed discontinuous improvements from model scale, meaning that performance steeply increased as we scaled to our largest model. PaLM also has strong capabilities in multilingual tasks and source code generation, which we demonstrate on a wide array of benchmarks. We additionally provide a comprehensive analysis on bias and toxicity, and study the extent of training data memorization with respect to model scale. Finally, we discuss the ethical considerations related to large language models and discuss potential mitigation strategies.",
    "paper_type": "benchmark",
    "attri": {
        "background": "This paper addresses the issue of understanding the impact of scale on few-shot learning in large language models, highlighting the necessity of a benchmark to evaluate these models effectively within the broader research landscape.",
        "problem": {
            "definition": "The benchmark is designed to evaluate the performance of large language models on few-shot learning tasks across various language understanding and generation benchmarks.",
            "key obstacle": "Existing benchmarks may not adequately measure the performance improvements that come with scaling model size, particularly in multi-step reasoning tasks."
        },
        "idea": {
            "intuition": "The development of the benchmark was inspired by the observation that scaling models can lead to significant performance improvements in few-shot learning scenarios.",
            "opinion": "The authors believe that this benchmark is crucial for understanding the capabilities of large language models and their potential applications in real-world tasks.",
            "innovation": "The benchmark offers a unique perspective on the performance of models as they scale, particularly in terms of few-shot learning and multi-step reasoning, which is not adequately captured by previous benchmarks.",
            "benchmark abbreviation": "PaLM"
        },
        "dataset": {
            "source": "The dataset was created by training the PaLM model on a vast amount of text data sourced from diverse language tasks.",
            "desc": "The dataset includes a wide range of language understanding and generation tasks, designed to test the model's few-shot learning capabilities.",
            "content": "The dataset includes text data relevant to various language tasks, such as multi-step reasoning and multilingual understanding.",
            "size": "540,000,000,000",
            "domain": "Language Understanding",
            "task format": "Few-shot Learning"
        },
        "metrics": {
            "metric name": "Accuracy, F1-score",
            "aspect": "Model performance in terms of understanding and generating language.",
            "principle": "The metrics were chosen based on their ability to effectively measure the model's performance on language tasks and their relevance to few-shot learning.",
            "procedure": "Model performance was evaluated by comparing the outputs against a set of ground truth labels on various language tasks."
        },
        "experiments": {
            "model": "PaLM, a 540-billion parameter language model.",
            "procedure": "The models were trained using 6144 TPU v4 chips with the Pathways system, focusing on few-shot learning tasks.",
            "result": "The PaLM model achieved state-of-the-art performance on multiple language benchmarks, outperforming previous models and average human performance on certain tasks.",
            "variability": "Variability was accounted for through extensive testing across different tasks and model configurations."
        },
        "conclusion": "The experiments demonstrate that scaling language models significantly enhances their few-shot learning capabilities, with implications for their application across a range of language tasks.",
        "discussion": {
            "advantage": "The benchmark provides a comprehensive framework for evaluating the performance of large language models, particularly in few-shot learning scenarios.",
            "limitation": "Potential limitations include the benchmark's reliance on specific tasks that may not represent all real-world applications of language models.",
            "future work": "Future research could explore additional tasks and datasets to further validate the benchmark and assess the performance of language models in diverse contexts."
        },
        "other info": {
            "ethical considerations": "The paper discusses ethical issues related to large language models, including bias and toxicity, and suggests mitigation strategies."
        }
    },
    "mount_outline": [
        {
            "section number": "1.1",
            "key information": "This paper addresses the issue of understanding the impact of scale on few-shot learning in large language models, highlighting the necessity of a benchmark to evaluate these models effectively."
        },
        {
            "section number": "2.1",
            "key information": "The benchmark is designed to evaluate the performance of large language models on few-shot learning tasks across various language understanding and generation benchmarks."
        },
        {
            "section number": "4.1",
            "key information": "The metrics used for evaluation include Accuracy and F1-score, chosen for their relevance to measuring model performance on language tasks."
        },
        {
            "section number": "5.1",
            "key information": "The experiments demonstrate that scaling language models significantly enhances their few-shot learning capabilities, with implications for their application across a range of language tasks."
        },
        {
            "section number": "6.2",
            "key information": "Potential limitations include the benchmark's reliance on specific tasks that may not represent all real-world applications of language models."
        },
        {
            "section number": "6.3",
            "key information": "Future research could explore additional tasks and datasets to further validate the benchmark and assess the performance of language models in diverse contexts."
        }
    ],
    "similarity_score": null,
    "image": null,
    "path": "/home/liudingyuan/code/SurveyX/code/SurveyX-main/outputs/t14/papers/PaLM_ Scaling language modeling with pathways.json"
}