{
    "from": null,
    "scholar_id": null,
    "detail_id": null,
    "title": "Parameter efficient training of deep convolutional neural networks by dynamic sparse reparameterization",
    "abstract": "Modern deep neural networks are typically highly overparameterized. Pruning techniques are able to remove a significant fraction of network parameters with little loss in accuracy. Recently, techniques based on dynamic reallocation of non-zero parameters have emerged, allowing direct training of sparse networks without having to pre-train a large dense model. Here we present a novel dynamic sparse reparameterization method that addresses the limitations of previous techniques such as high computational cost and the need for manual configuration of the number of free parameters allocated to each layer. We evaluate the performance of dynamic reallocation methods in training deep convolutional networks and show that our method outperforms previous static and dynamic reparameterization methods, yielding the best accuracy for a fixed parameter budget, on par with accuracies obtained by iteratively pruning a pre-trained dense model. We further investigated the mechanisms underlying the superior generalization performance of the resultant sparse networks. We found that neither the structure, nor the initialization of the non-zero parameters were sufficient to explain the superior performance. Rather, effective learning crucially depended on the continuous exploration of the sparse network structure space during training. Our work suggests that exploring structural degrees of freedom during training is more effective than adding extra parameters to the network.",
    "arxivid": "1902.05967v3",
    "bib_name": "Parametere76",
    "md_text": "# Parameter efficient training of deep convolutional neural networks by dynamic sparse reparameterization\n\n\nabstract\n\nModern deep neural networks are typically highly overparameterized. Pruning techniques are able to remove a significant fraction of network parameters with little loss in accuracy. Recently, techniques based on dynamic reallocation of non-zero parameters have emerged, allowing direct training of sparse networks without having to pre-train a large dense model. Here we present a novel dynamic sparse reparameterization method that addresses the limitations of previous techniques such as high computational cost and the need for manual configuration of the number of free parameters allocated to each layer. We evaluate the performance of dynamic reallocation methods in training deep convolutional networks and show that our method outperforms previous static and dynamic reparameterization methods, yielding the best accuracy for a fixed parameter budget, on par with accuracies obtained by iteratively pruning a pre-trained dense model. We further investigated the mechanisms underlying the superior generalization performance of the resultant sparse networks. We found that neither the structure, nor the initialization of the non-zero parameters were sufficient to explain the superior performance. Rather, effective learning crucially depended on the continuous exploration of the sparse network structure space during training. Our work suggests that exploring structural degrees of freedom during training is more effective than adding extra parameters to the network.",
    "paper_type": "method",
    "attri": {
        "background": "This paper addresses the issue of overparameterization in modern deep neural networks and the limitations of previous pruning techniques, which often require pre-training a large dense model and involve high computational costs.",
        "problem": {
            "definition": "The problem is the inefficiency of training deep convolutional networks due to their overparameterized nature, which leads to high resource consumption without significant performance gains.",
            "key obstacle": "The main difficulty is the high computational cost and the need for manual configuration of parameters in existing dynamic reallocation methods."
        },
        "idea": {
            "intuition": "The idea is inspired by the observation that dynamic reallocation of parameters can lead to more efficient training of sparse networks without the drawbacks of traditional methods.",
            "opinion": "The proposed method introduces a novel dynamic sparse reparameterization approach that allows for efficient training of deep convolutional networks by optimizing the allocation of non-zero parameters during training.",
            "innovation": "The primary difference lies in the method's ability to dynamically allocate parameters without the need for pre-training and manual configuration, significantly reducing computational costs and improving performance."
        },
        "method": {
            "method name": "Dynamic Sparse Reparameterization",
            "method abbreviation": "DSR",
            "method definition": "DSR is a method that enables the training of sparse networks by dynamically reallocating non-zero parameters throughout the training process.",
            "method description": "The core of the method involves continuously exploring the sparse network structure space to optimize performance during training.",
            "method steps": "1. Initialize a sparse network with dynamic parameter allocation. 2. During training, continuously adjust the non-zero parameters based on performance metrics. 3. Evaluate the network's performance against a fixed parameter budget.",
            "principle": "This method is effective because it allows for continuous exploration of the sparse network structure, leading to better generalization and performance compared to static methods."
        },
        "experiments": {
            "evaluation setting": "The evaluation involved training deep convolutional networks using the proposed DSR method and comparing its performance against static and dynamic reparameterization methods under a fixed parameter budget.",
            "evaluation method": "Performance was assessed by measuring accuracy and generalization capabilities of the networks, analyzing the impact of dynamic parameter allocation during training."
        },
        "conclusion": "The experiments demonstrated that the dynamic sparse reparameterization method outperforms existing techniques, achieving high accuracy with efficient use of parameters and revealing the importance of exploring network structures during training.",
        "discussion": {
            "advantage": "The key advantages include improved accuracy for a fixed parameter budget and the elimination of manual configuration and pre-training requirements.",
            "limitation": "A potential limitation is that the method may still require careful tuning of certain parameters to achieve optimal performance.",
            "future work": "Future research could explore further enhancements in dynamic parameter allocation strategies and investigate the impact of different network architectures on the effectiveness of the DSR method."
        },
        "other info": []
    },
    "mount_outline": [
        {
            "section number": "1.1",
            "key information": "The paper addresses the issue of overparameterization in modern deep neural networks and emphasizes the importance of pruning techniques in enhancing model efficiency and performance."
        },
        {
            "section number": "2.2",
            "key information": "The proposed Dynamic Sparse Reparameterization (DSR) method enables efficient training of sparse networks by dynamically reallocating non-zero parameters, which contributes to model compression."
        },
        {
            "section number": "2.3",
            "key information": "The DSR method allows for dynamic allocation of parameters without the need for pre-training, making it a novel pruning technique that enhances neural network efficiency."
        },
        {
            "section number": "3.2",
            "key information": "The paper introduces a novel dynamic sparse reparameterization approach, which represents an innovative pruning technique that improves training efficiency."
        },
        {
            "section number": "4.1",
            "key information": "Criteria for evaluating the DSR method include its ability to achieve high accuracy while maintaining a fixed parameter budget and reducing computational costs."
        },
        {
            "section number": "5.1",
            "key information": "The DSR method demonstrates a trade-off between model size and accuracy, achieving improved accuracy for a fixed parameter budget."
        },
        {
            "section number": "5.3",
            "key information": "The experiments show that different pruning methods, including DSR, significantly influence overall model performance, highlighting the importance of exploring network structures during training."
        },
        {
            "section number": "6.1",
            "key information": "The paper recommends strategies for implementing effective pruning, such as using dynamic parameter allocation to optimize training efficiency."
        },
        {
            "section number": "6.3",
            "key information": "Future research directions include exploring enhancements in dynamic parameter allocation strategies and their impact on various network architectures."
        }
    ],
    "similarity_score": null,
    "image": null,
    "path": "/home/liudingyuan/code/SurveyX/code/SurveyX-main/outputs/t14/papers/Parameter efficient training of deep convolutional neural networks by dynamic sparse reparameterization.json"
}