{
    "from": null,
    "scholar_id": null,
    "detail_id": null,
    "title": "ParameterNet: Parameters are all you need",
    "abstract": "The large-scale visual pretraining has significantly improve the performance of large vision models. However, we observe the low FLOPs pitfall that the existing low-FLOPs models cannot benefit from large-scale pretraining. In this paper, we introduce a novel design principle, termed ParameterNet, aimed at augmenting the number of parameters in large-scale visual pretraining models while minimizing the increase in FLOPs. We leverage dynamic convolutions to incorporate additional parameters into the networks with only a marginal rise in FLOPs. The ParameterNet approach allows low-FLOPs networks to take advantage of large-scale visual pretraining. Furthermore, we extend the ParameterNet concept to the language domain to enhance inference results while preserving inference speed. Experiments on the large-scale ImageNet-22K have shown the superiority of our ParameterNet scheme. For example, ParameterNet-600M can achieve higher accuracy than the widely-used Swin Transformer (81.6% vs. 80.9%) and has much lower FLOPs (0.6G vs. 4.5G). The code will be released at https://parameternet.github.io/.",
    "arxivid": "2306.14525v2",
    "bib_name": "ParameterN171",
    "md_text": "# ParameterNet: Parameters are all you need\n\n\nabstract\n\nThe large-scale visual pretraining has significantly improve the performance of large vision models. However, we observe the low FLOPs pitfall that the existing low-FLOPs models cannot benefit from large-scale pretraining. In this paper, we introduce a novel design principle, termed ParameterNet, aimed at augmenting the number of parameters in large-scale visual pretraining models while minimizing the increase in FLOPs. We leverage dynamic convolutions to incorporate additional parameters into the networks with only a marginal rise in FLOPs. The ParameterNet approach allows low-FLOPs networks to take advantage of large-scale visual pretraining. Furthermore, we extend the ParameterNet concept to the language domain to enhance inference results while preserving inference speed. Experiments on the large-scale ImageNet-22K have shown the superiority of our ParameterNet scheme. For example, ParameterNet-600M can achieve higher accuracy than the widely-used Swin Transformer (81.6% vs. 80.9%) and has much lower FLOPs (0.6G vs. 4.5G). The code will be released at https://parameternet.github.io/.",
    "paper_type": "method",
    "attri": {
        "background": "This paper addresses the issue of low FLOPs models not benefiting from large-scale visual pretraining, highlighting the need for a new approach to enhance model performance without significantly increasing computational costs.",
        "problem": {
            "definition": "The problem is that existing low-FLOPs models are unable to leverage the advantages of large-scale visual pretraining, resulting in suboptimal performance.",
            "key obstacle": "The core obstacle is the inability of low-FLOPs models to incorporate additional parameters effectively without a significant increase in computational load."
        },
        "idea": {
            "intuition": "The idea was inspired by the observation that increasing model parameters can enhance performance, but traditional methods lead to prohibitive computational costs.",
            "opinion": "The proposed idea, ParameterNet, aims to augment the number of parameters in visual pretraining models while keeping the increase in FLOPs minimal.",
            "innovation": "The primary innovation lies in leveraging dynamic convolutions to add parameters to networks, allowing low-FLOPs models to benefit from large-scale pretraining without substantial computational overhead."
        },
        "method": {
            "method name": "ParameterNet",
            "method abbreviation": "PN",
            "method definition": "ParameterNet is a novel design principle that integrates additional parameters into visual pretraining models using dynamic convolutions, minimizing the increase in FLOPs.",
            "method description": "ParameterNet enhances the performance of low-FLOPs models by strategically increasing model parameters while maintaining computational efficiency.",
            "method steps": "1. Identify low-FLOPs model architecture. 2. Integrate dynamic convolutions to increase parameters. 3. Train the model using large-scale visual pretraining datasets.",
            "principle": "The effectiveness of ParameterNet stems from its ability to add parameters dynamically, allowing for improved model performance without the typical computational trade-offs."
        },
        "experiments": {
            "evaluation setting": "Experiments were conducted on the large-scale ImageNet-22K dataset, comparing ParameterNet-600M against the Swin Transformer and other baseline methods.",
            "evaluation method": "Performance was assessed based on accuracy and FLOPs, measuring how well ParameterNet improves results while keeping computational costs low."
        },
        "conclusion": "The experiments demonstrated that ParameterNet outperforms existing models like the Swin Transformer in accuracy while significantly reducing FLOPs, showcasing its effectiveness in visual pretraining.",
        "discussion": {
            "advantage": "The key advantage of ParameterNet is its ability to enhance model performance through increased parameters without a substantial increase in computational load.",
            "limitation": "A limitation of the approach may be its reliance on dynamic convolutions, which could introduce complexity in model implementation.",
            "future work": "Future research could explore further optimizations of ParameterNet and its application across different domains, including language processing, to maximize its benefits."
        },
        "other info": []
    },
    "mount_outline": [
        {
            "section number": "1.1",
            "key information": "The paper highlights the importance of enhancing model performance without significantly increasing computational costs, emphasizing the significance of pruning in achieving model efficiency."
        },
        {
            "section number": "2.2",
            "key information": "ParameterNet enhances the performance of low-FLOPs models by strategically increasing model parameters while maintaining computational efficiency."
        },
        {
            "section number": "3.2",
            "key information": "The innovation of ParameterNet lies in leveraging dynamic convolutions to add parameters to networks, representing a novel pruning approach that minimizes computational overhead."
        },
        {
            "section number": "4.1",
            "key information": "The evaluation method in the paper assesses performance based on accuracy and FLOPs, which can serve as criteria for evaluating pruning methods."
        },
        {
            "section number": "5.1",
            "key information": "The paper discusses the trade-off between enhancing model performance through increased parameters and maintaining computational efficiency, relevant to the balance between model size and accuracy."
        },
        {
            "section number": "6.1",
            "key information": "The proposed idea of ParameterNet offers a strategy for effective pruning by integrating dynamic convolutions to increase parameters while keeping FLOPs minimal."
        },
        {
            "section number": "6.3",
            "key information": "Future research could explore further optimizations of ParameterNet, indicating ongoing challenges and potential future directions in neural network pruning."
        }
    ],
    "similarity_score": null,
    "image": null,
    "path": "/home/liudingyuan/code/SurveyX/code/SurveyX-main/outputs/t14/papers/ParameterNet_ Parameters are all you need.json"
}