{
    "from": null,
    "scholar_id": null,
    "detail_id": null,
    "title": "PARP: Prune, adjust and re-prune for self-supervised speech recognition",
    "abstract": "Self-supervised speech representation learning (speech SSL) has demonstrated the benefit of scale in learning rich representations for Automatic Speech Recognition (ASR) with limited paired data, such as wav2vec 2.0. We investigate the existence of sparse subnetworks in pre-trained speech SSL models that achieve even better low-resource ASR results. However, directly applying widely adopted pruning methods such as the Lottery Ticket Hypothesis (LTH) is suboptimal in the computational cost needed. Moreover, we show that the discovered subnetworks yield minimal performance gain compared to the original dense network. We present Prune-Adjust-Re-Prune (PARP), which discovers and finetunes subnetworks for much better performance, while only requiring a single downstream ASR finetuning run. PARP is inspired by our surprising observation that subnetworks pruned for pre-training tasks need merely a slight adjustment to achieve a sizeable performance boost in downstream ASR tasks. Extensive experiments on low-resource ASR verify (1) sparse subnetworks exist in mono-lingual/multi-lingual pre-trained speech SSL, and (2) the computational advantage and performance gain of PARP over baseline pruning methods. In particular, on the 10min Librispeech split without LM decoding, PARP discovers subnetworks from wav2vec 2.0 with an absolute 10.9%/12.6% WER decrease compared to the full model. We further demonstrate the effectiveness of PARP via: cross-lingual pruning without any phone recognition degradation, the discovery of a multi-lingual subnetwork for 10 spoken languages in 1 finetuning run, and its applicability to pre-trained BERT/XLNet for natural language tasks.",
    "arxivid": "2106.05933v2",
    "bib_name": "PARP:Prune161",
    "md_text": "# PARP: Prune, adjust and re-prune for self-supervised speech recognition\n\n\nabstract\n\nSelf-supervised speech representation learning (speech SSL) has demonstrated the benefit of scale in learning rich representations for Automatic Speech Recognition (ASR) with limited paired data, such as wav2vec 2.0. We investigate the existence of sparse subnetworks in pre-trained speech SSL models that achieve even better low-resource ASR results. However, directly applying widely adopted pruning methods such as the Lottery Ticket Hypothesis (LTH) is suboptimal in the computational cost needed. Moreover, we show that the discovered subnetworks yield minimal performance gain compared to the original dense network. We present Prune-Adjust-Re-Prune (PARP), which discovers and finetunes subnetworks for much better performance, while only requiring a single downstream ASR finetuning run. PARP is inspired by our surprising observation that subnetworks pruned for pre-training tasks need merely a slight adjustment to achieve a sizeable performance boost in downstream ASR tasks. Extensive experiments on low-resource ASR verify (1) sparse subnetworks exist in mono-lingual/multi-lingual pre-trained speech SSL, and (2) the computational advantage and performance gain of PARP over baseline pruning methods. In particular, on the 10min Librispeech split without LM decoding, PARP discovers subnetworks from wav2vec 2.0 with an absolute 10.9%/12.6% WER decrease compared to the full model. We further demonstrate the effectiveness of PARP via: cross-lingual pruning without any phone recognition degradation, the discovery of a multi-lingual subnetwork for 10 spoken languages in 1 finetuning run, and its applicability to pre-trained BERT/XLNet for natural language tasks.",
    "paper_type": "method",
    "attri": {
        "background": "This paper addresses the issue of optimizing self-supervised speech representation learning (speech SSL) for Automatic Speech Recognition (ASR) by investigating the potential of sparse subnetworks in pre-trained models to improve performance in low-resource settings.",
        "problem": {
            "definition": "The problem involves the challenge of achieving better ASR results with limited paired data while minimizing computational costs associated with pruning methods.",
            "key obstacle": "The main difficulty is that existing pruning methods, like the Lottery Ticket Hypothesis, are computationally expensive and do not yield significant performance improvements compared to dense networks."
        },
        "idea": {
            "intuition": "The idea was inspired by the observation that subnetworks pruned for pre-training tasks require only minor adjustments to enhance performance in downstream ASR tasks.",
            "opinion": "The proposed method, Prune-Adjust-Re-Prune (PARP), aims to efficiently discover and fine-tune subnetworks to achieve better performance with reduced computational effort.",
            "innovation": "The key innovation of PARP lies in its ability to optimize subnetworks with a single downstream ASR finetuning run, contrasting with traditional methods that often require multiple iterations."
        },
        "method": {
            "method name": "Prune-Adjust-Re-Prune",
            "method abbreviation": "PARP",
            "method definition": "PARP is a method that discovers and fine-tunes sparse subnetworks in pre-trained speech SSL models to improve ASR performance while minimizing computational costs.",
            "method description": "The core of PARP involves pruning subnetworks, making slight adjustments, and re-pruning to enhance performance in ASR tasks.",
            "method steps": "1. Prune subnetworks from the pre-trained model. 2. Fine-tune the discovered subnetworks. 3. Adjust the subnetworks based on performance feedback. 4. Re-prune and finalize the optimal subnetwork.",
            "principle": "The effectiveness of PARP is based on the premise that previously pruned subnetworks can be slightly adjusted to yield significant improvements in performance for downstream tasks."
        },
        "experiments": {
            "evaluation setting": "Experiments were conducted using low-resource ASR tasks, specifically on the 10min Librispeech split without language model decoding, comparing PARP's performance against baseline pruning methods.",
            "evaluation method": "The performance of the method was assessed by measuring word error rates (WER) and analyzing the computational advantages gained through the use of PARP compared to traditional pruning techniques."
        },
        "conclusion": "The experiments demonstrated that PARP effectively discovers sparse subnetworks that significantly reduce WER by 10.9%/12.6% compared to the full model, validating its applicability across various languages and tasks.",
        "discussion": {
            "advantage": "The key advantages of PARP include its computational efficiency and the ability to achieve substantial performance gains with minimal adjustments to the pruned subnetworks.",
            "limitation": "One limitation of the method may be its reliance on the initial quality of the pre-trained models from which the subnetworks are derived.",
            "future work": "Future research could explore further optimizations in the pruning and adjustment processes, as well as the application of PARP to additional domains beyond speech recognition."
        },
        "other info": {
            "cross-lingual pruning": "PARP demonstrated cross-lingual pruning without any degradation in phone recognition.",
            "multi-lingual subnetwork": "The method successfully discovered a multi-lingual subnetwork capable of processing 10 spoken languages in a single finetuning run.",
            "applicability": "PARP's principles were shown to be applicable to pre-trained models like BERT and XLNet for natural language tasks."
        }
    },
    "mount_outline": [
        {
            "section number": "1.1",
            "key information": "Pruning contributes to model efficiency and performance by optimizing subnetworks in pre-trained models for better results in low-resource settings."
        },
        {
            "section number": "2.2",
            "key information": "The method Prune-Adjust-Re-Prune (PARP) discovers and fine-tunes sparse subnetworks in pre-trained speech SSL models to improve ASR performance while minimizing computational costs."
        },
        {
            "section number": "2.3",
            "key information": "PARP's effectiveness is based on the premise that previously pruned subnetworks can be slightly adjusted to yield significant improvements in performance for downstream tasks."
        },
        {
            "section number": "4.1",
            "key information": "The evaluation of PARP compared its performance against baseline pruning methods using word error rates (WER) as a key metric."
        },
        {
            "section number": "5.1",
            "key information": "PARP demonstrated a significant reduction in word error rates by 10.9%/12.6% compared to the full model, illustrating the trade-off between model size and accuracy."
        },
        {
            "section number": "6.1",
            "key information": "The proposed method PARP recommends strategies for efficiently discovering and fine-tuning subnetworks to achieve better performance with reduced computational effort."
        },
        {
            "section number": "6.3",
            "key information": "Future research could explore further optimizations in the pruning and adjustment processes, as well as the application of PARP to additional domains beyond speech recognition."
        }
    ],
    "similarity_score": null,
    "image": null,
    "path": "/home/liudingyuan/code/SurveyX/code/SurveyX-main/outputs/t14/papers/PARP_ Prune, adjust and re-prune for self-supervised speech recognition.json"
}