{
    "from": null,
    "scholar_id": null,
    "detail_id": null,
    "title": "PDP: Parameter-free differentiable pruning is all you need",
    "abstract": "DNN pruning is a popular way to reduce the size of a model, improve the inference latency, and minimize the power consumption on DNN accelerators. However, existing approaches might be too complex, expensive or ineffective to apply to a variety of vision/language tasks, DNN architectures and to honor structured pruning constraints. In this paper, we propose an efficient yet effective train-time pruning scheme, Parameter-free Differentiable Pruning (PDP), which offers state-of-the-art qualities in model size, accuracy, and training cost. PDP uses a dynamic function of weights during training to generate soft pruning masks for the weights in a parameter-free manner for a given pruning target. While differentiable, the simplicity and efficiency of PDP make it universal enough to deliver state-of-the-art random/structured/channel pruning results on various vision and natural language tasks. For example, for MobileNet-v1, PDP can achieve 68.2% top-1 ImageNet1k accuracy at 86.6% sparsity, which is 1.7% higher accuracy than those from the state-of-the-art algorithms. Also, PDP yields over 83.1% accuracy on Multi-Genre Natural Language Inference with 90% sparsity for BERT, while the next best from the existing techniques shows 81.5% accuracy. In addition, PDP can be applied to structured pruning, such as N:M pruning and channel pruning. For 1:4 structured pruning of ResNet18, PDP improved the top-1 ImageNet1k accuracy by over 3.6% over the state-of-the-art. For channel pruning of ResNet50, PDP reduced the top-1 ImageNet1k accuracy by 0.6% from the state-of-the-art.",
    "arxivid": "2305.11203v3",
    "bib_name": "PDP:Parame71",
    "md_text": "# PDP: Parameter-free differentiable pruning is all you need\n\n\nabstract\n\nDNN pruning is a popular way to reduce the size of a model, improve the inference latency, and minimize the power consumption on DNN accelerators. However, existing approaches might be too complex, expensive or ineffective to apply to a variety of vision/language tasks, DNN architectures and to honor structured pruning constraints. In this paper, we propose an efficient yet effective train-time pruning scheme, Parameter-free Differentiable Pruning (PDP), which offers state-of-the-art qualities in model size, accuracy, and training cost. PDP uses a dynamic function of weights during training to generate soft pruning masks for the weights in a parameter-free manner for a given pruning target. While differentiable, the simplicity and efficiency of PDP make it universal enough to deliver state-of-the-art random/structured/channel pruning results on various vision and natural language tasks. For example, for MobileNet-v1, PDP can achieve 68.2% top-1 ImageNet1k accuracy at 86.6% sparsity, which is 1.7% higher accuracy than those from the state-of-the-art algorithms. Also, PDP yields over 83.1% accuracy on Multi-Genre Natural Language Inference with 90% sparsity for BERT, while the next best from the existing techniques shows 81.5% accuracy. In addition, PDP can be applied to structured pruning, such as N:M pruning and channel pruning. For 1:4 structured pruning of ResNet18, PDP improved the top-1 ImageNet1k accuracy by over 3.6% over the state-of-the-art. For channel pruning of ResNet50, PDP reduced the top-1 ImageNet1k accuracy by 0.6% from the state-of-the-art.",
    "paper_type": "method",
    "attri": {
        "background": "DNN pruning is a popular way to reduce the size of a model, improve the inference latency, and minimize the power consumption on DNN accelerators. However, existing approaches might be too complex, expensive or ineffective to apply to a variety of vision/language tasks, DNN architectures and to honor structured pruning constraints.",
        "problem": {
            "definition": "The paper aims to solve the issue of existing DNN pruning methods being overly complex and ineffective across various tasks and architectures.",
            "key obstacle": "The main difficulty lies in the complexity and expense of current methods, which limits their applicability and effectiveness in structured pruning scenarios."
        },
        "idea": {
            "intuition": "The idea is inspired by the need for a simpler, more efficient pruning method that can adapt to different tasks without requiring extensive parameter tuning.",
            "opinion": "The proposed idea, Parameter-free Differentiable Pruning (PDP), involves using a dynamic function of weights to generate soft pruning masks without the need for additional parameters.",
            "innovation": "PDP differentiates itself by being parameter-free and offering a universal solution that achieves state-of-the-art results in both random and structured pruning."
        },
        "method": {
            "method name": "Parameter-free Differentiable Pruning",
            "method abbreviation": "PDP",
            "method definition": "PDP is a pruning technique that generates soft pruning masks dynamically during training, without relying on additional parameters.",
            "method description": "PDP efficiently prunes DNNs by utilizing a dynamic function of weights to create soft pruning masks.",
            "method steps": "1. Define pruning target. 2. Use a dynamic function of weights to generate soft pruning masks during training. 3. Apply the masks to prune the DNN.",
            "principle": "The effectiveness of PDP stems from its ability to adaptively prune weights based on their importance during training, leading to better performance without the need for complex parameter adjustments."
        },
        "experiments": {
            "evaluation setting": "PDP was evaluated on various DNN architectures, including MobileNet-v1 and ResNet models, using datasets like ImageNet1k and Multi-Genre Natural Language Inference.",
            "evaluation method": "The performance of PDP was assessed by measuring accuracy at different sparsity levels and comparing results against state-of-the-art methods."
        },
        "conclusion": "The experiments demonstrated that PDP achieves superior accuracy and efficiency in model pruning compared to existing techniques, making it a significant advancement in the field.",
        "discussion": {
            "advantage": "PDP's key advantages include its parameter-free nature, efficiency, and ability to deliver state-of-the-art results across various tasks and architectures.",
            "limitation": "One limitation of PDP is that while it improves accuracy for structured pruning, it may not always outperform existing methods in every scenario.",
            "future work": "Future research could focus on further refining PDP for even greater efficiency and exploring its applicability to additional DNN architectures and tasks."
        },
        "other info": []
    },
    "mount_outline": [
        {
            "section number": "1.1",
            "key information": "DNN pruning is a popular way to reduce the size of a model, improve the inference latency, and minimize the power consumption on DNN accelerators."
        },
        {
            "section number": "1.2",
            "key information": "The paper aims to solve the issue of existing DNN pruning methods being overly complex and ineffective across various tasks and architectures."
        },
        {
            "section number": "2.3",
            "key information": "Parameter-free Differentiable Pruning (PDP) is a pruning technique that generates soft pruning masks dynamically during training, without relying on additional parameters."
        },
        {
            "section number": "3.2",
            "key information": "PDP differentiates itself by being parameter-free and offering a universal solution that achieves state-of-the-art results in both random and structured pruning."
        },
        {
            "section number": "4.3",
            "key information": "The experiments demonstrated that PDP achieves superior accuracy and efficiency in model pruning compared to existing techniques."
        },
        {
            "section number": "5.3",
            "key information": "PDP's key advantages include its parameter-free nature, efficiency, and ability to deliver state-of-the-art results across various tasks and architectures."
        },
        {
            "section number": "6.3",
            "key information": "Future research could focus on further refining PDP for even greater efficiency and exploring its applicability to additional DNN architectures and tasks."
        }
    ],
    "similarity_score": null,
    "image": null,
    "path": "/home/liudingyuan/code/SurveyX/code/SurveyX-main/outputs/t14/papers/PDP_ Parameter-free differentiable pruning is all you need.json"
}