{
    "from": null,
    "scholar_id": null,
    "detail_id": null,
    "title": "Picking winning tickets before training by preserving gradient flow",
    "abstract": "Overparameterization has been shown to benefit both the optimization and generalization of neural networks, but large networks are resource hungry at both training and test time. Network pruning can reduce test-time resource requirements, but is typically applied to trained networks and therefore cannot avoid the expensive training process. We aim to prune networks at initialization, thereby saving resources at training time as well. Specifically, we argue that efficient training requires preserving the gradient flow through the network. This leads to a simple but effective pruning criterion we term Gradient Signal Preservation (GraSP). We empirically investigate the effectiveness of the proposed method with extensive experiments on CIFAR-10, CIFAR-100, Tiny-ImageNet and ImageNet, using VGGNet and ResNet architectures. Our method can prune 80% of the weights of a VGG-16 network on ImageNet at initialization, with only a 1.6% drop in top-1 accuracy. Moreover, our method achieves significantly better performance than the baseline at extreme sparsity levels.",
    "arxivid": "2002.07376v2",
    "bib_name": "Pickingwin44",
    "md_text": "# Picking winning tickets before training by preserving gradient flow\n\n\nabstract\n\nOverparameterization has been shown to benefit both the optimization and generalization of neural networks, but large networks are resource hungry at both training and test time. Network pruning can reduce test-time resource requirements, but is typically applied to trained networks and therefore cannot avoid the expensive training process. We aim to prune networks at initialization, thereby saving resources at training time as well. Specifically, we argue that efficient training requires preserving the gradient flow through the network. This leads to a simple but effective pruning criterion we term Gradient Signal Preservation (GraSP). We empirically investigate the effectiveness of the proposed method with extensive experiments on CIFAR-10, CIFAR-100, Tiny-ImageNet and ImageNet, using VGGNet and ResNet architectures. Our method can prune 80% of the weights of a VGG-16 network on ImageNet at initialization, with only a 1.6% drop in top-1 accuracy. Moreover, our method achieves significantly better performance than the baseline at extreme sparsity levels.",
    "paper_type": "method",
    "attri": {
        "background": "This paper addresses the issue of resource inefficiency in training large neural networks, highlighting the limitations of existing methods that typically prune networks only after training, which incurs high resource costs during the training phase.",
        "problem": {
            "definition": "The problem is the high resource consumption associated with training large overparameterized neural networks, which limits their practical application.",
            "key obstacle": "The main difficulty is that traditional network pruning methods are applied post-training, failing to alleviate the resource demands during the training process."
        },
        "idea": {
            "intuition": "The idea is inspired by the observation that preserving gradient flow is crucial for efficient training, leading to the development of a pruning criterion that operates at initialization.",
            "opinion": "The proposed idea, Gradient Signal Preservation (GraSP), aims to prune networks before training begins, thereby reducing resource usage while maintaining performance.",
            "innovation": "The primary innovation lies in the method of pruning at initialization based on preserving gradient flow, which contrasts with existing methods that prune only after training."
        },
        "method": {
            "method name": "Gradient Signal Preservation",
            "method abbreviation": "GraSP",
            "method definition": "GraSP is a pruning method that selects which weights to keep in a neural network based on the preservation of gradient flow during training.",
            "method description": "The method prunes networks at initialization to enhance training efficiency without incurring significant accuracy loss.",
            "principle": "This method is effective because it ensures that the remaining weights contribute to maintaining the gradient flow, which is essential for effective training and optimization."
        },
        "experiments": {
            "evaluation setting": "The experiments were conducted on datasets including CIFAR-10, CIFAR-100, Tiny-ImageNet, and ImageNet, using VGGNet and ResNet architectures for comparison.",
            "evaluation method": "The performance of the method was assessed by measuring the top-1 accuracy drop and comparing it to baseline methods at various levels of weight sparsity."
        },
        "conclusion": "The results demonstrate that GraSP can prune up to 80% of the weights in a VGG-16 network on ImageNet with only a 1.6% drop in accuracy, indicating its effectiveness in maintaining performance while reducing resource requirements.",
        "discussion": {
            "advantage": "A key advantage of the proposed approach is its ability to significantly reduce resource usage during training without compromising accuracy, outperforming baseline methods at high sparsity levels.",
            "limitation": "One limitation is that the method's effectiveness may vary depending on the architecture and dataset, potentially leading to different outcomes in other contexts.",
            "future work": "Future research could explore the applicability of GraSP to other architectures and datasets, as well as investigate further optimizations in pruning criteria."
        },
        "other info": {}
    },
    "mount_outline": [
        {
            "section number": "1.1",
            "key information": "Pruning contributes to model efficiency and performance by reducing resource consumption during training."
        },
        {
            "section number": "2.2",
            "key information": "GraSP is a pruning method that selects which weights to keep in a neural network based on the preservation of gradient flow during training."
        },
        {
            "section number": "2.3",
            "key information": "The proposed idea, Gradient Signal Preservation (GraSP), aims to prune networks before training begins, thereby reducing resource usage while maintaining performance."
        },
        {
            "section number": "3.2",
            "key information": "GraSP represents a novel pruning approach that contrasts with existing methods that prune only after training."
        },
        {
            "section number": "4.1",
            "key information": "The performance of GraSP was assessed by measuring the top-1 accuracy drop and comparing it to baseline methods at various levels of weight sparsity."
        },
        {
            "section number": "5.1",
            "key information": "GraSP can prune up to 80% of the weights in a VGG-16 network on ImageNet with only a 1.6% drop in accuracy, indicating a favorable trade-off between model size and accuracy."
        },
        {
            "section number": "6.1",
            "key information": "A key advantage of the GraSP approach is its ability to significantly reduce resource usage during training without compromising accuracy."
        },
        {
            "section number": "6.3",
            "key information": "Future research could explore the applicability of GraSP to other architectures and datasets, as well as investigate further optimizations in pruning criteria."
        }
    ],
    "similarity_score": null,
    "image": null,
    "path": "/home/liudingyuan/code/SurveyX/code/SurveyX-main/outputs/t14/papers/Picking winning tickets before training by preserving gradient flow.json"
}