{
    "from": null,
    "scholar_id": null,
    "detail_id": null,
    "title": "PIQA: Reasoning about physical commonsense in natural language",
    "abstract": "To apply eyeshadow without a brush, should I use a cotton swab or a toothpick? Questions requiring this kind of physical commonsense pose a challenge to today's natural language understanding systems. While recent pretrained models (such as BERT) have made progress on question answering over more abstract domains \u2013 such as news articles and encyclopedia entries, where text is plentiful \u2013 in more physical domains, text is inherently limited due to reporting bias. Can AI systems learn to reliably answer physical commonsense questions without experiencing the physical world?In this paper, we introduce the task of physical commonsense reasoning and a corresponding benchmark dataset Physical Interaction: Question Answering or PIQA. Though humans find the dataset easy (95% accuracy), large pretrained models struggle (\u223c75%). We provide analysis about the dimensions of knowledge that existing models lack, which offers significant opportunities for future research.",
    "arxivid": "1911.11641v1",
    "bib_name": "PIQA:Reaso181",
    "md_text": "# PIQA: Reasoning about physical commonsense in natural language\n\n\nabstract\n\nTo apply eyeshadow without a brush, should I use a cotton swab or a toothpick? Questions requiring this kind of physical commonsense pose a challenge to today's natural language understanding systems. While recent pretrained models (such as BERT) have made progress on question answering over more abstract domains \u2013 such as news articles and encyclopedia entries, where text is plentiful \u2013 in more physical domains, text is inherently limited due to reporting bias. Can AI systems learn to reliably answer physical commonsense questions without experiencing the physical world?In this paper, we introduce the task of physical commonsense reasoning and a corresponding benchmark dataset Physical Interaction: Question Answering or PIQA. Though humans find the dataset easy (95% accuracy), large pretrained models struggle (\u223c75%). We provide analysis about the dimensions of knowledge that existing models lack, which offers significant opportunities for future research.",
    "paper_type": "benchmark",
    "attri": {
        "background": "This paper addresses the issue of reasoning about physical commonsense in natural language, highlighting the limitations of current natural language understanding systems in handling questions related to physical interactions.",
        "problem": {
            "definition": "The benchmark is designed to address the challenge of answering questions that require physical commonsense reasoning, such as choosing the appropriate tool for applying eyeshadow.",
            "key obstacle": "Existing benchmarks do not effectively evaluate models on physical commonsense reasoning, leading to significant gaps in model performance."
        },
        "idea": {
            "intuition": "The thought process behind the benchmark stems from the observation that while humans easily answer physical commonsense questions, AI models struggle significantly.",
            "opinion": "The authors believe that this benchmark is crucial for advancing the understanding and capabilities of AI in reasoning about physical interactions.",
            "innovation": "PIQA differs from previous benchmarks by specifically focusing on physical commonsense reasoning, a domain that has been largely overlooked.",
            "benchmark abbreviation": "PIQA"
        },
        "dataset": {
            "source": "The dataset was created by compiling questions that require physical commonsense reasoning, derived from real-world scenarios.",
            "desc": "The dataset consists of a variety of questions that challenge models to apply physical commonsense knowledge.",
            "content": "The dataset includes text-based questions that require reasoning about physical interactions.",
            "size": "-",
            "domain": "Physical Commonsense Reasoning",
            "task format": "Question Answering"
        },
        "metrics": {
            "metric name": "Accuracy",
            "aspect": "Model performance in correctly answering physical commonsense questions.",
            "principle": "Accuracy was chosen as a metric to directly reflect the model's ability to understand and apply physical commonsense knowledge.",
            "procedure": "Models are evaluated based on their ability to answer a set of predefined questions correctly."
        },
        "experiments": {
            "model": "The benchmark tests large pretrained models, such as BERT, against human performance.",
            "procedure": "Models were trained and evaluated on the PIQA dataset with standard question answering protocols.",
            "result": "While humans achieve 95% accuracy, large pretrained models only reach approximately 75% accuracy.",
            "variability": "Variability in results was accounted for through multiple trials and assessments of different model configurations."
        },
        "conclusion": "The findings indicate significant gaps in current models' understanding of physical commonsense reasoning, highlighting the need for further research in this area.",
        "discussion": {
            "advantage": "The benchmark provides a focused evaluation of physical commonsense reasoning, contributing valuable insights into model limitations.",
            "limitation": "One limitation is that the dataset may not cover all aspects of physical commonsense reasoning, potentially affecting the generalizability of results.",
            "future work": "Future research could explore expanding the dataset and improving model architectures to better handle physical commonsense reasoning tasks."
        },
        "other info": []
    },
    "mount_outline": [
        {
            "section number": "1.1",
            "key information": "The paper highlights the limitations of current natural language understanding systems in handling questions related to physical interactions, emphasizing the importance of physical commonsense reasoning."
        },
        {
            "section number": "2.1",
            "key information": "The benchmark tests large pretrained models, such as BERT, against human performance in the context of physical commonsense reasoning."
        },
        {
            "section number": "2.3",
            "key information": "The benchmark is designed to address the challenge of answering questions that require physical commonsense reasoning, leading to significant gaps in model performance."
        },
        {
            "section number": "4.1",
            "key information": "Accuracy was chosen as a metric to directly reflect the model's ability to understand and apply physical commonsense knowledge."
        },
        {
            "section number": "5.1",
            "key information": "The findings indicate significant gaps in current models' understanding of physical commonsense reasoning, highlighting the need for further research in this area."
        },
        {
            "section number": "6.3",
            "key information": "Future research could explore expanding the dataset and improving model architectures to better handle physical commonsense reasoning tasks."
        }
    ],
    "similarity_score": null,
    "image": null,
    "path": "/home/liudingyuan/code/SurveyX/code/SurveyX-main/outputs/t14/papers/PIQA_ Reasoning about physical commonsense in natural language.json"
}