{
    "from": null,
    "scholar_id": null,
    "detail_id": null,
    "title": "PLATON: Pruning large transformer models with upper confidence bound of weight importance",
    "abstract": "Large Transformer-based models have exhibited superior performance in various natural language processing and computer vision tasks. However, these models contain enormous amounts of parameters, which restrict their deployment to real-world applications. To reduce the model size, researchers prune these models based on the weights' importance scores. However, such scores are usually estimated on mini-batches during training, which incurs large variability/uncertainty due to mini-batch sampling and complicated training dynamics. As a result, some crucial weights could be pruned by commonly used pruning methods because of such uncertainty, which makes training unstable and hurts generalization. To resolve this issue, we propose PLATON, which captures the uncertainty of importance scores by upper confidence bound (UCB) of importance estimation. In particular, for the weights with low importance scores but high uncertainty, PLATON tends to retain them and explores their capacity. We conduct extensive experiments with several Transformer-based models on natural language understanding, question answering and image classification to validate the effectiveness of PLATON. Results demonstrate that PLATON manifests notable improvement under different sparsity levels. Our code is publicly available at https://github.com/QingruZhang/PLATON.",
    "arxivid": "2206.12562v1",
    "bib_name": "PLATON:Pru187",
    "md_text": "# PLATON: Pruning large transformer models with upper confidence bound of weight importance\n\n\nabstract\n\nLarge Transformer-based models have exhibited superior performance in various natural language processing and computer vision tasks. However, these models contain enormous amounts of parameters, which restrict their deployment to real-world applications. To reduce the model size, researchers prune these models based on the weights' importance scores. However, such scores are usually estimated on mini-batches during training, which incurs large variability/uncertainty due to mini-batch sampling and complicated training dynamics. As a result, some crucial weights could be pruned by commonly used pruning methods because of such uncertainty, which makes training unstable and hurts generalization. To resolve this issue, we propose PLATON, which captures the uncertainty of importance scores by upper confidence bound (UCB) of importance estimation. In particular, for the weights with low importance scores but high uncertainty, PLATON tends to retain them and explores their capacity. We conduct extensive experiments with several Transformer-based models on natural language understanding, question answering and image classification to validate the effectiveness of PLATON. Results demonstrate that PLATON manifests notable improvement under different sparsity levels. Our code is publicly available at https://github.com/QingruZhang/PLATON.",
    "paper_type": "method",
    "attri": {
        "background": "This paper addresses the issue of deploying large Transformer-based models in real-world applications due to their enormous parameter sizes. Previous methods for pruning these models often rely on importance scores estimated during training, which can be highly variable and lead to the unintentional removal of crucial weights, thereby destabilizing training and harming generalization.",
        "problem": {
            "definition": "The problem is the instability and poor generalization of pruned Transformer models caused by the uncertainty in the estimation of weight importance scores.",
            "key obstacle": "The core obstacle is the high variability in importance scores due to mini-batch sampling and complex training dynamics, which can result in the erroneous pruning of important weights."
        },
        "idea": {
            "intuition": "The intuition behind PLATON is that capturing the uncertainty of weight importance scores can lead to better pruning decisions, particularly for weights that are deemed low in importance but have high uncertainty.",
            "opinion": "PLATON proposes a method that retains weights with low importance scores but high uncertainty, allowing for exploration of their potential capacity.",
            "innovation": "The primary innovation of PLATON lies in its use of the upper confidence bound (UCB) of importance estimation to capture uncertainty, differentiating it from existing pruning methods that do not account for this uncertainty."
        },
        "method": {
            "method name": "PLATON",
            "method abbreviation": "PLATON",
            "method definition": "PLATON is a pruning method that utilizes the upper confidence bound of weight importance scores to make more informed decisions about which weights to retain or prune.",
            "method description": "PLATON captures the uncertainty in weight importance scores to improve the pruning process in large Transformer models.",
            "method steps": "1. Estimate weight importance scores during training; 2. Calculate the upper confidence bound for these scores; 3. Retain weights with low importance but high uncertainty; 4. Prune other weights based on the refined importance scores.",
            "principle": "The effectiveness of PLATON stems from its ability to account for uncertainty in weight importance, thereby reducing the likelihood of losing critical weights during pruning."
        },
        "experiments": {
            "evaluation setting": "Extensive experiments were conducted using several Transformer-based models across tasks such as natural language understanding, question answering, and image classification, with varying levels of sparsity.",
            "evaluation method": "The performance of PLATON was assessed by comparing it against baseline pruning methods, measuring the impact on model performance and generalization."
        },
        "conclusion": "The experiments demonstrate that PLATON significantly improves the performance of pruned Transformer models under different sparsity levels, validating the effectiveness of the proposed method.",
        "discussion": {
            "advantage": "The key advantage of PLATON is its ability to maintain important weights that might otherwise be pruned due to uncertainty, leading to more stable training and better generalization.",
            "limitation": "One limitation of the method may be its reliance on accurate estimation of uncertainty, which could vary depending on the training dynamics and dataset.",
            "future work": "Future research could explore refining the uncertainty estimation process or extending the method to other model architectures beyond Transformers."
        },
        "other info": {
            "code availability": "The code for PLATON is publicly available at https://github.com/QingruZhang/PLATON."
        }
    },
    "mount_outline": [
        {
            "section number": "2.2",
            "key information": "PLATON is a pruning method that utilizes the upper confidence bound of weight importance scores to make more informed decisions about which weights to retain or prune."
        },
        {
            "section number": "2.3",
            "key information": "The intuition behind PLATON is that capturing the uncertainty of weight importance scores can lead to better pruning decisions, particularly for weights that are deemed low in importance but have high uncertainty."
        },
        {
            "section number": "3.2",
            "key information": "The primary innovation of PLATON lies in its use of the upper confidence bound (UCB) of importance estimation to capture uncertainty, differentiating it from existing pruning methods that do not account for this uncertainty."
        },
        {
            "section number": "4.2",
            "key information": "The performance of PLATON was assessed by comparing it against baseline pruning methods, measuring the impact on model performance and generalization."
        },
        {
            "section number": "5.3",
            "key information": "The experiments demonstrate that PLATON significantly improves the performance of pruned Transformer models under different sparsity levels, validating the effectiveness of the proposed method."
        },
        {
            "section number": "6.2",
            "key information": "One limitation of the method may be its reliance on accurate estimation of uncertainty, which could vary depending on the training dynamics and dataset."
        },
        {
            "section number": "6.3",
            "key information": "Future research could explore refining the uncertainty estimation process or extending the method to other model architectures beyond Transformers."
        }
    ],
    "similarity_score": null,
    "image": null,
    "path": "/home/liudingyuan/code/SurveyX/code/SurveyX-main/outputs/t14/papers/PLATON_ Pruning large transformer models with upper confidence bound of weight importance.json"
}