{
    "from": null,
    "scholar_id": null,
    "detail_id": null,
    "title": "Playing lottery tickets with vision and language",
    "abstract": "Large-scale pre-training has recently revolutionized vision-and-language (VL) research. Models such as LXMERT and UNITER have significantly lifted the state of the art over a wide range of VL tasks. However, the large number of parameters in such models hinders their application in practice. In parallel, work on the lottery ticket hypothesis (LTH) has shown that deep neural networks contain small matching subnetworks that can achieve on par or even better performance than the dense networks when trained in isolation. In this work, we perform the first empirical study to assess whether such trainable subnetworks also exist in pre-trained VL models. We use UNITER as the main testbed (also test on LXMERT and ViLT), and consolidate 7 representative VL tasks for experiments, including visual question answering, visual commonsense reasoning, visual entailment, referring expression comprehension, image-text retrieval, GQA, and NLVR2. Through comprehensive analysis, we summarize our main findings as follows. (i) It is difficult to find subnetworks that strictly match the performance of the full model. However, we can find relaxed winning tickets at 50%-70% sparsity that maintain 99% of the full accuracy. (ii) Subnetworks found by task-specific pruning transfer reasonably well to the other tasks, while those found on the pre-training tasks at 60%/70% sparsity transfer universally, matching 98%/96% of the full accuracy on average over all the tasks. (iii) Besides UNITER, other models such as LXMERT and ViLT can also play lottery tickets. However, the highest sparsity we can achieve for ViLT is far lower than LXMERT and UNITER (30% vs. 70%). (iv) LTH also remains relevant when using other training methods (e.g., adversarial training).",
    "arxivid": "2104.11832v2",
    "bib_name": "Playinglot96",
    "md_text": "# Playing lottery tickets with vision and language\n\n\nabstract\n\nLarge-scale pre-training has recently revolutionized vision-and-language (VL) research. Models such as LXMERT and UNITER have significantly lifted the state of the art over a wide range of VL tasks. However, the large number of parameters in such models hinders their application in practice. In parallel, work on the lottery ticket hypothesis (LTH) has shown that deep neural networks contain small matching subnetworks that can achieve on par or even better performance than the dense networks when trained in isolation. In this work, we perform the first empirical study to assess whether such trainable subnetworks also exist in pre-trained VL models. We use UNITER as the main testbed (also test on LXMERT and ViLT), and consolidate 7 representative VL tasks for experiments, including visual question answering, visual commonsense reasoning, visual entailment, referring expression comprehension, image-text retrieval, GQA, and NLVR2. Through comprehensive analysis, we summarize our main findings as follows. (i) It is difficult to find subnetworks that strictly match the performance of the full model. However, we can find relaxed winning tickets at 50%-70% sparsity that maintain 99% of the full accuracy. (ii) Subnetworks found by task-specific pruning transfer reasonably well to the other tasks, while those found on the pre-training tasks at 60%/70% sparsity transfer universally, matching 98%/96% of the full accuracy on average over all the tasks. (iii) Besides UNITER, other models such as LXMERT and ViLT can also play lottery tickets. However, the highest sparsity we can achieve for ViLT is far lower than LXMERT and UNITER (30% vs. 70%). (iv) LTH also remains relevant when using other training methods (e.g., adversarial training).",
    "paper_type": "benchmark",
    "attri": {
        "background": "This paper addresses the issue of applying large-scale pre-trained vision-and-language models in practical scenarios, where their large number of parameters limits usability. The benchmark is necessary to explore the existence of trainable subnetworks within these models, fitting into the broader research landscape of efficient model deployment.",
        "problem": {
            "definition": "The benchmark is designed to assess the existence and performance of trainable subnetworks within pre-trained vision-and-language models.",
            "key obstacle": "Existing benchmarks do not effectively evaluate the performance of smaller subnetworks derived from larger models, which may overlook potential efficiency gains."
        },
        "idea": {
            "intuition": "The inspiration behind the benchmark comes from the lottery ticket hypothesis, which suggests that smaller subnetworks can perform comparably to their larger counterparts when trained correctly.",
            "opinion": "The authors believe that identifying effective subnetworks can significantly impact the deployment of vision-and-language models in real-world applications.",
            "innovation": "This benchmark introduces a novel approach to finding relaxed winning tickets in vision-and-language models, differing from traditional benchmarks by focusing on sparsity and transferability of subnetworks.",
            "benchmark abbreviation": "VL-LTH"
        },
        "dataset": {
            "source": "The dataset is sourced from existing visual-language tasks, including visual question answering and image-text retrieval, leveraging real-world data.",
            "desc": "The dataset consists of 7 representative vision-and-language tasks, providing a comprehensive evaluation framework for the benchmark.",
            "content": "The types of data included are visual and textual data, specifically designed for tasks like visual question answering and image-text retrieval.",
            "size": "-",
            "domain": "Visual Question Answering",
            "task format": "Visual Question Answering"
        },
        "metrics": {
            "metric name": "Accuracy, Sparsity",
            "aspect": "Model performance and efficiency.",
            "principle": "Metrics were chosen to evaluate both the accuracy of subnetworks compared to full models and the degree of sparsity achieved.",
            "procedure": "Model performance is evaluated by comparing the accuracy of subnetworks at various sparsity levels against the full model's accuracy."
        },
        "experiments": {
            "model": "The models tested include UNITER, LXMERT, and ViLT.",
            "procedure": "Models were trained with various sparsity levels to identify winning tickets and assess their performance across multiple vision-and-language tasks.",
            "result": "The experiments showed that relaxed winning tickets at 50%-70% sparsity maintained high accuracy, with subnetworks transferring effectively across tasks.",
            "variability": "Variability was accounted for by testing subnetworks across different tasks and sparsity levels, ensuring comprehensive evaluation."
        },
        "conclusion": "The findings indicate that while strict matching of performance by subnetworks is challenging, relaxed winning tickets can achieve high accuracy, suggesting a viable path for efficient model deployment in vision-and-language tasks.",
        "discussion": {
            "advantage": "The benchmark contributes to the field by providing insights into the efficiency of vision-and-language models and the potential for smaller, more deployable subnetworks.",
            "limitation": "One limitation is the difficulty in finding subnetworks that strictly match the performance of full models, which may affect the perceived effectiveness of the approach.",
            "future work": "Future research could explore further optimizations in subnetwork training and expand the benchmark to include more diverse vision-and-language tasks."
        },
        "other info": []
    },
    "mount_outline": [
        {
            "section number": "1.1",
            "key information": "This paper addresses the issue of applying large-scale pre-trained vision-and-language models in practical scenarios, where their large number of parameters limits usability."
        },
        {
            "section number": "1.2",
            "key information": "The benchmark is necessary to explore the existence of trainable subnetworks within these models, fitting into the broader research landscape of efficient model deployment."
        },
        {
            "section number": "2.2",
            "key information": "The benchmark is designed to assess the existence and performance of trainable subnetworks within pre-trained vision-and-language models."
        },
        {
            "section number": "2.3",
            "key information": "This benchmark introduces a novel approach to finding relaxed winning tickets in vision-and-language models, differing from traditional benchmarks by focusing on sparsity and transferability of subnetworks."
        },
        {
            "section number": "4.1",
            "key information": "Metrics were chosen to evaluate both the accuracy of subnetworks compared to full models and the degree of sparsity achieved."
        },
        {
            "section number": "5.3",
            "key information": "The findings indicate that while strict matching of performance by subnetworks is challenging, relaxed winning tickets can achieve high accuracy, suggesting a viable path for efficient model deployment in vision-and-language tasks."
        },
        {
            "section number": "6.1",
            "key information": "The authors believe that identifying effective subnetworks can significantly impact the deployment of vision-and-language models in real-world applications."
        },
        {
            "section number": "6.3",
            "key information": "Future research could explore further optimizations in subnetwork training and expand the benchmark to include more diverse vision-and-language tasks."
        }
    ],
    "similarity_score": null,
    "image": null,
    "path": "/home/liudingyuan/code/SurveyX/code/SurveyX-main/outputs/t14/papers/Playing lottery tickets with vision and language.json"
}