{
    "from": null,
    "scholar_id": null,
    "detail_id": null,
    "title": "Pointer sentinel mixture models",
    "abstract": "Recent neural network sequence models with softmax classifiers have achieved their best language modeling performance only with very large hidden states and large vocabularies. Even then they struggle to predict rare or unseen words even if the context makes the prediction unambiguous. We introduce the pointer sentinel mixture architecture for neural sequence models which has the ability to either reproduce a word from the recent context or produce a word from a standard softmax classifier. Our pointer sentinel-LSTM model achieves state of the art language modeling performance on the Penn Treebank (70.9 perplexity) while using far fewer parameters than a standard softmax LSTM. In order to evaluate how well language models can exploit longer contexts and deal with more realistic vocabularies and larger corpora we also introduce the freely available WikiText corpus.",
    "arxivid": "1609.07843v1",
    "bib_name": "Pointersen133",
    "md_text": "# Pointer sentinel mixture models\n\n\nabstract\n\nRecent neural network sequence models with softmax classifiers have achieved their best language modeling performance only with very large hidden states and large vocabularies. Even then they struggle to predict rare or unseen words even if the context makes the prediction unambiguous. We introduce the pointer sentinel mixture architecture for neural sequence models which has the ability to either reproduce a word from the recent context or produce a word from a standard softmax classifier. Our pointer sentinel-LSTM model achieves state of the art language modeling performance on the Penn Treebank (70.9 perplexity) while using far fewer parameters than a standard softmax LSTM. In order to evaluate how well language models can exploit longer contexts and deal with more realistic vocabularies and larger corpora we also introduce the freely available WikiText corpus.",
    "paper_type": "method",
    "attri": {
        "background": "This paper addresses the issue of language modeling performance in neural network sequence models, particularly highlighting the challenges faced with predicting rare or unseen words even in unambiguous contexts. Previous methods have relied heavily on large hidden states and vocabularies, necessitating a breakthrough to improve effectiveness.",
        "problem": {
            "definition": "The problem is the inability of current neural network models to effectively predict rare or unseen words in language modeling despite having large hidden states and vocabularies.",
            "key obstacle": "The core obstacle is the limitation of existing models in handling the complexities of language, particularly when it comes to word prediction in contexts that do not include frequently occurring words."
        },
        "idea": {
            "intuition": "The proposed idea was inspired by the observation that integrating mechanisms to reproduce words from recent contexts could enhance prediction capabilities.",
            "opinion": "The proposed pointer sentinel mixture architecture allows the model to either reproduce a word from recent context or produce a word from a standard softmax classifier, thereby improving prediction accuracy.",
            "innovation": "The primary innovation of this method is the integration of a pointer mechanism that enhances the model's ability to utilize recent context while maintaining the benefits of a softmax classifier, resulting in fewer parameters and improved performance."
        },
        "method": {
            "method name": "Pointer Sentinel-LSTM",
            "method abbreviation": "PS-LSTM",
            "method definition": "The Pointer Sentinel-LSTM is a neural sequence modeling architecture that incorporates a pointer mechanism to either reproduce words from recent context or generate words from a softmax classifier.",
            "method description": "This method combines the advantages of context-aware word reproduction with traditional softmax classification to enhance language modeling.",
            "method steps": "1. Analyze recent context for potential word reproduction. 2. Utilize a softmax classifier for generating standard predictions. 3. Integrate outputs to form final predictions.",
            "principle": "This method is effective because it leverages both the immediate context for word prediction and the broader vocabulary capabilities of softmax classifiers, addressing the limitations of existing models."
        },
        "experiments": {
            "evaluation setting": "The evaluation was conducted on the Penn Treebank dataset, comparing the performance of the Pointer Sentinel-LSTM against standard softmax LSTMs, and utilizing the newly introduced WikiText corpus for broader context evaluation.",
            "evaluation method": "Performance was assessed based on perplexity measurements, with the Pointer Sentinel-LSTM achieving a perplexity of 70.9, demonstrating superior language modeling capabilities."
        },
        "conclusion": "The experiments show that the Pointer Sentinel-LSTM achieves state-of-the-art language modeling performance while using significantly fewer parameters than traditional models, indicating its effectiveness and potential for future applications.",
        "discussion": {
            "advantage": "The key advantages of the proposed approach include improved prediction accuracy for rare words and reduced parameter usage, making it more efficient than existing methods.",
            "limitation": "A limitation of the method may be its dependency on the quality of the recent context, which could affect performance in scenarios with less informative context.",
            "future work": "Future research could explore enhancing the pointer mechanism further, integrating it with other neural architectures, and testing its performance across diverse datasets and languages."
        },
        "other info": []
    },
    "mount_outline": [
        {
            "section number": "1.1",
            "key information": "This paper addresses the issue of language modeling performance in neural network sequence models, particularly highlighting the challenges faced with predicting rare or unseen words even in unambiguous contexts."
        },
        {
            "section number": "2.1",
            "key information": "The Pointer Sentinel-LSTM is a neural sequence modeling architecture that incorporates a pointer mechanism to either reproduce words from recent context or generate words from a softmax classifier."
        },
        {
            "section number": "2.2",
            "key information": "This method combines the advantages of context-aware word reproduction with traditional softmax classification to enhance language modeling."
        },
        {
            "section number": "3.2",
            "key information": "The proposed pointer sentinel mixture architecture allows the model to either reproduce a word from recent context or produce a word from a standard softmax classifier, thereby improving prediction accuracy."
        },
        {
            "section number": "4.2",
            "key information": "Performance was assessed based on perplexity measurements, with the Pointer Sentinel-LSTM achieving a perplexity of 70.9, demonstrating superior language modeling capabilities."
        },
        {
            "section number": "5.1",
            "key information": "The key advantages of the proposed approach include improved prediction accuracy for rare words and reduced parameter usage, making it more efficient than existing methods."
        },
        {
            "section number": "6.3",
            "key information": "Future research could explore enhancing the pointer mechanism further, integrating it with other neural architectures, and testing its performance across diverse datasets and languages."
        }
    ],
    "similarity_score": null,
    "image": null,
    "path": "/home/liudingyuan/code/SurveyX/code/SurveyX-main/outputs/t14/papers/Pointer sentinel mixture models.json"
}