{
    "from": null,
    "scholar_id": null,
    "detail_id": null,
    "title": "Progressive skeletonization: trimming more fat from a network at initialization",
    "abstract": "Recent studies have shown that skeletonization (pruning parameters) of networks at initialization provides all the practical benefits of sparsity both at inference and training time, while only marginally degrading their performance. However, we observe that beyond a certain level of sparsity (approx 95%), these approaches fail to preserve the network performance, and to our surprise, in many cases perform even worse than trivial random pruning. To this end, we propose to find a skeletonized network with maximum foresight connection sensitivity (FORCE). Intuitively, out of all possible sub-networks, we propose to find the one whose connections would have a maximum impact on the loss when perturbed. Our approximate solution to maximize the FORCE, progressively prunes connections of a given network at initialization. This allows parameters that were unimportant at earlier stages of skeletonization to become important at later stages. In many cases, our approach enables us to remove up to 99.9% parameters, while keeping networks trainable and providing significantly better performance than recent approaches. We demonstrate the effectiveness of our approach at various levels of sparsity (from medium to extreme) through extensive experiments and analysis. Code can be found in this https URL.",
    "arxivid": "2006.09081v5",
    "bib_name": "Progressiv184",
    "md_text": "# Progressive skeletonization: trimming more fat from a network at initialization\n\n\nabstract\n\nRecent studies have shown that skeletonization (pruning parameters) of networks at initialization provides all the practical benefits of sparsity both at inference and training time, while only marginally degrading their performance. However, we observe that beyond a certain level of sparsity (approx 95%), these approaches fail to preserve the network performance, and to our surprise, in many cases perform even worse than trivial random pruning. To this end, we propose to find a skeletonized network with maximum foresight connection sensitivity (FORCE). Intuitively, out of all possible sub-networks, we propose to find the one whose connections would have a maximum impact on the loss when perturbed. Our approximate solution to maximize the FORCE, progressively prunes connections of a given network at initialization. This allows parameters that were unimportant at earlier stages of skeletonization to become important at later stages. In many cases, our approach enables us to remove up to 99.9% parameters, while keeping networks trainable and providing significantly better performance than recent approaches. We demonstrate the effectiveness of our approach at various levels of sparsity (from medium to extreme) through extensive experiments and analysis. Code can be found in this https URL.",
    "paper_type": "method",
    "attri": {
        "background": "This paper addresses the issue of ineffective performance preservation in neural networks when subjected to high levels of skeletonization, particularly beyond 95% sparsity, where existing methods often result in worse outcomes than random pruning.",
        "problem": {
            "definition": "The problem is the inability of current skeletonization methods to maintain network performance at high sparsity levels, leading to suboptimal results.",
            "key obstacle": "The core obstacle is the challenge of identifying which connections in a network are crucial for performance, especially as sparsity increases."
        },
        "idea": {
            "intuition": "The idea was inspired by the observation that certain connections in a network have a greater impact on performance than others, particularly when pruned.",
            "opinion": "The proposed idea is to progressively prune connections based on their foresight connection sensitivity (FORCE), allowing for a more informed skeletonization process.",
            "innovation": "The primary innovation lies in the progressive nature of the pruning process, which adapts to the changing importance of parameters throughout the skeletonization stages, contrasting with static pruning approaches."
        },
        "method": {
            "method name": "Progressive skeletonization",
            "method abbreviation": "PS",
            "method definition": "Progressive skeletonization is a method that gradually prunes connections from a network at initialization based on their sensitivity to loss changes, optimizing for maximum impact on performance.",
            "method description": "The method involves iterative pruning of network connections, allowing previously unimportant parameters to gain significance as the pruning progresses.",
            "method steps": "1. Initialize the network. 2. Assess connection sensitivity. 3. Iteratively prune connections based on sensitivity. 4. Repeat until desired sparsity is achieved.",
            "principle": "The effectiveness of this method is based on the principle that connections with higher sensitivity to loss perturbations are more critical for maintaining performance, thus should be preserved during pruning."
        },
        "experiments": {
            "evaluation setting": "Extensive experiments were conducted at various levels of sparsity, comparing the performance of the proposed method against baseline methods, including trivial random pruning.",
            "evaluation method": "The performance was measured by analyzing the network's ability to maintain accuracy and trainability after progressive skeletonization."
        },
        "conclusion": "The experiments demonstrate that the progressive skeletonization approach can achieve up to 99.9% parameter reduction while significantly outperforming existing methods in terms of network performance.",
        "discussion": {
            "advantage": "The key advantages include the ability to maintain high performance at extreme levels of sparsity and the adaptability of the method to changing parameter importance.",
            "limitation": "One limitation is that the method may require careful tuning of parameters to achieve optimal results, which could complicate its application.",
            "future work": "Future research could explore further enhancements to the pruning algorithm and its application to different network architectures and tasks."
        },
        "other info": []
    },
    "mount_outline": [
        {
            "section number": "1.1",
            "key information": "Pruning contributes to model efficiency and performance, especially at high levels of sparsity where existing methods often result in worse outcomes than random pruning."
        },
        {
            "section number": "2.3",
            "key information": "The proposed progressive skeletonization method allows for a more informed pruning process by progressively pruning connections based on their foresight connection sensitivity (FORCE)."
        },
        {
            "section number": "3.1",
            "key information": "The paper discusses the challenge of identifying crucial connections in a network as sparsity increases, highlighting the unique characteristics of progressive pruning."
        },
        {
            "section number": "4.3",
            "key information": "The experiments demonstrate that the progressive skeletonization approach can achieve up to 99.9% parameter reduction while significantly outperforming existing methods in terms of network performance."
        },
        {
            "section number": "5.1",
            "key information": "The proposed method maintains high performance at extreme levels of sparsity, addressing the trade-off between model size and accuracy."
        },
        {
            "section number": "6.1",
            "key information": "The progressive nature of the pruning process adapts to the changing importance of parameters throughout the skeletonization stages, providing a recommended strategy for effective pruning."
        },
        {
            "section number": "6.2",
            "key information": "One limitation of the proposed method is the requirement for careful tuning of parameters to achieve optimal results, which could complicate its application."
        }
    ],
    "similarity_score": null,
    "image": null,
    "path": "/home/liudingyuan/code/SurveyX/code/SurveyX-main/outputs/t14/papers/Progressive skeletonization_ trimming more fat from a network at initialization.json"
}