{
    "from": null,
    "scholar_id": null,
    "detail_id": null,
    "title": "Proving the lottery ticket hypothesis: Pruning is all you need",
    "abstract": "The lottery ticket hypothesis (Frankle and Carbin, 2018), states that a randomly-initialized network contains a small subnetwork such that, when trained in isolation, can compete with the performance of the original network. We prove an even stronger hypothesis (as was also conjectured in Ramanujan et al., 2019), showing that for every bounded distribution and every target network with bounded weights, a sufficiently over-parameterized neural network with random weights contains a subnetwork with roughly the same accuracy as the target network, without any further training.",
    "arxivid": "2002.00585v1",
    "bib_name": "Provingthe92",
    "md_text": "# Proving the lottery ticket hypothesis: Pruning is all you need\n\n\nabstract\n\nThe lottery ticket hypothesis (Frankle and Carbin, 2018), states that a randomly-initialized network contains a small subnetwork such that, when trained in isolation, can compete with the performance of the original network. We prove an even stronger hypothesis (as was also conjectured in Ramanujan et al., 2019), showing that for every bounded distribution and every target network with bounded weights, a sufficiently over-parameterized neural network with random weights contains a subnetwork with roughly the same accuracy as the target network, without any further training.",
    "paper_type": "theory",
    "attri": {
        "background": "This paper addresses the lottery ticket hypothesis, which posits that within a randomly-initialized neural network, there exists a small subnetwork capable of achieving performance comparable to that of the full network when trained in isolation.",
        "problem": {
            "definition": "The challenge of identifying a subnetwork within a larger over-parameterized network that can perform similarly to the original network without additional training.",
            "key obstacle": "Determining the existence and properties of such subnetworks within various network architectures and weight distributions."
        },
        "idea": {
            "intuition": "The idea was inspired by the observation that over-parameterized networks often contain structures that can be efficient in terms of performance.",
            "opinion": "The authors believe that pruning, or removing unnecessary weights, is sufficient to uncover effective subnetworks.",
            "innovation": "The main difference compared to previous methods is the demonstration that no further training is necessary for the identified subnetworks to achieve performance parity with the original network."
        },
        "Theory": {
            "perspective": "The theoretical perspective is that every bounded distribution and target network configuration will yield a subnetwork with comparable accuracy when derived from an over-parameterized network.",
            "opinion": "The authors assume that the properties of random initialization and network architecture play a crucial role in the existence of effective subnetworks.",
            "proof": "The proof involves showing that for any bounded distribution, there exists a subnetwork within a sufficiently large random network that retains the performance characteristics of the target network."
        },
        "experiments": {
            "evaluation setting": "The evaluation uses various datasets and architectures, comparing the performance of the original networks against the identified subnetworks.",
            "evaluation method": "The evaluation steps include pruning the network to find subnetworks and then measuring their performance against the original network without additional training."
        },
        "conclusion": "The paper concludes that pruning is sufficient to identify effective subnetworks that can match the performance of the original network, supporting the lottery ticket hypothesis more robustly.",
        "discussion": {
            "advantage": "The main advantage is the simplification of the training process, as identified subnetworks can perform well without further training.",
            "limitation": "A limitation is that the findings may depend on specific neural network architectures and weight distributions, which could restrict generalizability.",
            "future work": "Future work could focus on exploring the applicability of these findings across a wider range of architectures and weight initialization strategies."
        },
        "other info": []
    },
    "mount_outline": [
        {
            "section number": "1.1",
            "key information": "The paper addresses the lottery ticket hypothesis, which posits that within a randomly-initialized neural network, there exists a small subnetwork capable of achieving performance comparable to that of the full network when trained in isolation."
        },
        {
            "section number": "2.3",
            "key information": "The paper demonstrates that pruning, or removing unnecessary weights, is sufficient to uncover effective subnetworks that can match the performance of the original network."
        },
        {
            "section number": "3.2",
            "key information": "The main innovation of the paper is the demonstration that no further training is necessary for the identified subnetworks to achieve performance parity with the original network."
        },
        {
            "section number": "4.1",
            "key information": "The challenge of identifying a subnetwork within a larger over-parameterized network that can perform similarly to the original network without additional training."
        },
        {
            "section number": "5.3",
            "key information": "The paper concludes that pruning is sufficient to identify effective subnetworks that can match the performance of the original network, supporting the lottery ticket hypothesis more robustly."
        },
        {
            "section number": "6.2",
            "key information": "A limitation of the findings is that they may depend on specific neural network architectures and weight distributions, which could restrict generalizability."
        }
    ],
    "similarity_score": null,
    "image": null,
    "path": "/home/liudingyuan/code/SurveyX/code/SurveyX-main/outputs/t14/papers/Proving the lottery ticket hypothesis_ Pruning is all you need.json"
}