{
    "from": null,
    "scholar_id": null,
    "detail_id": null,
    "title": "Prune your model before distill it",
    "abstract": "Knowledge distillation transfers the knowledge from a cumbersome teacher to a small student. Recent results suggest that the student-friendly teacher is more appropriate to distill since it provides more transferable knowledge. In this work, we propose the novel framework,\"prune, then distill,\"that prunes the model first to make it more transferrable and then distill it to the student. We provide several exploratory examples where the pruned teacher teaches better than the original unpruned networks. We further show theoretically that the pruned teacher plays the role of regularizer in distillation, which reduces the generalization error. Based on this result, we propose a novel neural network compression scheme where the student network is formed based on the pruned teacher and then apply the\"prune, then distill\"strategy. The code is available at https://github.com/ososos888/prune-then-distill",
    "arxivid": "2109.14960v3",
    "bib_name": "Pruneyourm166",
    "md_text": "# Prune your model before distill it\n\n\nabstract\n\nKnowledge distillation transfers the knowledge from a cumbersome teacher to a small student. Recent results suggest that the student-friendly teacher is more appropriate to distill since it provides more transferable knowledge. In this work, we propose the novel framework,\"prune, then distill,\"that prunes the model first to make it more transferrable and then distill it to the student. We provide several exploratory examples where the pruned teacher teaches better than the original unpruned networks. We further show theoretically that the pruned teacher plays the role of regularizer in distillation, which reduces the generalization error. Based on this result, we propose a novel neural network compression scheme where the student network is formed based on the pruned teacher and then apply the\"prune, then distill\"strategy. The code is available at https://github.com/ososos888/prune-then-distill",
    "paper_type": "method",
    "attri": {
        "background": "This paper addresses the issue of knowledge distillation, which traditionally involves transferring knowledge from a large teacher model to a smaller student model. Previous methods have not fully optimized the transferability of knowledge, necessitating a new approach to enhance the distillation process.",
        "problem": {
            "definition": "The problem is the inefficiency and ineffectiveness of knowledge transfer from a cumbersome teacher model to a small student model, which can lead to suboptimal performance.",
            "key obstacle": "The main difficulty lies in the fact that existing teacher models may not provide the most transferable knowledge, limiting the student's learning potential."
        },
        "idea": {
            "intuition": "The idea is inspired by the observation that a pruned model can offer a more streamlined and effective form of knowledge transfer, enhancing the distillation process.",
            "opinion": "The proposed idea involves first pruning the teacher model to improve its knowledge transferability before distilling this refined knowledge to the student model.",
            "innovation": "The key innovation is the introduction of the 'prune, then distill' framework, which contrasts with traditional methods by emphasizing model pruning as a precursor to knowledge distillation."
        },
        "method": {
            "method name": "Prune, then Distill",
            "method abbreviation": "PTD",
            "method definition": "This method involves first pruning the teacher model to enhance its transferability and then applying knowledge distillation to the student model based on the pruned teacher.",
            "method description": "The core of the method is to improve the distillation process by first optimizing the teacher model through pruning.",
            "method steps": "1. Prune the teacher model. 2. Distill knowledge from the pruned teacher to the student model.",
            "principle": "The effectiveness of this method is supported by the theoretical understanding that a pruned teacher acts as a regularizer in the distillation process, thereby reducing the generalization error."
        },
        "experiments": {
            "evaluation setting": "The experiments were conducted using various datasets and baseline methods to evaluate the performance of the pruned teacher against the original unpruned networks.",
            "evaluation method": "The performance of the method was assessed by comparing the accuracy and generalization capabilities of the student model trained with knowledge from the pruned teacher versus the original teacher."
        },
        "conclusion": "The outcomes of the experiments indicate that the 'prune, then distill' approach significantly enhances the knowledge transfer from teacher to student, resulting in improved performance and reduced generalization error.",
        "discussion": {
            "advantage": "The key advantages of the proposed approach include improved transferability of knowledge from the teacher model and enhanced performance of the student model.",
            "limitation": "One limitation is that the effectiveness of pruning may depend on the specific architecture of the teacher model and the nature of the task.",
            "future work": "Future research could explore further optimization techniques for pruning and investigate the application of this method across different model architectures and tasks."
        },
        "other info": {
            "code repository": "https://github.com/ososos888/prune-then-distill"
        }
    },
    "mount_outline": [
        {
            "section number": "2.2",
            "key information": "The proposed method, 'Prune, then Distill' (PTD), involves first pruning the teacher model to enhance its transferability and then applying knowledge distillation to the student model based on the pruned teacher."
        },
        {
            "section number": "3.1",
            "key information": "The 'prune, then distill' framework emphasizes model pruning as a precursor to knowledge distillation, contrasting traditional methods."
        },
        {
            "section number": "5.3",
            "key information": "The outcomes of the experiments indicate that the 'prune, then distill' approach significantly enhances the knowledge transfer from teacher to student, resulting in improved performance and reduced generalization error."
        },
        {
            "section number": "6.5",
            "key information": "The proposed approach highlights the role of knowledge distillation in conjunction with pruning, improving the transferability of knowledge from the teacher model to the student model."
        },
        {
            "section number": "6.2",
            "key information": "One limitation of the proposed method is that the effectiveness of pruning may depend on the specific architecture of the teacher model and the nature of the task."
        }
    ],
    "similarity_score": null,
    "image": null,
    "path": "/home/liudingyuan/code/SurveyX/code/SurveyX-main/outputs/t14/papers/Prune your model before distill it.json"
}