{
    "from": null,
    "scholar_id": null,
    "detail_id": null,
    "title": "Pruning self-attentions into convolutional layers in single path",
    "abstract": "Vision Transformers (ViTs) have achieved impressive performance over various computer vision tasks. However, modeling global correlations with multi-head self-attention (MSA) layers leads to two widely recognized issues: the massive computational resource consumption and the lack of intrinsic inductive bias for modeling local visual patterns. To solve both issues, we devise a simple yet effective method named Single-Path Vision Transformer pruning (SPViT), to efficiently and automatically compress the pre-trained ViTs into compact models with proper locality added. Specifically, we first propose a novel weight-sharing scheme between MSA and convolutional operations, delivering a single-path space to encode all candidate operations. In this way, we cast the operation search problem as finding which subset of parameters to use in each MSA layer, which significantly reduces the computational cost and optimization difficulty, and the convolution kernels can be well initialized using pre-trained MSA parameters. Relying on the single-path space, we introduce learnable binary gates to encode the operation choices in MSA layers. Similarly, we further employ learnable gates to encode the fine-grained MLP expansion ratios of FFN layers. In this way, our SPViT optimizes the learnable gates to automatically explore from a vast and unified search space and flexibly adjust the MSA-FFN pruning proportions for each individual dense model. We conduct extensive experiments on two representative ViTs showing that our SPViT achieves a new SOTA for pruning on ImageNet-1 k. For example, our SPViT can trim 52.0% FLOPs for DeiT-B and get an impressive 0.6% top-1 accuracy gain simultaneously.",
    "arxivid": "2111.11802v4",
    "bib_name": "Pruningsel185",
    "md_text": "# Pruning self-attentions into convolutional layers in single path\n\n\nabstract\n\nVision Transformers (ViTs) have achieved impressive performance over various computer vision tasks. However, modeling global correlations with multi-head self-attention (MSA) layers leads to two widely recognized issues: the massive computational resource consumption and the lack of intrinsic inductive bias for modeling local visual patterns. To solve both issues, we devise a simple yet effective method named Single-Path Vision Transformer pruning (SPViT), to efficiently and automatically compress the pre-trained ViTs into compact models with proper locality added. Specifically, we first propose a novel weight-sharing scheme between MSA and convolutional operations, delivering a single-path space to encode all candidate operations. In this way, we cast the operation search problem as finding which subset of parameters to use in each MSA layer, which significantly reduces the computational cost and optimization difficulty, and the convolution kernels can be well initialized using pre-trained MSA parameters. Relying on the single-path space, we introduce learnable binary gates to encode the operation choices in MSA layers. Similarly, we further employ learnable gates to encode the fine-grained MLP expansion ratios of FFN layers. In this way, our SPViT optimizes the learnable gates to automatically explore from a vast and unified search space and flexibly adjust the MSA-FFN pruning proportions for each individual dense model. We conduct extensive experiments on two representative ViTs showing that our SPViT achieves a new SOTA for pruning on ImageNet-1 k. For example, our SPViT can trim 52.0% FLOPs for DeiT-B and get an impressive 0.6% top-1 accuracy gain simultaneously.",
    "paper_type": "method",
    "attri": {
        "background": "This paper addresses the issue of excessive computational resource consumption and the lack of intrinsic inductive bias for modeling local visual patterns in Vision Transformers (ViTs) due to multi-head self-attention (MSA) layers.",
        "problem": {
            "definition": "The problem focuses on the inefficiency of ViTs in terms of computational resources and the inability to effectively capture local visual patterns.",
            "key obstacle": "The main difficulty lies in the high computational cost and the optimization challenges associated with existing MSA layers."
        },
        "idea": {
            "intuition": "The idea is inspired by the need to improve the efficiency of ViTs while incorporating locality in their design.",
            "opinion": "The proposed method, Single-Path Vision Transformer pruning (SPViT), aims to compress pre-trained ViTs into compact models while enhancing locality.",
            "innovation": "The primary innovation is the introduction of a weight-sharing scheme between MSA and convolutional operations, allowing for an efficient search for operation subsets in MSA layers."
        },
        "method": {
            "method name": "Single-Path Vision Transformer pruning",
            "method abbreviation": "SPViT",
            "method definition": "SPViT is a method that compresses pre-trained ViTs into compact models by optimizing learnable gates to explore operation choices in MSA layers.",
            "method description": "SPViT efficiently prunes ViTs by employing a single-path space for operation selection and locality enhancement.",
            "method steps": [
                "Propose a weight-sharing scheme between MSA and convolutional operations.",
                "Cast the operation search problem as selecting subsets of parameters in each MSA layer.",
                "Introduce learnable binary gates to encode operation choices in MSA layers.",
                "Employ learnable gates to adjust MLP expansion ratios in FFN layers."
            ],
            "principle": "The effectiveness of SPViT stems from its ability to reduce computational costs while allowing for fine-grained control over the pruning proportions of MSA and FFN layers."
        },
        "experiments": {
            "evaluation setting": "Extensive experiments were conducted on two representative ViTs, specifically evaluating performance on the ImageNet-1k dataset.",
            "evaluation method": "Performance was assessed by measuring the reduction in FLOPs and the top-1 accuracy gain achieved through the proposed pruning method."
        },
        "conclusion": "SPViT achieves a new state-of-the-art for pruning on ImageNet-1k, demonstrating a 52.0% reduction in FLOPs for DeiT-B while simultaneously improving top-1 accuracy by 0.6%.",
        "discussion": {
            "advantage": "The key advantages of SPViT include significant reduction in computational resources and enhanced performance through effective locality modeling.",
            "limitation": "Potential limitations may include the reliance on pre-trained MSA parameters for initialization, which may not generalize across all tasks.",
            "future work": "Future research could explore further improvements in the adaptability of the method to different architectures and tasks."
        },
        "other info": []
    },
    "mount_outline": [
        {
            "section number": "1.1",
            "key information": "Pruning contributes to model efficiency and performance by addressing excessive computational resource consumption."
        },
        {
            "section number": "2.2",
            "key information": "SPViT compresses pre-trained Vision Transformers (ViTs) into compact models while optimizing learnable gates to enhance locality."
        },
        {
            "section number": "2.3",
            "key information": "The proposed method, SPViT, introduces a weight-sharing scheme between multi-head self-attention (MSA) and convolutional operations, improving neural network efficiency."
        },
        {
            "section number": "3.1",
            "key information": "SPViT represents a structured pruning approach that optimizes operation choices in MSA layers for enhanced locality."
        },
        {
            "section number": "4.1",
            "key information": "Criteria for evaluation include reduction in FLOPs and improvement in top-1 accuracy, as demonstrated by SPViT's performance on the ImageNet-1k dataset."
        },
        {
            "section number": "5.1",
            "key information": "SPViT achieves a 52.0% reduction in FLOPs while improving top-1 accuracy by 0.6%, illustrating the trade-off between model size and accuracy."
        },
        {
            "section number": "6.1",
            "key information": "Best practices include employing learnable binary gates to encode operation choices in MSA layers for effective pruning."
        },
        {
            "section number": "6.3",
            "key information": "Future work could explore further improvements in the adaptability of SPViT to different architectures and tasks."
        }
    ],
    "similarity_score": null,
    "image": null,
    "path": "/home/liudingyuan/code/SurveyX/code/SurveyX-main/outputs/t14/papers/Pruning self-attentions into convolutional layers in single path.json"
}