{
    "from": null,
    "scholar_id": null,
    "detail_id": null,
    "title": "Pruning filters for efficient convnets",
    "abstract": "The success of CNNs in various applications is accompanied by a significant increase in the computation and parameter storage costs. Recent efforts toward reducing these overheads involve pruning and compressing the weights of various layers without hurting original accuracy. However, magnitude-based pruning of weights reduces a significant number of parameters from the fully connected layers and may not adequately reduce the computation costs in the convolutional layers due to irregular sparsity in the pruned networks. We present an acceleration method for CNNs, where we prune filters from CNNs that are identified as having a small effect on the output accuracy. By removing whole filters in the network together with their connecting feature maps, the computation costs are reduced significantly. In contrast to pruning weights, this approach does not result in sparse connectivity patterns. Hence, it does not need the support of sparse convolution libraries and can work with existing efficient BLAS libraries for dense matrix multiplications. We show that even simple filter pruning techniques can reduce inference costs for VGG-16 by up to 34% and ResNet-110 by up to 38% on CIFAR10 while regaining close to the original accuracy by retraining the networks.",
    "arxivid": "1608.08710v3",
    "bib_name": "Pruningfil51",
    "md_text": "# Pruning filters for efficient convnets\n\n\nabstract\n\nThe success of CNNs in various applications is accompanied by a significant increase in the computation and parameter storage costs. Recent efforts toward reducing these overheads involve pruning and compressing the weights of various layers without hurting original accuracy. However, magnitude-based pruning of weights reduces a significant number of parameters from the fully connected layers and may not adequately reduce the computation costs in the convolutional layers due to irregular sparsity in the pruned networks. We present an acceleration method for CNNs, where we prune filters from CNNs that are identified as having a small effect on the output accuracy. By removing whole filters in the network together with their connecting feature maps, the computation costs are reduced significantly. In contrast to pruning weights, this approach does not result in sparse connectivity patterns. Hence, it does not need the support of sparse convolution libraries and can work with existing efficient BLAS libraries for dense matrix multiplications. We show that even simple filter pruning techniques can reduce inference costs for VGG-16 by up to 34% and ResNet-110 by up to 38% on CIFAR10 while regaining close to the original accuracy by retraining the networks.",
    "paper_type": "method",
    "attri": {
        "background": "The success of CNNs in various applications is accompanied by a significant increase in the computation and parameter storage costs. Recent efforts toward reducing these overheads involve pruning and compressing the weights of various layers without hurting original accuracy.",
        "problem": {
            "definition": "The problem addressed is the high computation and parameter storage costs associated with CNNs, particularly in convolutional layers.",
            "key obstacle": "Magnitude-based pruning of weights reduces parameters primarily in fully connected layers and does not effectively reduce computation costs in convolutional layers due to irregular sparsity."
        },
        "idea": {
            "intuition": "The idea is inspired by the observation that some filters in CNNs have a small effect on output accuracy, suggesting that they can be removed to reduce computation costs.",
            "opinion": "The proposed idea involves pruning entire filters from CNNs instead of individual weights, which significantly cuts down computation costs while maintaining accuracy.",
            "innovation": "The primary innovation is the method of pruning filters rather than weights, which avoids creating sparse connectivity patterns and allows the use of existing efficient BLAS libraries."
        },
        "method": {
            "method name": "Filter Pruning",
            "method abbreviation": "FP",
            "method definition": "Filter Pruning is a technique that involves removing entire filters from convolutional neural networks that have minimal impact on output accuracy.",
            "method description": "The method reduces computation costs by eliminating filters and their corresponding feature maps from the network.",
            "method steps": "Identify filters with small effects on accuracy, remove those filters along with their feature maps, and retrain the network.",
            "principle": "This method is effective because it reduces the overall computation without the complications of sparse connectivity, enabling the use of optimized dense matrix operations."
        },
        "experiments": {
            "evaluation setting": "The experiments were conducted on VGG-16 and ResNet-110 architectures using the CIFAR10 dataset, comparing the performance of the proposed filter pruning method against baseline methods.",
            "evaluation method": "Performance was assessed by measuring the reduction in inference costs and accuracy retention after retraining the pruned networks."
        },
        "conclusion": "The proposed filter pruning technique can significantly reduce inference costs for CNNs, achieving up to 34% reduction for VGG-16 and 38% for ResNet-110 while maintaining close to original accuracy through retraining.",
        "discussion": {
            "advantage": "The key advantage of the proposed approach is its ability to reduce computation costs without introducing sparse connectivity, thus simplifying implementation with existing libraries.",
            "limitation": "One limitation is that the effectiveness of filter pruning may vary depending on the specific architecture and dataset used.",
            "future work": "Future research could explore further optimizations in filter selection criteria and investigate the applicability of this method to other network architectures."
        },
        "other info": []
    },
    "mount_outline": [
        {
            "section number": "1.1",
            "key information": "Pruning contributes to model efficiency and performance by reducing computation and parameter storage costs associated with CNNs."
        },
        {
            "section number": "2.2",
            "key information": "The proposed Filter Pruning technique reduces computation costs by removing entire filters from convolutional neural networks that have minimal impact on output accuracy."
        },
        {
            "section number": "2.3",
            "key information": "Filter Pruning avoids creating sparse connectivity patterns, allowing the use of existing efficient BLAS libraries, which enhances neural network efficiency."
        },
        {
            "section number": "3.1",
            "key information": "Magnitude-based pruning primarily reduces parameters in fully connected layers and does not effectively reduce computation costs in convolutional layers due to irregular sparsity."
        },
        {
            "section number": "4.1",
            "key information": "The effectiveness of the proposed filter pruning method was evaluated by measuring the reduction in inference costs and accuracy retention after retraining the pruned networks."
        },
        {
            "section number": "5.1",
            "key information": "The proposed filter pruning technique can achieve up to 34% reduction in inference costs for VGG-16 and 38% for ResNet-110 while maintaining close to original accuracy through retraining."
        },
        {
            "section number": "6.1",
            "key information": "The key advantage of the proposed approach is its ability to reduce computation costs without introducing sparse connectivity, simplifying implementation with existing libraries."
        },
        {
            "section number": "6.2",
            "key information": "One limitation of the filter pruning method is that its effectiveness may vary depending on the specific architecture and dataset used."
        },
        {
            "section number": "6.3",
            "key information": "Future research could explore further optimizations in filter selection criteria and investigate the applicability of the filter pruning method to other network architectures."
        }
    ],
    "similarity_score": null,
    "image": null,
    "path": "/home/liudingyuan/code/SurveyX/code/SurveyX-main/outputs/t14/papers/Pruning filters for efficient convnets.json"
}