{
    "from": null,
    "scholar_id": null,
    "detail_id": null,
    "title": "Pruning from scratch",
    "abstract": "Network pruning is an important research field aiming at reducing computational costs of neural networks. Conventional approaches follow a fixed paradigm which first trains a large and redundant network, and then determines which units (e.g., channels) are less important and thus can be removed. In this work, we find that pre-training an over-parameterized model is not necessary for obtaining the target pruned structure. In fact, a fully-trained over-parameterized model will reduce the search space for the pruned structure. We empirically show that more diverse pruned structures can be directly pruned from randomly initialized weights, including potential models with better performance. Therefore, we propose a novel network pruning pipeline which allows pruning from scratch with little training overhead. In the experiments for compressing classification models on CIFAR10 and ImageNet datasets, our approach not only greatly reduces the pre-training burden of traditional pruning methods, but also achieves similar or even higher accuracy under the same computation budgets. Our results facilitate the community to rethink the effectiveness of existing techniques used for network pruning.",
    "arxivid": "1909.12579v1",
    "bib_name": "Pruningfro58",
    "md_text": "# Pruning from scratch\n\n\nabstract\n\nNetwork pruning is an important research field aiming at reducing computational costs of neural networks. Conventional approaches follow a fixed paradigm which first trains a large and redundant network, and then determines which units (e.g., channels) are less important and thus can be removed. In this work, we find that pre-training an over-parameterized model is not necessary for obtaining the target pruned structure. In fact, a fully-trained over-parameterized model will reduce the search space for the pruned structure. We empirically show that more diverse pruned structures can be directly pruned from randomly initialized weights, including potential models with better performance. Therefore, we propose a novel network pruning pipeline which allows pruning from scratch with little training overhead. In the experiments for compressing classification models on CIFAR10 and ImageNet datasets, our approach not only greatly reduces the pre-training burden of traditional pruning methods, but also achieves similar or even higher accuracy under the same computation budgets. Our results facilitate the community to rethink the effectiveness of existing techniques used for network pruning.",
    "paper_type": "method",
    "attri": {
        "background": "This paper addresses the issue of network pruning, which aims to reduce the computational costs of neural networks. Conventional methods involve training a large network and then pruning it based on the importance of its units. However, this study reveals that pre-training is not necessary for effective pruning, suggesting a new perspective on the process.",
        "problem": {
            "definition": "The problem defined in this paper is the inefficiency of traditional network pruning methods that rely on pre-training a large model before determining which units can be removed.",
            "key obstacle": "The main challenge is the reliance on a fully-trained model, which limits the exploration of diverse pruned structures and potentially hinders performance improvements."
        },
        "idea": {
            "intuition": "The intuition behind the proposed idea is that starting from randomly initialized weights can yield diverse pruned structures without the need for extensive pre-training.",
            "opinion": "The proposed idea is a novel pruning pipeline that allows for pruning from scratch, significantly reducing the training overhead associated with traditional methods.",
            "innovation": "The primary innovation lies in the ability to prune directly from randomly initialized networks, which contrasts with existing approaches that depend on a fully-trained model."
        },
        "method": {
            "method name": "Pruning from Scratch",
            "method abbreviation": "PFS",
            "method definition": "PFS is a network pruning approach that enables the pruning of neural networks directly from randomly initialized weights, without the need for pre-training.",
            "method description": "The core of the method involves identifying and removing less important units from a randomly initialized model to achieve an efficient network structure.",
            "method steps": "1. Initialize network weights randomly; 2. Identify and prune less important units; 3. Fine-tune the pruned model if necessary.",
            "principle": "This method is effective because it reduces the search space for the pruned structure and allows for the exploration of diverse architectures that may perform better than traditional methods."
        },
        "experiments": {
            "evaluation setting": "The experiments were conducted on classification models using the CIFAR10 and ImageNet datasets, comparing the proposed method against traditional pruning techniques.",
            "evaluation method": "The performance of the method was assessed based on accuracy metrics and computational budgets, measuring how well the pruned models perform relative to their unpruned counterparts."
        },
        "conclusion": "The outcomes of the experiments demonstrate that the proposed pruning method significantly reduces the pre-training burden while achieving similar or even higher accuracy, prompting a reevaluation of existing network pruning techniques.",
        "discussion": {
            "advantage": "Key advantages include reduced training overhead and the ability to discover diverse pruned structures that may enhance model performance.",
            "limitation": "A limitation of the method may include the potential for suboptimal initial weight configurations, which could affect the final performance of the pruned network.",
            "future work": "Future research could explore further optimizations in the pruning process and investigate the applicability of this method to other types of neural network architectures."
        },
        "other info": []
    },
    "mount_outline": [
        {
            "section number": "1.1",
            "key information": "Pruning contributes to model efficiency by reducing computational costs of neural networks, allowing for more effective utilization of resources."
        },
        {
            "section number": "2.3",
            "key information": "The paper defines pruning as a method that reduces the computational costs of neural networks by removing less important units, which enhances efficiency and performance."
        },
        {
            "section number": "3.1",
            "key information": "The proposed method, Pruning from Scratch (PFS), contrasts with traditional structured pruning approaches by enabling pruning directly from randomly initialized weights."
        },
        {
            "section number": "4.1",
            "key information": "The paper evaluates pruning methods based on accuracy metrics and computational budgets, providing a framework for assessing effectiveness."
        },
        {
            "section number": "5.1",
            "key information": "The paper discusses the trade-off between reducing training overhead and maintaining accuracy, highlighting how the proposed method achieves similar or higher accuracy compared to traditional techniques."
        },
        {
            "section number": "6.2",
            "key information": "A key challenge identified is the reliance on a fully-trained model in traditional methods, which limits exploration of diverse pruned structures and performance improvements."
        },
        {
            "section number": "6.3",
            "key information": "Future work may investigate further optimizations in the pruning process and the applicability of the proposed method to other neural network architectures."
        }
    ],
    "similarity_score": null,
    "image": null,
    "path": "/home/liudingyuan/code/SurveyX/code/SurveyX-main/outputs/t14/papers/Pruning from scratch.json"
}