{
    "from": null,
    "scholar_id": null,
    "detail_id": null,
    "title": "Pruning filter in filter",
    "abstract": "Pruning has become a very powerful and effective technique to compress and accelerate modern neural networks. Existing pruning methods can be grouped into two categories: filter pruning (FP) and weight pruning (WP). FP wins at hardware compatibility but loses at the compression ratio compared with WP. To converge the strength of both methods, we propose to prune the filter in the filter. Specifically, we treat a filter $F \\in \\mathbb{R}^{C\\times K\\times K}$ as $K \\times K$ stripes, \\emph{i.e.}, $1\\times 1$ filters $\\in \\mathbb{R}^{C}$, then by pruning the stripes instead of the whole filter, we can achieve finer granularity than traditional FP while being hardware friendly. We term our method as SWP (\\emph{Stripe-Wise Pruning}). SWP is implemented by introducing a novel learnable matrix called Filter Skeleton, whose values reflect the shape of each filter. As some recent work has shown that the pruned architecture is more crucial than the inherited important weights, we argue that the architecture of a single filter, \\emph{i.e.}, the shape, also matters. Through extensive experiments, we demonstrate that SWP is more effective compared to the previous FP-based methods and achieves the state-of-art pruning ratio on CIFAR-10 and ImageNet datasets without obvious accuracy drop. Code is available at this https URL",
    "arxivid": "2009.14410v3",
    "bib_name": "Pruningfil41",
    "md_text": "# Pruning filter in filter\n\n\nabstract\n\nPruning has become a very powerful and effective technique to compress and accelerate modern neural networks. Existing pruning methods can be grouped into two categories: filter pruning (FP) and weight pruning (WP). FP wins at hardware compatibility but loses at the compression ratio compared with WP. To converge the strength of both methods, we propose to prune the filter in the filter. Specifically, we treat a filter $F \\in \\mathbb{R}^{C\\times K\\times K}$ as $K \\times K$ stripes, \\emph{i.e.}, $1\\times 1$ filters $\\in \\mathbb{R}^{C}$, then by pruning the stripes instead of the whole filter, we can achieve finer granularity than traditional FP while being hardware friendly. We term our method as SWP (\\emph{Stripe-Wise Pruning}). SWP is implemented by introducing a novel learnable matrix called Filter Skeleton, whose values reflect the shape of each filter. As some recent work has shown that the pruned architecture is more crucial than the inherited important weights, we argue that the architecture of a single filter, \\emph{i.e.}, the shape, also matters. Through extensive experiments, we demonstrate that SWP is more effective compared to the previous FP-based methods and achieves the state-of-art pruning ratio on CIFAR-10 and ImageNet datasets without obvious accuracy drop. Code is available at this https URL",
    "paper_type": "method",
    "attri": {
        "background": "This paper addresses the issue of neural network compression and acceleration through pruning techniques, specifically focusing on the limitations of existing filter pruning and weight pruning methods. While filter pruning is more compatible with hardware, it does not achieve the same compression ratios as weight pruning, necessitating a new approach to leverage the strengths of both methods.",
        "problem": {
            "definition": "The problem this paper aims to solve is the inefficiency of traditional filter pruning methods in achieving high compression ratios while maintaining hardware compatibility in neural networks.",
            "key obstacle": "The core obstacle is that existing filter pruning methods compromise on the compression ratio when compared to weight pruning, making it difficult to achieve optimal performance in resource-constrained environments."
        },
        "idea": {
            "intuition": "The intuition behind the proposed idea is that by treating a filter as multiple stripes, we can prune these stripes individually, achieving a finer granularity in pruning that retains hardware compatibility.",
            "opinion": "The proposed idea, termed Stripe-Wise Pruning (SWP), involves pruning the stripes of filters rather than the entire filter, allowing for a more effective pruning strategy that balances compression and performance.",
            "innovation": "The primary innovation of SWP lies in its introduction of a learnable matrix called Filter Skeleton, which reflects the shape of each filter and enables a more flexible pruning approach compared to existing filter pruning techniques."
        },
        "method": {
            "method name": "Stripe-Wise Pruning",
            "method abbreviation": "SWP",
            "method definition": "SWP is defined as a method that prunes filters in a neural network by treating each filter as multiple stripes, allowing for selective pruning that achieves both finer granularity and hardware compatibility.",
            "method description": "The core of SWP is to prune individual stripes of a filter rather than the entire filter, optimizing the balance between compression and performance.",
            "method steps": "1. Treat each filter as K x K stripes. 2. Introduce the Filter Skeleton matrix to determine the shape of each filter. 3. Prune the stripes based on the learned values in the Filter Skeleton.",
            "principle": "SWP is effective because it allows for more precise pruning decisions that consider the architecture of the filters, leading to improved performance without significant accuracy loss."
        },
        "experiments": {
            "evaluation setting": "The experiments were conducted on CIFAR-10 and ImageNet datasets, comparing SWP against previous filter pruning methods to evaluate its effectiveness.",
            "evaluation method": "The performance of SWP was assessed by measuring the pruning ratio achieved and analyzing the accuracy drop compared to baseline models."
        },
        "conclusion": "The outcomes of the experiments demonstrated that SWP is more effective than previous filter pruning methods, achieving state-of-the-art pruning ratios on CIFAR-10 and ImageNet datasets without significant accuracy degradation.",
        "discussion": {
            "advantage": "The key advantages of SWP include its ability to achieve higher compression ratios while maintaining hardware compatibility, as well as the flexibility offered by the Filter Skeleton.",
            "limitation": "One limitation of the method may be its reliance on the architecture of the filters, which could potentially restrict its applicability to certain types of neural networks.",
            "future work": "Future work could explore refining the Filter Skeleton approach and testing SWP on a wider variety of neural network architectures to further enhance its effectiveness."
        },
        "other info": []
    },
    "mount_outline": [
        {
            "section number": "1.1",
            "key information": "Pruning techniques are crucial for achieving high compression ratios and maintaining performance in neural networks."
        },
        {
            "section number": "2.2",
            "key information": "The paper addresses inefficiencies in traditional filter pruning methods and introduces a new approach to leverage the strengths of filter and weight pruning."
        },
        {
            "section number": "2.3",
            "key information": "The proposed Stripe-Wise Pruning (SWP) method prunes filters by treating them as multiple stripes, allowing for selective pruning that enhances efficiency."
        },
        {
            "section number": "3.1",
            "key information": "SWP provides a structured approach to pruning by focusing on the individual stripes of filters, contrasting with traditional unstructured pruning methods."
        },
        {
            "section number": "4.1",
            "key information": "The evaluation of SWP includes measuring pruning ratios and analyzing accuracy drops compared to baseline models."
        },
        {
            "section number": "5.1",
            "key information": "SWP achieves higher compression ratios while maintaining hardware compatibility, illustrating the trade-offs between model size and accuracy."
        },
        {
            "section number": "6.1",
            "key information": "Best practices for implementing SWP involve utilizing the Filter Skeleton matrix to optimize pruning decisions based on filter architecture."
        },
        {
            "section number": "6.3",
            "key information": "Future work includes refining the Filter Skeleton and testing SWP on various neural network architectures to enhance its effectiveness."
        }
    ],
    "similarity_score": null,
    "image": null,
    "path": "/home/liudingyuan/code/SurveyX/code/SurveyX-main/outputs/t14/papers/Pruning filter in filter.json"
}