{
    "from": null,
    "scholar_id": null,
    "detail_id": null,
    "title": "Pruning convolutional neural networks with self-supervision",
    "abstract": "Convolutional neural networks trained without supervision come close to matching performance with supervised pre-training, but sometimes at the cost of an even higher number of parameters. Extracting subnetworks from these large unsupervised convnets with preserved performance is of particular interest to make them less computationally intensive. Typical pruning methods operate during training on a task while trying to maintain the performance of the pruned network on the same task. However, in self-supervised feature learning, the training objective is agnostic on the representation transferability to downstream tasks. Thus, preserving performance for this objective does not ensure that the pruned subnetwork remains effective for solving downstream tasks. In this work, we investigate the use of standard pruning methods, developed primarily for supervised learning, for networks trained without labels (i.e. on self-supervised tasks). We show that pruned masks obtained with or without labels reach comparable performance when retrained on labels, suggesting that pruning operates similarly for self-supervised and supervised learning. Interestingly, we also find that pruning preserves the transfer performance of self-supervised subnetwork representations.",
    "arxivid": "2001.03554v1",
    "bib_name": "Pruningcon158",
    "md_text": "# Pruning convolutional neural networks with self-supervision\n\n\nabstract\n\nConvolutional neural networks trained without supervision come close to matching performance with supervised pre-training, but sometimes at the cost of an even higher number of parameters. Extracting subnetworks from these large unsupervised convnets with preserved performance is of particular interest to make them less computationally intensive. Typical pruning methods operate during training on a task while trying to maintain the performance of the pruned network on the same task. However, in self-supervised feature learning, the training objective is agnostic on the representation transferability to downstream tasks. Thus, preserving performance for this objective does not ensure that the pruned subnetwork remains effective for solving downstream tasks. In this work, we investigate the use of standard pruning methods, developed primarily for supervised learning, for networks trained without labels (i.e. on self-supervised tasks). We show that pruned masks obtained with or without labels reach comparable performance when retrained on labels, suggesting that pruning operates similarly for self-supervised and supervised learning. Interestingly, we also find that pruning preserves the transfer performance of self-supervised subnetwork representations.",
    "paper_type": "method",
    "attri": {
        "background": "This paper addresses the issue of efficiently extracting subnetworks from large unsupervised convolutional neural networks (CNNs) to reduce computational intensity while maintaining performance, highlighting the limitations of typical pruning methods that are designed for supervised learning.",
        "problem": {
            "definition": "The problem is the challenge of maintaining the performance of pruned subnetworks from self-supervised CNNs when applying conventional pruning techniques that are primarily developed for supervised tasks.",
            "key obstacle": "The core obstacle is that the training objective of self-supervised feature learning does not guarantee representation transferability to downstream tasks, making it unclear if pruned networks will perform effectively in practical applications."
        },
        "idea": {
            "intuition": "The idea is inspired by the observation that pruning methods, which are typically used in supervised learning, might also be applicable to networks trained on self-supervised tasks.",
            "opinion": "The proposed idea entails adapting standard pruning methods to work effectively with self-supervised convolutional neural networks, ensuring that performance is retained even after subnetworks are extracted.",
            "innovation": "The primary innovation lies in demonstrating that pruned masks can achieve comparable performance in self-supervised and supervised contexts, indicating that pruning can be effectively applied across different training paradigms."
        },
        "method": {
            "method name": "Pruning Convolutional Neural Networks with Self-Supervision",
            "method abbreviation": "PCN-SS",
            "method definition": "The method involves applying standard pruning techniques to convolutional neural networks trained on self-supervised tasks, followed by retraining to assess performance.",
            "method description": "This method focuses on extracting efficient subnetworks from larger unsupervised CNNs while maintaining their effectiveness for downstream tasks.",
            "method steps": "1. Apply standard pruning methods to the self-supervised CNN. 2. Retrain the pruned subnetwork on labeled data. 3. Evaluate the performance on downstream tasks.",
            "principle": "The effectiveness of this method is based on the premise that pruning methods can generalize across different training objectives, thus preserving the transferability of representations learned in self-supervised settings."
        },
        "experiments": {
            "evaluation setting": "The experimental setup involves using CNNs trained on self-supervised tasks and comparing the performance of pruned networks against baseline methods.",
            "evaluation method": "The evaluation method includes measuring the performance of pruned subnetworks after retraining on labeled data and analyzing their effectiveness on downstream tasks."
        },
        "conclusion": "The outcomes of the experiments indicate that pruned masks from self-supervised networks can retain competitive performance when retrained, suggesting that pruning is a viable strategy for optimizing unsupervised CNNs.",
        "discussion": {
            "advantage": "The key advantages of the proposed approach include reduced computational costs while maintaining high performance on downstream tasks.",
            "limitation": "A limitation of the method is that the effectiveness may vary depending on the specific architecture and self-supervised task employed.",
            "future work": "Future research should explore refining pruning techniques further and investigating their applicability across a broader range of self-supervised learning frameworks."
        },
        "other info": []
    },
    "mount_outline": [
        {
            "section number": "1.1",
            "key information": "Pruning in deep neural networks contributes to model efficiency and performance by allowing for the extraction of subnetworks that reduce computational intensity while retaining effectiveness."
        },
        {
            "section number": "2.2",
            "key information": "Different techniques for compressing neural network models include applying standard pruning methods to convolutional neural networks trained on self-supervised tasks."
        },
        {
            "section number": "2.3",
            "key information": "Key pruning concepts include adapting conventional pruning techniques, which are primarily developed for supervised tasks, to self-supervised convolutional neural networks to maintain performance."
        },
        {
            "section number": "3.1",
            "key information": "Structured pruning methods typically focus on reducing the number of parameters in a network while ensuring performance retention, which can be adapted for self-supervised learning contexts."
        },
        {
            "section number": "4.1",
            "key information": "Criteria for evaluating pruning methods include assessing the performance of pruned subnetworks after retraining on labeled data and their effectiveness on downstream tasks."
        },
        {
            "section number": "5.1",
            "key information": "The trade-off between model size and accuracy is evident as pruned masks from self-supervised networks can retain competitive performance when retrained."
        },
        {
            "section number": "6.1",
            "key information": "Best practices in neural network pruning include applying standard pruning techniques to self-supervised CNNs and retraining to ensure effective performance."
        },
        {
            "section number": "6.3",
            "key information": "Ongoing challenges in neural network pruning involve ensuring that pruning methods can generalize across different training objectives while maintaining representation transferability."
        }
    ],
    "similarity_score": null,
    "image": null,
    "path": "/home/liudingyuan/code/SurveyX/code/SurveyX-main/outputs/t14/papers/Pruning convolutional neural networks with self-supervision.json"
}