{
    "from": null,
    "scholar_id": null,
    "detail_id": null,
    "title": "Prune once for all: Sparse pre-trained language models",
    "abstract": "Transformer-based language models are applied to a wide range of applications in natural language processing. However, they are inefficient and difficult to deploy. In recent years, many compression algorithms have been proposed to increase the implementation efficiency of large Transformer-based models on target hardware. In this work we present a new method for training sparse pre-trained Transformer language models by integrating weight pruning and model distillation. These sparse pre-trained models can be used to transfer learning for a wide range of tasks while maintaining their sparsity pattern. We demonstrate our method with three known architectures to create sparse pre-trained BERT-Base, BERT-Large and DistilBERT. We show how the compressed sparse pre-trained models we trained transfer their knowledge to five different downstream natural language tasks with minimal accuracy loss. Moreover, we show how to further compress the sparse models' weights to 8bit precision using quantization-aware training. For example, with our sparse pre-trained BERT-Large fine-tuned on SQuADv1.1 and quantized to 8bit we achieve a compression ratio of $40$X for the encoder with less than $1\\%$ accuracy loss. To the best of our knowledge, our results show the best compression-to-accuracy ratio for BERT-Base, BERT-Large, and DistilBERT.",
    "arxivid": "2111.05754v1",
    "bib_name": "Pruneoncef198",
    "md_text": "# Prune once for all: Sparse pre-trained language models\n\n\nabstract\n\nTransformer-based language models are applied to a wide range of applications in natural language processing. However, they are inefficient and difficult to deploy. In recent years, many compression algorithms have been proposed to increase the implementation efficiency of large Transformer-based models on target hardware. In this work we present a new method for training sparse pre-trained Transformer language models by integrating weight pruning and model distillation. These sparse pre-trained models can be used to transfer learning for a wide range of tasks while maintaining their sparsity pattern. We demonstrate our method with three known architectures to create sparse pre-trained BERT-Base, BERT-Large and DistilBERT. We show how the compressed sparse pre-trained models we trained transfer their knowledge to five different downstream natural language tasks with minimal accuracy loss. Moreover, we show how to further compress the sparse models' weights to 8bit precision using quantization-aware training. For example, with our sparse pre-trained BERT-Large fine-tuned on SQuADv1.1 and quantized to 8bit we achieve a compression ratio of $40$X for the encoder with less than $1\\%$ accuracy loss. To the best of our knowledge, our results show the best compression-to-accuracy ratio for BERT-Base, BERT-Large, and DistilBERT.",
    "paper_type": "method",
    "attri": {
        "background": "This paper addresses the issue of inefficiency and difficulty in deploying Transformer-based language models in natural language processing applications, highlighting the necessity for new methods to improve implementation efficiency.",
        "problem": {
            "definition": "The problem this paper aims to solve is the inefficiency of large Transformer-based models, which makes them challenging to deploy effectively in practical applications.",
            "key obstacle": "The core obstacle is the large size and computational demands of these models, which hinder their deployment on target hardware."
        },
        "idea": {
            "intuition": "The idea is inspired by the need for more efficient models that can maintain performance while being easier to deploy through methods like weight pruning and model distillation.",
            "opinion": "The proposed idea involves training sparse pre-trained Transformer language models that retain their sparsity pattern and can be effectively used for transfer learning across various tasks.",
            "innovation": "The primary innovation lies in the integration of weight pruning with model distillation to create sparse pre-trained models that achieve a superior compression-to-accuracy ratio compared to existing methods."
        },
        "method": {
            "method name": "Sparse Pre-trained Language Models",
            "method abbreviation": "SPLM",
            "method definition": "The method involves training language models by combining weight pruning and model distillation to produce sparse models that can transfer learning effectively.",
            "method description": "The core of the method is to create sparse pre-trained models that maintain their efficiency and performance across various natural language tasks.",
            "principle": "This method is effective because it reduces the model size and complexity while preserving the essential knowledge and performance of the original models."
        },
        "experiments": {
            "evaluation setting": "The experiments were conducted using three known architectures: BERT-Base, BERT-Large, and DistilBERT, evaluated on five different downstream natural language tasks.",
            "evaluation method": "The performance of the method was assessed by measuring accuracy and compression ratios, specifically demonstrating a 40X compression for BERT-Large with less than 1% accuracy loss."
        },
        "conclusion": "The outcomes demonstrate that the proposed method achieves the best compression-to-accuracy ratio for the tested models, allowing for effective transfer learning with minimal accuracy loss.",
        "discussion": {
            "advantage": "Key advantages include significant model compression while maintaining performance, making deployment feasible for various applications.",
            "limitation": "The method may encounter challenges in scenarios where extreme model compression is required without compromising accuracy further.",
            "future work": "Future research could explore additional techniques for improving compression ratios and further enhancing the efficiency of sparse models."
        },
        "other info": []
    },
    "mount_outline": [
        {
            "section number": "1.1",
            "key information": "The paper addresses the necessity for new methods to improve implementation efficiency of large Transformer-based models in natural language processing applications."
        },
        {
            "section number": "2.2",
            "key information": "The proposed method involves weight pruning and model distillation to produce sparse models that can transfer learning effectively."
        },
        {
            "section number": "3.2",
            "key information": "The primary innovation lies in the integration of weight pruning with model distillation to create sparse pre-trained models that achieve a superior compression-to-accuracy ratio compared to existing methods."
        },
        {
            "section number": "4.1",
            "key information": "The performance of the method was assessed by measuring accuracy and compression ratios, specifically demonstrating a 40X compression for BERT-Large with less than 1% accuracy loss."
        },
        {
            "section number": "5.1",
            "key information": "Key advantages include significant model compression while maintaining performance, making deployment feasible for various applications."
        },
        {
            "section number": "6.2",
            "key information": "The method may encounter challenges in scenarios where extreme model compression is required without compromising accuracy further."
        },
        {
            "section number": "6.3",
            "key information": "Future research could explore additional techniques for improving compression ratios and further enhancing the efficiency of sparse models."
        }
    ],
    "similarity_score": null,
    "image": null,
    "path": "/home/liudingyuan/code/SurveyX/code/SurveyX-main/outputs/t14/papers/Prune once for all_ Sparse pre-trained language models.json"
}