{
    "from": null,
    "scholar_id": null,
    "detail_id": null,
    "title": "Pruning algorithms to accelerate convolutional neural networks for edge applications: A survey",
    "abstract": "With the general trend of increasing Convolutional Neural Network (CNN) model sizes, model compression and acceleration techniques have become critical for the deployment of these models on edge devices. In this paper, we provide a comprehensive survey on Pruning, a major compression strategy that removes non-critical or redundant neurons from a CNN model. The survey covers the overarching motivation for pruning, different strategies and criteria, their advantages and drawbacks, along with a compilation of major pruning techniques. We conclude the survey with a discussion on alternatives to pruning and current challenges for the model compression community.",
    "arxivid": "2005.04275v1",
    "bib_name": "Pruningalg35",
    "md_text": "# Pruning algorithms to accelerate convolutional neural networks for edge applications: A survey\n\n\nabstract\n\nWith the general trend of increasing Convolutional Neural Network (CNN) model sizes, model compression and acceleration techniques have become critical for the deployment of these models on edge devices. In this paper, we provide a comprehensive survey on Pruning, a major compression strategy that removes non-critical or redundant neurons from a CNN model. The survey covers the overarching motivation for pruning, different strategies and criteria, their advantages and drawbacks, along with a compilation of major pruning techniques. We conclude the survey with a discussion on alternatives to pruning and current challenges for the model compression community.",
    "paper_type": "survey",
    "attri": {
        "background": {
            "purpose": "This survey aims to address the increasing size of Convolutional Neural Networks (CNNs) and the need for model compression and acceleration techniques to facilitate their deployment on edge devices. It seeks to fill knowledge gaps regarding pruning strategies as a major compression method.",
            "scope": "The survey includes various pruning strategies and criteria, their advantages and drawbacks, and major pruning techniques. It excludes non-pruning compression methods and other model optimization techniques to maintain focus on the specific area of pruning."
        },
        "problem": {
            "definition": "The core issue explored in this survey is the challenge of deploying large CNN models on resource-constrained edge devices, necessitating effective model compression techniques.",
            "key obstacle": "The primary challenges include identifying non-critical or redundant neurons within CNNs and determining effective pruning strategies that maintain model performance while reducing size."
        },
        "architecture": {
            "perspective": "The survey introduces a comprehensive framework for understanding pruning strategies in CNNs, categorizing them based on their operational principles and effectiveness.",
            "fields/stages": "The survey organizes current methods into stages based on the pruning criteria, such as weight pruning, neuron pruning, and structured pruning, evaluating each on effectiveness and operational complexity."
        },
        "conclusion": {
            "comparisions": "The survey conducts a comparative analysis of different pruning techniques, evaluating their effectiveness, approaches, and outcomes in reducing model size while maintaining accuracy.",
            "results": "Key takeaways include the identification of successful pruning strategies and their implications for future model deployment on edge devices, emphasizing the importance of balancing compression with performance."
        },
        "discussion": {
            "advantage": "The existing research demonstrates significant advancements in pruning techniques, achieving notable reductions in model size and computational requirements while maintaining performance.",
            "limitation": "Current studies often fall short in addressing the trade-offs between pruning intensity and model accuracy, and there is a lack of comprehensive evaluations across diverse applications.",
            "gaps": "Unanswered questions remain regarding the long-term impacts of pruning on model generalization and the effectiveness of pruning in various edge applications.",
            "future work": "Emerging trends suggest a focus on hybrid approaches that combine pruning with other optimization techniques, as well as the exploration of adaptive pruning methods that can dynamically adjust based on deployment conditions."
        },
        "other info": {
            "info1": "The paper includes a compilation of major pruning techniques utilized in current research.",
            "info2": {
                "info2.1": "Discussion on alternatives to pruning for model compression.",
                "info2.2": "Identification of current challenges faced by the model compression community."
            }
        }
    },
    "mount_outline": [
        {
            "section number": "1.1",
            "key information": "Pruning is essential for improving model efficiency and performance in deep neural networks, particularly for deploying large CNN models on resource-constrained edge devices."
        },
        {
            "section number": "1.2",
            "key information": "The survey covers various pruning strategies and criteria, their advantages and drawbacks, while excluding non-pruning compression methods to maintain focus on pruning."
        },
        {
            "section number": "2.2",
            "key information": "The survey discusses model compression techniques, specifically emphasizing pruning as a major method for reducing the size of CNNs."
        },
        {
            "section number": "2.3",
            "key information": "Key pruning concepts are defined, including the challenge of identifying non-critical or redundant neurons within CNNs and effective strategies for maintaining model performance while reducing size."
        },
        {
            "section number": "3",
            "key information": "The survey organizes current pruning methods into categories based on operational principles and effectiveness, including weight pruning, neuron pruning, and structured pruning."
        },
        {
            "section number": "4.3",
            "key information": "A comparative analysis of different pruning techniques is conducted, evaluating their effectiveness in reducing model size while maintaining accuracy."
        },
        {
            "section number": "5.1",
            "key information": "The survey discusses the trade-offs between pruning intensity and model accuracy, highlighting the balance needed when reducing model size."
        },
        {
            "section number": "6.2",
            "key information": "The paper identifies current challenges faced by the model compression community, including the need for effective pruning strategies that maintain performance."
        },
        {
            "section number": "6.3",
            "key information": "Future work suggests exploring hybrid approaches that combine pruning with other optimization techniques and adaptive pruning methods that adjust based on deployment conditions."
        }
    ],
    "similarity_score": null,
    "image": null,
    "path": "/home/liudingyuan/code/SurveyX/code/SurveyX-main/outputs/t14/papers/Pruning algorithms to accelerate convolutional neural networks for edge applications_ A survey.json"
}