{
    "from": null,
    "scholar_id": null,
    "detail_id": null,
    "title": "Pruning neural networks without any data by iteratively conserving synaptic flow",
    "abstract": "Pruning the parameters of deep neural networks has generated intense interest due to potential savings in time, memory and energy both during training and at test time. Recent works have identified, through an expensive sequence of training and pruning cycles, the existence of winning lottery tickets or sparse trainable subnetworks at initialization. This raises a foundational question: can we identify highly sparse trainable subnetworks at initialization, without ever training, or indeed without ever looking at the data? We provide an affirmative answer to this question through theory driven algorithm design. We first mathematically formulate and experimentally verify a conservation law that explains why existing gradient-based pruning algorithms at initialization suffer from layer-collapse, the premature pruning of an entire layer rendering a network untrainable. This theory also elucidates how layer-collapse can be entirely avoided, motivating a novel pruning algorithm Iterative Synaptic Flow Pruning (SynFlow). This algorithm can be interpreted as preserving the total flow of synaptic strengths through the network at initialization subject to a sparsity constraint. Notably, this algorithm makes no reference to the training data and consistently competes with or outperforms existing state-of-the-art pruning algorithms at initialization over a range of models (VGG and ResNet), datasets (CIFAR-10/100 and Tiny ImageNet), and sparsity constraints (up to 99.99 percent). Thus our data-agnostic pruning algorithm challenges the existing paradigm that, at initialization, data must be used to quantify which synapses are important.",
    "arxivid": "2006.05467v3",
    "bib_name": "Pruningneu40",
    "md_text": "# Pruning neural networks without any data by iteratively conserving synaptic flow\n\n\nabstract\n\nPruning the parameters of deep neural networks has generated intense interest due to potential savings in time, memory and energy both during training and at test time. Recent works have identified, through an expensive sequence of training and pruning cycles, the existence of winning lottery tickets or sparse trainable subnetworks at initialization. This raises a foundational question: can we identify highly sparse trainable subnetworks at initialization, without ever training, or indeed without ever looking at the data? We provide an affirmative answer to this question through theory driven algorithm design. We first mathematically formulate and experimentally verify a conservation law that explains why existing gradient-based pruning algorithms at initialization suffer from layer-collapse, the premature pruning of an entire layer rendering a network untrainable. This theory also elucidates how layer-collapse can be entirely avoided, motivating a novel pruning algorithm Iterative Synaptic Flow Pruning (SynFlow). This algorithm can be interpreted as preserving the total flow of synaptic strengths through the network at initialization subject to a sparsity constraint. Notably, this algorithm makes no reference to the training data and consistently competes with or outperforms existing state-of-the-art pruning algorithms at initialization over a range of models (VGG and ResNet), datasets (CIFAR-10/100 and Tiny ImageNet), and sparsity constraints (up to 99.99 percent). Thus our data-agnostic pruning algorithm challenges the existing paradigm that, at initialization, data must be used to quantify which synapses are important.",
    "paper_type": "method",
    "attri": {
        "background": "Pruning the parameters of deep neural networks has generated intense interest due to potential savings in time, memory and energy both during training and at test time. Recent works have identified, through an expensive sequence of training and pruning cycles, the existence of winning lottery tickets or sparse trainable subnetworks at initialization. This raises a foundational question: can we identify highly sparse trainable subnetworks at initialization, without ever training, or indeed without ever looking at the data?",
        "problem": {
            "definition": "The problem addressed in this paper is the challenge of identifying sparse trainable subnetworks at initialization without requiring training or access to data.",
            "key obstacle": "The main difficulty is the phenomenon of layer-collapse, where entire layers are prematurely pruned, rendering the network untrainable."
        },
        "idea": {
            "intuition": "The idea was inspired by the observation that existing gradient-based pruning algorithms suffer from layer-collapse, leading to the need for a new approach that preserves synaptic flow.",
            "opinion": "The proposed idea is the Iterative Synaptic Flow Pruning (SynFlow) algorithm, which aims to maintain the total flow of synaptic strengths through the network at initialization while adhering to a sparsity constraint.",
            "innovation": "The primary innovation of SynFlow lies in its data-agnostic nature, allowing it to effectively prune networks without reference to training data, which contrasts with existing methods."
        },
        "method": {
            "method name": "Iterative Synaptic Flow Pruning",
            "method abbreviation": "SynFlow",
            "method definition": "SynFlow is a pruning algorithm that preserves the total flow of synaptic strengths through the network at initialization, subject to a sparsity constraint.",
            "method description": "The core of the method involves iteratively pruning synapses while conserving synaptic flow.",
            "method steps": "1. Initialize the network. 2. Calculate the synaptic flow. 3. Apply sparsity constraints. 4. Prune synapses while preserving flow. 5. Repeat until desired sparsity is achieved.",
            "principle": "This method is effective because it avoids layer-collapse by ensuring that the overall synaptic flow is maintained, thereby allowing the network to remain trainable."
        },
        "experiments": {
            "evaluation setting": "The experiments were conducted on various models (VGG and ResNet) and datasets (CIFAR-10/100 and Tiny ImageNet) with sparsity constraints of up to 99.99 percent.",
            "evaluation method": "The performance of SynFlow was assessed by comparing it to existing state-of-the-art pruning algorithms at initialization, measuring effectiveness in maintaining network performance."
        },
        "conclusion": "The results demonstrate that SynFlow consistently competes with or outperforms existing pruning algorithms, validating its effectiveness as a data-agnostic method for identifying sparse trainable subnetworks.",
        "discussion": {
            "advantage": "The key advantage of SynFlow is its ability to perform pruning without the need for training data, which challenges the traditional reliance on data for identifying important synapses.",
            "limitation": "One limitation of the method may be its reliance on theoretical formulations, which could be further tested in practical scenarios.",
            "future work": "Future research could explore refining the algorithm further and testing its applicability across a wider range of network architectures and datasets."
        },
        "other info": []
    },
    "mount_outline": [
        {
            "section number": "1.1",
            "key information": "Pruning the parameters of deep neural networks has generated intense interest due to potential savings in time, memory and energy both during training and at test time."
        },
        {
            "section number": "2.3",
            "key information": "The proposed Iterative Synaptic Flow Pruning (SynFlow) algorithm maintains the total flow of synaptic strengths through the network at initialization while adhering to a sparsity constraint."
        },
        {
            "section number": "3.2",
            "key information": "The primary innovation of SynFlow lies in its data-agnostic nature, allowing it to effectively prune networks without reference to training data, which contrasts with existing methods."
        },
        {
            "section number": "4.3",
            "key information": "The performance of SynFlow was assessed by comparing it to existing state-of-the-art pruning algorithms at initialization, measuring effectiveness in maintaining network performance."
        },
        {
            "section number": "5.3",
            "key information": "The results demonstrate that SynFlow consistently competes with or outperforms existing pruning algorithms, validating its effectiveness as a data-agnostic method for identifying sparse trainable subnetworks."
        },
        {
            "section number": "6.2",
            "key information": "One limitation of the method may be its reliance on theoretical formulations, which could be further tested in practical scenarios."
        },
        {
            "section number": "6.3",
            "key information": "Future research could explore refining the algorithm further and testing its applicability across a wider range of network architectures and datasets."
        }
    ],
    "similarity_score": null,
    "image": null,
    "path": "/home/liudingyuan/code/SurveyX/code/SurveyX-main/outputs/t14/papers/Pruning neural networks without any data by iteratively conserving synaptic flow.json"
}