{
    "from": null,
    "scholar_id": null,
    "detail_id": null,
    "title": "Pruning neural networks at initialization: why are we missing the mark?",
    "abstract": "Recent work has explored the possibility of pruning neural networks at initialization. We assess proposals for doing so: SNIP (Lee et al., 2019), GraSP (Wang et al., 2020), SynFlow (Tanaka et al., 2020), and magnitude pruning. Although these methods surpass the trivial baseline of random pruning, they remain below the accuracy of magnitude pruning after training, and we endeavor to understand why. We show that, unlike pruning after training, accuracy is the same or higher when randomly shuffling which weights these methods prune within each layer or sampling new initial values. As such, the per-weight pruning decisions made by these methods can be replaced by a per-layer choice of the fraction of weights to prune. This property undermines the claimed justifications for these methods and suggests broader challenges with the underlying pruning heuristics, the desire to prune at initialization, or both.",
    "arxivid": "2009.08576v2",
    "bib_name": "Pruningneu64",
    "md_text": "# Pruning neural networks at initialization: why are we missing the mark?\n\n\nabstract\n\nRecent work has explored the possibility of pruning neural networks at initialization. We assess proposals for doing so: SNIP (Lee et al., 2019), GraSP (Wang et al., 2020), SynFlow (Tanaka et al., 2020), and magnitude pruning. Although these methods surpass the trivial baseline of random pruning, they remain below the accuracy of magnitude pruning after training, and we endeavor to understand why. We show that, unlike pruning after training, accuracy is the same or higher when randomly shuffling which weights these methods prune within each layer or sampling new initial values. As such, the per-weight pruning decisions made by these methods can be replaced by a per-layer choice of the fraction of weights to prune. This property undermines the claimed justifications for these methods and suggests broader challenges with the underlying pruning heuristics, the desire to prune at initialization, or both.",
    "paper_type": "benchmark",
    "attri": {
        "background": "This paper addresses the issue of pruning neural networks at initialization, which has gained attention due to its potential to enhance model efficiency. The necessity of this benchmark arises from the need to evaluate different pruning methods against a common standard, particularly as existing methods show limitations in achieving accuracy compared to traditional pruning techniques applied after training.",
        "problem": {
            "definition": "The benchmark is designed to assess the effectiveness of various pruning methods applied at initialization, specifically focusing on their ability to maintain or improve accuracy compared to magnitude pruning.",
            "key obstacle": "Existing benchmarks do not adequately capture the performance of pruning methods at initialization, particularly their inability to reach the accuracy levels achieved by magnitude pruning post-training."
        },
        "idea": {
            "intuition": "The thought process behind this benchmark stems from the observation that pruning decisions made by existing methods may not be optimal, suggesting that a per-layer pruning strategy could be more effective.",
            "opinion": "The authors believe that understanding the limitations of current pruning methods is crucial for advancing the field and improving model initialization techniques.",
            "innovation": "This benchmark introduces a novel evaluation framework that challenges the assumptions underlying existing pruning heuristics and emphasizes the importance of per-layer weight pruning decisions.",
            "benchmark abbreviation": "PIN"
        },
        "dataset": {
            "source": "The dataset is synthetically generated for the purpose of evaluating pruning methods at initialization.",
            "desc": "The dataset consists of various neural network architectures and their corresponding weight configurations, designed to test the effectiveness of different pruning strategies.",
            "content": "The dataset includes weights and performance metrics of neural networks, focusing primarily on the accuracy of pruned models.",
            "size": "-",
            "domain": "Neural Network Pruning",
            "task format": "Model Evaluation"
        },
        "metrics": {
            "metric name": "Accuracy",
            "aspect": "Model performance post-pruning",
            "principle": "The choice of accuracy as a metric is grounded in its ability to directly reflect the effectiveness of pruning methods in maintaining model performance.",
            "procedure": "Models are evaluated based on their accuracy after applying different pruning techniques, with comparisons made against a baseline of magnitude pruning."
        },
        "experiments": {
            "model": "The benchmark tests state-of-the-art pruning methods such as SNIP, GraSP, and SynFlow, alongside magnitude pruning as a baseline.",
            "procedure": "Models are trained with various pruning strategies applied at initialization, followed by evaluation of their accuracy on a validation set.",
            "result": "The results indicate that while the tested methods exceed random pruning, they do not achieve the accuracy levels of magnitude pruning after training.",
            "variability": "Variability in results is accounted for by conducting multiple trials with different random initializations and pruning configurations."
        },
        "conclusion": "The findings suggest that current pruning methods at initialization may not be as effective as previously thought, highlighting the need for reevaluation of pruning strategies to enhance model performance.",
        "discussion": {
            "advantage": "This benchmark provides a structured approach to evaluate pruning methods, facilitating a better understanding of their effectiveness and limitations.",
            "limitation": "The primary limitation of the benchmark is the reliance on synthetic datasets, which may not fully capture real-world performance scenarios.",
            "future work": "Future research could explore the development of more robust benchmarks that incorporate real-world datasets and additional metrics to assess pruning methods comprehensively."
        },
        "other info": []
    },
    "mount_outline": [
        {
            "section number": "1.1",
            "key information": "Pruning neural networks at initialization has gained attention due to its potential to enhance model efficiency."
        },
        {
            "section number": "1.2",
            "key information": "The necessity of a benchmark arises from the need to evaluate different pruning methods against a common standard."
        },
        {
            "section number": "2.3",
            "key information": "The benchmark is designed to assess the effectiveness of various pruning methods applied at initialization, focusing on their ability to maintain or improve accuracy compared to magnitude pruning."
        },
        {
            "section number": "4.1",
            "key information": "The benchmark tests state-of-the-art pruning methods such as SNIP, GraSP, and SynFlow, alongside magnitude pruning as a baseline."
        },
        {
            "section number": "5.3",
            "key information": "The findings suggest that current pruning methods at initialization may not be as effective as previously thought, highlighting the need for reevaluation of pruning strategies to enhance model performance."
        },
        {
            "section number": "6.3",
            "key information": "Future research could explore the development of more robust benchmarks that incorporate real-world datasets and additional metrics to assess pruning methods comprehensively."
        }
    ],
    "similarity_score": null,
    "image": null,
    "path": "/home/liudingyuan/code/SurveyX/code/SurveyX-main/outputs/t14/papers/Pruning neural networks at initialization_ why are we missing the mark_.json"
}