{
    "from": null,
    "scholar_id": null,
    "detail_id": null,
    "title": "Recent advances on neural network pruning at initialization",
    "abstract": "Neural network pruning typically removes connections or neurons from a pretrained converged model; while a new pruning paradigm, pruning at initialization (PaI), attempts to prune a randomly initialized network. This paper offers the first survey concentrated on this emerging pruning fashion. We first introduce a generic formulation of neural network pruning, followed by the major classic pruning topics. Then, as the main body of this paper, a thorough and structured literature review of PaI methods is presented, consisting of two major tracks (sparse training and sparse selection). Finally, we summarize the surge of PaI compared to PaT and discuss the open problems. Apart from the dedicated literature review, this paper also offers a code base for easy sanity-checking and benchmarking of different PaI methods.",
    "arxivid": "2103.06460v3",
    "bib_name": "Recentadva29",
    "md_text": "# Recent advances on neural network pruning at initialization\n\n\nabstract\n\nNeural network pruning typically removes connections or neurons from a pretrained converged model; while a new pruning paradigm, pruning at initialization (PaI), attempts to prune a randomly initialized network. This paper offers the first survey concentrated on this emerging pruning fashion. We first introduce a generic formulation of neural network pruning, followed by the major classic pruning topics. Then, as the main body of this paper, a thorough and structured literature review of PaI methods is presented, consisting of two major tracks (sparse training and sparse selection). Finally, we summarize the surge of PaI compared to PaT and discuss the open problems. Apart from the dedicated literature review, this paper also offers a code base for easy sanity-checking and benchmarking of different PaI methods.",
    "paper_type": "survey",
    "attri": {
        "background": {
            "purpose": "This survey aims to address the emerging paradigm of pruning neural networks at initialization, filling the knowledge gap regarding its methodologies and effectiveness compared to traditional pruning techniques.",
            "scope": "The survey focuses on pruning at initialization (PaI) methods, including sparse training and sparse selection, while excluding traditional pruning methods that operate post-training."
        },
        "problem": {
            "definition": "The core issue explored is the effectiveness and methodology of pruning neural networks from the outset, rather than after training, which is a novel approach in the field.",
            "key obstacle": "A primary challenge is the lack of established techniques and benchmarks for pruning at initialization, making it difficult for researchers to evaluate and compare different methods."
        },
        "architecture": {
            "perspective": "The survey categorizes existing research into two main tracks: sparse training and sparse selection, providing a structured view of the current landscape of PaI methods.",
            "fields/stages": "The survey organizes the methods into two stages: those that focus on training networks with inherent sparsity (sparse training) and those that select which weights or neurons to prune before training (sparse selection)."
        },
        "conclusion": {
            "comparisions": "The survey compares various PaI methods with traditional pruning techniques, highlighting differences in effectiveness, computational efficiency, and adaptability.",
            "results": "Key takeaways include the potential advantages of PaI in achieving sparse networks without the need for extensive retraining, as well as the identification of open problems in the field."
        },
        "discussion": {
            "advantage": "The existing research demonstrates significant advancements in understanding how to effectively prune networks at initialization, leading to potentially more efficient models.",
            "limitation": "Current studies often lack comprehensive benchmarks and standardized evaluation metrics, which limits the ability to compare results across different methods.",
            "gaps": "Unanswered questions include the optimal strategies for implementing PaI and how to generalize findings across different types of neural network architectures.",
            "future work": "Future research should focus on developing standardized benchmarks for PaI methods, exploring their application across various architectures, and addressing the limitations identified in current studies."
        },
        "other info": {
            "code base": "The paper provides a code base for benchmarking different PaI methods, facilitating easier comparisons and evaluations."
        }
    },
    "mount_outline": [
        {
            "section number": "1.1",
            "key information": "Pruning neural networks at initialization addresses the importance of model efficiency and performance by potentially achieving sparse networks without extensive retraining."
        },
        {
            "section number": "1.2",
            "key information": "The scope of this survey focuses specifically on pruning at initialization (PaI) methods, including sparse training and sparse selection, while excluding traditional post-training methods."
        },
        {
            "section number": "2.2",
            "key information": "The survey categorizes existing research into two main tracks: sparse training and sparse selection, providing a structured view of the current landscape of PaI methods."
        },
        {
            "section number": "3.1",
            "key information": "The survey organizes methods into two stages: those that focus on training networks with inherent sparsity (sparse training) and those that select which weights or neurons to prune before training (sparse selection)."
        },
        {
            "section number": "4.3",
            "key information": "The survey compares various PaI methods with traditional pruning techniques, highlighting differences in effectiveness, computational efficiency, and adaptability."
        },
        {
            "section number": "5.1",
            "key information": "Future research should focus on developing standardized benchmarks for PaI methods, exploring their application across various architectures, and addressing limitations identified in current studies."
        },
        {
            "section number": "6.2",
            "key information": "A primary challenge in pruning at initialization is the lack of established techniques and benchmarks, making it difficult for researchers to evaluate and compare different methods."
        }
    ],
    "similarity_score": null,
    "image": null,
    "path": "/home/liudingyuan/code/SurveyX/code/SurveyX-main/outputs/t14/papers/Recent advances on neural network pruning at initialization.json"
}