{
    "from": null,
    "scholar_id": null,
    "detail_id": null,
    "title": "RepVGG: making VGG-style ConvNets great again",
    "abstract": "We present a simple but powerful architecture of convolutional neural network, which has a VGG-like inference-time body composed of nothing but a stack of 3 \u00d7 3 convolution and ReLU, while the training-time model has a multi-branch topology. Such decoupling of the training-time and inference-time architecture is realized by a structural re-parameterization technique so that the model is named RepVGG. On ImageNet, RepVGG reaches over 80% top-1 accuracy, which is the first time for a plain model, to the best of our knowledge. On NVIDIA 1080Ti GPU, RepVGG models run 83% faster than ResNet-50 or 101% faster than ResNet-101 with higher accuracy and show favorable accuracy-speed trade-off compared to the state-of-the-art models like EfficientNet and RegNet. The code and trained models are available at https://github.com/megvii-model/RepVGG.",
    "arxivid": "2101.03697v3",
    "bib_name": "RepVGG:mak25",
    "md_text": "# RepVGG: making VGG-style ConvNets great again\n\n\nabstract\n\nWe present a simple but powerful architecture of convolutional neural network, which has a VGG-like inference-time body composed of nothing but a stack of 3 \u00d7 3 convolution and ReLU, while the training-time model has a multi-branch topology. Such decoupling of the training-time and inference-time architecture is realized by a structural re-parameterization technique so that the model is named RepVGG. On ImageNet, RepVGG reaches over 80% top-1 accuracy, which is the first time for a plain model, to the best of our knowledge. On NVIDIA 1080Ti GPU, RepVGG models run 83% faster than ResNet-50 or 101% faster than ResNet-101 with higher accuracy and show favorable accuracy-speed trade-off compared to the state-of-the-art models like EfficientNet and RegNet. The code and trained models are available at https://github.com/megvii-model/RepVGG.",
    "paper_type": "method",
    "attri": {
        "background": "This paper addresses the issue of improving the performance of convolutional neural networks (CNNs) by introducing a new architecture that combines the simplicity of VGG-style networks with enhanced training techniques.",
        "problem": {
            "definition": "The problem defined in this paper is the inefficiency of existing convolutional neural networks, particularly in terms of speed and accuracy during inference.",
            "key obstacle": "The main challenge is the trade-off between model complexity and performance, where existing methods either sacrifice speed for accuracy or vice versa."
        },
        "idea": {
            "intuition": "The idea is inspired by the need for a more efficient architecture that maintains high accuracy while improving inference speed, leading to the development of a decoupled training and inference approach.",
            "opinion": "The proposed idea involves a VGG-like architecture for inference while utilizing a multi-branch topology during training, allowing for better performance without increasing complexity.",
            "innovation": "The key innovation lies in the structural re-parameterization technique that enables this architecture to function effectively in both training and inference phases, distinguishing it from traditional methods."
        },
        "method": {
            "method name": "RepVGG",
            "method abbreviation": "RepVGG",
            "method definition": "RepVGG is a convolutional neural network architecture that utilizes a stack of 3 \u00d7 3 convolutions and ReLU activations for inference, while employing a multi-branch structure during training.",
            "method description": "The core of RepVGG is its ability to decouple training and inference architectures to optimize both speed and accuracy.",
            "method steps": "1. Train the model using a multi-branch topology; 2. Apply structural re-parameterization to convert it to a VGG-like architecture for inference.",
            "principle": "The effectiveness of RepVGG in solving the problem is based on its ability to leverage structural re-parameterization, allowing for a simpler architecture that retains high performance."
        },
        "experiments": {
            "evaluation setting": "The experiments were conducted on the ImageNet dataset, comparing RepVGG's performance against baseline methods such as ResNet-50 and ResNet-101 under similar conditions.",
            "evaluation method": "Performance was assessed by measuring top-1 accuracy and inference speed on an NVIDIA 1080Ti GPU."
        },
        "conclusion": "The experiments demonstrate that RepVGG achieves over 80% top-1 accuracy, significantly faster inference times compared to ResNet models, and presents a favorable accuracy-speed trade-off against state-of-the-art models.",
        "discussion": {
            "advantage": "The key advantages of RepVGG include its high accuracy, faster inference speed, and the ability to maintain a simple architecture without compromising performance.",
            "limitation": "A limitation of the method may be its reliance on the specific structural re-parameterization technique, which may not be universally applicable to all types of neural networks.",
            "future work": "Future research could explore further optimizations of the structural re-parameterization process and its application to other architectures beyond VGG."
        },
        "other info": {
            "code availability": "The code and trained models are available at https://github.com/megvii-model/RepVGG."
        }
    },
    "mount_outline": [
        {
            "section number": "1.1",
            "key information": "The problem defined in this paper is the inefficiency of existing convolutional neural networks, particularly in terms of speed and accuracy during inference."
        },
        {
            "section number": "1.2",
            "key information": "This paper addresses the issue of improving the performance of convolutional neural networks (CNNs) by introducing a new architecture that combines the simplicity of VGG-style networks with enhanced training techniques."
        },
        {
            "section number": "2.1",
            "key information": "RepVGG is a convolutional neural network architecture that utilizes a stack of 3 \u00d7 3 convolutions and ReLU activations for inference, while employing a multi-branch structure during training."
        },
        {
            "section number": "2.2",
            "key information": "The core of RepVGG is its ability to decouple training and inference architectures to optimize both speed and accuracy."
        },
        {
            "section number": "3.1",
            "key information": "The proposed idea involves a VGG-like architecture for inference while utilizing a multi-branch topology during training, allowing for better performance without increasing complexity."
        },
        {
            "section number": "4.1",
            "key information": "Performance was assessed by measuring top-1 accuracy and inference speed on an NVIDIA 1080Ti GPU."
        },
        {
            "section number": "5.1",
            "key information": "The key advantages of RepVGG include its high accuracy, faster inference speed, and the ability to maintain a simple architecture without compromising performance."
        },
        {
            "section number": "6.2",
            "key information": "A limitation of the method may be its reliance on the specific structural re-parameterization technique, which may not be universally applicable to all types of neural networks."
        },
        {
            "section number": "6.3",
            "key information": "Future research could explore further optimizations of the structural re-parameterization process and its application to other architectures beyond VGG."
        }
    ],
    "similarity_score": null,
    "image": null,
    "path": "/home/liudingyuan/code/SurveyX/code/SurveyX-main/outputs/t14/papers/RepVGG_ making VGG-style ConvNets great again.json"
}