{
    "from": null,
    "scholar_id": null,
    "detail_id": null,
    "title": "Rethinking the value of network pruning",
    "abstract": "Network pruning is widely used for reducing the heavy inference cost of deep models in low-resource settings. A typical pruning algorithm is a three-stage pipeline, i.e., training (a large model), pruning and fine-tuning. During pruning, according to a certain criterion, redundant weights are pruned and important weights are kept to best preserve the accuracy. In this work, we make several surprising observations which contradict common beliefs. For all state-of-the-art structured pruning algorithms we examined, fine-tuning a pruned model only gives comparable or worse performance than training that model with randomly initialized weights. For pruning algorithms which assume a predefined target network architecture, one can get rid of the full pipeline and directly train the target network from scratch. Our observations are consistent for multiple network architectures, datasets, and tasks, which imply that: 1) training a large, over-parameterized model is often not necessary to obtain an efficient final model, 2) learned \"important\" weights of the large model are typically not useful for the small pruned model, 3) the pruned architecture itself, rather than a set of inherited \"important\" weights, is more crucial to the efficiency in the final model, which suggests that in some cases pruning can be useful as an architecture search paradigm. Our results suggest the need for more careful baseline evaluations in future research on structured pruning methods. We also compare with the \"Lottery Ticket Hypothesis\" (Frankle & Carbin 2019), and find that with optimal learning rate, the \"winning ticket\" initialization as used in Frankle & Carbin (2019) does not bring improvement over random initialization.",
    "arxivid": "1810.05270v2",
    "bib_name": "Rethinking85",
    "md_text": "# Rethinking the value of network pruning\n\n\nabstract\n\nNetwork pruning is widely used for reducing the heavy inference cost of deep models in low-resource settings. A typical pruning algorithm is a three-stage pipeline, i.e., training (a large model), pruning and fine-tuning. During pruning, according to a certain criterion, redundant weights are pruned and important weights are kept to best preserve the accuracy. In this work, we make several surprising observations which contradict common beliefs. For all state-of-the-art structured pruning algorithms we examined, fine-tuning a pruned model only gives comparable or worse performance than training that model with randomly initialized weights. For pruning algorithms which assume a predefined target network architecture, one can get rid of the full pipeline and directly train the target network from scratch. Our observations are consistent for multiple network architectures, datasets, and tasks, which imply that: 1) training a large, over-parameterized model is often not necessary to obtain an efficient final model, 2) learned \"important\" weights of the large model are typically not useful for the small pruned model, 3) the pruned architecture itself, rather than a set of inherited \"important\" weights, is more crucial to the efficiency in the final model, which suggests that in some cases pruning can be useful as an architecture search paradigm. Our results suggest the need for more careful baseline evaluations in future research on structured pruning methods. We also compare with the \"Lottery Ticket Hypothesis\" (Frankle & Carbin 2019), and find that with optimal learning rate, the \"winning ticket\" initialization as used in Frankle & Carbin (2019) does not bring improvement over random initialization.",
    "paper_type": "benchmark",
    "attri": {
        "background": "This paper addresses the issue of the inefficiencies in traditional network pruning methods, particularly highlighting that fine-tuning pruned models often results in performance that is comparable to or worse than training from scratch. This necessitates a reevaluation of the standard practices in the field of model compression.",
        "problem": {
            "definition": "The benchmark is designed to address the effectiveness of network pruning methods in achieving efficient model performance without relying on pre-trained weights.",
            "key obstacle": "Existing benchmarks do not adequately evaluate the performance of pruned models against models trained from scratch, leading to potential misconceptions about the value of the pruning process."
        },
        "idea": {
            "intuition": "The creation of this benchmark stems from the observation that traditional pruning methods may not be as beneficial as previously thought, prompting a need to explore the direct training of target architectures.",
            "opinion": "The authors believe that the findings challenge established beliefs in the pruning community and emphasize the importance of evaluating pruning methods against training from scratch.",
            "innovation": "This benchmark differs from previous benchmarks by focusing on the performance of pruned models compared to models trained from scratch, rather than solely on the pruning process itself.",
            "benchmark abbreviation": "NPB"
        },
        "dataset": {
            "source": "The dataset was sourced from a variety of network architectures and tasks, ensuring a comprehensive evaluation of the pruning methods across different scenarios.",
            "desc": "The dataset includes multiple architectures and tasks, providing a robust framework for testing the effectiveness of pruning methods.",
            "content": "The dataset contains various model configurations and their corresponding performance metrics across different tasks.",
            "size": "-",
            "domain": "Deep Learning",
            "task format": "Model Efficiency Evaluation"
        },
        "metrics": {
            "metric name": "Accuracy, Model Efficiency",
            "aspect": "Performance and resource utilization",
            "principle": "The metrics were chosen to reflect both the accuracy of the models and their efficiency in terms of resource usage, which are critical for evaluating pruning methods.",
            "procedure": "Model performance was evaluated by comparing the accuracy of pruned models against models trained from scratch using the same architectures."
        },
        "experiments": {
            "model": "State-of-the-art structured pruning algorithms and models trained from scratch.",
            "procedure": "The models were subjected to a three-stage pipeline of training, pruning, and fine-tuning, with comparisons made to models trained directly from random initialization.",
            "result": "The experiments revealed that fine-tuning pruned models did not outperform models trained from scratch, indicating a significant finding in the field.",
            "variability": "Variability was accounted for by testing multiple architectures and datasets, ensuring the robustness of the results."
        },
        "conclusion": "The findings suggest that traditional pruning methods may not be necessary for achieving efficient models, advocating for a paradigm shift towards direct training of target architectures.",
        "discussion": {
            "advantage": "The benchmark provides a new perspective on model efficiency and challenges existing assumptions about the necessity of pruning.",
            "limitation": "The benchmark may not address all aspects of model performance, particularly in unique or specialized applications.",
            "future work": "Future research should explore the implications of these findings on pruning methods and investigate alternative strategies for model optimization."
        },
        "other info": []
    },
    "mount_outline": [
        {
            "section number": "1.1",
            "key information": "This paper addresses the issue of the inefficiencies in traditional network pruning methods, particularly highlighting that fine-tuning pruned models often results in performance that is comparable to or worse than training from scratch."
        },
        {
            "section number": "2.2",
            "key information": "The benchmark is designed to address the effectiveness of network pruning methods in achieving efficient model performance without relying on pre-trained weights."
        },
        {
            "section number": "3.1",
            "key information": "The authors believe that the findings challenge established beliefs in the pruning community and emphasize the importance of evaluating pruning methods against training from scratch."
        },
        {
            "section number": "4.1",
            "key information": "The metrics were chosen to reflect both the accuracy of the models and their efficiency in terms of resource usage, which are critical for evaluating pruning methods."
        },
        {
            "section number": "5.1",
            "key information": "The experiments revealed that fine-tuning pruned models did not outperform models trained from scratch, indicating a significant finding in the field."
        },
        {
            "section number": "6.3",
            "key information": "Future research should explore the implications of these findings on pruning methods and investigate alternative strategies for model optimization."
        }
    ],
    "similarity_score": null,
    "image": null,
    "path": "/home/liudingyuan/code/SurveyX/code/SurveyX-main/outputs/t14/papers/Rethinking the value of network pruning.json"
}