{
    "from": null,
    "scholar_id": null,
    "detail_id": null,
    "title": "Rethinking graph lottery tickets: Graph sparsity matters",
    "abstract": "Lottery Ticket Hypothesis (LTH) claims the existence of a winning ticket (i.e., a properly pruned sub-network together with original weight initialization) that can achieve competitive performance to the original dense network. A recent work, called UGS, extended LTH to prune graph neural networks (GNNs) for effectively accelerating GNN inference. UGS simultaneously prunes the graph adjacency matrix and the model weights using the same masking mechanism, but since the roles of the graph adjacency matrix and the weight matrices are very different, we find that their sparsifications lead to different performance characteristics. Specifically, we find that the performance of a sparsified GNN degrades significantly when the graph sparsity goes beyond a certain extent. Therefore, we propose two techniques to improve GNN performance when the graph sparsity is high. First, UGS prunes the adjacency matrix using a loss formulation which, however, does not properly involve all elements of the adjacency matrix; in contrast, we add a new auxiliary loss head to better guide the edge pruning by involving the entire adjacency matrix. Second, by regarding unfavorable graph sparsification as adversarial data perturbations, we formulate the pruning process as a min-max optimization problem to gain the robustness of lottery tickets when the graph sparsity is high. We further investigate the question: Can the\"retrainable\"winning ticket of a GNN be also effective for graph transferring learning? We call it the transferable graph lottery ticket (GLT) hypothesis. Extensive experiments were conducted which demonstrate the superiority of our proposed sparsification method over UGS, and which empirically verified our transferable GLT hypothesis.",
    "arxivid": "2305.02190v1",
    "bib_name": "Rethinking90",
    "md_text": "# Rethinking graph lottery tickets: Graph sparsity matters\n\n\nabstract\n\nLottery Ticket Hypothesis (LTH) claims the existence of a winning ticket (i.e., a properly pruned sub-network together with original weight initialization) that can achieve competitive performance to the original dense network. A recent work, called UGS, extended LTH to prune graph neural networks (GNNs) for effectively accelerating GNN inference. UGS simultaneously prunes the graph adjacency matrix and the model weights using the same masking mechanism, but since the roles of the graph adjacency matrix and the weight matrices are very different, we find that their sparsifications lead to different performance characteristics. Specifically, we find that the performance of a sparsified GNN degrades significantly when the graph sparsity goes beyond a certain extent. Therefore, we propose two techniques to improve GNN performance when the graph sparsity is high. First, UGS prunes the adjacency matrix using a loss formulation which, however, does not properly involve all elements of the adjacency matrix; in contrast, we add a new auxiliary loss head to better guide the edge pruning by involving the entire adjacency matrix. Second, by regarding unfavorable graph sparsification as adversarial data perturbations, we formulate the pruning process as a min-max optimization problem to gain the robustness of lottery tickets when the graph sparsity is high. We further investigate the question: Can the\"retrainable\"winning ticket of a GNN be also effective for graph transferring learning? We call it the transferable graph lottery ticket (GLT) hypothesis. Extensive experiments were conducted which demonstrate the superiority of our proposed sparsification method over UGS, and which empirically verified our transferable GLT hypothesis.",
    "paper_type": "method",
    "attri": {
        "background": "This paper addresses the issue of optimizing the pruning of graph neural networks (GNNs) to maintain performance levels when graph sparsity increases, highlighting that existing methods do not adequately consider the distinct roles of the graph adjacency matrix and weight matrices.",
        "problem": {
            "definition": "The problem is that existing methods for pruning GNNs lead to performance degradation when the graph sparsity exceeds a certain threshold.",
            "key obstacle": "The core obstacle is that the sparsification of the graph adjacency matrix and weight matrices results in different performance characteristics, which are not effectively managed by current pruning techniques."
        },
        "idea": {
            "intuition": "The intuition stems from the observation that high graph sparsity adversely affects GNN performance, necessitating a more nuanced approach to pruning that considers the entire adjacency matrix.",
            "opinion": "The proposed idea involves enhancing the pruning process by introducing an auxiliary loss head and framing the pruning as a min-max optimization problem to improve robustness under high sparsity conditions.",
            "innovation": "The key innovation is the introduction of a new auxiliary loss head for better edge pruning and the formulation of the pruning process as a min-max optimization, which differentiates it from existing methods."
        },
        "method": {
            "method name": "Graph Lottery Ticket Method",
            "method abbreviation": "GLT",
            "method definition": "The method involves pruning the graph adjacency matrix and model weights through an auxiliary loss head and a min-max optimization framework to enhance GNN performance under high sparsity.",
            "method description": "This method optimizes GNN pruning by effectively managing graph sparsity through advanced loss formulations and optimization techniques.",
            "method steps": "1. Introduce an auxiliary loss head to guide edge pruning. 2. Formulate the pruning process as a min-max optimization problem. 3. Implement the pruning on the adjacency matrix and weights.",
            "principle": "This method is effective because it ensures that the pruning process accounts for the entire adjacency matrix, improving robustness and performance even when graph sparsity is high."
        },
        "experiments": {
            "evaluation setting": "Extensive experiments were conducted comparing the proposed method against UGS using various datasets and performance metrics to assess the effectiveness of the pruning approach.",
            "evaluation method": "The performance was measured by analyzing the GNN's accuracy and efficiency post-pruning, with a focus on how well the method maintained performance under different levels of graph sparsity."
        },
        "conclusion": "The experiments demonstrated that the proposed sparsification method significantly outperforms the existing UGS approach and validated the transferable GLT hypothesis, indicating the method's effectiveness in various scenarios.",
        "discussion": {
            "advantage": "The key advantages of the proposed approach include improved GNN performance under high graph sparsity and the ability to transfer learned representations effectively.",
            "limitation": "The limitations may include potential challenges in fine-tuning the auxiliary loss head and the complexity of the min-max optimization process.",
            "future work": "Future research could explore further optimizations in the pruning process and investigate additional applications of the transferable GLT hypothesis in different types of graph-based learning tasks."
        },
        "other info": []
    },
    "mount_outline": [
        {
            "section number": "1.1",
            "key information": "This paper addresses the issue of optimizing the pruning of graph neural networks (GNNs) to maintain performance levels when graph sparsity increases, highlighting that existing methods do not adequately consider the distinct roles of the graph adjacency matrix and weight matrices."
        },
        {
            "section number": "2.3",
            "key information": "The problem is that existing methods for pruning GNNs lead to performance degradation when the graph sparsity exceeds a certain threshold."
        },
        {
            "section number": "3.1",
            "key information": "The proposed idea involves enhancing the pruning process by introducing an auxiliary loss head and framing the pruning as a min-max optimization problem to improve robustness under high sparsity conditions."
        },
        {
            "section number": "4.1",
            "key information": "Extensive experiments were conducted comparing the proposed method against UGS using various datasets and performance metrics to assess the effectiveness of the pruning approach."
        },
        {
            "section number": "5.3",
            "key information": "The key innovation is the introduction of a new auxiliary loss head for better edge pruning and the formulation of the pruning process as a min-max optimization, which differentiates it from existing methods."
        },
        {
            "section number": "6.3",
            "key information": "Future research could explore further optimizations in the pruning process and investigate additional applications of the transferable GLT hypothesis in different types of graph-based learning tasks."
        }
    ],
    "similarity_score": null,
    "image": null,
    "path": "/home/liudingyuan/code/SurveyX/code/SurveyX-main/outputs/t14/papers/Rethinking graph lottery tickets_ Graph sparsity matters.json"
}