{
    "from": null,
    "scholar_id": null,
    "detail_id": null,
    "title": "Rigging the lottery: Making all tickets winners",
    "abstract": "Many applications require sparse neural networks due to space or inference time restrictions. There is a large body of work on training dense networks to yield sparse networks for inference, but this limits the size of the largest trainable sparse model to that of the largest trainable dense model. In this paper we introduce a method to train sparse neural networks with a fixed parameter count and a fixed computational cost throughout training, without sacrificing accuracy relative to existing dense-to-sparse training methods. Our method updates the topology of the sparse network during training by using parameter magnitudes and infrequent gradient calculations. We show that this approach requires fewer floating-point operations (FLOPs) to achieve a given level of accuracy compared to prior techniques. We demonstrate state-of-the-art sparse training results on a variety of networks and datasets, including ResNet-50, MobileNets on Imagenet-2012, and RNNs on WikiText-103. Finally, we provide some insights into why allowing the topology to change during the optimization can overcome local minima encountered when the topology remains static. Code used in our work can be found in this http URL.",
    "arxivid": "1911.11134v3",
    "bib_name": "Riggingthe67",
    "md_text": "# Rigging the lottery: Making all tickets winners\n\n\nabstract\n\nMany applications require sparse neural networks due to space or inference time restrictions. There is a large body of work on training dense networks to yield sparse networks for inference, but this limits the size of the largest trainable sparse model to that of the largest trainable dense model. In this paper we introduce a method to train sparse neural networks with a fixed parameter count and a fixed computational cost throughout training, without sacrificing accuracy relative to existing dense-to-sparse training methods. Our method updates the topology of the sparse network during training by using parameter magnitudes and infrequent gradient calculations. We show that this approach requires fewer floating-point operations (FLOPs) to achieve a given level of accuracy compared to prior techniques. We demonstrate state-of-the-art sparse training results on a variety of networks and datasets, including ResNet-50, MobileNets on Imagenet-2012, and RNNs on WikiText-103. Finally, we provide some insights into why allowing the topology to change during the optimization can overcome local minima encountered when the topology remains static. Code used in our work can be found in this http URL.",
    "paper_type": "method",
    "attri": {
        "background": "This paper addresses the issue of training sparse neural networks efficiently while maintaining accuracy, highlighting the limitations of existing dense-to-sparse training methods.",
        "problem": {
            "definition": "The problem is the inability to train sparse neural networks effectively when constrained by fixed parameter counts and computational costs.",
            "key obstacle": "The core obstacle is that traditional methods limit the size of trainable sparse models to that of the largest dense models, which restricts performance and efficiency."
        },
        "idea": {
            "intuition": "The idea is inspired by the observation that allowing the network topology to change during training can lead to better optimization outcomes.",
            "opinion": "The proposed method involves dynamically updating the sparse network's topology using parameter magnitudes and infrequent gradient calculations.",
            "innovation": "The primary innovation is the ability to train sparse networks with a fixed parameter count while allowing the topology to evolve, leading to improved accuracy and reduced computational costs."
        },
        "method": {
            "method name": "Dynamic Sparse Training",
            "method abbreviation": "DST",
            "method definition": "DST is a method that trains sparse neural networks by adjusting their topology during the training process without changing the total number of parameters.",
            "method description": "The core of the method involves updating the sparse network's architecture based on parameter magnitudes while maintaining a constant computational budget.",
            "method steps": "1. Initialize a sparse network with a fixed parameter count. 2. During training, adjust the topology based on parameter magnitudes. 3. Perform infrequent gradient calculations to update the network. 4. Repeat until convergence.",
            "principle": "This method is effective because it allows the network to escape local minima by adapting its structure, leading to better optimization and performance."
        },
        "experiments": {
            "evaluation setting": "The experiments were conducted on various networks and datasets, including ResNet-50, MobileNets on Imagenet-2012, and RNNs on WikiText-103, using state-of-the-art sparse training benchmarks.",
            "evaluation method": "The performance of the method was assessed by comparing the accuracy achieved and the number of floating-point operations (FLOPs) required to reach that accuracy against prior techniques."
        },
        "conclusion": "The results demonstrate that the proposed method achieves state-of-the-art performance in sparse neural network training while requiring fewer FLOPs, validating the effectiveness of dynamic topology adjustments.",
        "discussion": {
            "advantage": "The key advantages include improved accuracy and efficiency due to the dynamic adjustment of the network topology during training.",
            "limitation": "A potential limitation is the reliance on infrequent gradient calculations, which may introduce variability in convergence speed.",
            "future work": "Future research could explore further enhancements in topology adjustment strategies and investigate their applicability across different types of neural networks."
        },
        "other info": []
    },
    "mount_outline": [
        {
            "section number": "1.1",
            "key information": "Pruning contributes to model efficiency and performance by enabling the training of sparse neural networks efficiently while maintaining accuracy."
        },
        {
            "section number": "2.2",
            "key information": "Dynamic Sparse Training (DST) is a method that trains sparse neural networks by adjusting their topology during the training process without changing the total number of parameters."
        },
        {
            "section number": "2.3",
            "key information": "The primary innovation of the proposed method is the ability to train sparse networks with a fixed parameter count while allowing the topology to evolve, leading to improved accuracy and reduced computational costs."
        },
        {
            "section number": "4.1",
            "key information": "The performance of the proposed method was assessed by comparing the accuracy achieved and the number of floating-point operations (FLOPs) required to reach that accuracy against prior techniques."
        },
        {
            "section number": "5.1",
            "key information": "The proposed method demonstrates improved accuracy and efficiency due to the dynamic adjustment of the network topology during training."
        },
        {
            "section number": "6.2",
            "key information": "A potential limitation of the proposed method is the reliance on infrequent gradient calculations, which may introduce variability in convergence speed."
        },
        {
            "section number": "6.3",
            "key information": "Future research could explore further enhancements in topology adjustment strategies and investigate their applicability across different types of neural networks."
        }
    ],
    "similarity_score": null,
    "image": null,
    "path": "/home/liudingyuan/code/SurveyX/code/SurveyX-main/outputs/t14/papers/Rigging the lottery_ Making all tickets winners.json"
}