{
    "from": null,
    "scholar_id": null,
    "detail_id": null,
    "title": "Robust pruning at initialization",
    "abstract": "Overparameterized Neural Networks (NN) display state-of-the-art performance. However, there is a growing need for smaller, energy-efficient, neural networks tobe able to use machine learning applications on devices with limited computational resources. A popular approach consists of using pruning techniques. While these techniques have traditionally focused on pruning pre-trained NN (LeCun et al.,1990; Hassibi et al., 1993), recent work by Lee et al. (2018) has shown promising results when pruning at initialization. However, for Deep NNs, such procedures remain unsatisfactory as the resulting pruned networks can be difficult to train and, for instance, they do not prevent one layer from being fully pruned. In this paper, we provide a comprehensive theoretical analysis of Magnitude and Gradient based pruning at initialization and training of sparse architectures. This allows us to propose novel principled approaches which we validate experimentally on a variety of NN architectures.",
    "arxivid": "2002.08797v5",
    "bib_name": "Robustprun179",
    "md_text": "# Robust pruning at initialization\n\n\nabstract\n\nOverparameterized Neural Networks (NN) display state-of-the-art performance. However, there is a growing need for smaller, energy-efficient, neural networks tobe able to use machine learning applications on devices with limited computational resources. A popular approach consists of using pruning techniques. While these techniques have traditionally focused on pruning pre-trained NN (LeCun et al.,1990; Hassibi et al., 1993), recent work by Lee et al. (2018) has shown promising results when pruning at initialization. However, for Deep NNs, such procedures remain unsatisfactory as the resulting pruned networks can be difficult to train and, for instance, they do not prevent one layer from being fully pruned. In this paper, we provide a comprehensive theoretical analysis of Magnitude and Gradient based pruning at initialization and training of sparse architectures. This allows us to propose novel principled approaches which we validate experimentally on a variety of NN architectures.",
    "paper_type": "method",
    "attri": {
        "background": "This paper addresses the issue of overparameterized neural networks that, while demonstrating state-of-the-art performance, need to be made smaller and more energy-efficient for deployment on devices with limited computational resources. Traditional pruning techniques have focused on pre-trained neural networks, but recent work has indicated potential in pruning at initialization, although challenges remain for deep neural networks.",
        "problem": {
            "definition": "The problem is the difficulty in effectively training pruned deep neural networks initialized with pruning techniques, which can lead to issues such as entire layers being fully pruned.",
            "key obstacle": "The main challenge is that existing pruning methods do not ensure the stability and trainability of the resulting sparse architectures, often resulting in ineffective training outcomes."
        },
        "idea": {
            "intuition": "The intuition behind the proposed idea stems from the need to improve the training process of pruned networks by analyzing the effects of different pruning strategies at initialization.",
            "opinion": "The proposed idea involves a comprehensive theoretical analysis of magnitude and gradient-based pruning techniques at initialization, aiming to enhance the training of sparse architectures.",
            "innovation": "The innovation lies in providing principled approaches to pruning at initialization that address the shortcomings of existing methods, particularly for deep neural networks."
        },
        "method": {
            "method name": "Robust Pruning at Initialization",
            "method abbreviation": "RPI",
            "method definition": "Robust Pruning at Initialization is a method that applies magnitude and gradient-based pruning techniques during the initialization phase of neural networks to improve their subsequent training and performance.",
            "method description": "The core of the method involves analyzing and applying pruning techniques that enhance the trainability of sparse neural network architectures right from the initialization stage.",
            "method steps": "1. Analyze the weights of the network to determine the importance of each connection. 2. Apply pruning based on magnitude or gradient criteria to eliminate less important weights. 3. Train the pruned network while ensuring stability and performance.",
            "principle": "The effectiveness of this method is grounded in the theoretical analysis that identifies which connections can be pruned without significantly impacting the network's ability to learn, thereby improving both training efficiency and final performance."
        },
        "experiments": {
            "evaluation setting": "The experiments were conducted on various neural network architectures to validate the proposed pruning methods, with comparisons made against baseline methods that do not utilize pruning at initialization.",
            "evaluation method": "Performance was assessed by measuring accuracy and training stability of the pruned networks across different architectures, analyzing how well they learned compared to their non-pruned counterparts."
        },
        "conclusion": "The outcomes of the experiments demonstrate that the proposed robust pruning at initialization method significantly enhances the training and performance of pruned neural networks, offering a viable solution for creating efficient models.",
        "discussion": {
            "advantage": "The key advantages of the proposed approach include improved training stability and efficiency for pruned networks, allowing for better performance without excessive computational costs.",
            "limitation": "One limitation of the method is that it may still encounter challenges with certain architectures or specific configurations that are not fully addressed by the pruning strategies.",
            "future work": "Future work could involve refining the pruning criteria further, exploring additional network architectures, and investigating the long-term performance of pruned networks in real-world applications."
        },
        "other info": []
    },
    "mount_outline": [
        {
            "section number": "1.1",
            "key information": "Pruning is essential for addressing overparameterization in neural networks, enhancing model efficiency and performance."
        },
        {
            "section number": "2.3",
            "key information": "The proposed method, Robust Pruning at Initialization, applies magnitude and gradient-based pruning techniques during the initialization phase to improve training and performance."
        },
        {
            "section number": "3.1",
            "key information": "The paper discusses traditional pruning techniques that focus on pre-trained neural networks and introduces the concept of pruning at initialization."
        },
        {
            "section number": "4.1",
            "key information": "The evaluation of pruning methods includes assessing training stability and accuracy retention of pruned networks compared to non-pruned counterparts."
        },
        {
            "section number": "5.1",
            "key information": "The paper highlights the trade-off between model size reduction and maintaining training stability in pruned networks."
        },
        {
            "section number": "6.1",
            "key information": "The proposed robust pruning method emphasizes analyzing the importance of network connections to ensure effective pruning without compromising learning ability."
        },
        {
            "section number": "6.3",
            "key information": "Future work may involve refining pruning criteria and exploring additional network architectures to address current limitations in pruning strategies."
        }
    ],
    "similarity_score": null,
    "image": null,
    "path": "/home/liudingyuan/code/SurveyX/code/SurveyX-main/outputs/t14/papers/Robust pruning at initialization.json"
}