{
    "from": null,
    "scholar_id": null,
    "detail_id": null,
    "title": "Sanity checks for lottery tickets: Does your winning ticket really win the jackpot?",
    "abstract": "There have been long-standing controversies and inconsistencies over the experiment setup and criteria for identifying the\"winning ticket\"in literature. To reconcile such, we revisit the definition of lottery ticket hypothesis, with comprehensive and more rigorous conditions. Under our new definition, we show concrete evidence to clarify whether the winning ticket exists across the major DNN architectures and/or applications. Through extensive experiments, we perform quantitative analysis on the correlations between winning tickets and various experimental factors, and empirically study the patterns of our observations. We find that the key training hyperparameters, such as learning rate and training epochs, as well as the architecture characteristics such as capacities and residual connections, are all highly correlated with whether and when the winning tickets can be identified. Based on our analysis, we summarize a guideline for parameter settings in regards of specific architecture characteristics, which we hope to catalyze the research progress on the topic of lottery ticket hypothesis. Our codes are publicly available at: https://github.com/boone891214/sanity-check-LTH.",
    "arxivid": "2107.00166v4",
    "bib_name": "Sanitychec100",
    "md_text": "# Sanity checks for lottery tickets: Does your winning ticket really win the jackpot?\n\n\nabstract\n\nThere have been long-standing controversies and inconsistencies over the experiment setup and criteria for identifying the\"winning ticket\"in literature. To reconcile such, we revisit the definition of lottery ticket hypothesis, with comprehensive and more rigorous conditions. Under our new definition, we show concrete evidence to clarify whether the winning ticket exists across the major DNN architectures and/or applications. Through extensive experiments, we perform quantitative analysis on the correlations between winning tickets and various experimental factors, and empirically study the patterns of our observations. We find that the key training hyperparameters, such as learning rate and training epochs, as well as the architecture characteristics such as capacities and residual connections, are all highly correlated with whether and when the winning tickets can be identified. Based on our analysis, we summarize a guideline for parameter settings in regards of specific architecture characteristics, which we hope to catalyze the research progress on the topic of lottery ticket hypothesis. Our codes are publicly available at: https://github.com/boone891214/sanity-check-LTH.",
    "paper_type": "benchmark",
    "attri": {
        "background": "The paper addresses the inconsistencies and controversies surrounding the identification of 'winning tickets' in the lottery ticket hypothesis within deep neural networks (DNNs). It emphasizes the need for a more rigorous definition and methodology to clarify the existence and characteristics of winning tickets across different architectures and applications.",
        "problem": {
            "definition": "The benchmark is designed to address the challenge of reliably identifying winning tickets in various DNN architectures and understanding the factors influencing their identification.",
            "key obstacle": "Existing benchmarks lack consistency in experimental setups and criteria for identifying winning tickets, leading to confusion and unreliable results."
        },
        "idea": {
            "intuition": "The authors were inspired by the need to clarify the conditions under which winning tickets can be identified, as previous studies have yielded conflicting results.",
            "opinion": "The authors believe that establishing a clear and rigorous framework for identifying winning tickets is crucial for advancing the understanding of the lottery ticket hypothesis.",
            "innovation": "This benchmark introduces a refined definition and comprehensive conditions for identifying winning tickets, alongside a systematic analysis of the correlation between winning tickets and various experimental factors.",
            "benchmark abbreviation": "LTH"
        },
        "dataset": {
            "source": "The dataset was generated through extensive experiments on different DNN architectures, focusing on various hyperparameters and training conditions.",
            "desc": "The dataset includes quantitative analysis results that correlate winning tickets with training hyperparameters and architectural characteristics.",
            "content": "The dataset contains numerical data related to the performance of winning tickets across different model configurations and hyperparameter settings.",
            "size": "-",
            "domain": "Deep Learning",
            "task format": "Model Training"
        },
        "metrics": {
            "metric name": "Correlation Coefficient",
            "aspect": "Model performance and identification of winning tickets",
            "principle": "The correlation coefficient is chosen to quantify the relationship between winning tickets and various experimental factors.",
            "procedure": "The evaluation involves conducting experiments with different hyperparameter settings and analyzing the resulting performance metrics."
        },
        "experiments": {
            "model": "Various deep neural network architectures were tested, including state-of-the-art models.",
            "procedure": "Models were trained under different configurations, with careful adjustments to hyperparameters like learning rate and training epochs.",
            "result": "The experiments revealed significant correlations between training conditions and the identification of winning tickets.",
            "variability": "Variability in results was accounted for through multiple trials and adjustments of hyperparameters."
        },
        "conclusion": "The study concludes that winning tickets can be reliably identified under specific conditions, and provides guidelines for hyperparameter settings that enhance the likelihood of identifying these tickets.",
        "discussion": {
            "advantage": "The benchmark offers a clear framework and guidelines that can lead to more consistent and reliable identification of winning tickets in deep learning research.",
            "limitation": "The benchmark may not account for all architectural variations and hyperparameter combinations, which could limit its generalizability.",
            "future work": "Future research could explore additional architectures and more diverse training conditions to further validate and refine the benchmark."
        },
        "other info": {
            "repository": "The codes and datasets used for the experiments are publicly available at: https://github.com/boone891214/sanity-check-LTH."
        }
    },
    "mount_outline": [
        {
            "section number": "2.1",
            "key information": "The paper addresses the inconsistencies and controversies surrounding the identification of 'winning tickets' in deep neural networks (DNNs)."
        },
        {
            "section number": "2.2",
            "key information": "The benchmark introduces a refined definition and comprehensive conditions for identifying winning tickets, which are crucial for model performance."
        },
        {
            "section number": "2.3",
            "key information": "The study emphasizes the need for a more rigorous definition and methodology to clarify the existence and characteristics of winning tickets across different architectures."
        },
        {
            "section number": "4.1",
            "key information": "The benchmark is designed to address the challenge of reliably identifying winning tickets in various DNN architectures and understanding the factors influencing their identification."
        },
        {
            "section number": "5.3",
            "key information": "The experiments revealed significant correlations between training conditions and the identification of winning tickets, impacting overall model performance."
        },
        {
            "section number": "6.2",
            "key information": "The existing benchmarks lack consistency in experimental setups and criteria for identifying winning tickets, leading to confusion and unreliable results."
        },
        {
            "section number": "6.3",
            "key information": "Future research could explore additional architectures and more diverse training conditions to further validate and refine the benchmark."
        }
    ],
    "similarity_score": null,
    "image": null,
    "path": "/home/liudingyuan/code/SurveyX/code/SurveyX-main/outputs/t14/papers/Sanity checks for lottery tickets_ Does your winning ticket really win the jackpot_.json"
}