{
    "from": null,
    "scholar_id": null,
    "detail_id": null,
    "title": "Sanity-checking pruning methods: random tickets can win the jackpot",
    "abstract": "Network pruning is a method for reducing test-time computational resource requirements with minimal performance degradation. Conventional wisdom of pruning algorithms suggests that: (1) Pruning methods exploit information from training data to find good subnetworks; (2) The architecture of the pruned network is crucial for good performance. In this paper, we conduct sanity checks for the above beliefs on several recent unstructured pruning methods and surprisingly find that: (1) A set of methods which aims to find good subnetworks of the randomly-initialized network (which we call \"initial tickets\"), hardly exploits any information from the training data; (2) For the pruned networks obtained by these methods, randomly changing the preserved weights in each layer, while keeping the total number of preserved weights unchanged per layer, does not affect the final performance. These findings inspire us to choose a series of simple \\emph{data-independent} prune ratios for each layer, and randomly prune each layer accordingly to get a subnetwork (which we call \"random tickets\"). Experimental results show that our zero-shot random tickets outperform or attain a similar performance compared to existing \"initial tickets\". In addition, we identify one existing pruning method that passes our sanity checks. We hybridize the ratios in our random ticket with this method and propose a new method called \"hybrid tickets\", which achieves further improvement. (Our code is publicly available at this https URL)",
    "arxivid": "2009.11094v2",
    "bib_name": "Sanity-che43",
    "md_text": "# Sanity-checking pruning methods: random tickets can win the jackpot\n\n\nabstract\n\nNetwork pruning is a method for reducing test-time computational resource requirements with minimal performance degradation. Conventional wisdom of pruning algorithms suggests that: (1) Pruning methods exploit information from training data to find good subnetworks; (2) The architecture of the pruned network is crucial for good performance. In this paper, we conduct sanity checks for the above beliefs on several recent unstructured pruning methods and surprisingly find that: (1) A set of methods which aims to find good subnetworks of the randomly-initialized network (which we call \"initial tickets\"), hardly exploits any information from the training data; (2) For the pruned networks obtained by these methods, randomly changing the preserved weights in each layer, while keeping the total number of preserved weights unchanged per layer, does not affect the final performance. These findings inspire us to choose a series of simple \\emph{data-independent} prune ratios for each layer, and randomly prune each layer accordingly to get a subnetwork (which we call \"random tickets\"). Experimental results show that our zero-shot random tickets outperform or attain a similar performance compared to existing \"initial tickets\". In addition, we identify one existing pruning method that passes our sanity checks. We hybridize the ratios in our random ticket with this method and propose a new method called \"hybrid tickets\", which achieves further improvement. (Our code is publicly available at this https URL)",
    "paper_type": "method",
    "attri": {
        "background": "This paper addresses the issue of network pruning, which is a method for reducing computational resource requirements during testing while minimizing performance degradation. It challenges the conventional wisdom that pruning methods rely heavily on training data to identify effective subnetworks and that the architecture of the pruned network is critical for maintaining performance.",
        "problem": {
            "definition": "The problem being addressed is the inefficiency of existing pruning methods that depend on training data to identify optimal subnetworks, which may not be necessary for effective pruning.",
            "key obstacle": "The main difficulty is the reliance on training data and specific network architectures, which limits the applicability and effectiveness of pruning methods."
        },
        "idea": {
            "intuition": "The inspiration behind the proposed idea stems from the observation that randomly initialized networks can yield effective subnetworks without leveraging training data.",
            "opinion": "The proposed idea involves using simple, data-independent prune ratios for each layer to create subnetworks known as 'random tickets', which can outperform existing methods.",
            "innovation": "The primary innovation lies in the realization that randomly altering preserved weights within layers does not significantly impact performance, leading to the development of data-independent pruning strategies."
        },
        "method": {
            "method name": "Random Tickets",
            "method abbreviation": "RT",
            "method definition": "Random Tickets is a pruning method that applies simple, data-independent prune ratios to each layer of a neural network to create effective subnetworks.",
            "method description": "This method randomly prunes layers based on predefined ratios, resulting in subnetworks that maintain or improve performance compared to traditional methods.",
            "method steps": "1. Define data-independent prune ratios for each layer. 2. Randomly prune each layer according to the defined ratios. 3. Evaluate the performance of the resulting subnetwork.",
            "principle": "The effectiveness of this method is based on the finding that the performance of pruned networks is not significantly affected by the specific weights preserved, allowing for a more flexible approach to pruning."
        },
        "experiments": {
            "evaluation setting": "The experimental setup involved testing the performance of random tickets against existing pruning methods using various datasets and conditions.",
            "evaluation method": "The evaluation method included comparing the performance metrics of the pruned networks against baseline methods to assess improvements."
        },
        "conclusion": "The experiments demonstrated that zero-shot random tickets can outperform or match the performance of existing initial tickets, validating the proposed method's effectiveness.",
        "discussion": {
            "advantage": "The key advantages of the proposed approach include its simplicity, independence from training data, and the ability to achieve competitive performance with minimal computational overhead.",
            "limitation": "One limitation is that the method may not be universally applicable across all types of neural network architectures or tasks.",
            "future work": "Future research could explore refining the data-independent prune ratios and investigating the applicability of the method to different network structures and datasets."
        },
        "other info": {
            "code availability": "The code for the proposed methods is publicly available."
        }
    },
    "mount_outline": [
        {
            "section number": "1.1",
            "key information": "Pruning is a method for reducing computational resource requirements during testing while minimizing performance degradation."
        },
        {
            "section number": "2.3",
            "key information": "The proposed method, Random Tickets, applies simple, data-independent prune ratios to each layer of a neural network to create effective subnetworks."
        },
        {
            "section number": "3.2",
            "key information": "Random Tickets represents an innovative pruning technique that challenges conventional methods relying heavily on training data."
        },
        {
            "section number": "4.1",
            "key information": "The evaluation method included comparing the performance metrics of the pruned networks against baseline methods to assess improvements."
        },
        {
            "section number": "5.3",
            "key information": "The experiments demonstrated that zero-shot random tickets can outperform or match the performance of existing initial tickets, validating the proposed method's effectiveness."
        },
        {
            "section number": "6.2",
            "key information": "One limitation of the proposed method is that it may not be universally applicable across all types of neural network architectures or tasks."
        },
        {
            "section number": "6.3",
            "key information": "Future research could explore refining the data-independent prune ratios and investigating the applicability of the method to different network structures and datasets."
        }
    ],
    "similarity_score": null,
    "image": null,
    "path": "/home/liudingyuan/code/SurveyX/code/SurveyX-main/outputs/t14/papers/Sanity-checking pruning methods_ random tickets can win the jackpot.json"
}