{
    "from": null,
    "scholar_id": null,
    "detail_id": null,
    "title": "Scalable training of artificial neural networks with adaptive sparse connectivity inspired by network science",
    "abstract": "Through the success of deep learning in various domains, artificial neural networks are currently among the most used artificial intelligence methods. Taking inspiration from the network properties of biological neural networks (e.g. sparsity, scale-freeness), we argue that (contrary to general practice) artificial neural networks, too, should not have fully-connected layers. Here we propose sparse evolutionary training of artificial neural networks, an algorithm which evolves an initial sparse topology (Erd\u0151s\u2013R\u00e9nyi random graph) of two consecutive layers of neurons into a scale-free topology, during learning. Our method replaces artificial neural networks fully-connected layers with sparse ones before training, reducing quadratically the number of parameters, with no decrease in accuracy. We demonstrate our claims on restricted Boltzmann machines, multi-layer perceptrons, and convolutional neural networks for unsupervised and supervised learning on 15 datasets. Our approach has the potential to enable artificial neural networks to scale up beyond what is currently possible. Artificial neural networks are artificial intelligence computing methods which are inspired by biological neural networks. Here the authors propose a method to design neural networks as sparse scale-free networks, which leads to a reduction in computational time required for training and inference.",
    "arxivid": "1707.04780v2",
    "bib_name": "Scalabletr72",
    "md_text": "# Scalable training of artificial neural networks with adaptive sparse connectivity inspired by network science\n\n\nabstract\n\nThrough the success of deep learning in various domains, artificial neural networks are currently among the most used artificial intelligence methods. Taking inspiration from the network properties of biological neural networks (e.g. sparsity, scale-freeness), we argue that (contrary to general practice) artificial neural networks, too, should not have fully-connected layers. Here we propose sparse evolutionary training of artificial neural networks, an algorithm which evolves an initial sparse topology (Erd\u0151s\u2013R\u00e9nyi random graph) of two consecutive layers of neurons into a scale-free topology, during learning. Our method replaces artificial neural networks fully-connected layers with sparse ones before training, reducing quadratically the number of parameters, with no decrease in accuracy. We demonstrate our claims on restricted Boltzmann machines, multi-layer perceptrons, and convolutional neural networks for unsupervised and supervised learning on 15 datasets. Our approach has the potential to enable artificial neural networks to scale up beyond what is currently possible. Artificial neural networks are artificial intelligence computing methods which are inspired by biological neural networks. Here the authors propose a method to design neural networks as sparse scale-free networks, which leads to a reduction in computational time required for training and inference.",
    "paper_type": "method",
    "attri": {
        "background": "This paper addresses the issue of inefficiencies in fully-connected layers of artificial neural networks, arguing that they should adopt sparse connectivity inspired by biological neural networks to improve scalability and reduce computational demands.",
        "problem": {
            "definition": "The problem is the reliance on fully-connected layers in artificial neural networks, which leads to excessive parameters and computational inefficiencies.",
            "key obstacle": "The core obstacle is the quadratic increase in the number of parameters associated with fully-connected layers, which hampers scalability and increases training time."
        },
        "idea": {
            "intuition": "The idea is inspired by the network properties of biological neural networks, particularly their sparsity and scale-free characteristics, suggesting that artificial neural networks can benefit from a similar sparse structure.",
            "opinion": "The proposed idea involves evolving an initial sparse topology of two consecutive layers of neurons into a scale-free topology during the training process.",
            "innovation": "The primary innovation is the replacement of fully-connected layers with sparse ones, which significantly reduces the number of parameters without compromising accuracy."
        },
        "method": {
            "method name": "Sparse Evolutionary Training",
            "method abbreviation": "SET",
            "method definition": "Sparse Evolutionary Training is an algorithm that evolves an initial sparse topology of artificial neural networks into a scale-free topology during the learning process.",
            "method description": "The method transforms fully-connected layers into sparse layers before training, enhancing scalability and reducing computational requirements.",
            "method steps": "1. Initialize a sparse topology using an Erd\u0151s\u2013R\u00e9nyi random graph. 2. Train the network while evolving the topology into a scale-free structure. 3. Evaluate performance on various datasets.",
            "principle": "The effectiveness of this method lies in its ability to maintain accuracy while drastically reducing the number of parameters, leveraging the benefits of sparse connectivity."
        },
        "experiments": {
            "evaluation setting": "The experiments were conducted on restricted Boltzmann machines, multi-layer perceptrons, and convolutional neural networks across 15 datasets, comparing the performance of the proposed method against baseline fully-connected networks.",
            "evaluation method": "Performance was assessed by measuring accuracy and computational efficiency, analyzing the reduction in parameters and training time."
        },
        "conclusion": "The experiments demonstrate that Sparse Evolutionary Training can effectively reduce the number of parameters in neural networks while maintaining accuracy, thereby enabling neural networks to scale up beyond current limitations.",
        "discussion": {
            "advantage": "The key advantages include a significant reduction in computational time and resources required for training and inference, alongside maintained or improved accuracy.",
            "limitation": "A potential limitation is the initial dependency on the choice of the sparse topology and the effectiveness of the evolution process in different contexts.",
            "future work": "Future research could explore optimizing the evolutionary process further and applying the method to a broader range of neural network architectures and tasks."
        },
        "other info": {}
    },
    "mount_outline": [
        {
            "section number": "1.1",
            "key information": "Pruning contributes to model efficiency and performance by reducing the number of parameters in neural networks, addressing inefficiencies in fully-connected layers."
        },
        {
            "section number": "2.2",
            "key information": "Sparse Evolutionary Training transforms fully-connected layers into sparse layers before training, enhancing scalability and reducing computational requirements."
        },
        {
            "section number": "2.3",
            "key information": "The proposed method, Sparse Evolutionary Training, evolves an initial sparse topology into a scale-free topology, significantly reducing the number of parameters without compromising accuracy."
        },
        {
            "section number": "3.1",
            "key information": "The paper discusses structured pruning by replacing fully-connected layers with sparse ones, highlighting the unique characteristics of sparse connectivity inspired by biological neural networks."
        },
        {
            "section number": "4.1",
            "key information": "Criteria for evaluation include measuring accuracy and computational efficiency, assessing the reduction in parameters and training time through the proposed method."
        },
        {
            "section number": "5.2",
            "key information": "The method demonstrates a significant reduction in computational time and resources required for training and inference while maintaining or improving accuracy."
        },
        {
            "section number": "6.1",
            "key information": "Best practices include evolving an initial sparse topology to optimize neural network structures and improve scalability."
        },
        {
            "section number": "6.3",
            "key information": "Future research could explore optimizing the evolutionary process of Sparse Evolutionary Training and applying it to a broader range of neural network architectures."
        }
    ],
    "similarity_score": null,
    "image": null,
    "path": "/home/liudingyuan/code/SurveyX/code/SurveyX-main/outputs/t14/papers/Scalable training of artificial neural networks with adaptive sparse connectivity inspired by network science.json"
}