{
    "from": null,
    "scholar_id": null,
    "detail_id": null,
    "title": "SCOP: Scientific control for reliable neural network pruning",
    "abstract": "This paper proposes a reliable neural network pruning algorithm by setting up a scientific control. Existing pruning methods have developed various hypotheses to approximate the importance of filters to the network and then execute filter pruning accordingly. To increase the reliability of the results, we prefer to have a more rigorous research design by including a scientific control group as an essential part to minimize the effect of all factors except the association between the filter and expected network output. Acting as a control group, knockoff feature is generated to mimic the feature map produced by the network filter, but they are conditionally independent of the example label given the real feature map. We theoretically suggest that the knockoff condition can be approximately preserved given the information propagation of network layers. Besides the real feature map on an intermediate layer, the corresponding knockoff feature is brought in as another auxiliary input signal for the subsequent layers. Redundant filters can be discovered in the adversarial process of different features. Through experiments, we demonstrate the superiority of the proposed algorithm over state-of-the-art methods. For example, our method can reduce 57.8% parameters and 60.2% FLOPs of ResNet-101 with only 0.01% top-1 accuracy loss on ImageNet.",
    "arxivid": "2010.10732v2",
    "bib_name": "SCOP:Scien183",
    "md_text": "# SCOP: Scientific control for reliable neural network pruning\n\n\nabstract\n\nThis paper proposes a reliable neural network pruning algorithm by setting up a scientific control. Existing pruning methods have developed various hypotheses to approximate the importance of filters to the network and then execute filter pruning accordingly. To increase the reliability of the results, we prefer to have a more rigorous research design by including a scientific control group as an essential part to minimize the effect of all factors except the association between the filter and expected network output. Acting as a control group, knockoff feature is generated to mimic the feature map produced by the network filter, but they are conditionally independent of the example label given the real feature map. We theoretically suggest that the knockoff condition can be approximately preserved given the information propagation of network layers. Besides the real feature map on an intermediate layer, the corresponding knockoff feature is brought in as another auxiliary input signal for the subsequent layers. Redundant filters can be discovered in the adversarial process of different features. Through experiments, we demonstrate the superiority of the proposed algorithm over state-of-the-art methods. For example, our method can reduce 57.8% parameters and 60.2% FLOPs of ResNet-101 with only 0.01% top-1 accuracy loss on ImageNet.",
    "paper_type": "method",
    "attri": {
        "background": "This paper addresses the issue of reliable neural network pruning by proposing a new algorithm that incorporates a scientific control to minimize the effects of factors other than the relationship between filters and network output.",
        "problem": {
            "definition": "The problem centers on the challenge of accurately determining the importance of filters in neural networks for effective pruning, which is critical for reducing model size and computational cost without significantly affecting performance.",
            "key obstacle": "The main difficulty lies in the reliance on various hypotheses that approximate filter importance, which may not sufficiently account for the complex interactions within the network, leading to unreliable pruning outcomes."
        },
        "idea": {
            "intuition": "The idea is inspired by the need for a more rigorous experimental design in pruning methods, where a scientific control is implemented to enhance the reliability of filter importance assessments.",
            "opinion": "The proposed algorithm introduces a knockoff feature that mimics the output of network filters while maintaining conditional independence from the example label, thereby improving the pruning process.",
            "innovation": "The primary innovation is the integration of a knockoff feature as an auxiliary input for subsequent layers, which allows for the discovery of redundant filters through adversarial processes, setting this method apart from existing pruning techniques."
        },
        "method": {
            "method name": "SCOP",
            "method abbreviation": "SCOP",
            "method definition": "SCOP is a neural network pruning algorithm that utilizes a scientific control by introducing knockoff features to enhance the reliability of filter importance evaluations.",
            "method description": "The method combines real feature maps with knockoff features to identify and prune redundant filters in a neural network.",
            "method steps": "1. Generate knockoff features that mimic the output of network filters. 2. Use both real and knockoff features as inputs for subsequent layers. 3. Identify and prune redundant filters based on their contributions to network performance.",
            "principle": "The effectiveness of SCOP lies in its ability to maintain the knockoff condition through information propagation in network layers, which allows for a more accurate assessment of filter importance."
        },
        "experiments": {
            "evaluation setting": "Experiments were conducted on the ResNet-101 architecture using the ImageNet dataset, comparing the performance of SCOP against state-of-the-art pruning methods.",
            "evaluation method": "The performance was measured by the reduction in parameters and FLOPs, as well as the impact on top-1 accuracy."
        },
        "conclusion": "The experiments demonstrate that SCOP can significantly reduce the number of parameters (57.8%) and FLOPs (60.2%) in ResNet-101 while maintaining a minimal accuracy loss (0.01%) on ImageNet, showcasing its effectiveness over existing methods.",
        "discussion": {
            "advantage": "The key advantage of SCOP is its rigorous approach to filter importance evaluation through the use of scientific controls, leading to more reliable pruning outcomes compared to conventional methods.",
            "limitation": "A limitation of the method may include the computational overhead associated with generating knockoff features, which could impact efficiency in larger networks.",
            "future work": "Future research could focus on optimizing the generation of knockoff features and exploring the application of SCOP in different neural network architectures or tasks."
        },
        "other info": []
    },
    "mount_outline": [
        {
            "section number": "1.1",
            "key information": "Pruning is critical for reducing model size and computational cost without significantly affecting performance."
        },
        {
            "section number": "2.3",
            "key information": "The SCOP algorithm enhances the reliability of filter importance evaluations by incorporating a scientific control with knockoff features."
        },
        {
            "section number": "3.2",
            "key information": "SCOP introduces a knockoff feature that mimics the output of network filters while maintaining conditional independence from the example label, setting it apart from existing pruning techniques."
        },
        {
            "section number": "4.3",
            "key information": "Experiments demonstrate that SCOP can significantly reduce the number of parameters (57.8%) and FLOPs (60.2%) in ResNet-101 while maintaining a minimal accuracy loss (0.01%) on ImageNet."
        },
        {
            "section number": "5.1",
            "key information": "The key advantage of SCOP is its rigorous approach to filter importance evaluation through the use of scientific controls, leading to more reliable pruning outcomes compared to conventional methods."
        },
        {
            "section number": "6.1",
            "key information": "Future research could focus on optimizing the generation of knockoff features and exploring the application of SCOP in different neural network architectures or tasks."
        }
    ],
    "similarity_score": null,
    "image": null,
    "path": "/home/liudingyuan/code/SurveyX/code/SurveyX-main/outputs/t14/papers/SCOP_ Scientific control for reliable neural network pruning.json"
}