{
    "from": null,
    "scholar_id": null,
    "detail_id": null,
    "title": "Self-supervised learning: Generative or contrastive",
    "abstract": "Deep supervised learning has achieved great success in the last decade. However, its defects of heavy dependence on manual labels and vulnerability to attacks have driven people to find other paradigms. As an alternative, self-supervised learning (SSL) attracts many researchers for its soaring performance on representation learning in the last several years. Self-supervised representation learning leverages input data itself as supervision and benefits almost all types of downstream tasks. In this survey, we take a look into new self-supervised learning methods for representation in computer vision, natural language processing, and graph learning. We comprehensively review the existing empirical methods and summarize them into three main categories according to their objectives: generative, contrastive, and generative-contrastive (adversarial). We further collect related theoretical analysis on self-supervised learning to provide deeper thoughts on why self-supervised learning works. Finally, we briefly discuss open problems and future directions for self-supervised learning. An outline slide for the survey is provided<inline-formula><tex-math notation=\"LaTeX\">$^1$</tex-math><alternatives><mml:math><mml:msup><mml:mrow/><mml:mn>1</mml:mn></mml:msup></mml:math><inline-graphic xlink:href=\"liu-ieq1-3090866.gif\"/></alternatives></inline-formula>.",
    "arxivid": "2006.08218v5",
    "bib_name": "Self-super157",
    "md_text": "# Self-supervised learning: Generative or contrastive\n\n\nabstract\n\nDeep supervised learning has achieved great success in the last decade. However, its defects of heavy dependence on manual labels and vulnerability to attacks have driven people to find other paradigms. As an alternative, self-supervised learning (SSL) attracts many researchers for its soaring performance on representation learning in the last several years. Self-supervised representation learning leverages input data itself as supervision and benefits almost all types of downstream tasks. In this survey, we take a look into new self-supervised learning methods for representation in computer vision, natural language processing, and graph learning. We comprehensively review the existing empirical methods and summarize them into three main categories according to their objectives: generative, contrastive, and generative-contrastive (adversarial). We further collect related theoretical analysis on self-supervised learning to provide deeper thoughts on why self-supervised learning works. Finally, we briefly discuss open problems and future directions for self-supervised learning. An outline slide for the survey is provided<inline-formula><tex-math notation=\"LaTeX\">$^1$</tex-math><alternatives><mml:math><mml:msup><mml:mrow/><mml:mn>1</mml:mn></mml:msup></mml:math><inline-graphic xlink:href=\"liu-ieq1-3090866.gif\"/></alternatives></inline-formula>.",
    "paper_type": "survey",
    "attri": {
        "background": {
            "purpose": "This survey aims to explore the advancements in self-supervised learning (SSL) methods for representation learning across various domains, addressing the limitations of deep supervised learning that relies heavily on labeled data.",
            "scope": "The survey focuses on self-supervised learning methods specifically in computer vision, natural language processing, and graph learning, while excluding other paradigms of machine learning that do not fall under SSL."
        },
        "problem": {
            "definition": "The core issue explored in this survey is the transition from supervised learning, which relies on manual labels, to self-supervised learning, which utilizes the input data itself for supervision.",
            "key obstacle": "The primary challenges include the need for effective theoretical frameworks to understand SSL's workings and the difficulty in establishing benchmarks for comparing different SSL methods."
        },
        "architecture": {
            "perspective": "The survey categorizes existing self-supervised learning methods into three main types: generative, contrastive, and generative-contrastive (adversarial), providing a structured view of the landscape of SSL research.",
            "stages": "The methods are organized based on their objectives, with generative methods focusing on data generation, contrastive methods emphasizing the distinction between similar and dissimilar instances, and generative-contrastive methods combining both approaches."
        },
        "conclusion": {
            "comparisions": "The survey compares the effectiveness of generative, contrastive, and generative-contrastive methods, highlighting their respective strengths and weaknesses in representation learning.",
            "results": "Key takeaways include the effectiveness of SSL in various tasks and the importance of understanding the theoretical underpinnings of why these methods work."
        },
        "discussion": {
            "advantage": "The strengths of current research include significant advancements in representation learning performance and the versatility of SSL across different domains.",
            "limitation": "Current studies often lack comprehensive theoretical explanations and standardized benchmarks for evaluation, limiting their applicability.",
            "gaps": "Unanswered questions remain regarding the optimal configurations for SSL methods and the conditions under which they perform best.",
            "future work": "Future research should focus on developing robust theoretical frameworks, establishing benchmarks for SSL methods, and exploring new applications and combinations of SSL techniques."
        },
        "other info": {
            "info1": "The survey provides a comprehensive review of empirical methods in SSL.",
            "info2": {
                "info2.1": "Theoretical analysis of self-supervised learning is included.",
                "info2.2": "Open problems and future directions for SSL are discussed."
            }
        }
    },
    "mount_outline": [
        {
            "section number": "1.1",
            "key information": "This survey aims to explore the advancements in self-supervised learning (SSL) methods for representation learning across various domains, addressing the limitations of deep supervised learning that relies heavily on labeled data."
        },
        {
            "section number": "1.2",
            "key information": "The survey focuses on self-supervised learning methods specifically in computer vision, natural language processing, and graph learning, while excluding other paradigms of machine learning that do not fall under SSL."
        },
        {
            "section number": "2.1",
            "key information": "The core issue explored in this survey is the transition from supervised learning, which relies on manual labels, to self-supervised learning, which utilizes the input data itself for supervision."
        },
        {
            "section number": "2.2",
            "key information": "The survey categorizes existing self-supervised learning methods into three main types: generative, contrastive, and generative-contrastive (adversarial), providing a structured view of the landscape of SSL research."
        },
        {
            "section number": "4.1",
            "key information": "The primary challenges include the need for effective theoretical frameworks to understand SSL's workings and the difficulty in establishing benchmarks for comparing different SSL methods."
        },
        {
            "section number": "5.1",
            "key information": "Current studies often lack comprehensive theoretical explanations and standardized benchmarks for evaluation, limiting their applicability."
        },
        {
            "section number": "6.3",
            "key information": "Future research should focus on developing robust theoretical frameworks, establishing benchmarks for SSL methods, and exploring new applications and combinations of SSL techniques."
        }
    ],
    "similarity_score": null,
    "image": null,
    "path": "/home/liudingyuan/code/SurveyX/code/SurveyX-main/outputs/t14/papers/Self-supervised learning_ Generative or contrastive.json"
}