{
    "from": null,
    "scholar_id": null,
    "detail_id": null,
    "title": "Single shot structured pruning before training",
    "abstract": "We introduce a method to speed up training by 2x and inference by 3x in deep neural networks using structured pruning applied before training. Unlike previous works on pruning before training which prune individual weights, our work develops a methodology to remove entire channels and hidden units with the explicit aim of speeding up training and inference. We introduce a compute-aware scoring mechanism which enables pruning in units of sensitivity per FLOP removed, allowing even greater speed ups. Our method is fast, easy to implement, and needs just one forward/backward pass on a single batch of data to complete pruning before training begins.",
    "arxivid": "2007.00389v1",
    "bib_name": "Singleshot132",
    "md_text": "# Single shot structured pruning before training\n\n\nabstract\n\nWe introduce a method to speed up training by 2x and inference by 3x in deep neural networks using structured pruning applied before training. Unlike previous works on pruning before training which prune individual weights, our work develops a methodology to remove entire channels and hidden units with the explicit aim of speeding up training and inference. We introduce a compute-aware scoring mechanism which enables pruning in units of sensitivity per FLOP removed, allowing even greater speed ups. Our method is fast, easy to implement, and needs just one forward/backward pass on a single batch of data to complete pruning before training begins.",
    "paper_type": "method",
    "attri": {
        "background": "This paper addresses the issue of slow training and inference times in deep neural networks, highlighting the limitations of previous methods that focus on pruning individual weights and the necessity for a more effective approach.",
        "problem": {
            "definition": "The problem is the inefficiency in training and inference times of deep neural networks, which can significantly hinder their performance in real-time applications.",
            "key obstacle": "The main difficulty lies in the inability of existing methods to effectively reduce the model size and complexity without compromising accuracy, particularly when only individual weights are pruned."
        },
        "idea": {
            "intuition": "The inspiration for this idea stems from the observation that removing entire channels and hidden units could lead to more substantial improvements in speed than merely pruning individual weights.",
            "opinion": "The proposed idea entails a structured pruning methodology that targets entire channels and hidden units, aiming to enhance both training speed and inference efficiency.",
            "innovation": "The primary innovation of this method is the compute-aware scoring mechanism that allows for pruning based on sensitivity per FLOP removed, which is a significant advancement over traditional weight pruning techniques."
        },
        "method": {
            "method name": "Single Shot Structured Pruning",
            "method abbreviation": "SSSP",
            "method definition": "SSSP is a structured pruning technique applied before training that removes entire channels and hidden units to accelerate training and inference in deep neural networks.",
            "method description": "The core of the method involves a single forward/backward pass on a single batch of data to perform the pruning efficiently.",
            "principle": "This method is effective because it focuses on reducing the model's complexity in a structured manner, which leads to significant speed improvements in both training and inference phases."
        },
        "experiments": {
            "evaluation setting": "The experimental setup includes a variety of deep neural network architectures, comparing the performance of SSSP against baseline methods that utilize traditional weight pruning.",
            "evaluation method": "The evaluation method involves measuring the training speed and inference time, analyzing the results to quantify the improvements achieved through SSSP."
        },
        "conclusion": "The outcomes of the experiments demonstrate that SSSP achieves a 2x speedup in training and a 3x speedup in inference, confirming its effectiveness and contribution to enhancing deep neural network performance.",
        "discussion": {
            "advantage": "The key advantages of the proposed approach include its simplicity in implementation and significant improvements in speed without compromising model accuracy.",
            "limitation": "A limitation of the method may be its dependency on the architecture of the neural network, which could affect the extent of the benefits realized from pruning.",
            "future work": "Future research could explore optimizing the compute-aware scoring mechanism further and adapting the method to different neural network architectures to maximize its applicability."
        },
        "other info": []
    },
    "mount_outline": [
        {
            "section number": "1.1",
            "key information": "The paper addresses the inefficiency in training and inference times of deep neural networks, emphasizing the importance of pruning in enhancing model efficiency and performance."
        },
        {
            "section number": "2.3",
            "key information": "The proposed method, Single Shot Structured Pruning (SSSP), is a structured pruning technique that targets entire channels and hidden units, enhancing both training speed and inference efficiency."
        },
        {
            "section number": "3.1",
            "key information": "The paper discusses structured pruning, focusing on the removal of entire channels and hidden units, contrasting it with traditional methods that prune individual weights."
        },
        {
            "section number": "4.1",
            "key information": "The evaluation method measures training speed and inference time, providing criteria for comparing the effectiveness of SSSP against traditional weight pruning methods."
        },
        {
            "section number": "5.2",
            "key information": "The outcomes demonstrate a 2x speedup in training and a 3x speedup in inference, showcasing the impact of pruning on computational efficiency and resource utilization."
        },
        {
            "section number": "6.1",
            "key information": "The paper recommends a structured pruning methodology that can significantly improve speed without compromising accuracy, highlighting best practices for neural network pruning."
        },
        {
            "section number": "6.3",
            "key information": "Future research could explore optimizing the compute-aware scoring mechanism further and adapting SSSP to different neural network architectures, indicating ongoing challenges and future directions."
        }
    ],
    "similarity_score": null,
    "image": null,
    "path": "/home/liudingyuan/code/SurveyX/code/SurveyX-main/outputs/t14/papers/Single shot structured pruning before training.json"
}