{
    "from": null,
    "scholar_id": null,
    "detail_id": null,
    "title": "SNIP: Single-shot network pruning based on connection sensitivity",
    "abstract": "Pruning large neural networks while maintaining their performance is often desirable due to the reduced space and time complexity. In existing methods, pruning is done within an iterative optimization procedure with either heuristically designed pruning schedules or additional hyperparameters, undermining their utility. In this work, we present a new approach that prunes a given network once at initialization prior to training. To achieve this, we introduce a saliency criterion based on connection sensitivity that identifies structurally important connections in the network for the given task. This eliminates the need for both pretraining and the complex pruning schedule while making it robust to architecture variations. After pruning, the sparse network is trained in the standard way. Our method obtains extremely sparse networks with virtually the same accuracy as the reference network on the MNIST, CIFAR-10, and Tiny-ImageNet classification tasks and is broadly applicable to various architectures including convolutional, residual and recurrent networks. Unlike existing methods, our approach enables us to demonstrate that the retained connections are indeed relevant to the given task.",
    "arxivid": "1810.02340v2",
    "bib_name": "SNIP:Singl42",
    "md_text": "# SNIP: Single-shot network pruning based on connection sensitivity\n\n\nabstract\n\nPruning large neural networks while maintaining their performance is often desirable due to the reduced space and time complexity. In existing methods, pruning is done within an iterative optimization procedure with either heuristically designed pruning schedules or additional hyperparameters, undermining their utility. In this work, we present a new approach that prunes a given network once at initialization prior to training. To achieve this, we introduce a saliency criterion based on connection sensitivity that identifies structurally important connections in the network for the given task. This eliminates the need for both pretraining and the complex pruning schedule while making it robust to architecture variations. After pruning, the sparse network is trained in the standard way. Our method obtains extremely sparse networks with virtually the same accuracy as the reference network on the MNIST, CIFAR-10, and Tiny-ImageNet classification tasks and is broadly applicable to various architectures including convolutional, residual and recurrent networks. Unlike existing methods, our approach enables us to demonstrate that the retained connections are indeed relevant to the given task.",
    "paper_type": "method",
    "attri": {
        "background": "Pruning large neural networks while maintaining their performance is often desirable due to the reduced space and time complexity. Existing methods rely on iterative optimization procedures with heuristically designed pruning schedules or additional hyperparameters, which limits their utility.",
        "problem": {
            "definition": "The paper aims to solve the challenge of effectively pruning neural networks while retaining their performance, specifically addressing the limitations of existing iterative methods.",
            "key obstacle": "The main challenge is the reliance on complex pruning schedules and additional hyperparameters in existing methods, which complicates the pruning process and reduces its effectiveness."
        },
        "idea": {
            "intuition": "The idea is inspired by the need for a more straightforward pruning method that does not require pretraining or complex schedules, focusing on structural importance based on connection sensitivity.",
            "opinion": "The proposed idea entails pruning a network once at initialization based on a saliency criterion that identifies important connections for the task, simplifying the process significantly.",
            "innovation": "The primary innovation is the introduction of a single-shot pruning method that eliminates the need for iterative optimization and complex schedules, thereby making it robust to architecture variations."
        },
        "method": {
            "method name": "Single-shot network pruning based on connection sensitivity",
            "method abbreviation": "SNIP",
            "method definition": "SNIP prunes a neural network once at initialization by applying a saliency criterion based on connection sensitivity to identify important connections.",
            "method description": "The method prunes the network at initialization and trains the sparse network in a standard manner, achieving high sparsity with maintained accuracy.",
            "principle": "The effectiveness of this method lies in its ability to retain connections that are structurally important for the given task, ensuring performance is not compromised."
        },
        "experiments": {
            "evaluation setting": "The experiments were conducted on the MNIST, CIFAR-10, and Tiny-ImageNet classification tasks, comparing the performance of the pruned networks against reference networks.",
            "evaluation method": "Performance was assessed by measuring the accuracy of the sparse networks after training, ensuring that they maintained virtually the same accuracy as the original networks."
        },
        "conclusion": "The proposed method demonstrates that extremely sparse networks can be obtained while retaining performance, making it broadly applicable across various neural network architectures.",
        "discussion": {
            "advantage": "The key advantages include the elimination of complex pruning schedules and pretraining, leading to a simpler and more efficient pruning process.",
            "limitation": "One limitation may be the potential for not all important connections to be retained if the saliency criterion does not capture all relevant aspects.",
            "future work": "Future research could explore enhancements to the saliency criterion and its applicability to other types of neural network architectures."
        },
        "other info": {}
    },
    "mount_outline": [
        {
            "section number": "1.1",
            "key information": "Pruning large neural networks while maintaining their performance is often desirable due to the reduced space and time complexity."
        },
        {
            "section number": "1.2",
            "key information": "The paper addresses the challenge of effectively pruning neural networks while retaining their performance, specifically focusing on the limitations of existing iterative methods."
        },
        {
            "section number": "2.3",
            "key information": "The proposed method, Single-shot network pruning based on connection sensitivity (SNIP), prunes a neural network once at initialization by applying a saliency criterion to identify important connections."
        },
        {
            "section number": "3.1",
            "key information": "The main challenge in existing methods is the reliance on complex pruning schedules and additional hyperparameters, which complicates the pruning process and reduces its effectiveness."
        },
        {
            "section number": "4.1",
            "key information": "Performance was assessed by measuring the accuracy of the sparse networks after training, ensuring that they maintained virtually the same accuracy as the original networks."
        },
        {
            "section number": "5.1",
            "key information": "The key advantages of the proposed method include the elimination of complex pruning schedules and pretraining, leading to a simpler and more efficient pruning process."
        },
        {
            "section number": "6.3",
            "key information": "Future research could explore enhancements to the saliency criterion and its applicability to other types of neural network architectures."
        }
    ],
    "similarity_score": null,
    "image": null,
    "path": "/home/liudingyuan/code/SurveyX/code/SurveyX-main/outputs/t14/papers/SNIP_ Single-shot network pruning based on connection sensitivity.json"
}