{
    "from": null,
    "scholar_id": null,
    "detail_id": null,
    "title": "Soft filter pruning for accelerating deep convolutional neural networks",
    "abstract": "This paper proposed a Soft Filter Pruning (SFP) method to accelerate the inference procedure of deep Convolutional Neural Networks (CNNs). Specifically, the proposed SFP enables the pruned filters to be updated when training the model after pruning. SFP has two advantages over previous works: (1) Larger model capacity. Updating previously pruned filters provides our approach with larger optimization space than fixing the filters to zero. Therefore, the network trained by our method has a larger model capacity to learn from the training data. (2) Less dependence on the pretrained model. Large capacity enables SFP to train from scratch and prune the model simultaneously. In contrast, previous filter pruning methods should be conducted on the basis of the pre-trained model to guarantee their performance. Empirically, SFP from scratch outperforms the previous filter pruning methods. Moreover, our approach has been demonstrated effective for many advanced CNN architectures. Notably, on ILSCRC-2012, SFP reduces more than 42% FLOPs on ResNet-101 with even 0.2% top-5 accuracy improvement, which has advanced the state-of-the-art. Code is publicly available on GitHub: https://github.com/he-y/softfilter-pruning",
    "arxivid": "1808.06866v1",
    "bib_name": "Softfilter68",
    "md_text": "# Soft filter pruning for accelerating deep convolutional neural networks\n\n\nabstract\n\nThis paper proposed a Soft Filter Pruning (SFP) method to accelerate the inference procedure of deep Convolutional Neural Networks (CNNs). Specifically, the proposed SFP enables the pruned filters to be updated when training the model after pruning. SFP has two advantages over previous works: (1) Larger model capacity. Updating previously pruned filters provides our approach with larger optimization space than fixing the filters to zero. Therefore, the network trained by our method has a larger model capacity to learn from the training data. (2) Less dependence on the pretrained model. Large capacity enables SFP to train from scratch and prune the model simultaneously. In contrast, previous filter pruning methods should be conducted on the basis of the pre-trained model to guarantee their performance. Empirically, SFP from scratch outperforms the previous filter pruning methods. Moreover, our approach has been demonstrated effective for many advanced CNN architectures. Notably, on ILSCRC-2012, SFP reduces more than 42% FLOPs on ResNet-101 with even 0.2% top-5 accuracy improvement, which has advanced the state-of-the-art. Code is publicly available on GitHub: https://github.com/he-y/softfilter-pruning",
    "paper_type": "method",
    "attri": {
        "background": "This paper addresses the issue of accelerating the inference procedure of deep Convolutional Neural Networks (CNNs) through a new method called Soft Filter Pruning (SFP), which allows pruned filters to be updated during training, thus overcoming limitations of previous filter pruning methods that relied on fixed filters and pre-trained models.",
        "problem": {
            "definition": "The problem being addressed is the inefficiency of deep CNNs during inference, particularly the need for methods that can effectively reduce the computational load without sacrificing accuracy.",
            "key obstacle": "The main difficulty lies in the reliance on pre-trained models for filter pruning, which limits the model's capacity to learn and adapt during training."
        },
        "idea": {
            "intuition": "The idea originated from the observation that allowing pruned filters to be updated during training can enhance the model's learning capacity and optimization space.",
            "opinion": "The proposed Soft Filter Pruning method entails pruning filters while simultaneously training the network, thus allowing for a more flexible and efficient learning process.",
            "innovation": "The primary difference between SFP and existing approaches is its ability to update pruned filters during training, which provides a larger optimization space and reduces dependence on pre-trained models."
        },
        "method": {
            "method name": "Soft Filter Pruning",
            "method abbreviation": "SFP",
            "method definition": "SFP is a method that allows for the pruning of filters in deep CNNs while updating the pruned filters during the training process, thereby enhancing model capacity and learning efficiency.",
            "method description": "The core of the method involves the simultaneous training and pruning of filters, leading to improved performance and reduced computational load.",
            "method steps": "1. Initialize the CNN model. 2. Prune the filters based on certain criteria. 3. Update the pruned filters during the training phase. 4. Evaluate the model performance and iterate as necessary.",
            "principle": "This method is effective because it allows for a larger optimization space and greater flexibility in learning, leading to better performance compared to methods that fix pruned filters."
        },
        "experiments": {
            "evaluation setting": "The experiments were conducted using advanced CNN architectures, specifically evaluating SFP on the ILSCRC-2012 dataset, with comparisons made against baseline methods.",
            "evaluation method": "The performance of SFP was assessed by measuring the reduction in FLOPs and the top-5 accuracy of the model, demonstrating its effectiveness in both computational efficiency and accuracy."
        },
        "conclusion": "The outcomes of the experiments indicate that SFP significantly reduces computational load (over 42% FLOPs) on ResNet-101 while improving top-5 accuracy by 0.2%, showcasing its potential to advance state-of-the-art performance in deep CNNs.",
        "discussion": {
            "advantage": "Key advantages of SFP include its larger model capacity due to filter updates during training and reduced reliance on pre-trained models, allowing for more flexible and effective training.",
            "limitation": "One limitation of the method may be the complexity involved in managing filter updates during training, which could require careful tuning and optimization.",
            "future work": "Future research could explore further optimizations in the pruning criteria, as well as applications of SFP to other architectures and datasets to enhance its versatility and effectiveness."
        },
        "other info": {
            "Code availability": "The code for the Soft Filter Pruning method is publicly available on GitHub: https://github.com/he-y/softfilter-pruning"
        }
    },
    "mount_outline": [
        {
            "section number": "1.1",
            "key information": "Pruning in deep neural networks enhances model efficiency and performance by reducing computational load without sacrificing accuracy."
        },
        {
            "section number": "2.2",
            "key information": "Soft Filter Pruning (SFP) is a method that allows for the pruning of filters in deep CNNs while updating the pruned filters during the training process, thereby enhancing model capacity and learning efficiency."
        },
        {
            "section number": "2.3",
            "key information": "The Soft Filter Pruning method addresses the inefficiency of deep CNNs during inference, allowing pruned filters to be updated during training, which overcomes limitations of previous fixed filter pruning methods."
        },
        {
            "section number": "3.2",
            "key information": "SFP represents a novel pruning approach that enhances model learning capacity by allowing filter updates during training, distinguishing it from traditional methods."
        },
        {
            "section number": "4.1",
            "key information": "The effectiveness of SFP is evaluated by measuring the reduction in FLOPs and the top-5 accuracy of the model, demonstrating its computational efficiency and accuracy retention."
        },
        {
            "section number": "5.1",
            "key information": "SFP significantly reduces computational load (over 42% FLOPs) on ResNet-101 while improving top-5 accuracy by 0.2%, illustrating the trade-offs between model size and accuracy."
        },
        {
            "section number": "6.1",
            "key information": "Best practices for implementing effective pruning in neural networks include using methods like Soft Filter Pruning that allow for filter updates during training."
        },
        {
            "section number": "6.2",
            "key information": "Challenges in neural network pruning include the complexity involved in managing filter updates during training, which may require careful tuning and optimization."
        },
        {
            "section number": "6.3",
            "key information": "Future research could explore further optimizations in the pruning criteria and applications of SFP to other architectures and datasets to enhance its versatility and effectiveness."
        }
    ],
    "similarity_score": null,
    "image": null,
    "path": "/home/liudingyuan/code/SurveyX/code/SurveyX-main/outputs/t14/papers/Soft filter pruning for accelerating deep convolutional neural networks.json"
}