{
    "from": null,
    "scholar_id": null,
    "detail_id": null,
    "title": "Sora: A review on background, technology, limitations, and opportunities of large vision models",
    "abstract": "Sora is a text-to-video generative AI model, released by OpenAI in February 2024. The model is trained to generate videos of realistic or imaginative scenes from text instructions and show potential in simulating the physical world. Based on public technical reports and reverse engineering, this paper presents a comprehensive review of the model's background, related technologies, applications, remaining challenges, and future directions of text-to-video AI models. We first trace Sora's development and investigate the underlying technologies used to build this\"world simulator\". Then, we describe in detail the applications and potential impact of Sora in multiple industries ranging from film-making and education to marketing. We discuss the main challenges and limitations that need to be addressed to widely deploy Sora, such as ensuring safe and unbiased video generation. Lastly, we discuss the future development of Sora and video generation models in general, and how advancements in the field could enable new ways of human-AI interaction, boosting productivity and creativity of video generation.",
    "arxivid": "2402.17177v3",
    "bib_name": "Sora:Arevi6",
    "md_text": "# Sora: A review on background, technology, limitations, and opportunities of large vision models\n\n\nabstract\n\nSora is a text-to-video generative AI model, released by OpenAI in February 2024. The model is trained to generate videos of realistic or imaginative scenes from text instructions and show potential in simulating the physical world. Based on public technical reports and reverse engineering, this paper presents a comprehensive review of the model's background, related technologies, applications, remaining challenges, and future directions of text-to-video AI models. We first trace Sora's development and investigate the underlying technologies used to build this\"world simulator\". Then, we describe in detail the applications and potential impact of Sora in multiple industries ranging from film-making and education to marketing. We discuss the main challenges and limitations that need to be addressed to widely deploy Sora, such as ensuring safe and unbiased video generation. Lastly, we discuss the future development of Sora and video generation models in general, and how advancements in the field could enable new ways of human-AI interaction, boosting productivity and creativity of video generation.",
    "paper_type": "survey",
    "attri": {
        "background": {
            "purpose": "This survey aims to provide a comprehensive review of the Sora model, addressing the technological advancements, applications, and challenges in text-to-video generative AI, thereby filling knowledge gaps in the understanding of its impact and limitations.",
            "scope": "The survey covers the development of the Sora model, its underlying technologies, applications across various industries, and challenges in video generation. It excludes unrelated AI models and technologies that do not pertain to text-to-video generation, focusing specifically on the advancements and issues relevant to Sora."
        },
        "problem": {
            "definition": "The core issue explored in this survey is the effectiveness and limitations of text-to-video generative AI models, specifically the Sora model, in producing realistic and imaginative video content from text instructions.",
            "key obstacle": "Primary challenges include ensuring safe and unbiased video generation, addressing ethical concerns, and overcoming technical limitations that hinder the widespread deployment of such models."
        },
        "architecture": {
            "perspective": "The survey introduces a framework for categorizing the existing research and technologies related to text-to-video generation, focusing on the evolution of the Sora model and its comparative advantages over previous models.",
            "fields": "The survey organizes current methods into fields such as technology development, application in various industries (film-making, education, marketing), and the challenges faced in deploying these models effectively."
        },
        "conclusion": {
            "comparisions": "The analysis compares Sora with other text-to-video models in terms of effectiveness, approach, and outcomes, highlighting Sora's unique capabilities and areas where it excels or falls short.",
            "results": "Key takeaways include the potential of Sora to revolutionize video generation and human-AI interaction, along with the recognition of significant challenges that must be addressed for its successful implementation."
        },
        "discussion": {
            "advantage": "The existing research demonstrates significant advancements in video generation capabilities, showcasing Sora's potential to enhance productivity and creativity in various fields.",
            "limitation": "Current studies face limitations such as biases in generated content, ethical concerns, and technical challenges that restrict the quality and applicability of generated videos.",
            "gaps": "Unanswered questions remain regarding the ethical implications of video generation, the need for unbiased AI models, and the exploration of novel applications in emerging industries.",
            "future work": "Future research should focus on improving the safety and fairness of AI-generated content, exploring new applications for Sora, and developing frameworks for ethical AI use in video generation."
        },
        "other info": {
            "release_date": "February 2024",
            "model_type": "text-to-video generative AI",
            "developed_by": "OpenAI"
        }
    },
    "mount_outline": [
        {
            "section number": "1.1",
            "key information": "The survey addresses the technological advancements, applications, and challenges in text-to-video generative AI, filling knowledge gaps in understanding its impact and limitations."
        },
        {
            "section number": "1.2",
            "key information": "The scope of the survey covers the development of the Sora model, its underlying technologies, applications across various industries, and challenges in video generation."
        },
        {
            "section number": "2.1",
            "key information": "The survey introduces a framework for categorizing existing research and technologies related to text-to-video generation, focusing on the evolution of the Sora model."
        },
        {
            "section number": "2.2",
            "key information": "The survey organizes current methods into fields such as technology development, application in various industries (film-making, education, marketing), and challenges faced in deploying these models effectively."
        },
        {
            "section number": "5.2",
            "key information": "Primary challenges include ensuring safe and unbiased video generation, addressing ethical concerns, and overcoming technical limitations that hinder widespread deployment."
        },
        {
            "section number": "6.3",
            "key information": "Future research should focus on improving the safety and fairness of AI-generated content, exploring new applications for Sora, and developing frameworks for ethical AI use in video generation."
        }
    ],
    "similarity_score": null,
    "image": null,
    "path": "/home/liudingyuan/code/SurveyX/code/SurveyX-main/outputs/t14/papers/Sora_ A review on background, technology, limitations, and opportunities of large vision models.json"
}