{
    "from": null,
    "scholar_id": null,
    "detail_id": null,
    "title": "SOSP: Efficiently capturing global correlations by second-order structured pruning",
    "abstract": "Pruning neural networks reduces inference time and memory costs. On standard hardware, these benefits will be especially prominent if coarse-grained structures, like feature maps, are pruned. We devise two novel saliency-based methods for second-order structured pruning (SOSP) which include correlations among all structures and layers. Our main method SOSP-H employs an innovative second-order approximation, which enables saliency evaluations by fast Hessian-vector products. SOSP-H thereby scales like a first-order method despite taking into account the full Hessian. We validate SOSP-H by comparing it to our second method SOSP-I that uses a well-established Hessian approximation, and to numerous state-of-the-art methods. While SOSP-H performs on par or better in terms of accuracy, it has clear advantages in terms of scalability and efficiency. This allowed us to scale SOSP-H to large-scale vision tasks, even though it captures correlations across all layers of the network. To underscore the global nature of our pruning methods, we evaluate their performance not only by removing structures from a pretrained network, but also by detecting architectural bottlenecks. We show that our algorithms allow to systematically reveal architectural bottlenecks, which we then remove to further increase the accuracy of the networks.",
    "arxivid": "2110.11395v2",
    "bib_name": "SOSP:Effic55",
    "md_text": "# SOSP: Efficiently capturing global correlations by second-order structured pruning\n\n\nabstract\n\nPruning neural networks reduces inference time and memory costs. On standard hardware, these benefits will be especially prominent if coarse-grained structures, like feature maps, are pruned. We devise two novel saliency-based methods for second-order structured pruning (SOSP) which include correlations among all structures and layers. Our main method SOSP-H employs an innovative second-order approximation, which enables saliency evaluations by fast Hessian-vector products. SOSP-H thereby scales like a first-order method despite taking into account the full Hessian. We validate SOSP-H by comparing it to our second method SOSP-I that uses a well-established Hessian approximation, and to numerous state-of-the-art methods. While SOSP-H performs on par or better in terms of accuracy, it has clear advantages in terms of scalability and efficiency. This allowed us to scale SOSP-H to large-scale vision tasks, even though it captures correlations across all layers of the network. To underscore the global nature of our pruning methods, we evaluate their performance not only by removing structures from a pretrained network, but also by detecting architectural bottlenecks. We show that our algorithms allow to systematically reveal architectural bottlenecks, which we then remove to further increase the accuracy of the networks.",
    "paper_type": "method",
    "attri": {
        "background": "Pruning neural networks reduces inference time and memory costs. Previous methods have primarily focused on first-order pruning approaches, which do not fully capture the correlations among structures and layers, necessitating a new approach for more effective pruning.",
        "problem": {
            "definition": "The problem addressed in this paper is the inefficiency of current pruning methods in capturing global correlations among neural network structures, which limits their effectiveness in reducing inference time and memory usage.",
            "key obstacle": "The core obstacle is the inability of existing methods to account for second-order correlations, leading to suboptimal pruning decisions that do not leverage the full potential of neural network architectures."
        },
        "idea": {
            "intuition": "The idea stems from the observation that incorporating second-order information can significantly enhance the effectiveness of pruning by better understanding the interactions between different layers and structures.",
            "opinion": "The proposed idea involves two novel saliency-based methods for second-order structured pruning, named SOSP-H and SOSP-I, which aim to efficiently capture global correlations in neural networks.",
            "innovation": "The key innovation of SOSP-H lies in its use of a second-order approximation that enables fast Hessian-vector products, allowing the method to scale like a first-order approach while considering the full Hessian."
        },
        "method": {
            "method name": "Second-Order Structured Pruning",
            "method abbreviation": "SOSP",
            "method definition": "SOSP is a saliency-based pruning method that incorporates second-order information to evaluate the importance of structures in neural networks, allowing for more effective pruning.",
            "method description": "SOSP employs a second-order approximation to evaluate saliency, facilitating efficient pruning of neural networks while maintaining high accuracy.",
            "method steps": "1. Compute Hessian-vector products to obtain second-order information. 2. Evaluate the saliency of structures based on this information. 3. Prune less important structures based on saliency scores. 4. Validate the pruned model's performance.",
            "principle": "The effectiveness of SOSP is rooted in its ability to leverage second-order correlations, which provides a more comprehensive understanding of the interactions within the neural network, leading to better pruning decisions."
        },
        "experiments": {
            "evaluation setting": "The experimental setup includes comparisons against state-of-the-art methods and evaluations on large-scale vision tasks using a pretrained network.",
            "evaluation method": "Performance is assessed by measuring accuracy and scalability of the pruned models, analyzing the impact of the pruning on inference time and memory usage."
        },
        "conclusion": "The experiments demonstrate that SOSP-H not only matches or exceeds the accuracy of existing methods but also offers significant advantages in scalability and efficiency, effectively addressing the problem of capturing global correlations.",
        "discussion": {
            "advantage": "The primary advantage of SOSP is its ability to efficiently capture second-order correlations, leading to more effective pruning and improved performance on large-scale tasks.",
            "limitation": "One limitation of the SOSP method is that it may require more computational resources for the Hessian-vector product calculations compared to first-order methods.",
            "future work": "Future research could explore further optimizations in the Hessian approximation process and investigate the application of SOSP to other types of neural network architectures."
        },
        "other info": {
            "info1": "SOSP-H is validated against SOSP-I, demonstrating its superior performance.",
            "info2": {
                "info2.1": "The method allows for systematic identification and removal of architectural bottlenecks.",
                "info2.2": "SOSP can be applied across various layers of the network for comprehensive pruning."
            }
        }
    },
    "mount_outline": [
        {
            "section number": "1.1",
            "key information": "Pruning neural networks reduces inference time and memory costs, contributing to model efficiency and performance."
        },
        {
            "section number": "2.3",
            "key information": "The proposed method, Second-Order Structured Pruning (SOSP), incorporates second-order information to evaluate the importance of structures in neural networks, allowing for more effective pruning."
        },
        {
            "section number": "3.2",
            "key information": "SOSP-H and SOSP-I are novel saliency-based methods for second-order structured pruning that enhance the effectiveness of pruning by capturing global correlations in neural networks."
        },
        {
            "section number": "4.3",
            "key information": "The experiments demonstrate that SOSP-H matches or exceeds the accuracy of existing methods while offering significant advantages in scalability and efficiency."
        },
        {
            "section number": "5.3",
            "key information": "The SOSP method effectively addresses the problem of capturing global correlations, leading to improved performance on large-scale tasks."
        },
        {
            "section number": "6.1",
            "key information": "The method allows for systematic identification and removal of architectural bottlenecks, recommending strategies for effective pruning in neural networks."
        },
        {
            "section number": "6.3",
            "key information": "Future research could explore further optimizations in the Hessian approximation process and investigate the application of SOSP to other types of neural network architectures."
        }
    ],
    "similarity_score": null,
    "image": null,
    "path": "/home/liudingyuan/code/SurveyX/code/SurveyX-main/outputs/t14/papers/SOSP_ Efficiently capturing global correlations by second-order structured pruning.json"
}