{
    "from": null,
    "scholar_id": null,
    "detail_id": null,
    "title": "Sparse training via boosting pruning plasticity with neuroregeneration",
    "abstract": "Works on lottery ticket hypothesis (LTH) and single-shot network pruning (SNIP) have raised a lot of attention currently on post-training pruning (iterative magnitude pruning), and before-training pruning (pruning at initialization). The former method suffers from an extremely large computation cost and the latter usually struggles with insufficient performance. In comparison, during-training pruning, a class of pruning methods that simultaneously enjoys the training/inference efficiency and the comparable performance, temporarily, has been less explored. To better understand during-training pruning, we quantitatively study the effect of pruning throughout training from the perspective of pruning plasticity (the ability of the pruned networks to recover the original performance). Pruning plasticity can help explain several other empirical observations about neural network pruning in literature. We further find that pruning plasticity can be substantially improved by injecting a brain-inspired mechanism called neuroregeneration, i.e., to regenerate the same number of connections as pruned. We design a novel gradual magnitude pruning (GMP) method, named gradual pruning with zero-cost neuroregeneration (\\textbf{GraNet}), that advances state of the art. Perhaps most impressively, its sparse-to-sparse version for the first time boosts the sparse-to-sparse training performance over various dense-to-sparse methods with ResNet-50 on ImageNet without extending the training time. We release all codes in https://github.com/Shiweiliuiiiiiii/GraNet.",
    "arxivid": "2106.10404v4",
    "bib_name": "Sparsetrai73",
    "md_text": "# Sparse training via boosting pruning plasticity with neuroregeneration\n\n\nabstract\n\nWorks on lottery ticket hypothesis (LTH) and single-shot network pruning (SNIP) have raised a lot of attention currently on post-training pruning (iterative magnitude pruning), and before-training pruning (pruning at initialization). The former method suffers from an extremely large computation cost and the latter usually struggles with insufficient performance. In comparison, during-training pruning, a class of pruning methods that simultaneously enjoys the training/inference efficiency and the comparable performance, temporarily, has been less explored. To better understand during-training pruning, we quantitatively study the effect of pruning throughout training from the perspective of pruning plasticity (the ability of the pruned networks to recover the original performance). Pruning plasticity can help explain several other empirical observations about neural network pruning in literature. We further find that pruning plasticity can be substantially improved by injecting a brain-inspired mechanism called neuroregeneration, i.e., to regenerate the same number of connections as pruned. We design a novel gradual magnitude pruning (GMP) method, named gradual pruning with zero-cost neuroregeneration (\\textbf{GraNet}), that advances state of the art. Perhaps most impressively, its sparse-to-sparse version for the first time boosts the sparse-to-sparse training performance over various dense-to-sparse methods with ResNet-50 on ImageNet without extending the training time. We release all codes in https://github.com/Shiweiliuiiiiiii/GraNet.",
    "paper_type": "method",
    "attri": {
        "background": "This paper addresses the issue of enhancing the efficiency and performance of neural network pruning during training, contrasting it with previous methods that either incur high computational costs or yield insufficient performance.",
        "problem": {
            "definition": "The problem centers on the limitations of existing pruning methods, particularly the high computational cost of post-training pruning and the inadequate performance of before-training pruning.",
            "key obstacle": "The core obstacle is the lack of effective methods for pruning during training that can maintain performance while improving efficiency."
        },
        "idea": {
            "intuition": "The idea is inspired by the concept of pruning plasticity, which refers to the ability of pruned networks to recover their original performance.",
            "opinion": "The proposed idea involves a novel gradual magnitude pruning method that incorporates neuroregeneration to improve pruning plasticity.",
            "innovation": "The key innovation lies in the introduction of neuroregeneration, allowing the pruned networks to regenerate connections, which significantly enhances their performance during training."
        },
        "method": {
            "method name": "Gradual Pruning with Zero-Cost Neuroregeneration",
            "method abbreviation": "GraNet",
            "method definition": "GraNet is a pruning method designed to enhance neural network performance during training by regenerating connections that have been pruned.",
            "method description": "The method focuses on gradually pruning network connections while simultaneously regenerating them to maintain performance.",
            "principle": "This method is effective because it leverages the concept of pruning plasticity and neuroregeneration, allowing networks to adapt and recover performance even as they become sparser."
        },
        "experiments": {
            "evaluation setting": "The experiments were conducted using ResNet-50 on the ImageNet dataset, comparing GraNet's performance against various dense-to-sparse methods.",
            "evaluation method": "Performance was measured by assessing the training efficiency and accuracy of the models before and after applying the GraNet method."
        },
        "conclusion": "The results indicate that GraNet significantly boosts sparse-to-sparse training performance without extending training time, representing a notable advancement in pruning techniques.",
        "discussion": {
            "advantage": "The primary advantage of GraNet is its ability to enhance performance during training while maintaining computational efficiency, outperforming existing methods.",
            "limitation": "One limitation of the method may involve its dependence on the specific architecture of the neural network and the conditions of the dataset used.",
            "future work": "Future research could explore the application of GraNet to other network architectures and datasets, as well as further optimization of the neuroregeneration mechanism."
        },
        "other info": []
    },
    "mount_outline": [
        {
            "section number": "1.1",
            "key information": "Pruning enhances the efficiency and performance of neural networks, addressing the limitations of existing methods that incur high computational costs or yield insufficient performance."
        },
        {
            "section number": "2.3",
            "key information": "The paper defines pruning plasticity as the ability of pruned networks to recover their original performance, introducing a gradual magnitude pruning method that incorporates neuroregeneration."
        },
        {
            "section number": "3.2",
            "key information": "The proposed method, Gradual Pruning with Zero-Cost Neuroregeneration (GraNet), represents a novel approach to pruning that allows for regeneration of connections, significantly enhancing performance during training."
        },
        {
            "section number": "4.3",
            "key information": "GraNet significantly boosts sparse-to-sparse training performance without extending training time, indicating a notable advancement in pruning techniques compared to dense-to-sparse methods."
        },
        {
            "section number": "5.3",
            "key information": "The GraNet method enhances performance during training while maintaining computational efficiency, demonstrating its impact on overall model performance."
        },
        {
            "section number": "6.1",
            "key information": "Best practices in neural network pruning can include the application of the GraNet method, which focuses on gradually pruning and regenerating connections to maintain performance."
        },
        {
            "section number": "6.3",
            "key information": "Future research could explore the application of GraNet to other network architectures and datasets, as well as further optimization of the neuroregeneration mechanism."
        }
    ],
    "similarity_score": null,
    "image": null,
    "path": "/home/liudingyuan/code/SurveyX/code/SurveyX-main/outputs/t14/papers/Sparse training via boosting pruning plasticity with neuroregeneration.json"
}