{
    "from": null,
    "scholar_id": null,
    "detail_id": null,
    "title": "Sparks of large audio models: A survey and outlook",
    "abstract": "This survey paper provides a comprehensive overview of the recent advancements and challenges in applying large language models to the field of audio signal processing. Audio processing, with its diverse signal representations and a wide range of sources--from human voices to musical instruments and environmental sounds--poses challenges distinct from those found in traditional Natural Language Processing scenarios. Nevertheless, \\textit{Large Audio Models}, epitomized by transformer-based architectures, have shown marked efficacy in this sphere. By leveraging massive amount of data, these models have demonstrated prowess in a variety of audio tasks, spanning from Automatic Speech Recognition and Text-To-Speech to Music Generation, among others. Notably, recently these Foundational Audio Models, like SeamlessM4T, have started showing abilities to act as universal translators, supporting multiple speech tasks for up to 100 languages without any reliance on separate task-specific systems. This paper presents an in-depth analysis of state-of-the-art methodologies regarding \\textit{Foundational Large Audio Models}, their performance benchmarks, and their applicability to real-world scenarios. We also highlight current limitations and provide insights into potential future research directions in the realm of \\textit{Large Audio Models} with the intent to spark further discussion, thereby fostering innovation in the next generation of audio-processing systems. Furthermore, to cope with the rapid development in this area, we will consistently update the relevant repository with relevant recent articles and their open-source implementations at https://github.com/EmulationAI/awesome-large-audio-models.",
    "arxivid": "2308.12792v3",
    "bib_name": "Sparksofla4",
    "md_text": "# Sparks of large audio models: A survey and outlook\n\n\nabstract\n\nThis survey paper provides a comprehensive overview of the recent advancements and challenges in applying large language models to the field of audio signal processing. Audio processing, with its diverse signal representations and a wide range of sources--from human voices to musical instruments and environmental sounds--poses challenges distinct from those found in traditional Natural Language Processing scenarios. Nevertheless, \\textit{Large Audio Models}, epitomized by transformer-based architectures, have shown marked efficacy in this sphere. By leveraging massive amount of data, these models have demonstrated prowess in a variety of audio tasks, spanning from Automatic Speech Recognition and Text-To-Speech to Music Generation, among others. Notably, recently these Foundational Audio Models, like SeamlessM4T, have started showing abilities to act as universal translators, supporting multiple speech tasks for up to 100 languages without any reliance on separate task-specific systems. This paper presents an in-depth analysis of state-of-the-art methodologies regarding \\textit{Foundational Large Audio Models}, their performance benchmarks, and their applicability to real-world scenarios. We also highlight current limitations and provide insights into potential future research directions in the realm of \\textit{Large Audio Models} with the intent to spark further discussion, thereby fostering innovation in the next generation of audio-processing systems. Furthermore, to cope with the rapid development in this area, we will consistently update the relevant repository with relevant recent articles and their open-source implementations at https://github.com/EmulationAI/awesome-large-audio-models.",
    "paper_type": "survey",
    "attri": {
        "background": {
            "purpose": "This survey aims to provide a comprehensive overview of advancements and challenges in applying large language models to audio signal processing, addressing knowledge gaps in this emerging field.",
            "scope": "The survey focuses on large audio models, particularly transformer-based architectures, and their applications in various audio tasks such as Automatic Speech Recognition, Text-To-Speech, and Music Generation. It excludes traditional Natural Language Processing scenarios and non-transformer-based models to maintain a concentrated analysis."
        },
        "problem": {
            "definition": "The core issue explored is the application of large audio models in processing diverse audio signals, which presents unique challenges compared to traditional NLP.",
            "key obstacle": "Primary challenges include the distinct nature of audio signals, the need for massive datasets, and the complexities involved in developing universal models that can handle multiple audio tasks across different languages."
        },
        "architecture": {
            "perspective": "The survey introduces a framework categorizing existing research on foundational large audio models and their performance benchmarks, emphasizing the efficacy of transformer-based architectures.",
            "fields/stages": "The survey organizes research into stages based on task types, including speech recognition, music generation, and universal translation capabilities, using criteria such as performance metrics and applicability to real-world scenarios."
        },
        "conclusion": {
            "comparisions": "The survey conducts a comparative analysis of various large audio models, highlighting differences in effectiveness and approach across tasks like speech recognition and music generation.",
            "results": "Key takeaways include the marked efficacy of large audio models in diverse audio tasks and the potential for universal models to revolutionize audio processing across multiple languages."
        },
        "discussion": {
            "advantage": "Strengths of existing research include significant advancements in model performance and the ability of large audio models to handle a wide range of audio tasks effectively.",
            "limitation": "Current research limitations include challenges in model generalization across tasks and the reliance on extensive datasets for training.",
            "gaps": "Unanswered questions remain regarding the integration of different audio tasks into a single framework and the scalability of models to handle real-world audio diversity.",
            "future work": "Future research directions may focus on improving model generalization, exploring novel architectures, and addressing the scalability of large audio models to enhance their applicability in real-world scenarios."
        },
        "other info": {
            "repository": "The authors will maintain a repository of relevant articles and open-source implementations at https://github.com/EmulationAI/awesome-large-audio-models."
        }
    },
    "mount_outline": [
        {
            "section number": "1.1",
            "key information": "The survey aims to provide a comprehensive overview of advancements and challenges in applying large language models to audio signal processing, addressing knowledge gaps in this emerging field."
        },
        {
            "section number": "1.2",
            "key information": "The survey focuses on large audio models, particularly transformer-based architectures, and their applications in various audio tasks such as Automatic Speech Recognition, Text-To-Speech, and Music Generation."
        },
        {
            "section number": "2.1",
            "key information": "The survey introduces a framework categorizing existing research on foundational large audio models and their performance benchmarks, emphasizing the efficacy of transformer-based architectures."
        },
        {
            "section number": "4.3",
            "key information": "The survey conducts a comparative analysis of various large audio models, highlighting differences in effectiveness and approach across tasks like speech recognition and music generation."
        },
        {
            "section number": "5.2",
            "key information": "Current research limitations include challenges in model generalization across tasks and the reliance on extensive datasets for training."
        },
        {
            "section number": "6.3",
            "key information": "Future research directions may focus on improving model generalization, exploring novel architectures, and addressing the scalability of large audio models to enhance their applicability in real-world scenarios."
        }
    ],
    "similarity_score": null,
    "image": null,
    "path": "/home/liudingyuan/code/SurveyX/code/SurveyX-main/outputs/t14/papers/Sparks of large audio models_ A survey and outlook.json"
}