{
    "from": null,
    "scholar_id": null,
    "detail_id": null,
    "title": "Sparse transfer learning via winning lottery tickets",
    "abstract": "The recently proposed Lottery Ticket Hypothesis of Frankle and Carbin (2019) suggests that the performance of over-parameterized deep networks is due to the random initialization seeding the network with a small fraction of favorable weights. These weights retain their dominant status throughout training -- in a very real sense, this sub-network \"won the lottery\" during initialization. The authors find sub-networks via unstructured magnitude pruning with 85-95% of parameters removed that train to the same accuracy as the original network at a similar speed, which they call winning tickets. In this paper, we extend the Lottery Ticket Hypothesis to a variety of transfer learning tasks. We show that sparse sub-networks with approximately 90-95% of weights removed achieve (and often exceed) the accuracy of the original dense network in several realistic settings. We experimentally validate this by transferring the sparse representation found via pruning on CIFAR-10 to SmallNORB and FashionMNIST for object recognition tasks.",
    "arxivid": "1905.07785v2",
    "bib_name": "Sparsetran95",
    "md_text": "# Sparse transfer learning via winning lottery tickets\n\n\nabstract\n\nThe recently proposed Lottery Ticket Hypothesis of Frankle and Carbin (2019) suggests that the performance of over-parameterized deep networks is due to the random initialization seeding the network with a small fraction of favorable weights. These weights retain their dominant status throughout training -- in a very real sense, this sub-network \"won the lottery\" during initialization. The authors find sub-networks via unstructured magnitude pruning with 85-95% of parameters removed that train to the same accuracy as the original network at a similar speed, which they call winning tickets. In this paper, we extend the Lottery Ticket Hypothesis to a variety of transfer learning tasks. We show that sparse sub-networks with approximately 90-95% of weights removed achieve (and often exceed) the accuracy of the original dense network in several realistic settings. We experimentally validate this by transferring the sparse representation found via pruning on CIFAR-10 to SmallNORB and FashionMNIST for object recognition tasks.",
    "paper_type": "method",
    "attri": {
        "background": "The paper discusses the Lottery Ticket Hypothesis, which posits that the performance of over-parameterized deep networks relies on a small fraction of favorable weights obtained through random initialization. Previous methods struggled to efficiently utilize these weights for transfer learning, necessitating a new approach.",
        "problem": {
            "definition": "The problem addressed is the inefficiency of existing transfer learning methods in leveraging the sparse sub-networks identified by the Lottery Ticket Hypothesis.",
            "key obstacle": "The main challenge is that traditional transfer learning techniques do not effectively utilize the winning tickets, leading to suboptimal performance in new tasks."
        },
        "idea": {
            "intuition": "The idea is inspired by the observation that certain sub-networks, when pruned, can retain their performance capabilities and transfer knowledge effectively across different tasks.",
            "opinion": "The proposed idea involves extending the Lottery Ticket Hypothesis to transfer learning, demonstrating that sparse sub-networks can achieve or exceed the performance of dense networks.",
            "innovation": "The primary innovation is the application of the Lottery Ticket Hypothesis to transfer learning, which allows for significant parameter reduction while maintaining or improving accuracy."
        },
        "method": {
            "method name": "Sparse Transfer Learning",
            "method abbreviation": "STL",
            "method definition": "Sparse Transfer Learning involves identifying and utilizing sparse sub-networks from over-parameterized models to enhance performance in new tasks.",
            "method description": "The method focuses on pruning networks to retain only the winning tickets, allowing for effective transfer learning with reduced parameters.",
            "method steps": "1. Apply unstructured magnitude pruning to identify winning tickets. 2. Transfer the sparse representation to new tasks. 3. Fine-tune the sparse network on the target dataset.",
            "principle": "This method is effective because it leverages the inherent strengths of the winning tickets, which have been shown to maintain their performance across different tasks."
        },
        "experiments": {
            "evaluation setting": "The experiments were conducted using CIFAR-10, SmallNORB, and FashionMNIST datasets, comparing the performance of sparse networks against their dense counterparts.",
            "evaluation method": "Performance was assessed by measuring accuracy on the target datasets after transferring the sparse representations."
        },
        "conclusion": "The experiments demonstrate that sparse sub-networks can achieve and often exceed the accuracy of the original dense networks, validating the extension of the Lottery Ticket Hypothesis to transfer learning.",
        "discussion": {
            "advantage": "The key advantage is the significant reduction in model size while maintaining high accuracy, making it more efficient for deployment in resource-constrained environments.",
            "limitation": "A limitation of the method is that it may not generalize well to all types of tasks, particularly those that require more complex representations.",
            "future work": "Future research could explore further optimization of the pruning process and investigate the applicability of this approach to a wider range of tasks and architectures."
        },
        "other info": {}
    },
    "mount_outline": [
        {
            "section number": "1.1",
            "key information": "The paper discusses the Lottery Ticket Hypothesis, which posits that the performance of over-parameterized deep networks relies on a small fraction of favorable weights obtained through random initialization."
        },
        {
            "section number": "2.3",
            "key information": "The proposed idea involves extending the Lottery Ticket Hypothesis to transfer learning, demonstrating that sparse sub-networks can achieve or exceed the performance of dense networks."
        },
        {
            "section number": "3.1",
            "key information": "The method focuses on pruning networks to retain only the winning tickets, allowing for effective transfer learning with reduced parameters."
        },
        {
            "section number": "4.1",
            "key information": "The main challenge is that traditional transfer learning techniques do not effectively utilize the winning tickets, leading to suboptimal performance in new tasks."
        },
        {
            "section number": "5.1",
            "key information": "The key advantage is the significant reduction in model size while maintaining high accuracy, making it more efficient for deployment in resource-constrained environments."
        },
        {
            "section number": "6.3",
            "key information": "Future research could explore further optimization of the pruning process and investigate the applicability of this approach to a wider range of tasks and architectures."
        }
    ],
    "similarity_score": null,
    "image": null,
    "path": "/home/liudingyuan/code/SurveyX/code/SurveyX-main/outputs/t14/papers/Sparse transfer learning via winning lottery tickets.json"
}