{
    "from": null,
    "scholar_id": null,
    "detail_id": null,
    "title": "Sparse networks from scratch: Faster training without losing performance",
    "abstract": "We demonstrate the possibility of what we call sparse learning: accelerated training of deep neural networks that maintain sparse weights throughout training while achieving dense performance levels. We accomplish this by developing sparse momentum, an algorithm which uses exponentially smoothed gradients (momentum) to identify layers and weights which reduce the error efficiently. Sparse momentum redistributes pruned weights across layers according to the mean momentum magnitude of each layer. Within a layer, sparse momentum grows weights according to the momentum magnitude of zero-valued weights. We demonstrate state-of-the-art sparse performance on MNIST, CIFAR-10, and ImageNet, decreasing the mean error by a relative 8%, 15%, and 6% compared to other sparse algorithms. Furthermore, we show that sparse momentum reliably reproduces dense performance levels while providing up to 5.61x faster training. In our analysis, ablations show that the benefits of momentum redistribution and growth increase with the depth and size of the network. Additionally, we find that sparse momentum is insensitive to the choice of its hyperparameters suggesting that sparse momentum is robust and easy to use.",
    "arxivid": "1907.04840v2",
    "bib_name": "Sparsenetw78",
    "md_text": "# Sparse networks from scratch: Faster training without losing performance\n\n\nabstract\n\nWe demonstrate the possibility of what we call sparse learning: accelerated training of deep neural networks that maintain sparse weights throughout training while achieving dense performance levels. We accomplish this by developing sparse momentum, an algorithm which uses exponentially smoothed gradients (momentum) to identify layers and weights which reduce the error efficiently. Sparse momentum redistributes pruned weights across layers according to the mean momentum magnitude of each layer. Within a layer, sparse momentum grows weights according to the momentum magnitude of zero-valued weights. We demonstrate state-of-the-art sparse performance on MNIST, CIFAR-10, and ImageNet, decreasing the mean error by a relative 8%, 15%, and 6% compared to other sparse algorithms. Furthermore, we show that sparse momentum reliably reproduces dense performance levels while providing up to 5.61x faster training. In our analysis, ablations show that the benefits of momentum redistribution and growth increase with the depth and size of the network. Additionally, we find that sparse momentum is insensitive to the choice of its hyperparameters suggesting that sparse momentum is robust and easy to use.",
    "paper_type": "method",
    "attri": {
        "background": "This paper addresses the issue of training deep neural networks efficiently while maintaining performance levels similar to dense networks. Previous methods struggled with training times and performance retention, highlighting the necessity for a new approach that can streamline training without sacrificing accuracy.",
        "problem": {
            "definition": "The problem this paper aims to solve is the inefficiency in training deep neural networks, particularly in maintaining performance while reducing the number of active weights.",
            "key obstacle": "The core obstacle is the challenge of achieving high performance with sparse weights, as existing methods often lead to a trade-off between speed and accuracy."
        },
        "idea": {
            "intuition": "The idea was inspired by the observation that momentum in training could be leveraged to efficiently manage weight sparsity without compromising performance.",
            "opinion": "The proposed idea involves the development of sparse momentum, which allows for the identification and redistribution of weights in a way that enhances training speed while preserving performance.",
            "innovation": "The primary innovation lies in the introduction of sparse momentum, which differentiates itself from existing methods by using momentum to selectively grow and redistribute weights, thus improving training efficiency and effectiveness."
        },
        "method": {
            "method name": "Sparse Momentum",
            "method abbreviation": "SM",
            "method definition": "Sparse momentum is an algorithm that applies exponentially smoothed gradients to manage weight sparsity in deep neural networks during training, optimizing for both speed and performance.",
            "method description": "The core of the method involves using momentum to identify and adjust weights dynamically, allowing for faster training with sparse networks.",
            "method steps": "1. Initialize weights with sparse values. 2. Apply momentum to gradients during training. 3. Redistribute pruned weights across layers based on momentum. 4. Grow weights of zero-valued weights according to their momentum magnitude.",
            "principle": "This method is effective because it harnesses the concept of momentum to ensure that weight adjustments are informed by past gradient information, enabling efficient error reduction even in sparse settings."
        },
        "experiments": {
            "evaluation setting": "The evaluation was conducted on standard datasets including MNIST, CIFAR-10, and ImageNet, comparing performance against other sparse algorithms.",
            "evaluation method": "Performance was measured by analyzing mean error rates and training times, with ablation studies conducted to assess the impact of momentum redistribution and growth."
        },
        "conclusion": "The experiments demonstrated that sparse momentum achieves state-of-the-art performance in sparse training, significantly reducing mean error rates while enabling up to 5.61x faster training compared to traditional methods.",
        "discussion": {
            "advantage": "The key advantages of the proposed approach include faster training times without loss of performance and robustness to hyperparameter choices, making it user-friendly.",
            "limitation": "One limitation noted is that the method's effectiveness may vary depending on network architecture and specific use cases, which could require further investigation.",
            "future work": "Future research could explore optimizing hyperparameters further and applying sparse momentum to different types of neural network architectures to assess its versatility."
        },
        "other info": []
    },
    "mount_outline": [
        {
            "section number": "1.1",
            "key information": "Pruning in deep neural networks contributes to model efficiency and performance by reducing the number of active weights without sacrificing accuracy."
        },
        {
            "section number": "2.2",
            "key information": "Sparse momentum is an algorithm that applies exponentially smoothed gradients to manage weight sparsity in deep neural networks during training, optimizing for both speed and performance."
        },
        {
            "section number": "2.3",
            "key information": "The proposed idea of sparse momentum allows for the identification and redistribution of weights in a way that enhances training speed while preserving performance."
        },
        {
            "section number": "4.1",
            "key information": "Performance was measured by analyzing mean error rates and training times, with ablation studies conducted to assess the impact of momentum redistribution and growth."
        },
        {
            "section number": "5.2",
            "key information": "The experiments demonstrated that sparse momentum achieves state-of-the-art performance in sparse training, significantly reducing mean error rates while enabling up to 5.61x faster training compared to traditional methods."
        },
        {
            "section number": "6.1",
            "key information": "The key advantages of the proposed approach include faster training times without loss of performance and robustness to hyperparameter choices, making it user-friendly."
        },
        {
            "section number": "6.3",
            "key information": "Future research could explore optimizing hyperparameters further and applying sparse momentum to different types of neural network architectures to assess its versatility."
        }
    ],
    "similarity_score": null,
    "image": null,
    "path": "/home/liudingyuan/code/SurveyX/code/SurveyX-main/outputs/t14/papers/Sparse networks from scratch_ Faster training without losing performance.json"
}