{
    "from": null,
    "scholar_id": null,
    "detail_id": null,
    "title": "Sparsity in deep learning: pruning and growth for efficient inference and training in neural networks",
    "abstract": "The growing energy and performance costs of deep learning have driven the community to reduce the size of neural networks by selectively pruning components. Similarly to their biological counterparts, sparse networks generalize just as well, if not better than, the original dense networks. Sparsity can reduce the memory footprint of regular networks to fit mobile devices, as well as shorten training time for ever growing networks. In this paper, we survey prior work on sparsity in deep learning and provide an extensive tutorial of sparsification for both inference and training. We describe approaches to remove and add elements of neural networks, different training strategies to achieve model sparsity, and mechanisms to exploit sparsity in practice. Our work distills ideas from more than 300 research papers and provides guidance to practitioners who wish to utilize sparsity today, as well as to researchers whose goal is to push the frontier forward. We include the necessary background on mathematical methods in sparsification, describe phenomena such as early structure adaptation, the intricate relations between sparsity and the training process, and show techniques for achieving acceleration on real hardware. We also define a metric of pruned parameter efficiency that could serve as a baseline for comparison of different sparse networks. We close by speculating on how sparsity can improve future workloads and outline major open problems in the field.",
    "arxivid": "2102.00554v1",
    "bib_name": "Sparsityin36",
    "md_text": "# Sparsity in deep learning: pruning and growth for efficient inference and training in neural networks\n\n\nabstract\n\nThe growing energy and performance costs of deep learning have driven the community to reduce the size of neural networks by selectively pruning components. Similarly to their biological counterparts, sparse networks generalize just as well, if not better than, the original dense networks. Sparsity can reduce the memory footprint of regular networks to fit mobile devices, as well as shorten training time for ever growing networks. In this paper, we survey prior work on sparsity in deep learning and provide an extensive tutorial of sparsification for both inference and training. We describe approaches to remove and add elements of neural networks, different training strategies to achieve model sparsity, and mechanisms to exploit sparsity in practice. Our work distills ideas from more than 300 research papers and provides guidance to practitioners who wish to utilize sparsity today, as well as to researchers whose goal is to push the frontier forward. We include the necessary background on mathematical methods in sparsification, describe phenomena such as early structure adaptation, the intricate relations between sparsity and the training process, and show techniques for achieving acceleration on real hardware. We also define a metric of pruned parameter efficiency that could serve as a baseline for comparison of different sparse networks. We close by speculating on how sparsity can improve future workloads and outline major open problems in the field.",
    "paper_type": "survey",
    "attri": {
        "background": {
            "purpose": "This survey aims to address the growing energy and performance costs associated with deep learning by exploring methods to reduce the size of neural networks through sparsity. It seeks to answer questions related to the effectiveness of sparse networks compared to dense networks and aims to fill knowledge gaps in sparsification techniques.",
            "scope": "The survey covers various approaches to sparsity in deep learning, including methods for removing and adding elements of neural networks, training strategies for achieving model sparsity, and practical mechanisms to exploit sparsity. It excludes topics unrelated to sparsification techniques and their applications in inference and training, focusing solely on methods that enhance efficiency."
        },
        "problem": {
            "definition": "The core issue explored in this survey is the challenge of managing the energy and performance costs of deep learning models while maintaining or improving their generalization capabilities through sparsity.",
            "key obstacle": "The primary challenges include the difficulty in effectively pruning neural networks without sacrificing performance, the complexity of training sparse networks, and the need for efficient exploitation of sparsity in real-world applications."
        },
        "architecture": {
            "perspective": "This survey introduces a framework for understanding sparsity in deep learning by categorizing existing research into methods for both pruning and growth of neural networks. It conceptualizes sparsity not just as a reduction technique but as a means to enhance model performance.",
            "fields/stages": "The survey organizes current methods into stages that include sparsification techniques, training strategies, and practical applications. Criteria for categorization include the effectiveness of methods, their applicability to different network architectures, and their performance on various hardware platforms."
        },
        "conclusion": {
            "comparisions": "The survey compares different sparsification methods and their effectiveness, highlighting that sparse networks can achieve comparable or better performance than dense networks while being more efficient in terms of resource usage.",
            "results": "Key takeaways include the potential of sparsity to significantly reduce memory footprint and training time, as well as the introduction of a metric for pruned parameter efficiency that can serve as a baseline for future comparisons in sparse network research."
        },
        "discussion": {
            "advantage": "The existing research has successfully demonstrated that sparse networks can generalize well and are capable of being efficiently deployed on resource-constrained devices, thus achieving significant performance gains.",
            "limitation": "Current studies often fall short in addressing the trade-offs between sparsity and model accuracy, and there is a lack of comprehensive guidelines for practitioners on implementing these methods effectively.",
            "gaps": "Unanswered questions include the optimal strategies for combining pruning and growth techniques and the exploration of sparsity in various types of neural architectures.",
            "future work": "Emerging trends suggest a need for further exploration into adaptive sparsity methods and the integration of sparsity with other optimization techniques. Future research should focus on developing more robust frameworks for evaluating the efficiency and effectiveness of sparse networks."
        },
        "other info": {
            "info1": "The survey distills ideas from over 300 research papers.",
            "info2": {
                "info2.1": "It provides a tutorial on sparsification for both inference and training.",
                "info2.2": "The paper includes discussions on early structure adaptation and the relationship between sparsity and the training process."
            }
        }
    },
    "mount_outline": [
        {
            "section number": "1.1",
            "key information": "This survey aims to address the growing energy and performance costs associated with deep learning by exploring methods to reduce the size of neural networks through sparsity."
        },
        {
            "section number": "1.2",
            "key information": "The survey covers various approaches to sparsity in deep learning, including methods for removing and adding elements of neural networks, training strategies for achieving model sparsity, and practical mechanisms to exploit sparsity."
        },
        {
            "section number": "2.2",
            "key information": "The core issue explored in this survey is the challenge of managing the energy and performance costs of deep learning models while maintaining or improving their generalization capabilities through sparsity."
        },
        {
            "section number": "3.1",
            "key information": "This survey introduces a framework for understanding sparsity in deep learning by categorizing existing research into methods for both pruning and growth of neural networks."
        },
        {
            "section number": "4.3",
            "key information": "The survey compares different sparsification methods and their effectiveness, highlighting that sparse networks can achieve comparable or better performance than dense networks while being more efficient in terms of resource usage."
        },
        {
            "section number": "6.2",
            "key information": "Current studies often fall short in addressing the trade-offs between sparsity and model accuracy, and there is a lack of comprehensive guidelines for practitioners on implementing these methods effectively."
        },
        {
            "section number": "6.3",
            "key information": "Future research should focus on developing more robust frameworks for evaluating the efficiency and effectiveness of sparse networks."
        }
    ],
    "similarity_score": null,
    "image": null,
    "path": "/home/liudingyuan/code/SurveyX/code/SurveyX-main/outputs/t14/papers/Sparsity in deep learning_ pruning and growth for efficient inference and training in neural networks.json"
}