{
    "from": null,
    "scholar_id": null,
    "detail_id": null,
    "title": "Structured pruning for deep convolutional neural networks: A survey",
    "abstract": "The remarkable performance of deep Convolutional neural networks (CNNs) is generally attributed to their deeper and wider architectures, which can come with significant computational costs. Pruning neural networks has thus gained interest since it effectively lowers storage and computational costs. In contrast to weight pruning, which results in unstructured models, structured pruning provides the benefit of realistic acceleration by producing models that are friendly to hardware implementation. The special requirements of structured pruning have led to the discovery of numerous new challenges and the development of innovative solutions. This article surveys the recent progress towards structured pruning of deep CNNs. We summarize and compare the state-of-the-art structured pruning techniques with respect to filter ranking methods, regularization methods, dynamic execution, neural architecture search, the lottery ticket hypothesis, and the applications of pruning. While discussing structured pruning algorithms, we briefly introduce the unstructured pruning counterpart to emphasize their differences. Furthermore, we provide insights into potential research opportunities in the field of structured pruning. A curated list of neural network pruning papers can be found at: https://github.com/he-y/Awesome-Pruning. A dedicated website offering a more interactive comparison of structured pruning methods can be found at: https://huggingface.co/spaces/he-yang/Structured-Pruning-Survey.",
    "arxivid": "2303.00566v2",
    "bib_name": "Structured30",
    "md_text": "# Structured pruning for deep convolutional neural networks: A survey\n\n\nabstract\n\nThe remarkable performance of deep Convolutional neural networks (CNNs) is generally attributed to their deeper and wider architectures, which can come with significant computational costs. Pruning neural networks has thus gained interest since it effectively lowers storage and computational costs. In contrast to weight pruning, which results in unstructured models, structured pruning provides the benefit of realistic acceleration by producing models that are friendly to hardware implementation. The special requirements of structured pruning have led to the discovery of numerous new challenges and the development of innovative solutions. This article surveys the recent progress towards structured pruning of deep CNNs. We summarize and compare the state-of-the-art structured pruning techniques with respect to filter ranking methods, regularization methods, dynamic execution, neural architecture search, the lottery ticket hypothesis, and the applications of pruning. While discussing structured pruning algorithms, we briefly introduce the unstructured pruning counterpart to emphasize their differences. Furthermore, we provide insights into potential research opportunities in the field of structured pruning. A curated list of neural network pruning papers can be found at: https://github.com/he-y/Awesome-Pruning. A dedicated website offering a more interactive comparison of structured pruning methods can be found at: https://huggingface.co/spaces/he-yang/Structured-Pruning-Survey.",
    "paper_type": "survey",
    "attri": {
        "background": {
            "purpose": "This survey aims to address the challenges and advancements in structured pruning of deep convolutional neural networks (CNNs), focusing on reducing computational costs while maintaining performance.",
            "scope": "The survey includes topics related to structured pruning techniques, filter ranking methods, regularization methods, dynamic execution, neural architecture search, and the lottery ticket hypothesis. It excludes unstructured pruning in detail but mentions it for comparative purposes."
        },
        "problem": {
            "definition": "The core issue being explored is the need for efficient pruning methods that reduce the computational and storage costs of deep CNNs without significantly degrading their performance.",
            "key obstacle": "Primary challenges include the development of structured pruning methods that can be effectively implemented in hardware while maintaining the integrity and performance of the neural networks."
        },
        "architecture": {
            "perspective": "The survey introduces a framework for categorizing structured pruning techniques based on various criteria such as filter ranking and regularization.",
            "fields/stages": "The survey organizes current methods into stages including filter ranking methods, regularization methods, dynamic execution, and neural architecture search, each addressing different aspects of structured pruning."
        },
        "conclusion": {
            "comparisions": "The comparative analysis highlights differences in effectiveness and approaches among various structured pruning techniques, illustrating how they impact model performance and efficiency.",
            "results": "Key takeaways include the identification of effective structured pruning methods and the acknowledgment of ongoing challenges that need to be addressed for future advancements."
        },
        "discussion": {
            "advantage": "Strengths of existing research include significant progress in structured pruning techniques that effectively reduce model size and improve computational efficiency.",
            "limitation": "Current studies often fall short in providing comprehensive solutions that balance pruning effectiveness with the performance of deep CNNs.",
            "gaps": "Unanswered questions remain regarding the optimal strategies for structured pruning and the integration of these techniques into various applications.",
            "future work": "Emerging trends suggest a need for more research into adaptive pruning methods and the exploration of new architectures that leverage structured pruning effectively."
        },
        "other info": {
            "links": {
                "curated list": "https://github.com/he-y/Awesome-Pruning",
                "interactive comparison": "https://huggingface.co/spaces/he-yang/Structured-Pruning-Survey"
            }
        }
    },
    "mount_outline": [
        {
            "section number": "1.1",
            "key information": "This survey aims to address the challenges and advancements in structured pruning of deep convolutional neural networks (CNNs), focusing on reducing computational costs while maintaining performance."
        },
        {
            "section number": "1.2",
            "key information": "The survey includes topics related to structured pruning techniques, filter ranking methods, regularization methods, dynamic execution, neural architecture search, and the lottery ticket hypothesis. It excludes unstructured pruning in detail but mentions it for comparative purposes."
        },
        {
            "section number": "2.3",
            "key information": "The core issue being explored is the need for efficient pruning methods that reduce the computational and storage costs of deep CNNs without significantly degrading their performance."
        },
        {
            "section number": "3.1",
            "key information": "The survey introduces a framework for categorizing structured pruning techniques based on various criteria such as filter ranking and regularization."
        },
        {
            "section number": "4.3",
            "key information": "The comparative analysis highlights differences in effectiveness and approaches among various structured pruning techniques, illustrating how they impact model performance and efficiency."
        },
        {
            "section number": "6.2",
            "key information": "Primary challenges include the development of structured pruning methods that can be effectively implemented in hardware while maintaining the integrity and performance of the neural networks."
        },
        {
            "section number": "6.3",
            "key information": "Unanswered questions remain regarding the optimal strategies for structured pruning and the integration of these techniques into various applications."
        },
        {
            "section number": "6.4",
            "key information": "Emerging trends suggest a need for more research into adaptive pruning methods and the exploration of new architectures that leverage structured pruning effectively."
        }
    ],
    "similarity_score": null,
    "image": null,
    "path": "/home/liudingyuan/code/SurveyX/code/SurveyX-main/outputs/t14/papers/Structured pruning for deep convolutional neural networks_ A survey.json"
}