{
    "from": null,
    "scholar_id": null,
    "detail_id": null,
    "title": "Structured pruning learns compact and accurate models",
    "abstract": "The growing size of neural language models has led to increased attention in model compression. The two predominant approaches are pruning, which gradually removes weights from a pre-trained model, and distillation, which trains a smaller compact model to match a larger one. Pruning methods can significantly reduce the model size but hardly achieve large speedups as distillation. However, distillation methods require large amounts of unlabeled data and are expensive to train. In this work, we propose a task-specific structured pruning method CoFi (Coarse- and Fine-grained Pruning), which delivers highly parallelizable subnetworks and matches the distillation methods in both accuracy and latency, without resorting to any unlabeled data. Our key insight is to jointly prune coarse-grained (e.g., layers) and fine-grained (e.g., heads and hidden units) modules, which controls the pruning decision of each parameter with masks of different granularity. We also devise a layerwise distillation strategy to transfer knowledge from unpruned to pruned models during optimization. Our experiments on GLUE and SQuAD datasets show that CoFi yields models with over 10X speedups with a small accuracy drop, showing its effectiveness and efficiency compared to previous pruning and distillation approaches.",
    "arxivid": "2204.00408v3",
    "bib_name": "Structured108",
    "md_text": "# Structured pruning learns compact and accurate models\n\n\nabstract\n\nThe growing size of neural language models has led to increased attention in model compression. The two predominant approaches are pruning, which gradually removes weights from a pre-trained model, and distillation, which trains a smaller compact model to match a larger one. Pruning methods can significantly reduce the model size but hardly achieve large speedups as distillation. However, distillation methods require large amounts of unlabeled data and are expensive to train. In this work, we propose a task-specific structured pruning method CoFi (Coarse- and Fine-grained Pruning), which delivers highly parallelizable subnetworks and matches the distillation methods in both accuracy and latency, without resorting to any unlabeled data. Our key insight is to jointly prune coarse-grained (e.g., layers) and fine-grained (e.g., heads and hidden units) modules, which controls the pruning decision of each parameter with masks of different granularity. We also devise a layerwise distillation strategy to transfer knowledge from unpruned to pruned models during optimization. Our experiments on GLUE and SQuAD datasets show that CoFi yields models with over 10X speedups with a small accuracy drop, showing its effectiveness and efficiency compared to previous pruning and distillation approaches.",
    "paper_type": "method",
    "attri": {
        "background": "The growing size of neural language models has led to increased attention in model compression, with pruning and distillation being the two predominant approaches. While pruning can significantly reduce model size, it struggles to achieve the speedups seen with distillation, which itself requires large amounts of unlabeled data and is costly to train. A new breakthrough is necessary to improve the efficiency and accuracy of model compression methods.",
        "problem": {
            "definition": "The problem addressed in this paper is the inefficiency of existing model compression methods, particularly the limitations of pruning in achieving speedups comparable to distillation while also requiring large amounts of unlabeled data.",
            "key obstacle": "The main challenge is that existing pruning methods do not effectively balance the trade-off between model size reduction and computational speed, often resulting in models that are still slow despite being smaller."
        },
        "idea": {
            "intuition": "The proposed idea is inspired by the need for a more effective pruning strategy that can operate at different granularities, allowing for better control over which parameters are removed.",
            "opinion": "The proposed method, CoFi (Coarse- and Fine-grained Pruning), aims to deliver highly parallelizable subnetworks that match the performance of distillation methods in terms of accuracy and latency without requiring unlabeled data.",
            "innovation": "The innovation lies in the joint pruning of coarse-grained and fine-grained modules, allowing for more precise control over the pruning process and the introduction of a layerwise distillation strategy to facilitate knowledge transfer."
        },
        "method": {
            "method name": "CoFi",
            "method abbreviation": "Coarse- and Fine-grained Pruning",
            "method definition": "CoFi is a task-specific structured pruning method that prunes neural network parameters at different granularities to optimize model size and performance.",
            "method description": "CoFi combines coarse-grained and fine-grained pruning techniques to create efficient subnetworks that maintain high accuracy while achieving significant speedups.",
            "method steps": "1. Identify coarse-grained and fine-grained modules for pruning. 2. Apply masks of different granularity to control the pruning of parameters. 3. Implement a layerwise distillation strategy to transfer knowledge from unpruned to pruned models.",
            "principle": "The effectiveness of CoFi stems from its ability to jointly consider different levels of granularity in the pruning process, allowing for a more tailored approach that maintains performance while enhancing efficiency."
        },
        "experiments": {
            "evaluation setting": "Experiments were conducted on the GLUE and SQuAD datasets, comparing the performance of CoFi against baseline pruning and distillation methods.",
            "evaluation method": "The evaluation method involved measuring the accuracy and latency of the pruned models, assessing their performance relative to the original unpruned models and other compression techniques."
        },
        "conclusion": "The experiments demonstrate that CoFi achieves over 10X speedups with only a small drop in accuracy, highlighting its effectiveness and efficiency compared to previous methods.",
        "discussion": {
            "advantage": "The key advantages of CoFi include its ability to deliver high-speed performance without the need for unlabeled data and its effectiveness in achieving comparable accuracy to distillation methods.",
            "limitation": "One limitation of the method may be its reliance on the initial pre-trained model quality, as the pruning effectiveness could be influenced by the model's architecture and training.",
            "future work": "Future research could explore further refinements in the granularity of pruning, as well as the application of CoFi to other types of neural networks beyond language models."
        },
        "other info": []
    },
    "mount_outline": [
        {
            "section number": "1.1",
            "key information": "Pruning can significantly reduce model size, which is essential for model compression and optimization."
        },
        {
            "section number": "1.2",
            "key information": "The paper addresses the inefficiency of existing model compression methods, particularly the limitations of pruning in achieving speedups comparable to distillation."
        },
        {
            "section number": "2.2",
            "key information": "CoFi is a task-specific structured pruning method that prunes neural network parameters at different granularities to optimize model size and performance."
        },
        {
            "section number": "2.3",
            "key information": "The proposed method, CoFi, combines coarse-grained and fine-grained pruning techniques, allowing for more precise control over the pruning process."
        },
        {
            "section number": "4.1",
            "key information": "The main challenge in pruning is balancing the trade-off between model size reduction and computational speed, which existing methods often fail to achieve."
        },
        {
            "section number": "5.1",
            "key information": "CoFi achieves over 10X speedups with only a small drop in accuracy, demonstrating its effectiveness in balancing model size and performance."
        },
        {
            "section number": "6.1",
            "key information": "Key advantages of CoFi include high-speed performance without the need for unlabeled data and comparable accuracy to distillation methods."
        },
        {
            "section number": "6.3",
            "key information": "Future research could explore further refinements in the granularity of pruning and the application of CoFi to other types of neural networks beyond language models."
        }
    ],
    "similarity_score": null,
    "image": null,
    "path": "/home/liudingyuan/code/SurveyX/code/SurveyX-main/outputs/t14/papers/Structured pruning learns compact and accurate models.json"
}