{
    "from": null,
    "scholar_id": null,
    "detail_id": null,
    "title": "Structural pruning for diffusion models",
    "abstract": "Generative modeling has recently undergone remarkable advancements, primarily propelled by the transformative implications of Diffusion Probabilistic Models (DPMs). The impressive capability of these models, however, often entails significant computational overhead during both training and inference. To tackle this challenge, we present Diff-Pruning, an efficient compression method tailored for learning lightweight diffusion models from pre-existing ones, without the need for extensive re-training. The essence of Diff-Pruning is encapsulated in a Taylor expansion over pruned timesteps, a process that disregards non-contributory diffusion steps and ensembles informative gradients to identify important weights. Our empirical assessment, undertaken across several datasets highlights two primary benefits of our proposed method: 1) Efficiency: it enables approximately a 50\\% reduction in FLOPs at a mere 10\\% to 20\\% of the original training expenditure; 2) Consistency: the pruned diffusion models inherently preserve generative behavior congruent with their pre-trained models. Code is available at \\url{https://github.com/VainF/Diff-Pruning}.",
    "arxivid": "2305.10924v3",
    "bib_name": "Structural32",
    "md_text": "# Structural pruning for diffusion models\n\n\nabstract\n\nGenerative modeling has recently undergone remarkable advancements, primarily propelled by the transformative implications of Diffusion Probabilistic Models (DPMs). The impressive capability of these models, however, often entails significant computational overhead during both training and inference. To tackle this challenge, we present Diff-Pruning, an efficient compression method tailored for learning lightweight diffusion models from pre-existing ones, without the need for extensive re-training. The essence of Diff-Pruning is encapsulated in a Taylor expansion over pruned timesteps, a process that disregards non-contributory diffusion steps and ensembles informative gradients to identify important weights. Our empirical assessment, undertaken across several datasets highlights two primary benefits of our proposed method: 1) Efficiency: it enables approximately a 50\\% reduction in FLOPs at a mere 10\\% to 20\\% of the original training expenditure; 2) Consistency: the pruned diffusion models inherently preserve generative behavior congruent with their pre-trained models. Code is available at \\url{https://github.com/VainF/Diff-Pruning}.",
    "paper_type": "method",
    "attri": {
        "background": "Generative modeling has recently undergone remarkable advancements, primarily propelled by the transformative implications of Diffusion Probabilistic Models (DPMs). The impressive capability of these models, however, often entails significant computational overhead during both training and inference.",
        "problem": {
            "definition": "The paper aims to solve the problem of high computational overhead associated with training and inference in diffusion models.",
            "key obstacle": "The core obstacle is the extensive computational resources required for existing diffusion models, which limits their practical application."
        },
        "idea": {
            "intuition": "The idea behind Diff-Pruning is inspired by the need to reduce computational costs while maintaining the effectiveness of diffusion models.",
            "opinion": "Diff-Pruning is proposed as an efficient compression method that allows for the learning of lightweight diffusion models from pre-existing ones without extensive re-training.",
            "innovation": "The primary innovation of Diff-Pruning lies in its use of a Taylor expansion over pruned timesteps, which disregards non-contributory diffusion steps and ensembles informative gradients to identify important weights."
        },
        "method": {
            "method name": "Diff-Pruning",
            "method abbreviation": "DP",
            "method definition": "Diff-Pruning is an efficient compression method designed for learning lightweight diffusion models from pre-existing ones by pruning non-essential diffusion steps.",
            "method description": "The core of Diff-Pruning involves pruning non-contributory diffusion steps and using a Taylor expansion to maintain model performance.",
            "method steps": "1) Identify non-contributory diffusion steps; 2) Apply a Taylor expansion to the remaining steps; 3) Ensemble informative gradients to determine important weights.",
            "principle": "This method is effective because it reduces computational overhead while preserving the generative behavior of the models, allowing for efficient inference."
        },
        "experiments": {
            "evaluation setting": "The empirical assessment was conducted across several datasets to evaluate the performance of Diff-Pruning compared to baseline methods.",
            "evaluation method": "The performance of the method was assessed by measuring the reduction in FLOPs and the consistency of the generative behavior of the pruned models."
        },
        "conclusion": "The outcomes of the experiments demonstrate that Diff-Pruning achieves approximately a 50% reduction in FLOPs with only 10% to 20% of the original training expenditure while preserving the generative capabilities of the models.",
        "discussion": {
            "advantage": "The key advantages of Diff-Pruning include significant efficiency in computational resource usage and the ability to maintain generative behavior similar to pre-trained models.",
            "limitation": "One limitation of the method may include potential challenges in identifying the optimal pruned steps across different datasets.",
            "future work": "Future research could focus on refining the pruning criteria and exploring the application of Diff-Pruning to other generative modeling frameworks."
        },
        "other info": []
    },
    "mount_outline": [
        {
            "section number": "1.1",
            "key information": "Pruning is essential in reducing the computational overhead associated with training and inference in diffusion models, thus contributing to model efficiency and performance."
        },
        {
            "section number": "2.2",
            "key information": "Diff-Pruning is an efficient compression method designed for learning lightweight diffusion models by pruning non-essential diffusion steps."
        },
        {
            "section number": "2.3",
            "key information": "The core of Diff-Pruning involves identifying non-contributory diffusion steps and applying a Taylor expansion to maintain model performance."
        },
        {
            "section number": "4.1",
            "key information": "The performance of Diff-Pruning was assessed by measuring the reduction in FLOPs and the consistency of the generative behavior of the pruned models."
        },
        {
            "section number": "5.1",
            "key information": "Diff-Pruning achieves approximately a 50% reduction in FLOPs while maintaining the generative capabilities of the models, highlighting the trade-off between model size and computational efficiency."
        },
        {
            "section number": "6.1",
            "key information": "Key advantages of Diff-Pruning include significant efficiency in computational resource usage while maintaining generative behavior similar to pre-trained models."
        },
        {
            "section number": "6.3",
            "key information": "Future research could focus on refining the pruning criteria and exploring the application of Diff-Pruning to other generative modeling frameworks."
        }
    ],
    "similarity_score": null,
    "image": null,
    "path": "/home/liudingyuan/code/SurveyX/code/SurveyX-main/outputs/t14/papers/Structural pruning for diffusion models.json"
}