{
    "from": null,
    "scholar_id": null,
    "detail_id": null,
    "title": "The elastic lottery ticket hypothesis",
    "abstract": "Lottery Ticket Hypothesis (LTH) raises keen attention to identifying sparse trainable subnetworks, or winning tickets, which can be trained in isolation to achieve similar or even better performance compared to the full models. Despite many efforts being made, the most effective method to identify such winning tickets is still Iterative Magnitude-based Pruning (IMP), which is computationally expensive and has to be run thoroughly for every different network. A natural question that comes in is: can we\"transform\"the winning ticket found in one network to another with a different architecture, yielding a winning ticket for the latter at the beginning, without re-doing the expensive IMP? Answering this question is not only practically relevant for efficient\"once-for-all\"winning ticket finding, but also theoretically appealing for uncovering inherently scalable sparse patterns in networks. We conduct extensive experiments on CIFAR-10 and ImageNet, and propose a variety of strategies to tweak the winning tickets found from different networks of the same model family (e.g., ResNets). Based on these results, we articulate the Elastic Lottery Ticket Hypothesis (E-LTH): by mindfully replicating (or dropping) and re-ordering layers for one network, its corresponding winning ticket could be stretched (or squeezed) into a subnetwork for another deeper (or shallower) network from the same family, whose performance is nearly the same competitive as the latter's winning ticket directly found by IMP. We have also extensively compared E-LTH with pruning-at-initialization and dynamic sparse training methods, as well as discussed the generalizability of E-LTH to different model families, layer types, and across datasets. Code is available at https://github.com/VITA-Group/ElasticLTH.",
    "arxivid": "2103.16547v3",
    "bib_name": "Theelastic151",
    "md_text": "# The elastic lottery ticket hypothesis\n\n\nabstract\n\nLottery Ticket Hypothesis (LTH) raises keen attention to identifying sparse trainable subnetworks, or winning tickets, which can be trained in isolation to achieve similar or even better performance compared to the full models. Despite many efforts being made, the most effective method to identify such winning tickets is still Iterative Magnitude-based Pruning (IMP), which is computationally expensive and has to be run thoroughly for every different network. A natural question that comes in is: can we\"transform\"the winning ticket found in one network to another with a different architecture, yielding a winning ticket for the latter at the beginning, without re-doing the expensive IMP? Answering this question is not only practically relevant for efficient\"once-for-all\"winning ticket finding, but also theoretically appealing for uncovering inherently scalable sparse patterns in networks. We conduct extensive experiments on CIFAR-10 and ImageNet, and propose a variety of strategies to tweak the winning tickets found from different networks of the same model family (e.g., ResNets). Based on these results, we articulate the Elastic Lottery Ticket Hypothesis (E-LTH): by mindfully replicating (or dropping) and re-ordering layers for one network, its corresponding winning ticket could be stretched (or squeezed) into a subnetwork for another deeper (or shallower) network from the same family, whose performance is nearly the same competitive as the latter's winning ticket directly found by IMP. We have also extensively compared E-LTH with pruning-at-initialization and dynamic sparse training methods, as well as discussed the generalizability of E-LTH to different model families, layer types, and across datasets. Code is available at https://github.com/VITA-Group/ElasticLTH.",
    "paper_type": "method",
    "attri": {
        "background": "This paper addresses the issue of identifying sparse trainable subnetworks, or winning tickets, that can achieve similar or better performance compared to full models. Previous methods, particularly Iterative Magnitude-based Pruning (IMP), are computationally expensive and need to be executed for every different network, highlighting the necessity for a more efficient approach.",
        "problem": {
            "definition": "The problem is the challenge of efficiently identifying winning tickets across different network architectures without the need for expensive re-execution of existing methods like IMP.",
            "key obstacle": "The core obstacle is the computational expense and time required for IMP, which limits the ability to transfer winning tickets between networks of different architectures."
        },
        "idea": {
            "intuition": "The idea is inspired by the observation that winning tickets from one network might be adaptable to another network with a different architecture, potentially simplifying the identification process.",
            "opinion": "The proposed idea involves the Elastic Lottery Ticket Hypothesis (E-LTH), which suggests that winning tickets can be modified and transferred between networks of the same model family, allowing for efficient 'once-for-all' winning ticket identification.",
            "innovation": "The primary innovation lies in the ability to stretch or squeeze winning tickets by adjusting layers, enabling the use of tickets from one network in another without the need for re-pruning."
        },
        "method": {
            "method name": "Elastic Lottery Ticket Hypothesis",
            "method abbreviation": "E-LTH",
            "method definition": "E-LTH defines a framework for transferring winning tickets between networks of different depths within the same model family by modifying the architecture intelligently.",
            "method description": "The method involves replicating, dropping, and re-ordering layers to adapt winning tickets from one network to another.",
            "method steps": [
                "Identify winning tickets from an initial network using IMP.",
                "Modify the architecture of the target network by adjusting layers based on the winning ticket.",
                "Evaluate the performance of the adapted winning ticket in the new architecture."
            ],
            "principle": "The effectiveness of this method is based on the assumption that winning tickets encapsulate inherent sparse patterns that can be adapted across different architectures within the same family."
        },
        "experiments": {
            "evaluation setting": "Extensive experiments were conducted on CIFAR-10 and ImageNet datasets, comparing E-LTH with pruning-at-initialization and dynamic sparse training methods across various model families.",
            "evaluation method": "The performance of the adapted winning tickets was measured against the original winning tickets found by IMP, analyzing their competitive performance in the new architectures."
        },
        "conclusion": "The results demonstrate that E-LTH allows for efficient adaptation of winning tickets across different network architectures, achieving competitive performance without the need for exhaustive re-pruning.",
        "discussion": {
            "advantage": "The key advantage of E-LTH is its ability to efficiently transfer winning tickets between networks, reducing computational costs and time associated with finding tickets for each architecture.",
            "limitation": "A limitation of the method may be its reliance on the assumption that winning tickets can be universally adapted across different architectures, which may not hold in all cases.",
            "future work": "Future research could explore further generalization of E-LTH to a wider variety of model families and datasets, as well as investigate potential improvements in the layer adjustment techniques."
        },
        "other info": {
            "code availability": "Code is available at https://github.com/VITA-Group/ElasticLTH"
        }
    },
    "mount_outline": [
        {
            "section number": "1.1",
            "key information": "Deep neural network pruning is essential for model efficiency and performance, addressing the challenge of computational expense in existing methods like Iterative Magnitude-based Pruning (IMP)."
        },
        {
            "section number": "2.3",
            "key information": "The Elastic Lottery Ticket Hypothesis (E-LTH) defines a framework for transferring winning tickets between networks of different depths within the same model family, enhancing neural network efficiency."
        },
        {
            "section number": "3.2",
            "key information": "E-LTH represents a novel pruning approach that simplifies the identification of winning tickets across varying network architectures without the need for exhaustive re-pruning."
        },
        {
            "section number": "4.1",
            "key information": "The evaluation of E-LTH compared to traditional methods like IMP highlights the need for criteria that account for computational efficiency and adaptability across architectures."
        },
        {
            "section number": "5.1",
            "key information": "E-LTH addresses the trade-off between model size and accuracy by efficiently adapting winning tickets, achieving competitive performance without extensive re-execution."
        },
        {
            "section number": "6.2",
            "key information": "A challenge identified in E-LTH is the reliance on the assumption that winning tickets can be universally adapted across different architectures, which may not hold in all cases."
        },
        {
            "section number": "6.3",
            "key information": "Future research directions include generalizing E-LTH to a wider variety of model families and datasets, and improving layer adjustment techniques."
        }
    ],
    "similarity_score": null,
    "image": null,
    "path": "/home/liudingyuan/code/SurveyX/code/SurveyX-main/outputs/t14/papers/The elastic lottery ticket hypothesis.json"
}