{
    "from": null,
    "scholar_id": null,
    "detail_id": null,
    "title": "The optimal BERT surgeon: Scalable and accurate second-order pruning for large language models",
    "abstract": "In this paper, we consider the problem of sparsifying BERT models, which are a key building block for natural language processing, in order to reduce their storage and computational cost. We introduce the Optimal BERT Surgeon (oBERT), an efficient and accurate pruning method based on approximate second-order information, which we show to yield state-of-the-art results in both stages of language tasks: pre-training and fine-tuning. Specifically, oBERT extends existing work on second-order pruning by allowing for pruning weight blocks, and is the first such method that is applicable at BERT scale. Second, we investigate compounding compression approaches to obtain highly compressed but accurate models for deployment on edge devices. These models significantly push boundaries of the current state-of-the-art sparse BERT models with respect to all metrics: model size, inference speed and task accuracy. For example, relative to the dense BERT-base, we obtain 10x model size compression with < 1% accuracy drop, 10x CPU-inference speedup with < 2% accuracy drop, and 29x CPU-inference speedup with < 7.5% accuracy drop. Our code, fully integrated with Transformers and SparseML, is available at https://github.com/neuralmagic/sparseml/tree/main/research/optimal_BERT_surgeon_oBERT.",
    "arxivid": "2203.07259v3",
    "bib_name": "Theoptimal127",
    "md_text": "# The optimal BERT surgeon: Scalable and accurate second-order pruning for large language models\n\n\nabstract\n\nIn this paper, we consider the problem of sparsifying BERT models, which are a key building block for natural language processing, in order to reduce their storage and computational cost. We introduce the Optimal BERT Surgeon (oBERT), an efficient and accurate pruning method based on approximate second-order information, which we show to yield state-of-the-art results in both stages of language tasks: pre-training and fine-tuning. Specifically, oBERT extends existing work on second-order pruning by allowing for pruning weight blocks, and is the first such method that is applicable at BERT scale. Second, we investigate compounding compression approaches to obtain highly compressed but accurate models for deployment on edge devices. These models significantly push boundaries of the current state-of-the-art sparse BERT models with respect to all metrics: model size, inference speed and task accuracy. For example, relative to the dense BERT-base, we obtain 10x model size compression with < 1% accuracy drop, 10x CPU-inference speedup with < 2% accuracy drop, and 29x CPU-inference speedup with < 7.5% accuracy drop. Our code, fully integrated with Transformers and SparseML, is available at https://github.com/neuralmagic/sparseml/tree/main/research/optimal_BERT_surgeon_oBERT.",
    "paper_type": "method",
    "attri": {
        "background": "This paper addresses the issue of sparsifying BERT models, which are essential for natural language processing, to reduce their storage and computational cost. Previous methods have not effectively tackled this challenge at the scale required for BERT models, necessitating a new approach.",
        "problem": {
            "definition": "The problem involves reducing the size and computational demands of BERT models while maintaining their performance in natural language processing tasks.",
            "key obstacle": "The main challenge lies in effectively pruning weight blocks in BERT models without significantly impacting their accuracy."
        },
        "idea": {
            "intuition": "The idea is inspired by the need for efficient model deployment on edge devices, where storage and computational resources are limited.",
            "opinion": "The proposed method, Optimal BERT Surgeon (oBERT), introduces a pruning technique that leverages approximate second-order information to achieve both accuracy and efficiency.",
            "innovation": "oBERT distinguishes itself from existing methods by enabling the pruning of weight blocks and being the first method applicable at the scale of BERT, leading to significant improvements in model compression and performance."
        },
        "method": {
            "method name": "Optimal BERT Surgeon",
            "method abbreviation": "oBERT",
            "method definition": "oBERT is a pruning method that utilizes approximate second-order information to sparsify BERT models while maintaining their accuracy.",
            "method description": "The core of oBERT involves pruning weight blocks in BERT models based on second-order information to achieve efficient model compression.",
            "method steps": "1. Analyze the BERT model using second-order information. 2. Identify and prune weight blocks based on this analysis. 3. Fine-tune the pruned model to restore accuracy.",
            "principle": "The effectiveness of oBERT lies in its ability to maintain model performance while significantly reducing size and computational requirements through strategic pruning."
        },
        "experiments": {
            "evaluation setting": "The experiments utilize the dense BERT-base model as a baseline for comparison, measuring metrics such as model size, inference speed, and task accuracy.",
            "evaluation method": "Performance is assessed by evaluating the pruned models on natural language processing tasks during both pre-training and fine-tuning phases."
        },
        "conclusion": "The experiments demonstrate that oBERT achieves a 10x model size reduction with less than 1% accuracy drop, alongside significant CPU-inference speed improvements, establishing it as a state-of-the-art method for sparse BERT models.",
        "discussion": {
            "advantage": "The key advantages of oBERT include its scalability, high compression rates, and minimal impact on accuracy, making it suitable for deployment on resource-constrained devices.",
            "limitation": "One limitation is that the pruning process may still require careful tuning to balance compression and accuracy, which could vary depending on the specific application.",
            "future work": "Future research could explore further optimizations in the pruning process and investigate additional applications of oBERT in other large language models."
        },
        "other info": {
            "repository": "https://github.com/neuralmagic/sparseml/tree/main/research/optimal_BERT_surgeon_oBERT"
        }
    },
    "mount_outline": [
        {
            "section number": "1.1",
            "key information": "Pruning contributes to model efficiency and performance by reducing the size and computational demands of BERT models while maintaining their performance in natural language processing tasks."
        },
        {
            "section number": "2.2",
            "key information": "oBERT is a pruning method that utilizes approximate second-order information to sparsify BERT models while maintaining their accuracy."
        },
        {
            "section number": "2.3",
            "key information": "The core of oBERT involves pruning weight blocks in BERT models based on second-order information to achieve efficient model compression."
        },
        {
            "section number": "3.2",
            "key information": "oBERT distinguishes itself from existing methods by enabling the pruning of weight blocks and being the first method applicable at the scale of BERT, leading to significant improvements in model compression and performance."
        },
        {
            "section number": "4.1",
            "key information": "The experiments utilize the dense BERT-base model as a baseline for comparison, measuring metrics such as model size, inference speed, and task accuracy."
        },
        {
            "section number": "5.1",
            "key information": "The key advantages of oBERT include its scalability, high compression rates, and minimal impact on accuracy, making it suitable for deployment on resource-constrained devices."
        },
        {
            "section number": "5.3",
            "key information": "The experiments demonstrate that oBERT achieves a 10x model size reduction with less than 1% accuracy drop, alongside significant CPU-inference speed improvements."
        },
        {
            "section number": "6.1",
            "key information": "Future research could explore further optimizations in the pruning process and investigate additional applications of oBERT in other large language models."
        }
    ],
    "similarity_score": null,
    "image": null,
    "path": "/home/liudingyuan/code/SurveyX/code/SurveyX-main/outputs/t14/papers/The optimal BERT surgeon_ Scalable and accurate second-order pruning for large language models.json"
}