{
    "from": null,
    "scholar_id": null,
    "detail_id": null,
    "title": "The unreasonable effectiveness of random pruning: Return of the most naive baseline for sparse training",
    "abstract": "Random pruning is arguably the most naive way to attain sparsity in neural networks, but has been deemed uncompetitive by either post-training pruning or sparse training. In this paper, we focus on sparse training and highlight a perhaps counter-intuitive finding, that random pruning at initialization can be quite powerful for the sparse training of modern neural networks. Without any delicate pruning criteria or carefully pursued sparsity structures, we empirically demonstrate that sparsely training a randomly pruned network from scratch can match the performance of its dense equivalent. There are two key factors that contribute to this revival: (i) the network sizes matter: as the original dense networks grow wider and deeper, the performance of training a randomly pruned sparse network will quickly grow to matching that of its dense equivalent, even at high sparsity ratios; (ii) appropriate layer-wise sparsity ratios can be pre-chosen for sparse training, which shows to be another important performance booster. Simple as it looks, a randomly pruned subnetwork of Wide ResNet-50 can be sparsely trained to outperforming a dense Wide ResNet-50, on ImageNet. We also observed such randomly pruned networks outperform dense counterparts in other favorable aspects, such as out-of-distribution detection, uncertainty estimation, and adversarial robustness. Overall, our results strongly suggest there is larger-than-expected room for sparse training at scale, and the benefits of sparsity might be more universal beyond carefully designed pruning. Our source code can be found at https://github.com/VITA-Group/Random_Pruning.",
    "arxivid": "2202.02643v1",
    "bib_name": "Theunreaso57",
    "md_text": "# The unreasonable effectiveness of random pruning: Return of the most naive baseline for sparse training\n\n\nabstract\n\nRandom pruning is arguably the most naive way to attain sparsity in neural networks, but has been deemed uncompetitive by either post-training pruning or sparse training. In this paper, we focus on sparse training and highlight a perhaps counter-intuitive finding, that random pruning at initialization can be quite powerful for the sparse training of modern neural networks. Without any delicate pruning criteria or carefully pursued sparsity structures, we empirically demonstrate that sparsely training a randomly pruned network from scratch can match the performance of its dense equivalent. There are two key factors that contribute to this revival: (i) the network sizes matter: as the original dense networks grow wider and deeper, the performance of training a randomly pruned sparse network will quickly grow to matching that of its dense equivalent, even at high sparsity ratios; (ii) appropriate layer-wise sparsity ratios can be pre-chosen for sparse training, which shows to be another important performance booster. Simple as it looks, a randomly pruned subnetwork of Wide ResNet-50 can be sparsely trained to outperforming a dense Wide ResNet-50, on ImageNet. We also observed such randomly pruned networks outperform dense counterparts in other favorable aspects, such as out-of-distribution detection, uncertainty estimation, and adversarial robustness. Overall, our results strongly suggest there is larger-than-expected room for sparse training at scale, and the benefits of sparsity might be more universal beyond carefully designed pruning. Our source code can be found at https://github.com/VITA-Group/Random_Pruning.",
    "paper_type": "method",
    "attri": {
        "background": "This paper addresses the issue of achieving sparsity in neural networks through random pruning, a method previously considered naive and uncompetitive compared to post-training pruning or sparse training. It highlights the potential effectiveness of random pruning at initialization in the context of sparse training.",
        "problem": {
            "definition": "The problem is centered around the challenge of effectively implementing sparsity in neural networks to improve performance without relying on complex pruning techniques.",
            "key obstacle": "The main difficulty lies in the prevalent belief that random pruning is not competitive with more sophisticated methods, which has limited its acceptance and exploration in the field."
        },
        "idea": {
            "intuition": "The intuition stems from the observation that random pruning, when applied at initialization, can lead to surprisingly effective sparse training outcomes, challenging existing assumptions about pruning methods.",
            "opinion": "The proposed idea is that by sparsely training a randomly pruned network from scratch, it can achieve performance levels comparable to that of a fully dense network.",
            "innovation": "The key innovation is the realization that as dense networks increase in size, the performance of randomly pruned networks can also improve significantly, even at high sparsity ratios, thus offering a new perspective on sparse training."
        },
        "method": {
            "method name": "Random Pruning for Sparse Training",
            "method abbreviation": "RPSP",
            "method definition": "Random pruning involves initializing a neural network with random weights and then training it with a predetermined sparsity ratio, without the need for complex pruning criteria.",
            "method description": "This method leverages random pruning at initialization to train neural networks sparsely, demonstrating effective performance outcomes.",
            "method steps": "1. Initialize a neural network with random weights. 2. Apply random pruning to achieve the desired sparsity ratio. 3. Train the pruned network from scratch. 4. Evaluate performance against dense counterparts.",
            "principle": "The effectiveness of this method is supported by the principle that larger and deeper networks can benefit more from random pruning, leading to performance levels that can match or exceed those of dense networks."
        },
        "experiments": {
            "evaluation setting": "Experiments were conducted using Wide ResNet-50 models on the ImageNet dataset, comparing randomly pruned networks with their dense counterparts under various sparsity conditions.",
            "evaluation method": "Performance was assessed by measuring accuracy, out-of-distribution detection, uncertainty estimation, and adversarial robustness, with results analyzed to demonstrate the advantages of the proposed method."
        },
        "conclusion": "The experiments indicate that randomly pruned networks can outperform dense networks in several aspects, suggesting that random pruning has significant potential in sparse training beyond traditional methods.",
        "discussion": {
            "advantage": "The key advantages include the simplicity of implementation and the ability to achieve competitive performance without complex pruning strategies, making it accessible for broader applications.",
            "limitation": "A limitation of the approach is that it may not generalize well to all network architectures or tasks, as performance improvements are contingent on specific conditions such as network size and sparsity ratios.",
            "future work": "Future research could explore optimizing the choice of sparsity ratios and investigating the method's applicability across different architectures and datasets."
        },
        "other info": {
            "source code": "https://github.com/VITA-Group/Random_Pruning"
        }
    },
    "mount_outline": [
        {
            "section number": "1.1",
            "key information": "Random pruning can improve performance without relying on complex pruning techniques, highlighting its importance in the context of deep neural networks."
        },
        {
            "section number": "2.3",
            "key information": "Random pruning involves initializing a neural network with random weights and training it with a predetermined sparsity ratio, demonstrating its role in enhancing neural network efficiency and performance."
        },
        {
            "section number": "3.1",
            "key information": "The paper discusses random pruning as a method that challenges the notion of structured and unstructured pruning, providing a new perspective on sparsity in neural networks."
        },
        {
            "section number": "4.1",
            "key information": "The evaluation of randomly pruned networks compared to dense networks focuses on criteria such as accuracy, out-of-distribution detection, uncertainty estimation, and adversarial robustness."
        },
        {
            "section number": "5.1",
            "key information": "Random pruning can lead to competitive performance levels, suggesting a balance between reducing model size and maintaining accuracy."
        },
        {
            "section number": "6.1",
            "key information": "The simplicity of implementing random pruning allows for broader applications, making it a recommended strategy for effective pruning in neural networks."
        },
        {
            "section number": "6.3",
            "key information": "Future research could explore optimizing the choice of sparsity ratios and investigating the method's applicability across different architectures and datasets."
        }
    ],
    "similarity_score": null,
    "image": null,
    "path": "/home/liudingyuan/code/SurveyX/code/SurveyX-main/outputs/t14/papers/The unreasonable effectiveness of random pruning_ Return of the most naive baseline for sparse training.json"
}