{
    "from": null,
    "scholar_id": null,
    "detail_id": null,
    "title": "The lottery ticket hypothesis: finding sparse, trainable neural networks",
    "abstract": "Neural network pruning techniques can reduce the parameter counts of trained networks by over 90%, decreasing storage requirements and improving computational performance of inference without compromising accuracy. However, contemporary experience is that the sparse architectures produced by pruning are difficult to train from the start, which would similarly improve training performance. \nWe find that a standard pruning technique naturally uncovers subnetworks whose initializations made them capable of training effectively. Based on these results, we articulate the \"lottery ticket hypothesis:\" dense, randomly-initialized, feed-forward networks contain subnetworks (\"winning tickets\") that - when trained in isolation - reach test accuracy comparable to the original network in a similar number of iterations. The winning tickets we find have won the initialization lottery: their connections have initial weights that make training particularly effective. \nWe present an algorithm to identify winning tickets and a series of experiments that support the lottery ticket hypothesis and the importance of these fortuitous initializations. We consistently find winning tickets that are less than 10-20% of the size of several fully-connected and convolutional feed-forward architectures for MNIST and CIFAR10. Above this size, the winning tickets that we find learn faster than the original network and reach higher test accuracy.",
    "arxivid": "1803.03635v5",
    "bib_name": "Thelottery38",
    "md_text": "# The lottery ticket hypothesis: finding sparse, trainable neural networks\n\n\nabstract\n\nNeural network pruning techniques can reduce the parameter counts of trained networks by over 90%, decreasing storage requirements and improving computational performance of inference without compromising accuracy. However, contemporary experience is that the sparse architectures produced by pruning are difficult to train from the start, which would similarly improve training performance. \nWe find that a standard pruning technique naturally uncovers subnetworks whose initializations made them capable of training effectively. Based on these results, we articulate the \"lottery ticket hypothesis:\" dense, randomly-initialized, feed-forward networks contain subnetworks (\"winning tickets\") that - when trained in isolation - reach test accuracy comparable to the original network in a similar number of iterations. The winning tickets we find have won the initialization lottery: their connections have initial weights that make training particularly effective. \nWe present an algorithm to identify winning tickets and a series of experiments that support the lottery ticket hypothesis and the importance of these fortuitous initializations. We consistently find winning tickets that are less than 10-20% of the size of several fully-connected and convolutional feed-forward architectures for MNIST and CIFAR10. Above this size, the winning tickets that we find learn faster than the original network and reach higher test accuracy.",
    "paper_type": "method",
    "attri": {
        "background": "This paper addresses the issue of training efficiency in neural networks, highlighting that while pruning techniques can significantly reduce parameter counts, the resulting sparse architectures are often challenging to train effectively from scratch. This necessitates a new approach to improve training performance.",
        "problem": {
            "definition": "The problem defined in this paper is the difficulty of training sparse neural network architectures that result from pruning, which hinders their performance despite their reduced parameter counts.",
            "key obstacle": "The main challenge is that the sparse subnetworks produced by pruning do not train effectively when initialized randomly, leading to suboptimal performance."
        },
        "idea": {
            "intuition": "The intuition behind the proposed idea is that within dense, randomly-initialized networks, there exist subnetworks with specific initial weights that allow them to train effectively, akin to winning a lottery.",
            "opinion": "The proposed idea is that these 'winning tickets' can be identified and trained in isolation to achieve comparable test accuracy to the original network, thereby enhancing training performance.",
            "innovation": "The innovation lies in the identification of these winning tickets, which are subnetworks that maintain effective training capabilities due to their advantageous initial weights, setting them apart from traditional pruning methods."
        },
        "method": {
            "method name": "Lottery Ticket Hypothesis",
            "method abbreviation": "LTH",
            "method definition": "The Lottery Ticket Hypothesis posits that within a dense, randomly-initialized neural network, there exist smaller subnetworks that can be trained to achieve performance comparable to the full network when trained in isolation.",
            "method description": "The method involves identifying these winning tickets through a pruning technique that reveals subnetworks capable of effective training.",
            "method steps": "1. Train a dense neural network; 2. Apply a pruning technique to identify subnetworks; 3. Isolate and retrain the identified winning tickets; 4. Evaluate their performance against the original network.",
            "principle": "This method is effective because it leverages the advantageous initial weights of certain subnetworks, allowing them to train faster and achieve higher accuracy than the original network."
        },
        "experiments": {
            "evaluation setting": "The experiments were conducted using fully-connected and convolutional feed-forward architectures on datasets MNIST and CIFAR10, comparing the performance of winning tickets against the original networks.",
            "evaluation method": "The performance of the winning tickets was assessed by measuring their test accuracy and training speed relative to the original network, focusing on iterations taken to reach comparable accuracy."
        },
        "conclusion": "The experiments support the lottery ticket hypothesis, demonstrating that winning tickets can achieve high accuracy and improved training speed, often being less than 10-20% the size of the original networks.",
        "discussion": {
            "advantage": "The key advantage of the proposed approach is the ability to significantly reduce the size of neural networks while maintaining or improving their performance, leading to enhanced computational efficiency.",
            "limitation": "A limitation of the method is that it relies on the existence of winning tickets, which may not be present in all network configurations or datasets.",
            "future work": "Future research could explore the characteristics of winning tickets in different architectures and datasets, as well as methods for enhancing the identification process for broader applicability."
        },
        "other info": []
    },
    "mount_outline": [
        {
            "section number": "1.1",
            "key information": "Pruning techniques can significantly reduce parameter counts, contributing to model efficiency and performance."
        },
        {
            "section number": "2.3",
            "key information": "The Lottery Ticket Hypothesis posits that within a dense, randomly-initialized neural network, there exist smaller subnetworks that can be trained to achieve performance comparable to the full network when trained in isolation."
        },
        {
            "section number": "3.1",
            "key information": "The main challenge of training sparse subnetworks produced by pruning is that they do not train effectively when initialized randomly, leading to suboptimal performance."
        },
        {
            "section number": "4.1",
            "key information": "The performance of the winning tickets was assessed by measuring their test accuracy and training speed relative to the original network."
        },
        {
            "section number": "5.1",
            "key information": "The key advantage of the proposed approach is the ability to significantly reduce the size of neural networks while maintaining or improving their performance."
        },
        {
            "section number": "6.3",
            "key information": "Future research could explore the characteristics of winning tickets in different architectures and datasets, as well as methods for enhancing the identification process for broader applicability."
        }
    ],
    "similarity_score": null,
    "image": null,
    "path": "/home/liudingyuan/code/SurveyX/code/SurveyX-main/outputs/t14/papers/The lottery ticket hypothesis_ finding sparse, trainable neural networks.json"
}