{
    "from": null,
    "scholar_id": null,
    "detail_id": null,
    "title": "The lottery tickets hypothesis for supervised and self-supervised pre-training in computer vision models",
    "abstract": "The computer vision world has been re-gaining enthusiasm in various pre-trained models, including both classical ImageNet supervised pre-training and recently emerged self-supervised pre-training such as simCLR [10] and MoCo [40]. Pre-trained weights often boost a wide range of downstream tasks including classification, detection, and segmentation. Latest studies suggest that pre-training benefits from gigantic model capacity [11]. We are hereby curious and ask: after pre-training, does a pre-trained model indeed have to stay large for its downstream transferability? In this paper, we examine supervised and self-supervised pre-trained models through the lens of the lottery ticket hypothesis (LTH) [31]. LTH identifies highly sparse matching subnetworks that can be trained in isolation from (nearly) scratch yet still reach the full models' performance. We extend the scope of LTH and question whether matching subnetworks still exist in pre-trained computer vision models, that enjoy the same downstream transfer performance. Our extensive experiments convey an overall positive message: from all pre-trained weights obtained by ImageNet classification, simCLR, and MoCo, we are consistently able to locate such matching subnetworks at 59.04% to 96.48% sparsity that transfer universally to multiple downstream tasks, whose performance see no degradation compared to using full pre-trained weights. Further analyses reveal that subnetworks found from different pre-training tend to yield diverse mask structures and perturbation sensitivities. We conclude that the core LTH observations remain generally relevant in the pre-training paradigm of computer vision, but more delicate discussions are needed in some cases. Codes and pre-trained models will be made available at: https://github.com/VITA-Group/CV_LTH_Pre-training.",
    "arxivid": "2012.06908v2",
    "bib_name": "Thelottery149",
    "md_text": "# The lottery tickets hypothesis for supervised and self-supervised pre-training in computer vision models\n\n\nabstract\n\nThe computer vision world has been re-gaining enthusiasm in various pre-trained models, including both classical ImageNet supervised pre-training and recently emerged self-supervised pre-training such as simCLR [10] and MoCo [40]. Pre-trained weights often boost a wide range of downstream tasks including classification, detection, and segmentation. Latest studies suggest that pre-training benefits from gigantic model capacity [11]. We are hereby curious and ask: after pre-training, does a pre-trained model indeed have to stay large for its downstream transferability? In this paper, we examine supervised and self-supervised pre-trained models through the lens of the lottery ticket hypothesis (LTH) [31]. LTH identifies highly sparse matching subnetworks that can be trained in isolation from (nearly) scratch yet still reach the full models' performance. We extend the scope of LTH and question whether matching subnetworks still exist in pre-trained computer vision models, that enjoy the same downstream transfer performance. Our extensive experiments convey an overall positive message: from all pre-trained weights obtained by ImageNet classification, simCLR, and MoCo, we are consistently able to locate such matching subnetworks at 59.04% to 96.48% sparsity that transfer universally to multiple downstream tasks, whose performance see no degradation compared to using full pre-trained weights. Further analyses reveal that subnetworks found from different pre-training tend to yield diverse mask structures and perturbation sensitivities. We conclude that the core LTH observations remain generally relevant in the pre-training paradigm of computer vision, but more delicate discussions are needed in some cases. Codes and pre-trained models will be made available at: https://github.com/VITA-Group/CV_LTH_Pre-training.",
    "paper_type": "method",
    "attri": {
        "background": "This paper addresses the issue of whether pre-trained models in computer vision need to maintain large sizes for effective downstream transferability, building on the lottery ticket hypothesis (LTH) which identifies sparse subnetworks capable of achieving performance comparable to full models.",
        "problem": {
            "definition": "The problem is to determine if matching subnetworks exist within pre-trained computer vision models that can be trained in isolation and still achieve high performance on downstream tasks.",
            "key obstacle": "The main challenge is understanding if existing methods can effectively identify and utilize these subnetworks without loss of performance compared to the full pre-trained models."
        },
        "idea": {
            "intuition": "The idea is inspired by the lottery ticket hypothesis which suggests that within large models, there exist smaller subnetworks that can perform comparably when trained independently.",
            "opinion": "The proposed idea involves examining whether these matching subnetworks can be found in both supervised and self-supervised pre-trained models, and if they can successfully transfer to various downstream tasks.",
            "innovation": "The innovation lies in extending the lottery ticket hypothesis to the domain of pre-trained models in computer vision, demonstrating that significant sparsity can be achieved without compromising performance."
        },
        "method": {
            "method name": "Lottery Ticket Hypothesis for Pre-training",
            "method abbreviation": "LTH-Pre",
            "method definition": "The method involves identifying and training sparse subnetworks within pre-trained models to assess their performance on downstream tasks.",
            "method description": "This method focuses on locating matching subnetworks that maintain high performance while being significantly smaller in size.",
            "method steps": "1. Identify pre-trained models. 2. Apply LTH to locate matching subnetworks. 3. Train subnetworks in isolation. 4. Evaluate performance on downstream tasks.",
            "principle": "This method is effective because it leverages the inherent sparsity within large pre-trained models, allowing smaller subnetworks to achieve similar performance levels."
        },
        "experiments": {
            "evaluation setting": "The experiments utilized pre-trained weights from ImageNet classification, simCLR, and MoCo, comparing the performance of identified subnetworks against full pre-trained models across various downstream tasks.",
            "evaluation method": "Performance was measured by assessing the accuracy and effectiveness of the subnetworks on classification, detection, and segmentation tasks, ensuring a comprehensive evaluation of transferability."
        },
        "conclusion": "The experiments confirm that matching subnetworks can be successfully identified in pre-trained models, achieving 59.04% to 96.48% sparsity while maintaining performance, affirming the relevance of LTH in this context.",
        "discussion": {
            "advantage": "The key advantages include the ability to significantly reduce model size while retaining performance, which can lead to more efficient deployment in real-world applications.",
            "limitation": "A limitation is that the structural diversity of subnetworks may lead to varying performance across different pre-training methods, which requires careful consideration.",
            "future work": "Future research could explore optimizing the identification process of subnetworks and investigate the implications of different pre-training strategies on the performance of identified subnetworks."
        },
        "other info": [
            {
                "info1": "Codes and pre-trained models will be made available at: https://github.com/VITA-Group/CV_LTH_Pre-training."
            }
        ]
    },
    "mount_outline": [
        {
            "section number": "1.1",
            "key information": "This paper addresses the issue of whether pre-trained models in computer vision need to maintain large sizes for effective downstream transferability."
        },
        {
            "section number": "1.2",
            "key information": "The scope of the survey includes examining the lottery ticket hypothesis (LTH) and its application to pre-trained models in computer vision."
        },
        {
            "section number": "2.2",
            "key information": "The method involves identifying and training sparse subnetworks within pre-trained models to assess their performance on downstream tasks."
        },
        {
            "section number": "3.2",
            "key information": "The proposed idea involves examining whether matching subnetworks can be found in both supervised and self-supervised pre-trained models."
        },
        {
            "section number": "4.1",
            "key information": "Performance was measured by assessing the accuracy and effectiveness of the subnetworks on classification, detection, and segmentation tasks."
        },
        {
            "section number": "5.1",
            "key information": "The key advantages include the ability to significantly reduce model size while retaining performance, which can lead to more efficient deployment in real-world applications."
        },
        {
            "section number": "6.3",
            "key information": "Future research could explore optimizing the identification process of subnetworks and investigate the implications of different pre-training strategies on the performance of identified subnetworks."
        }
    ],
    "similarity_score": null,
    "image": null,
    "path": "/home/liudingyuan/code/SurveyX/code/SurveyX-main/outputs/t14/papers/The lottery tickets hypothesis for supervised and self-supervised pre-training in computer vision models.json"
}