{
    "from": null,
    "scholar_id": null,
    "detail_id": null,
    "title": "The lottery ticket hypothesis for pre-trained BERT networks",
    "abstract": "In natural language processing (NLP), enormous pre-trained models like BERT have become the standard starting point for training on a range of downstream tasks, and similar trends are emerging in other areas of deep learning. In parallel, work on the lottery ticket hypothesis has shown that models for NLP and computer vision contain smaller matching subnetworks capable of training in isolation to full accuracy and transferring to other tasks. In this work, we combine these observations to assess whether such trainable, transferrable subnetworks exist in pre-trained BERT models. For a range of downstream tasks, we indeed find matching subnetworks at 40% to 90% sparsity. We find these subnetworks at (pre-trained) initialization, a deviation from prior NLP research where they emerge only after some amount of training. Subnetworks found on the masked language modeling task (the same task used to pre-train the model) transfer universally; those found on other tasks transfer in a limited fashion if at all. As large-scale pre-training becomes an increasingly central paradigm in deep learning, our results demonstrate that the main lottery ticket observations remain relevant in this context. Codes available at this https URL.",
    "arxivid": "2007.12223v2",
    "bib_name": "Thelottery148",
    "md_text": "# The lottery ticket hypothesis for pre-trained BERT networks\n\n\nabstract\n\nIn natural language processing (NLP), enormous pre-trained models like BERT have become the standard starting point for training on a range of downstream tasks, and similar trends are emerging in other areas of deep learning. In parallel, work on the lottery ticket hypothesis has shown that models for NLP and computer vision contain smaller matching subnetworks capable of training in isolation to full accuracy and transferring to other tasks. In this work, we combine these observations to assess whether such trainable, transferrable subnetworks exist in pre-trained BERT models. For a range of downstream tasks, we indeed find matching subnetworks at 40% to 90% sparsity. We find these subnetworks at (pre-trained) initialization, a deviation from prior NLP research where they emerge only after some amount of training. Subnetworks found on the masked language modeling task (the same task used to pre-train the model) transfer universally; those found on other tasks transfer in a limited fashion if at all. As large-scale pre-training becomes an increasingly central paradigm in deep learning, our results demonstrate that the main lottery ticket observations remain relevant in this context. Codes available at this https URL.",
    "paper_type": "benchmark",
    "attri": {
        "background": "This paper addresses the issue of identifying smaller matching subnetworks within pre-trained BERT models that can train in isolation to full accuracy, contributing to the understanding of model efficiency in NLP.",
        "problem": {
            "definition": "The benchmark is designed to assess the existence of trainable, transferrable subnetworks within pre-trained BERT models across various downstream tasks.",
            "key obstacle": "Existing benchmarks often overlook the potential of identifying subnetworks at initialization, which limits understanding of model efficiency and transferability."
        },
        "idea": {
            "intuition": "The inspiration behind the benchmark stems from the lottery ticket hypothesis, which suggests that smaller subnetworks within larger models can achieve competitive performance.",
            "opinion": "The authors believe that this benchmark is crucial for advancing the understanding of model efficiency and the potential for subnetworks in NLP tasks.",
            "innovation": "This benchmark differs from previous ones by demonstrating that matching subnetworks can be identified at initialization, rather than requiring extensive training.",
            "benchmark abbreviation": "BERT-LTH"
        },
        "dataset": {
            "source": "The dataset was sourced from pre-trained BERT models, utilizing existing NLP tasks for evaluation.",
            "desc": "The dataset includes various downstream tasks to evaluate the performance of identified subnetworks.",
            "content": "The types of data included are text-based tasks relevant to natural language processing.",
            "size": "-",
            "domain": "Natural Language Processing",
            "task format": "Text classification"
        },
        "metrics": {
            "metric name": "Accuracy, F1-score",
            "aspect": "Model performance in terms of predictive accuracy and balance between precision and recall.",
            "principle": "The choice of metrics is guided by the need to evaluate both overall performance and the ability to balance different prediction outcomes.",
            "procedure": "Models were evaluated based on their performance on various downstream NLP tasks using the identified subnetworks."
        },
        "experiments": {
            "model": "State-of-the-art BERT models were tested for the existence of subnetworks.",
            "procedure": "The experimental setup involved assessing the performance of subnetworks across different tasks at varying levels of sparsity.",
            "result": "The results indicated that matching subnetworks exist at 40% to 90% sparsity and can transfer across tasks, with some limitations.",
            "variability": "Variability was accounted for through testing across multiple downstream tasks and sparsity levels."
        },
        "conclusion": "The findings highlight the relevance of the lottery ticket hypothesis in the context of pre-trained BERT models, demonstrating the existence of efficient subnetworks that can be utilized for various tasks.",
        "discussion": {
            "advantage": "The benchmark contributes to understanding model efficiency and the potential for subnetworks in NLP, encouraging further exploration in model compression.",
            "limitation": "The benchmark may have limitations in transferability for subnetworks found on tasks other than masked language modeling.",
            "future work": "Future research should explore the implications of these findings on model training and the development of more efficient architectures."
        },
        "other info": []
    },
    "mount_outline": [
        {
            "section number": "1.1",
            "key information": "This paper addresses the issue of identifying smaller matching subnetworks within pre-trained BERT models that can train in isolation to full accuracy, contributing to the understanding of model efficiency in NLP."
        },
        {
            "section number": "2.2",
            "key information": "The benchmark is designed to assess the existence of trainable, transferrable subnetworks within pre-trained BERT models across various downstream tasks."
        },
        {
            "section number": "3.1",
            "key information": "The inspiration behind the benchmark stems from the lottery ticket hypothesis, which suggests that smaller subnetworks within larger models can achieve competitive performance."
        },
        {
            "section number": "4.1",
            "key information": "Models were evaluated based on their performance on various downstream NLP tasks using the identified subnetworks, focusing on metrics such as Accuracy and F1-score."
        },
        {
            "section number": "5.3",
            "key information": "The findings highlight the relevance of the lottery ticket hypothesis in the context of pre-trained BERT models, demonstrating the existence of efficient subnetworks that can be utilized for various tasks."
        },
        {
            "section number": "6.1",
            "key information": "The benchmark contributes to understanding model efficiency and the potential for subnetworks in NLP, encouraging further exploration in model compression."
        }
    ],
    "similarity_score": null,
    "image": null,
    "path": "/home/liudingyuan/code/SurveyX/code/SurveyX-main/outputs/t14/papers/The lottery ticket hypothesis for pre-trained BERT networks.json"
}