{
    "from": null,
    "scholar_id": null,
    "detail_id": null,
    "title": "ThiNet: A filter level pruning method for deep neural network compression",
    "abstract": "We propose an efficient and unified framework, namely ThiNet, to simultaneously accelerate and compress CNN models in both training and inference stages. We focus on the filter level pruning, i.e., the whole filter would be discarded if it is less important. Our method does not change the original network structure, thus it can be perfectly supported by any off-the-shelf deep learning libraries. We formally establish filter pruning as an optimization problem, and reveal that we need to prune filters based on statistics information computed from its next layer, not the current layer, which differentiates ThiNet from existing methods. Experimental results demonstrate the effectiveness of this strategy, which has advanced the state-of-the-art. We also show the performance of ThiNet on ILSVRC-12 benchmark. ThiNet achieves 3.31 x FLOPs reduction and 16.63\u00d7 compression on VGG-16, with only 0.52% top-5 accuracy drop. Similar experiments with ResNet-50 reveal that even for a compact network, ThiNet can also reduce more than half of the parameters and FLOPs, at the cost of roughly 1% top-5 accuracy drop. Moreover, the original VGG-16 model can be further pruned into a very small model with only 5.05MB model size, preserving AlexNet level accuracy but showing much stronger generalization ability.",
    "arxivid": "1707.06342v1",
    "bib_name": "ThiNet:Afi14",
    "md_text": "# ThiNet: A filter level pruning method for deep neural network compression\n\n\nabstract\n\nWe propose an efficient and unified framework, namely ThiNet, to simultaneously accelerate and compress CNN models in both training and inference stages. We focus on the filter level pruning, i.e., the whole filter would be discarded if it is less important. Our method does not change the original network structure, thus it can be perfectly supported by any off-the-shelf deep learning libraries. We formally establish filter pruning as an optimization problem, and reveal that we need to prune filters based on statistics information computed from its next layer, not the current layer, which differentiates ThiNet from existing methods. Experimental results demonstrate the effectiveness of this strategy, which has advanced the state-of-the-art. We also show the performance of ThiNet on ILSVRC-12 benchmark. ThiNet achieves 3.31 x FLOPs reduction and 16.63\u00d7 compression on VGG-16, with only 0.52% top-5 accuracy drop. Similar experiments with ResNet-50 reveal that even for a compact network, ThiNet can also reduce more than half of the parameters and FLOPs, at the cost of roughly 1% top-5 accuracy drop. Moreover, the original VGG-16 model can be further pruned into a very small model with only 5.05MB model size, preserving AlexNet level accuracy but showing much stronger generalization ability.",
    "paper_type": "method",
    "attri": {
        "background": "This paper addresses the issue of deep neural network compression and acceleration, focusing on filter level pruning to enhance CNN models during both training and inference stages. Previous methods have struggled with the balance between maintaining model accuracy and reducing computational resources, necessitating a new approach to filter pruning.",
        "problem": {
            "definition": "The problem involves identifying and discarding less important filters in convolutional neural networks (CNNs) to improve efficiency without compromising accuracy.",
            "key obstacle": "The main difficulty lies in determining which filters are less important, as existing methods typically rely on current layer statistics, which may not accurately reflect the importance of filters for the overall network performance."
        },
        "idea": {
            "intuition": "The idea is inspired by the observation that filter importance should be assessed based on statistics from the next layer rather than the current layer, leading to more effective pruning.",
            "opinion": "ThiNet proposes a unified framework for filter level pruning that does not alter the original network structure, making it compatible with existing deep learning libraries.",
            "innovation": "The key innovation of ThiNet is its formulation of filter pruning as an optimization problem that leverages next layer statistics, differentiating it from traditional methods that rely on current layer information."
        },
        "method": {
            "method name": "ThiNet",
            "method abbreviation": "TN",
            "method definition": "ThiNet is a filter level pruning method that discards less important filters based on statistical information computed from the next layer, optimizing the CNN without altering its structure.",
            "method description": "ThiNet effectively prunes filters from CNNs to achieve significant reductions in both computational load and model size while maintaining high accuracy.",
            "method steps": "1. Analyze filter importance using next layer statistics. 2. Prune less important filters. 3. Optimize the remaining filters for performance.",
            "principle": "ThiNet's effectiveness stems from its unique approach of utilizing next layer statistics to determine filter importance, which allows for more accurate pruning and better overall model performance."
        },
        "experiments": {
            "evaluation setting": "Experiments were conducted using VGG-16 and ResNet-50 architectures on the ILSVRC-12 benchmark, comparing ThiNet's performance with baseline methods.",
            "evaluation method": "Performance was assessed by measuring FLOPs reduction, model compression ratios, and top-5 accuracy drops resulting from the pruning process."
        },
        "conclusion": "ThiNet demonstrates significant advancements in model compression and efficiency, achieving a 3.31x reduction in FLOPs and 16.63x compression on VGG-16 with minimal accuracy loss, showcasing its effectiveness in practical applications.",
        "discussion": {
            "advantage": "The primary advantage of ThiNet is its ability to maintain high accuracy while achieving substantial reductions in model size and computational requirements, making it suitable for deployment in resource-constrained environments.",
            "limitation": "A limitation of ThiNet is that while it reduces parameters and FLOPs, there is still a trade-off in accuracy, particularly for more compact networks like ResNet-50.",
            "future work": "Future research could explore further optimization of the pruning process, investigate the applicability of ThiNet to other network architectures, and enhance the method's robustness against accuracy drops."
        },
        "other info": []
    },
    "mount_outline": [
        {
            "section number": "1.1",
            "key information": "This paper addresses the issue of deep neural network compression and acceleration, focusing on filter level pruning to enhance CNN models during both training and inference stages."
        },
        {
            "section number": "1.2",
            "key information": "The problem involves identifying and discarding less important filters in convolutional neural networks (CNNs) to improve efficiency without compromising accuracy."
        },
        {
            "section number": "2.3",
            "key information": "ThiNet is a filter level pruning method that discards less important filters based on statistical information computed from the next layer, optimizing the CNN without altering its structure."
        },
        {
            "section number": "3.1",
            "key information": "The main difficulty lies in determining which filters are less important, as existing methods typically rely on current layer statistics, which may not accurately reflect the importance of filters for the overall network performance."
        },
        {
            "section number": "4.1",
            "key information": "Performance was assessed by measuring FLOPs reduction, model compression ratios, and top-5 accuracy drops resulting from the pruning process."
        },
        {
            "section number": "5.1",
            "key information": "The primary advantage of ThiNet is its ability to maintain high accuracy while achieving substantial reductions in model size and computational requirements."
        },
        {
            "section number": "6.1",
            "key information": "ThiNet demonstrates significant advancements in model compression and efficiency, achieving a 3.31x reduction in FLOPs and 16.63x compression on VGG-16 with minimal accuracy loss."
        }
    ],
    "similarity_score": null,
    "image": null,
    "path": "/home/liudingyuan/code/SurveyX/code/SurveyX-main/outputs/t14/papers/ThiNet_ A filter level pruning method for deep neural network compression.json"
}