{
    "from": null,
    "scholar_id": null,
    "detail_id": null,
    "title": "Towards compact ConvNets via structure-sparsity regularized filter pruning",
    "abstract": "The success of convolutional neural networks (CNNs) in computer vision applications has been accompanied by a significant increase of computation and memory costs, which prohibits its usage on resource-limited environments such as mobile or embedded devices. To this end, the research of CNN compression has recently become emerging. In this paper, we propose a novel filter pruning scheme, termed structured sparsity regularization (SSR), to simultaneously speedup the computation and reduce the memory overhead of CNNs, which can be well supported by various off-the-shelf deep learning libraries. Concretely, the proposed scheme incorporates two different regularizers of structured sparsity into the original objective function of filter pruning, which fully coordinates the global outputs and local pruning operations to adaptively prune filters. We further propose an Alternative Updating with Lagrange Multipliers (AULM) scheme to efficiently solve its optimization. AULM follows the principle of ADMM and alternates between promoting the structured sparsity of CNNs and optimizing the recognition loss, which leads to a very efficient solver (2.5x to the most recent work that directly solves the group sparsity-based regularization). Moreover, by imposing the structured sparsity, the online inference is extremely memory-light, since the number of filters and the output feature maps are simultaneously reduced. The proposed scheme has been deployed to a variety of state-of-the-art CNN structures including LeNet, AlexNet, VGG, ResNet and GoogLeNet over different datasets. Quantitative results demonstrate that the proposed scheme achieves superior performance over the state-of-the-art methods. We further demonstrate the proposed compression scheme for the task of transfer learning, including domain adaptation and object detection, which also show exciting performance gains over the state-of-the-arts.",
    "arxivid": "1901.07827v2",
    "bib_name": "Towardscom83",
    "md_text": "# Towards compact ConvNets via structure-sparsity regularized filter pruning\n\n\nabstract\n\nThe success of convolutional neural networks (CNNs) in computer vision applications has been accompanied by a significant increase of computation and memory costs, which prohibits its usage on resource-limited environments such as mobile or embedded devices. To this end, the research of CNN compression has recently become emerging. In this paper, we propose a novel filter pruning scheme, termed structured sparsity regularization (SSR), to simultaneously speedup the computation and reduce the memory overhead of CNNs, which can be well supported by various off-the-shelf deep learning libraries. Concretely, the proposed scheme incorporates two different regularizers of structured sparsity into the original objective function of filter pruning, which fully coordinates the global outputs and local pruning operations to adaptively prune filters. We further propose an Alternative Updating with Lagrange Multipliers (AULM) scheme to efficiently solve its optimization. AULM follows the principle of ADMM and alternates between promoting the structured sparsity of CNNs and optimizing the recognition loss, which leads to a very efficient solver (2.5x to the most recent work that directly solves the group sparsity-based regularization). Moreover, by imposing the structured sparsity, the online inference is extremely memory-light, since the number of filters and the output feature maps are simultaneously reduced. The proposed scheme has been deployed to a variety of state-of-the-art CNN structures including LeNet, AlexNet, VGG, ResNet and GoogLeNet over different datasets. Quantitative results demonstrate that the proposed scheme achieves superior performance over the state-of-the-art methods. We further demonstrate the proposed compression scheme for the task of transfer learning, including domain adaptation and object detection, which also show exciting performance gains over the state-of-the-arts.",
    "paper_type": "method",
    "attri": {
        "background": "The paper addresses the increasing computation and memory costs associated with convolutional neural networks (CNNs) in computer vision applications, which limits their usage in resource-constrained environments. It highlights the necessity for CNN compression techniques to facilitate their deployment on mobile and embedded devices.",
        "problem": {
            "definition": "The problem is the high computational and memory demands of CNNs, which hinder their application in environments with limited resources.",
            "key obstacle": "The main challenge is the inefficiency of existing methods in effectively reducing the size and complexity of CNNs without significantly degrading their performance."
        },
        "idea": {
            "intuition": "The idea is inspired by the need to balance computational efficiency and model performance through a structured approach to filter pruning.",
            "opinion": "The proposed method, structured sparsity regularization (SSR), aims to enhance CNNs by integrating structured sparsity into the filter pruning process, allowing for adaptive filter removal.",
            "innovation": "The key innovation lies in the incorporation of two different structured sparsity regularizers into the pruning objective, which differentiates it from existing filter pruning methods."
        },
        "method": {
            "method name": "Structured Sparsity Regularization",
            "method abbreviation": "SSR",
            "method definition": "SSR is a filter pruning technique that incorporates structured sparsity regularization into the optimization of CNNs to simultaneously enhance computational efficiency and reduce memory usage.",
            "method description": "The method adaptively prunes filters while maintaining the overall performance of the CNNs.",
            "method steps": "1. Define the original objective function with structured sparsity regularizers. 2. Optimize the recognition loss while promoting structured sparsity using the AULM scheme. 3. Iterate the process to achieve the desired filter pruning.",
            "principle": "The effectiveness of SSR is based on the principle of alternating optimization, which allows for efficient filter pruning while minimizing the recognition loss."
        },
        "experiments": {
            "evaluation setting": "The method was tested on various state-of-the-art CNN architectures, including LeNet, AlexNet, VGG, ResNet, and GoogLeNet across different datasets.",
            "evaluation method": "Performance was assessed through quantitative comparisons with state-of-the-art methods, measuring both computational efficiency and model accuracy."
        },
        "conclusion": "The proposed SSR method demonstrates superior performance in CNN compression, achieving significant gains in efficiency and effectiveness compared to existing approaches, and is applicable to transfer learning tasks.",
        "discussion": {
            "advantage": "The primary advantages include a significant reduction in memory usage and computational cost, while maintaining or improving model performance.",
            "limitation": "A limitation of the method may include its dependency on the specific architecture of the CNNs being pruned, which could affect generalizability.",
            "future work": "Future research could explore further enhancements in the pruning process and its application to a wider range of neural network architectures."
        },
        "other info": []
    },
    "mount_outline": [
        {
            "section number": "1.1",
            "key information": "The paper addresses the increasing computation and memory costs associated with convolutional neural networks (CNNs) in computer vision applications, which limits their usage in resource-constrained environments."
        },
        {
            "section number": "2.2",
            "key information": "The proposed method, structured sparsity regularization (SSR), aims to enhance CNNs by integrating structured sparsity into the filter pruning process, allowing for adaptive filter removal."
        },
        {
            "section number": "2.3",
            "key information": "SSR is a filter pruning technique that incorporates structured sparsity regularization into the optimization of CNNs to simultaneously enhance computational efficiency and reduce memory usage."
        },
        {
            "section number": "3.1",
            "key information": "The main challenge is the inefficiency of existing methods in effectively reducing the size and complexity of CNNs without significantly degrading their performance."
        },
        {
            "section number": "4.1",
            "key information": "Performance was assessed through quantitative comparisons with state-of-the-art methods, measuring both computational efficiency and model accuracy."
        },
        {
            "section number": "5.1",
            "key information": "The primary advantages include a significant reduction in memory usage and computational cost, while maintaining or improving model performance."
        },
        {
            "section number": "6.2",
            "key information": "A limitation of the method may include its dependency on the specific architecture of the CNNs being pruned, which could affect generalizability."
        }
    ],
    "similarity_score": null,
    "image": null,
    "path": "/home/liudingyuan/code/SurveyX/code/SurveyX-main/outputs/t14/papers/Towards compact ConvNets via structure-sparsity regularized filter pruning.json"
}