{
    "from": null,
    "scholar_id": null,
    "detail_id": null,
    "title": "Towards efficient model compression via learned global ranking",
    "abstract": "Pruning convolutional filters has demonstrated its effectiveness in compressing ConvNets. Prior art in filter pruning requires users to specify a target model complexity (e.g., model size or FLOP count) for the resulting architecture. However, determining a target model complexity can be difficult for optimizing various embodied AI applications such as autonomous robots, drones, and user-facing applications. First, both the accuracy and the speed of ConvNets can affect the performance of the application. Second, the performance of the application can be hard to assess without evaluating ConvNets during inference. As a consequence, finding a sweet-spot between the accuracy and speed via filter pruning, which needs to be done in a trial-and-error fashion, can be time-consuming. This work takes a first step toward making this process more efficient by altering the goal of model compression to producing a set of ConvNets with various accuracy and latency trade-offs instead of producing one ConvNet targeting some pre-defined latency constraint. To this end, we propose to learn a global ranking of the filters across different layers of the ConvNet, which is used to obtain a set of ConvNet architectures that have different accuracy/latency trade-offs by pruning the bottom-ranked filters. Our proposed algorithm, LeGR, is shown to be 2\u00d7 to 3\u00d7 faster than prior work while having comparable or better performance when targeting seven pruned ResNet-56 with different accuracy/FLOPs profiles on the CIFAR-100 dataset. Additionally, we have evaluated LeGR on ImageNet and Bird-200 with ResNet-50 and Mo- bileNetV2 to demonstrate its effectiveness. Code available at https://github.com/cmu-enyac/LeGR.",
    "arxivid": "1904.12368v2",
    "bib_name": "Towardseff141",
    "md_text": "# Towards efficient model compression via learned global ranking\n\n\nabstract\n\nPruning convolutional filters has demonstrated its effectiveness in compressing ConvNets. Prior art in filter pruning requires users to specify a target model complexity (e.g., model size or FLOP count) for the resulting architecture. However, determining a target model complexity can be difficult for optimizing various embodied AI applications such as autonomous robots, drones, and user-facing applications. First, both the accuracy and the speed of ConvNets can affect the performance of the application. Second, the performance of the application can be hard to assess without evaluating ConvNets during inference. As a consequence, finding a sweet-spot between the accuracy and speed via filter pruning, which needs to be done in a trial-and-error fashion, can be time-consuming. This work takes a first step toward making this process more efficient by altering the goal of model compression to producing a set of ConvNets with various accuracy and latency trade-offs instead of producing one ConvNet targeting some pre-defined latency constraint. To this end, we propose to learn a global ranking of the filters across different layers of the ConvNet, which is used to obtain a set of ConvNet architectures that have different accuracy/latency trade-offs by pruning the bottom-ranked filters. Our proposed algorithm, LeGR, is shown to be 2\u00d7 to 3\u00d7 faster than prior work while having comparable or better performance when targeting seven pruned ResNet-56 with different accuracy/FLOPs profiles on the CIFAR-100 dataset. Additionally, we have evaluated LeGR on ImageNet and Bird-200 with ResNet-50 and Mo- bileNetV2 to demonstrate its effectiveness. Code available at https://github.com/cmu-enyac/LeGR.",
    "paper_type": "method",
    "attri": {
        "background": "Pruning convolutional filters has demonstrated its effectiveness in compressing ConvNets. Prior methods require users to specify a target model complexity, which can be challenging for various AI applications. The accuracy and speed of ConvNets affect application performance, complicating the assessment of ConvNets during inference. Thus, finding a balance between accuracy and speed through filter pruning can be time-consuming.",
        "problem": {
            "definition": "The paper aims to address the challenge of efficiently producing ConvNet architectures that balance accuracy and latency without requiring users to pre-define a target model complexity.",
            "key obstacle": "The main difficulty lies in the trial-and-error nature of existing filter pruning methods, which makes it hard to efficiently explore the trade-offs between accuracy and speed."
        },
        "idea": {
            "intuition": "The idea is inspired by the need for a more efficient model compression process that doesn't rely on predefined constraints, allowing for exploration of various accuracy and latency trade-offs.",
            "opinion": "The proposed method, LeGR, introduces a global ranking of filters across different layers to create a set of ConvNet architectures with varying accuracy/latency trade-offs by pruning lower-ranked filters.",
            "innovation": "LeGR differs from existing methods by focusing on generating multiple ConvNet architectures instead of a single one targeting a predefined latency, making the process faster and more flexible."
        },
        "method": {
            "method name": "Learned Global Ranking",
            "method abbreviation": "LeGR",
            "method definition": "LeGR is a method that learns a global ranking of convolutional filters across different layers, enabling the generation of multiple ConvNet architectures with diverse accuracy and latency profiles.",
            "method description": "LeGR efficiently produces a set of ConvNet architectures by pruning the bottom-ranked filters based on learned global ranking.",
            "method steps": [
                "Learn a global ranking of filters across different layers of the ConvNet.",
                "Prune filters based on their ranking to create various ConvNet architectures.",
                "Evaluate the performance of these architectures in terms of accuracy and latency."
            ],
            "principle": "The effectiveness of LeGR in solving the problem stems from its ability to leverage learned rankings to explore a wide range of accuracy/latency trade-offs efficiently."
        },
        "experiments": {
            "evaluation setting": "The evaluation was conducted on the CIFAR-100 dataset using pruned ResNet-56 architectures, as well as on ImageNet and Bird-200 datasets with ResNet-50 and MobileNetV2.",
            "evaluation method": "The performance of the method was assessed by comparing the accuracy and latency of the generated ConvNet architectures against baseline methods."
        },
        "conclusion": "The experiments demonstrated that LeGR is 2\u00d7 to 3\u00d7 faster than previous methods while achieving comparable or improved performance across various accuracy/FLOPs profiles.",
        "discussion": {
            "advantage": "The key advantages of LeGR include its ability to efficiently generate multiple ConvNet architectures with varying accuracy and latency, reducing the time required for model compression.",
            "limitation": "One limitation of the method may be its reliance on the learned ranking, which could be sensitive to the training data and may not generalize well across all applications.",
            "future work": "Future research could focus on improving the robustness of the learned rankings and exploring additional architectures or datasets to further enhance the method's applicability."
        },
        "other info": {
            "code availability": "The code for LeGR is available at https://github.com/cmu-enyac/LeGR."
        }
    },
    "mount_outline": [
        {
            "section number": "2.2",
            "key information": "Pruning convolutional filters has demonstrated its effectiveness in compressing ConvNets."
        },
        {
            "section number": "2.3",
            "key information": "The main difficulty lies in the trial-and-error nature of existing filter pruning methods, which makes it hard to efficiently explore the trade-offs between accuracy and speed."
        },
        {
            "section number": "3.2",
            "key information": "The proposed method, LeGR, introduces a global ranking of filters across different layers to create a set of ConvNet architectures with varying accuracy/latency trade-offs by pruning lower-ranked filters."
        },
        {
            "section number": "4.1",
            "key information": "The performance of the method was assessed by comparing the accuracy and latency of the generated ConvNet architectures against baseline methods."
        },
        {
            "section number": "5.1",
            "key information": "The effectiveness of LeGR in solving the problem stems from its ability to leverage learned rankings to explore a wide range of accuracy/latency trade-offs efficiently."
        },
        {
            "section number": "6.1",
            "key information": "The key advantages of LeGR include its ability to efficiently generate multiple ConvNet architectures with varying accuracy and latency, reducing the time required for model compression."
        }
    ],
    "similarity_score": null,
    "image": null,
    "path": "/home/liudingyuan/code/SurveyX/code/SurveyX-main/outputs/t14/papers/Towards efficient model compression via learned global ranking.json"
}