{
    "from": null,
    "scholar_id": null,
    "detail_id": null,
    "title": "Towards compact CNNs via collaborative compression",
    "abstract": "Channel pruning and tensor decomposition have received extensive attention in convolutional neural network compression. However, these two techniques are traditionally deployed in an isolated manner, leading to significant accuracy drop when pursuing high compression rates. In this paper, we propose a Collaborative Compression (CC) scheme, which joints channel pruning and tensor decomposition to compress CNN models by simultaneously learning the model sparsity and low-rankness. Specifically, we first investigate the compression sensitivity of each layer in the network, and then propose a Global Compression Rate Optimization that transforms the decision problem of compression rate into an optimization problem. After that, we propose multi-step heuristic compression to remove redundant compression units step-by-step, which fully considers the effect of the remaining compression space (i.e., unremoved compression units). Our method demonstrates superior performance gains over previous ones on various datasets and backbone architectures. For example, we achieve 52.9% FLOPs reduction by removing 48.4% parameters on ResNet-50 with only a Top-1 accuracy drop of 0.56% on ImageNet 2012.",
    "arxivid": "2105.11228v1",
    "bib_name": "Towardscom121",
    "md_text": "# Towards compact CNNs via collaborative compression\n\n\nabstract\n\nChannel pruning and tensor decomposition have received extensive attention in convolutional neural network compression. However, these two techniques are traditionally deployed in an isolated manner, leading to significant accuracy drop when pursuing high compression rates. In this paper, we propose a Collaborative Compression (CC) scheme, which joints channel pruning and tensor decomposition to compress CNN models by simultaneously learning the model sparsity and low-rankness. Specifically, we first investigate the compression sensitivity of each layer in the network, and then propose a Global Compression Rate Optimization that transforms the decision problem of compression rate into an optimization problem. After that, we propose multi-step heuristic compression to remove redundant compression units step-by-step, which fully considers the effect of the remaining compression space (i.e., unremoved compression units). Our method demonstrates superior performance gains over previous ones on various datasets and backbone architectures. For example, we achieve 52.9% FLOPs reduction by removing 48.4% parameters on ResNet-50 with only a Top-1 accuracy drop of 0.56% on ImageNet 2012.",
    "paper_type": "method",
    "attri": {
        "background": "This paper addresses the issue of convolutional neural network (CNN) compression, highlighting the limitations of traditional channel pruning and tensor decomposition techniques when applied in isolation, which can lead to significant drops in accuracy at high compression rates.",
        "problem": {
            "definition": "The problem defined in this paper is the challenge of effectively compressing CNN models without sacrificing accuracy, particularly when using isolated techniques like channel pruning and tensor decomposition.",
            "key obstacle": "The core obstacle is that existing methods, when used independently, do not adequately balance model sparsity and low-rankness, resulting in reduced performance."
        },
        "idea": {
            "intuition": "The intuition behind the proposed idea is to combine channel pruning and tensor decomposition in a collaborative manner to enhance compression effectiveness while maintaining accuracy.",
            "opinion": "The proposed idea, termed Collaborative Compression (CC), involves a joint approach that optimizes both model sparsity and low-rankness during the compression process.",
            "innovation": "The primary innovation of this method lies in its Global Compression Rate Optimization and multi-step heuristic compression, which systematically addresses the compression rate as an optimization problem and removes redundant compression units step-by-step."
        },
        "method": {
            "method name": "Collaborative Compression",
            "method abbreviation": "CC",
            "method definition": "Collaborative Compression is a scheme that integrates channel pruning and tensor decomposition to compress CNN models by jointly optimizing for model sparsity and low-rankness.",
            "method description": "The core of the method is to optimize the compression process through a collaborative approach that considers the sensitivity of each layer and the remaining compression space.",
            "method steps": "1. Investigate compression sensitivity of each layer; 2. Apply Global Compression Rate Optimization; 3. Execute multi-step heuristic compression to remove redundant units.",
            "principle": "This method is effective because it balances the trade-off between sparsity and low-rankness, allowing for higher compression rates without significantly impacting accuracy."
        },
        "experiments": {
            "evaluation setting": "The evaluation was conducted on various datasets and backbone architectures, including ResNet-50 on ImageNet 2012, where the performance of the CC method was compared against baseline methods.",
            "evaluation method": "The performance was assessed by measuring the reduction in FLOPs and parameters, as well as monitoring the impact on Top-1 accuracy."
        },
        "conclusion": "The experiments demonstrate that the Collaborative Compression method achieves superior performance gains, exemplified by a 52.9% reduction in FLOPs and a 48.4% reduction in parameters on ResNet-50 with only a 0.56% drop in Top-1 accuracy on ImageNet 2012.",
        "discussion": {
            "advantage": "The key advantages of the proposed approach are its ability to significantly reduce both parameters and FLOPs while maintaining high accuracy, outperforming existing methods.",
            "limitation": "One limitation of the method may be its complexity in implementation due to the collaborative nature of the optimization process.",
            "future work": "Future work could focus on further refining the optimization techniques and exploring additional architectures to enhance the applicability of the CC method."
        },
        "other info": []
    },
    "mount_outline": [
        {
            "section number": "1.1",
            "key information": "This paper addresses the issue of convolutional neural network (CNN) compression, highlighting the limitations of traditional channel pruning and tensor decomposition techniques when applied in isolation, which can lead to significant drops in accuracy at high compression rates."
        },
        {
            "section number": "2.2",
            "key information": "The problem defined in this paper is the challenge of effectively compressing CNN models without sacrificing accuracy, particularly when using isolated techniques like channel pruning and tensor decomposition."
        },
        {
            "section number": "2.3",
            "key information": "Collaborative Compression (CC) integrates channel pruning and tensor decomposition to compress CNN models by jointly optimizing for model sparsity and low-rankness."
        },
        {
            "section number": "3.1",
            "key information": "The proposed idea, termed Collaborative Compression (CC), involves a joint approach that optimizes both model sparsity and low-rankness during the compression process."
        },
        {
            "section number": "4.2",
            "key information": "The performance was assessed by measuring the reduction in FLOPs and parameters, as well as monitoring the impact on Top-1 accuracy."
        },
        {
            "section number": "5.1",
            "key information": "The experiments demonstrate that the Collaborative Compression method achieves superior performance gains, exemplified by a 52.9% reduction in FLOPs and a 48.4% reduction in parameters on ResNet-50 with only a 0.56% drop in Top-1 accuracy on ImageNet 2012."
        },
        {
            "section number": "6.1",
            "key information": "The key advantages of the proposed approach are its ability to significantly reduce both parameters and FLOPs while maintaining high accuracy, outperforming existing methods."
        }
    ],
    "similarity_score": null,
    "image": null,
    "path": "/home/liudingyuan/code/SurveyX/code/SurveyX-main/outputs/t14/papers/Towards compact CNNs via collaborative compression.json"
}