{
    "from": null,
    "scholar_id": null,
    "detail_id": null,
    "title": "Towards optimal structured CNN pruning via generative adversarial learning",
    "abstract": "Structured pruning of filters or neurons has received increased focus for compressing convolutional neural networks. Most existing methods rely on multi-stage optimizations in a layer-wise manner for iteratively pruning and retraining which may not be optimal and may be computation intensive. Besides, these methods are designed for pruning a specific structure, such as filter or block structures without jointly pruning heterogeneous structures. In this paper, we propose an effective structured pruning approach that jointly prunes filters as well as other structures in an end-to-end manner. To accomplish this, we first introduce a soft mask to scale the output of these structures by defining a new objective function with sparsity regularization to align the output of baseline and network with this mask. We then effectively solve the optimization problem by generative adversarial learning (GAL), which learns a sparse soft mask in a label-free and an end-to-end manner. By forcing more scale factors in the soft mask to zero, the fast iterative shrinkage-thresholding algorithm (FISTA) can be leveraged to fast and reliably remove the corresponding structures. Extensive experiments demonstrate the effectiveness of GAL on different datasets, including MNIST, CIFAR-10 and ImageNet ILSVRC 2012. For example, on ImageNet ILSVRC 2012, the pruned ResNet-50 achieves 10.88% Top-5 error and results in a factor of 3.7x speedup. This significantly outperforms state-of-the-art methods.",
    "arxivid": "1903.09291v1",
    "bib_name": "Towardsopt107",
    "md_text": "# Towards optimal structured CNN pruning via generative adversarial learning\n\n\nabstract\n\nStructured pruning of filters or neurons has received increased focus for compressing convolutional neural networks. Most existing methods rely on multi-stage optimizations in a layer-wise manner for iteratively pruning and retraining which may not be optimal and may be computation intensive. Besides, these methods are designed for pruning a specific structure, such as filter or block structures without jointly pruning heterogeneous structures. In this paper, we propose an effective structured pruning approach that jointly prunes filters as well as other structures in an end-to-end manner. To accomplish this, we first introduce a soft mask to scale the output of these structures by defining a new objective function with sparsity regularization to align the output of baseline and network with this mask. We then effectively solve the optimization problem by generative adversarial learning (GAL), which learns a sparse soft mask in a label-free and an end-to-end manner. By forcing more scale factors in the soft mask to zero, the fast iterative shrinkage-thresholding algorithm (FISTA) can be leveraged to fast and reliably remove the corresponding structures. Extensive experiments demonstrate the effectiveness of GAL on different datasets, including MNIST, CIFAR-10 and ImageNet ILSVRC 2012. For example, on ImageNet ILSVRC 2012, the pruned ResNet-50 achieves 10.88% Top-5 error and results in a factor of 3.7x speedup. This significantly outperforms state-of-the-art methods.",
    "paper_type": "method",
    "attri": {
        "background": "Structured pruning of filters or neurons has received increased focus for compressing convolutional neural networks. Most existing methods rely on multi-stage optimizations in a layer-wise manner for iteratively pruning and retraining, which may not be optimal and may be computation intensive. These methods are designed for pruning a specific structure, such as filter or block structures without jointly pruning heterogeneous structures.",
        "problem": {
            "definition": "The problem addressed in this paper is the inefficiency of existing structured pruning methods that operate in a layer-wise manner and do not consider the joint pruning of heterogeneous structures.",
            "key obstacle": "The main difficulty lies in the computation-intensive nature of multi-stage optimizations and the limitation of existing methods to specific structures, which prevents optimal pruning and retraining."
        },
        "idea": {
            "intuition": "The idea is inspired by the need for a more efficient pruning method that can handle multiple structures simultaneously rather than in isolation.",
            "opinion": "The proposed idea entails using a soft mask and generative adversarial learning to jointly prune filters and other structures in an end-to-end manner.",
            "innovation": "The primary difference between the proposed method and existing approaches is the introduction of a soft mask for output scaling and the use of generative adversarial learning to achieve sparsity without label dependency."
        },
        "method": {
            "method name": "Generative Adversarial Learning for Structured Pruning",
            "method abbreviation": "GAL-SP",
            "method definition": "GAL-SP is a structured pruning approach that utilizes a soft mask for scaling outputs and employs generative adversarial learning to optimize the pruning process in an end-to-end manner.",
            "method description": "The core of GAL-SP involves defining a new objective function with sparsity regularization and solving the optimization problem through adversarial learning.",
            "method steps": "1. Introduce a soft mask to scale outputs. 2. Define a new objective function with sparsity regularization. 3. Utilize generative adversarial learning to optimize the mask. 4. Apply the fast iterative shrinkage-thresholding algorithm to prune structures.",
            "principle": "The method is effective because it allows for joint pruning of heterogeneous structures through an end-to-end learning process, leading to better optimization and resource efficiency."
        },
        "experiments": {
            "evaluation setting": "Extensive experiments were conducted on datasets including MNIST, CIFAR-10, and ImageNet ILSVRC 2012, comparing the performance of the proposed method against state-of-the-art methods.",
            "evaluation method": "The performance of the method was measured by evaluating the Top-5 error rates and speedup factors achieved through pruning."
        },
        "conclusion": "The experiments demonstrate that the pruned ResNet-50 achieves a Top-5 error of 10.88% on ImageNet ILSVRC 2012, resulting in a factor of 3.7x speedup, significantly outperforming existing methods.",
        "discussion": {
            "advantage": "The key advantages of the proposed approach include its ability to jointly prune multiple structures, leading to more efficient resource utilization and improved performance.",
            "limitation": "One limitation of the method may be its reliance on generative adversarial learning, which could introduce complexity in training and implementation.",
            "future work": "Future research could explore further refinements in the adversarial learning process and extend the method to additional network architectures and datasets."
        },
        "other info": []
    },
    "mount_outline": [
        {
            "section number": "2.3",
            "key information": "The proposed method, Generative Adversarial Learning for Structured Pruning (GAL-SP), employs a soft mask for scaling outputs and utilizes generative adversarial learning to optimize the pruning process in an end-to-end manner."
        },
        {
            "section number": "3.1",
            "key information": "The paper highlights the limitations of existing structured pruning methods that operate in a layer-wise manner and do not consider the joint pruning of heterogeneous structures."
        },
        {
            "section number": "4.1",
            "key information": "The evaluation of the proposed method measured performance using Top-5 error rates and speedup factors, demonstrating significant improvements over existing methods."
        },
        {
            "section number": "5.1",
            "key information": "The experiments show that the pruned ResNet-50 achieves a Top-5 error of 10.88% on ImageNet ILSVRC 2012, resulting in a factor of 3.7x speedup, indicating a trade-off between model size and accuracy."
        },
        {
            "section number": "6.1",
            "key information": "The key advantages of the proposed approach include its ability to jointly prune multiple structures, leading to more efficient resource utilization and improved performance."
        }
    ],
    "similarity_score": null,
    "image": null,
    "path": "/home/liudingyuan/code/SurveyX/code/SurveyX-main/outputs/t14/papers/Towards optimal structured CNN pruning via generative adversarial learning.json"
}