{
    "from": null,
    "scholar_id": null,
    "detail_id": null,
    "title": "Towards efficient end-to-end speech recognition with biologically-inspired neural networks",
    "abstract": "Automatic speech recognition (ASR) is a capability which enables a program to process human speech into a written form. Recent developments in artificial intelligence (AI) have led to high-accuracy ASR systems based on deep neural networks, such as the recurrent neural network transducer (RNN-T). However, the core components and the performed operations of these approaches depart from the powerful biological counterpart, i.e., the human brain. On the other hand, the current developments in biologically-inspired ASR models, based on spiking neural networks (SNNs), lag behind in terms of accuracy and focus primarily on small scale applications. In this work, we revisit the incorporation of biologically-plausible models into deep learning and we substantially enhance their capabilities, by taking inspiration from the diverse neural and synaptic dynamics found in the brain. In particular, we introduce neural connectivity concepts emulating the axo-somatic and the axo-axonic synapses. Based on this, we propose novel deep learning units with enriched neuro-synaptic dynamics and integrate them into the RNN-T architecture. We demonstrate for the first time, that a biologically realistic implementation of a large-scale ASR model can yield competitive performance levels compared to the existing deep learning models. Specifically, we show that such an implementation bears several advantages, such as a reduced computational cost and a lower latency, which are critical for speech recognition applications.",
    "arxivid": "2110.02743v2",
    "bib_name": "Towardseff3",
    "md_text": "# Towards efficient end-to-end speech recognition with biologically-inspired neural networks\n\n\nabstract\n\nAutomatic speech recognition (ASR) is a capability which enables a program to process human speech into a written form. Recent developments in artificial intelligence (AI) have led to high-accuracy ASR systems based on deep neural networks, such as the recurrent neural network transducer (RNN-T). However, the core components and the performed operations of these approaches depart from the powerful biological counterpart, i.e., the human brain. On the other hand, the current developments in biologically-inspired ASR models, based on spiking neural networks (SNNs), lag behind in terms of accuracy and focus primarily on small scale applications. In this work, we revisit the incorporation of biologically-plausible models into deep learning and we substantially enhance their capabilities, by taking inspiration from the diverse neural and synaptic dynamics found in the brain. In particular, we introduce neural connectivity concepts emulating the axo-somatic and the axo-axonic synapses. Based on this, we propose novel deep learning units with enriched neuro-synaptic dynamics and integrate them into the RNN-T architecture. We demonstrate for the first time, that a biologically realistic implementation of a large-scale ASR model can yield competitive performance levels compared to the existing deep learning models. Specifically, we show that such an implementation bears several advantages, such as a reduced computational cost and a lower latency, which are critical for speech recognition applications.",
    "paper_type": "method",
    "attri": {
        "background": "This paper addresses the issue of automatic speech recognition (ASR) systems, which have made significant strides through deep learning methods like the recurrent neural network transducer (RNN-T). However, these methods diverge from the biological processes of the human brain. Biologically-inspired ASR models using spiking neural networks (SNNs) have not achieved comparable accuracy and are primarily limited to small-scale applications. This necessitates a new approach to integrate biologically-plausible models into deep learning for improved performance.",
        "problem": {
            "definition": "The problem is the gap in performance between existing deep learning-based ASR systems and biologically-inspired models, which limits the effectiveness of ASR in practical applications.",
            "key obstacle": "The main challenge is the inability of current biologically-inspired models to achieve high accuracy and scalability, which hampers their adoption in real-world ASR tasks."
        },
        "idea": {
            "intuition": "The idea stems from the observation that the human brain exhibits complex neural and synaptic dynamics that can be leveraged to enhance machine learning models.",
            "opinion": "The proposed idea involves integrating neuro-synaptic dynamics into deep learning units within the RNN-T architecture to create a biologically realistic ASR model.",
            "innovation": "The key innovation lies in the introduction of neural connectivity concepts that mimic axo-somatic and axo-axonic synapses, which enrich the model's dynamics and improve performance."
        },
        "method": {
            "method name": "Biologically-Inspired RNN-T",
            "method abbreviation": "BIRNN-T",
            "method definition": "BIRNN-T is a deep learning architecture that incorporates biologically-inspired neuro-synaptic dynamics into the recurrent neural network transducer framework to enhance speech recognition capabilities.",
            "method description": "This method integrates advanced neural connectivity concepts into the RNN-T architecture to improve ASR performance.",
            "method steps": "1. Incorporate neuro-synaptic dynamics into deep learning units; 2. Integrate these units into the RNN-T architecture; 3. Train the model on large-scale ASR datasets; 4. Evaluate performance against existing models.",
            "principle": "This method is effective because it emulates the complex dynamics of the human brain, leading to reduced computational costs and lower latency in speech recognition tasks."
        },
        "experiments": {
            "evaluation setting": "The experimental setup involved training the BIRNN-T model on large-scale ASR datasets, comparing its performance against baseline deep learning models.",
            "evaluation method": "Performance was assessed through accuracy metrics and computational efficiency, measuring both latency and resource utilization during speech recognition tasks."
        },
        "conclusion": "The experiments demonstrate that the biologically-inspired RNN-T model achieves competitive performance with existing deep learning approaches while offering advantages in computational cost and latency, indicating its potential for practical ASR applications.",
        "discussion": {
            "advantage": "The key advantages of the proposed approach include enhanced performance in terms of accuracy, reduced computational costs, and lower latency, making it suitable for real-time applications.",
            "limitation": "One limitation of the method is its reliance on complex biological principles, which may introduce challenges in model training and implementation.",
            "future work": "Future research should focus on optimizing the training process for the BIRNN-T model and exploring further enhancements based on additional biological insights."
        },
        "other info": [
            {
                "info1": "The study emphasizes the importance of biologically-inspired models in advancing ASR technology."
            },
            {
                "info2": {
                    "info2.1": "The integration of biological principles into machine learning models is a growing area of research.",
                    "info2.2": "The findings suggest potential applications beyond ASR in other domains requiring real-time processing."
                }
            }
        ]
    },
    "mount_outline": [
        {
            "section number": "1.1",
            "key information": "The study emphasizes the importance of biologically-inspired models in advancing automatic speech recognition (ASR) technology."
        },
        {
            "section number": "1.2",
            "key information": "This paper addresses the gap in performance between existing deep learning-based ASR systems and biologically-inspired models, defining the boundaries of the survey in the context of model optimization."
        },
        {
            "section number": "2.1",
            "key information": "The paper discusses deep learning methods like the recurrent neural network transducer (RNN-T) and their role in ASR systems."
        },
        {
            "section number": "2.2",
            "key information": "The proposed method, Biologically-Inspired RNN-T (BIRNN-T), integrates advanced neural connectivity concepts into the RNN-T architecture to improve ASR performance."
        },
        {
            "section number": "3.2",
            "key information": "The paper explores the integration of neuro-synaptic dynamics into deep learning models, representing a novel pruning approach in the context of ASR."
        },
        {
            "section number": "4.1",
            "key information": "Performance was assessed through accuracy metrics and computational efficiency, measuring both latency and resource utilization during speech recognition tasks."
        },
        {
            "section number": "5.2",
            "key information": "The BIRNN-T model offers advantages in computational cost and latency, indicating its impact on resource utilization in ASR."
        },
        {
            "section number": "6.1",
            "key information": "The paper recommends optimizing the training process for the BIRNN-T model as a best practice in neural network optimization."
        },
        {
            "section number": "6.3",
            "key information": "Future research should focus on exploring further enhancements based on additional biological insights, identifying ongoing challenges in model training and implementation."
        }
    ],
    "similarity_score": null,
    "image": null,
    "path": "/home/liudingyuan/code/SurveyX/code/SurveyX-main/outputs/t14/papers/Towards efficient end-to-end speech recognition with biologically-inspired neural networks.json"
}