{
    "from": null,
    "scholar_id": null,
    "detail_id": null,
    "title": "Towards compact and robust deep neural networks",
    "abstract": "Deep neural networks have achieved impressive performance in many applications but their large number of parameters lead to significant computational and storage overheads. Several recent works attempt to mitigate these overheads by designing compact networks using pruning of connections. However, we observe that most of the existing strategies to design compact networks fail to preserve network robustness against adversarial examples. In this work, we rigorously study the extension of network pruning strategies to preserve both benign accuracy and robustness of a network. Starting with a formal definition of the pruning procedure, including pre-training, weights pruning, and fine-tuning, we propose a new pruning method that can create compact networks while preserving both benign accuracy and robustness. Our method is based on two main insights: (1) we ensure that the training objectives of the pre-training and fine-tuning steps match the training objective of the desired robust model (e.g., adversarial robustness/verifiable robustness), and (2) we keep the pruning strategy agnostic to pre-training and fine-tuning objectives. We evaluate our method on four different networks on the CIFAR-10 dataset and measure benign accuracy, empirical robust accuracy, and verifiable robust accuracy. We demonstrate that our pruning method can preserve on average 93\\% benign accuracy, 92.5\\% empirical robust accuracy, and 85.0\\% verifiable robust accuracy while compressing the tested network by 10$\\times$.",
    "arxivid": "1906.06110v1",
    "bib_name": "Towardscom120",
    "md_text": "# Towards compact and robust deep neural networks\n\n\nabstract\n\nDeep neural networks have achieved impressive performance in many applications but their large number of parameters lead to significant computational and storage overheads. Several recent works attempt to mitigate these overheads by designing compact networks using pruning of connections. However, we observe that most of the existing strategies to design compact networks fail to preserve network robustness against adversarial examples. In this work, we rigorously study the extension of network pruning strategies to preserve both benign accuracy and robustness of a network. Starting with a formal definition of the pruning procedure, including pre-training, weights pruning, and fine-tuning, we propose a new pruning method that can create compact networks while preserving both benign accuracy and robustness. Our method is based on two main insights: (1) we ensure that the training objectives of the pre-training and fine-tuning steps match the training objective of the desired robust model (e.g., adversarial robustness/verifiable robustness), and (2) we keep the pruning strategy agnostic to pre-training and fine-tuning objectives. We evaluate our method on four different networks on the CIFAR-10 dataset and measure benign accuracy, empirical robust accuracy, and verifiable robust accuracy. We demonstrate that our pruning method can preserve on average 93\\% benign accuracy, 92.5\\% empirical robust accuracy, and 85.0\\% verifiable robust accuracy while compressing the tested network by 10$\\times$.",
    "paper_type": "method",
    "attri": {
        "background": "This paper addresses the issue of computational and storage overheads caused by the large number of parameters in deep neural networks, highlighting that existing compact network design strategies often fail to maintain robustness against adversarial examples.",
        "problem": {
            "definition": "The problem is the challenge of designing compact deep neural networks that not only reduce computational and storage requirements but also maintain high levels of accuracy and robustness against adversarial attacks.",
            "key obstacle": "The core obstacle is that most existing pruning strategies compromise the robustness of the networks, leading to decreased performance when faced with adversarial examples."
        },
        "idea": {
            "intuition": "The idea is inspired by the need to balance compactness with robustness, recognizing that traditional methods do not adequately address the preservation of network performance against adversarial threats.",
            "opinion": "The proposed idea is a new pruning method that aims to create compact networks while ensuring both benign accuracy and robustness are preserved.",
            "innovation": "The primary innovation lies in the proposed pruning method which aligns the training objectives of pre-training and fine-tuning with the robustness goals of the model, while keeping the pruning strategy independent of these objectives."
        },
        "method": {
            "method name": "Robust Pruning Method",
            "method abbreviation": "RPM",
            "method definition": "The method involves a formal pruning procedure that includes pre-training, weights pruning, and fine-tuning, specifically designed to maintain robustness and accuracy.",
            "method description": "The core of the method focuses on matching training objectives to ensure that the compacted network retains its performance against adversarial examples.",
            "method steps": "1. Pre-train the network with a focus on robustness objectives; 2. Apply weights pruning; 3. Fine-tune the pruned network to align with the desired robust model objectives.",
            "principle": "This method is effective because it ensures that the training processes are aligned with the robustness goals, leading to networks that retain high accuracy even after pruning."
        },
        "experiments": {
            "evaluation setting": "The method was evaluated on four different networks using the CIFAR-10 dataset, comparing results against baseline methods.",
            "evaluation method": "Performance was assessed by measuring benign accuracy, empirical robust accuracy, and verifiable robust accuracy post-pruning."
        },
        "conclusion": "The experiments demonstrate that the proposed pruning method can maintain an average of 93% benign accuracy, 92.5% empirical robust accuracy, and 85.0% verifiable robust accuracy while achieving a compression of the tested networks by 10x.",
        "discussion": {
            "advantage": "The key advantage of the proposed approach is its ability to effectively balance network compactness with robustness, outperforming existing methods that compromise on one for the other.",
            "limitation": "One limitation may be the dependency on the specific training objectives set during pre-training and fine-tuning, which could vary across different applications.",
            "future work": "Future research could explore further optimizations in the pruning process and the application of this method to a wider range of network architectures and datasets."
        },
        "other info": {}
    },
    "mount_outline": [
        {
            "section number": "1.1",
            "key information": "Pruning is crucial for reducing computational and storage overheads in deep neural networks while maintaining robustness against adversarial examples."
        },
        {
            "section number": "2.3",
            "key information": "The proposed Robust Pruning Method (RPM) aims to create compact networks while ensuring both benign accuracy and robustness against adversarial attacks."
        },
        {
            "section number": "3.2",
            "key information": "The innovation in RPM lies in aligning the training objectives of pre-training and fine-tuning with the robustness goals of the model."
        },
        {
            "section number": "4.1",
            "key information": "Evaluation of the RPM includes measuring benign accuracy, empirical robust accuracy, and verifiable robust accuracy post-pruning."
        },
        {
            "section number": "5.1",
            "key information": "The RPM maintains an average of 93% benign accuracy, 92.5% empirical robust accuracy, and 85.0% verifiable robust accuracy while achieving a 10x compression of the tested networks."
        },
        {
            "section number": "6.1",
            "key information": "Best practices include aligning training processes with robustness goals to ensure high accuracy even after pruning."
        },
        {
            "section number": "6.3",
            "key information": "Future research could explore optimizations in the pruning process and the broader application of the RPM to various network architectures and datasets."
        }
    ],
    "similarity_score": null,
    "image": null,
    "path": "/home/liudingyuan/code/SurveyX/code/SurveyX-main/outputs/t14/papers/Towards compact and robust deep neural networks.json"
}