{
    "from": null,
    "scholar_id": null,
    "detail_id": null,
    "title": "Training data-efficient image transformers & distillation through attention",
    "abstract": "Recently, neural networks purely based on attention were shown to address image understanding tasks such as image classification. However, these visual transformers are pre-trained with hundreds of millions of images using an expensive infrastructure, thereby limiting their adoption. In this work, we produce a competitive convolution-free transformer by training on Imagenet only. We train them on a single computer in less than 3 days. Our reference vision transformer (86M parameters) achieves top-1 accuracy of 83.1% (single-crop evaluation) on ImageNet with no external data. More importantly, we introduce a teacher-student strategy specific to transformers. It relies on a distillation token ensuring that the student learns from the teacher through attention. We show the interest of this token-based distillation, especially when using a convnet as a teacher. This leads us to report results competitive with convnets for both Imagenet (where we obtain up to 85.2% accuracy) and when transferring to other tasks. We share our code and models.",
    "arxivid": "2012.12877v2",
    "bib_name": "Trainingda147",
    "md_text": "# Training data-efficient image transformers & distillation through attention\n\n\nabstract\n\nRecently, neural networks purely based on attention were shown to address image understanding tasks such as image classification. However, these visual transformers are pre-trained with hundreds of millions of images using an expensive infrastructure, thereby limiting their adoption. In this work, we produce a competitive convolution-free transformer by training on Imagenet only. We train them on a single computer in less than 3 days. Our reference vision transformer (86M parameters) achieves top-1 accuracy of 83.1% (single-crop evaluation) on ImageNet with no external data. More importantly, we introduce a teacher-student strategy specific to transformers. It relies on a distillation token ensuring that the student learns from the teacher through attention. We show the interest of this token-based distillation, especially when using a convnet as a teacher. This leads us to report results competitive with convnets for both Imagenet (where we obtain up to 85.2% accuracy) and when transferring to other tasks. We share our code and models.",
    "paper_type": "method",
    "attri": {
        "background": "This paper addresses the issue of the high resource requirements for training visual transformers on large datasets, which limits their accessibility and adoption for image understanding tasks.",
        "problem": {
            "definition": "The problem is the difficulty in training competitive visual transformers due to the need for extensive computational resources and large datasets, making it challenging for practitioners to utilize these models effectively.",
            "key obstacle": "The core obstacle is the reliance on expensive infrastructure and vast amounts of training data, which hinders the deployment of transformer models in practical applications."
        },
        "idea": {
            "intuition": "The intuition behind the proposed idea is to create a more accessible training method for visual transformers that reduces reliance on large datasets and expensive computing resources.",
            "opinion": "The proposed idea involves training a convolution-free transformer model on ImageNet using a teacher-student strategy that leverages attention mechanisms for effective learning.",
            "innovation": "The primary innovation lies in the introduction of a distillation token that facilitates knowledge transfer from a teacher model (convnet) to a student transformer, enhancing the learning process without the need for extensive data."
        },
        "method": {
            "method name": "Competitive Convolution-Free Transformer",
            "method abbreviation": "CCT",
            "method definition": "The method is defined as a training approach for visual transformers that utilizes a teacher-student framework with a distillation token, enabling effective learning with limited resources.",
            "method description": "This method trains a vision transformer on ImageNet in under three days on a single computer while achieving competitive accuracy.",
            "method steps": "1. Pre-train a teacher convnet on ImageNet. 2. Utilize the convnet to guide the student transformer through a distillation token. 3. Evaluate the performance of the student transformer on image classification tasks.",
            "principle": "The method is effective due to the distillation token, which allows the student model to focus on important features highlighted by the teacher, enhancing its learning efficiency."
        },
        "experiments": {
            "evaluation setting": "The experimental setup involved training on the ImageNet dataset, comparing the performance of the proposed method against baseline convolutional networks.",
            "evaluation method": "The evaluation method included measuring top-1 accuracy on the ImageNet validation set and assessing performance on additional tasks after transferring the learned representations."
        },
        "conclusion": "The outcomes demonstrate that the proposed convolution-free transformer achieves competitive accuracy with significantly lower resource requirements, making it a viable alternative for image understanding tasks.",
        "discussion": {
            "advantage": "The key advantages of the proposed approach include reduced training time and resource requirements, making advanced transformer models more accessible for practitioners.",
            "limitation": "A limitation of the method is that while it shows competitive performance, it may not match the accuracy of larger models trained on extensive datasets.",
            "future work": "Future work could explore optimizing the distillation process further, experimenting with different teacher architectures, and applying the method to a broader range of image understanding tasks."
        },
        "other info": []
    },
    "mount_outline": [
        {
            "section number": "1.1",
            "key information": "The importance of pruning in the context of deep neural networks can be related to the proposed training method for visual transformers, which aims to reduce resource requirements, thereby enhancing model efficiency."
        },
        {
            "section number": "2.2",
            "key information": "The method definition of the Competitive Convolution-Free Transformer (CCT) can be used to explain a novel model compression technique that improves efficiency by utilizing a teacher-student framework."
        },
        {
            "section number": "3.2",
            "key information": "The introduction of a distillation token in the proposed method represents a novel pruning approach that enhances learning efficiency without the need for extensive data."
        },
        {
            "section number": "4.1",
            "key information": "The evaluation method includes measuring top-1 accuracy, which can serve as a criterion for evaluating the effectiveness of pruning methods."
        },
        {
            "section number": "5.1",
            "key information": "The discussion on the trade-offs between reduced training time and resource requirements versus model accuracy is relevant to the analysis of pruning impacts on model performance."
        },
        {
            "section number": "6.1",
            "key information": "The advantages of the proposed approach, such as reduced training time and resource requirements, can be framed as best practices in neural network pruning."
        },
        {
            "section number": "6.3",
            "key information": "Future work could explore optimizing the distillation process further, which aligns with ongoing challenges and future directions in neural network pruning."
        }
    ],
    "similarity_score": null,
    "image": null,
    "path": "/home/liudingyuan/code/SurveyX/code/SurveyX-main/outputs/t14/papers/Training data-efficient image transformers & distillation through attention.json"
}