{
    "from": null,
    "scholar_id": null,
    "detail_id": null,
    "title": "Train large, then compress: Rethinking model size for efficient training and inference of transformers",
    "abstract": "Since hardware resources are limited, the objective of training deep learning models is typically to maximize accuracy subject to the time and memory constraints of training and inference. We study the impact of model size in this setting, focusing on Transformer models for NLP tasks that are limited by compute: self-supervised pretraining and high-resource machine translation. We first show that even though smaller Transformer models execute faster per iteration, wider and deeper models converge in significantly fewer steps. Moreover, this acceleration in convergence typically outpaces the additional computational overhead of using larger models. Therefore, the most compute-efficient training strategy is to counterintuitively train extremely large models but stop after a small number of iterations. \nThis leads to an apparent trade-off between the training efficiency of large Transformer models and the inference efficiency of small Transformer models. However, we show that large models are more robust to compression techniques such as quantization and pruning than small models. Consequently, one can get the best of both worlds: heavily compressed, large models achieve higher accuracy than lightly compressed, small models.",
    "arxivid": "2002.11794v2",
    "bib_name": "Trainlarge170",
    "md_text": "# Train large, then compress: Rethinking model size for efficient training and inference of transformers\n\n\nabstract\n\nSince hardware resources are limited, the objective of training deep learning models is typically to maximize accuracy subject to the time and memory constraints of training and inference. We study the impact of model size in this setting, focusing on Transformer models for NLP tasks that are limited by compute: self-supervised pretraining and high-resource machine translation. We first show that even though smaller Transformer models execute faster per iteration, wider and deeper models converge in significantly fewer steps. Moreover, this acceleration in convergence typically outpaces the additional computational overhead of using larger models. Therefore, the most compute-efficient training strategy is to counterintuitively train extremely large models but stop after a small number of iterations. \nThis leads to an apparent trade-off between the training efficiency of large Transformer models and the inference efficiency of small Transformer models. However, we show that large models are more robust to compression techniques such as quantization and pruning than small models. Consequently, one can get the best of both worlds: heavily compressed, large models achieve higher accuracy than lightly compressed, small models.",
    "paper_type": "benchmark",
    "attri": {
        "background": "This paper addresses the issue of efficiently training deep learning models, particularly Transformer models for NLP tasks, under limited hardware resources. It highlights the necessity of understanding the relationship between model size, training efficiency, and inference efficiency in the context of existing benchmarks.",
        "problem": {
            "definition": "The benchmark is designed to address the challenge of maximizing accuracy while managing the constraints of time and memory during training and inference of deep learning models.",
            "key obstacle": "Existing benchmarks often do not account for the trade-offs between the training efficiency of large models and the inference efficiency of small models."
        },
        "idea": {
            "intuition": "The thought process behind the benchmark stems from the observation that larger Transformer models, despite their computational overhead, can converge faster than smaller models when trained properly.",
            "opinion": "The authors believe that understanding model size dynamics is crucial for advancing the efficiency of training and inference in deep learning.",
            "innovation": "The benchmark introduces a novel approach by demonstrating that large models can be effectively compressed while maintaining high accuracy, a concept not adequately explored in previous benchmarks.",
            "benchmark abbreviation": "LCT"
        },
        "dataset": {
            "source": "The dataset was sourced from existing NLP tasks focused on self-supervised pretraining and high-resource machine translation.",
            "desc": "The dataset includes a variety of NLP tasks, with a focus on tasks that require extensive computational resources for training.",
            "content": "The dataset comprises text data related to natural language processing tasks.",
            "size": "-",
            "domain": "Natural Language Processing",
            "task format": "Machine Translation"
        },
        "metrics": {
            "metric name": "Accuracy, Convergence Speed",
            "aspect": "Model performance in terms of accuracy and training efficiency.",
            "principle": "The metrics were chosen to reflect both the effectiveness of model training and the efficiency of inference.",
            "procedure": "Models were evaluated based on their accuracy after a fixed number of training iterations and their convergence speed during training."
        },
        "experiments": {
            "model": "The experiments involved both state-of-the-art Transformer models and baseline models to assess the impact of model size on training and inference.",
            "procedure": "Models were trained with varying sizes and evaluated after a predetermined number of iterations to analyze convergence and accuracy.",
            "result": "The results indicated that larger models, when trained for fewer iterations, achieved better accuracy compared to smaller models trained more extensively.",
            "variability": "Variability was accounted for through multiple training trials and different model configurations."
        },
        "conclusion": "The findings suggest that training large models for a limited number of iterations can yield superior performance, and that these models are more amenable to compression techniques, ultimately leading to better accuracy in practical applications.",
        "discussion": {
            "advantage": "The benchmark provides insights into the trade-offs between model size and training efficiency, contributing to more effective training strategies in deep learning.",
            "limitation": "One limitation is that the approach may not generalize to all types of models or tasks beyond NLP, potentially limiting its applicability.",
            "future work": "Future research could explore the implications of this benchmark across different domains and model architectures, as well as further investigate the efficiency of compression techniques."
        },
        "other info": []
    },
    "mount_outline": [
        {
            "section number": "1.1",
            "key information": "This paper addresses the issue of efficiently training deep learning models, particularly Transformer models for NLP tasks, under limited hardware resources."
        },
        {
            "section number": "2.1",
            "key information": "The benchmark is designed to address the challenge of maximizing accuracy while managing the constraints of time and memory during training and inference of deep learning models."
        },
        {
            "section number": "2.2",
            "key information": "The metrics were chosen to reflect both the effectiveness of model training and the efficiency of inference, focusing on accuracy and convergence speed."
        },
        {
            "section number": "3.1",
            "key information": "The findings suggest that training large models for a limited number of iterations can yield superior performance, indicating a structured approach to model size and training efficiency."
        },
        {
            "section number": "4.1",
            "key information": "Existing benchmarks often do not account for the trade-offs between the training efficiency of large models and the inference efficiency of small models."
        },
        {
            "section number": "5.1",
            "key information": "The benchmark provides insights into the trade-offs between model size and training efficiency, contributing to more effective training strategies in deep learning."
        },
        {
            "section number": "6.3",
            "key information": "Future research could explore the implications of this benchmark across different domains and model architectures, as well as further investigate the efficiency of compression techniques."
        }
    ],
    "similarity_score": null,
    "image": null,
    "path": "/home/liudingyuan/code/SurveyX/code/SurveyX-main/outputs/t14/papers/Train large, then compress_ Rethinking model size for efficient training and inference of transformers.json"
}