{
    "from": null,
    "scholar_id": null,
    "detail_id": null,
    "title": "Unified visual transformer compression",
    "abstract": "Vision transformers (ViTs) have gained popularity recently. Even without customized image operators such as convolutions, ViTs can yield competitive performance when properly trained on massive data. However, the computational overhead of ViTs remains prohibitive, due to stacking multi-head self-attention modules and else. Compared to the vast literature and prevailing success in compressing convolutional neural networks, the study of Vision Transformer compression has also just emerged, and existing works focused on one or two aspects of compression. This paper proposes a unified ViT compression framework that seamlessly assembles three effective techniques: pruning, layer skipping, and knowledge distillation. We formulate a budget-constrained, end-to-end optimization framework, targeting jointly learning model weights, layer-wise pruning ratios/masks, and skip configurations, under a distillation loss. The optimization problem is then solved using the primal-dual algorithm. Experiments are conducted with several ViT variants, e.g. DeiT and T2T-ViT backbones on the ImageNet dataset, and our approach consistently outperforms recent competitors. For example, DeiT-Tiny can be trimmed down to 50\\% of the original FLOPs almost without losing accuracy. Codes are available online:~\\url{https://github.com/VITA-Group/UVC}.",
    "arxivid": "2203.08243v1",
    "bib_name": "Unifiedvis193",
    "md_text": "# Unified visual transformer compression\n\n\nabstract\n\nVision transformers (ViTs) have gained popularity recently. Even without customized image operators such as convolutions, ViTs can yield competitive performance when properly trained on massive data. However, the computational overhead of ViTs remains prohibitive, due to stacking multi-head self-attention modules and else. Compared to the vast literature and prevailing success in compressing convolutional neural networks, the study of Vision Transformer compression has also just emerged, and existing works focused on one or two aspects of compression. This paper proposes a unified ViT compression framework that seamlessly assembles three effective techniques: pruning, layer skipping, and knowledge distillation. We formulate a budget-constrained, end-to-end optimization framework, targeting jointly learning model weights, layer-wise pruning ratios/masks, and skip configurations, under a distillation loss. The optimization problem is then solved using the primal-dual algorithm. Experiments are conducted with several ViT variants, e.g. DeiT and T2T-ViT backbones on the ImageNet dataset, and our approach consistently outperforms recent competitors. For example, DeiT-Tiny can be trimmed down to 50\\% of the original FLOPs almost without losing accuracy. Codes are available online:~\\url{https://github.com/VITA-Group/UVC}.",
    "paper_type": "method",
    "attri": {
        "background": "This paper addresses the issue of high computational overhead in Vision Transformers (ViTs), which, despite their competitive performance, face challenges due to the complexity of their architecture, particularly the multi-head self-attention modules. Existing methods for compressing convolutional neural networks have not been adequately applied to ViTs, necessitating the development of a new approach to enhance their efficiency.",
        "problem": {
            "definition": "The problem is the excessive computational cost associated with Vision Transformers, which limits their practical application in resource-constrained environments.",
            "key obstacle": "The core obstacle is the lack of comprehensive methods that effectively combine multiple compression techniques to reduce the computational burden of ViTs while maintaining performance."
        },
        "idea": {
            "intuition": "The intuition behind the proposed idea is to create a unified framework that integrates various compression techniques to optimize Vision Transformers holistically.",
            "opinion": "The proposed idea involves a unified ViT compression framework that incorporates pruning, layer skipping, and knowledge distillation within a single optimization process.",
            "innovation": "The primary innovation lies in the end-to-end optimization framework that jointly learns model weights, pruning ratios, and skip configurations, leveraging a distillation loss to enhance performance while reducing complexity."
        },
        "method": {
            "method name": "Unified ViT Compression Framework",
            "method abbreviation": "UVC",
            "method definition": "UVC is a comprehensive framework designed to optimize Vision Transformers by integrating pruning, layer skipping, and knowledge distillation into a single, budget-constrained optimization problem.",
            "method description": "The method employs a primal-dual algorithm to solve the optimization problem, enabling efficient compression of ViTs.",
            "method steps": "1. Define the optimization problem with constraints on model size and performance; 2. Jointly optimize model weights, pruning ratios, and skip configurations; 3. Apply the primal-dual algorithm to solve the optimization problem.",
            "principle": "The effectiveness of this method is based on the synergistic combination of multiple compression strategies, allowing for significant reductions in computational load without a corresponding loss in accuracy."
        },
        "experiments": {
            "evaluation setting": "Experiments were conducted using various ViT variants, including DeiT and T2T-ViT, on the ImageNet dataset, with comparisons to recent competitors in the field.",
            "evaluation method": "The performance of the proposed method was assessed by measuring the accuracy and computational efficiency (FLOPs) of the compressed models against baseline models."
        },
        "conclusion": "The experiments demonstrate that the proposed Unified ViT Compression Framework consistently outperforms existing methods, achieving substantial reductions in computational requirements while maintaining high accuracy.",
        "discussion": {
            "advantage": "The key advantage of the proposed approach is its ability to seamlessly integrate multiple compression techniques, resulting in more efficient Vision Transformers compared to traditional methods.",
            "limitation": "A limitation of the method may include the complexity of the optimization process, which could require significant computational resources during training.",
            "future work": "Future research could focus on refining the optimization algorithms used in the framework and exploring additional techniques for further improving the compression of Vision Transformers."
        },
        "other info": {
            "codes availability": "Codes are available online: https://github.com/VITA-Group/UVC"
        }
    },
    "mount_outline": [
        {
            "section number": "1.1",
            "key information": "Pruning contributes to model efficiency and performance by reducing computational overhead in Vision Transformers (ViTs), addressing the excessive computational cost that limits their practical application."
        },
        {
            "section number": "2.2",
            "key information": "The paper discusses the need for a new approach to compress Vision Transformers, highlighting that existing methods for compressing convolutional neural networks have not been adequately applied to ViTs."
        },
        {
            "section number": "2.3",
            "key information": "The proposed Unified ViT Compression Framework integrates pruning, layer skipping, and knowledge distillation into a single optimization process to enhance the efficiency of Vision Transformers."
        },
        {
            "section number": "3.1",
            "key information": "The paper categorizes pruning as part of a unified framework that optimizes ViTs, indicating its role in structured pruning approaches."
        },
        {
            "section number": "4.1",
            "key information": "The evaluation of the Unified ViT Compression Framework includes criteria such as computational efficiency and accuracy retention, demonstrating its effectiveness in reducing computational load."
        },
        {
            "section number": "5.1",
            "key information": "The paper discusses trade-offs between model size and accuracy, emphasizing the balance achieved through the unified optimization framework."
        },
        {
            "section number": "6.1",
            "key information": "The proposed framework recommends strategies for effective pruning in Vision Transformers, highlighting the integration of multiple compression techniques."
        },
        {
            "section number": "6.3",
            "key information": "Future work in the paper suggests refining optimization algorithms and exploring additional techniques for improving the compression of Vision Transformers."
        }
    ],
    "similarity_score": null,
    "image": null,
    "path": "/home/liudingyuan/code/SurveyX/code/SurveyX-main/outputs/t14/papers/Unified visual transformer compression.json"
}