{
    "from": null,
    "scholar_id": null,
    "detail_id": null,
    "title": "Unmasking the lottery ticket hypothesis-what's encoded in a winning ticket's mask",
    "abstract": "Modern deep learning involves training costly, highly overparameterized networks, thus motivating the search for sparser networks that can still be trained to the same accuracy as the full network (i.e. matching). Iterative magnitude pruning (IMP) is a state of the art algorithm that can find such highly sparse matching subnetworks, known as winning tickets. IMP operates by iterative cycles of training, masking smallest magnitude weights, rewinding back to an early training point, and repeating. Despite its simplicity, the underlying principles for when and how IMP finds winning tickets remain elusive. In particular, what useful information does an IMP mask found at the end of training convey to a rewound network near the beginning of training? How does SGD allow the network to extract this information? And why is iterative pruning needed? We develop answers in terms of the geometry of the error landscape. First, we find that$\\unicode{x2014}$at higher sparsities$\\unicode{x2014}$pairs of pruned networks at successive pruning iterations are connected by a linear path with zero error barrier if and only if they are matching. This indicates that masks found at the end of training convey the identity of an axial subspace that intersects a desired linearly connected mode of a matching sublevel set. Second, we show SGD can exploit this information due to a strong form of robustness: it can return to this mode despite strong perturbations early in training. Third, we show how the flatness of the error landscape at the end of training determines a limit on the fraction of weights that can be pruned at each iteration of IMP. Finally, we show that the role of retraining in IMP is to find a network with new small weights to prune. Overall, these results make progress toward demystifying the existence of winning tickets by revealing the fundamental role of error landscape geometry.",
    "arxivid": "2210.03044v1",
    "bib_name": "Unmaskingt99",
    "md_text": "# Unmasking the lottery ticket hypothesis-what's encoded in a winning ticket's mask\n\n\nabstract\n\nModern deep learning involves training costly, highly overparameterized networks, thus motivating the search for sparser networks that can still be trained to the same accuracy as the full network (i.e. matching). Iterative magnitude pruning (IMP) is a state of the art algorithm that can find such highly sparse matching subnetworks, known as winning tickets. IMP operates by iterative cycles of training, masking smallest magnitude weights, rewinding back to an early training point, and repeating. Despite its simplicity, the underlying principles for when and how IMP finds winning tickets remain elusive. In particular, what useful information does an IMP mask found at the end of training convey to a rewound network near the beginning of training? How does SGD allow the network to extract this information? And why is iterative pruning needed? We develop answers in terms of the geometry of the error landscape. First, we find that$\\unicode{x2014}$at higher sparsities$\\unicode{x2014}$pairs of pruned networks at successive pruning iterations are connected by a linear path with zero error barrier if and only if they are matching. This indicates that masks found at the end of training convey the identity of an axial subspace that intersects a desired linearly connected mode of a matching sublevel set. Second, we show SGD can exploit this information due to a strong form of robustness: it can return to this mode despite strong perturbations early in training. Third, we show how the flatness of the error landscape at the end of training determines a limit on the fraction of weights that can be pruned at each iteration of IMP. Finally, we show that the role of retraining in IMP is to find a network with new small weights to prune. Overall, these results make progress toward demystifying the existence of winning tickets by revealing the fundamental role of error landscape geometry.",
    "paper_type": "theory",
    "attri": {
        "background": "This paper addresses the issue of training highly overparameterized neural networks and the search for sparser networks that can achieve the same accuracy as the full network, specifically through the lens of the iterative magnitude pruning (IMP) algorithm.",
        "problem": {
            "definition": "The core problem is understanding the principles behind when and how the IMP algorithm finds winning tickets, which are sparse subnetworks that can match the performance of the original network.",
            "key obstacle": "The main challenge is to decipher what information is encoded in the masks produced by IMP and how this information aids the training process of rewound networks."
        },
        "idea": {
            "intuition": "The idea was inspired by the need to reduce the complexity of neural networks while maintaining their performance.",
            "opinion": "The authors propose that masks at the end of training reveal important geometric information about the error landscape that can be leveraged by the training process.",
            "innovation": "The primary improvement over previous methods is the focus on the geometry of the error landscape and its relationship to the pruning process, revealing that matching networks are connected by paths with zero error barriers."
        },
        "Theory": {
            "perspective": "The theoretical perspective centers on the geometry of the error landscape and its implications for network training and pruning.",
            "opinion": "The authors assume that understanding the geometry of the error landscape is crucial for unraveling the mechanisms behind the success of IMP in finding winning tickets.",
            "proof": "The paper provides proof that pairs of pruned networks can be connected by a linear path with zero error barrier, contingent on their matching status, thus elucidating the role of the error landscape."
        },
        "experiments": {
            "evaluation setting": "The experiments are conducted using various sparsity levels in networks, evaluating the performance of pruned networks against the original ones.",
            "evaluation method": "The evaluation involves iterative pruning and retraining processes, assessing the connectivity and performance of networks at different stages of pruning."
        },
        "conclusion": "The findings suggest that the geometry of the error landscape plays a fundamental role in the existence of winning tickets, providing insights into the mechanisms of iterative magnitude pruning.",
        "discussion": {
            "advantage": "The advantages of this paper include a deeper understanding of the role of error landscape geometry in network pruning and the identification of conditions under which winning tickets can be found.",
            "limitation": "A limitation noted in the study is the complexity of the error landscape, which may vary across different architectures and datasets, potentially affecting the generalizability of the results.",
            "future work": "Future work could focus on exploring the implications of error landscape geometry in different types of neural networks and developing more robust pruning algorithms."
        },
        "other info": []
    },
    "mount_outline": [
        {
            "section number": "1.1",
            "key information": "This paper addresses the issue of training highly overparameterized neural networks and the search for sparser networks that can achieve the same accuracy as the full network, specifically through the lens of the iterative magnitude pruning (IMP) algorithm."
        },
        {
            "section number": "2.3",
            "key information": "The core problem is understanding the principles behind when and how the IMP algorithm finds winning tickets, which are sparse subnetworks that can match the performance of the original network."
        },
        {
            "section number": "3.1",
            "key information": "The paper provides proof that pairs of pruned networks can be connected by a linear path with zero error barrier, contingent on their matching status, thus elucidating the role of the error landscape."
        },
        {
            "section number": "4.3",
            "key information": "The experiments are conducted using various sparsity levels in networks, evaluating the performance of pruned networks against the original ones."
        },
        {
            "section number": "5.1",
            "key information": "The findings suggest that the geometry of the error landscape plays a fundamental role in the existence of winning tickets, providing insights into the mechanisms of iterative magnitude pruning."
        },
        {
            "section number": "6.3",
            "key information": "Future work could focus on exploring the implications of error landscape geometry in different types of neural networks and developing more robust pruning algorithms."
        }
    ],
    "similarity_score": null,
    "image": null,
    "path": "/home/liudingyuan/code/SurveyX/code/SurveyX-main/outputs/t14/papers/Unmasking the lottery ticket hypothesis-what's encoded in a winning ticket's mask.json"
}