{
    "from": null,
    "scholar_id": null,
    "detail_id": null,
    "title": "UPop: Unified and progressive pruning for compressing vision-language transformers",
    "abstract": "Real-world data contains a vast amount of multimodal information, among which vision and language are the two most representative modalities. Moreover, increasingly heavier models, \\textit{e}.\\textit{g}., Transformers, have attracted the attention of researchers to model compression. However, how to compress multimodal models, especially vison-language Transformers, is still under-explored. This paper proposes the \\textbf{U}nified and \\textbf{P}r\\textbf{o}gressive \\textbf{P}runing (\\textbf{\\emph{UPop}}) as a universal vison-language Transformer compression framework, which incorporates 1) unifiedly searching multimodal subnets in a continuous optimization space from the original model, which enables automatic assignment of pruning ratios among compressible modalities and structures; 2) progressively searching and retraining the subnet, which maintains convergence between the search and retrain to attain higher compression ratios. Experiments on various tasks, datasets, and model architectures demonstrate the effectiveness and versatility of the proposed UPop framework. The code is available at https://github.com/sdc17/UPop.",
    "arxivid": "2301.13741v3",
    "bib_name": "UPop:Unifi103",
    "md_text": "# UPop: Unified and progressive pruning for compressing vision-language transformers\n\n\nabstract\n\nReal-world data contains a vast amount of multimodal information, among which vision and language are the two most representative modalities. Moreover, increasingly heavier models, \\textit{e}.\\textit{g}., Transformers, have attracted the attention of researchers to model compression. However, how to compress multimodal models, especially vison-language Transformers, is still under-explored. This paper proposes the \\textbf{U}nified and \\textbf{P}r\\textbf{o}gressive \\textbf{P}runing (\\textbf{\\emph{UPop}}) as a universal vison-language Transformer compression framework, which incorporates 1) unifiedly searching multimodal subnets in a continuous optimization space from the original model, which enables automatic assignment of pruning ratios among compressible modalities and structures; 2) progressively searching and retraining the subnet, which maintains convergence between the search and retrain to attain higher compression ratios. Experiments on various tasks, datasets, and model architectures demonstrate the effectiveness and versatility of the proposed UPop framework. The code is available at https://github.com/sdc17/UPop.",
    "paper_type": "method",
    "attri": {
        "background": "This paper addresses the issue of compressing multimodal models, particularly vision-language Transformers, which have not been thoroughly explored despite the growing interest in model compression within the research community.",
        "problem": {
            "definition": "The problem defined in this paper is the challenge of effectively compressing vision-language Transformers to enhance their efficiency without compromising performance.",
            "key obstacle": "The main difficulty is the lack of methods that can uniformly and efficiently prune multimodal models while maintaining their performance across different modalities."
        },
        "idea": {
            "intuition": "The idea is inspired by the need for a systematic approach to prune and compress multimodal models, leveraging the unique characteristics of both vision and language modalities.",
            "opinion": "The proposed idea, UPop, entails a unified and progressive pruning framework that automates the assignment of pruning ratios and retrains the model to achieve optimal compression.",
            "innovation": "The primary innovation of UPop lies in its ability to search for multimodal subnets within a continuous optimization space, which is a significant advancement over existing methods."
        },
        "method": {
            "method name": "Unified and Progressive Pruning",
            "method abbreviation": "UPop",
            "method definition": "UPop is a compression framework for vision-language Transformers that systematically prunes and retrains the model to optimize performance and compression ratios.",
            "method description": "The core of UPop is its dual approach of unified subnet searching and progressive retraining.",
            "method steps": "1) Unifiedly search multimodal subnets from the original model; 2) Assign pruning ratios among modalities; 3) Progressively retrain the subnet to ensure convergence.",
            "principle": "This method is effective because it maintains a balance between searching and retraining, allowing for higher compression ratios without significant loss of model performance."
        },
        "experiments": {
            "evaluation setting": "Experiments were conducted across various tasks and datasets using different model architectures to validate the effectiveness of UPop.",
            "evaluation method": "The performance of UPop was assessed by measuring the compression ratios and comparing the results against baseline methods."
        },
        "conclusion": "The outcomes of the experiments demonstrate that UPop is an effective and versatile framework for compressing vision-language Transformers, achieving significant compression without sacrificing performance.",
        "discussion": {
            "advantage": "The key advantages of UPop include its ability to uniformly prune across modalities and its systematic approach to retraining, which enhances model efficiency.",
            "limitation": "One limitation of the method is that it may require extensive computational resources during the initial search and retraining phases.",
            "future work": "Future research could explore optimizing the pruning process further and applying UPop to additional multimodal models and tasks."
        },
        "other info": {
            "code repository": "https://github.com/sdc17/UPop"
        }
    },
    "mount_outline": [
        {
            "section number": "1.1",
            "key information": "The paper addresses the issue of compressing multimodal models, particularly vision-language Transformers, highlighting the importance of pruning in enhancing model efficiency without compromising performance."
        },
        {
            "section number": "2.2",
            "key information": "The proposed method, UPop, is a compression framework that systematically prunes and retrains vision-language Transformers to optimize performance and compression ratios."
        },
        {
            "section number": "3.2",
            "key information": "UPop introduces a unified and progressive pruning framework that automates the assignment of pruning ratios and retrains the model, representing a novel approach in pruning techniques."
        },
        {
            "section number": "4.1",
            "key information": "The effectiveness of UPop is evaluated by measuring compression ratios and comparing results against baseline methods, establishing criteria for the evaluation of pruning methods."
        },
        {
            "section number": "5.1",
            "key information": "The outcomes of experiments demonstrate that UPop achieves significant compression ratios while maintaining model performance, indicating a trade-off between model size and accuracy."
        },
        {
            "section number": "6.2",
            "key information": "A limitation of UPop is that it may require extensive computational resources during the initial search and retraining phases, presenting a challenge in neural network pruning."
        },
        {
            "section number": "6.3",
            "key information": "Future research could explore optimizing the pruning process further and applying UPop to additional multimodal models and tasks, suggesting directions for future work in pruning."
        }
    ],
    "similarity_score": null,
    "image": null,
    "path": "/home/liudingyuan/code/SurveyX/code/SurveyX-main/outputs/t14/papers/UPop_ Unified and progressive pruning for compressing vision-language transformers.json"
}