{
    "from": null,
    "scholar_id": null,
    "detail_id": null,
    "title": "Very deep convolutional networks for large-scale image recognition",
    "abstract": "In this work we investigate the effect of the convolutional network depth on its accuracy in the large-scale image recognition setting. Our main contribution is a thorough evaluation of networks of increasing depth using an architecture with very small (3x3) convolution filters, which shows that a significant improvement on the prior-art configurations can be achieved by pushing the depth to 16-19 weight layers. These findings were the basis of our ImageNet Challenge 2014 submission, where our team secured the first and the second places in the localisation and classification tracks respectively. We also show that our representations generalise well to other datasets, where they achieve state-of-the-art results. We have made our two best-performing ConvNet models publicly available to facilitate further research on the use of deep visual representations in computer vision.",
    "arxivid": "1409.1556v6",
    "bib_name": "Verydeepco0",
    "md_text": "# Very deep convolutional networks for large-scale image recognition\n\n\nabstract\n\nIn this work we investigate the effect of the convolutional network depth on its accuracy in the large-scale image recognition setting. Our main contribution is a thorough evaluation of networks of increasing depth using an architecture with very small (3x3) convolution filters, which shows that a significant improvement on the prior-art configurations can be achieved by pushing the depth to 16-19 weight layers. These findings were the basis of our ImageNet Challenge 2014 submission, where our team secured the first and the second places in the localisation and classification tracks respectively. We also show that our representations generalise well to other datasets, where they achieve state-of-the-art results. We have made our two best-performing ConvNet models publicly available to facilitate further research on the use of deep visual representations in computer vision.",
    "paper_type": "benchmark",
    "attri": {
        "background": "This paper addresses the issue of improving accuracy in large-scale image recognition by investigating the effect of convolutional network depth.",
        "problem": {
            "definition": "The benchmark is designed to evaluate the accuracy of convolutional networks of varying depths in image recognition tasks.",
            "key obstacle": "Existing benchmarks did not fully explore the impact of network depth on performance, limiting the understanding of how deeper networks can improve accuracy."
        },
        "idea": {
            "intuition": "The thought process behind the benchmark stems from the observation that deeper networks might yield better performance in image recognition tasks.",
            "opinion": "The authors believe that the benchmark will significantly impact the field by providing insights into the relationship between network depth and accuracy.",
            "innovation": "This benchmark differs from previous ones by specifically focusing on the depth of convolutional networks and evaluating their performance with very small convolution filters.",
            "benchmark abbreviation": "VDCN"
        },
        "dataset": {
            "source": "The dataset was sourced from the ImageNet Challenge, which consists of a large collection of labeled images.",
            "desc": "The dataset includes millions of images categorized into thousands of classes, suitable for training and evaluating deep learning models.",
            "content": "The dataset contains images that are used to benchmark convolutional network performance in image classification tasks.",
            "size": "1,000,000",
            "domain": "Image Recognition",
            "task format": "Image Classification"
        },
        "metrics": {
            "metric name": "Top-1 Accuracy, Top-5 Accuracy",
            "aspect": "The metrics measure the accuracy of the models in classifying images correctly.",
            "principle": "The metrics were chosen based on their widespread use in image recognition tasks and their ability to reflect model performance effectively.",
            "procedure": "Models were evaluated based on their classification accuracy on the validation set of the ImageNet dataset."
        },
        "experiments": {
            "model": "The models tested include state-of-the-art convolutional networks with varying depths.",
            "procedure": "Models were trained using standard procedures for deep learning, with a focus on optimizing the depth of the network.",
            "result": "The experiments showed that deeper networks (16-19 layers) significantly improved accuracy compared to shallower networks.",
            "variability": "Variability was accounted for by conducting multiple trials with different initializations and evaluating performance across various subsets of the dataset."
        },
        "conclusion": "The findings indicate that increasing the depth of convolutional networks leads to substantial improvements in accuracy for large-scale image recognition tasks.",
        "discussion": {
            "advantage": "The benchmark provides a clear framework for evaluating the impact of network depth on performance, contributing valuable insights to the field.",
            "limitation": "The benchmark may be limited by the specific architectures tested and may not generalize to all types of image recognition tasks.",
            "future work": "Future research could explore the effects of other architectural innovations and training techniques on image recognition performance."
        },
        "other info": []
    },
    "mount_outline": [
        {
            "section number": "1.1",
            "key information": "This paper addresses the issue of improving accuracy in large-scale image recognition by investigating the effect of convolutional network depth."
        },
        {
            "section number": "2.1",
            "key information": "The benchmark is designed to evaluate the accuracy of convolutional networks of varying depths in image recognition tasks."
        },
        {
            "section number": "2.2",
            "key information": "The metrics measure the accuracy of the models in classifying images correctly, specifically Top-1 Accuracy and Top-5 Accuracy."
        },
        {
            "section number": "3.1",
            "key information": "The benchmark differs from previous ones by specifically focusing on the depth of convolutional networks and evaluating their performance with very small convolution filters."
        },
        {
            "section number": "5.3",
            "key information": "The experiments showed that deeper networks (16-19 layers) significantly improved accuracy compared to shallower networks."
        },
        {
            "section number": "7",
            "key information": "The findings indicate that increasing the depth of convolutional networks leads to substantial improvements in accuracy for large-scale image recognition tasks."
        }
    ],
    "similarity_score": null,
    "image": null,
    "path": "/home/liudingyuan/code/SurveyX/code/SurveyX-main/outputs/t14/papers/Very deep convolutional networks for large-scale image recognition.json"
}