{
    "from": null,
    "scholar_id": null,
    "detail_id": null,
    "title": "Vila: On pre-training for visual language models",
    "abstract": "Visual language models (VLMs) rapidly progressed with the recent success of large language models. There have been growing efforts on visual instruction tuning to extend the LLM with visual inputs, but lacks an in-depth study of the visual language pre-training process, where the model learns to perform joint modeling on both modalities. In this work, we examine the design options for VLM pre-training by augmenting LLM towards VLM through step-by-step controllable comparisons. We introduce three main findings: (1) freezing LLMs during pre-training can achieve decent zero-shot performance, but lack in-context learning capability, which requires unfreezing the LLM; (2) interleaved pre-training data is beneficial whereas image-text pairs alone are not optimal; (3) re-blending text-only instruction data to image-text data during instruction fine-tuning not only remedies the degradation of text-only tasks, but also boosts VLM task accuracy. With an enhanced pre-training recipe we build VILA, a Visual Language model family that consistently outperforms the state-of-the-art models, e.g., LLaVA-1.5, across main benchmarks without bells and whistles. Multi-modal pre-training also helps unveil appealing properties of VILA, including multi-image reasoning, enhanced in-context learning, and better world knowledge. VILA is also deployable on Jetson Orin for on-device VLM.",
    "arxivid": "2312.07533v4",
    "bib_name": "Vila:Onpre5",
    "md_text": "# Vila: On pre-training for visual language models\n\n\nabstract\n\nVisual language models (VLMs) rapidly progressed with the recent success of large language models. There have been growing efforts on visual instruction tuning to extend the LLM with visual inputs, but lacks an in-depth study of the visual language pre-training process, where the model learns to perform joint modeling on both modalities. In this work, we examine the design options for VLM pre-training by augmenting LLM towards VLM through step-by-step controllable comparisons. We introduce three main findings: (1) freezing LLMs during pre-training can achieve decent zero-shot performance, but lack in-context learning capability, which requires unfreezing the LLM; (2) interleaved pre-training data is beneficial whereas image-text pairs alone are not optimal; (3) re-blending text-only instruction data to image-text data during instruction fine-tuning not only remedies the degradation of text-only tasks, but also boosts VLM task accuracy. With an enhanced pre-training recipe we build VILA, a Visual Language model family that consistently outperforms the state-of-the-art models, e.g., LLaVA-1.5, across main benchmarks without bells and whistles. Multi-modal pre-training also helps unveil appealing properties of VILA, including multi-image reasoning, enhanced in-context learning, and better world knowledge. VILA is also deployable on Jetson Orin for on-device VLM.",
    "paper_type": "method",
    "attri": {
        "background": "This paper addresses the issue of effectively pre-training visual language models (VLMs) to enhance their performance in joint modeling of visual and textual inputs, highlighting the limitations of existing methods and the necessity for a more thorough study of the pre-training process.",
        "problem": {
            "definition": "The problem is the lack of an in-depth understanding of the visual language pre-training process, which is crucial for improving the performance of VLMs.",
            "key obstacle": "The main difficulty is that existing methods do not adequately support in-context learning capabilities, which are essential for VLMs to perform effectively."
        },
        "idea": {
            "intuition": "The idea was inspired by the observation that freezing language models during pre-training leads to decent performance but fails to leverage in-context learning, necessitating a more flexible approach.",
            "opinion": "The proposed idea involves a systematic examination of pre-training design options for VLMs, leading to the development of VILA, which integrates visual inputs with language models in a more effective manner.",
            "innovation": "The primary innovation lies in the enhanced pre-training recipe that incorporates interleaved data and re-blending of instruction data, significantly improving VLM performance compared to existing methods."
        },
        "method": {
            "method name": "VILA",
            "method abbreviation": "VILA",
            "method definition": "VILA is a visual language model that integrates visual and textual inputs through an improved pre-training strategy that enhances joint modeling capabilities.",
            "method description": "VILA employs a novel pre-training approach that combines interleaved data and instruction fine-tuning to optimize performance across various benchmarks.",
            "method steps": "1. Freeze the language model for initial pre-training; 2. Introduce interleaved image-text pairs; 3. Unfreeze the model for in-context learning; 4. Re-blend text-only data during fine-tuning.",
            "principle": "This method is effective because it allows for the leveraging of both visual and textual data in a complementary manner, enhancing the model's ability to learn from diverse inputs."
        },
        "experiments": {
            "evaluation setting": "The evaluation involved testing VILA against state-of-the-art models like LLaVA-1.5 across main benchmarks, utilizing a mix of interleaved and image-text data.",
            "evaluation method": "Performance was assessed through controlled comparisons and analysis of task accuracy, focusing on zero-shot performance and in-context learning capabilities."
        },
        "conclusion": "The experiments demonstrated that VILA consistently outperforms existing models, showcasing significant improvements in multi-image reasoning, in-context learning, and overall task accuracy.",
        "discussion": {
            "advantage": "Key advantages of VILA include its enhanced performance in multi-modal tasks, improved in-context learning abilities, and deployability on devices like Jetson Orin.",
            "limitation": "One limitation is that while VILA shows improvements, the method may still face challenges in specific scenarios that require further optimization.",
            "future work": "Future research could focus on refining the pre-training process further and exploring additional applications of VILA in diverse real-world contexts."
        },
        "other info": []
    },
    "mount_outline": [
        {
            "section number": "1.1",
            "key information": "The paper highlights the importance of understanding the visual language pre-training process to enhance the performance of visual language models (VLMs), which is crucial for model efficiency and performance."
        },
        {
            "section number": "1.2",
            "key information": "The scope of the paper focuses on the limitations of existing visual language model pre-training methods and proposes a systematic examination of pre-training design options."
        },
        {
            "section number": "2.1",
            "key information": "The paper discusses the fundamentals of visual language models, emphasizing their role in joint modeling of visual and textual inputs."
        },
        {
            "section number": "2.2",
            "key information": "The paper introduces the VILA method, which employs a novel pre-training approach that combines interleaved data and instruction fine-tuning to optimize performance."
        },
        {
            "section number": "5.3",
            "key information": "The evaluation of VILA demonstrates its impact on overall model performance, showcasing significant improvements in multi-image reasoning and in-context learning compared to existing models."
        },
        {
            "section number": "6.1",
            "key information": "The paper recommends a more flexible approach to pre-training visual language models, incorporating interleaved data and re-blending of instruction data as best practices."
        },
        {
            "section number": "6.3",
            "key information": "Future work suggested in the paper includes refining the pre-training process and exploring additional applications of VILA in diverse real-world contexts."
        }
    ],
    "similarity_score": null,
    "image": null,
    "path": "/home/liudingyuan/code/SurveyX/code/SurveyX-main/outputs/t14/papers/Vila_ On pre-training for visual language models.json"
}