{
    "from": null,
    "scholar_id": null,
    "detail_id": null,
    "title": "Vision transformer pruning",
    "abstract": "Vision transformer has achieved competitive performance on a variety of computer vision applications. However, their storage, run-time memory, and computational demands are hindering the deployment to mobile devices. Here we present a vision transformer pruning approach, which identifies the impacts of dimensions in each layer of transformer and then executes pruning accordingly. By encouraging dimension-wise sparsity in the transformer, important dimensions automatically emerge. A great number of dimensions with small importance scores can be discarded to achieve a high pruning ratio without significantly compromising accuracy. The pipeline for vision transformer pruning is as follows: 1) training with sparsity regularization; 2) pruning dimensions of linear projections; 3) fine-tuning. The reduced parameters and FLOPs ratios of the proposed algorithm are well evaluated and analyzed on ImageNet dataset to demonstrate the effectiveness of our proposed method.",
    "arxivid": "2104.08500v4",
    "bib_name": "Visiontran195",
    "md_text": "# Vision transformer pruning\n\n\nabstract\n\nVision transformer has achieved competitive performance on a variety of computer vision applications. However, their storage, run-time memory, and computational demands are hindering the deployment to mobile devices. Here we present a vision transformer pruning approach, which identifies the impacts of dimensions in each layer of transformer and then executes pruning accordingly. By encouraging dimension-wise sparsity in the transformer, important dimensions automatically emerge. A great number of dimensions with small importance scores can be discarded to achieve a high pruning ratio without significantly compromising accuracy. The pipeline for vision transformer pruning is as follows: 1) training with sparsity regularization; 2) pruning dimensions of linear projections; 3) fine-tuning. The reduced parameters and FLOPs ratios of the proposed algorithm are well evaluated and analyzed on ImageNet dataset to demonstrate the effectiveness of our proposed method.",
    "paper_type": "method",
    "attri": {
        "background": "This paper addresses the issue of high storage, run-time memory, and computational demands of vision transformers, which hinder their deployment on mobile devices. Previous methods have not effectively managed these demands, necessitating a breakthrough in pruning techniques.",
        "problem": {
            "definition": "The problem focuses on the inefficiency of vision transformers in terms of resource utilization, particularly for mobile applications.",
            "key obstacle": "The main challenge is the inability of existing methods to prune dimensions effectively without compromising the accuracy of the model."
        },
        "idea": {
            "intuition": "The idea is inspired by the observation that not all dimensions in a transformer contribute equally to its performance, suggesting that some can be pruned without significant loss in accuracy.",
            "opinion": "The proposed idea involves dimension-wise sparsity in transformers, allowing for the identification and removal of less important dimensions.",
            "innovation": "The key innovation is the method of encouraging sparsity at the dimension level, which enables a high pruning ratio while maintaining model accuracy."
        },
        "method": {
            "method name": "Vision Transformer Pruning",
            "method abbreviation": "VTP",
            "method definition": "A pruning approach that identifies and eliminates less important dimensions in each layer of a vision transformer, enhancing efficiency.",
            "method description": "The method involves training with sparsity regularization, pruning dimensions, and fine-tuning the model.",
            "method steps": [
                "Train the model with sparsity regularization.",
                "Prune dimensions of linear projections based on importance scores.",
                "Fine-tune the pruned model to recover any potential accuracy loss."
            ],
            "principle": "The effectiveness of this method lies in its ability to maintain accuracy while significantly reducing the number of parameters and computational load."
        },
        "experiments": {
            "evaluation setting": "The method was evaluated on the ImageNet dataset, comparing reduced parameters and FLOPs against baseline methods.",
            "evaluation method": "Performance was assessed by measuring the pruning ratios and analyzing the impact on accuracy."
        },
        "conclusion": "The experiments demonstrate that the proposed vision transformer pruning method effectively reduces model size and computational demands while preserving accuracy, making it suitable for mobile deployment.",
        "discussion": {
            "advantage": "The key advantage of the proposed approach is its ability to achieve high pruning ratios without significantly affecting model performance.",
            "limitation": "A limitation of the method may include potential challenges in determining the optimal threshold for importance scores.",
            "future work": "Future research could explore adaptive pruning strategies and the application of this method to other transformer architectures."
        },
        "other info": []
    },
    "mount_outline": [
        {
            "section number": "1.1",
            "key information": "Pruning contributes to model efficiency and performance by addressing high storage, run-time memory, and computational demands of vision transformers, which hinder their deployment on mobile devices."
        },
        {
            "section number": "2.2",
            "key information": "Vision Transformer Pruning (VTP) is a pruning approach that identifies and eliminates less important dimensions in each layer of a vision transformer, enhancing efficiency."
        },
        {
            "section number": "2.3",
            "key information": "The proposed method encourages dimension-wise sparsity in transformers, allowing for the identification and removal of less important dimensions without significant loss in accuracy."
        },
        {
            "section number": "3.1",
            "key information": "The main challenge in pruning is the inability of existing methods to prune dimensions effectively without compromising the accuracy of the model."
        },
        {
            "section number": "4.1",
            "key information": "Criteria for evaluation include the pruning ratios and the impact on accuracy, as demonstrated by the evaluation of the proposed method on the ImageNet dataset."
        },
        {
            "section number": "5.1",
            "key information": "The proposed vision transformer pruning method achieves high pruning ratios while maintaining model accuracy, illustrating the trade-offs between model size and accuracy."
        },
        {
            "section number": "6.1",
            "key information": "Best practices in neural network pruning include training with sparsity regularization, pruning dimensions based on importance scores, and fine-tuning the model to recover any potential accuracy loss."
        },
        {
            "section number": "6.3",
            "key information": "Future research could explore adaptive pruning strategies and the application of vision transformer pruning methods to other transformer architectures."
        }
    ],
    "similarity_score": null,
    "image": null,
    "path": "/home/liudingyuan/code/SurveyX/code/SurveyX-main/outputs/t14/papers/Vision transformer pruning.json"
}