{
    "from": null,
    "scholar_id": null,
    "detail_id": null,
    "title": "Weight agnostic neural networks",
    "abstract": "Not all neural network architectures are created equal, some perform much better than others for certain tasks. But how important are the weight parameters of a neural network compared to its architecture? In this work, we question to what extent neural network architectures alone, without learning any weight parameters, can encode solutions for a given task. We propose a search method for neural network architectures that can already perform a task without any explicit weight training. To evaluate these networks, we populate the connections with a single shared weight parameter sampled from a uniform random distribution, and measure the expected performance. We demonstrate that our method can find minimal neural network architectures that can perform several reinforcement learning tasks without weight training. On a supervised learning domain, we find network architectures that achieve much higher than chance accuracy on MNIST using random weights. Interactive version of this paper at this https URL",
    "arxivid": "1906.04358v2",
    "bib_name": "Weightagno65",
    "md_text": "# Weight agnostic neural networks\n\n\nabstract\n\nNot all neural network architectures are created equal, some perform much better than others for certain tasks. But how important are the weight parameters of a neural network compared to its architecture? In this work, we question to what extent neural network architectures alone, without learning any weight parameters, can encode solutions for a given task. We propose a search method for neural network architectures that can already perform a task without any explicit weight training. To evaluate these networks, we populate the connections with a single shared weight parameter sampled from a uniform random distribution, and measure the expected performance. We demonstrate that our method can find minimal neural network architectures that can perform several reinforcement learning tasks without weight training. On a supervised learning domain, we find network architectures that achieve much higher than chance accuracy on MNIST using random weights. Interactive version of this paper at this https URL",
    "paper_type": "method",
    "attri": {
        "background": "This paper addresses the issue of how important weight parameters are in neural networks compared to their architecture, and proposes a method to evaluate neural network architectures without weight training.",
        "problem": {
            "definition": "The problem is to determine the extent to which neural network architectures can encode solutions for tasks without learning weight parameters.",
            "key obstacle": "The core obstacle is the reliance on weight parameters for performance, which has limited the exploration of architecture-only solutions."
        },
        "idea": {
            "intuition": "The idea is inspired by questioning the necessity of weight training in neural networks and exploring the capabilities of architectures alone.",
            "opinion": "The proposed idea involves a search method for neural network architectures that can perform tasks using a single shared weight parameter without explicit weight training.",
            "innovation": "The primary innovation is the ability to find minimal neural network architectures that effectively perform tasks, particularly in reinforcement learning, without the need for training weights."
        },
        "method": {
            "method name": "Weight Agnostic Neural Networks",
            "method abbreviation": "WANN",
            "method definition": "WANN is defined as a method that evaluates neural network architectures using a single shared weight parameter, assessing their performance without traditional weight training.",
            "method description": "The method focuses on populating neural network connections with random weights to evaluate their performance on specific tasks.",
            "method steps": "1. Generate neural network architectures. 2. Assign a single shared weight parameter to connections. 3. Evaluate performance on tasks without weight training.",
            "principle": "This method is effective because it isolates the architectural design from weight training, allowing for the assessment of inherent architectural capabilities."
        },
        "experiments": {
            "evaluation setting": "The experiments were conducted on several reinforcement learning tasks and the MNIST dataset, comparing the performance of architectures with random weights against baseline methods.",
            "evaluation method": "Performance was measured by assessing the accuracy of tasks completed by the architectures using a single shared weight parameter."
        },
        "conclusion": "The experiments demonstrate that minimal neural network architectures can achieve significant performance on various tasks without weight training, suggesting that architecture plays a crucial role in neural network effectiveness.",
        "discussion": {
            "advantage": "The key advantage of the proposed approach is the ability to identify effective architectures that perform well without the need for weight training, potentially simplifying the design process.",
            "limitation": "A limitation is that the method relies on a single shared weight, which may not capture the complexity required for all tasks.",
            "future work": "Future research could explore the integration of more complex weight-sharing mechanisms and investigate broader applications across different domains."
        },
        "other info": [
            {
                "interactive version": "Available at the provided URL."
            }
        ]
    },
    "mount_outline": [
        {
            "section number": "1.1",
            "key information": "The paper addresses the importance of neural network architectures in performing tasks without reliance on weight parameters, which contributes to model efficiency."
        },
        {
            "section number": "2.1",
            "key information": "The paper discusses the role of neural network architectures and proposes evaluating their performance without traditional weight training."
        },
        {
            "section number": "3.1",
            "key information": "The proposed method, Weight Agnostic Neural Networks (WANN), evaluates architectures based on their design rather than weight training, highlighting a unique characteristic of architectural evaluation."
        },
        {
            "section number": "4.1",
            "key information": "The evaluation setting for the experiments includes reinforcement learning tasks and the MNIST dataset, providing criteria for assessing the performance of architectures with random weights."
        },
        {
            "section number": "5.3",
            "key information": "The experiments demonstrate that minimal neural network architectures can achieve significant performance on various tasks without weight training, indicating the impact of architecture on performance."
        },
        {
            "section number": "6.2",
            "key information": "A limitation of the proposed method is its reliance on a single shared weight parameter, which may not capture the complexity required for all tasks, presenting challenges in its application."
        },
        {
            "section number": "6.3",
            "key information": "Future research could explore integrating more complex weight-sharing mechanisms and broader applications across different domains, suggesting directions for further investigation."
        }
    ],
    "similarity_score": null,
    "image": null,
    "path": "/home/liudingyuan/code/SurveyX/code/SurveyX-main/outputs/t14/papers/Weight agnostic neural networks.json"
}