{
    "from": null,
    "scholar_id": null,
    "detail_id": null,
    "title": "What's hidden in a randomly weighted neural network?",
    "abstract": "Training a neural network is synonymous with learning the values of the weights. By contrast, we demonstrate that randomly weighted neural networks contain subnetworks which achieve impressive performance without ever training the weight values. Hidden in a randomly weighted Wide ResNet-50 is a subnetwork (with random weights) that is smaller than, but matches the performance of a ResNet-34 trained on ImageNet. Not only do these ``untrained subnetworks\" exist, but we provide an algorithm to effectively find them. We empirically show that as randomly weighted neural networks with fixed weights grow wider and deeper, an ``untrained subnetwork\" approaches a network with learned weights in accuracy.",
    "arxivid": "1911.13299v2",
    "bib_name": "What'shidd66",
    "md_text": "# What's hidden in a randomly weighted neural network?\n\n\nabstract\n\nTraining a neural network is synonymous with learning the values of the weights. By contrast, we demonstrate that randomly weighted neural networks contain subnetworks which achieve impressive performance without ever training the weight values. Hidden in a randomly weighted Wide ResNet-50 is a subnetwork (with random weights) that is smaller than, but matches the performance of a ResNet-34 trained on ImageNet. Not only do these ``untrained subnetworks\" exist, but we provide an algorithm to effectively find them. We empirically show that as randomly weighted neural networks with fixed weights grow wider and deeper, an ``untrained subnetwork\" approaches a network with learned weights in accuracy.",
    "paper_type": "method",
    "attri": {
        "background": "This paper addresses the issue of training neural networks, focusing on the potential of randomly weighted neural networks to achieve high performance without traditional training methods.",
        "problem": {
            "definition": "The problem defined in this paper is the conventional reliance on training weight values in neural networks to achieve optimal performance.",
            "key obstacle": "The core obstacle is the assumption that training is necessary for achieving high accuracy in neural networks, which limits exploration of alternative methods."
        },
        "idea": {
            "intuition": "The idea is inspired by the observation that untrained subnetworks within randomly weighted neural networks can perform comparably to trained networks.",
            "opinion": "The proposed idea entails identifying and utilizing these untrained subnetworks, demonstrating that they can match the performance of trained models.",
            "innovation": "The key innovation lies in the introduction of an algorithm that effectively identifies untrained subnetworks within randomly weighted neural networks, showcasing their potential."
        },
        "method": {
            "method name": "Untrained Subnetwork Identification",
            "method abbreviation": "USI",
            "method definition": "The method involves locating subnetworks within randomly weighted neural networks that can perform well without traditional weight training.",
            "method description": "The core of the method is to analyze randomly weighted networks to uncover subnetworks that achieve high accuracy.",
            "principle": "This method is effective because it leverages the inherent structure of randomly weighted networks, revealing that performance can be achieved without training."
        },
        "experiments": {
            "evaluation setting": "The experiments utilized a randomly weighted Wide ResNet-50 and compared its untrained subnetworks against a ResNet-34 trained on ImageNet.",
            "evaluation method": "Performance was measured by analyzing the accuracy of the identified untrained subnetworks in comparison to traditional trained networks."
        },
        "conclusion": "The outcomes of the experiments indicate that untrained subnetworks in randomly weighted neural networks can achieve performance levels comparable to trained models, providing new insights into neural network training.",
        "discussion": {
            "advantage": "The key advantage of this approach is the ability to achieve high performance without the need for extensive training, reducing computational costs.",
            "limitation": "A limitation of this method is that it may not generalize across all types of neural networks or datasets.",
            "future work": "Future research could explore the application of this method to different architectures and datasets, as well as improving the algorithm for identifying untrained subnetworks."
        },
        "other info": []
    },
    "mount_outline": [
        {
            "section number": "1.1",
            "key information": "Pruning in deep neural networks can achieve high performance without traditional training methods, thus contributing to model efficiency and performance."
        },
        {
            "section number": "2.1",
            "key information": "The paper discusses the role of randomly weighted neural networks and their potential to perform comparably to trained networks, highlighting fundamentals of deep neural networks."
        },
        {
            "section number": "2.3",
            "key information": "The concept of untrained subnetworks within randomly weighted neural networks is defined, showcasing their importance in enhancing neural network efficiency and performance."
        },
        {
            "section number": "4.1",
            "key information": "The evaluation method compares the performance of untrained subnetworks against traditional trained networks, establishing criteria for evaluating pruning methods."
        },
        {
            "section number": "5.1",
            "key information": "The paper discusses the trade-off between reducing computational costs through untrained subnetworks and achieving high performance without extensive training."
        },
        {
            "section number": "6.1",
            "key information": "The approach of identifying untrained subnetworks offers a best practice for optimizing neural networks through pruning, as it achieves high performance without traditional training."
        },
        {
            "section number": "6.3",
            "key information": "Future research directions include exploring the application of untrained subnetwork identification to different architectures and datasets, addressing ongoing challenges in neural network pruning."
        }
    ],
    "similarity_score": null,
    "image": null,
    "path": "/home/liudingyuan/code/SurveyX/code/SurveyX-main/outputs/t14/papers/What's hidden in a randomly weighted neural network_.json"
}