{
    "from": null,
    "scholar_id": null,
    "detail_id": null,
    "title": "What is the state of neural network pruning",
    "abstract": "Neural network pruning---the task of reducing the size of a network by removing parameters---has been the subject of a great deal of work in recent years. We provide a meta-analysis of the literature, including an overview of approaches to pruning and consistent findings in the literature. After aggregating results across 81 papers and pruning hundreds of models in controlled conditions, our clearest finding is that the community suffers from a lack of standardized benchmarks and metrics. This deficiency is substantial enough that it is hard to compare pruning techniques to one another or determine how much progress the field has made over the past three decades. To address this situation, we identify issues with current practices, suggest concrete remedies, and introduce ShrinkBench, an open-source framework to facilitate standardized evaluations of pruning methods. We use ShrinkBench to compare various pruning techniques and show that its comprehensive evaluation can prevent common pitfalls when comparing pruning methods.",
    "arxivid": "2003.03033v1",
    "bib_name": "Whatisthes34",
    "md_text": "# What is the state of neural network pruning\n\n\nabstract\n\nNeural network pruning---the task of reducing the size of a network by removing parameters---has been the subject of a great deal of work in recent years. We provide a meta-analysis of the literature, including an overview of approaches to pruning and consistent findings in the literature. After aggregating results across 81 papers and pruning hundreds of models in controlled conditions, our clearest finding is that the community suffers from a lack of standardized benchmarks and metrics. This deficiency is substantial enough that it is hard to compare pruning techniques to one another or determine how much progress the field has made over the past three decades. To address this situation, we identify issues with current practices, suggest concrete remedies, and introduce ShrinkBench, an open-source framework to facilitate standardized evaluations of pruning methods. We use ShrinkBench to compare various pruning techniques and show that its comprehensive evaluation can prevent common pitfalls when comparing pruning methods.",
    "paper_type": "survey",
    "attri": {
        "background": {
            "purpose": "This survey aims to address the lack of standardized benchmarks and metrics in the field of neural network pruning, which hinders the ability to compare different pruning techniques and assess progress over time.",
            "scope": "The survey encompasses various approaches to neural network pruning and the results from 81 papers. It excludes methods that do not focus on parameter removal or lack empirical evaluation."
        },
        "problem": {
            "definition": "The core issue explored in this survey is the challenge of effectively comparing different neural network pruning techniques due to inconsistent evaluation metrics and benchmarks.",
            "key obstacle": "The primary challenge faced by researchers is the absence of standardized metrics, which complicates the assessment of the effectiveness and progress of pruning methods."
        },
        "architecture": {
            "perspective": "The survey introduces a novel framework, ShrinkBench, which categorizes existing pruning methods and provides a structured approach to evaluating their performance.",
            "fields/stages": "The survey organizes current research into stages based on the evaluation of pruning techniques, focusing on empirical results and comparative analysis."
        },
        "conclusion": {
            "comparisions": "The comparative analysis reveals that existing pruning methods vary significantly in effectiveness and approach, highlighting the need for standardized evaluations.",
            "results": "The key takeaway is that the lack of consistent benchmarks has led to difficulties in assessing the progress of pruning techniques, and the introduction of ShrinkBench can help mitigate these issues."
        },
        "discussion": {
            "advantage": "The strengths of existing research include a variety of pruning techniques that have been developed and tested, contributing to the understanding of network efficiency.",
            "limitation": "Current studies often lack standardized metrics, which limits their comparability and the reliability of their findings.",
            "gaps": "There are unanswered questions regarding the optimal conditions and metrics for pruning, as well as the long-term effects of different pruning techniques.",
            "future work": "Future research should focus on developing standardized benchmarks and metrics, as well as exploring new pruning techniques that can be evaluated within the ShrinkBench framework."
        },
        "other info": {
            "additional_info": "This survey contributes to the field by providing a comprehensive meta-analysis and suggesting concrete remedies for standardization in neural network pruning."
        }
    },
    "mount_outline": [
        {
            "section number": "1.1",
            "key information": "The survey addresses the lack of standardized benchmarks and metrics in neural network pruning, which hinders the ability to compare different pruning techniques and assess progress over time."
        },
        {
            "section number": "1.2",
            "key information": "The survey encompasses various approaches to neural network pruning and the results from 81 papers, excluding methods that do not focus on parameter removal or lack empirical evaluation."
        },
        {
            "section number": "2.2",
            "key information": "The primary challenge faced by researchers is the absence of standardized metrics, complicating the assessment of the effectiveness and progress of pruning methods."
        },
        {
            "section number": "3",
            "key information": "The survey introduces a novel framework, ShrinkBench, which categorizes existing pruning methods and provides a structured approach to evaluating their performance."
        },
        {
            "section number": "4.3",
            "key information": "The comparative analysis reveals that existing pruning methods vary significantly in effectiveness and approach, highlighting the need for standardized evaluations."
        },
        {
            "section number": "5.4",
            "key information": "Current studies often lack standardized metrics, which limits their comparability and the reliability of their findings."
        },
        {
            "section number": "6.3",
            "key information": "Future research should focus on developing standardized benchmarks and metrics, as well as exploring new pruning techniques that can be evaluated within the ShrinkBench framework."
        },
        {
            "section number": "6.1",
            "key information": "This survey contributes to the field by providing a comprehensive meta-analysis and suggesting concrete remedies for standardization in neural network pruning."
        }
    ],
    "similarity_score": null,
    "image": null,
    "path": "/home/liudingyuan/code/SurveyX/code/SurveyX-main/outputs/t14/papers/What is the state of neural network pruning.json"
}