{
    "from": null,
    "scholar_id": null,
    "detail_id": null,
    "title": "When BERT plays the lottery, all tickets are winning",
    "abstract": "Much of the recent success in NLP is due to the large Transformer-based models such as BERT (Devlin et al, 2019). However, these models have been shown to be reducible to a smaller number of self-attention heads and layers. We consider this phenomenon from the perspective of the lottery ticket hypothesis. For fine-tuned BERT, we show that (a) it is possible to find a subnetwork of elements that achieves performance comparable with that of the full model, and (b) similarly-sized subnetworks sampled from the rest of the model perform worse. However, the \"bad\" subnetworks can be fine-tuned separately to achieve only slightly worse performance than the \"good\" ones, indicating that most weights in the pre-trained BERT are potentially useful. We also show that the \"good\" subnetworks vary considerably across GLUE tasks, opening up the possibilities to learn what knowledge BERT actually uses at inference time.",
    "arxivid": "2005.00561v2",
    "bib_name": "WhenBERTpl91",
    "md_text": "# When BERT plays the lottery, all tickets are winning\n\n\nabstract\n\nMuch of the recent success in NLP is due to the large Transformer-based models such as BERT (Devlin et al, 2019). However, these models have been shown to be reducible to a smaller number of self-attention heads and layers. We consider this phenomenon from the perspective of the lottery ticket hypothesis. For fine-tuned BERT, we show that (a) it is possible to find a subnetwork of elements that achieves performance comparable with that of the full model, and (b) similarly-sized subnetworks sampled from the rest of the model perform worse. However, the \"bad\" subnetworks can be fine-tuned separately to achieve only slightly worse performance than the \"good\" ones, indicating that most weights in the pre-trained BERT are potentially useful. We also show that the \"good\" subnetworks vary considerably across GLUE tasks, opening up the possibilities to learn what knowledge BERT actually uses at inference time.",
    "paper_type": "theory",
    "attri": {
        "background": "This paper addresses the issue of model efficiency in natural language processing (NLP) by exploring the lottery ticket hypothesis in the context of the BERT model, highlighting the potential for reducing model size without sacrificing performance.",
        "problem": {
            "definition": "The challenge of determining whether smaller subnetworks within BERT can achieve performance on par with the full model and understanding the nature of these subnetworks across different tasks.",
            "key obstacle": "Identifying which subnetworks are effective and understanding the variability of their performance across different GLUE tasks."
        },
        "idea": {
            "intuition": "The idea was inspired by the lottery ticket hypothesis, which suggests that within a large network, there exist smaller subnetworks that can be trained to perform comparably to the full network.",
            "opinion": "The authors propose that BERT contains many potentially useful weights, and that effective subnetworks can be found that maintain performance levels.",
            "innovation": "The primary improvement lies in demonstrating that not only can subnetworks achieve comparable performance, but that the 'bad' subnetworks can also be fine-tuned to perform nearly as well as the 'good' ones."
        },
        "Theory": {
            "perspective": "The paper adopts the lottery ticket hypothesis perspective, analyzing how different subnetworks within BERT can be identified and their performance evaluated.",
            "opinion": "The authors believe that most weights in the pre-trained BERT model are useful, challenging the notion that larger models are inherently better without further analysis.",
            "proof": "The authors provide empirical evidence showing that selected subnetworks can match the performance of the full model, along with comparative analyses of performance across different tasks."
        },
        "experiments": {
            "evaluation setting": "The experiments utilized the GLUE benchmark tasks to evaluate the performance of various subnetworks sampled from BERT.",
            "evaluation method": "The evaluation involved fine-tuning both 'good' and 'bad' subnetworks and comparing their performance to that of the full model and among each other across different tasks."
        },
        "conclusion": "The findings suggest that it is feasible to identify subnetworks within BERT that can perform comparably to the full model, indicating that many weights are potentially useful and that model efficiency can be improved.",
        "discussion": {
            "advantage": "The paper demonstrates a significant advancement in understanding model efficiency and the potential for reducing model size without compromising performance.",
            "limitation": "The variability of 'good' subnetworks across tasks presents a challenge in generalizing findings to all NLP tasks.",
            "future work": "Future research could focus on identifying the characteristics of effective subnetworks and how to consistently extract them across different models and tasks."
        },
        "other info": []
    },
    "mount_outline": [
        {
            "section number": "1.1",
            "key information": "The paper addresses the issue of model efficiency in natural language processing (NLP) by exploring the lottery ticket hypothesis in the context of the BERT model, highlighting the potential for reducing model size without sacrificing performance."
        },
        {
            "section number": "2.2",
            "key information": "The challenge of determining whether smaller subnetworks within BERT can achieve performance on par with the full model and understanding the nature of these subnetworks across different tasks."
        },
        {
            "section number": "3.1",
            "key information": "The idea was inspired by the lottery ticket hypothesis, which suggests that within a large network, there exist smaller subnetworks that can be trained to perform comparably to the full network."
        },
        {
            "section number": "4.1",
            "key information": "The authors provide empirical evidence showing that selected subnetworks can match the performance of the full model, along with comparative analyses of performance across different tasks."
        },
        {
            "section number": "5.1",
            "key information": "The findings suggest that it is feasible to identify subnetworks within BERT that can perform comparably to the full model, indicating that many weights are potentially useful and that model efficiency can be improved."
        },
        {
            "section number": "6.2",
            "key information": "The variability of 'good' subnetworks across tasks presents a challenge in generalizing findings to all NLP tasks."
        },
        {
            "section number": "6.3",
            "key information": "Future research could focus on identifying the characteristics of effective subnetworks and how to consistently extract them across different models and tasks."
        }
    ],
    "similarity_score": null,
    "image": null,
    "path": "/home/liudingyuan/code/SurveyX/code/SurveyX-main/outputs/t14/papers/When BERT plays the lottery, all tickets are winning.json"
}