{
    "from": null,
    "scholar_id": null,
    "detail_id": null,
    "title": "Why is the state of neural network pruning so confusing? on the fairness, comparison setup, and trainability in network pruning",
    "abstract": "The state of neural network pruning has been noticed to be unclear and even confusing for a while, largely due to\"a lack of standardized benchmarks and metrics\"[3]. To standardize benchmarks, first, we need to answer: what kind of comparison setup is considered fair? This basic yet crucial question has barely been clarified in the community, unfortunately. Meanwhile, we observe several papers have used (severely) sub-optimal hyper-parameters in pruning experiments, while the reason behind them is also elusive. These sub-optimal hyper-parameters further exacerbate the distorted benchmarks, rendering the state of neural network pruning even more obscure. Two mysteries in pruning represent such a confusing status: the performance-boosting effect of a larger finetuning learning rate, and the no-value argument of inheriting pretrained weights in filter pruning. In this work, we attempt to explain the confusing state of network pruning by demystifying the two mysteries. Specifically, (1) we first clarify the fairness principle in pruning experiments and summarize the widely-used comparison setups; (2) then we unveil the two pruning mysteries and point out the central role of network trainability, which has not been well recognized so far; (3) finally, we conclude the paper and give some concrete suggestions regarding how to calibrate the pruning benchmarks in the future. Code: https://github.com/mingsun-tse/why-the-state-of-pruning-so-confusing.",
    "arxivid": "2301.05219v2",
    "bib_name": "Whyisthest176",
    "md_text": "# Why is the state of neural network pruning so confusing? on the fairness, comparison setup, and trainability in network pruning\n\n\nabstract\n\nThe state of neural network pruning has been noticed to be unclear and even confusing for a while, largely due to\"a lack of standardized benchmarks and metrics\"[3]. To standardize benchmarks, first, we need to answer: what kind of comparison setup is considered fair? This basic yet crucial question has barely been clarified in the community, unfortunately. Meanwhile, we observe several papers have used (severely) sub-optimal hyper-parameters in pruning experiments, while the reason behind them is also elusive. These sub-optimal hyper-parameters further exacerbate the distorted benchmarks, rendering the state of neural network pruning even more obscure. Two mysteries in pruning represent such a confusing status: the performance-boosting effect of a larger finetuning learning rate, and the no-value argument of inheriting pretrained weights in filter pruning. In this work, we attempt to explain the confusing state of network pruning by demystifying the two mysteries. Specifically, (1) we first clarify the fairness principle in pruning experiments and summarize the widely-used comparison setups; (2) then we unveil the two pruning mysteries and point out the central role of network trainability, which has not been well recognized so far; (3) finally, we conclude the paper and give some concrete suggestions regarding how to calibrate the pruning benchmarks in the future. Code: https://github.com/mingsun-tse/why-the-state-of-pruning-so-confusing.",
    "paper_type": "survey",
    "attri": {
        "background": {
            "purpose": "This survey aims to clarify the confusing state of neural network pruning by addressing the lack of standardized benchmarks and metrics, particularly focusing on what constitutes a fair comparison setup.",
            "scope": "The survey includes topics related to pruning experiments, hyper-parameters, fairness principles, and network trainability. It excludes unrelated aspects of neural network optimization that do not pertain to pruning."
        },
        "problem": {
            "definition": "The core issue explored is the confusion surrounding the effectiveness and comparison setups in neural network pruning due to non-standardized benchmarks.",
            "key obstacle": "Primary challenges include the use of sub-optimal hyper-parameters in pruning experiments and the unclear reasons behind these choices, which distort benchmarking results."
        },
        "architecture": {
            "perspective": "The survey introduces a framework for understanding fairness in pruning experiments and categorizes existing research based on the clarity and effectiveness of their comparison setups.",
            "fields/stages": "The survey organizes current methods into stages that reflect their adherence to fairness principles and the recognition of network trainability's role in pruning."
        },
        "conclusion": {
            "comparisions": "The survey conducts a comparative analysis of different pruning methods, highlighting inconsistencies in their effectiveness due to varying hyper-parameters and comparison setups.",
            "results": "Key takeaways include the importance of establishing standardized benchmarks and the need to recognize the impact of network trainability on pruning performance."
        },
        "discussion": {
            "advantage": "Current research has achieved a better understanding of pruning techniques and their impact on model performance, contributing to the field's knowledge base.",
            "limitation": "Limitations include a lack of standardized practices and the prevalence of sub-optimal hyper-parameters that hinder accurate comparisons.",
            "gaps": "Unanswered questions remain regarding the optimal conditions for pruning and how to effectively measure performance across different setups.",
            "future work": "Future research should focus on establishing clear benchmarks, improving hyper-parameter selection, and exploring the implications of network trainability in pruning."
        },
        "other info": {
            "code repository": "https://github.com/mingsun-tse/why-the-state-of-pruning-so-confusing"
        }
    },
    "mount_outline": [
        {
            "section number": "1.1",
            "key information": "This survey aims to clarify the confusing state of neural network pruning by addressing the lack of standardized benchmarks and metrics, particularly focusing on what constitutes a fair comparison setup."
        },
        {
            "section number": "1.2",
            "key information": "The survey includes topics related to pruning experiments, hyper-parameters, fairness principles, and network trainability. It excludes unrelated aspects of neural network optimization that do not pertain to pruning."
        },
        {
            "section number": "2.2",
            "key information": "Primary challenges include the use of sub-optimal hyper-parameters in pruning experiments and the unclear reasons behind these choices, which distort benchmarking results."
        },
        {
            "section number": "3.1",
            "key information": "The survey introduces a framework for understanding fairness in pruning experiments and categorizes existing research based on the clarity and effectiveness of their comparison setups."
        },
        {
            "section number": "4.3",
            "key information": "The survey conducts a comparative analysis of different pruning methods, highlighting inconsistencies in their effectiveness due to varying hyper-parameters and comparison setups."
        },
        {
            "section number": "5.1",
            "key information": "Unanswered questions remain regarding the optimal conditions for pruning and how to effectively measure performance across different setups."
        },
        {
            "section number": "6.3",
            "key information": "Future research should focus on establishing clear benchmarks, improving hyper-parameter selection, and exploring the implications of network trainability in pruning."
        }
    ],
    "similarity_score": null,
    "image": null,
    "path": "/home/liudingyuan/code/SurveyX/code/SurveyX-main/outputs/t14/papers/Why is the state of neural network pruning so confusing_ on the fairness, comparison setup, and trainability in network pruning.json"
}