{
    "from": null,
    "scholar_id": null,
    "detail_id": null,
    "title": "Why lottery ticket wins? a theoretical perspective of sample complexity on pruned neural networks",
    "abstract": "The \\textit{lottery ticket hypothesis} (LTH) states that learning on a properly pruned network (the \\textit{winning ticket}) improves test accuracy over the original unpruned network. Although LTH has been justified empirically in a broad range of deep neural network (DNN) involved applications like computer vision and natural language processing, the theoretical validation of the improved generalization of a winning ticket remains elusive. To the best of our knowledge, our work, for the first time, characterizes the performance of training a pruned neural network by analyzing the geometric structure of the objective function and the sample complexity to achieve zero generalization error. We show that the convex region near a desirable model with guaranteed generalization enlarges as the neural network model is pruned, indicating the structural importance of a winning ticket. Moreover, when the algorithm for training a pruned neural network is specified as an (accelerated) stochastic gradient descent algorithm, we theoretically show that the number of samples required for achieving zero generalization error is proportional to the number of the non-pruned weights in the hidden layer. With a fixed number of samples, training a pruned neural network enjoys a faster convergence rate to the desired model than training the original unpruned one, providing a formal justification of the improved generalization of the winning ticket. Our theoretical results are acquired from learning a pruned neural network of one hidden layer, while experimental results are further provided to justify the implications in pruning multi-layer neural networks.",
    "arxivid": "2110.05667v1",
    "bib_name": "Whylottery98",
    "md_text": "# Why lottery ticket wins? a theoretical perspective of sample complexity on pruned neural networks\n\n\nabstract\n\nThe \\textit{lottery ticket hypothesis} (LTH) states that learning on a properly pruned network (the \\textit{winning ticket}) improves test accuracy over the original unpruned network. Although LTH has been justified empirically in a broad range of deep neural network (DNN) involved applications like computer vision and natural language processing, the theoretical validation of the improved generalization of a winning ticket remains elusive. To the best of our knowledge, our work, for the first time, characterizes the performance of training a pruned neural network by analyzing the geometric structure of the objective function and the sample complexity to achieve zero generalization error. We show that the convex region near a desirable model with guaranteed generalization enlarges as the neural network model is pruned, indicating the structural importance of a winning ticket. Moreover, when the algorithm for training a pruned neural network is specified as an (accelerated) stochastic gradient descent algorithm, we theoretically show that the number of samples required for achieving zero generalization error is proportional to the number of the non-pruned weights in the hidden layer. With a fixed number of samples, training a pruned neural network enjoys a faster convergence rate to the desired model than training the original unpruned one, providing a formal justification of the improved generalization of the winning ticket. Our theoretical results are acquired from learning a pruned neural network of one hidden layer, while experimental results are further provided to justify the implications in pruning multi-layer neural networks.",
    "paper_type": "theory",
    "attri": {
        "background": "The lottery ticket hypothesis (LTH) posits that properly pruned networks, referred to as winning tickets, yield better test accuracy compared to their unpruned counterparts. Despite empirical support across various deep neural network applications, a theoretical framework for understanding this improved generalization remains lacking.",
        "problem": {
            "definition": "The theoretical validation of the improved generalization of pruned neural networks, specifically understanding how pruning affects sample complexity and generalization error.",
            "key obstacle": "The main challenge is to establish a theoretical basis that links the geometric structure of the objective function of pruned networks to their improved performance."
        },
        "idea": {
            "intuition": "The idea is inspired by the observation that certain configurations of neural networks, when pruned appropriately, can lead to enhanced generalization capabilities.",
            "opinion": "The authors propose that pruned networks possess a geometric structure that facilitates better learning dynamics.",
            "innovation": "The primary improvement lies in the theoretical characterization of the relationship between pruning and sample complexity, demonstrating that pruned networks can achieve zero generalization error with fewer samples."
        },
        "Theory": {
            "perspective": "The perspective focuses on the geometric structure of the objective function of neural networks and how this structure evolves with pruning.",
            "opinion": "The authors assume that the convex regions near desirable models expand as networks are pruned, which is crucial for understanding generalization.",
            "proof": "The proof involves showing that the number of samples needed for zero generalization error is proportional to the number of non-pruned weights in the hidden layer, thus linking sample complexity to network structure."
        },
        "experiments": {
            "evaluation setting": "The experiments utilize a pruned neural network with one hidden layer and evaluate its performance against the original unpruned network, including considerations of sample sizes and convergence rates.",
            "evaluation method": "Evaluation steps include comparing convergence rates and generalization errors between pruned and unpruned networks under the specified training algorithm."
        },
        "conclusion": "The findings support the lottery ticket hypothesis by demonstrating that pruned neural networks not only converge faster but also require fewer samples to achieve better generalization compared to their unpruned counterparts.",
        "discussion": {
            "advantage": "The paper provides a theoretical foundation for the lottery ticket hypothesis, linking pruning to improved sample efficiency and convergence rates.",
            "limitation": "The theoretical results are derived from a simplified model of a pruned network with one hidden layer, which may not fully capture the complexities of multi-layer networks.",
            "future work": "Future research could explore the implications of these findings in more complex architectures and investigate the effectiveness of different pruning strategies across various tasks."
        },
        "other info": []
    },
    "mount_outline": [
        {
            "section number": "1.1",
            "key information": "The lottery ticket hypothesis (LTH) posits that properly pruned networks, referred to as winning tickets, yield better test accuracy compared to their unpruned counterparts."
        },
        {
            "section number": "2.3",
            "key information": "The theoretical validation of the improved generalization of pruned neural networks focuses on understanding how pruning affects sample complexity and generalization error."
        },
        {
            "section number": "3.1",
            "key information": "The paper provides a theoretical foundation for the lottery ticket hypothesis, linking pruning to improved sample efficiency and convergence rates."
        },
        {
            "section number": "5.1",
            "key information": "The findings support the lottery ticket hypothesis by demonstrating that pruned neural networks not only converge faster but also require fewer samples to achieve better generalization compared to their unpruned counterparts."
        },
        {
            "section number": "6.3",
            "key information": "Future research could explore the implications of these findings in more complex architectures and investigate the effectiveness of different pruning strategies across various tasks."
        }
    ],
    "similarity_score": null,
    "image": null,
    "path": "/home/liudingyuan/code/SurveyX/code/SurveyX-main/outputs/t14/papers/Why lottery ticket wins_ a theoretical perspective of sample complexity on pruned neural networks.json"
}