{
    "from": null,
    "scholar_id": null,
    "detail_id": null,
    "title": "Why lift so heavy? slimming large language models by cutting off the layers",
    "abstract": "Large Language Models (LLMs) demonstrate exceptional language understanding and generation capabilities by learning from context. Leveraging the strong in-context learning (ICL) abilities of LLMs, prompt-based fine-tuning has proven to be effective for enhancing the adaptability and alignment of LLMs, especially in low-data scenarios. However, the billions of parameters resulting from layer stacking in LLMs present significant computational challenges, limiting the practicality of fine-tuning. To tackle this problem, we explore the application of layer-wise model pruning in prompt-based fine-tuning of LLMs for few-shot learning scenarios. Our approach involves dropping certain model layers and fine-tuning the model with the remaining layers. Surprisingly, we observe that even with fewer layers, LLMs maintain similar or better performance levels, particularly in prompt-based fine-tuning for text classification tasks. Remarkably, in certain cases, models with a single layer outperform their fully layered counterparts. These findings offer valuable insights for future work aimed at mitigating the size constraints of LLMs while preserving their performance, thereby opening avenues for significantly more efficient use of LLMs.",
    "arxivid": "2402.11700v2",
    "bib_name": "Whyliftsoh155",
    "md_text": "# Why lift so heavy? slimming large language models by cutting off the layers\n\n\nabstract\n\nLarge Language Models (LLMs) demonstrate exceptional language understanding and generation capabilities by learning from context. Leveraging the strong in-context learning (ICL) abilities of LLMs, prompt-based fine-tuning has proven to be effective for enhancing the adaptability and alignment of LLMs, especially in low-data scenarios. However, the billions of parameters resulting from layer stacking in LLMs present significant computational challenges, limiting the practicality of fine-tuning. To tackle this problem, we explore the application of layer-wise model pruning in prompt-based fine-tuning of LLMs for few-shot learning scenarios. Our approach involves dropping certain model layers and fine-tuning the model with the remaining layers. Surprisingly, we observe that even with fewer layers, LLMs maintain similar or better performance levels, particularly in prompt-based fine-tuning for text classification tasks. Remarkably, in certain cases, models with a single layer outperform their fully layered counterparts. These findings offer valuable insights for future work aimed at mitigating the size constraints of LLMs while preserving their performance, thereby opening avenues for significantly more efficient use of LLMs.",
    "paper_type": "method",
    "attri": {
        "background": "This paper addresses the issue of computational challenges posed by large language models (LLMs) due to their billions of parameters resulting from layer stacking, which limits the practicality of fine-tuning in low-data scenarios.",
        "problem": {
            "definition": "The problem is the excessive computational resources required for fine-tuning large language models, which hinders their adaptability and alignment in low-data environments.",
            "key obstacle": "The core obstacle is the high number of parameters in LLMs that complicates the fine-tuning process, making it inefficient and resource-intensive."
        },
        "idea": {
            "intuition": "The idea is inspired by the observation that not all layers in a large language model may be necessary for effective performance, particularly in few-shot learning scenarios.",
            "opinion": "The proposed idea involves applying layer-wise model pruning during prompt-based fine-tuning, allowing for the removal of certain layers while retaining performance.",
            "innovation": "The primary innovation lies in demonstrating that LLMs can achieve similar or improved performance levels with fewer layers, challenging the conventional reliance on fully stacked models."
        },
        "method": {
            "method name": "Layer-wise Model Pruning",
            "method abbreviation": "LMP",
            "method definition": "Layer-wise Model Pruning is a technique that involves selectively dropping certain layers from a large language model during prompt-based fine-tuning to reduce computational load while maintaining performance.",
            "method description": "The core of the method involves identifying and removing unnecessary layers from the model prior to fine-tuning.",
            "method steps": "1. Identify layers for pruning; 2. Drop selected layers; 3. Fine-tune the model with remaining layers; 4. Evaluate performance on tasks.",
            "principle": "This method is effective because it capitalizes on the ability of LLMs to perform well even with reduced complexity, as evidenced by the maintained or improved performance in text classification tasks."
        },
        "experiments": {
            "evaluation setting": "The experimental setup involves few-shot learning scenarios with various text classification tasks, comparing the performance of pruned models against fully layered models.",
            "evaluation method": "Performance was measured by assessing the accuracy and effectiveness of the models in text classification tasks, analyzing results to determine the impact of layer pruning."
        },
        "conclusion": "The findings indicate that layer-wise pruning can significantly enhance the efficiency of large language models without sacrificing performance, providing a pathway for more practical applications in low-data scenarios.",
        "discussion": {
            "advantage": "The key advantages include reduced computational requirements and the ability to maintain or improve model performance, making LLMs more accessible for fine-tuning.",
            "limitation": "A limitation of the method may include the potential loss of critical information from pruned layers, which could affect performance in more complex tasks.",
            "future work": "Future research should explore optimizing the layer selection process and investigating the effectiveness of this approach across a wider range of tasks and model architectures."
        },
        "other info": []
    },
    "mount_outline": [
        {
            "section number": "1.1",
            "key information": "Pruning contributes to model efficiency and performance by allowing for the removal of unnecessary layers, which is crucial in the context of large language models."
        },
        {
            "section number": "2.2",
            "key information": "Layer-wise Model Pruning (LMP) is a technique that selectively drops certain layers from a large language model during prompt-based fine-tuning to reduce computational load while maintaining performance."
        },
        {
            "section number": "2.3",
            "key information": "The innovation of LMP demonstrates that large language models can achieve similar or improved performance levels with fewer layers, challenging the conventional reliance on fully stacked models."
        },
        {
            "section number": "4.1",
            "key information": "Criteria for evaluation in the paper include the accuracy and effectiveness of models in text classification tasks, comparing pruned models against fully layered models."
        },
        {
            "section number": "5.2",
            "key information": "Layer-wise pruning significantly reduces computational requirements while maintaining or improving model performance, making it more accessible for fine-tuning in low-data scenarios."
        },
        {
            "section number": "6.1",
            "key information": "Best practices include identifying layers for pruning, dropping selected layers, and fine-tuning the model with the remaining layers to enhance efficiency."
        },
        {
            "section number": "6.3",
            "key information": "Future research should explore optimizing the layer selection process and the effectiveness of layer-wise pruning across a wider range of tasks and model architectures."
        }
    ],
    "similarity_score": null,
    "image": null,
    "path": "/home/liudingyuan/code/SurveyX/code/SurveyX-main/outputs/t14/papers/Why lift so heavy_ slimming large language models by cutting off the layers.json"
}