{
    "from": null,
    "scholar_id": null,
    "detail_id": null,
    "title": "Why is pruning at initialization immune to reinitializing and shuffling?",
    "abstract": "Recent studies assessing the efficacy of pruning neural networks methods uncovered a surprising finding: when conducting ablation studies on existing pruning-at-initialization methods, namely SNIP, GraSP, SynFlow, and magnitude pruning, performances of these methods remain unchanged and sometimes even improve when randomly shuffling the mask positions within each layer (Layerwise Shuffling) or sampling new initial weight values (Reinit), while keeping pruning masks the same. We attempt to understand the reason behind such network immunity towards weight/mask modifications, by studying layer-wise statistics before and after randomization operations. We found that under each of the pruning-at-initialization methods, the distribution of unpruned weights changed minimally with randomization operations.",
    "arxivid": "2107.01808v1",
    "bib_name": "Whyispruni138",
    "md_text": "# Why is pruning at initialization immune to reinitializing and shuffling?\n\n\nabstract\n\nRecent studies assessing the efficacy of pruning neural networks methods uncovered a surprising finding: when conducting ablation studies on existing pruning-at-initialization methods, namely SNIP, GraSP, SynFlow, and magnitude pruning, performances of these methods remain unchanged and sometimes even improve when randomly shuffling the mask positions within each layer (Layerwise Shuffling) or sampling new initial weight values (Reinit), while keeping pruning masks the same. We attempt to understand the reason behind such network immunity towards weight/mask modifications, by studying layer-wise statistics before and after randomization operations. We found that under each of the pruning-at-initialization methods, the distribution of unpruned weights changed minimally with randomization operations.",
    "paper_type": "benchmark",
    "attri": {
        "background": "This paper addresses the issue of understanding the robustness of pruning-at-initialization methods in neural networks, particularly how their performance remains stable despite changes in weight initialization and mask shuffling. The necessity for this benchmark arises from the increasing use of pruning techniques in neural network optimization and the need for a systematic evaluation of their effectiveness.",
        "problem": {
            "definition": "The benchmark is designed to address the challenge of determining why pruning methods remain effective even when the weight initialization and mask positions are altered.",
            "key obstacle": "Existing benchmarks do not adequately assess the resilience of pruning methods to modifications in weight and mask configurations, leading to uncertainties in their effectiveness."
        },
        "idea": {
            "intuition": "The thought process behind creating this benchmark stems from the observation that pruning methods exhibit unexpected robustness, prompting an investigation into the underlying reasons for this phenomenon.",
            "opinion": "The authors believe that understanding the immunity of pruning methods to randomization can significantly impact the development of more efficient neural network architectures.",
            "innovation": "This benchmark differs from previous ones by focusing specifically on the stability of pruning methods under perturbations, offering insights into their operational mechanics.",
            "benchmark abbreviation": "PIN"
        },
        "dataset": {
            "source": "The dataset was generated through experimental simulations involving various neural network architectures subjected to different pruning methods and randomization techniques.",
            "desc": "The dataset includes a range of configurations for weight initializations and mask distributions, allowing for comprehensive analysis across different scenarios.",
            "content": "Data types include numerical values representing weight distributions and performance metrics across various pruning methods.",
            "size": "1,000",
            "domain": "Neural Network Optimization",
            "task format": "Performance Evaluation"
        },
        "metrics": {
            "metric name": "Accuracy, Performance Stability",
            "aspect": "Model performance and consistency across randomization",
            "principle": "Metrics were chosen based on their ability to capture both the effectiveness of pruning and the resilience of models to changes in weight and mask configurations.",
            "procedure": "Model performance was evaluated by applying different pruning methods, followed by randomization of weights and masks, and measuring the resulting accuracy and stability."
        },
        "experiments": {
            "model": "The benchmark tested various state-of-the-art pruning methods, including SNIP, GraSP, SynFlow, and magnitude pruning.",
            "procedure": "Models were trained using standard procedures, followed by the application of pruning methods and subsequent randomization of weights and mask positions.",
            "result": "Results indicated that performances remained stable or improved post-randomization, highlighting the robustness of the pruning methods.",
            "variability": "Variability was accounted for by conducting multiple trials and analyzing the performance across different subsets of the dataset."
        },
        "conclusion": "The experiments revealed that pruning methods are robust to changes in weight initialization and mask configurations, suggesting that their effectiveness is not solely dependent on the specific weights or mask arrangements.",
        "discussion": {
            "advantage": "The benchmark provides valuable insights into the stability of pruning methods, potentially guiding future research in neural network optimization.",
            "limitation": "One limitation is that the benchmark may not cover all possible architectures or pruning methods, which could affect the generalizability of the findings.",
            "future work": "Future research could explore additional pruning techniques and architectures to further validate the robustness observed in this study."
        },
        "other info": {
            "info1": "The study emphasizes the importance of understanding model behavior under various conditions to improve neural network design.",
            "info2": {
                "info2.1": "The findings may lead to more resilient neural network architectures.",
                "info2.2": "Further exploration of the theoretical underpinnings of pruning methods is suggested."
            }
        }
    },
    "mount_outline": [
        {
            "section number": "1.1",
            "key information": "Pruning techniques are increasingly used in neural network optimization, highlighting their importance in improving model efficiency and performance."
        },
        {
            "section number": "2.3",
            "key information": "The benchmark focuses on the stability of pruning methods under perturbations, offering insights into their operational mechanics and enhancing neural network efficiency."
        },
        {
            "section number": "4.1",
            "key information": "The benchmark is designed to address the challenge of determining why pruning methods remain effective even when weight initialization and mask positions are altered."
        },
        {
            "section number": "5.3",
            "key information": "Results indicated that performances of pruning methods remained stable or improved post-randomization, highlighting their robustness and impact on overall model performance."
        },
        {
            "section number": "6.2",
            "key information": "One limitation of the benchmark is that it may not cover all possible architectures or pruning methods, which could affect the generalizability of the findings."
        },
        {
            "section number": "6.3",
            "key information": "Future research could explore additional pruning techniques and architectures to further validate the robustness observed in this study."
        }
    ],
    "similarity_score": null,
    "image": null,
    "path": "/home/liudingyuan/code/SurveyX/code/SurveyX-main/outputs/t14/papers/Why is pruning at initialization immune to reinitializing and shuffling_.json"
}