{
    "from": null,
    "scholar_id": null,
    "detail_id": null,
    "title": "Winning lottery tickets in deep generative models",
    "abstract": "The lottery ticket hypothesis suggests that sparse, sub-networks of a given neural network, if initialized properly, can be trained to reach comparable or even better performance to that of the original network. Prior works in lottery tickets have primarily focused on the supervised learning setup, with several papers proposing effective ways of finding winning tickets in classification problems. In this paper, we confirm the existence of winning tickets in deep generative models such as GANs and VAEs. We show that the popular iterative magnitude pruning approach (with late resetting) can be used with generative losses to find the winning tickets. This approach effectively yields tickets with sparsity up to 99% for AutoEncoders, 93% for VAEs and 89% for GANs on CIFAR and Celeb-A datasets. We also demonstrate the transferability of winning tickets across different generative models (GANs and VAEs) sharing the same architecture, suggesting that winning tickets have inductive biases that could help train a wide range of deep generative models. Furthermore, we show the practical benefits of lottery tickets in generative models by detecting tickets at very early stages in training called early-bird tickets. Through early-bird tickets, we can achieve up to 88% reduction in floating-point operations (FLOPs) and 54% reduction in training time, making it possible to train large-scale generative models over tight resource constraints. These results out-perform existing early pruning methods like SNIP (Lee, Ajanthan, and Torr 2019) and GraSP(Wang, Zhang, and Grosse 2020). Our findings shed light towards existence of proper network initializations that could improve convergence and stability of generative models.",
    "arxivid": "2010.02350v2",
    "bib_name": "Winninglot89",
    "md_text": "# Winning lottery tickets in deep generative models\n\n\nabstract\n\nThe lottery ticket hypothesis suggests that sparse, sub-networks of a given neural network, if initialized properly, can be trained to reach comparable or even better performance to that of the original network. Prior works in lottery tickets have primarily focused on the supervised learning setup, with several papers proposing effective ways of finding winning tickets in classification problems. In this paper, we confirm the existence of winning tickets in deep generative models such as GANs and VAEs. We show that the popular iterative magnitude pruning approach (with late resetting) can be used with generative losses to find the winning tickets. This approach effectively yields tickets with sparsity up to 99% for AutoEncoders, 93% for VAEs and 89% for GANs on CIFAR and Celeb-A datasets. We also demonstrate the transferability of winning tickets across different generative models (GANs and VAEs) sharing the same architecture, suggesting that winning tickets have inductive biases that could help train a wide range of deep generative models. Furthermore, we show the practical benefits of lottery tickets in generative models by detecting tickets at very early stages in training called early-bird tickets. Through early-bird tickets, we can achieve up to 88% reduction in floating-point operations (FLOPs) and 54% reduction in training time, making it possible to train large-scale generative models over tight resource constraints. These results out-perform existing early pruning methods like SNIP (Lee, Ajanthan, and Torr 2019) and GraSP(Wang, Zhang, and Grosse 2020). Our findings shed light towards existence of proper network initializations that could improve convergence and stability of generative models.",
    "paper_type": "method",
    "attri": {
        "background": "This paper addresses the issue of finding winning tickets in deep generative models, confirming the existence of sparse, sub-networks that can be effectively trained to match or exceed the performance of original networks. Previous methods focused primarily on supervised learning, highlighting the need for breakthroughs in generative contexts.",
        "problem": {
            "definition": "The problem is to identify winning tickets in deep generative models, such as GANs and VAEs, which can be trained effectively with significant sparsity.",
            "key obstacle": "The main challenge is that existing methods have largely overlooked the application of winning ticket discovery in generative models, limiting the understanding of their potential in this domain."
        },
        "idea": {
            "intuition": "The intuition arises from the lottery ticket hypothesis, which suggests that properly initialized sparse networks can be as effective as their denser counterparts, even in generative settings.",
            "opinion": "The proposed idea involves using iterative magnitude pruning with late resetting to discover winning tickets in generative models, thereby enhancing their efficiency and performance.",
            "innovation": "The primary innovation lies in applying the winning ticket hypothesis to generative models, demonstrating that significant sparsity can be achieved while maintaining or improving performance, which has not been previously explored."
        },
        "method": {
            "method name": "Iterative Magnitude Pruning with Late Resetting",
            "method abbreviation": "IMPLR",
            "method definition": "IMPLR is a technique that identifies winning tickets in neural networks by iteratively pruning less significant weights and resetting the remaining weights to their initial values, tailored for generative model losses.",
            "method description": "The core of IMPLR involves pruning neural network weights based on their magnitudes while ensuring proper initialization for effective training.",
            "method steps": [
                "1. Initialize the neural network weights.",
                "2. Apply iterative magnitude pruning to remove less significant weights.",
                "3. Reset the remaining weights to their initial values at specified intervals.",
                "4. Train the pruned network on generative tasks."
            ],
            "principle": "IMPLR is effective because it leverages the lottery ticket hypothesis, allowing for the discovery of sub-networks that retain the necessary inductive biases for training generative models efficiently."
        },
        "experiments": {
            "evaluation setting": "Experiments were conducted on CIFAR and Celeb-A datasets, comparing the performance of IMPLR against baseline methods such as SNIP and GraSP.",
            "evaluation method": "The performance of the method was assessed by measuring the sparsity achieved, reduction in floating-point operations (FLOPs), and training time, alongside comparisons with existing early pruning methods."
        },
        "conclusion": "The experiments confirm that winning tickets can be effectively found in deep generative models, achieving up to 99% sparsity in AutoEncoders and substantial reductions in training time and FLOPs, thereby enhancing the efficiency of model training under resource constraints.",
        "discussion": {
            "advantage": "The key advantages of IMPLR include the ability to achieve high levels of sparsity while maintaining or improving performance, and the discovery of early-bird tickets that significantly reduce training time and computational resources.",
            "limitation": "A limitation of the method may include its dependency on proper initialization and the potential challenges in generalizing across different architectures beyond those tested.",
            "future work": "Future research could explore optimizing the initialization process further and extending the application of IMPLR to a broader range of generative models and architectures."
        },
        "other info": {
            "info1": "The method demonstrates transferability of winning tickets across different generative models sharing the same architecture.",
            "info2": {
                "info2.1": "Achieved up to 88% reduction in floating-point operations.",
                "info2.2": "Achieved 54% reduction in training time."
            }
        }
    },
    "mount_outline": [
        {
            "section number": "1.1",
            "key information": "Pruning contributes to model efficiency and performance by enabling the identification of winning tickets in deep generative models, which can be trained effectively with significant sparsity."
        },
        {
            "section number": "2.2",
            "key information": "The paper discusses model compression techniques through the lens of iterative magnitude pruning with late resetting (IMPLR), which identifies winning tickets in neural networks by pruning less significant weights."
        },
        {
            "section number": "2.3",
            "key information": "The paper defines key pruning concepts such as the lottery ticket hypothesis, demonstrating how properly initialized sparse networks can be as effective as denser counterparts, even in generative settings."
        },
        {
            "section number": "3.2",
            "key information": "The innovation of applying the winning ticket hypothesis to generative models represents a novel pruning approach, showcasing that significant sparsity can be achieved while maintaining or improving performance."
        },
        {
            "section number": "4.1",
            "key information": "The criteria for evaluating pruning methods include measuring the sparsity achieved, reduction in floating-point operations (FLOPs), and training time, as demonstrated by the experiments conducted on CIFAR and Celeb-A datasets."
        },
        {
            "section number": "5.1",
            "key information": "The paper discusses the trade-offs between model size and accuracy, indicating that high levels of sparsity can be achieved while maintaining or improving performance."
        },
        {
            "section number": "6.1",
            "key information": "Best practices for neural network pruning include using iterative magnitude pruning with late resetting to discover winning tickets in generative models, enhancing efficiency and performance."
        },
        {
            "section number": "6.3",
            "key information": "Future research directions suggested in the paper include optimizing the initialization process of IMPLR and extending its application to a broader range of generative models and architectures."
        }
    ],
    "similarity_score": null,
    "image": null,
    "path": "/home/liudingyuan/code/SurveyX/code/SurveyX-main/outputs/t14/papers/Winning lottery tickets in deep generative models.json"
}