{
    "from": null,
    "scholar_id": null,
    "detail_id": null,
    "title": "X-pruner: explainable pruning for vision transformers",
    "abstract": "Recently vision transformer models have become prominent models for a range of tasks. These models, however, usually suffer from intensive computational costs and heavy memory requirements, making them impractical for deployment on edge platforms. Recent studies have proposed to prune transformers in an unexplainable manner, which overlook the relationship between internal units of the model and the target class, thereby leading to inferior performance. To alleviate this problem, we propose a novel explainable pruning framework dubbed X-Pruner, which is designed by considering the explainability of the pruning criterion. Specifically, to measure each prunable unit's contribution to predicting each target class, a novel explainability-aware mask is proposed and learned in an end-to-end manner. Then, to preserve the most informative units and learn the layer-wise pruning rate, we adaptively search the layer-wise threshold that differentiates between unpruned and pruned units based on their explainability-aware mask values. To verify and evaluate our method, we apply the X-Pruner on representative transformer models including the DeiT and Swin Transformer. Comprehensive simulation results demonstrate that the proposed X-Pruner outperforms the state-of-the-art black-box methods with significantly reduced computational costs and slight performance degradation. Code is available at https://github.com/vickyyu90/XPruner.",
    "arxivid": "2303.04935v2",
    "bib_name": "X-pruner:e81",
    "md_text": "# X-pruner: explainable pruning for vision transformers\n\n\nabstract\n\nRecently vision transformer models have become prominent models for a range of tasks. These models, however, usually suffer from intensive computational costs and heavy memory requirements, making them impractical for deployment on edge platforms. Recent studies have proposed to prune transformers in an unexplainable manner, which overlook the relationship between internal units of the model and the target class, thereby leading to inferior performance. To alleviate this problem, we propose a novel explainable pruning framework dubbed X-Pruner, which is designed by considering the explainability of the pruning criterion. Specifically, to measure each prunable unit's contribution to predicting each target class, a novel explainability-aware mask is proposed and learned in an end-to-end manner. Then, to preserve the most informative units and learn the layer-wise pruning rate, we adaptively search the layer-wise threshold that differentiates between unpruned and pruned units based on their explainability-aware mask values. To verify and evaluate our method, we apply the X-Pruner on representative transformer models including the DeiT and Swin Transformer. Comprehensive simulation results demonstrate that the proposed X-Pruner outperforms the state-of-the-art black-box methods with significantly reduced computational costs and slight performance degradation. Code is available at https://github.com/vickyyu90/XPruner.",
    "paper_type": "method",
    "attri": {
        "background": "This paper addresses the issue of high computational costs and heavy memory requirements associated with vision transformer models, which hinder their deployment on edge platforms. Previous methods for pruning transformers lack explainability, leading to poor performance due to the neglect of the relationship between internal units and target classes.",
        "problem": {
            "definition": "The problem defined in this paper is the inefficient pruning of vision transformers, which affects their performance and deployment viability.",
            "key obstacle": "The main challenge is the lack of explainability in existing pruning methods, which results in suboptimal performance by failing to consider the contributions of internal units to target class predictions."
        },
        "idea": {
            "intuition": "The idea is inspired by the need for a pruning method that is not only effective but also explainable, allowing for better understanding of how pruning decisions impact model performance.",
            "opinion": "The proposed idea, X-Pruner, integrates explainability into the pruning process by using an explainability-aware mask to assess the contribution of each unit to the target class.",
            "innovation": "The key innovation of X-Pruner lies in its explainability-aware mask, which differentiates it from existing black-box pruning methods by providing a clear rationale for pruning decisions."
        },
        "method": {
            "method name": "X-Pruner",
            "method abbreviation": "XP",
            "method definition": "X-Pruner is a framework that prunes vision transformers by considering the explainability of each unit's contribution to class predictions.",
            "method description": "The method adaptively determines which units to prune based on their explainability-aware contributions to target classes.",
            "method steps": "1. Learn an explainability-aware mask for each prunable unit; 2. Determine layer-wise thresholds for pruning based on mask values; 3. Apply pruning to preserve informative units.",
            "principle": "The effectiveness of X-Pruner is supported by the rationale that explainable pruning enhances the model's ability to retain critical information necessary for accurate predictions."
        },
        "experiments": {
            "evaluation setting": "The evaluation is conducted on representative transformer models, including DeiT and Swin Transformer, with comparisons to state-of-the-art black-box pruning methods.",
            "evaluation method": "Performance is measured through comprehensive simulations that assess computational costs and model accuracy before and after pruning."
        },
        "conclusion": "The experiments demonstrate that X-Pruner significantly reduces computational costs while maintaining performance, outperforming existing black-box methods.",
        "discussion": {
            "advantage": "The primary advantage of X-Pruner is its explainability, which allows for more informed pruning decisions that lead to better model performance.",
            "limitation": "One limitation of the method is that it may require additional computational resources during the explainability-aware mask learning phase.",
            "future work": "Future research could focus on enhancing the explainability framework and exploring its application to other model architectures beyond vision transformers."
        },
        "other info": []
    },
    "mount_outline": [
        {
            "section number": "1.1",
            "key information": "This paper addresses the issue of high computational costs and heavy memory requirements associated with vision transformer models, which hinder their deployment on edge platforms."
        },
        {
            "section number": "2.3",
            "key information": "The problem defined in this paper is the inefficient pruning of vision transformers, which affects their performance and deployment viability."
        },
        {
            "section number": "3.2",
            "key information": "The proposed idea, X-Pruner, integrates explainability into the pruning process by using an explainability-aware mask to assess the contribution of each unit to the target class."
        },
        {
            "section number": "4.3",
            "key information": "The experiments demonstrate that X-Pruner significantly reduces computational costs while maintaining performance, outperforming existing black-box methods."
        },
        {
            "section number": "5.1",
            "key information": "The primary advantage of X-Pruner is its explainability, which allows for more informed pruning decisions that lead to better model performance."
        },
        {
            "section number": "6.1",
            "key information": "X-Pruner adaptively determines which units to prune based on their explainability-aware contributions to target classes."
        }
    ],
    "similarity_score": null,
    "image": null,
    "path": "/home/liudingyuan/code/SurveyX/code/SurveyX-main/outputs/t14/papers/X-pruner_ explainable pruning for vision transformers.json"
}