{
    "from": null,
    "scholar_id": null,
    "detail_id": null,
    "title": "A deep relevance matching model for ad-hoc retrieval",
    "abstract": "In recent years, deep neural networks have led to exciting breakthroughs in speech recognition, computer vision, and natural language processing (NLP) tasks. However, there have been few positive results of deep models on ad-hoc retrieval tasks. This is partially due to the fact that many important characteristics of the ad-hoc retrieval task have not been well addressed in deep models yet. Typically, the ad-hoc retrieval task is formalized as a matching problem between two pieces of text in existing work using deep models, and treated equivalent to many NLP tasks such as paraphrase identification, question answering and automatic conversation. However, we argue that the ad-hoc retrieval task is mainly about relevance matching while most NLP matching tasks concern semantic matching, and there are some fundamental differences between these two matching tasks. Successful relevance matching requires proper handling of the exact matching signals, query term importance, and diverse matching requirements. In this paper, we propose a novel deep relevance matching model (DRMM) for ad-hoc retrieval. Specifically, our model employs a joint deep architecture at the query term level for relevance matching. By using matching histogram mapping, a feed forward matching network, and a term gating network, we can effectively deal with the three relevance matching factors mentioned above. Experimental results on two representative benchmark collections show that our model can significantly outperform some well-known retrieval models as well as state-of-the-art deep matching models.",
    "arxivid": "1711.08611v1",
    "bib_name": "Adeeprelev11",
    "md_text": "# A deep relevance matching model for ad-hoc retrieval\n\n\nabstract\n\nIn recent years, deep neural networks have led to exciting breakthroughs in speech recognition, computer vision, and natural language processing (NLP) tasks. However, there have been few positive results of deep models on ad-hoc retrieval tasks. This is partially due to the fact that many important characteristics of the ad-hoc retrieval task have not been well addressed in deep models yet. Typically, the ad-hoc retrieval task is formalized as a matching problem between two pieces of text in existing work using deep models, and treated equivalent to many NLP tasks such as paraphrase identification, question answering and automatic conversation. However, we argue that the ad-hoc retrieval task is mainly about relevance matching while most NLP matching tasks concern semantic matching, and there are some fundamental differences between these two matching tasks. Successful relevance matching requires proper handling of the exact matching signals, query term importance, and diverse matching requirements. In this paper, we propose a novel deep relevance matching model (DRMM) for ad-hoc retrieval. Specifically, our model employs a joint deep architecture at the query term level for relevance matching. By using matching histogram mapping, a feed forward matching network, and a term gating network, we can effectively deal with the three relevance matching factors mentioned above. Experimental results on two representative benchmark collections show that our model can significantly outperform some well-known retrieval models as well as state-of-the-art deep matching models.",
    "paper_type": "method",
    "attri": {
        "background": "This paper addresses the issue of the inadequacy of deep neural networks in ad-hoc retrieval tasks, highlighting that previous methods have not effectively tackled the unique characteristics of this problem, necessitating a new approach.",
        "problem": {
            "definition": "The problem revolves around the ineffective application of deep models to ad-hoc retrieval tasks, which require relevance matching rather than just semantic matching.",
            "key obstacle": "The main challenge is that existing deep models primarily focus on semantic matching, neglecting the critical aspects of relevance matching such as exact matching signals and query term importance."
        },
        "idea": {
            "intuition": "The idea was inspired by the observation that ad-hoc retrieval requires a different approach than typical NLP tasks, emphasizing the need for a model that focuses on relevance rather than just semantics.",
            "opinion": "The proposed idea is to introduce a deep relevance matching model (DRMM) that specifically targets the nuances of ad-hoc retrieval through a joint architecture at the query term level.",
            "innovation": "The innovation lies in the model's ability to incorporate matching histogram mapping, a feed forward matching network, and a term gating network, which collectively enhance its relevance matching capabilities compared to existing methods."
        },
        "method": {
            "method name": "Deep Relevance Matching Model",
            "method abbreviation": "DRMM",
            "method definition": "DRMM is defined as a model that employs a joint deep architecture to effectively address the factors critical for relevance matching in ad-hoc retrieval tasks.",
            "method description": "The core of DRMM is its ability to process query terms through a specialized architecture designed for relevance matching.",
            "method steps": "1. Input query and document pairs; 2. Generate matching histograms; 3. Apply the feed forward matching network; 4. Utilize the term gating network to refine results.",
            "principle": "The effectiveness of DRMM in solving the problem is based on its ability to properly handle exact matching signals and prioritize query term importance, which are essential for relevance matching."
        },
        "experiments": {
            "experiments setting": "The experimental setup involved two benchmark collections for ad-hoc retrieval, comparing DRMM against several established retrieval models and state-of-the-art deep matching models.",
            "evaluation method": "Performance was assessed through standard retrieval metrics, comparing the results of DRMM with those of the baseline methods."
        },
        "conclusion": "The experimental results demonstrate that DRMM significantly outperforms both traditional retrieval models and contemporary deep matching models, validating its effectiveness in ad-hoc retrieval tasks.",
        "discussion": {
            "advantage": "Key advantages of DRMM include its tailored approach to relevance matching and its ability to effectively incorporate multiple factors that influence retrieval performance.",
            "limitation": "One limitation of the method may be its reliance on specific architectures and the potential need for extensive tuning to optimize performance across different datasets.",
            "future work": "Future research could explore enhancements to the model's architecture, investigate its applicability to other retrieval contexts, and refine the handling of diverse matching requirements."
        },
        "other info": []
    },
    "mount_outline": [
        {
            "section number": "2.2",
            "key information": "The problem revolves around the ineffective application of deep models to ad-hoc retrieval tasks, which require relevance matching rather than just semantic matching."
        },
        {
            "section number": "2.3",
            "key information": "The main challenge is that existing deep models primarily focus on semantic matching, neglecting the critical aspects of relevance matching such as exact matching signals and query term importance."
        },
        {
            "section number": "3.1",
            "key information": "The proposed idea is to introduce a deep relevance matching model (DRMM) that specifically targets the nuances of ad-hoc retrieval through a joint architecture at the query term level."
        },
        {
            "section number": "4.1",
            "key information": "The innovation lies in the model's ability to incorporate matching histogram mapping, a feed forward matching network, and a term gating network, which collectively enhance its relevance matching capabilities compared to existing methods."
        },
        {
            "section number": "7.1",
            "key information": "One limitation of the method may be its reliance on specific architectures and the potential need for extensive tuning to optimize performance across different datasets."
        },
        {
            "section number": "7.3",
            "key information": "Future research could explore enhancements to the model's architecture, investigate its applicability to other retrieval contexts, and refine the handling of diverse matching requirements."
        }
    ],
    "similarity_score": null,
    "image": null,
    "path": "/home/liudingyuan/code/SurveyX/code/SurveyX-main/outputs/t10a/papers/A deep relevance matching model for ad-hoc retrieval.json"
}