{
    "from": null,
    "scholar_id": null,
    "detail_id": null,
    "title": "A setwise approach for effective and highly efficient zero-shot ranking with large language models",
    "abstract": "We propose a novel zero-shot document ranking approach based on Large Language Models (LLMs): the Setwise prompting approach. Our approach complements existing prompting approaches for LLM-based zero-shot ranking: Pointwise, Pairwise, and Listwise. Through the first-of-its-kind comparative evaluation within a consistent experimental framework and considering factors like model size, token consumption, latency, among others, we show that existing approaches are inherently characterised by trade-offs between effectiveness and efficiency. We find that while Pointwise approaches score high on efficiency, they suffer from poor effectiveness. Conversely, Pairwise approaches demonstrate superior effectiveness but incur high computational overhead. Our Setwise approach, instead, reduces the number of LLM inferences and the amount of prompt token consumption during the ranking procedure, compared to previous methods. This significantly improves the efficiency of LLM-based zero-shot ranking, while also retaining high zero-shot ranking effectiveness. We make our code and results publicly available at https://github.com/ielab/llm-rankers.",
    "arxivid": "2310.09497v2",
    "bib_name": "Asetwiseap109",
    "md_text": "# A setwise approach for effective and highly efficient zero-shot ranking with large language models\n\n\nabstract\n\nWe propose a novel zero-shot document ranking approach based on Large Language Models (LLMs): the Setwise prompting approach. Our approach complements existing prompting approaches for LLM-based zero-shot ranking: Pointwise, Pairwise, and Listwise. Through the first-of-its-kind comparative evaluation within a consistent experimental framework and considering factors like model size, token consumption, latency, among others, we show that existing approaches are inherently characterised by trade-offs between effectiveness and efficiency. We find that while Pointwise approaches score high on efficiency, they suffer from poor effectiveness. Conversely, Pairwise approaches demonstrate superior effectiveness but incur high computational overhead. Our Setwise approach, instead, reduces the number of LLM inferences and the amount of prompt token consumption during the ranking procedure, compared to previous methods. This significantly improves the efficiency of LLM-based zero-shot ranking, while also retaining high zero-shot ranking effectiveness. We make our code and results publicly available at https://github.com/ielab/llm-rankers.",
    "paper_type": "method",
    "attri": {
        "background": "This paper addresses the issue of zero-shot document ranking using Large Language Models (LLMs) and highlights the limitations of existing approaches like Pointwise, Pairwise, and Listwise, which exhibit trade-offs between effectiveness and efficiency.",
        "problem": {
            "definition": "The problem is the need for an effective and efficient method for zero-shot document ranking using LLMs.",
            "key obstacle": "The core obstacle is the inherent trade-offs in existing methods, where Pointwise approaches lack effectiveness, and Pairwise approaches incur high computational costs."
        },
        "idea": {
            "intuition": "The idea was inspired by the need to balance effectiveness and efficiency in LLM-based ranking methods.",
            "opinion": "The proposed Setwise prompting approach aims to improve both efficiency and effectiveness in zero-shot ranking by reducing LLM inferences and prompt token consumption.",
            "innovation": "The primary innovation of the Setwise approach lies in its ability to enhance efficiency while maintaining high effectiveness, contrasting with the limitations of existing methods."
        },
        "method": {
            "method name": "Setwise prompting approach",
            "method abbreviation": "Setwise",
            "method definition": "The Setwise prompting approach is a novel method for zero-shot document ranking that minimizes LLM inferences and prompt token usage.",
            "method description": "This method effectively ranks documents in a zero-shot manner while optimizing resource usage.",
            "method steps": "1. Define the set of documents to be ranked. 2. Apply the Setwise prompting strategy to generate rankings. 3. Evaluate the rankings based on effectiveness and efficiency metrics.",
            "principle": "The effectiveness of this method is supported by its ability to reduce the computational load while still leveraging the strengths of LLMs in understanding and ranking documents."
        },
        "experiments": {
            "evaluation setting": "The experiments were conducted using a consistent framework that considered model size, token consumption, and latency, comparing the Setwise approach with Pointwise and Pairwise methods.",
            "evaluation method": "Performance was assessed through comparative evaluation metrics, focusing on both effectiveness and efficiency."
        },
        "conclusion": "The results demonstrate that the Setwise prompting approach significantly improves the efficiency of zero-shot ranking while retaining high effectiveness, addressing the limitations of existing methods.",
        "discussion": {
            "advantage": "The key advantage of the Setwise approach is its ability to balance efficiency and effectiveness, outperforming traditional methods in both aspects.",
            "limitation": "One limitation may be the potential complexity of implementation compared to simpler Pointwise methods.",
            "future work": "Future work could focus on further optimizing the Setwise approach and exploring its applicability in different ranking scenarios or datasets."
        },
        "other info": {
            "repository": "Code and results are publicly available at https://github.com/ielab/llm-rankers."
        }
    },
    "mount_outline": [
        {
            "section number": "1.1",
            "key information": "This paper addresses the issue of zero-shot document ranking using Large Language Models (LLMs) and highlights the limitations of existing approaches like Pointwise, Pairwise, and Listwise, which exhibit trade-offs between effectiveness and efficiency."
        },
        {
            "section number": "2.2",
            "key information": "The core obstacle is the inherent trade-offs in existing methods, where Pointwise approaches lack effectiveness, and Pairwise approaches incur high computational costs."
        },
        {
            "section number": "3.1",
            "key information": "The Setwise prompting approach is a novel method for zero-shot document ranking that minimizes LLM inferences and prompt token usage."
        },
        {
            "section number": "4.1",
            "key information": "The primary innovation of the Setwise approach lies in its ability to enhance efficiency while maintaining high effectiveness, contrasting with the limitations of existing methods."
        },
        {
            "section number": "5.1",
            "key information": "The proposed Setwise prompting approach aims to improve both efficiency and effectiveness in zero-shot ranking by reducing LLM inferences and prompt token consumption."
        },
        {
            "section number": "7.1",
            "key information": "Future work could focus on further optimizing the Setwise approach and exploring its applicability in different ranking scenarios or datasets."
        }
    ],
    "similarity_score": null,
    "image": null,
    "path": "/home/liudingyuan/code/SurveyX/code/SurveyX-main/outputs/t10a/papers/A setwise approach for effective and highly efficient zero-shot ranking with large language models.json"
}