{
    "from": null,
    "scholar_id": null,
    "detail_id": null,
    "title": "Active retrieval augmented generation",
    "abstract": "Despite the remarkable ability of large language models (LMs) to comprehend and generate language, they have a tendency to hallucinate and create factually inaccurate output. Augmenting LMs by retrieving information from external knowledge resources is one promising solution. Most existing retrieval augmented LMs employ a retrieve-and-generate setup that only retrieves information once based on the input. This is limiting, however, in more general scenarios involving generation of long texts, where continually gathering information throughout generation is essential. In this work, we provide a generalized view of active retrieval augmented generation, methods that actively decide when and what to retrieve across the course of the generation. We propose Forward-Looking Active REtrieval augmented generation (FLARE), a generic method which iteratively uses a prediction of the upcoming sentence to anticipate future content, which is then utilized as a query to retrieve relevant documents to regenerate the sentence if it contains low-confidence tokens. We test FLARE along with baselines comprehensively over 4 long-form knowledge-intensive generation tasks/datasets. FLARE achieves superior or competitive performance on all tasks, demonstrating the effectiveness of our method. Code and datasets are available at https://github.com/jzbjyb/FLARE.",
    "arxivid": "2305.06983v2",
    "bib_name": "Activeretr133",
    "md_text": "# Active retrieval augmented generation\n\n\nabstract\n\nDespite the remarkable ability of large language models (LMs) to comprehend and generate language, they have a tendency to hallucinate and create factually inaccurate output. Augmenting LMs by retrieving information from external knowledge resources is one promising solution. Most existing retrieval augmented LMs employ a retrieve-and-generate setup that only retrieves information once based on the input. This is limiting, however, in more general scenarios involving generation of long texts, where continually gathering information throughout generation is essential. In this work, we provide a generalized view of active retrieval augmented generation, methods that actively decide when and what to retrieve across the course of the generation. We propose Forward-Looking Active REtrieval augmented generation (FLARE), a generic method which iteratively uses a prediction of the upcoming sentence to anticipate future content, which is then utilized as a query to retrieve relevant documents to regenerate the sentence if it contains low-confidence tokens. We test FLARE along with baselines comprehensively over 4 long-form knowledge-intensive generation tasks/datasets. FLARE achieves superior or competitive performance on all tasks, demonstrating the effectiveness of our method. Code and datasets are available at https://github.com/jzbjyb/FLARE.",
    "paper_type": "method",
    "attri": {
        "background": "This paper addresses the issue of large language models (LMs) hallucinating and producing factually inaccurate output. Existing retrieval augmented LMs typically utilize a retrieve-and-generate setup that retrieves information only once based on the input, which is insufficient for generating long texts that require ongoing information gathering.",
        "problem": {
            "definition": "The problem is the tendency of large language models to generate inaccurate outputs due to their inability to continuously retrieve relevant information during the text generation process.",
            "key obstacle": "The core obstacle is the limitation of existing methods that only retrieve information once, which does not support the dynamic needs of long-form text generation."
        },
        "idea": {
            "intuition": "The intuition behind the proposed idea is to enhance the generation process by actively deciding when and what information to retrieve based on the ongoing generation context.",
            "opinion": "The proposed idea, Forward-Looking Active Retrieval augmented generation (FLARE), involves predicting upcoming content to guide the retrieval of relevant documents throughout the text generation process.",
            "innovation": "The primary innovation of FLARE lies in its iterative approach to retrieval, which anticipates future content needs and retrieves information dynamically, contrasting with existing methods that only perform retrieval once."
        },
        "method": {
            "method name": "Forward-Looking Active Retrieval augmented generation",
            "method abbreviation": "FLARE",
            "method definition": "FLARE is a method that iteratively predicts upcoming sentences and retrieves relevant documents to regenerate sentences containing low-confidence tokens, enhancing the accuracy of generated text.",
            "method description": "FLARE actively retrieves information throughout the generation process based on predictions of future content.",
            "method steps": "1. Predict the upcoming sentence. 2. Determine if the predicted sentence contains low-confidence tokens. 3. Retrieve relevant documents based on the prediction. 4. Regenerate the sentence using the retrieved information.",
            "principle": "The effectiveness of FLARE is based on its ability to continuously gather relevant information, which addresses the limitations of static retrieval methods in generating accurate long-form text."
        },
        "experiments": {
            "evaluation setting": "FLARE was tested across 4 long-form knowledge-intensive generation tasks/datasets, comparing its performance against baseline methods.",
            "evaluation method": "The performance of FLARE and baseline methods was assessed comprehensively, measuring effectiveness across the specified tasks."
        },
        "conclusion": "FLARE demonstrates superior or competitive performance on all evaluated tasks, validating the effectiveness of active retrieval in enhancing long-form text generation.",
        "discussion": {
            "advantage": "The key advantage of FLARE is its ability to dynamically retrieve information, improving the accuracy of generated content compared to traditional methods.",
            "limitation": "A potential limitation of FLARE may involve the computational overhead associated with continuous retrieval during the generation process.",
            "future work": "Future research could explore optimizing retrieval strategies and addressing the computational challenges to enhance the efficiency of active retrieval methods."
        },
        "other info": []
    },
    "mount_outline": [
        {
            "section number": "1.1",
            "key information": "Large language models (LMs) can hallucinate and produce factually inaccurate output, highlighting the need for improvement in information retrieval systems."
        },
        {
            "section number": "2.2",
            "key information": "Existing retrieval augmented LMs typically utilize a retrieve-and-generate setup that retrieves information only once, which is insufficient for generating long texts."
        },
        {
            "section number": "5.1",
            "key information": "The proposed method, Forward-Looking Active Retrieval augmented generation (FLARE), enhances the generation process by actively deciding when and what information to retrieve based on the ongoing generation context."
        },
        {
            "section number": "5.2",
            "key information": "FLARE iteratively predicts upcoming sentences and retrieves relevant documents to regenerate sentences containing low-confidence tokens, enhancing the accuracy of generated text."
        },
        {
            "section number": "7.1",
            "key information": "A potential limitation of FLARE may involve the computational overhead associated with continuous retrieval during the generation process."
        },
        {
            "section number": "7.3",
            "key information": "Future research could explore optimizing retrieval strategies to enhance the efficiency of active retrieval methods."
        }
    ],
    "similarity_score": null,
    "image": null,
    "path": "/home/liudingyuan/code/SurveyX/code/SurveyX-main/outputs/t10a/papers/Active retrieval augmented generation.json"
}