{
    "from": null,
    "scholar_id": null,
    "detail_id": null,
    "title": "Approximate nearest neighbor negative contrastive learning for dense text retrieval",
    "abstract": "Conducting text retrieval in a dense learned representation space has many intriguing advantages over sparse retrieval. Yet the effectiveness of dense retrieval (DR) often requires combination with sparse retrieval. In this paper, we identify that the main bottleneck is in the training mechanisms, where the negative instances used in training are not representative of the irrelevant documents in testing. This paper presents Approximate nearest neighbor Negative Contrastive Estimation (ANCE), a training mechanism that constructs negatives from an Approximate Nearest Neighbor (ANN) index of the corpus, which is parallelly updated with the learning process to select more realistic negative training instances. This fundamentally resolves the discrepancy between the data distribution used in the training and testing of DR. In our experiments, ANCE boosts the BERT-Siamese DR model to outperform all competitive dense and sparse retrieval baselines. It nearly matches the accuracy of sparse-retrieval-and-BERT-reranking using dot-product in the ANCE-learned representation space and provides almost 100x speed-up.",
    "arxivid": "2007.00808v2",
    "bib_name": "Approximat12",
    "md_text": "# Approximate nearest neighbor negative contrastive learning for dense text retrieval\n\n\nabstract\n\nConducting text retrieval in a dense learned representation space has many intriguing advantages over sparse retrieval. Yet the effectiveness of dense retrieval (DR) often requires combination with sparse retrieval. In this paper, we identify that the main bottleneck is in the training mechanisms, where the negative instances used in training are not representative of the irrelevant documents in testing. This paper presents Approximate nearest neighbor Negative Contrastive Estimation (ANCE), a training mechanism that constructs negatives from an Approximate Nearest Neighbor (ANN) index of the corpus, which is parallelly updated with the learning process to select more realistic negative training instances. This fundamentally resolves the discrepancy between the data distribution used in the training and testing of DR. In our experiments, ANCE boosts the BERT-Siamese DR model to outperform all competitive dense and sparse retrieval baselines. It nearly matches the accuracy of sparse-retrieval-and-BERT-reranking using dot-product in the ANCE-learned representation space and provides almost 100x speed-up.",
    "paper_type": "method",
    "attri": {
        "background": "This paper addresses the issue of the limitations in dense retrieval (DR) effectiveness, particularly how existing training mechanisms fail to use representative negative instances during training, necessitating a new method to improve performance.",
        "problem": {
            "definition": "The problem is the lack of representative negative instances in training for dense retrieval models, leading to a mismatch between training and testing data distributions.",
            "key obstacle": "The core obstacle is that existing negative instances do not accurately reflect the irrelevant documents encountered during testing, which hampers the learning process."
        },
        "idea": {
            "intuition": "The idea was inspired by the observation that using an Approximate Nearest Neighbor (ANN) index can provide more realistic negative samples that align better with the actual testing conditions.",
            "opinion": "The proposed idea, Approximate nearest neighbor Negative Contrastive Estimation (ANCE), involves constructing negatives from an ANN index that is updated in parallel with the learning process.",
            "innovation": "The key innovation of ANCE lies in its ability to generate training negative instances that are more representative of the actual data encountered in retrieval tasks, thereby bridging the gap between training and testing distributions."
        },
        "method": {
            "method name": "Approximate nearest neighbor Negative Contrastive Estimation",
            "method abbreviation": "ANCE",
            "method definition": "ANCE is a training mechanism that constructs negative samples from an ANN index of the corpus, which is continuously updated during training to select more realistic negative instances.",
            "method description": "The core of ANCE involves dynamically generating negative samples that better represent the testing environment, improving the training of dense retrieval models.",
            "method steps": "1. Initialize an ANN index of the corpus. 2. During training, update the ANN index to reflect current model learning. 3. Use the updated index to select negative instances for contrastive learning. 4. Train the model using these realistic negative samples.",
            "principle": "The effectiveness of ANCE in solving the problem is based on the principle that training with more representative negative instances leads to better model generalization and performance in real-world retrieval tasks."
        },
        "experiments": {
            "evaluation setting": "The experiments utilized the BERT-Siamese DR model and compared its performance against various dense and sparse retrieval baselines, measuring accuracy and speed.",
            "evaluation method": "Performance was assessed by evaluating the retrieval accuracy and comparing it to baseline models, with a focus on speed improvements in the ANCE-learned representation space."
        },
        "conclusion": "The experiments demonstrated that ANCE significantly enhances the performance of dense retrieval models, achieving near parity with traditional sparse retrieval methods while providing substantial speed improvements.",
        "discussion": {
            "advantage": "The key advantages of ANCE include improved retrieval accuracy and a nearly 100x speed-up in processing, making it a highly efficient method for dense text retrieval.",
            "limitation": "One potential limitation of ANCE may be its dependency on the quality of the ANN index and the computational overhead associated with maintaining it during training.",
            "future work": "Future research could explore optimizing the ANN index updates and investigating the applicability of ANCE to other retrieval contexts beyond text."
        },
        "other info": []
    },
    "mount_outline": [
        {
            "section number": "2.2",
            "key information": "The problem is the lack of representative negative instances in training for dense retrieval models, leading to a mismatch between training and testing data distributions."
        },
        {
            "section number": "2.3",
            "key information": "The key innovation of Approximate nearest neighbor Negative Contrastive Estimation (ANCE) lies in its ability to generate training negative instances that are more representative of the actual data encountered in retrieval tasks."
        },
        {
            "section number": "4.1",
            "key information": "The core of ANCE involves dynamically generating negative samples that better represent the testing environment, improving the training of dense retrieval models."
        },
        {
            "section number": "5.1",
            "key information": "The key advantages of ANCE include improved retrieval accuracy and a nearly 100x speed-up in processing, making it a highly efficient method for dense text retrieval."
        },
        {
            "section number": "7.1",
            "key information": "One potential limitation of ANCE may be its dependency on the quality of the ANN index and the computational overhead associated with maintaining it during training."
        },
        {
            "section number": "7.3",
            "key information": "Future research could explore optimizing the ANN index updates and investigating the applicability of ANCE to other retrieval contexts beyond text."
        }
    ],
    "similarity_score": null,
    "image": null,
    "path": "/home/liudingyuan/code/SurveyX/code/SurveyX-main/outputs/t10a/papers/Approximate nearest neighbor negative contrastive learning for dense text retrieval.json"
}