{
    "from": null,
    "scholar_id": null,
    "detail_id": null,
    "title": "BART: denoising sequence-to-sequence pre-training for natural language generation, translation, and comprehension",
    "abstract": "We present BART, a denoising autoencoder for pretraining sequence-to-sequence models. BART is trained by (1) corrupting text with an arbitrary noising function, and (2) learning a model to reconstruct the original text. It uses a standard Tranformer-based neural machine translation architecture which, despite its simplicity, can be seen as generalizing BERT (due to the bidirectional encoder), GPT (with the left-to-right decoder), and other recent pretraining schemes. We evaluate a number of noising approaches, finding the best performance by both randomly shuffling the order of sentences and using a novel in-filling scheme, where spans of text are replaced with a single mask token. BART is particularly effective when fine tuned for text generation but also works well for comprehension tasks. It matches the performance of RoBERTa on GLUE and SQuAD, and achieves new state-of-the-art results on a range of abstractive dialogue, question answering, and summarization tasks, with gains of up to 3.5 ROUGE. BART also provides a 1.1 BLEU increase over a back-translation system for machine translation, with only target language pretraining. We also replicate other pretraining schemes within the BART framework, to understand their effect on end-task performance.",
    "arxivid": "1910.13461v1",
    "bib_name": "BART:denoi32",
    "md_text": "# BART: denoising sequence-to-sequence pre-training for natural language generation, translation, and comprehension\n\n\nabstract\n\nWe present BART, a denoising autoencoder for pretraining sequence-to-sequence models. BART is trained by (1) corrupting text with an arbitrary noising function, and (2) learning a model to reconstruct the original text. It uses a standard Tranformer-based neural machine translation architecture which, despite its simplicity, can be seen as generalizing BERT (due to the bidirectional encoder), GPT (with the left-to-right decoder), and other recent pretraining schemes. We evaluate a number of noising approaches, finding the best performance by both randomly shuffling the order of sentences and using a novel in-filling scheme, where spans of text are replaced with a single mask token. BART is particularly effective when fine tuned for text generation but also works well for comprehension tasks. It matches the performance of RoBERTa on GLUE and SQuAD, and achieves new state-of-the-art results on a range of abstractive dialogue, question answering, and summarization tasks, with gains of up to 3.5 ROUGE. BART also provides a 1.1 BLEU increase over a back-translation system for machine translation, with only target language pretraining. We also replicate other pretraining schemes within the BART framework, to understand their effect on end-task performance.",
    "paper_type": "method",
    "attri": {
        "background": "This paper addresses the issue of improving sequence-to-sequence models through a novel pretraining approach, highlighting the limitations of existing methods such as BERT and GPT in handling various natural language tasks.",
        "problem": {
            "definition": "The problem is the inefficiency of current sequence-to-sequence models in generating high-quality text and understanding context due to their reliance on specific pretraining techniques.",
            "key obstacle": "The main challenge is the lack of a unified approach that effectively combines the strengths of different pretraining methods while addressing their weaknesses."
        },
        "idea": {
            "intuition": "The idea is inspired by the need for a more flexible and effective pretraining strategy that can handle various types of noise in text and improve model performance across multiple tasks.",
            "opinion": "The proposed idea entails a denoising autoencoder approach that reconstructs corrupted text, effectively training the model to understand and generate text more accurately.",
            "innovation": "The key innovation of BART lies in its ability to generalize existing pretraining methods, utilizing a combination of noising techniques and a standard Transformer architecture to enhance performance on diverse natural language tasks."
        },
        "method": {
            "method name": "BART",
            "method abbreviation": "BART",
            "method definition": "BART is a denoising autoencoder designed for pretraining sequence-to-sequence models by corrupting text and training a model to reconstruct the original text.",
            "method description": "BART combines various noising strategies to enhance the training of sequence-to-sequence models, making it versatile for tasks like text generation and comprehension.",
            "method steps": "1. Corrupt text using an arbitrary noising function. 2. Train the model to reconstruct the original text from the corrupted input.",
            "principle": "This method is effective because it allows the model to learn from diverse corruptions, leading to improved understanding and generation capabilities in natural language tasks."
        },
        "experiments": {
            "evaluation setting": "The evaluation involved multiple noising approaches and compared BART's performance against baseline models like RoBERTa on GLUE and SQuAD datasets.",
            "evaluation method": "Performance was measured using metrics such as ROUGE for summarization tasks and BLEU for machine translation, with results analyzed across various natural language processing benchmarks."
        },
        "conclusion": "BART demonstrates significant improvements over existing methods in text generation and comprehension, achieving state-of-the-art results on multiple tasks and showcasing the effectiveness of its pretraining strategy.",
        "discussion": {
            "advantage": "The primary advantage of BART is its flexibility in handling different types of text noise, leading to superior performance in both generation and comprehension tasks.",
            "limitation": "A potential limitation of BART is its reliance on the quality of the noising functions used during training, which may affect its robustness in certain contexts.",
            "future work": "Future research could explore further enhancements in the noising strategies and investigate the application of BART to additional natural language processing tasks."
        },
        "other info": {
            "state-of-the-art results": "BART achieved new state-of-the-art results on various tasks, including a 1.1 BLEU increase over back-translation systems for machine translation.",
            "replication of pretraining schemes": "The framework also allows for the replication of other pretraining schemes to assess their impact on end-task performance."
        }
    },
    "mount_outline": [
        {
            "section number": "2.2",
            "key information": "The problem is the inefficiency of current sequence-to-sequence models in generating high-quality text and understanding context due to their reliance on specific pretraining techniques."
        },
        {
            "section number": "3.1",
            "key information": "BART is a denoising autoencoder designed for pretraining sequence-to-sequence models by corrupting text and training a model to reconstruct the original text."
        },
        {
            "section number": "4.1",
            "key information": "The key innovation of BART lies in its ability to generalize existing pretraining methods, utilizing a combination of noising techniques and a standard Transformer architecture to enhance performance on diverse natural language tasks."
        },
        {
            "section number": "5.1",
            "key information": "The proposed idea entails a denoising autoencoder approach that reconstructs corrupted text, effectively training the model to understand and generate text more accurately."
        },
        {
            "section number": "7.1",
            "key information": "A potential limitation of BART is its reliance on the quality of the noising functions used during training, which may affect its robustness in certain contexts."
        },
        {
            "section number": "8",
            "key information": "BART demonstrates significant improvements over existing methods in text generation and comprehension, achieving state-of-the-art results on multiple tasks and showcasing the effectiveness of its pretraining strategy."
        }
    ],
    "similarity_score": null,
    "image": null,
    "path": "/home/liudingyuan/code/SurveyX/code/SurveyX-main/outputs/t10a/papers/BART_ denoising sequence-to-sequence pre-training for natural language generation, translation, and comprehension.json"
}