{
    "from": null,
    "scholar_id": null,
    "detail_id": null,
    "title": "Can query expansion improve generalization of strong cross-encoder rankers",
    "abstract": "Query expansion has been widely used to improve the search results of first-stage retrievers, yet its influence on second-stage, cross-encoder rankers remains under-explored. A recent study shows that current expansion techniques benefit weaker models but harm stronger rankers. In this paper, we re-examine this conclusion and raise the following question: Can query expansion improve generalization of strong cross-encoder rankers? To answer this question, we first apply popular query expansion methods to different cross-encoder rankers and verify the deteriorated zero-shot effectiveness. We identify two vital steps in the experiment: high-quality keyword generation and minimally-disruptive query modification. We show that it is possible to improve the generalization of a strong neural ranker, by generating keywords through a reasoning chain and aggregating the ranking results of each expanded query via self-consistency, reciprocal rank weighting, and fusion. Experiments on BEIR and TREC Deep Learning 2019/2020 show that the nDCG@10 scores of both MonoT5 and RankT5 following these steps are improved, which points out a direction for applying query expansion to strong cross-encoder rankers.",
    "arxivid": "2311.09175v2",
    "bib_name": "Canqueryex43",
    "md_text": "# Can query expansion improve generalization of strong cross-encoder rankers\n\n\nabstract\n\nQuery expansion has been widely used to improve the search results of first-stage retrievers, yet its influence on second-stage, cross-encoder rankers remains under-explored. A recent study shows that current expansion techniques benefit weaker models but harm stronger rankers. In this paper, we re-examine this conclusion and raise the following question: Can query expansion improve generalization of strong cross-encoder rankers? To answer this question, we first apply popular query expansion methods to different cross-encoder rankers and verify the deteriorated zero-shot effectiveness. We identify two vital steps in the experiment: high-quality keyword generation and minimally-disruptive query modification. We show that it is possible to improve the generalization of a strong neural ranker, by generating keywords through a reasoning chain and aggregating the ranking results of each expanded query via self-consistency, reciprocal rank weighting, and fusion. Experiments on BEIR and TREC Deep Learning 2019/2020 show that the nDCG@10 scores of both MonoT5 and RankT5 following these steps are improved, which points out a direction for applying query expansion to strong cross-encoder rankers.",
    "paper_type": "method",
    "attri": {
        "background": "This paper addresses the issue of query expansion and its impact on the performance of second-stage, cross-encoder rankers, highlighting that while query expansion has been beneficial for weaker models, it has been detrimental to stronger rankers.",
        "problem": {
            "definition": "The problem defined in this paper is the under-explored influence of query expansion on the generalization capabilities of strong cross-encoder rankers.",
            "key obstacle": "The main difficulty is that current query expansion techniques tend to harm the performance of stronger rankers, leading to a need for new methods that can improve their effectiveness."
        },
        "idea": {
            "intuition": "The intuition behind the proposed idea is that by improving the quality of keyword generation and ensuring minimally disruptive modifications to queries, it may be possible to enhance the performance of strong rankers.",
            "opinion": "The proposed idea involves generating keywords through a reasoning chain and aggregating results from expanded queries to improve the generalization of strong neural rankers.",
            "innovation": "The innovation lies in the combination of high-quality keyword generation and advanced aggregation techniques such as self-consistency, reciprocal rank weighting, and fusion, which differ from existing approaches."
        },
        "method": {
            "method name": "Query Expansion for Cross-Encoder Rankers",
            "method abbreviation": "QECR",
            "method definition": "The method involves generating high-quality keywords and modifying queries in a minimally disruptive way to enhance the performance of strong cross-encoder rankers.",
            "method description": "This method improves generalization by utilizing reasoning chains for keyword generation and aggregating ranking results from expanded queries.",
            "method steps": [
                "Generate high-quality keywords using a reasoning chain.",
                "Modify the original query minimally.",
                "Aggregate ranking results from each expanded query using self-consistency, reciprocal rank weighting, and fusion."
            ],
            "principle": "This method is effective because it leverages improved keyword generation and careful query modification to enhance the ranking capabilities of strong models without introducing significant noise."
        },
        "experiments": {
            "evaluation setting": "Experiments were conducted on BEIR and TREC Deep Learning 2019/2020 datasets, comparing the performance of MonoT5 and RankT5 under different query expansion conditions.",
            "evaluation method": "The evaluation method involved measuring the nDCG@10 scores to assess the effectiveness of the proposed query expansion approach."
        },
        "conclusion": "The outcomes of the experiments indicate that the proposed query expansion method significantly improves the nDCG@10 scores of both MonoT5 and RankT5, suggesting a viable direction for enhancing strong cross-encoder rankers.",
        "discussion": {
            "advantage": "The key advantages of the proposed approach include improved generalization of strong rankers and enhanced search result quality through effective query expansion.",
            "limitation": "A limitation of the method may be its dependency on the quality of keyword generation and the challenge of maintaining minimal disruption during query modification.",
            "future work": "Future research could explore further refinements in keyword generation techniques and assess the method's applicability across a broader range of rankers and datasets."
        },
        "other info": []
    },
    "mount_outline": [
        {
            "section number": "2.2",
            "key information": "Current query expansion techniques tend to harm the performance of stronger rankers, leading to a need for new methods that can improve their effectiveness."
        },
        {
            "section number": "5.1",
            "key information": "The intuition behind the proposed idea is that by improving the quality of keyword generation and ensuring minimally disruptive modifications to queries, it may be possible to enhance the performance of strong rankers."
        },
        {
            "section number": "7.1",
            "key information": "The main difficulty is that current query expansion techniques tend to harm the performance of stronger rankers, indicating challenges related to scalability and generalization."
        },
        {
            "section number": "7.2",
            "key information": "A limitation of the method may be its dependency on the quality of keyword generation and the challenge of maintaining minimal disruption during query modification."
        },
        {
            "section number": "7.4",
            "key information": "Future research could explore further refinements in keyword generation techniques and assess the method's applicability across a broader range of rankers and datasets."
        }
    ],
    "similarity_score": null,
    "image": null,
    "path": "/home/liudingyuan/code/SurveyX/code/SurveyX-main/outputs/t10a/papers/Can query expansion improve generalization of strong cross-encoder rankers.json"
}