{
    "from": null,
    "scholar_id": null,
    "detail_id": null,
    "title": "Chameleon: a heterogeneous and disaggregated accelerator system for retrieval-augmented language models",
    "abstract": "A Retrieval-Augmented Language Model (RALM) combines a large language model (LLM) with a vector database to retrieve context-specific knowledge during text generation. This strategy facilitates impressive generation quality even with smaller models, thus reducing computational demands by orders of magnitude. To serve RALMs efficiently and flexibly, we propose\n Chameleon\n , a heterogeneous accelerator system integrating both LLM and vector search accelerators in a disaggregated architecture. The\n heterogeneity\n ensures efficient serving for both inference and retrieval, while the\n disaggregation\n allows independent scaling of LLM and vector search accelerators to fulfill diverse RALM requirements. Our Chameleon prototype implements vector search accelerators on FPGAs and assigns LLM inference to GPUs, with CPUs as cluster coordinators. Evaluated on various RALMs, Chameleon exhibits up to 2.16\u00d7 reduction in latency and 3.18\u00d7 speedup in throughput compared to the hybrid CPU-GPU architecture. The promising results pave the way for adopting heterogeneous accelerators for not only LLM inference but also vector search in future RALM systems.",
    "arxivid": "2310.09949v4",
    "bib_name": "Chameleon:155",
    "md_text": "# Chameleon: a heterogeneous and disaggregated accelerator system for retrieval-augmented language models\n\n\nabstract\n\nA Retrieval-Augmented Language Model (RALM) combines a large language model (LLM) with a vector database to retrieve context-specific knowledge during text generation. This strategy facilitates impressive generation quality even with smaller models, thus reducing computational demands by orders of magnitude. To serve RALMs efficiently and flexibly, we propose\n Chameleon\n , a heterogeneous accelerator system integrating both LLM and vector search accelerators in a disaggregated architecture. The\n heterogeneity\n ensures efficient serving for both inference and retrieval, while the\n disaggregation\n allows independent scaling of LLM and vector search accelerators to fulfill diverse RALM requirements. Our Chameleon prototype implements vector search accelerators on FPGAs and assigns LLM inference to GPUs, with CPUs as cluster coordinators. Evaluated on various RALMs, Chameleon exhibits up to 2.16\u00d7 reduction in latency and 3.18\u00d7 speedup in throughput compared to the hybrid CPU-GPU architecture. The promising results pave the way for adopting heterogeneous accelerators for not only LLM inference but also vector search in future RALM systems.",
    "paper_type": "method",
    "attri": {
        "background": "This paper addresses the need for efficient and flexible serving of Retrieval-Augmented Language Models (RALMs) by proposing a heterogeneous accelerator system called Chameleon, which integrates large language models (LLMs) and vector search accelerators in a disaggregated architecture. Previous methods struggled with high computational demands and latency, necessitating a breakthrough to improve performance.",
        "problem": {
            "definition": "The problem addressed in this paper is the inefficiency in serving RALMs, particularly in terms of latency and throughput when using traditional architectures.",
            "key obstacle": "The core obstacle is the inability of existing hybrid CPU-GPU architectures to efficiently handle both LLM inference and vector search, leading to high computational demands and reduced performance."
        },
        "idea": {
            "intuition": "The idea for Chameleon was inspired by the need to optimize the serving of RALMs by leveraging heterogeneous and disaggregated architecture to better manage the distinct requirements of LLMs and vector search.",
            "opinion": "Chameleon proposes a novel architecture that separates the processing of LLM inference and vector search, allowing for independent scaling and improved performance.",
            "innovation": "The primary innovation of Chameleon lies in its disaggregated architecture that integrates FPGAs for vector search and GPUs for LLM inference, which is a significant improvement over existing hybrid architectures."
        },
        "method": {
            "method name": "Chameleon",
            "method abbreviation": "Chameleon",
            "method definition": "Chameleon is a heterogeneous and disaggregated accelerator system designed to efficiently serve Retrieval-Augmented Language Models by integrating LLM and vector search accelerators.",
            "method description": "Chameleon combines FPGAs for vector search and GPUs for LLM inference in a unified architecture to enhance performance.",
            "method steps": "1. Implement vector search accelerators on FPGAs. 2. Assign LLM inference tasks to GPUs. 3. Utilize CPUs as cluster coordinators for managing the system.",
            "principle": "The effectiveness of Chameleon stems from its ability to independently scale the components for LLMs and vector search, optimizing resource utilization and minimizing latency."
        },
        "experiments": {
            "evaluation setting": "The evaluation was conducted on various RALMs, comparing the performance of Chameleon against a traditional hybrid CPU-GPU architecture.",
            "evaluation method": "Performance metrics such as latency and throughput were measured to assess the effectiveness of Chameleon in serving RALMs."
        },
        "conclusion": "Chameleon demonstrated significant improvements, achieving up to 2.16\u00d7 reduction in latency and 3.18\u00d7 speedup in throughput compared to existing architectures, indicating its potential for future RALM systems.",
        "discussion": {
            "advantage": "The key advantage of Chameleon is its ability to efficiently serve both LLM inference and vector search, leading to improved performance metrics.",
            "limitation": "One limitation may be the complexity of managing a heterogeneous and disaggregated system, which could introduce challenges in coordination and resource allocation.",
            "future work": "Future work could explore further optimization of the architecture and the integration of additional accelerators to enhance performance across a broader range of applications."
        },
        "other info": []
    },
    "mount_outline": [
        {
            "section number": "4.2",
            "key information": "Chameleon proposes a novel architecture that separates the processing of LLM inference and vector search, allowing for independent scaling and improved performance."
        },
        {
            "section number": "5.2",
            "key information": "Chameleon combines FPGAs for vector search and GPUs for LLM inference in a unified architecture to enhance performance."
        },
        {
            "section number": "7.1",
            "key information": "The core obstacle is the inability of existing hybrid CPU-GPU architectures to efficiently handle both LLM inference and vector search, leading to high computational demands and reduced performance."
        },
        {
            "section number": "7.2",
            "key information": "One limitation may be the complexity of managing a heterogeneous and disaggregated system, which could introduce challenges in coordination and resource allocation."
        },
        {
            "section number": "8",
            "key information": "Chameleon demonstrated significant improvements, achieving up to 2.16\u00d7 reduction in latency and 3.18\u00d7 speedup in throughput compared to existing architectures."
        }
    ],
    "similarity_score": null,
    "image": null,
    "path": "/home/liudingyuan/code/SurveyX/code/SurveyX-main/outputs/t10a/papers/Chameleon_ a heterogeneous and disaggregated accelerator system for retrieval-augmented language models.json"
}