{
    "from": null,
    "scholar_id": null,
    "detail_id": null,
    "title": "Characterizing attribution and fluency tradeoffs for retrieval-augmented large language models",
    "abstract": "Despite recent progress, it has been difficult to prevent semantic hallucinations in generative Large Language Models. One common solution to this is augmenting LLMs with a retrieval system and making sure that the generated output is attributable to the retrieved information. Given this new added constraint, it is plausible to expect that the overall quality of the output will be affected, for example, in terms of fluency. Can scaling language models help? Here we examine the relationship between fluency and attribution in LLMs prompted with retrieved evidence in knowledge-heavy dialog settings. Our experiments were implemented with a set of auto-metrics that are aligned with human preferences. They were used to evaluate a large set of generations, produced under varying parameters of LLMs and supplied context. We show that larger models tend to do much better in both fluency and attribution, and that (naively) using top-k retrieval versus top-1 retrieval improves attribution but hurts fluency. We next propose a recipe that could allow smaller models to both close the gap with larger models and preserve the benefits of top-k retrieval while avoiding its drawbacks.",
    "arxivid": "2302.05578v2",
    "bib_name": "Characteri143",
    "md_text": "# Characterizing attribution and fluency tradeoffs for retrieval-augmented large language models\n\n\nabstract\n\nDespite recent progress, it has been difficult to prevent semantic hallucinations in generative Large Language Models. One common solution to this is augmenting LLMs with a retrieval system and making sure that the generated output is attributable to the retrieved information. Given this new added constraint, it is plausible to expect that the overall quality of the output will be affected, for example, in terms of fluency. Can scaling language models help? Here we examine the relationship between fluency and attribution in LLMs prompted with retrieved evidence in knowledge-heavy dialog settings. Our experiments were implemented with a set of auto-metrics that are aligned with human preferences. They were used to evaluate a large set of generations, produced under varying parameters of LLMs and supplied context. We show that larger models tend to do much better in both fluency and attribution, and that (naively) using top-k retrieval versus top-1 retrieval improves attribution but hurts fluency. We next propose a recipe that could allow smaller models to both close the gap with larger models and preserve the benefits of top-k retrieval while avoiding its drawbacks.",
    "paper_type": "benchmark",
    "attri": {
        "background": "This paper addresses the issue of semantic hallucinations in generative Large Language Models (LLMs) and explores the trade-offs between fluency and attribution when LLMs are augmented with a retrieval system. It highlights the necessity of a benchmark that evaluates these aspects, fitting into the broader research landscape of improving LLM performance in knowledge-heavy dialog settings.",
        "problem": {
            "definition": "The benchmark is designed to address the challenge of balancing fluency and attribution in outputs generated by LLMs that utilize retrieved information.",
            "key obstacle": "Existing benchmarks do not adequately measure the trade-offs between fluency and attribution, leading to a lack of understanding of how different retrieval strategies impact these qualities."
        },
        "idea": {
            "intuition": "The thought process behind this benchmark stems from the observation that larger LLMs perform better in fluency and attribution, and that different retrieval strategies can affect these outcomes.",
            "opinion": "The authors believe that understanding the trade-offs between fluency and attribution is crucial for advancing the effectiveness of LLMs in practical applications.",
            "innovation": "This benchmark introduces a novel evaluation approach that combines auto-metrics aligned with human preferences to assess the performance of LLMs under varying retrieval conditions.",
            "benchmark abbreviation": "FLAT"
        },
        "dataset": {
            "source": "The dataset was created through the generation of outputs from LLMs prompted with retrieved evidence, reflecting real-world knowledge-heavy dialog scenarios.",
            "desc": "The dataset includes a diverse set of generated outputs evaluated for fluency and attribution under different model sizes and retrieval strategies.",
            "content": "The dataset contains text data, specifically the generated outputs of LLMs in response to knowledge-rich prompts.",
            "size": "-",
            "domain": "Knowledge-heavy dialog",
            "task format": "Text generation"
        },
        "metrics": {
            "metric name": "Fluency, Attribution",
            "aspect": "Quality of generated outputs",
            "principle": "The metrics were chosen based on their alignment with human preferences and their ability to capture the nuances of fluency and attribution in generated text.",
            "procedure": "Model performance was evaluated using a set of auto-metrics that simulate human judgment on fluency and attribution."
        },
        "experiments": {
            "model": "The experiments tested both larger state-of-the-art models and smaller baseline models to compare their performance in fluency and attribution.",
            "procedure": "Models were trained and evaluated using varying parameters and retrieval strategies, specifically comparing top-k versus top-1 retrieval.",
            "result": "Larger models demonstrated superior performance in both fluency and attribution, while top-k retrieval improved attribution but negatively impacted fluency.",
            "variability": "Variability in results was accounted for through multiple trials and different parameter settings across the models."
        },
        "conclusion": "The findings indicate that larger LLMs generally provide better fluency and attribution, and that a strategic approach to retrieval can help smaller models achieve similar benefits while mitigating drawbacks.",
        "discussion": {
            "advantage": "The benchmark contributes to the field by providing a structured way to evaluate the trade-offs between fluency and attribution in LLM outputs.",
            "limitation": "Potential limitations include the reliance on auto-metrics that may not fully capture human judgment nuances.",
            "future work": "Future research could explore further refinements in retrieval strategies and the development of more comprehensive metrics that better reflect human preferences."
        },
        "other info": []
    },
    "mount_outline": [
        {
            "section number": "2.2",
            "key information": "Existing benchmarks do not adequately measure the trade-offs between fluency and attribution, leading to a lack of understanding of how different retrieval strategies impact these qualities."
        },
        {
            "section number": "3.1",
            "key information": "The benchmark addresses the challenge of balancing fluency and attribution in outputs generated by LLMs that utilize retrieved information."
        },
        {
            "section number": "4.2",
            "key information": "Larger models demonstrated superior performance in both fluency and attribution, while top-k retrieval improved attribution but negatively impacted fluency."
        },
        {
            "section number": "5.1",
            "key information": "Understanding the trade-offs between fluency and attribution is crucial for advancing the effectiveness of LLMs in practical applications."
        },
        {
            "section number": "7.1",
            "key information": "Future research could explore further refinements in retrieval strategies and the development of more comprehensive metrics that better reflect human preferences."
        },
        {
            "section number": "8",
            "key information": "The findings indicate that larger LLMs generally provide better fluency and attribution, and that a strategic approach to retrieval can help smaller models achieve similar benefits while mitigating drawbacks."
        }
    ],
    "similarity_score": null,
    "image": null,
    "path": "/home/liudingyuan/code/SurveyX/code/SurveyX-main/outputs/t10a/papers/Characterizing attribution and fluency tradeoffs for retrieval-augmented large language models.json"
}