{
    "from": null,
    "scholar_id": null,
    "detail_id": null,
    "title": "Contrastive learning of user behavior sequence for context-aware document ranking",
    "abstract": "Context information in search sessions has proven to be useful for capturing user search intent. Existing studies explored user behavior sequences in sessions in different ways to enhance query suggestion or document ranking. However, a user behavior sequence has often been viewed as a definite and exact signal reflecting a user's behavior. In reality, it is highly variable: user's queries for the same intent can vary, and different documents can be clicked. To learn a more robust representation of the user behavior sequence, we propose a method based on contrastive learning, which takes into account the possible variations in user's behavior sequences. Specifically, we propose three data augmentation strategies to generate similar variants of user behavior sequences and contrast them with other sequences. In so doing, the model is forced to be more robust regarding the possible variations. The optimized sequence representation is incorporated into document ranking. Experiments on two real query log datasets show that our proposed model outperforms the state-of-the-art methods significantly, which demonstrates the effectiveness of our method for context-aware document ranking.",
    "arxivid": "2108.10510v1",
    "bib_name": "Contrastiv7",
    "md_text": "# Contrastive learning of user behavior sequence for context-aware document ranking\n\n\nabstract\n\nContext information in search sessions has proven to be useful for capturing user search intent. Existing studies explored user behavior sequences in sessions in different ways to enhance query suggestion or document ranking. However, a user behavior sequence has often been viewed as a definite and exact signal reflecting a user's behavior. In reality, it is highly variable: user's queries for the same intent can vary, and different documents can be clicked. To learn a more robust representation of the user behavior sequence, we propose a method based on contrastive learning, which takes into account the possible variations in user's behavior sequences. Specifically, we propose three data augmentation strategies to generate similar variants of user behavior sequences and contrast them with other sequences. In so doing, the model is forced to be more robust regarding the possible variations. The optimized sequence representation is incorporated into document ranking. Experiments on two real query log datasets show that our proposed model outperforms the state-of-the-art methods significantly, which demonstrates the effectiveness of our method for context-aware document ranking.",
    "paper_type": "method",
    "attri": {
        "background": "Context information in search sessions has proven to be useful for capturing user search intent. Existing studies explored user behavior sequences in sessions in different ways to enhance query suggestion or document ranking. However, a user behavior sequence has often been viewed as a definite and exact signal reflecting a user's behavior. In reality, it is highly variable: user's queries for the same intent can vary, and different documents can be clicked.",
        "problem": {
            "definition": "The problem addressed in this paper is the inability of current methods to effectively capture the variability in user behavior sequences during search sessions, which impacts the accuracy of document ranking.",
            "key obstacle": "The core obstacle is the assumption that user behavior sequences are fixed and exact, which does not account for the inherent variability in user interactions."
        },
        "idea": {
            "intuition": "The intuition behind the proposed idea is that by acknowledging the variability in user behavior sequences, a more robust representation can be learned that better captures user intent.",
            "opinion": "The proposed idea involves using contrastive learning to generate similar variants of user behavior sequences, allowing the model to learn from these variations and improve document ranking.",
            "innovation": "The primary innovation of this method lies in the introduction of three data augmentation strategies that create variations of user behavior sequences, contrasting these with other sequences to enhance the robustness of the learned representations."
        },
        "method": {
            "method name": "Contrastive Learning for User Behavior Sequence",
            "method abbreviation": "CL-UBS",
            "method definition": "CL-UBS is a method that utilizes contrastive learning to generate and learn from variations in user behavior sequences, ultimately improving context-aware document ranking.",
            "method description": "The core of CL-UBS is the generation of similar variants of user behavior sequences through data augmentation, which are then contrasted with other sequences to optimize representation learning.",
            "method steps": [
                "Identify user behavior sequences from search sessions.",
                "Apply three data augmentation strategies to generate sequence variants.",
                "Use contrastive learning to train the model on these variants and other sequences.",
                "Incorporate the learned representation into the document ranking process."
            ],
            "principle": "The effectiveness of this method stems from its ability to learn a more generalized and robust representation of user behavior by recognizing and leveraging the variability in user interactions."
        },
        "experiments": {
            "evaluation setting": "Experiments were conducted on two real query log datasets to assess the performance of the proposed model against state-of-the-art methods.",
            "evaluation method": "The evaluation method involved comparing the document ranking performance of the CL-UBS model with baseline methods, measuring the effectiveness through standard ranking metrics."
        },
        "conclusion": "The experiments demonstrate that the proposed CL-UBS method significantly outperforms existing state-of-the-art methods, confirming its effectiveness for context-aware document ranking.",
        "discussion": {
            "advantage": "The key advantages of CL-UBS include its ability to account for variability in user behavior, leading to more accurate document ranking and improved user satisfaction.",
            "limitation": "A potential limitation of the method is that it may require substantial computational resources due to the data augmentation and contrastive learning processes.",
            "future work": "Future work could explore further enhancements in data augmentation strategies, as well as the application of this method to other domains of user interaction beyond document ranking."
        },
        "other info": []
    },
    "mount_outline": [
        {
            "section number": "1.1",
            "key information": "Context information in search sessions has proven to be useful for capturing user search intent."
        },
        {
            "section number": "2.2",
            "key information": "The core obstacle is the assumption that user behavior sequences are fixed and exact, which does not account for the inherent variability in user interactions."
        },
        {
            "section number": "2.3",
            "key information": "By acknowledging the variability in user behavior sequences, a more robust representation can be learned that better captures user intent."
        },
        {
            "section number": "4.2",
            "key information": "The proposed idea involves using contrastive learning to generate similar variants of user behavior sequences, allowing the model to learn from these variations and improve document ranking."
        },
        {
            "section number": "7.1",
            "key information": "A potential limitation of the method is that it may require substantial computational resources due to the data augmentation and contrastive learning processes."
        },
        {
            "section number": "8",
            "key information": "The experiments demonstrate that the proposed CL-UBS method significantly outperforms existing state-of-the-art methods, confirming its effectiveness for context-aware document ranking."
        }
    ],
    "similarity_score": null,
    "image": null,
    "path": "/home/liudingyuan/code/SurveyX/code/SurveyX-main/outputs/t10a/papers/Contrastive learning of user behavior sequence for context-aware document ranking.json"
}