{
    "from": null,
    "scholar_id": null,
    "detail_id": null,
    "title": "Crosslingual retrieval augmented in-context learning for bangla",
    "abstract": "The promise of Large Language Models (LLMs) in Natural Language Processing has often been overshadowed by their limited performance in low-resource languages such as Bangla. To address this, our paper presents a pioneering approach that utilizes cross-lingual retrieval augmented in-context learning. By strategically sourcing semantically similar prompts from high-resource language, we enable multilingual pretrained language models (MPLMs), especially the generative model BLOOMZ, to successfully boost performance on Bangla tasks. Our extensive evaluation highlights that the cross-lingual retrieval augmented prompts bring steady improvements to MPLMs over the zero-shot performance.",
    "arxivid": "2311.00587v2",
    "bib_name": "Crosslingu150",
    "md_text": "# Crosslingual retrieval augmented in-context learning for bangla\n\n\nabstract\n\nThe promise of Large Language Models (LLMs) in Natural Language Processing has often been overshadowed by their limited performance in low-resource languages such as Bangla. To address this, our paper presents a pioneering approach that utilizes cross-lingual retrieval augmented in-context learning. By strategically sourcing semantically similar prompts from high-resource language, we enable multilingual pretrained language models (MPLMs), especially the generative model BLOOMZ, to successfully boost performance on Bangla tasks. Our extensive evaluation highlights that the cross-lingual retrieval augmented prompts bring steady improvements to MPLMs over the zero-shot performance.",
    "paper_type": "method",
    "attri": {
        "background": "This paper addresses the issue of limited performance of Large Language Models (LLMs) in low-resource languages like Bangla, highlighting the necessity for new methods to enhance their effectiveness.",
        "problem": {
            "definition": "The problem focuses on the inadequate performance of LLMs for Bangla due to the scarcity of resources and training data.",
            "key obstacle": "The main challenge is the lack of semantically rich prompts in Bangla, which hinders the ability of existing models to perform effectively."
        },
        "idea": {
            "intuition": "The idea is inspired by the potential of leveraging high-resource languages to enhance the performance of models in low-resource settings.",
            "opinion": "The proposed idea involves using cross-lingual retrieval to source prompts from high-resource languages to improve Bangla task performance.",
            "innovation": "The innovation lies in the integration of cross-lingual retrieval with in-context learning, which distinguishes this method from traditional approaches that do not utilize external prompts."
        },
        "method": {
            "method name": "Cross-lingual retrieval augmented in-context learning",
            "method abbreviation": "CRAIL",
            "method definition": "CRAIL is a method that enhances the performance of multilingual pretrained language models by retrieving semantically similar prompts from high-resource languages.",
            "method description": "The core of the method involves augmenting the input to the model with prompts retrieved from high-resource languages.",
            "method steps": "1. Identify semantically similar prompts in a high-resource language. 2. Retrieve these prompts. 3. Integrate them into the input for the Bangla task. 4. Process the input through the MPLM.",
            "principle": "The method is effective because it provides richer contextual information from high-resource languages, enabling better comprehension and task performance in Bangla."
        },
        "experiments": {
            "evaluation setting": "The experimental setup involved testing the performance of the generative model BLOOMZ on various Bangla tasks using prompts retrieved from high-resource languages for comparison.",
            "evaluation method": "Performance was assessed by comparing the results of the MPLM with and without the augmented prompts, measuring improvements in task completion and accuracy."
        },
        "conclusion": "The experiments demonstrated that cross-lingual retrieval augmented prompts lead to consistent performance improvements in MPLMs for Bangla tasks, showcasing the potential of this method.",
        "discussion": {
            "advantage": "The key advantages include improved task performance through enriched input and the ability to leverage existing resources from high-resource languages.",
            "limitation": "A limitation of the method may be the dependency on the quality and relevance of the retrieved prompts from high-resource languages.",
            "future work": "Future research could explore optimizing the retrieval process and expanding the method to other low-resource languages."
        },
        "other info": {
            "info1": "The method specifically targets the generative model BLOOMZ.",
            "info2": {
                "info2.1": "The approach shows promise for other low-resource languages.",
                "info2.2": "Further evaluations are necessary to generalize findings across different contexts."
            }
        }
    },
    "mount_outline": [
        {
            "section number": "1.1",
            "key information": "Large Language Models (LLMs) face limited performance in low-resource languages like Bangla, highlighting the necessity for new methods to enhance their effectiveness."
        },
        {
            "section number": "2.2",
            "key information": "The main challenge in conventional approaches is the lack of semantically rich prompts in low-resource languages, which hinders the effectiveness of existing models."
        },
        {
            "section number": "3.1",
            "key information": "The paper defines Large Language Models (LLMs) and discusses their role in information retrieval, particularly in the context of low-resource languages."
        },
        {
            "section number": "4.1",
            "key information": "The proposed method, Cross-lingual retrieval augmented in-context learning (CRAIL), integrates cross-lingual retrieval with in-context learning to enhance task performance."
        },
        {
            "section number": "5.1",
            "key information": "The method improves understanding of user queries in low-resource languages by retrieving semantically similar prompts from high-resource languages."
        },
        {
            "section number": "7.1",
            "key information": "Current challenges include the dependency on the quality and relevance of the retrieved prompts from high-resource languages, which affects scalability and generalization."
        },
        {
            "section number": "8",
            "key information": "The experiments demonstrated that cross-lingual retrieval augmented prompts lead to consistent performance improvements in multilingual pretrained language models for Bangla tasks."
        }
    ],
    "similarity_score": null,
    "image": null,
    "path": "/home/liudingyuan/code/SurveyX/code/SurveyX-main/outputs/t10a/papers/Crosslingual retrieval augmented in-context learning for bangla.json"
}