{
    "from": null,
    "scholar_id": null,
    "detail_id": null,
    "title": "Deep contextualized word representations",
    "abstract": "We introduce a new type of deep contextualized word representation that models both (1) complex characteristics of word use (e.g., syntax and semantics), and (2) how these uses vary across linguistic contexts (i.e., to model polysemy). Our word vectors are learned functions of the internal states of a deep bidirectional language model (biLM), which is pre-trained on a large text corpus. We show that these representations can be easily added to existing models and significantly improve the state of the art across six challenging NLP problems, including question answering, textual entailment and sentiment analysis. We also present an analysis showing that exposing the deep internals of the pre-trained network is crucial, allowing downstream models to mix different types of semi-supervision signals.",
    "arxivid": "1802.05365v2",
    "bib_name": "Deepcontex29",
    "md_text": "# Deep contextualized word representations\n\n\nabstract\n\nWe introduce a new type of deep contextualized word representation that models both (1) complex characteristics of word use (e.g., syntax and semantics), and (2) how these uses vary across linguistic contexts (i.e., to model polysemy). Our word vectors are learned functions of the internal states of a deep bidirectional language model (biLM), which is pre-trained on a large text corpus. We show that these representations can be easily added to existing models and significantly improve the state of the art across six challenging NLP problems, including question answering, textual entailment and sentiment analysis. We also present an analysis showing that exposing the deep internals of the pre-trained network is crucial, allowing downstream models to mix different types of semi-supervision signals.",
    "paper_type": "method",
    "attri": {
        "background": "This paper addresses the issue of representing word meanings in a way that captures both their complex characteristics and their variations across different contexts, highlighting the limitations of previous methods that do not adequately model polysemy.",
        "problem": {
            "definition": "The problem is the inability of traditional word representations to effectively capture the nuanced meanings of words that change based on their context, leading to suboptimal performance in various NLP tasks.",
            "key obstacle": "The core obstacle is the lack of a model that can dynamically adjust word representations based on context, which prevents existing methods from fully leveraging the richness of language."
        },
        "idea": {
            "intuition": "The idea was inspired by the observation that words have multiple meanings that can be context-dependent, necessitating a representation that can adapt to different usages.",
            "opinion": "The proposed idea involves using deep contextualized word representations derived from a deep bidirectional language model, which captures the intricate details of word use in varying contexts.",
            "innovation": "The primary innovation is the introduction of word vectors as functions of the internal states of a biLM, allowing for a more nuanced and context-aware representation compared to traditional static embeddings."
        },
        "method": {
            "method name": "Deep contextualized word representations",
            "method abbreviation": "DCWR",
            "method definition": "DCWR are learned representations that model the complex characteristics of word use and their variations across contexts using a deep bidirectional language model.",
            "method description": "The core of the method is to generate word vectors that are sensitive to the context in which words appear, enhancing their semantic representation.",
            "method steps": "1. Pre-train a deep bidirectional language model on a large text corpus. 2. Extract internal states of the model to create contextualized word representations. 3. Integrate these representations into downstream NLP models.",
            "principle": "This method is effective because it leverages the deep internals of a pre-trained network, allowing for a richer representation that captures the subtleties of language use."
        },
        "experiments": {
            "evaluation setting": "The experiments were conducted across six challenging NLP tasks, including question answering, textual entailment, and sentiment analysis, using baseline methods for comparison.",
            "evaluation method": "The performance of the method was assessed by measuring improvements in accuracy and effectiveness on the aforementioned tasks, analyzing how well the contextualized representations performed relative to traditional methods."
        },
        "conclusion": "The experiments demonstrate that deep contextualized word representations significantly improve the state of the art in multiple NLP problems, confirming the effectiveness and utility of the proposed method.",
        "discussion": {
            "advantage": "The key advantage of the proposed approach is its ability to dynamically adjust word representations based on context, leading to improved performance on a range of NLP tasks.",
            "limitation": "A limitation of the method may include the computational complexity involved in training deep bidirectional language models, which could pose challenges for resource-constrained environments.",
            "future work": "Future research could explore ways to optimize the training process of biLMs or investigate methods to further enhance the adaptability of word representations in even more diverse linguistic contexts."
        },
        "other info": []
    },
    "mount_outline": [
        {
            "section number": "1.1",
            "key information": "This paper addresses the issue of representing word meanings in a way that captures both their complex characteristics and their variations across different contexts."
        },
        {
            "section number": "2.2",
            "key information": "The problem is the inability of traditional word representations to effectively capture the nuanced meanings of words that change based on their context, leading to suboptimal performance in various NLP tasks."
        },
        {
            "section number": "3.1",
            "key information": "The proposed idea involves using deep contextualized word representations derived from a deep bidirectional language model, which captures the intricate details of word use in varying contexts."
        },
        {
            "section number": "4.1",
            "key information": "The primary innovation is the introduction of word vectors as functions of the internal states of a biLM, allowing for a more nuanced and context-aware representation compared to traditional static embeddings."
        },
        {
            "section number": "5.1",
            "key information": "The key advantage of the proposed approach is its ability to dynamically adjust word representations based on context, leading to improved performance on a range of NLP tasks."
        },
        {
            "section number": "7.1",
            "key information": "A limitation of the method may include the computational complexity involved in training deep bidirectional language models, which could pose challenges for resource-constrained environments."
        },
        {
            "section number": "7.3",
            "key information": "Future research could explore ways to optimize the training process of biLMs or investigate methods to further enhance the adaptability of word representations in even more diverse linguistic contexts."
        }
    ],
    "similarity_score": null,
    "image": null,
    "path": "/home/liudingyuan/code/SurveyX/code/SurveyX-main/outputs/t10a/papers/Deep contextualized word representations.json"
}