{
    "from": null,
    "scholar_id": null,
    "detail_id": null,
    "title": "Deepresearcher: Scaling deep research via reinforcement learning in real-world environments",
    "abstract": "Large Language Models (LLMs) equipped with web search capabilities have demonstrated impressive potential for deep research tasks. However, current approaches predominantly rely on either manually engineered prompts (prompt engineering-based) with brittle performance or reinforcement learning within controlled Retrieval-Augmented Generation (RAG) environments (RAG-based) that fail to capture the complexities of real-world interaction. In this paper, we introduce DeepResearcher, the first comprehensive framework for end-to-end training of LLM-based deep research agents through scaling reinforcement learning (RL) in real-world environments with authentic web search interactions. Unlike RAG-based approaches that assume all necessary information exists within a fixed corpus, our method trains agents to navigate the noisy, unstructured, and dynamic nature of the open web. We implement a specialized multi-agent architecture where browsing agents extract relevant information from various webpage structures and overcoming significant technical challenges. Extensive experiments on open-domain research tasks demonstrate that DeepResearcher achieves substantial improvements of up to 28.9 points over prompt engineering-based baselines and up to 7.2 points over RAG-based RL agents. Our qualitative analysis reveals emergent cognitive behaviors from end-to-end RL training, including the ability to formulate plans, cross-validate information from multiple sources, engage in self-reflection to redirect research, and maintain honesty when unable to find definitive answers. Our results highlight that end-to-end training in real-world web environments is not merely an implementation detail but a fundamental requirement for developing robust research capabilities aligned with real-world applications. We release DeepResearcher at https://github.com/GAIR-NLP/DeepResearcher.",
    "arxivid": "2504.03160v4",
    "bib_name": "Deepresear184",
    "md_text": "# Deepresearcher: Scaling deep research via reinforcement learning in real-world environments\n\n\nabstract\n\nLarge Language Models (LLMs) equipped with web search capabilities have demonstrated impressive potential for deep research tasks. However, current approaches predominantly rely on either manually engineered prompts (prompt engineering-based) with brittle performance or reinforcement learning within controlled Retrieval-Augmented Generation (RAG) environments (RAG-based) that fail to capture the complexities of real-world interaction. In this paper, we introduce DeepResearcher, the first comprehensive framework for end-to-end training of LLM-based deep research agents through scaling reinforcement learning (RL) in real-world environments with authentic web search interactions. Unlike RAG-based approaches that assume all necessary information exists within a fixed corpus, our method trains agents to navigate the noisy, unstructured, and dynamic nature of the open web. We implement a specialized multi-agent architecture where browsing agents extract relevant information from various webpage structures and overcoming significant technical challenges. Extensive experiments on open-domain research tasks demonstrate that DeepResearcher achieves substantial improvements of up to 28.9 points over prompt engineering-based baselines and up to 7.2 points over RAG-based RL agents. Our qualitative analysis reveals emergent cognitive behaviors from end-to-end RL training, including the ability to formulate plans, cross-validate information from multiple sources, engage in self-reflection to redirect research, and maintain honesty when unable to find definitive answers. Our results highlight that end-to-end training in real-world web environments is not merely an implementation detail but a fundamental requirement for developing robust research capabilities aligned with real-world applications. We release DeepResearcher at https://github.com/GAIR-NLP/DeepResearcher.",
    "paper_type": "method",
    "attri": {
        "background": "This paper addresses the issue of effectively utilizing Large Language Models (LLMs) for deep research tasks in real-world environments, highlighting the limitations of current methods that rely on either prompt engineering or controlled RAG environments.",
        "problem": {
            "definition": "The problem is the inability of existing methods to handle the complexities of real-world interactions while performing deep research tasks.",
            "key obstacle": "The main difficulty is that current approaches either assume a fixed corpus of information or rely on brittle performance in prompt engineering."
        },
        "idea": {
            "intuition": "The idea is inspired by the need for LLMs to adapt and learn from the dynamic, noisy nature of the open web.",
            "opinion": "The proposed idea is DeepResearcher, a framework that trains LLM-based agents through reinforcement learning in real-world web environments.",
            "innovation": "The key innovation lies in the end-to-end training of agents that can extract information from diverse webpage structures, overcoming the limitations of RAG-based approaches."
        },
        "method": {
            "method name": "DeepResearcher",
            "method abbreviation": "DR",
            "method definition": "DeepResearcher is a comprehensive framework that enables the training of LLM-based research agents using reinforcement learning in real-world environments.",
            "method description": "The method involves training multi-agent architectures to navigate and extract information from the open web.",
            "method steps": "1. Develop a multi-agent architecture; 2. Implement reinforcement learning to train agents; 3. Enable agents to browse and extract information from various web pages.",
            "principle": "The method is effective because it allows agents to learn from real-world interactions, adapting to the complexities of information retrieval in dynamic environments."
        },
        "experiments": {
            "evaluation setting": "Extensive experiments were conducted on open-domain research tasks, comparing DeepResearcher against prompt engineering-based baselines and RAG-based RL agents.",
            "evaluation method": "Performance was assessed based on improvements in task completion metrics and qualitative analysis of cognitive behaviors exhibited by the agents."
        },
        "conclusion": "The experiments demonstrate that DeepResearcher significantly outperforms existing methods, achieving up to 28.9 points improvement over prompt engineering and up to 7.2 points over RAG-based agents, indicating the necessity of end-to-end training in real-world environments.",
        "discussion": {
            "advantage": "The key advantages include the ability of agents to formulate plans, cross-validate information, engage in self-reflection, and maintain honesty in research.",
            "limitation": "A limitation of the method may be the reliance on the quality and variability of web data, which can affect the training outcomes.",
            "future work": "Future research could focus on enhancing the robustness of agents in handling diverse web content and exploring additional strategies for improving their cognitive capabilities."
        },
        "other info": {
            "repository": "DeepResearcher is available at https://github.com/GAIR-NLP/DeepResearcher"
        }
    },
    "mount_outline": [
        {
            "section number": "1.1",
            "key information": "Large Language Models (LLMs) are essential for effectively performing deep research tasks in real-world environments."
        },
        {
            "section number": "2.2",
            "key information": "Current methods for utilizing LLMs face limitations such as assuming a fixed corpus of information or relying on brittle performance in prompt engineering."
        },
        {
            "section number": "3.1",
            "key information": "Large Language Models (LLMs) can adapt and learn from the dynamic, noisy nature of the open web."
        },
        {
            "section number": "4.1",
            "key information": "DeepResearcher is a framework that trains LLM-based agents through reinforcement learning, allowing them to extract information from various web page structures."
        },
        {
            "section number": "5.1",
            "key information": "The DeepResearcher framework enables LLMs to navigate and extract information effectively, improving the understanding of user queries in real-world contexts."
        },
        {
            "section number": "7.1",
            "key information": "The reliance on the quality and variability of web data poses a challenge for the training outcomes of LLM-based agents."
        },
        {
            "section number": "8",
            "key information": "DeepResearcher significantly outperforms existing methods, demonstrating the necessity of end-to-end training in real-world environments."
        }
    ],
    "similarity_score": null,
    "image": null,
    "path": "/home/liudingyuan/code/SurveyX/code/SurveyX-main/outputs/t10a/papers/Deepresearcher_ Scaling deep research via reinforcement learning in real-world environments.json"
}