{
    "from": null,
    "scholar_id": null,
    "detail_id": null,
    "title": "Deeprag: Thinking to retrieve step by step for large language models",
    "abstract": "Large Language Models (LLMs) have shown remarkable reasoning capabilities, while their practical applications are limited by severe factual hallucinations due to limitations in the timeliness, accuracy, and comprehensiveness of their parametric knowledge. Meanwhile, enhancing retrieval-augmented generation (RAG) with reasoning remains challenging due to ineffective task decomposition and redundant retrieval, which can introduce noise and degrade response quality. In this paper, we propose DeepRAG, a framework that models retrieval-augmented reasoning as a Markov Decision Process (MDP), enabling reasonable and adaptive retrieval. By iteratively decomposing queries, DeepRAG dynamically determines whether to retrieve external knowledge or rely on parametric reasoning at each step. Experiments show that DeepRAG improves retrieval efficiency and boosts answer accuracy by 26.4%, demonstrating its effectiveness in enhancing retrieval-augmented reasoning.",
    "arxivid": "2502.01142v2",
    "bib_name": "Deeprag:Th179",
    "md_text": "# Deeprag: Thinking to retrieve step by step for large language models\n\n\nabstract\n\nLarge Language Models (LLMs) have shown remarkable reasoning capabilities, while their practical applications are limited by severe factual hallucinations due to limitations in the timeliness, accuracy, and comprehensiveness of their parametric knowledge. Meanwhile, enhancing retrieval-augmented generation (RAG) with reasoning remains challenging due to ineffective task decomposition and redundant retrieval, which can introduce noise and degrade response quality. In this paper, we propose DeepRAG, a framework that models retrieval-augmented reasoning as a Markov Decision Process (MDP), enabling reasonable and adaptive retrieval. By iteratively decomposing queries, DeepRAG dynamically determines whether to retrieve external knowledge or rely on parametric reasoning at each step. Experiments show that DeepRAG improves retrieval efficiency and boosts answer accuracy by 26.4%, demonstrating its effectiveness in enhancing retrieval-augmented reasoning.",
    "paper_type": "method",
    "attri": {
        "background": "Large Language Models (LLMs) have shown remarkable reasoning capabilities, but their practical applications are limited by severe factual hallucinations due to limitations in the timeliness, accuracy, and comprehensiveness of their parametric knowledge. Enhancing retrieval-augmented generation (RAG) with reasoning is challenging due to ineffective task decomposition and redundant retrieval, which can introduce noise and degrade response quality.",
        "problem": {
            "definition": "The problem addressed in this paper is the inefficiency and inaccuracy of retrieval-augmented generation in large language models, particularly due to ineffective task decomposition and redundant retrieval processes.",
            "key obstacle": "The core obstacle preventing existing methods from effectively solving the problem is the introduction of noise in responses caused by redundant retrieval and ineffective query decomposition."
        },
        "idea": {
            "intuition": "The idea was inspired by the need for a more adaptive and efficient approach to retrieval-augmented reasoning that can dynamically decide when to retrieve external knowledge versus relying on parametric reasoning.",
            "opinion": "The proposed idea, DeepRAG, models retrieval-augmented reasoning as a Markov Decision Process (MDP), allowing for iterative query decomposition and adaptive retrieval.",
            "innovation": "The primary difference between DeepRAG and existing approaches is its ability to dynamically determine the necessity of external knowledge retrieval at each step, enhancing both retrieval efficiency and answer accuracy."
        },
        "method": {
            "method name": "DeepRAG",
            "method abbreviation": "DR",
            "method definition": "DeepRAG is a framework that models retrieval-augmented reasoning as a Markov Decision Process (MDP), enabling adaptive retrieval and iterative query decomposition.",
            "method description": "DeepRAG enhances retrieval-augmented reasoning by dynamically deciding whether to retrieve external knowledge or rely on parametric reasoning at each step of the query decomposition process.",
            "method steps": "1. Decompose the query iteratively; 2. At each step, decide whether to retrieve external knowledge or use parametric reasoning; 3. Generate the response based on the chosen approach.",
            "principle": "The effectiveness of DeepRAG lies in its ability to adaptively manage the retrieval process, reducing noise and improving the accuracy of responses through informed decision-making at each step."
        },
        "experiments": {
            "evaluation setting": "The experiments were conducted to evaluate the performance of DeepRAG against baseline methods, measuring retrieval efficiency and answer accuracy improvements.",
            "evaluation method": "The evaluation method involved comparing the performance metrics of DeepRAG with existing retrieval-augmented generation methods, specifically focusing on retrieval efficiency and accuracy."
        },
        "conclusion": "DeepRAG improves retrieval efficiency and boosts answer accuracy by 26.4%, demonstrating its effectiveness in enhancing retrieval-augmented reasoning in large language models.",
        "discussion": {
            "advantage": "The key advantages of DeepRAG include its adaptive retrieval process, which reduces noise and improves accuracy compared to traditional methods.",
            "limitation": "One limitation of the method may be the complexity involved in modeling the retrieval process as an MDP, which could introduce overhead in certain applications.",
            "future work": "Future work could focus on optimizing the MDP framework for even greater efficiency and exploring additional applications of DeepRAG in various domains."
        },
        "other info": []
    },
    "mount_outline": [
        {
            "section number": "1.1",
            "key information": "Large Language Models (LLMs) have shown remarkable reasoning capabilities, but their practical applications are limited by severe factual hallucinations due to limitations in the timeliness, accuracy, and comprehensiveness of their parametric knowledge."
        },
        {
            "section number": "2.2",
            "key information": "The problem addressed in this paper is the inefficiency and inaccuracy of retrieval-augmented generation in large language models, particularly due to ineffective task decomposition and redundant retrieval processes."
        },
        {
            "section number": "2.3",
            "key information": "DeepRAG improves retrieval efficiency and boosts answer accuracy by 26.4%, demonstrating its effectiveness in enhancing retrieval-augmented reasoning in large language models."
        },
        {
            "section number": "4.1",
            "key information": "DeepRAG is a framework that models retrieval-augmented reasoning as a Markov Decision Process (MDP), enabling adaptive retrieval and iterative query decomposition."
        },
        {
            "section number": "4.2",
            "key information": "The effectiveness of DeepRAG lies in its ability to adaptively manage the retrieval process, reducing noise and improving the accuracy of responses through informed decision-making at each step."
        },
        {
            "section number": "7.1",
            "key information": "One limitation of the method may be the complexity involved in modeling the retrieval process as an MDP, which could introduce overhead in certain applications."
        },
        {
            "section number": "7.3",
            "key information": "Future work could focus on optimizing the MDP framework for even greater efficiency and exploring additional applications of DeepRAG in various domains."
        }
    ],
    "similarity_score": null,
    "image": null,
    "path": "/home/liudingyuan/code/SurveyX/code/SurveyX-main/outputs/t10a/papers/Deeprag_ Thinking to retrieve step by step for large language models.json"
}