{
    "from": null,
    "scholar_id": null,
    "detail_id": null,
    "title": "Demorank: Selecting effective demonstrations for large language models in ranking task",
    "abstract": "Recently, there has been increasing interest in applying large language models (LLMs) as zero-shot passage rankers. However, few studies have explored how to select appropriate in-context demonstrations for the passage ranking task, which is the focus of this paper. Previous studies mainly use LLM's feedback to train a retriever for demonstration selection. These studies apply the LLM to score each demonstration independently, which ignores the dependencies between demonstrations (especially important in ranking task), leading to inferior performance of top-$k$ retrieved demonstrations. To mitigate this issue, we introduce a demonstration reranker to rerank the retrieved demonstrations so that top-$k$ ranked ones are more suitable for ICL. However, generating training data for such reranker is quite challenging. On the one hand, different from demonstration retriever, the training samples of reranker need to incorporate demonstration dependencies. On the other hand, obtaining the gold ranking from the retrieved demonstrations is an NP-hard problem, which is hard to implement. To overcome these challenges, we propose a method to approximate the optimal demonstration list iteratively and utilize LLM to score demonstration lists of varying lengths. By doing so, the search space is greatly reduced and demonstration dependencies are considered. Based on these scored demonstration lists, we further design a list-pairwise training approach which compares a pair of lists that only differ in the last demonstration, to teach the reranker how to select the next demonstration given a previous sequence. In this paper, we propose a demonstration selection framework DemoRank for ranking task and conduct extensive experiments to prove its strong ability.",
    "arxivid": "2406.16332v2",
    "bib_name": "Demorank:S99",
    "md_text": "# Demorank: Selecting effective demonstrations for large language models in ranking task\n\n\nabstract\n\nRecently, there has been increasing interest in applying large language models (LLMs) as zero-shot passage rankers. However, few studies have explored how to select appropriate in-context demonstrations for the passage ranking task, which is the focus of this paper. Previous studies mainly use LLM's feedback to train a retriever for demonstration selection. These studies apply the LLM to score each demonstration independently, which ignores the dependencies between demonstrations (especially important in ranking task), leading to inferior performance of top-$k$ retrieved demonstrations. To mitigate this issue, we introduce a demonstration reranker to rerank the retrieved demonstrations so that top-$k$ ranked ones are more suitable for ICL. However, generating training data for such reranker is quite challenging. On the one hand, different from demonstration retriever, the training samples of reranker need to incorporate demonstration dependencies. On the other hand, obtaining the gold ranking from the retrieved demonstrations is an NP-hard problem, which is hard to implement. To overcome these challenges, we propose a method to approximate the optimal demonstration list iteratively and utilize LLM to score demonstration lists of varying lengths. By doing so, the search space is greatly reduced and demonstration dependencies are considered. Based on these scored demonstration lists, we further design a list-pairwise training approach which compares a pair of lists that only differ in the last demonstration, to teach the reranker how to select the next demonstration given a previous sequence. In this paper, we propose a demonstration selection framework DemoRank for ranking task and conduct extensive experiments to prove its strong ability.",
    "paper_type": "method",
    "attri": {
        "background": "This paper addresses the issue of selecting appropriate in-context demonstrations for the passage ranking task in large language models (LLMs), highlighting the limitations of previous methods that score demonstrations independently, leading to inferior performance in top-k retrieval.",
        "problem": {
            "definition": "The problem is the ineffective selection of in-context demonstrations for passage ranking tasks, which can hinder the performance of LLMs in zero-shot settings.",
            "key obstacle": "The main difficulty is the dependency between demonstrations that is ignored by existing methods, which impacts the quality of the top-k retrieved demonstrations."
        },
        "idea": {
            "intuition": "The idea is inspired by the observation that demonstration dependencies play a crucial role in ranking tasks, necessitating a reranking approach to improve selection.",
            "opinion": "The proposed idea is to introduce a demonstration reranker that considers the dependencies between demonstrations to enhance the selection process for ranking tasks.",
            "innovation": "The primary innovation lies in the development of a demonstration reranker that iteratively approximates the optimal demonstration list and utilizes LLMs to score these lists, addressing the shortcomings of previous independent scoring methods."
        },
        "method": {
            "method name": "DemoRank",
            "method abbreviation": "DR",
            "method definition": "DemoRank is a framework designed to select effective demonstrations for passage ranking tasks by considering demonstration dependencies and employing a reranking strategy.",
            "method description": "The method involves generating and scoring demonstration lists iteratively, followed by a list-pairwise training approach to teach the reranker how to select the next demonstration.",
            "method steps": [
                "Generate demonstration lists of varying lengths.",
                "Score these lists using a large language model.",
                "Implement a list-pairwise training approach comparing pairs of lists differing by the last demonstration."
            ],
            "principle": "The effectiveness of this method stems from its ability to incorporate demonstration dependencies and reduce the search space, thereby improving the quality of the selected demonstrations."
        },
        "experiments": {
            "evaluation setting": "The experimental setup includes extensive tests on various datasets, comparing the performance of DemoRank against baseline methods in the context of passage ranking.",
            "evaluation method": "The evaluation method involves measuring the performance of the reranker using metrics that assess the quality of the top-k ranked demonstrations."
        },
        "conclusion": "The experiments demonstrate that DemoRank significantly enhances the selection of demonstrations for passage ranking tasks, proving its strong ability to outperform existing methods.",
        "discussion": {
            "advantage": "Key advantages of DemoRank include its consideration of demonstration dependencies and its iterative approach to scoring, which leads to better selection outcomes.",
            "limitation": "A limitation of the method is the challenge of generating training data that incorporates demonstration dependencies and the NP-hard nature of obtaining gold rankings.",
            "future work": "Future work could focus on refining the training data generation process and exploring additional methods to further enhance the performance of demonstration selection."
        },
        "other info": []
    },
    "mount_outline": [
        {
            "section number": "2.2",
            "key information": "The problem is the ineffective selection of in-context demonstrations for passage ranking tasks, which can hinder the performance of large language models (LLMs) in zero-shot settings."
        },
        {
            "section number": "4.2",
            "key information": "The proposed idea is to introduce a demonstration reranker that considers the dependencies between demonstrations to enhance the selection process for ranking tasks."
        },
        {
            "section number": "5.1",
            "key information": "Key advantages of DemoRank include its consideration of demonstration dependencies and its iterative approach to scoring, which leads to better selection outcomes."
        },
        {
            "section number": "7.1",
            "key information": "A limitation of the method is the challenge of generating training data that incorporates demonstration dependencies and the NP-hard nature of obtaining gold rankings."
        },
        {
            "section number": "7.3",
            "key information": "Future work could focus on refining the training data generation process and exploring additional methods to further enhance the performance of demonstration selection."
        }
    ],
    "similarity_score": null,
    "image": null,
    "path": "/home/liudingyuan/code/SurveyX/code/SurveyX-main/outputs/t10a/papers/Demorank_ Selecting effective demonstrations for large language models in ranking task.json"
}