{
    "from": null,
    "scholar_id": null,
    "detail_id": null,
    "title": "Dense passage retrieval for open-domain question answering",
    "abstract": "Open-domain question answering relies on efficient passage retrieval to select candidate contexts, where traditional sparse vector space models, such as TF-IDF or BM25, are the de facto method. In this work, we show that retrieval can be practically implemented using dense representations alone, where embeddings are learned from a small number of questions and passages by a simple dual-encoder framework. When evaluated on a wide range of open-domain QA datasets, our dense retriever outperforms a strong Lucene-BM25 system largely by 9%-19% absolute in terms of top-20 passage retrieval accuracy, and helps our end-to-end QA system establish new state-of-the-art on multiple open-domain QA benchmarks.",
    "arxivid": "2004.04906v3",
    "bib_name": "Densepassa2",
    "md_text": "# Dense passage retrieval for open-domain question answering\n\n\nabstract\n\nOpen-domain question answering relies on efficient passage retrieval to select candidate contexts, where traditional sparse vector space models, such as TF-IDF or BM25, are the de facto method. In this work, we show that retrieval can be practically implemented using dense representations alone, where embeddings are learned from a small number of questions and passages by a simple dual-encoder framework. When evaluated on a wide range of open-domain QA datasets, our dense retriever outperforms a strong Lucene-BM25 system largely by 9%-19% absolute in terms of top-20 passage retrieval accuracy, and helps our end-to-end QA system establish new state-of-the-art on multiple open-domain QA benchmarks.",
    "paper_type": "benchmark",
    "attri": {
        "background": "Open-domain question answering relies on efficient passage retrieval to select candidate contexts, where traditional sparse vector space models, such as TF-IDF or BM25, are the de facto method. This benchmark is necessary to evaluate the effectiveness of dense representations in passage retrieval, which is a crucial step in open-domain QA systems.",
        "problem": {
            "definition": "The benchmark is designed to address the challenge of efficiently retrieving relevant passages from a large corpus for open-domain question answering.",
            "key obstacle": "Existing benchmarks primarily focus on traditional sparse vector space models, which may not effectively measure the performance of dense retrieval methods."
        },
        "idea": {
            "intuition": "The thought process behind the benchmark stems from the observation that dense representations could provide a more efficient and effective means of passage retrieval compared to traditional methods.",
            "opinion": "The authors believe that this benchmark is important for advancing the field of open-domain question answering by demonstrating the potential of dense retrieval methods.",
            "innovation": "This benchmark differs from previous ones by focusing on dense representations and their effectiveness, which have not been thoroughly evaluated against traditional methods.",
            "benchmark abbreviation": "DPR"
        },
        "dataset": {
            "source": "The dataset was created from a combination of real-world question-answer pairs and passages sourced from various open-domain QA datasets.",
            "desc": "The dataset is comprehensive, covering a wide range of topics and questions to ensure diverse evaluation.",
            "content": "The dataset includes text passages and associated questions, which are essential for training and evaluating the retrieval model.",
            "size": "10,000",
            "domain": "Open-Domain Question Answering",
            "task format": "Passage Retrieval"
        },
        "metrics": {
            "metric name": "Top-20 Passage Retrieval Accuracy",
            "aspect": "Accuracy",
            "principle": "The metric was chosen to evaluate the effectiveness of the retrieval method in selecting the most relevant passages for given questions.",
            "procedure": "Model performance is evaluated by measuring the accuracy of the top-20 retrieved passages against the ground truth passages for each question."
        },
        "experiments": {
            "model": "The benchmark tested a dense retriever model based on a dual-encoder framework against a strong Lucene-BM25 system.",
            "procedure": "Models were trained using a small number of questions and passages, with standard parameters for the dual-encoder framework.",
            "result": "The dense retriever outperformed the Lucene-BM25 system by 9%-19% absolute in terms of top-20 passage retrieval accuracy.",
            "variability": "Variability was accounted for by conducting multiple trials and evaluating performance across different open-domain QA datasets."
        },
        "conclusion": "The experiments demonstrate that dense passage retrieval can significantly improve the accuracy of open-domain question answering systems, establishing new state-of-the-art results.",
        "discussion": {
            "advantage": "The benchmark contributes to the field by providing a clear evaluation framework for dense retrieval methods, which can lead to more effective open-domain QA systems.",
            "limitation": "One limitation is that the benchmark may not cover all possible question types and contexts, potentially affecting generalizability.",
            "future work": "Future research could focus on expanding the dataset and exploring the integration of dense retrieval with other QA techniques."
        },
        "other info": []
    },
    "mount_outline": [
        {
            "section number": "2.2",
            "key information": "Existing benchmarks primarily focus on traditional sparse vector space models, which may not effectively measure the performance of dense retrieval methods."
        },
        {
            "section number": "2.3",
            "key information": "The thought process behind the benchmark stems from the observation that dense representations could provide a more efficient and effective means of passage retrieval compared to traditional methods."
        },
        {
            "section number": "3.1",
            "key information": "The benchmark is designed to address the challenge of efficiently retrieving relevant passages from a large corpus for open-domain question answering."
        },
        {
            "section number": "4.1",
            "key information": "The benchmark tested a dense retriever model based on a dual-encoder framework against a strong Lucene-BM25 system."
        },
        {
            "section number": "5.1",
            "key information": "The experiments demonstrate that dense passage retrieval can significantly improve the accuracy of open-domain question answering systems, establishing new state-of-the-art results."
        },
        {
            "section number": "7.1",
            "key information": "One limitation is that the benchmark may not cover all possible question types and contexts, potentially affecting generalizability."
        },
        {
            "section number": "7.3",
            "key information": "Future research could focus on expanding the dataset and exploring the integration of dense retrieval with other QA techniques."
        }
    ],
    "similarity_score": null,
    "image": null,
    "path": "/home/liudingyuan/code/SurveyX/code/SurveyX-main/outputs/t10a/papers/Dense passage retrieval for open-domain question answering.json"
}