{
    "from": null,
    "scholar_id": null,
    "detail_id": null,
    "title": "Dense text retrieval based on pretrained language models: A survey",
    "abstract": "Text retrieval is a long-standing research topic on information seeking, where a system is required to return relevant information resources to user\u2019s queries in natural language. From heuristic-based retrieval methods to learning-based ranking functions, the underlying retrieval models have been continually evolved with the ever-lasting technical innovation. To design effective retrieval models, a key point lies in how to learn text representations and model the relevance matching. The recent success of pretrained language models (PLM) sheds light on developing more capable text-retrieval approaches by leveraging the excellent modeling capacity of PLMs. With powerful PLMs, we can effectively learn the semantic representations of queries and texts in the latent representation space, and further construct the semantic matching function between the dense vectors for relevance modeling. Such a retrieval approach is called dense retrieval, since it employs dense vectors to represent the texts. Considering the rapid progress on dense retrieval, this survey systematically reviews the recent progress on PLM-based dense retrieval. Different from previous surveys on dense retrieval, we take a new perspective to organize the related studies by four major aspects, including architecture, training, indexing and integration, and thoroughly summarize the mainstream techniques for each aspect. We extensively collect the recent advances on this topic, and include 300+ reference papers. To support our survey, we create a website for providing useful resources, and release a code repository for dense retrieval. This survey aims to provide a comprehensive, practical reference focused on the major progress for dense text retrieval.",
    "arxivid": "2211.14876v1",
    "bib_name": "Densetextr28",
    "md_text": "# Dense text retrieval based on pretrained language models: A survey\n\n\nabstract\n\nText retrieval is a long-standing research topic on information seeking, where a system is required to return relevant information resources to user\u2019s queries in natural language. From heuristic-based retrieval methods to learning-based ranking functions, the underlying retrieval models have been continually evolved with the ever-lasting technical innovation. To design effective retrieval models, a key point lies in how to learn text representations and model the relevance matching. The recent success of pretrained language models (PLM) sheds light on developing more capable text-retrieval approaches by leveraging the excellent modeling capacity of PLMs. With powerful PLMs, we can effectively learn the semantic representations of queries and texts in the latent representation space, and further construct the semantic matching function between the dense vectors for relevance modeling. Such a retrieval approach is called dense retrieval, since it employs dense vectors to represent the texts. Considering the rapid progress on dense retrieval, this survey systematically reviews the recent progress on PLM-based dense retrieval. Different from previous surveys on dense retrieval, we take a new perspective to organize the related studies by four major aspects, including architecture, training, indexing and integration, and thoroughly summarize the mainstream techniques for each aspect. We extensively collect the recent advances on this topic, and include 300+ reference papers. To support our survey, we create a website for providing useful resources, and release a code repository for dense retrieval. This survey aims to provide a comprehensive, practical reference focused on the major progress for dense text retrieval.",
    "paper_type": "survey",
    "attri": {
        "background": {
            "purpose": "This survey aims to provide a comprehensive overview of the recent progress in pretrained language model (PLM)-based dense retrieval, addressing the evolution of retrieval models and the significance of learning text representations for effective relevance matching.",
            "scope": "The survey focuses on PLM-based dense retrieval, specifically examining aspects such as architecture, training, indexing, and integration. It excludes heuristic-based retrieval methods and traditional ranking functions as it aims to highlight advancements in PLM approaches."
        },
        "problem": {
            "definition": "The core issue explored in this survey is the development of effective text retrieval models that can leverage pretrained language models to enhance the semantic matching of queries and texts.",
            "key obstacle": "The primary challenges include the difficulty in learning effective text representations and the complexity of modeling relevance matching in a way that utilizes the capabilities of PLMs."
        },
        "architecture": {
            "perspective": "The survey introduces a novel framework for organizing research on dense retrieval by categorizing studies into four major aspects: architecture, training, indexing, and integration.",
            "fields/stages": "The survey organizes current methods into four fields: architecture (design of retrieval models), training (learning representations), indexing (efficient retrieval mechanisms), and integration (combining retrieval with other systems)."
        },
        "conclusion": {
            "comparisions": "The survey conducts a comparative analysis of various PLM-based dense retrieval methods, evaluating their effectiveness and approaches in terms of how well they model relevance.",
            "results": "Key takeaways include the identification of mainstream techniques in PLM-based dense retrieval and the potential for future advancements in this area."
        },
        "discussion": {
            "advantage": "Existing research has successfully advanced the understanding of how PLMs can improve text retrieval, leading to more effective semantic matching.",
            "limitation": "Current studies may fall short in addressing the challenges of scalability and efficiency in real-world applications of dense retrieval systems.",
            "gaps": "There remain unanswered questions regarding the optimal use of PLMs for different types of queries and texts, as well as the integration of dense retrieval with other information retrieval techniques.",
            "future work": "Future research should focus on improving the scalability of dense retrieval systems, exploring new architectures, and integrating PLM-based methods with other retrieval approaches to enhance overall performance."
        },
        "other info": {
            "website": "A dedicated website has been created to provide useful resources related to the survey.",
            "code repository": "A code repository for dense retrieval has been released to support the findings of the survey."
        }
    },
    "mount_outline": [
        {
            "section number": "1.1",
            "key information": "The survey aims to provide a comprehensive overview of the recent progress in pretrained language model (PLM)-based dense retrieval, addressing the evolution of retrieval models and the significance of learning text representations for effective relevance matching."
        },
        {
            "section number": "1.2",
            "key information": "The survey focuses on PLM-based dense retrieval, specifically examining aspects such as architecture, training, indexing, and integration."
        },
        {
            "section number": "2.1",
            "key information": "The survey introduces a novel framework for organizing research on dense retrieval by categorizing studies into four major aspects: architecture, training, indexing, and integration."
        },
        {
            "section number": "2.2",
            "key information": "Current studies may fall short in addressing the challenges of scalability and efficiency in real-world applications of dense retrieval systems."
        },
        {
            "section number": "5.1",
            "key information": "Existing research has successfully advanced the understanding of how PLMs can improve text retrieval, leading to more effective semantic matching."
        },
        {
            "section number": "7.1",
            "key information": "Future research should focus on improving the scalability of dense retrieval systems, exploring new architectures, and integrating PLM-based methods with other retrieval approaches to enhance overall performance."
        }
    ],
    "similarity_score": null,
    "image": null,
    "path": "/home/liudingyuan/code/SurveyX/code/SurveyX-main/outputs/t10a/papers/Dense text retrieval based on pretrained language models_ A survey.json"
}