{
    "from": null,
    "scholar_id": null,
    "detail_id": null,
    "title": "Discrete prompt optimization via constrained generation for zero-shot re-ranker",
    "abstract": "Re-rankers, which order retrieved documents with respect to the relevance score on the given query, have gained attention for the information retrieval (IR) task. Rather than fine-tuning the pre-trained language model (PLM), the large-scale language model (LLM) is utilized as a zero-shot re-ranker with excellent results. While LLM is highly dependent on the prompts, the impact and the optimization of the prompts for the zero-shot re-ranker are not explored yet. Along with highlighting the impact of optimization on the zero-shot re-ranker, we propose a novel discrete prompt optimization method, Constrained Prompt generation (Co-Prompt), with the metric estimating the optimum for re-ranking. Co-Prompt guides the generated texts from PLM toward optimal prompts based on the metric without parameter update. The experimental results demonstrate that Co-Prompt leads to outstanding re-ranking performance against the baselines. Also, Co-Prompt generates more interpretable prompts for humans against other prompt optimization methods.",
    "arxivid": "2305.13729v1",
    "bib_name": "Discretepr98",
    "md_text": "# Discrete prompt optimization via constrained generation for zero-shot re-ranker\n\n\nabstract\n\nRe-rankers, which order retrieved documents with respect to the relevance score on the given query, have gained attention for the information retrieval (IR) task. Rather than fine-tuning the pre-trained language model (PLM), the large-scale language model (LLM) is utilized as a zero-shot re-ranker with excellent results. While LLM is highly dependent on the prompts, the impact and the optimization of the prompts for the zero-shot re-ranker are not explored yet. Along with highlighting the impact of optimization on the zero-shot re-ranker, we propose a novel discrete prompt optimization method, Constrained Prompt generation (Co-Prompt), with the metric estimating the optimum for re-ranking. Co-Prompt guides the generated texts from PLM toward optimal prompts based on the metric without parameter update. The experimental results demonstrate that Co-Prompt leads to outstanding re-ranking performance against the baselines. Also, Co-Prompt generates more interpretable prompts for humans against other prompt optimization methods.",
    "paper_type": "method",
    "attri": {
        "background": "Re-rankers, which order retrieved documents with respect to the relevance score on the given query, have gained attention for the information retrieval (IR) task. The reliance on large-scale language models (LLMs) as zero-shot re-rankers has shown excellent results, yet the optimization of prompts for these models has not been thoroughly explored, necessitating a new approach.",
        "problem": {
            "definition": "The problem addressed in this paper is the optimization of prompts for zero-shot re-ranking using large-scale language models, which is crucial for enhancing the relevance scoring of retrieved documents.",
            "key obstacle": "The main challenge lies in the dependency of LLMs on prompt optimization, which has not been effectively explored or implemented in existing methods."
        },
        "idea": {
            "intuition": "The idea was inspired by the observation that prompt optimization significantly affects the performance of zero-shot re-rankers, yet existing methods lack a systematic approach to this optimization.",
            "opinion": "The proposed idea, Constrained Prompt generation (Co-Prompt), aims to optimize prompts for LLMs without requiring parameter updates, thereby enhancing re-ranking performance.",
            "innovation": "The key innovation of Co-Prompt lies in its ability to guide the generation of optimal prompts based on a specific metric, distinguishing it from traditional prompt optimization methods."
        },
        "method": {
            "method name": "Constrained Prompt generation",
            "method abbreviation": "Co-Prompt",
            "method definition": "Co-Prompt is a novel discrete prompt optimization method that guides the generation of prompts from a pre-trained language model toward optimal prompts based on a defined metric.",
            "method description": "Co-Prompt optimizes prompts for zero-shot re-ranking by utilizing a metric to estimate the optimum without any parameter updates.",
            "method steps": "1. Identify the relevant metric for re-ranking. 2. Generate initial prompts using the LLM. 3. Apply the Co-Prompt method to refine these prompts toward optimality based on the metric.",
            "principle": "The effectiveness of Co-Prompt in solving the problem is based on its ability to leverage the metric to guide prompt generation, ensuring that the prompts align closely with the desired relevance outcomes."
        },
        "experiments": {
            "evaluation setting": "The experimental setup involved comparing Co-Prompt against baseline methods in a zero-shot re-ranking context, utilizing relevant datasets for evaluation.",
            "evaluation method": "The performance of Co-Prompt was assessed through metrics that measure the relevance of the re-ranked documents, analyzing the results against baseline methods."
        },
        "conclusion": "The experimental results demonstrate that Co-Prompt significantly enhances re-ranking performance compared to baseline methods and produces more interpretable prompts for human users.",
        "discussion": {
            "advantage": "Co-Prompt offers the advantage of optimizing prompts without requiring parameter updates, leading to improved performance and interpretability.",
            "limitation": "A limitation of the method may include its dependence on the quality of the initial prompts generated by the LLM, which could affect the overall optimization process.",
            "future work": "Future research could explore further refinements to the Co-Prompt method, investigate its applicability across different datasets, and assess its scalability in various information retrieval tasks."
        },
        "other info": {}
    },
    "mount_outline": [
        {
            "section number": "1.1",
            "key information": "The reliance on large-scale language models (LLMs) as zero-shot re-rankers has shown excellent results in enhancing the relevance scoring of retrieved documents."
        },
        {
            "section number": "1.2",
            "key information": "The purpose of this paper is to address the optimization of prompts for zero-shot re-ranking using large-scale language models, which is crucial for improving information retrieval systems."
        },
        {
            "section number": "2.2",
            "key information": "The main challenge in traditional information retrieval methods lies in the dependency of LLMs on prompt optimization, which has not been effectively explored or implemented."
        },
        {
            "section number": "3.1",
            "key information": "Large language models (LLMs) are utilized as zero-shot re-rankers to order retrieved documents based on their relevance scores to a given query."
        },
        {
            "section number": "4.1",
            "key information": "The proposed method, Constrained Prompt generation (Co-Prompt), is an innovative discrete prompt optimization method that guides the generation of prompts from a pre-trained language model toward optimal prompts."
        },
        {
            "section number": "5.1",
            "key information": "Co-Prompt enhances the understanding of user queries by optimizing prompts without requiring parameter updates, leading to improved re-ranking performance."
        },
        {
            "section number": "7.1",
            "key information": "Future research could explore further refinements to the Co-Prompt method and assess its scalability in various information retrieval tasks."
        }
    ],
    "similarity_score": null,
    "image": null,
    "path": "/home/liudingyuan/code/SurveyX/code/SurveyX-main/outputs/t10a/papers/Discrete prompt optimization via constrained generation for zero-shot re-ranker.json"
}