{
    "from": null,
    "scholar_id": null,
    "detail_id": null,
    "title": "Emergent abilities of large language models",
    "abstract": "Scaling up language models has been shown to predictably improve performance and sample efficiency on a wide range of downstream tasks. This paper instead discusses an unpredictable phenomenon that we refer to as emergent abilities of large language models. We consider an ability to be emergent if it is not present in smaller models but is present in larger models. Thus, emergent abilities cannot be predicted simply by extrapolating the performance of smaller models. The existence of such emergence implies that additional scaling could further expand the range of capabilities of language models.",
    "arxivid": "2206.07682v2",
    "bib_name": "Emergentab19",
    "md_text": "# Emergent abilities of large language models\n\n\nabstract\n\nScaling up language models has been shown to predictably improve performance and sample efficiency on a wide range of downstream tasks. This paper instead discusses an unpredictable phenomenon that we refer to as emergent abilities of large language models. We consider an ability to be emergent if it is not present in smaller models but is present in larger models. Thus, emergent abilities cannot be predicted simply by extrapolating the performance of smaller models. The existence of such emergence implies that additional scaling could further expand the range of capabilities of language models.",
    "paper_type": "theory",
    "attri": {
        "background": "This paper addresses the unpredictable phenomenon of emergent abilities in large language models, which are capabilities that appear only when models reach a certain scale.",
        "problem": {
            "definition": "The problem is the inability to predict the emergence of certain abilities in large language models based solely on the performance of smaller models.",
            "key obstacle": "The main challenge is understanding why certain capabilities emerge only at larger scales and how to anticipate these emergent abilities."
        },
        "idea": {
            "intuition": "The idea was inspired by observations that larger models exhibit capabilities that smaller models do not, indicating a non-linear relationship between model size and performance.",
            "opinion": "The authors propose that emergent abilities are significant and warrant further investigation into the scaling of language models.",
            "innovation": "The primary improvement over previous methods is the focus on the unpredictability of emergent abilities rather than solely on performance metrics."
        },
        "Theory": {
            "perspective": "The perspective of the theory is that model scaling introduces complexities that can lead to unexpected capabilities, which are not linearly related to the size of the model.",
            "opinion": "The view is that current theoretical frameworks may not adequately account for the emergence of new abilities as models scale.",
            "proof": "The paper discusses the implications of emergent abilities but does not provide formal proofs; it relies on empirical observations."
        },
        "experiments": {
            "evaluation setting": "The evaluation includes comparisons between various sizes of language models to identify emergent abilities.",
            "evaluation method": "Specific evaluation steps involve analyzing the performance of larger models on tasks where smaller models fail."
        },
        "conclusion": "The conclusion is that emergent abilities in large language models suggest that further scaling could yield even more capabilities, which are not predictable from smaller models.",
        "discussion": {
            "advantage": "The advantages of this paper include highlighting the importance of emergent abilities and encouraging research into model scaling.",
            "limitation": "A limitation is the lack of a clear framework for predicting which abilities will emerge at larger scales.",
            "future work": "Future work could explore the mechanisms behind emergent abilities and develop theoretical models to predict their occurrence."
        },
        "other info": []
    },
    "mount_outline": [
        {
            "section number": "1.1",
            "key information": "The paper addresses the unpredictable phenomenon of emergent abilities in large language models, which are capabilities that appear only when models reach a certain scale."
        },
        {
            "section number": "1.2",
            "key information": "The authors propose that emergent abilities are significant and warrant further investigation into the scaling of language models."
        },
        {
            "section number": "3.1",
            "key information": "The problem is the inability to predict the emergence of certain abilities in large language models based solely on the performance of smaller models."
        },
        {
            "section number": "3.4",
            "key information": "The perspective of the theory is that model scaling introduces complexities that can lead to unexpected capabilities, which are not linearly related to the size of the model."
        },
        {
            "section number": "5.1",
            "key information": "The conclusion is that emergent abilities in large language models suggest that further scaling could yield even more capabilities, which are not predictable from smaller models."
        },
        {
            "section number": "7.1",
            "key information": "A limitation is the lack of a clear framework for predicting which abilities will emerge at larger scales."
        },
        {
            "section number": "7.3",
            "key information": "Future work could explore the mechanisms behind emergent abilities and develop theoretical models to predict their occurrence."
        }
    ],
    "similarity_score": null,
    "image": null,
    "path": "/home/liudingyuan/code/SurveyX/code/SurveyX-main/outputs/t10a/papers/Emergent abilities of large language models.json"
}